{"directed": false, "graph": {}, "nodes": [{"group": 0, "id": "abstainer", "degree": 2}, {"group": 1, "id": "abstain"}, {"group": 2, "id": "absorbing", "degree": 5}, {"group": 3, "id": "abbreviation"}, {"group": 3, "id": "abatement", "degree": 24}, {"group": 2, "id": "abstruse", "degree": 23}, {"group": 4, "id": "abundant"}, {"group": 3, "id": "abbreviate", "degree": 27}, {"group": 4, "id": "abbess", "degree": 0}, {"group": 5, "id": "abstention"}, {"group": 0, "id": "abstemious", "degree": 9}, {"group": 6, "id": "abatis", "degree": 2}, {"group": 6, "id": "absorption"}, {"group": 1, "id": "abjure", "degree": 19}, {"group": 6, "id": "abulia"}, {"group": 7, "id": "abhorrent"}, {"group": 7, "id": "abiding", "degree": 3}, {"group": 5, "id": "absence"}, {"group": 7, "id": "abode"}, {"group": 5, "id": "absolutism"}, {"group": 7, "id": "abashed"}, {"group": 6, "id": "abrasion", "degree": 23}, {"group": 8, "id": "abound", "degree": 1}, {"group": 1, "id": "abduction"}, {"group": 1, "id": "absolve"}, {"group": 6, "id": "absentmindedness"}, {"group": 1, "id": "abjection", "degree": 7}, {"group": 2, "id": "abbreviated", "degree": 21}, {"group": 2, "id": "abstracted"}, {"group": 7, "id": "absolutely", "degree": 7}, {"group": 3, "id": "abridge"}, {"group": 7, "id": "abnormal", "degree": 12}, {"group": 7, "id": "ablaze", "degree": 8}, {"group": 7, "id": "abominable", "degree": 16}, {"group": 7, "id": "absurdity", "degree": 3}, {"group": 5, "id": "abdication", "degree": 12}, {"group": 7, "id": "aboveboard", "degree": 1}, {"group": 7, "id": "aberration"}, {"group": 1, "id": "abide"}, {"group": 6, "id": "abrade"}, {"group": 7, "id": "above"}, {"group": 5, "id": "ability", "degree": 13}, {"group": 1, "id": "abscond"}, {"group": 4, "id": "abecedarian", "degree": 8}, {"group": 5, "id": "abjuration", "degree": 12}, {"group": 4, "id": "aboriginal", "degree": 3}, {"group": 1, "id": "abate"}, {"group": 7, "id": "abroad"}, {"group": 2, "id": "abruptly", "degree": 3}, {"group": 2, "id": "about"}, {"group": 3, "id": "abasement"}, {"group": 5, "id": "abstinence", "degree": 7}, {"group": 5, "id": "abolition", "degree": 14}, {"group": 3, "id": "abet"}, {"group": 5, "id": "abeyance"}, {"group": 7, "id": "abortive", "degree": 1}, {"group": 7, "id": "abusive"}, {"group": 3, "id": "abash"}, {"group": 1, "id": "abrogate", "degree": 15}, {"group": 7, "id": "aberrant", "degree": 12}, {"group": 1, "id": "absolution", "degree": 8}, {"group": 3, "id": "abase", "degree": 14}, {"group": 4, "id": "aborigine"}, {"group": 6, "id": "ablate", "degree": 14}, {"group": 6, "id": "absorbent", "degree": 7}, {"group": 2, "id": "abridged", "degree": 18}, {"group": 5, "id": "abrogation", "degree": 14}, {"group": 7, "id": "abject"}, {"group": 8, "id": "abundance"}, {"group": 6, "id": "absent"}, {"group": 7, "id": "abandoned"}, {"group": 5, "id": "abnegation", "degree": 8}, {"group": 2, "id": "abrupt"}, {"group": 1, "id": "abandon", "degree": 33}, {"group": 3, "id": "abstract"}, {"group": 7, "id": "abomination"}, {"group": 1, "id": "abort", "degree": 13}, {"group": 0, "id": "abbot"}, {"group": 7, "id": "absolute", "degree": 31}, {"group": 6, "id": "abyss"}, {"group": 2, "id": "abysmal", "degree": 7}, {"group": 2, "id": "able"}, {"group": 1, "id": "abolish", "degree": 12}, {"group": 6, "id": "ably", "degree": 1}, {"group": 2, "id": "absorbed"}, {"group": 6, "id": "abrasive", "degree": 9}, {"group": 6, "id": "abstraction", "degree": 20}, {"group": 1, "id": "abdicate", "degree": 12}, {"group": 6, "id": "abscess", "degree": 6}, {"group": 6, "id": "absorb"}, {"group": 3, "id": "abdomen", "degree": 4}, {"group": 9, "id": "abut", "degree": 0}, {"group": 7, "id": "abuse", "degree": 24}, {"group": 3, "id": "abridgment", "degree": 17}, {"group": 7, "id": "abnormality"}, {"group": 6, "id": "ablation"}, {"group": 6, "id": "ablution"}, {"group": 1, "id": "absquatulate", "degree": 7}, {"group": 7, "id": "absurd"}, {"group": 1, "id": "abhor", "degree": 1}], "links": [{"source": 0, "target": 10, "weight": 0.04}, {"source": 0, "target": 77, "weight": 0.166667}, {"source": 1, "target": 41, "weight": 0.009709}, {"source": 1, "target": 10, "weight": 0.016949}, {"source": 1, "target": 7, "weight": 0.012658}, {"source": 1, "target": 13, "weight": 0.045455}, {"source": 1, "target": 82, "weight": 0.018868}, {"source": 1, "target": 76, "weight": 0.046512}, {"source": 1, "target": 63, "weight": 0.01087}, {"source": 1, "target": 73, "weight": 0.029586}, {"source": 1, "target": 58, "weight": 0.020833}, {"source": 1, "target": 87, "weight": 0.055556}, {"source": 2, "target": 79, "weight": 0.009901}, {"source": 2, "target": 80, "weight": 0.018182}, {"source": 2, "target": 72, "weight": 0.011628}, {"source": 2, "target": 74, "weight": 0.009132}, {"source": 2, "target": 84, "weight": 0.017544}, {"source": 2, "target": 5, "weight": 0.021053}, {"source": 2, "target": 32, "weight": 0.01087}, {"source": 2, "target": 78, "weight": 0.002967}, {"source": 2, "target": 48, "weight": 0.021277}, {"source": 3, "target": 85, "weight": 0.012048}, {"source": 3, "target": 27, "weight": 0.030928}, {"source": 3, "target": 86, "weight": 0.011364}, {"source": 3, "target": 7, "weight": 0.025641}, {"source": 3, "target": 65, "weight": 0.030928}, {"source": 3, "target": 66, "weight": 0.011236}, {"source": 3, "target": 21, "weight": 0.008}, {"source": 3, "target": 4, "weight": 0.032787}, {"source": 3, "target": 63, "weight": 0.015267}, {"source": 3, "target": 52, "weight": 0.022989}, {"source": 3, "target": 5, "weight": 0.007634}, {"source": 3, "target": 93, "weight": 0.348837}, {"source": 4, "target": 27, "weight": 0.009346}, {"source": 4, "target": 7, "weight": 0.015873}, {"source": 4, "target": 30, "weight": 0.014388}, {"source": 4, "target": 56, "weight": 0.007937}, {"source": 4, "target": 53, "weight": 0.018519}, {"source": 4, "target": 60, "weight": 0.010989}, {"source": 4, "target": 88, "weight": 0.006849}, {"source": 4, "target": 12, "weight": 0.015748}, {"source": 4, "target": 13, "weight": 0.007194}, {"source": 4, "target": 14, "weight": 0.009901}, {"source": 4, "target": 54, "weight": 0.017857}, {"source": 4, "target": 17, "weight": 0.009346}, {"source": 4, "target": 63, "weight": 0.007143}, {"source": 4, "target": 39, "weight": 0.01087}, {"source": 4, "target": 74, "weight": 0.015385}, {"source": 4, "target": 85, "weight": 0.010989}, {"source": 4, "target": 86, "weight": 0.016393}, {"source": 4, "target": 41, "weight": 0.006623}, {"source": 4, "target": 65, "weight": 0.009346}, {"source": 4, "target": 79, "weight": 0.006944}, {"source": 4, "target": 21, "weight": 0.022901}, {"source": 4, "target": 92, "weight": 0.004651}, {"source": 4, "target": 46, "weight": 0.029268}, {"source": 4, "target": 93, "weight": 0.192308}, {"source": 4, "target": 68, "weight": 0.006536}, {"source": 4, "target": 50, "weight": 0.037975}, {"source": 4, "target": 95, "weight": 0.051282}, {"source": 4, "target": 73, "weight": 0.009091}, {"source": 5, "target": 27, "weight": 0.00885}, {"source": 5, "target": 7, "weight": 0.007519}, {"source": 5, "target": 30, "weight": 0.006849}, {"source": 5, "target": 74, "weight": 0.034483}, {"source": 5, "target": 31, "weight": 0.005464}, {"source": 5, "target": 76, "weight": 0.010204}, {"source": 5, "target": 33, "weight": 0.013825}, {"source": 5, "target": 59, "weight": 0.005682}, {"source": 5, "target": 78, "weight": 0.010444}, {"source": 5, "target": 79, "weight": 0.006667}, {"source": 5, "target": 10, "weight": 0.00885}, {"source": 5, "target": 80, "weight": 0.009615}, {"source": 5, "target": 81, "weight": 0.017391}, {"source": 5, "target": 16, "weight": 0.007519}, {"source": 5, "target": 84, "weight": 0.019048}, {"source": 5, "target": 39, "weight": 0.005236}, {"source": 5, "target": 40, "weight": 0.007576}, {"source": 5, "target": 86, "weight": 0.005236}, {"source": 5, "target": 65, "weight": 0.00885}, {"source": 5, "target": 43, "weight": 0.00641}, {"source": 5, "target": 92, "weight": 0.004525}, {"source": 5, "target": 46, "weight": 0.00463}, {"source": 5, "target": 67, "weight": 0.006061}, {"source": 5, "target": 93, "weight": 0.007752}, {"source": 5, "target": 49, "weight": 0.020408}, {"source": 5, "target": 70, "weight": 0.003584}, {"source": 5, "target": 72, "weight": 0.030303}, {"source": 6, "target": 80, "weight": 0.010526}, {"source": 6, "target": 31, "weight": 0.005747}, {"source": 6, "target": 43, "weight": 0.006803}, {"source": 6, "target": 45, "weight": 0.016807}, {"source": 6, "target": 32, "weight": 0.007576}, {"source": 6, "target": 59, "weight": 0.005988}, {"source": 6, "target": 78, "weight": 0.005319}, {"source": 7, "target": 27, "weight": 0.030303}, {"source": 7, "target": 28, "weight": 0.009709}, {"source": 7, "target": 30, "weight": 0.516854}, {"source": 7, "target": 74, "weight": 0.141593}, {"source": 7, "target": 66, "weight": 0.010989}, {"source": 7, "target": 57, "weight": 0.010989}, {"source": 7, "target": 76, "weight": 0.011628}, {"source": 7, "target": 58, "weight": 0.034091}, {"source": 7, "target": 61, "weight": 0.012987}, {"source": 7, "target": 79, "weight": 0.022059}, {"source": 7, "target": 10, "weight": 0.009901}, {"source": 7, "target": 82, "weight": 0.043478}, {"source": 7, "target": 17, "weight": 0.02}, {"source": 7, "target": 63, "weight": 0.015038}, {"source": 7, "target": 39, "weight": 0.052632}, {"source": 7, "target": 86, "weight": 0.005587}, {"source": 7, "target": 41, "weight": 0.006897}, {"source": 7, "target": 65, "weight": 0.030303}, {"source": 7, "target": 90, "weight": 0.009901}, {"source": 7, "target": 21, "weight": 0.015873}, {"source": 7, "target": 46, "weight": 0.051282}, {"source": 7, "target": 93, "weight": 0.017241}, {"source": 7, "target": 95, "weight": 0.008621}, {"source": 7, "target": 24, "weight": 0.011494}, {"source": 7, "target": 52, "weight": 0.011111}, {"source": 7, "target": 73, "weight": 0.014085}, {"source": 8, "target": 43, "weight": 0.021277}, {"source": 9, "target": 35, "weight": 0.038462}, {"source": 9, "target": 51, "weight": 0.229167}, {"source": 9, "target": 71, "weight": 0.046154}, {"source": 10, "target": 77, "weight": 0.040816}, {"source": 10, "target": 74, "weight": 0.004219}, {"source": 10, "target": 13, "weight": 0.00885}, {"source": 10, "target": 24, "weight": 0.014925}, {"source": 10, "target": 17, "weight": 0.012346}, {"source": 10, "target": 39, "weight": 0.006289}, {"source": 10, "target": 46, "weight": 0.010929}, {"source": 10, "target": 73, "weight": 0.005128}, {"source": 10, "target": 67, "weight": 0.030769}, {"source": 10, "target": 33, "weight": 0.021739}, {"source": 10, "target": 98, "weight": 0.007042}, {"source": 10, "target": 60, "weight": 0.015385}, {"source": 10, "target": 78, "weight": 0.002825}, {"source": 11, "target": 12, "weight": 0.010989}, {"source": 11, "target": 79, "weight": 0.009346}, {"source": 12, "target": 85, "weight": 0.035714}, {"source": 12, "target": 86, "weight": 0.138365}, {"source": 12, "target": 90, "weight": 0.009804}, {"source": 12, "target": 21, "weight": 0.032}, {"source": 12, "target": 92, "weight": 0.004762}, {"source": 12, "target": 73, "weight": 0.00463}, {"source": 12, "target": 63, "weight": 0.014925}, {"source": 12, "target": 64, "weight": 0.190476}, {"source": 13, "target": 54, "weight": 0.008403}, {"source": 13, "target": 74, "weight": 0.007463}, {"source": 13, "target": 57, "weight": 0.009709}, {"source": 13, "target": 76, "weight": 0.087912}, {"source": 13, "target": 58, "weight": 0.084211}, {"source": 13, "target": 61, "weight": 0.011236}, {"source": 13, "target": 35, "weight": 0.012048}, {"source": 13, "target": 38, "weight": 0.007353}, {"source": 13, "target": 82, "weight": 0.08}, {"source": 13, "target": 63, "weight": 0.020833}, {"source": 13, "target": 39, "weight": 0.005236}, {"source": 13, "target": 87, "weight": 0.164557}, {"source": 13, "target": 42, "weight": 0.042553}, {"source": 13, "target": 89, "weight": 0.006711}, {"source": 13, "target": 44, "weight": 0.05042}, {"source": 13, "target": 92, "weight": 0.004525}, {"source": 13, "target": 46, "weight": 0.023585}, {"source": 13, "target": 68, "weight": 0.006289}, {"source": 13, "target": 50, "weight": 0.011494}, {"source": 13, "target": 24, "weight": 0.041667}, {"source": 13, "target": 73, "weight": 0.151515}, {"source": 13, "target": 25, "weight": 0.009524}, {"source": 13, "target": 99, "weight": 0.037975}, {"source": 13, "target": 26, "weight": 0.0125}, {"source": 14, "target": 35, "weight": 0.022222}, {"source": 14, "target": 86, "weight": 0.175573}, {"source": 14, "target": 66, "weight": 0.015385}, {"source": 14, "target": 44, "weight": 0.011628}, {"source": 14, "target": 21, "weight": 0.009901}, {"source": 14, "target": 52, "weight": 0.015625}, {"source": 14, "target": 73, "weight": 0.010638}, {"source": 14, "target": 93, "weight": 0.010989}, {"source": 15, "target": 33, "weight": 0.238994}, {"source": 15, "target": 92, "weight": 0.005051}, {"source": 15, "target": 31, "weight": 0.00625}, {"source": 15, "target": 59, "weight": 0.006536}, {"source": 15, "target": 78, "weight": 0.005525}, {"source": 16, "target": 18, "weight": 0.032258}, {"source": 16, "target": 70, "weight": 0.007519}, {"source": 16, "target": 62, "weight": 0.013514}, {"source": 16, "target": 32, "weight": 0.007752}, {"source": 16, "target": 78, "weight": 0.008065}, {"source": 17, "target": 27, "weight": 0.012346}, {"source": 17, "target": 87, "weight": 0.016949}, {"source": 17, "target": 65, "weight": 0.012346}, {"source": 17, "target": 66, "weight": 0.014085}, {"source": 17, "target": 71, "weight": 0.021978}, {"source": 17, "target": 82, "weight": 0.013333}, {"source": 17, "target": 21, "weight": 0.009346}, {"source": 17, "target": 52, "weight": 0.028986}, {"source": 17, "target": 73, "weight": 0.010309}, {"source": 17, "target": 58, "weight": 0.014286}, {"source": 17, "target": 93, "weight": 0.020833}, {"source": 17, "target": 34, "weight": 0.009615}, {"source": 18, "target": 32, "weight": 0.009709}, {"source": 19, "target": 29, "weight": 0.01}, {"source": 19, "target": 51, "weight": 0.029851}, {"source": 19, "target": 41, "weight": 0.037383}, {"source": 19, "target": 71, "weight": 0.026316}, {"source": 19, "target": 78, "weight": 0.00295}, {"source": 20, "target": 31, "weight": 0.013605}, {"source": 20, "target": 59, "weight": 0.021583}, {"source": 21, "target": 27, "weight": 0.009346}, {"source": 21, "target": 30, "weight": 0.014388}, {"source": 21, "target": 74, "weight": 0.007634}, {"source": 21, "target": 75, "weight": 0.014599}, {"source": 21, "target": 76, "weight": 0.021978}, {"source": 21, "target": 38, "weight": 0.015504}, {"source": 21, "target": 78, "weight": 0.002632}, {"source": 21, "target": 88, "weight": 0.020833}, {"source": 21, "target": 54, "weight": 0.00885}, {"source": 21, "target": 63, "weight": 0.06015}, {"source": 21, "target": 39, "weight": 0.2}, {"source": 21, "target": 85, "weight": 0.243243}, {"source": 21, "target": 86, "weight": 0.033333}, {"source": 21, "target": 65, "weight": 0.009346}, {"source": 21, "target": 42, "weight": 0.022222}, {"source": 21, "target": 92, "weight": 0.014085}, {"source": 21, "target": 46, "weight": 0.009569}, {"source": 21, "target": 93, "weight": 0.016393}, {"source": 21, "target": 79, "weight": 0.066176}, {"source": 21, "target": 95, "weight": 0.255102}, {"source": 21, "target": 96, "weight": 0.025316}, {"source": 21, "target": 97, "weight": 0.012346}, {"source": 21, "target": 73, "weight": 0.013699}, {"source": 21, "target": 25, "weight": 0.010101}, {"source": 22, "target": 68, "weight": 0.053191}, {"source": 23, "target": 73, "weight": 0.005952}, {"source": 23, "target": 88, "weight": 0.010753}, {"source": 23, "target": 76, "weight": 0.025641}, {"source": 24, "target": 66, "weight": 0.017544}, {"source": 24, "target": 44, "weight": 0.012821}, {"source": 24, "target": 82, "weight": 0.033333}, {"source": 24, "target": 76, "weight": 0.019231}, {"source": 24, "target": 52, "weight": 0.036364}, {"source": 24, "target": 73, "weight": 0.01676}, {"source": 24, "target": 58, "weight": 0.055556}, {"source": 24, "target": 60, "weight": 0.083333}, {"source": 24, "target": 78, "weight": 0.002941}, {"source": 25, "target": 86, "weight": 0.109489}, {"source": 25, "target": 44, "weight": 0.011905}, {"source": 25, "target": 71, "weight": 0.011905}, {"source": 25, "target": 73, "weight": 0.021739}, {"source": 25, "target": 60, "weight": 0.017544}, {"source": 25, "target": 64, "weight": 0.022222}, {"source": 26, "target": 50, "weight": 0.045455}, {"source": 26, "target": 42, "weight": 0.03125}, {"source": 26, "target": 95, "weight": 0.015873}, {"source": 26, "target": 75, "weight": 0.012658}, {"source": 26, "target": 76, "weight": 0.030303}, {"source": 26, "target": 73, "weight": 0.044872}, {"source": 27, "target": 69, "weight": 0.013158}, {"source": 27, "target": 49, "weight": 0.014925}, {"source": 27, "target": 65, "weight": 0.952381}, {"source": 27, "target": 28, "weight": 0.253731}, {"source": 27, "target": 30, "weight": 0.036036}, {"source": 27, "target": 74, "weight": 0.021459}, {"source": 27, "target": 79, "weight": 0.008475}, {"source": 27, "target": 76, "weight": 0.015152}, {"source": 27, "target": 72, "weight": 0.04}, {"source": 27, "target": 39, "weight": 0.006289}, {"source": 27, "target": 46, "weight": 0.005435}, {"source": 27, "target": 73, "weight": 0.005128}, {"source": 27, "target": 84, "weight": 0.013514}, {"source": 27, "target": 93, "weight": 0.031579}, {"source": 27, "target": 48, "weight": 0.015625}, {"source": 28, "target": 86, "weight": 0.031847}, {"source": 28, "target": 65, "weight": 0.253731}, {"source": 28, "target": 93, "weight": 0.010101}, {"source": 29, "target": 49, "weight": 0.009901}, {"source": 29, "target": 36, "weight": 0.024096}, {"source": 29, "target": 37, "weight": 0.005682}, {"source": 29, "target": 72, "weight": 0.007299}, {"source": 29, "target": 40, "weight": 0.007463}, {"source": 29, "target": 47, "weight": 0.007692}, {"source": 29, "target": 78, "weight": 0.026385}, {"source": 30, "target": 86, "weight": 0.005208}, {"source": 30, "target": 65, "weight": 0.036036}, {"source": 30, "target": 76, "weight": 0.010101}, {"source": 30, "target": 93, "weight": 0.056452}, {"source": 30, "target": 66, "weight": 0.009615}, {"source": 30, "target": 90, "weight": 0.008772}, {"source": 30, "target": 82, "weight": 0.038095}, {"source": 30, "target": 92, "weight": 0.018265}, {"source": 30, "target": 63, "weight": 0.049645}, {"source": 30, "target": 52, "weight": 0.009709}, {"source": 30, "target": 73, "weight": 0.013274}, {"source": 30, "target": 58, "weight": 0.029703}, {"source": 30, "target": 61, "weight": 0.045977}, {"source": 30, "target": 41, "weight": 0.006329}, {"source": 31, "target": 70, "weight": 0.006329}, {"source": 31, "target": 37, "weight": 0.014286}, {"source": 31, "target": 81, "weight": 0.006494}, {"source": 31, "target": 56, "weight": 0.011834}, {"source": 31, "target": 75, "weight": 0.01105}, {"source": 31, "target": 59, "weight": 0.279762}, {"source": 31, "target": 92, "weight": 0.003861}, {"source": 31, "target": 98, "weight": 0.157609}, {"source": 31, "target": 67, "weight": 0.014925}, {"source": 31, "target": 33, "weight": 0.121739}, {"source": 31, "target": 47, "weight": 0.037267}, {"source": 31, "target": 78, "weight": 0.009501}, {"source": 32, "target": 70, "weight": 0.069767}, {"source": 32, "target": 38, "weight": 0.007576}, {"source": 32, "target": 72, "weight": 0.007634}, {"source": 32, "target": 67, "weight": 0.006211}, {"source": 32, "target": 33, "weight": 0.004651}, {"source": 32, "target": 78, "weight": 0.002618}, {"source": 33, "target": 70, "weight": 0.026087}, {"source": 33, "target": 80, "weight": 0.011299}, {"source": 33, "target": 37, "weight": 0.004032}, {"source": 33, "target": 56, "weight": 0.045455}, {"source": 33, "target": 75, "weight": 0.013889}, {"source": 33, "target": 59, "weight": 0.130631}, {"source": 33, "target": 92, "weight": 0.006803}, {"source": 33, "target": 72, "weight": 0.009615}, {"source": 33, "target": 98, "weight": 0.012195}, {"source": 33, "target": 67, "weight": 0.243523}, {"source": 33, "target": 47, "weight": 0.015}, {"source": 33, "target": 78, "weight": 0.013187}, {"source": 34, "target": 94, "weight": 0.045113}, {"source": 34, "target": 37, "weight": 0.050633}, {"source": 35, "target": 86, "weight": 0.007752}, {"source": 35, "target": 87, "weight": 0.034483}, {"source": 35, "target": 51, "weight": 0.018868}, {"source": 35, "target": 66, "weight": 0.105263}, {"source": 35, "target": 44, "weight": 0.145455}, {"source": 35, "target": 54, "weight": 0.09434}, {"source": 35, "target": 71, "weight": 0.016129}, {"source": 35, "target": 52, "weight": 0.051282}, {"source": 35, "target": 73, "weight": 0.006061}, {"source": 36, "target": 70, "weight": 0.00463}, {"source": 36, "target": 78, "weight": 0.015674}, {"source": 37, "target": 86, "weight": 0.013761}, {"source": 37, "target": 44, "weight": 0.006536}, {"source": 37, "target": 71, "weight": 0.006536}, {"source": 37, "target": 92, "weight": 0.020325}, {"source": 37, "target": 73, "weight": 0.007843}, {"source": 37, "target": 59, "weight": 0.040404}, {"source": 37, "target": 78, "weight": 0.00241}, {"source": 38, "target": 85, "weight": 0.011364}, {"source": 38, "target": 51, "weight": 0.009434}, {"source": 38, "target": 90, "weight": 0.009615}, {"source": 38, "target": 71, "weight": 0.008696}, {"source": 38, "target": 97, "weight": 0.012821}, {"source": 38, "target": 76, "weight": 0.022727}, {"source": 38, "target": 63, "weight": 0.014706}, {"source": 38, "target": 73, "weight": 0.009217}, {"source": 39, "target": 88, "weight": 0.005051}, {"source": 39, "target": 86, "weight": 0.004219}, {"source": 39, "target": 65, "weight": 0.006289}, {"source": 39, "target": 85, "weight": 0.043478}, {"source": 39, "target": 76, "weight": 0.013986}, {"source": 39, "target": 82, "weight": 0.019868}, {"source": 39, "target": 97, "weight": 0.015152}, {"source": 39, "target": 92, "weight": 0.034749}, {"source": 39, "target": 63, "weight": 0.20625}, {"source": 39, "target": 73, "weight": 0.018587}, {"source": 39, "target": 58, "weight": 0.013605}, {"source": 39, "target": 93, "weight": 0.005714}, {"source": 39, "target": 61, "weight": 0.022556}, {"source": 40, "target": 78, "weight": 0.016304}, {"source": 41, "target": 68, "weight": 0.005848}, {"source": 41, "target": 94, "weight": 0.006289}, {"source": 41, "target": 50, "weight": 0.010101}, {"source": 41, "target": 89, "weight": 0.0125}, {"source": 41, "target": 51, "weight": 0.007874}, {"source": 41, "target": 71, "weight": 0.007353}, {"source": 41, "target": 43, "weight": 0.005952}, {"source": 41, "target": 46, "weight": 0.008811}, {"source": 41, "target": 74, "weight": 0.003559}, {"source": 41, "target": 60, "weight": 0.009174}, {"source": 41, "target": 61, "weight": 0.009901}, {"source": 42, "target": 87, "weight": 0.073171}, {"source": 42, "target": 82, "weight": 0.034483}, {"source": 42, "target": 97, "weight": 0.37931}, {"source": 42, "target": 76, "weight": 0.040816}, {"source": 42, "target": 73, "weight": 0.071429}, {"source": 42, "target": 58, "weight": 0.037736}, {"source": 43, "target": 53, "weight": 0.007937}, {"source": 43, "target": 89, "weight": 0.00625}, {"source": 43, "target": 62, "weight": 0.020833}, {"source": 43, "target": 45, "weight": 0.305556}, {"source": 44, "target": 86, "weight": 0.005882}, {"source": 44, "target": 87, "weight": 0.014286}, {"source": 44, "target": 66, "weight": 0.296875}, {"source": 44, "target": 54, "weight": 0.087912}, {"source": 44, "target": 71, "weight": 0.094737}, {"source": 44, "target": 94, "weight": 0.007937}, {"source": 44, "target": 52, "weight": 0.123288}, {"source": 44, "target": 73, "weight": 0.014706}, {"source": 44, "target": 60, "weight": 0.026667}, {"source": 45, "target": 94, "weight": 0.007634}, {"source": 45, "target": 62, "weight": 0.059701}, {"source": 45, "target": 78, "weight": 0.00542}, {"source": 46, "target": 85, "weight": 0.005952}, {"source": 46, "target": 86, "weight": 0.003817}, {"source": 46, "target": 65, "weight": 0.005435}, {"source": 46, "target": 93, "weight": 0.005}, {"source": 46, "target": 87, "weight": 0.006173}, {"source": 46, "target": 71, "weight": 0.005128}, {"source": 46, "target": 82, "weight": 0.078313}, {"source": 46, "target": 92, "weight": 0.017361}, {"source": 46, "target": 63, "weight": 0.147368}, {"source": 46, "target": 73, "weight": 0.023973}, {"source": 46, "target": 58, "weight": 0.060976}, {"source": 46, "target": 61, "weight": 0.012579}, {"source": 46, "target": 51, "weight": 0.005376}, {"source": 47, "target": 92, "weight": 0.009852}, {"source": 47, "target": 59, "weight": 0.25}, {"source": 47, "target": 78, "weight": 0.00271}, {"source": 48, "target": 72, "weight": 0.048193}, {"source": 48, "target": 65, "weight": 0.015625}, {"source": 49, "target": 65, "weight": 0.014925}, {"source": 49, "target": 76, "weight": 0.019231}, {"source": 49, "target": 78, "weight": 0.0059}, {"source": 50, "target": 51, "weight": 0.017544}, {"source": 50, "target": 73, "weight": 0.011905}, {"source": 50, "target": 61, "weight": 0.103448}, {"source": 50, "target": 93, "weight": 0.028571}, {"source": 51, "target": 71, "weight": 0.338028}, {"source": 51, "target": 70, "weight": 0.004016}, {"source": 52, "target": 86, "weight": 0.006757}, {"source": 52, "target": 71, "weight": 0.025}, {"source": 52, "target": 74, "weight": 0.004425}, {"source": 52, "target": 66, "weight": 0.418605}, {"source": 52, "target": 76, "weight": 0.018182}, {"source": 52, "target": 54, "weight": 0.040541}, {"source": 52, "target": 73, "weight": 0.005435}, {"source": 52, "target": 58, "weight": 0.071429}, {"source": 52, "target": 82, "weight": 0.065574}, {"source": 52, "target": 93, "weight": 0.011628}, {"source": 53, "target": 73, "weight": 0.005076}, {"source": 54, "target": 86, "weight": 0.012195}, {"source": 54, "target": 87, "weight": 0.015385}, {"source": 54, "target": 66, "weight": 0.068493}, {"source": 54, "target": 71, "weight": 0.020619}, {"source": 54, "target": 76, "weight": 0.013889}, {"source": 54, "target": 73, "weight": 0.015075}, {"source": 54, "target": 63, "weight": 0.008333}, {"source": 54, "target": 60, "weight": 0.014085}, {"source": 54, "target": 93, "weight": 0.009709}, {"source": 55, "target": 98, "weight": 0.016393}, {"source": 56, "target": 92, "weight": 0.014563}, {"source": 56, "target": 59, "weight": 0.012346}, {"source": 56, "target": 93, "weight": 0.008621}, {"source": 57, "target": 92, "weight": 0.005587}, {"source": 57, "target": 63, "weight": 0.009615}, {"source": 57, "target": 73, "weight": 0.005405}, {"source": 57, "target": 61, "weight": 0.230769}, {"source": 58, "target": 79, "weight": 0.009346}, {"source": 58, "target": 87, "weight": 0.042553}, {"source": 58, "target": 74, "weight": 0.008889}, {"source": 58, "target": 66, "weight": 0.070175}, {"source": 58, "target": 71, "weight": 0.012346}, {"source": 58, "target": 82, "weight": 0.666667}, {"source": 58, "target": 76, "weight": 0.018182}, {"source": 58, "target": 73, "weight": 0.039326}, {"source": 58, "target": 63, "weight": 0.019608}, {"source": 58, "target": 60, "weight": 0.018519}, {"source": 59, "target": 70, "weight": 0.013029}, {"source": 59, "target": 75, "weight": 0.011494}, {"source": 59, "target": 81, "weight": 0.006803}, {"source": 59, "target": 74, "weight": 0.003333}, {"source": 59, "target": 92, "weight": 0.007968}, {"source": 59, "target": 98, "weight": 0.035176}, {"source": 59, "target": 67, "weight": 0.010256}, {"source": 59, "target": 78, "weight": 0.004808}, {"source": 61, "target": 68, "weight": 0.009709}, {"source": 61, "target": 74, "weight": 0.009434}, {"source": 61, "target": 63, "weight": 0.011111}, {"source": 61, "target": 92, "weight": 0.006061}, {"source": 61, "target": 73, "weight": 0.005848}, {"source": 61, "target": 67, "weight": 0.009174}, {"source": 63, "target": 74, "weight": 0.038314}, {"source": 63, "target": 76, "weight": 0.020408}, {"source": 63, "target": 79, "weight": 0.006623}, {"source": 63, "target": 82, "weight": 0.018692}, {"source": 63, "target": 85, "weight": 0.053191}, {"source": 63, "target": 87, "weight": 0.01087}, {"source": 63, "target": 89, "weight": 0.118519}, {"source": 63, "target": 92, "weight": 0.00905}, {"source": 63, "target": 93, "weight": 0.007692}, {"source": 63, "target": 95, "weight": 0.07438}, {"source": 63, "target": 96, "weight": 0.011494}, {"source": 63, "target": 97, "weight": 0.011364}, {"source": 63, "target": 73, "weight": 0.008811}, {"source": 64, "target": 86, "weight": 0.007634}, {"source": 64, "target": 89, "weight": 0.011236}, {"source": 64, "target": 95, "weight": 0.045455}, {"source": 64, "target": 96, "weight": 0.08}, {"source": 64, "target": 67, "weight": 0.009524}, {"source": 65, "target": 69, "weight": 0.013158}, {"source": 65, "target": 84, "weight": 0.013514}, {"source": 65, "target": 74, "weight": 0.021459}, {"source": 65, "target": 79, "weight": 0.008475}, {"source": 65, "target": 76, "weight": 0.015152}, {"source": 65, "target": 72, "weight": 0.04}, {"source": 65, "target": 73, "weight": 0.005128}, {"source": 65, "target": 93, "weight": 0.031579}, {"source": 66, "target": 86, "weight": 0.006711}, {"source": 66, "target": 71, "weight": 0.064103}, {"source": 66, "target": 76, "weight": 0.017857}, {"source": 66, "target": 73, "weight": 0.005405}, {"source": 66, "target": 82, "weight": 0.064516}, {"source": 66, "target": 93, "weight": 0.011494}, {"source": 67, "target": 80, "weight": 0.008065}, {"source": 67, "target": 92, "weight": 0.004149}, {"source": 67, "target": 78, "weight": 0.009926}, {"source": 68, "target": 92, "weight": 0.004255}, {"source": 68, "target": 73, "weight": 0.016807}, {"source": 68, "target": 78, "weight": 0.0025}, {"source": 69, "target": 86, "weight": 0.033333}, {"source": 70, "target": 80, "weight": 0.012712}, {"source": 70, "target": 92, "weight": 0.002817}, {"source": 70, "target": 73, "weight": 0.005556}, {"source": 70, "target": 78, "weight": 0.00969}, {"source": 71, "target": 82, "weight": 0.011628}, {"source": 71, "target": 93, "weight": 0.009259}, {"source": 72, "target": 88, "weight": 0.007042}, {"source": 72, "target": 80, "weight": 0.010638}, {"source": 72, "target": 93, "weight": 0.008403}, {"source": 72, "target": 92, "weight": 0.004739}, {"source": 72, "target": 78, "weight": 0.008021}, {"source": 73, "target": 74, "weight": 0.014409}, {"source": 73, "target": 76, "weight": 0.103659}, {"source": 73, "target": 79, "weight": 0.008658}, {"source": 73, "target": 82, "weight": 0.043956}, {"source": 73, "target": 85, "weight": 0.005587}, {"source": 73, "target": 86, "weight": 0.007353}, {"source": 73, "target": 87, "weight": 0.115385}, {"source": 73, "target": 89, "weight": 0.004329}, {"source": 73, "target": 75, "weight": 0.004425}, {"source": 73, "target": 92, "weight": 0.0033}, {"source": 73, "target": 94, "weight": 0.008772}, {"source": 73, "target": 95, "weight": 0.014423}, {"source": 73, "target": 96, "weight": 0.005952}, {"source": 73, "target": 97, "weight": 0.024096}, {"source": 74, "target": 78, "weight": 0.00789}, {"source": 74, "target": 80, "weight": 0.004386}, {"source": 74, "target": 82, "weight": 0.0131}, {"source": 74, "target": 86, "weight": 0.097222}, {"source": 74, "target": 90, "weight": 0.004219}, {"source": 74, "target": 92, "weight": 0.017647}, {"source": 74, "target": 93, "weight": 0.099567}, {"source": 75, "target": 88, "weight": 0.006623}, {"source": 75, "target": 92, "weight": 0.067633}, {"source": 75, "target": 99, "weight": 0.025316}, {"source": 76, "target": 82, "weight": 0.033898}, {"source": 76, "target": 85, "weight": 0.040816}, {"source": 76, "target": 87, "weight": 0.097561}, {"source": 76, "target": 89, "weight": 0.019802}, {"source": 76, "target": 95, "weight": 0.025}, {"source": 76, "target": 96, "weight": 0.025641}, {"source": 77, "target": 78, "weight": 0.003096}, {"source": 78, "target": 85, "weight": 0.002959}, {"source": 78, "target": 81, "weight": 0.002801}, {"source": 78, "target": 80, "weight": 0.005814}, {"source": 78, "target": 95, "weight": 0.00271}, {"source": 78, "target": 98, "weight": 0.004831}, {"source": 79, "target": 82, "weight": 0.008929}, {"source": 79, "target": 83, "weight": 0.011236}, {"source": 79, "target": 97, "weight": 0.01087}, {"source": 79, "target": 92, "weight": 0.004425}, {"source": 80, "target": 81, "weight": 0.013333}, {"source": 80, "target": 98, "weight": 0.007519}, {"source": 82, "target": 87, "weight": 0.038462}, {"source": 82, "target": 92, "weight": 0.005464}, {"source": 84, "target": 86, "weight": 0.033784}, {"source": 85, "target": 86, "weight": 0.021277}, {"source": 85, "target": 95, "weight": 0.285714}, {"source": 85, "target": 96, "weight": 0.054054}, {"source": 85, "target": 93, "weight": 0.012346}, {"source": 86, "target": 92, "weight": 0.011321}, {"source": 86, "target": 93, "weight": 0.023256}, {"source": 86, "target": 94, "weight": 0.010417}, {"source": 86, "target": 95, "weight": 0.047904}, {"source": 88, "target": 94, "weight": 0.006494}, {"source": 88, "target": 92, "weight": 0.004386}, {"source": 89, "target": 92, "weight": 0.004444}, {"source": 89, "target": 93, "weight": 0.007519}, {"source": 92, "target": 94, "weight": 0.009009}, {"source": 92, "target": 95, "weight": 0.009852}, {"source": 92, "target": 99, "weight": 0.006369}, {"source": 93, "target": 95, "weight": 0.036697}], "multigraph": false}