{"directed": false, "graph": {}, "nodes": [{"group": 0, "id": "accuse"}, {"group": 1, "id": "acerbic", "degree": 12}, {"group": 2, "id": "accurate", "degree": 15}, {"group": 0, "id": "accommodations", "degree": 7}, {"group": 4, "id": "actress", "degree": 2}, {"group": 5, "id": "acquit"}, {"group": 0, "id": "acknowledge"}, {"group": 3, "id": "acres"}, {"group": 7, "id": "acrobatics", "degree": 0}, {"group": 0, "id": "achieve"}, {"group": 3, "id": "acreage", "degree": 19}, {"group": 2, "id": "acquiescent"}, {"group": 0, "id": "accumulate"}, {"group": 2, "id": "accepted"}, {"group": 1, "id": "acute"}, {"group": 3, "id": "acme", "degree": 17}, {"group": 2, "id": "accompanying", "degree": 24}, {"group": 5, "id": "activity", "degree": 20}, {"group": 8, "id": "acoustic", "degree": 0}, {"group": 0, "id": "acceptation", "degree": 16}, {"group": 3, "id": "accumulation"}, {"group": 2, "id": "accessible", "degree": 17}, {"group": 5, "id": "activate", "degree": 8}, {"group": 9, "id": "accelerator", "degree": 0}, {"group": 0, "id": "accost", "degree": 14}, {"group": 2, "id": "accused", "degree": 2}, {"group": 5, "id": "accelerate", "degree": 9}, {"group": 1, "id": "acid", "degree": 24}, {"group": 10, "id": "acquisitive", "degree": 0}, {"group": 1, "id": "acrimonious", "degree": 13}, {"group": 0, "id": "accede"}, {"group": 0, "id": "acknowledgment"}, {"group": 5, "id": "activism"}, {"group": 3, "id": "access", "degree": 45}, {"group": 5, "id": "acting", "degree": 16}, {"group": 4, "id": "activist", "degree": 1}, {"group": 2, "id": "accustomed", "degree": 15}, {"group": 0, "id": "acropolis", "degree": 7}, {"group": 2, "id": "across", "degree": 4}, {"group": 2, "id": "acutely", "degree": 0}, {"group": 0, "id": "accord", "degree": 59}, {"group": 5, "id": "actuation"}, {"group": 5, "id": "acidify", "degree": 12}, {"group": 5, "id": "active"}, {"group": 4, "id": "ache"}, {"group": 0, "id": "accommodation"}, {"group": 1, "id": "acidulous"}, {"group": 2, "id": "accident"}, {"group": 2, "id": "actual"}, {"group": 0, "id": "acquaint"}, {"group": 0, "id": "ace"}, {"group": 2, "id": "acclimate"}, {"group": 0, "id": "acquittal"}, {"group": 5, "id": "act", "degree": 43}, {"group": 5, "id": "action", "degree": 42}, {"group": 0, "id": "accredit", "degree": 19}, {"group": 0, "id": "acidhead", "degree": 2}, {"group": 11, "id": "acridity", "degree": 10}, {"group": 5, "id": "actuate", "degree": 14}, {"group": 0, "id": "accommodate"}, {"group": 6, "id": "actually", "degree": 0}, {"group": 1, "id": "acrid"}, {"group": 5, "id": "accouterment"}, {"group": 0, "id": "acquiesce"}, {"group": 0, "id": "acceptance"}, {"group": 4, "id": "accent"}, {"group": 12, "id": "acrobat", "degree": 0}, {"group": 13, "id": "accountant"}, {"group": 4, "id": "accentuate", "degree": 4}, {"group": 0, "id": "accroach", "degree": 5}, {"group": 0, "id": "acquiescence"}, {"group": 1, "id": "acrostic"}, {"group": 11, "id": "acuity"}, {"group": 0, "id": "accompany", "degree": 14}, {"group": 2, "id": "acceptable", "degree": 12}, {"group": 0, "id": "acquire", "degree": 25}, {"group": 13, "id": "acolyte"}, {"group": 2, "id": "accurately", "degree": 11}, {"group": 13, "id": "academician", "degree": 4}, {"group": 0, "id": "acclamation"}, {"group": 0, "id": "accompaniment"}, {"group": 0, "id": "account", "degree": 35}, {"group": 0, "id": "accordance", "degree": 33}, {"group": 5, "id": "accomplishment"}, {"group": 3, "id": "aceldama"}, {"group": 0, "id": "acquisition"}, {"group": 0, "id": "acedia", "degree": 3}, {"group": 0, "id": "acclaim", "degree": 33}, {"group": 0, "id": "acculturation", "degree": 8}, {"group": 11, "id": "acidity"}, {"group": 2, "id": "acknowledged", "degree": 5}, {"group": 13, "id": "actuary", "degree": 6}, {"group": 0, "id": "accept"}, {"group": 2, "id": "acclaimed"}, {"group": 0, "id": "accounting"}, {"group": 5, "id": "acceleration"}, {"group": 14, "id": "acquitted", "degree": 0}, {"group": 11, "id": "acrimony", "degree": 8}, {"group": 0, "id": "accolade"}, {"group": 4, "id": "actor", "degree": 16}, {"group": 11, "id": "acumen"}, {"group": 11, "id": "acerbity"}, {"group": 0, "id": "accomplice"}, {"group": 4, "id": "aching", "degree": 10}, {"group": 5, "id": "acta"}, {"group": 2, "id": "actuality", "degree": 1}, {"group": 11, "id": "accuracy", "degree": 13}, {"group": 2, "id": "accidental"}, {"group": 2, "id": "accessory"}, {"group": 2, "id": "achromic"}, {"group": 0, "id": "accomplish"}, {"group": 0, "id": "acquaintance", "degree": 25}, {"group": 2, "id": "accepting"}, {"group": 3, "id": "accrue"}, {"group": 5, "id": "achievement", "degree": 27}, {"group": 3, "id": "accession"}, {"group": 2, "id": "actionable", "degree": 2}, {"group": 13, "id": "academic", "degree": 3}, {"group": 2, "id": "accountable", "degree": 5}, {"group": 13, "id": "academia"}, {"group": 2, "id": "accommodating", "degree": 10}], "links": [{"source": 0, "target": 81, "weight": 0.005714}, {"source": 0, "target": 87, "weight": 0.013699}, {"source": 0, "target": 22, "weight": 0.02}, {"source": 0, "target": 111, "weight": 0.010989}, {"source": 0, "target": 114, "weight": 0.007194}, {"source": 0, "target": 55, "weight": 0.027397}, {"source": 1, "target": 29, "weight": 0.590164}, {"source": 1, "target": 14, "weight": 0.079646}, {"source": 1, "target": 107, "weight": 0.008}, {"source": 1, "target": 89, "weight": 0.018868}, {"source": 1, "target": 97, "weight": 0.011111}, {"source": 1, "target": 77, "weight": 0.014493}, {"source": 1, "target": 42, "weight": 0.015385}, {"source": 1, "target": 101, "weight": 0.022727}, {"source": 1, "target": 103, "weight": 0.010101}, {"source": 1, "target": 43, "weight": 0.019108}, {"source": 1, "target": 44, "weight": 0.008264}, {"source": 1, "target": 27, "weight": 0.278146}, {"source": 1, "target": 61, "weight": 0.467532}, {"source": 1, "target": 46, "weight": 0.627119}, {"source": 2, "target": 29, "weight": 0.010638}, {"source": 2, "target": 14, "weight": 0.029787}, {"source": 2, "target": 40, "weight": 0.007067}, {"source": 2, "target": 13, "weight": 0.028986}, {"source": 2, "target": 48, "weight": 0.017391}, {"source": 2, "target": 31, "weight": 0.008475}, {"source": 2, "target": 50, "weight": 0.005236}, {"source": 2, "target": 120, "weight": 0.031915}, {"source": 2, "target": 90, "weight": 0.030928}, {"source": 2, "target": 77, "weight": 0.030303}, {"source": 2, "target": 59, "weight": 0.015789}, {"source": 2, "target": 24, "weight": 0.014493}, {"source": 2, "target": 43, "weight": 0.03268}, {"source": 2, "target": 116, "weight": 0.010753}, {"source": 2, "target": 27, "weight": 0.005263}, {"source": 2, "target": 61, "weight": 0.018349}, {"source": 2, "target": 46, "weight": 0.010753}, {"source": 2, "target": 106, "weight": 0.014706}, {"source": 3, "target": 40, "weight": 0.004065}, {"source": 3, "target": 82, "weight": 0.005952}, {"source": 3, "target": 59, "weight": 0.013072}, {"source": 3, "target": 70, "weight": 0.010309}, {"source": 3, "target": 12, "weight": 0.008929}, {"source": 3, "target": 37, "weight": 0.032258}, {"source": 3, "target": 45, "weight": 0.04698}, {"source": 4, "target": 34, "weight": 0.008475}, {"source": 4, "target": 87, "weight": 0.014706}, {"source": 4, "target": 65, "weight": 0.009524}, {"source": 4, "target": 99, "weight": 0.294872}, {"source": 4, "target": 53, "weight": 0.021053}, {"source": 5, "target": 21, "weight": 0.010309}, {"source": 5, "target": 40, "weight": 0.003802}, {"source": 5, "target": 111, "weight": 0.010989}, {"source": 5, "target": 82, "weight": 0.005405}, {"source": 5, "target": 17, "weight": 0.007092}, {"source": 5, "target": 81, "weight": 0.011494}, {"source": 5, "target": 53, "weight": 0.036458}, {"source": 5, "target": 54, "weight": 0.004255}, {"source": 5, "target": 114, "weight": 0.014493}, {"source": 6, "target": 40, "weight": 0.021661}, {"source": 6, "target": 87, "weight": 0.021978}, {"source": 6, "target": 73, "weight": 0.014925}, {"source": 6, "target": 15, "weight": 0.007692}, {"source": 6, "target": 82, "weight": 0.004902}, {"source": 6, "target": 75, "weight": 0.022989}, {"source": 6, "target": 81, "weight": 0.010363}, {"source": 6, "target": 53, "weight": 0.004608}, {"source": 6, "target": 54, "weight": 0.003937}, {"source": 6, "target": 19, "weight": 0.013889}, {"source": 6, "target": 55, "weight": 0.05618}, {"source": 7, "target": 40, "weight": 0.003484}, {"source": 7, "target": 87, "weight": 0.010309}, {"source": 7, "target": 75, "weight": 0.010753}, {"source": 7, "target": 81, "weight": 0.010101}, {"source": 7, "target": 10, "weight": 0.014085}, {"source": 7, "target": 33, "weight": 0.004739}, {"source": 7, "target": 54, "weight": 0.003861}, {"source": 9, "target": 42, "weight": 0.018182}, {"source": 9, "target": 40, "weight": 0.007273}, {"source": 9, "target": 111, "weight": 0.009615}, {"source": 9, "target": 73, "weight": 0.068966}, {"source": 9, "target": 82, "weight": 0.010152}, {"source": 9, "target": 75, "weight": 0.050633}, {"source": 9, "target": 81, "weight": 0.010695}, {"source": 9, "target": 33, "weight": 0.01005}, {"source": 9, "target": 24, "weight": 0.033333}, {"source": 9, "target": 34, "weight": 0.014815}, {"source": 9, "target": 26, "weight": 0.011628}, {"source": 9, "target": 53, "weight": 0.070707}, {"source": 9, "target": 54, "weight": 0.012195}, {"source": 9, "target": 17, "weight": 0.019737}, {"source": 9, "target": 114, "weight": 0.040816}, {"source": 9, "target": 55, "weight": 0.011494}, {"source": 10, "target": 21, "weight": 0.011494}, {"source": 10, "target": 59, "weight": 0.0125}, {"source": 10, "target": 40, "weight": 0.007937}, {"source": 10, "target": 45, "weight": 0.012422}, {"source": 10, "target": 12, "weight": 0.008403}, {"source": 10, "target": 113, "weight": 0.023256}, {"source": 10, "target": 83, "weight": 0.017241}, {"source": 10, "target": 65, "weight": 0.01}, {"source": 10, "target": 115, "weight": 0.022059}, {"source": 10, "target": 33, "weight": 0.017143}, {"source": 10, "target": 54, "weight": 0.004444}, {"source": 10, "target": 84, "weight": 0.043478}, {"source": 10, "target": 53, "weight": 0.005319}, {"source": 10, "target": 80, "weight": 0.011765}, {"source": 10, "target": 104, "weight": 0.014706}, {"source": 10, "target": 108, "weight": 0.007874}, {"source": 10, "target": 20, "weight": 0.029412}, {"source": 10, "target": 114, "weight": 0.015625}, {"source": 11, "target": 21, "weight": 0.065041}, {"source": 11, "target": 40, "weight": 0.003378}, {"source": 11, "target": 16, "weight": 0.016949}, {"source": 11, "target": 74, "weight": 0.009259}, {"source": 11, "target": 120, "weight": 0.147368}, {"source": 11, "target": 58, "weight": 0.011765}, {"source": 11, "target": 118, "weight": 0.012821}, {"source": 11, "target": 26, "weight": 0.009434}, {"source": 11, "target": 54, "weight": 0.003731}, {"source": 12, "target": 21, "weight": 0.005917}, {"source": 12, "target": 40, "weight": 0.027523}, {"source": 12, "target": 111, "weight": 0.006135}, {"source": 12, "target": 73, "weight": 0.025424}, {"source": 12, "target": 15, "weight": 0.010989}, {"source": 12, "target": 91, "weight": 0.008475}, {"source": 12, "target": 75, "weight": 0.014286}, {"source": 12, "target": 58, "weight": 0.008065}, {"source": 12, "target": 33, "weight": 0.027668}, {"source": 12, "target": 24, "weight": 0.008333}, {"source": 12, "target": 22, "weight": 0.008197}, {"source": 12, "target": 36, "weight": 0.007143}, {"source": 12, "target": 26, "weight": 0.013889}, {"source": 12, "target": 81, "weight": 0.00813}, {"source": 12, "target": 37, "weight": 0.016807}, {"source": 12, "target": 19, "weight": 0.016129}, {"source": 13, "target": 21, "weight": 0.012579}, {"source": 13, "target": 40, "weight": 0.015528}, {"source": 13, "target": 111, "weight": 0.006494}, {"source": 13, "target": 16, "weight": 0.013514}, {"source": 13, "target": 120, "weight": 0.007246}, {"source": 13, "target": 90, "weight": 0.314815}, {"source": 13, "target": 77, "weight": 0.009174}, {"source": 13, "target": 116, "weight": 0.007407}, {"source": 13, "target": 118, "weight": 0.009259}, {"source": 13, "target": 36, "weight": 0.157895}, {"source": 13, "target": 53, "weight": 0.003831}, {"source": 13, "target": 19, "weight": 0.008621}, {"source": 13, "target": 74, "weight": 0.007246}, {"source": 13, "target": 114, "weight": 0.00495}, {"source": 13, "target": 106, "weight": 0.009091}, {"source": 14, "target": 29, "weight": 0.092166}, {"source": 14, "target": 21, "weight": 0.003846}, {"source": 14, "target": 40, "weight": 0.004706}, {"source": 14, "target": 15, "weight": 0.00365}, {"source": 14, "target": 82, "weight": 0.002874}, {"source": 14, "target": 77, "weight": 0.004785}, {"source": 14, "target": 34, "weight": 0.003497}, {"source": 14, "target": 103, "weight": 0.008403}, {"source": 14, "target": 27, "weight": 0.084691}, {"source": 14, "target": 19, "weight": 0.00463}, {"source": 15, "target": 89, "weight": 0.014599}, {"source": 15, "target": 57, "weight": 0.018182}, {"source": 15, "target": 58, "weight": 0.009434}, {"source": 15, "target": 115, "weight": 0.020101}, {"source": 15, "target": 97, "weight": 0.016667}, {"source": 15, "target": 64, "weight": 0.004739}, {"source": 15, "target": 65, "weight": 0.018519}, {"source": 15, "target": 99, "weight": 0.006289}, {"source": 15, "target": 33, "weight": 0.016807}, {"source": 15, "target": 101, "weight": 0.016807}, {"source": 15, "target": 72, "weight": 0.008475}, {"source": 15, "target": 106, "weight": 0.009901}, {"source": 15, "target": 41, "weight": 0.009804}, {"source": 15, "target": 113, "weight": 0.009346}, {"source": 15, "target": 45, "weight": 0.004425}, {"source": 15, "target": 114, "weight": 0.021053}, {"source": 15, "target": 81, "weight": 0.004367}, {"source": 15, "target": 50, "weight": 0.008969}, {"source": 15, "target": 83, "weight": 0.028249}, {"source": 15, "target": 117, "weight": 0.00885}, {"source": 15, "target": 98, "weight": 0.009091}, {"source": 15, "target": 53, "weight": 0.003968}, {"source": 15, "target": 54, "weight": 0.00346}, {"source": 15, "target": 20, "weight": 0.018072}, {"source": 16, "target": 21, "weight": 0.016}, {"source": 16, "target": 115, "weight": 0.017143}, {"source": 16, "target": 59, "weight": 0.005}, {"source": 16, "target": 27, "weight": 0.005051}, {"source": 16, "target": 102, "weight": 0.014706}, {"source": 16, "target": 111, "weight": 0.008333}, {"source": 16, "target": 32, "weight": 0.011905}, {"source": 16, "target": 34, "weight": 0.013245}, {"source": 16, "target": 104, "weight": 0.009346}, {"source": 16, "target": 38, "weight": 0.012346}, {"source": 16, "target": 40, "weight": 0.006873}, {"source": 16, "target": 107, "weight": 0.137931}, {"source": 16, "target": 53, "weight": 0.00885}, {"source": 16, "target": 76, "weight": 0.011765}, {"source": 16, "target": 108, "weight": 0.151724}, {"source": 16, "target": 80, "weight": 0.01626}, {"source": 16, "target": 43, "weight": 0.006061}, {"source": 16, "target": 114, "weight": 0.005952}, {"source": 16, "target": 47, "weight": 0.048077}, {"source": 16, "target": 48, "weight": 0.02459}, {"source": 16, "target": 50, "weight": 0.005025}, {"source": 16, "target": 83, "weight": 0.00641}, {"source": 16, "target": 36, "weight": 0.020833}, {"source": 16, "target": 17, "weight": 0.005882}, {"source": 16, "target": 54, "weight": 0.003788}, {"source": 17, "target": 22, "weight": 0.015038}, {"source": 17, "target": 58, "weight": 0.022388}, {"source": 17, "target": 59, "weight": 0.003922}, {"source": 17, "target": 24, "weight": 0.007576}, {"source": 17, "target": 95, "weight": 0.014925}, {"source": 17, "target": 110, "weight": 0.025641}, {"source": 17, "target": 32, "weight": 0.206897}, {"source": 17, "target": 65, "weight": 0.026316}, {"source": 17, "target": 33, "weight": 0.00369}, {"source": 17, "target": 34, "weight": 0.130435}, {"source": 17, "target": 70, "weight": 0.020513}, {"source": 17, "target": 104, "weight": 0.072368}, {"source": 17, "target": 40, "weight": 0.00578}, {"source": 17, "target": 73, "weight": 0.007576}, {"source": 17, "target": 107, "weight": 0.010811}, {"source": 17, "target": 41, "weight": 0.127119}, {"source": 17, "target": 75, "weight": 0.006536}, {"source": 17, "target": 42, "weight": 0.007937}, {"source": 17, "target": 43, "weight": 0.027907}, {"source": 17, "target": 114, "weight": 0.056604}, {"source": 17, "target": 48, "weight": 0.005587}, {"source": 17, "target": 83, "weight": 0.070707}, {"source": 17, "target": 82, "weight": 0.003717}, {"source": 17, "target": 52, "weight": 0.006667}, {"source": 17, "target": 53, "weight": 0.12749}, {"source": 17, "target": 54, "weight": 0.21673}, {"source": 17, "target": 19, "weight": 0.007299}, {"source": 19, "target": 91, "weight": 0.02381}, {"source": 19, "target": 115, "weight": 0.013986}, {"source": 19, "target": 92, "weight": 0.015873}, {"source": 19, "target": 59, "weight": 0.012048}, {"source": 19, "target": 111, "weight": 0.011494}, {"source": 19, "target": 31, "weight": 0.032967}, {"source": 19, "target": 64, "weight": 0.019868}, {"source": 19, "target": 65, "weight": 0.019048}, {"source": 19, "target": 33, "weight": 0.010989}, {"source": 19, "target": 70, "weight": 0.168421}, {"source": 19, "target": 40, "weight": 0.011673}, {"source": 19, "target": 79, "weight": 0.020408}, {"source": 19, "target": 112, "weight": 0.013514}, {"source": 19, "target": 45, "weight": 0.011976}, {"source": 19, "target": 81, "weight": 0.011765}, {"source": 19, "target": 82, "weight": 0.011111}, {"source": 19, "target": 36, "weight": 0.015625}, {"source": 19, "target": 20, "weight": 0.018349}, {"source": 19, "target": 85, "weight": 0.051282}, {"source": 19, "target": 55, "weight": 0.014286}, {"source": 20, "target": 21, "weight": 0.006494}, {"source": 20, "target": 40, "weight": 0.00627}, {"source": 20, "target": 75, "weight": 0.007937}, {"source": 20, "target": 81, "weight": 0.013043}, {"source": 20, "target": 33, "weight": 0.206897}, {"source": 20, "target": 24, "weight": 0.009524}, {"source": 20, "target": 36, "weight": 0.008}, {"source": 20, "target": 54, "weight": 0.003425}, {"source": 20, "target": 114, "weight": 0.005102}, {"source": 21, "target": 115, "weight": 0.005319}, {"source": 21, "target": 59, "weight": 0.004739}, {"source": 21, "target": 49, "weight": 0.011364}, {"source": 21, "target": 113, "weight": 0.010753}, {"source": 21, "target": 99, "weight": 0.006897}, {"source": 21, "target": 33, "weight": 0.004405}, {"source": 21, "target": 40, "weight": 0.0033}, {"source": 21, "target": 107, "weight": 0.007042}, {"source": 21, "target": 76, "weight": 0.010417}, {"source": 21, "target": 109, "weight": 0.009524}, {"source": 21, "target": 43, "weight": 0.011429}, {"source": 21, "target": 108, "weight": 0.00565}, {"source": 21, "target": 48, "weight": 0.030303}, {"source": 21, "target": 120, "weight": 0.008696}, {"source": 21, "target": 90, "weight": 0.008475}, {"source": 21, "target": 118, "weight": 0.011765}, {"source": 21, "target": 36, "weight": 0.009259}, {"source": 22, "target": 83, "weight": 0.008333}, {"source": 22, "target": 41, "weight": 0.05}, {"source": 22, "target": 32, "weight": 0.020833}, {"source": 22, "target": 53, "weight": 0.005236}, {"source": 22, "target": 58, "weight": 0.210526}, {"source": 22, "target": 26, "weight": 0.063492}, {"source": 22, "target": 54, "weight": 0.008811}, {"source": 22, "target": 104, "weight": 0.014085}, {"source": 22, "target": 114, "weight": 0.015267}, {"source": 22, "target": 55, "weight": 0.014925}, {"source": 24, "target": 59, "weight": 0.006173}, {"source": 24, "target": 45, "weight": 0.006135}, {"source": 24, "target": 87, "weight": 0.015625}, {"source": 24, "target": 63, "weight": 0.022222}, {"source": 24, "target": 49, "weight": 0.025641}, {"source": 24, "target": 82, "weight": 0.005682}, {"source": 24, "target": 114, "weight": 0.007692}, {"source": 24, "target": 83, "weight": 0.017094}, {"source": 24, "target": 115, "weight": 0.007194}, {"source": 24, "target": 92, "weight": 0.008197}, {"source": 24, "target": 113, "weight": 0.022727}, {"source": 24, "target": 33, "weight": 0.011299}, {"source": 24, "target": 30, "weight": 0.023256}, {"source": 24, "target": 110, "weight": 0.030769}, {"source": 24, "target": 54, "weight": 0.008889}, {"source": 25, "target": 118, "weight": 0.033333}, {"source": 25, "target": 108, "weight": 0.025}, {"source": 26, "target": 81, "weight": 0.005236}, {"source": 26, "target": 111, "weight": 0.009346}, {"source": 26, "target": 31, "weight": 0.00885}, {"source": 26, "target": 83, "weight": 0.006993}, {"source": 26, "target": 58, "weight": 0.029851}, {"source": 26, "target": 113, "weight": 0.029412}, {"source": 26, "target": 110, "weight": 0.010989}, {"source": 26, "target": 114, "weight": 0.006452}, {"source": 27, "target": 57, "weight": 0.042945}, {"source": 27, "target": 59, "weight": 0.003534}, {"source": 27, "target": 94, "weight": 0.005952}, {"source": 27, "target": 61, "weight": 0.254658}, {"source": 27, "target": 29, "weight": 0.300699}, {"source": 27, "target": 89, "weight": 0.193939}, {"source": 27, "target": 97, "weight": 0.077844}, {"source": 27, "target": 99, "weight": 0.004608}, {"source": 27, "target": 101, "weight": 0.084848}, {"source": 27, "target": 103, "weight": 0.005319}, {"source": 27, "target": 71, "weight": 0.006623}, {"source": 27, "target": 107, "weight": 0.004673}, {"source": 27, "target": 76, "weight": 0.005952}, {"source": 27, "target": 77, "weight": 0.006329}, {"source": 27, "target": 108, "weight": 0.004016}, {"source": 27, "target": 42, "weight": 0.006494}, {"source": 27, "target": 43, "weight": 0.0375}, {"source": 27, "target": 44, "weight": 0.004762}, {"source": 27, "target": 46, "weight": 0.312057}, {"source": 27, "target": 50, "weight": 0.007117}, {"source": 27, "target": 54, "weight": 0.002882}, {"source": 29, "target": 89, "weight": 0.01}, {"source": 29, "target": 97, "weight": 0.012048}, {"source": 29, "target": 77, "weight": 0.016129}, {"source": 29, "target": 107, "weight": 0.008475}, {"source": 29, "target": 101, "weight": 0.012195}, {"source": 29, "target": 103, "weight": 0.01087}, {"source": 29, "target": 43, "weight": 0.02}, {"source": 29, "target": 44, "weight": 0.008772}, {"source": 29, "target": 61, "weight": 0.514286}, {"source": 29, "target": 46, "weight": 0.893617}, {"source": 30, "target": 40, "weight": 0.023715}, {"source": 30, "target": 87, "weight": 0.254545}, {"source": 30, "target": 73, "weight": 0.047619}, {"source": 30, "target": 82, "weight": 0.011173}, {"source": 30, "target": 74, "weight": 0.014286}, {"source": 30, "target": 75, "weight": 0.083333}, {"source": 30, "target": 81, "weight": 0.005882}, {"source": 30, "target": 69, "weight": 0.028571}, {"source": 30, "target": 53, "weight": 0.005181}, {"source": 30, "target": 55, "weight": 0.014493}, {"source": 31, "target": 56, "weight": 0.011905}, {"source": 31, "target": 40, "weight": 0.016722}, {"source": 31, "target": 87, "weight": 0.017857}, {"source": 31, "target": 88, "weight": 0.011364}, {"source": 31, "target": 82, "weight": 0.018018}, {"source": 31, "target": 90, "weight": 0.008475}, {"source": 31, "target": 77, "weight": 0.011628}, {"source": 31, "target": 33, "weight": 0.022422}, {"source": 31, "target": 54, "weight": 0.010989}, {"source": 31, "target": 118, "weight": 0.011765}, {"source": 31, "target": 111, "weight": 0.03125}, {"source": 31, "target": 81, "weight": 0.038462}, {"source": 31, "target": 55, "weight": 0.017699}, {"source": 31, "target": 114, "weight": 0.016949}, {"source": 31, "target": 106, "weight": 0.011494}, {"source": 32, "target": 81, "weight": 0.00578}, {"source": 32, "target": 73, "weight": 0.021739}, {"source": 32, "target": 82, "weight": 0.005464}, {"source": 32, "target": 58, "weight": 0.02}, {"source": 32, "target": 42, "weight": 0.025}, {"source": 32, "target": 34, "weight": 0.184466}, {"source": 32, "target": 53, "weight": 0.125714}, {"source": 32, "target": 54, "weight": 0.109005}, {"source": 32, "target": 114, "weight": 0.045455}, {"source": 33, "target": 88, "weight": 0.005618}, {"source": 33, "target": 89, "weight": 0.004673}, {"source": 33, "target": 57, "weight": 0.005348}, {"source": 33, "target": 115, "weight": 0.234513}, {"source": 33, "target": 92, "weight": 0.011583}, {"source": 33, "target": 59, "weight": 0.003322}, {"source": 33, "target": 95, "weight": 0.011111}, {"source": 33, "target": 111, "weight": 0.009091}, {"source": 33, "target": 97, "weight": 0.005076}, {"source": 33, "target": 113, "weight": 0.033708}, {"source": 33, "target": 64, "weight": 0.014085}, {"source": 33, "target": 65, "weight": 0.008368}, {"source": 33, "target": 100, "weight": 0.005714}, {"source": 33, "target": 101, "weight": 0.005102}, {"source": 33, "target": 103, "weight": 0.019704}, {"source": 33, "target": 70, "weight": 0.00823}, {"source": 33, "target": 104, "weight": 0.014563}, {"source": 33, "target": 72, "weight": 0.005155}, {"source": 33, "target": 40, "weight": 0.020725}, {"source": 33, "target": 107, "weight": 0.00431}, {"source": 33, "target": 41, "weight": 0.005618}, {"source": 33, "target": 74, "weight": 0.004878}, {"source": 33, "target": 75, "weight": 0.005025}, {"source": 33, "target": 110, "weight": 0.009804}, {"source": 33, "target": 80, "weight": 0.022624}, {"source": 33, "target": 44, "weight": 0.017778}, {"source": 33, "target": 108, "weight": 0.015152}, {"source": 33, "target": 45, "weight": 0.01}, {"source": 33, "target": 114, "weight": 0.026616}, {"source": 33, "target": 81, "weight": 0.003279}, {"source": 33, "target": 47, "weight": 0.004785}, {"source": 33, "target": 82, "weight": 0.019355}, {"source": 33, "target": 83, "weight": 0.057377}, {"source": 33, "target": 53, "weight": 0.015432}, {"source": 33, "target": 54, "weight": 0.01385}, {"source": 33, "target": 85, "weight": 0.023392}, {"source": 33, "target": 55, "weight": 0.004902}, {"source": 34, "target": 59, "weight": 0.004219}, {"source": 34, "target": 62, "weight": 0.009091}, {"source": 34, "target": 110, "weight": 0.014286}, {"source": 34, "target": 65, "weight": 0.005682}, {"source": 34, "target": 99, "weight": 0.011765}, {"source": 34, "target": 104, "weight": 0.043165}, {"source": 34, "target": 73, "weight": 0.008772}, {"source": 34, "target": 107, "weight": 0.011976}, {"source": 34, "target": 41, "weight": 0.026786}, {"source": 34, "target": 108, "weight": 0.004926}, {"source": 34, "target": 42, "weight": 0.009259}, {"source": 34, "target": 43, "weight": 0.046392}, {"source": 34, "target": 114, "weight": 0.040404}, {"source": 34, "target": 81, "weight": 0.004149}, {"source": 34, "target": 48, "weight": 0.006211}, {"source": 34, "target": 83, "weight": 0.048649}, {"source": 34, "target": 82, "weight": 0.020243}, {"source": 34, "target": 52, "weight": 0.015267}, {"source": 34, "target": 53, "weight": 0.122881}, {"source": 34, "target": 54, "weight": 0.098182}, {"source": 35, "target": 43, "weight": 0.008696}, {"source": 35, "target": 99, "weight": 0.011905}, {"source": 36, "target": 111, "weight": 0.009804}, {"source": 36, "target": 48, "weight": 0.019048}, {"source": 36, "target": 107, "weight": 0.017857}, {"source": 36, "target": 90, "weight": 0.071429}, {"source": 36, "target": 53, "weight": 0.009615}, {"source": 36, "target": 51, "weight": 0.016393}, {"source": 36, "target": 45, "weight": 0.005464}, {"source": 36, "target": 59, "weight": 0.01105}, {"source": 36, "target": 93, "weight": 0.033898}, {"source": 36, "target": 70, "weight": 0.008}, {"source": 36, "target": 114, "weight": 0.006667}, {"source": 37, "target": 81, "weight": 0.006024}, {"source": 37, "target": 49, "weight": 0.025641}, {"source": 37, "target": 50, "weight": 0.006211}, {"source": 37, "target": 65, "weight": 0.009901}, {"source": 37, "target": 59, "weight": 0.012422}, {"source": 37, "target": 45, "weight": 0.006135}, {"source": 37, "target": 55, "weight": 0.015385}, {"source": 38, "target": 54, "weight": 0.004348}, {"source": 38, "target": 114, "weight": 0.007463}, {"source": 38, "target": 107, "weight": 0.010309}, {"source": 39, "target": 77, "weight": 0.020408}, {"source": 40, "target": 87, "weight": 0.018182}, {"source": 40, "target": 88, "weight": 0.003937}, {"source": 40, "target": 51, "weight": 0.01581}, {"source": 40, "target": 92, "weight": 0.033639}, {"source": 40, "target": 59, "weight": 0.131737}, {"source": 40, "target": 108, "weight": 0.008798}, {"source": 40, "target": 94, "weight": 0.003817}, {"source": 40, "target": 61, "weight": 0.00339}, {"source": 40, "target": 102, "weight": 0.004082}, {"source": 40, "target": 111, "weight": 0.010169}, {"source": 40, "target": 63, "weight": 0.027559}, {"source": 40, "target": 90, "weight": 0.010638}, {"source": 40, "target": 64, "weight": 0.076923}, {"source": 40, "target": 65, "weight": 0.006349}, {"source": 40, "target": 67, "weight": 0.003704}, {"source": 40, "target": 110, "weight": 0.007143}, {"source": 40, "target": 70, "weight": 0.146429}, {"source": 40, "target": 104, "weight": 0.014235}, {"source": 40, "target": 91, "weight": 0.003968}, {"source": 40, "target": 106, "weight": 0.007937}, {"source": 40, "target": 73, "weight": 0.036585}, {"source": 40, "target": 107, "weight": 0.006515}, {"source": 40, "target": 74, "weight": 0.003559}, {"source": 40, "target": 75, "weight": 0.007299}, {"source": 40, "target": 77, "weight": 0.007968}, {"source": 40, "target": 79, "weight": 0.052632}, {"source": 40, "target": 80, "weight": 0.059649}, {"source": 40, "target": 43, "weight": 0.002924}, {"source": 40, "target": 112, "weight": 0.007067}, {"source": 40, "target": 45, "weight": 0.08596}, {"source": 40, "target": 114, "weight": 0.011696}, {"source": 40, "target": 81, "weight": 0.02139}, {"source": 40, "target": 47, "weight": 0.007042}, {"source": 40, "target": 48, "weight": 0.006667}, {"source": 40, "target": 49, "weight": 0.007905}, {"source": 40, "target": 50, "weight": 0.008021}, {"source": 40, "target": 83, "weight": 0.015198}, {"source": 40, "target": 115, "weight": 0.031977}, {"source": 40, "target": 72, "weight": 0.007435}, {"source": 40, "target": 98, "weight": 0.003817}, {"source": 40, "target": 82, "weight": 0.236593}, {"source": 40, "target": 84, "weight": 0.004184}, {"source": 40, "target": 52, "weight": 0.01487}, {"source": 40, "target": 53, "weight": 0.0125}, {"source": 40, "target": 54, "weight": 0.013761}, {"source": 40, "target": 85, "weight": 0.004}, {"source": 40, "target": 55, "weight": 0.007168}, {"source": 41, "target": 53, "weight": 0.010638}, {"source": 41, "target": 58, "weight": 0.047619}, {"source": 41, "target": 54, "weight": 0.027149}, {"source": 41, "target": 114, "weight": 0.007692}, {"source": 42, "target": 110, "weight": 0.016667}, {"source": 42, "target": 89, "weight": 0.014493}, {"source": 42, "target": 83, "weight": 0.008929}, {"source": 42, "target": 101, "weight": 0.019608}, {"source": 42, "target": 114, "weight": 0.008065}, {"source": 42, "target": 53, "weight": 0.005464}, {"source": 42, "target": 54, "weight": 0.004545}, {"source": 42, "target": 104, "weight": 0.015873}, {"source": 42, "target": 61, "weight": 0.013514}, {"source": 43, "target": 120, "weight": 0.02649}, {"source": 43, "target": 99, "weight": 0.005435}, {"source": 43, "target": 53, "weight": 0.010909}, {"source": 43, "target": 54, "weight": 0.012862}, {"source": 44, "target": 68, "weight": 0.012346}, {"source": 44, "target": 103, "weight": 0.475}, {"source": 44, "target": 53, "weight": 0.008403}, {"source": 44, "target": 54, "weight": 0.007273}, {"source": 44, "target": 114, "weight": 0.016854}, {"source": 45, "target": 111, "weight": 0.009756}, {"source": 45, "target": 88, "weight": 0.012346}, {"source": 45, "target": 82, "weight": 0.166667}, {"source": 45, "target": 120, "weight": 0.005263}, {"source": 45, "target": 54, "weight": 0.023324}, {"source": 45, "target": 53, "weight": 0.012903}, {"source": 45, "target": 81, "weight": 0.021053}, {"source": 45, "target": 114, "weight": 0.015936}, {"source": 45, "target": 106, "weight": 0.006173}, {"source": 46, "target": 97, "weight": 0.012195}, {"source": 46, "target": 77, "weight": 0.016393}, {"source": 46, "target": 103, "weight": 0.010989}, {"source": 47, "target": 103, "weight": 0.03125}, {"source": 47, "target": 53, "weight": 0.004545}, {"source": 47, "target": 54, "weight": 0.007813}, {"source": 47, "target": 114, "weight": 0.0125}, {"source": 48, "target": 90, "weight": 0.044643}, {"source": 48, "target": 54, "weight": 0.003663}, {"source": 48, "target": 105, "weight": 0.013158}, {"source": 49, "target": 81, "weight": 0.012121}, {"source": 49, "target": 87, "weight": 0.015625}, {"source": 49, "target": 111, "weight": 0.012195}, {"source": 49, "target": 55, "weight": 0.015385}, {"source": 50, "target": 56, "weight": 0.006369}, {"source": 50, "target": 87, "weight": 0.005376}, {"source": 50, "target": 73, "weight": 0.006211}, {"source": 50, "target": 97, "weight": 0.005556}, {"source": 50, "target": 57, "weight": 0.005882}, {"source": 50, "target": 77, "weight": 0.006289}, {"source": 50, "target": 99, "weight": 0.009217}, {"source": 50, "target": 78, "weight": 0.012987}, {"source": 50, "target": 68, "weight": 0.006536}, {"source": 50, "target": 111, "weight": 0.0199}, {"source": 50, "target": 82, "weight": 0.003356}, {"source": 50, "target": 53, "weight": 0.012987}, {"source": 50, "target": 54, "weight": 0.011594}, {"source": 50, "target": 114, "weight": 0.012}, {"source": 51, "target": 55, "weight": 0.014925}, {"source": 52, "target": 82, "weight": 0.083333}, {"source": 52, "target": 53, "weight": 0.009709}, {"source": 52, "target": 81, "weight": 0.005435}, {"source": 52, "target": 54, "weight": 0.029412}, {"source": 52, "target": 114, "weight": 0.027586}, {"source": 53, "target": 87, "weight": 0.004673}, {"source": 53, "target": 58, "weight": 0.005181}, {"source": 53, "target": 92, "weight": 0.01487}, {"source": 53, "target": 59, "weight": 0.006431}, {"source": 53, "target": 94, "weight": 0.005076}, {"source": 53, "target": 111, "weight": 0.00431}, {"source": 53, "target": 64, "weight": 0.003356}, {"source": 53, "target": 65, "weight": 0.012048}, {"source": 53, "target": 99, "weight": 0.024896}, {"source": 53, "target": 67, "weight": 0.004878}, {"source": 53, "target": 68, "weight": 0.005525}, {"source": 53, "target": 110, "weight": 0.074257}, {"source": 53, "target": 103, "weight": 0.009259}, {"source": 53, "target": 104, "weight": 0.208791}, {"source": 53, "target": 73, "weight": 0.021505}, {"source": 53, "target": 69, "weight": 0.011111}, {"source": 53, "target": 107, "weight": 0.008264}, {"source": 53, "target": 75, "weight": 0.024272}, {"source": 53, "target": 79, "weight": 0.005155}, {"source": 53, "target": 114, "weight": 0.165975}, {"source": 53, "target": 81, "weight": 0.01278}, {"source": 53, "target": 83, "weight": 0.185022}, {"source": 53, "target": 82, "weight": 0.006154}, {"source": 53, "target": 54, "weight": 0.189274}, {"source": 53, "target": 85, "weight": 0.005405}, {"source": 54, "target": 87, "weight": 0.008}, {"source": 54, "target": 58, "weight": 0.008734}, {"source": 54, "target": 115, "weight": 0.003067}, {"source": 54, "target": 92, "weight": 0.003236}, {"source": 54, "target": 59, "weight": 0.008646}, {"source": 54, "target": 94, "weight": 0.017316}, {"source": 54, "target": 62, "weight": 0.00905}, {"source": 54, "target": 110, "weight": 0.016}, {"source": 54, "target": 64, "weight": 0.002985}, {"source": 54, "target": 65, "weight": 0.014035}, {"source": 54, "target": 99, "weight": 0.003534}, {"source": 54, "target": 103, "weight": 0.007905}, {"source": 54, "target": 70, "weight": 0.003425}, {"source": 54, "target": 104, "weight": 0.173516}, {"source": 54, "target": 73, "weight": 0.004425}, {"source": 54, "target": 107, "weight": 0.007168}, {"source": 54, "target": 79, "weight": 0.004329}, {"source": 54, "target": 80, "weight": 0.003663}, {"source": 54, "target": 114, "weight": 0.152174}, {"source": 54, "target": 81, "weight": 0.011429}, {"source": 54, "target": 83, "weight": 0.186047}, {"source": 54, "target": 98, "weight": 0.004274}, {"source": 54, "target": 82, "weight": 0.019608}, {"source": 54, "target": 84, "weight": 0.004739}, {"source": 54, "target": 85, "weight": 0.004505}, {"source": 54, "target": 55, "weight": 0.003968}, {"source": 55, "target": 87, "weight": 0.011111}, {"source": 55, "target": 115, "weight": 0.006061}, {"source": 55, "target": 92, "weight": 0.18254}, {"source": 55, "target": 59, "weight": 0.010695}, {"source": 55, "target": 63, "weight": 0.014085}, {"source": 55, "target": 64, "weight": 0.023392}, {"source": 55, "target": 65, "weight": 0.007874}, {"source": 55, "target": 70, "weight": 0.023256}, {"source": 55, "target": 106, "weight": 0.015625}, {"source": 55, "target": 75, "weight": 0.011628}, {"source": 55, "target": 76, "weight": 0.013699}, {"source": 55, "target": 110, "weight": 0.01087}, {"source": 55, "target": 114, "weight": 0.012903}, {"source": 55, "target": 81, "weight": 0.005208}, {"source": 55, "target": 83, "weight": 0.006944}, {"source": 57, "target": 89, "weight": 0.465517}, {"source": 57, "target": 97, "weight": 0.619048}, {"source": 57, "target": 100, "weight": 0.045455}, {"source": 57, "target": 101, "weight": 0.675}, {"source": 57, "target": 72, "weight": 0.048387}, {"source": 57, "target": 106, "weight": 0.043478}, {"source": 58, "target": 95, "weight": 0.044444}, {"source": 58, "target": 83, "weight": 0.008197}, {"source": 58, "target": 104, "weight": 0.013699}, {"source": 58, "target": 114, "weight": 0.007463}, {"source": 59, "target": 87, "weight": 0.005348}, {"source": 59, "target": 106, "weight": 0.006211}, {"source": 59, "target": 73, "weight": 0.006173}, {"source": 59, "target": 74, "weight": 0.005291}, {"source": 59, "target": 77, "weight": 0.012579}, {"source": 59, "target": 114, "weight": 0.011952}, {"source": 59, "target": 81, "weight": 0.010453}, {"source": 59, "target": 82, "weight": 0.013514}, {"source": 59, "target": 90, "weight": 0.015789}, {"source": 61, "target": 97, "weight": 0.010101}, {"source": 61, "target": 77, "weight": 0.012821}, {"source": 61, "target": 103, "weight": 0.009259}, {"source": 62, "target": 82, "weight": 0.005814}, {"source": 63, "target": 87, "weight": 0.245614}, {"source": 63, "target": 73, "weight": 0.045455}, {"source": 63, "target": 82, "weight": 0.01105}, {"source": 63, "target": 74, "weight": 0.013889}, {"source": 63, "target": 75, "weight": 0.063492}, {"source": 64, "target": 87, "weight": 0.029586}, {"source": 64, "target": 88, "weight": 0.020548}, {"source": 64, "target": 82, "weight": 0.059259}, {"source": 64, "target": 74, "weight": 0.011494}, {"source": 64, "target": 75, "weight": 0.005917}, {"source": 64, "target": 81, "weight": 0.029851}, {"source": 64, "target": 114, "weight": 0.008403}, {"source": 64, "target": 120, "weight": 0.005714}, {"source": 64, "target": 86, "weight": 0.01105}, {"source": 65, "target": 87, "weight": 0.007937}, {"source": 65, "target": 81, "weight": 0.022321}, {"source": 65, "target": 99, "weight": 0.012739}, {"source": 65, "target": 68, "weight": 0.13253}, {"source": 65, "target": 103, "weight": 0.007752}, {"source": 65, "target": 114, "weight": 0.010471}, {"source": 67, "target": 81, "weight": 0.005495}, {"source": 67, "target": 78, "weight": 0.020408}, {"source": 67, "target": 91, "weight": 0.227273}, {"source": 68, "target": 103, "weight": 0.016949}, {"source": 69, "target": 75, "weight": 0.06}, {"source": 69, "target": 115, "weight": 0.007634}, {"source": 69, "target": 92, "weight": 0.017699}, {"source": 69, "target": 108, "weight": 0.008333}, {"source": 69, "target": 80, "weight": 0.012821}, {"source": 70, "target": 87, "weight": 0.023438}, {"source": 70, "target": 82, "weight": 0.109589}, {"source": 70, "target": 91, "weight": 0.009709}, {"source": 70, "target": 75, "weight": 0.007937}, {"source": 70, "target": 120, "weight": 0.007576}, {"source": 70, "target": 81, "weight": 0.017467}, {"source": 70, "target": 106, "weight": 0.009615}, {"source": 70, "target": 74, "weight": 0.007576}, {"source": 70, "target": 86, "weight": 0.014493}, {"source": 72, "target": 78, "weight": 0.020408}, {"source": 72, "target": 97, "weight": 0.056338}, {"source": 72, "target": 82, "weight": 0.005208}, {"source": 72, "target": 106, "weight": 0.018519}, {"source": 73, "target": 87, "weight": 0.015625}, {"source": 73, "target": 92, "weight": 0.008197}, {"source": 73, "target": 108, "weight": 0.007813}, {"source": 73, "target": 102, "weight": 0.068966}, {"source": 73, "target": 111, "weight": 0.012195}, {"source": 73, "target": 110, "weight": 0.063492}, {"source": 74, "target": 87, "weight": 0.010989}, {"source": 74, "target": 75, "weight": 0.011494}, {"source": 74, "target": 90, "weight": 0.010417}, {"source": 74, "target": 115, "weight": 0.012121}, {"source": 74, "target": 92, "weight": 0.006711}, {"source": 74, "target": 112, "weight": 0.021053}, {"source": 74, "target": 120, "weight": 0.032967}, {"source": 74, "target": 85, "weight": 0.016129}, {"source": 75, "target": 87, "weight": 0.04878}, {"source": 75, "target": 115, "weight": 0.018987}, {"source": 75, "target": 92, "weight": 0.107692}, {"source": 75, "target": 108, "weight": 0.006711}, {"source": 75, "target": 110, "weight": 0.060241}, {"source": 75, "target": 80, "weight": 0.009346}, {"source": 75, "target": 113, "weight": 0.015385}, {"source": 75, "target": 81, "weight": 0.005348}, {"source": 75, "target": 85, "weight": 0.036364}, {"source": 76, "target": 91, "weight": 0.022222}, {"source": 76, "target": 99, "weight": 0.009615}, {"source": 76, "target": 78, "weight": 0.02439}, {"source": 77, "target": 90, "weight": 0.014925}, {"source": 77, "target": 107, "weight": 0.010989}, {"source": 77, "target": 106, "weight": 0.027778}, {"source": 78, "target": 91, "weight": 0.032258}, {"source": 78, "target": 117, "weight": 0.022727}, {"source": 79, "target": 87, "weight": 0.186441}, {"source": 79, "target": 82, "weight": 0.076923}, {"source": 79, "target": 114, "weight": 0.007407}, {"source": 80, "target": 81, "weight": 0.004695}, {"source": 80, "target": 99, "weight": 0.006993}, {"source": 80, "target": 82, "weight": 0.131313}, {"source": 81, "target": 87, "weight": 0.015873}, {"source": 81, "target": 88, "weight": 0.006024}, {"source": 81, "target": 92, "weight": 0.020408}, {"source": 81, "target": 94, "weight": 0.07362}, {"source": 81, "target": 111, "weight": 0.186441}, {"source": 81, "target": 99, "weight": 0.004484}, {"source": 81, "target": 110, "weight": 0.010417}, {"source": 81, "target": 104, "weight": 0.05914}, {"source": 81, "target": 107, "weight": 0.004545}, {"source": 81, "target": 114, "weight": 0.011765}, {"source": 81, "target": 82, "weight": 0.016722}, {"source": 81, "target": 83, "weight": 0.012346}, {"source": 81, "target": 98, "weight": 0.017442}, {"source": 82, "target": 87, "weight": 0.015075}, {"source": 82, "target": 88, "weight": 0.005682}, {"source": 82, "target": 92, "weight": 0.015625}, {"source": 82, "target": 94, "weight": 0.005435}, {"source": 82, "target": 111, "weight": 0.009174}, {"source": 82, "target": 110, "weight": 0.009901}, {"source": 82, "target": 104, "weight": 0.009756}, {"source": 82, "target": 106, "weight": 0.005714}, {"source": 82, "target": 115, "weight": 0.037453}, {"source": 82, "target": 112, "weight": 0.004854}, {"source": 82, "target": 108, "weight": 0.007576}, {"source": 82, "target": 114, "weight": 0.019011}, {"source": 82, "target": 83, "weight": 0.015873}, {"source": 82, "target": 98, "weight": 0.005435}, {"source": 82, "target": 84, "weight": 0.006211}, {"source": 83, "target": 87, "weight": 0.006993}, {"source": 83, "target": 111, "weight": 0.006211}, {"source": 83, "target": 103, "weight": 0.013793}, {"source": 83, "target": 114, "weight": 0.381579}, {"source": 84, "target": 114, "weight": 0.008696}, {"source": 85, "target": 88, "weight": 0.028571}, {"source": 85, "target": 114, "weight": 0.016}, {"source": 86, "target": 92, "weight": 0.00641}, {"source": 87, "target": 115, "weight": 0.01227}, {"source": 87, "target": 92, "weight": 0.104478}, {"source": 87, "target": 94, "weight": 0.013889}, {"source": 87, "target": 111, "weight": 0.018868}, {"source": 87, "target": 99, "weight": 0.008264}, {"source": 87, "target": 104, "weight": 0.021505}, {"source": 87, "target": 107, "weight": 0.008475}, {"source": 87, "target": 114, "weight": 0.006452}, {"source": 87, "target": 98, "weight": 0.057971}, {"source": 88, "target": 111, "weight": 0.012195}, {"source": 88, "target": 106, "weight": 0.026316}, {"source": 89, "target": 97, "weight": 0.532258}, {"source": 89, "target": 99, "weight": 0.007576}, {"source": 89, "target": 106, "weight": 0.027397}, {"source": 90, "target": 120, "weight": 0.010417}, {"source": 90, "target": 93, "weight": 0.075758}, {"source": 90, "target": 106, "weight": 0.014706}, {"source": 92, "target": 111, "weight": 0.006061}, {"source": 92, "target": 114, "weight": 0.004695}, {"source": 94, "target": 111, "weight": 0.045977}, {"source": 94, "target": 114, "weight": 0.007246}, {"source": 95, "target": 111, "weight": 0.011765}, {"source": 97, "target": 100, "weight": 0.018182}, {"source": 97, "target": 101, "weight": 0.75}, {"source": 97, "target": 106, "weight": 0.035714}, {"source": 98, "target": 111, "weight": 0.011111}, {"source": 99, "target": 108, "weight": 0.005405}, {"source": 99, "target": 102, "weight": 0.011494}, {"source": 101, "target": 106, "weight": 0.036364}, {"source": 102, "target": 111, "weight": 0.013699}, {"source": 103, "target": 114, "weight": 0.019231}, {"source": 103, "target": 104, "weight": 0.020833}, {"source": 104, "target": 111, "weight": 0.036697}, {"source": 104, "target": 114, "weight": 0.298387}, {"source": 107, "target": 111, "weight": 0.007353}, {"source": 107, "target": 114, "weight": 0.005435}, {"source": 108, "target": 116, "weight": 0.006579}, {"source": 108, "target": 111, "weight": 0.005848}, {"source": 109, "target": 114, "weight": 0.006803}, {"source": 110, "target": 111, "weight": 0.009174}, {"source": 110, "target": 114, "weight": 0.046358}, {"source": 111, "target": 114, "weight": 0.00578}, {"source": 112, "target": 120, "weight": 0.154762}, {"source": 114, "target": 115, "weight": 0.022124}, {"source": 117, "target": 119, "weight": 0.029412}, {"source": 118, "target": 120, "weight": 0.015873}], "multigraph": false}