{"directed": false, "graph": {}, "nodes": [{"group": 0, "id": "advisory"}, {"group": 1, "id": "adorned"}, {"group": 2, "id": "adsorb", "degree": 6}, {"group": 3, "id": "adventuress"}, {"group": 4, "id": "adjective", "degree": 1}, {"group": 2, "id": "adjustment", "degree": 17}, {"group": 5, "id": "adhesive"}, {"group": 6, "id": "adoration", "degree": 16}, {"group": 7, "id": "adjuvant"}, {"group": 2, "id": "admission"}, {"group": 7, "id": "advancement"}, {"group": 8, "id": "add", "degree": 11}, {"group": 2, "id": "adoption"}, {"group": 8, "id": "adjoin"}, {"group": 7, "id": "admixture", "degree": 8}, {"group": 1, "id": "ado"}, {"group": 1, "id": "adequate"}, {"group": 1, "id": "admirable"}, {"group": 0, "id": "adviser", "degree": 11}, {"group": 0, "id": "adherent"}, {"group": 7, "id": "advantage"}, {"group": 0, "id": "advocate"}, {"group": 8, "id": "adumbrate", "degree": 10}, {"group": 3, "id": "adventurous"}, {"group": 7, "id": "advanced"}, {"group": 9, "id": "addlepate", "degree": 0}, {"group": 10, "id": "adulthood", "degree": 0}, {"group": 7, "id": "advent", "degree": 6}, {"group": 1, "id": "admitted"}, {"group": 1, "id": "admissible"}, {"group": 8, "id": "adjust", "degree": 18}, {"group": 6, "id": "adherence", "degree": 19}, {"group": 5, "id": "adobe", "degree": 3}, {"group": 0, "id": "admonition", "degree": 7}, {"group": 6, "id": "adulation", "degree": 7}, {"group": 0, "id": "advertise", "degree": 10}, {"group": 1, "id": "advantageous"}, {"group": 1, "id": "addled"}, {"group": 8, "id": "adhere"}, {"group": 8, "id": "adapt", "degree": 32}, {"group": 7, "id": "adduction"}, {"group": 1, "id": "adorable", "degree": 11}, {"group": 3, "id": "adventuresome", "degree": 2}, {"group": 0, "id": "advertent"}, {"group": 0, "id": "adage"}, {"group": 7, "id": "address", "degree": 42}, {"group": 5, "id": "adversary"}, {"group": 8, "id": "adulterate", "degree": 3}, {"group": 7, "id": "advance", "degree": 40}, {"group": 0, "id": "adolescent", "degree": 4}, {"group": 1, "id": "adept", "degree": 15}, {"group": 3, "id": "adventurer", "degree": 13}, {"group": 1, "id": "adored"}, {"group": 8, "id": "admit"}, {"group": 7, "id": "addendum"}, {"group": 1, "id": "adapted"}, {"group": 8, "id": "adulterated"}, {"group": 0, "id": "addict"}, {"group": 1, "id": "adjusted", "degree": 13}, {"group": 11, "id": "adjustable", "degree": 4}, {"group": 1, "id": "adroit"}, {"group": 8, "id": "administer"}, {"group": 12, "id": "adjoining", "degree": 3}, {"group": 2, "id": "adaptation", "degree": 31}, {"group": 7, "id": "adventitious"}, {"group": 7, "id": "additive", "degree": 13}, {"group": 7, "id": "additional"}, {"group": 4, "id": "adverb"}, {"group": 7, "id": "addition", "degree": 41}, {"group": 1, "id": "adopted", "degree": 3}, {"group": 7, "id": "adagio"}, {"group": 0, "id": "admonish", "degree": 15}, {"group": 7, "id": "adult", "degree": 2}, {"group": 7, "id": "adjourn"}, {"group": 5, "id": "adamant", "degree": 4}, {"group": 6, "id": "admiration"}, {"group": 2, "id": "admissibility", "degree": 8}, {"group": 0, "id": "advocacy"}, {"group": 6, "id": "admire", "degree": 13}, {"group": 6, "id": "adore", "degree": 10}, {"group": 1, "id": "advisable", "degree": 17}, {"group": 8, "id": "adorn", "degree": 6}, {"group": 1, "id": "admired"}, {"group": 1, "id": "adipose", "degree": 6}, {"group": 8, "id": "adornment", "degree": 10}, {"group": 7, "id": "adultery", "degree": 3}, {"group": 0, "id": "admirer", "degree": 7}, {"group": 8, "id": "addle"}, {"group": 11, "id": "adrift"}, {"group": 6, "id": "adjudicate", "degree": 9}, {"group": 1, "id": "adoring", "degree": 3}, {"group": 0, "id": "administration", "degree": 9}, {"group": 2, "id": "adsorption"}, {"group": 7, "id": "adjunct"}, {"group": 5, "id": "adverse", "degree": 4}, {"group": 12, "id": "adjacent", "degree": 4}, {"group": 0, "id": "advise", "degree": 8}, {"group": 0, "id": "administrator"}, {"group": 8, "id": "adieu", "degree": 2}, {"group": 7, "id": "adit", "degree": 6}, {"group": 2, "id": "adsorbent", "degree": 4}, {"group": 0, "id": "advice", "degree": 8}, {"group": 7, "id": "adventure", "degree": 15}, {"group": 0, "id": "advertisement"}, {"group": 7, "id": "adjure"}, {"group": 11, "id": "adaptable"}, {"group": 6, "id": "adopt"}, {"group": 2, "id": "addiction"}, {"group": 0, "id": "adjutant", "degree": 9}], "links": [{"source": 0, "target": 101, "weight": 0.019231}, {"source": 0, "target": 33, "weight": 0.017544}, {"source": 1, "target": 50, "weight": 0.01}, {"source": 1, "target": 7, "weight": 0.011236}, {"source": 1, "target": 41, "weight": 0.015152}, {"source": 2, "target": 100, "weight": 0.037037}, {"source": 2, "target": 106, "weight": 0.019231}, {"source": 2, "target": 11, "weight": 0.014286}, {"source": 2, "target": 92, "weight": 0.043478}, {"source": 2, "target": 53, "weight": 0.0125}, {"source": 2, "target": 30, "weight": 0.006944}, {"source": 2, "target": 39, "weight": 0.009434}, {"source": 3, "target": 42, "weight": 0.035714}, {"source": 3, "target": 51, "weight": 0.0625}, {"source": 4, "target": 68, "weight": 0.005181}, {"source": 4, "target": 67, "weight": 0.75}, {"source": 4, "target": 45, "weight": 0.00463}, {"source": 5, "target": 58, "weight": 0.007692}, {"source": 5, "target": 61, "weight": 0.01087}, {"source": 5, "target": 63, "weight": 0.573529}, {"source": 5, "target": 7, "weight": 0.005952}, {"source": 5, "target": 36, "weight": 0.010471}, {"source": 5, "target": 68, "weight": 0.017065}, {"source": 5, "target": 9, "weight": 0.018605}, {"source": 5, "target": 91, "weight": 0.01087}, {"source": 5, "target": 10, "weight": 0.018634}, {"source": 5, "target": 92, "weight": 0.00813}, {"source": 5, "target": 93, "weight": 0.011719}, {"source": 5, "target": 12, "weight": 0.026667}, {"source": 5, "target": 39, "weight": 0.029851}, {"source": 5, "target": 14, "weight": 0.015038}, {"source": 5, "target": 15, "weight": 0.005556}, {"source": 5, "target": 16, "weight": 0.006667}, {"source": 5, "target": 13, "weight": 0.013245}, {"source": 5, "target": 84, "weight": 0.015748}, {"source": 5, "target": 100, "weight": 0.007874}, {"source": 5, "target": 20, "weight": 0.010695}, {"source": 5, "target": 54, "weight": 0.005917}, {"source": 5, "target": 105, "weight": 0.005556}, {"source": 5, "target": 102, "weight": 0.00565}, {"source": 5, "target": 45, "weight": 0.00627}, {"source": 5, "target": 107, "weight": 0.008475}, {"source": 5, "target": 48, "weight": 0.019656}, {"source": 5, "target": 76, "weight": 0.014184}, {"source": 5, "target": 29, "weight": 0.004673}, {"source": 5, "target": 53, "weight": 0.005556}, {"source": 5, "target": 30, "weight": 0.038136}, {"source": 5, "target": 31, "weight": 0.031447}, {"source": 5, "target": 80, "weight": 0.013986}, {"source": 5, "target": 55, "weight": 0.013245}, {"source": 5, "target": 81, "weight": 0.006579}, {"source": 6, "target": 7, "weight": 0.008264}, {"source": 6, "target": 32, "weight": 0.021277}, {"source": 6, "target": 94, "weight": 0.008197}, {"source": 6, "target": 68, "weight": 0.012097}, {"source": 6, "target": 31, "weight": 0.017391}, {"source": 6, "target": 14, "weight": 0.011494}, {"source": 6, "target": 65, "weight": 0.021739}, {"source": 6, "target": 74, "weight": 0.009091}, {"source": 7, "target": 60, "weight": 0.008696}, {"source": 7, "target": 61, "weight": 0.007576}, {"source": 7, "target": 34, "weight": 0.05814}, {"source": 7, "target": 63, "weight": 0.00625}, {"source": 7, "target": 85, "weight": 0.022989}, {"source": 7, "target": 65, "weight": 0.011494}, {"source": 7, "target": 89, "weight": 0.028986}, {"source": 7, "target": 68, "weight": 0.00823}, {"source": 7, "target": 9, "weight": 0.006061}, {"source": 7, "target": 90, "weight": 0.010417}, {"source": 7, "target": 93, "weight": 0.004878}, {"source": 7, "target": 8, "weight": 0.009524}, {"source": 7, "target": 20, "weight": 0.007407}, {"source": 7, "target": 21, "weight": 0.004425}, {"source": 7, "target": 50, "weight": 0.007937}, {"source": 7, "target": 45, "weight": 0.003745}, {"source": 7, "target": 48, "weight": 0.005556}, {"source": 7, "target": 75, "weight": 0.626667}, {"source": 7, "target": 77, "weight": 0.019802}, {"source": 7, "target": 78, "weight": 0.092105}, {"source": 7, "target": 79, "weight": 0.12987}, {"source": 7, "target": 31, "weight": 0.11}, {"source": 7, "target": 54, "weight": 0.008621}, {"source": 7, "target": 81, "weight": 0.010101}, {"source": 8, "target": 48, "weight": 0.014409}, {"source": 8, "target": 65, "weight": 0.5}, {"source": 8, "target": 68, "weight": 0.135266}, {"source": 8, "target": 27, "weight": 0.015625}, {"source": 8, "target": 11, "weight": 0.009346}, {"source": 8, "target": 31, "weight": 0.01}, {"source": 8, "target": 108, "weight": 0.015873}, {"source": 9, "target": 27, "weight": 0.008065}, {"source": 9, "target": 18, "weight": 0.006993}, {"source": 9, "target": 98, "weight": 0.008929}, {"source": 9, "target": 99, "weight": 0.054264}, {"source": 9, "target": 100, "weight": 0.033058}, {"source": 9, "target": 48, "weight": 0.007335}, {"source": 9, "target": 68, "weight": 0.020761}, {"source": 9, "target": 91, "weight": 0.01105}, {"source": 9, "target": 76, "weight": 0.085271}, {"source": 9, "target": 51, "weight": 0.006173}, {"source": 9, "target": 71, "weight": 0.006944}, {"source": 9, "target": 63, "weight": 0.004762}, {"source": 9, "target": 45, "weight": 0.025806}, {"source": 9, "target": 31, "weight": 0.00625}, {"source": 9, "target": 41, "weight": 0.007042}, {"source": 9, "target": 101, "weight": 0.013793}, {"source": 10, "target": 48, "weight": 0.170492}, {"source": 10, "target": 84, "weight": 0.014286}, {"source": 10, "target": 99, "weight": 0.038462}, {"source": 10, "target": 68, "weight": 0.057269}, {"source": 10, "target": 27, "weight": 0.029412}, {"source": 10, "target": 91, "weight": 0.007874}, {"source": 10, "target": 34, "weight": 0.011765}, {"source": 10, "target": 102, "weight": 0.025641}, {"source": 10, "target": 45, "weight": 0.007663}, {"source": 10, "target": 35, "weight": 0.009524}, {"source": 10, "target": 63, "weight": 0.019608}, {"source": 11, "target": 48, "weight": 0.005525}, {"source": 11, "target": 84, "weight": 0.026316}, {"source": 11, "target": 65, "weight": 0.011236}, {"source": 11, "target": 66, "weight": 0.010753}, {"source": 11, "target": 68, "weight": 0.016461}, {"source": 11, "target": 102, "weight": 0.007937}, {"source": 11, "target": 22, "weight": 0.019802}, {"source": 11, "target": 106, "weight": 0.009901}, {"source": 11, "target": 93, "weight": 0.004831}, {"source": 11, "target": 38, "weight": 0.058824}, {"source": 11, "target": 53, "weight": 0.048387}, {"source": 11, "target": 30, "weight": 0.021053}, {"source": 11, "target": 63, "weight": 0.006173}, {"source": 11, "target": 45, "weight": 0.003717}, {"source": 11, "target": 14, "weight": 0.037037}, {"source": 11, "target": 54, "weight": 0.025862}, {"source": 11, "target": 81, "weight": 0.02}, {"source": 11, "target": 13, "weight": 0.2}, {"source": 11, "target": 39, "weight": 0.019608}, {"source": 12, "target": 99, "weight": 0.014286}, {"source": 12, "target": 100, "weight": 0.016949}, {"source": 12, "target": 68, "weight": 0.008772}, {"source": 12, "target": 76, "weight": 0.027397}, {"source": 12, "target": 63, "weight": 0.020979}, {"source": 12, "target": 45, "weight": 0.007968}, {"source": 12, "target": 31, "weight": 0.010526}, {"source": 12, "target": 41, "weight": 0.012987}, {"source": 13, "target": 48, "weight": 0.005814}, {"source": 13, "target": 84, "weight": 0.034483}, {"source": 13, "target": 65, "weight": 0.014085}, {"source": 13, "target": 68, "weight": 0.004386}, {"source": 13, "target": 30, "weight": 0.005714}, {"source": 13, "target": 62, "weight": 0.017857}, {"source": 13, "target": 39, "weight": 0.007299}, {"source": 13, "target": 95, "weight": 0.017544}, {"source": 13, "target": 80, "weight": 0.013333}, {"source": 13, "target": 81, "weight": 0.037037}, {"source": 13, "target": 63, "weight": 0.006944}, {"source": 14, "target": 19, "weight": 0.011494}, {"source": 14, "target": 68, "weight": 0.044554}, {"source": 14, "target": 93, "weight": 0.005848}, {"source": 14, "target": 30, "weight": 0.006369}, {"source": 14, "target": 63, "weight": 0.016}, {"source": 14, "target": 47, "weight": 0.011905}, {"source": 15, "target": 48, "weight": 0.010811}, {"source": 15, "target": 58, "weight": 0.011236}, {"source": 15, "target": 30, "weight": 0.004926}, {"source": 15, "target": 39, "weight": 0.006061}, {"source": 15, "target": 80, "weight": 0.009709}, {"source": 15, "target": 63, "weight": 0.005814}, {"source": 16, "target": 48, "weight": 0.002915}, {"source": 16, "target": 58, "weight": 0.090909}, {"source": 16, "target": 50, "weight": 0.028302}, {"source": 16, "target": 30, "weight": 0.00578}, {"source": 16, "target": 39, "weight": 0.007407}, {"source": 16, "target": 80, "weight": 0.057143}, {"source": 16, "target": 41, "weight": 0.027397}, {"source": 16, "target": 63, "weight": 0.007042}, {"source": 17, "target": 68, "weight": 0.004785}, {"source": 17, "target": 50, "weight": 0.010989}, {"source": 17, "target": 41, "weight": 0.183673}, {"source": 18, "target": 19, "weight": 0.010101}, {"source": 18, "target": 60, "weight": 0.010753}, {"source": 18, "target": 51, "weight": 0.022472}, {"source": 18, "target": 21, "weight": 0.035354}, {"source": 18, "target": 33, "weight": 0.012658}, {"source": 18, "target": 77, "weight": 0.0125}, {"source": 18, "target": 50, "weight": 0.029412}, {"source": 18, "target": 96, "weight": 0.026667}, {"source": 18, "target": 91, "weight": 0.009091}, {"source": 18, "target": 101, "weight": 0.041667}, {"source": 19, "target": 32, "weight": 0.010526}, {"source": 19, "target": 68, "weight": 0.004}, {"source": 19, "target": 51, "weight": 0.008475}, {"source": 19, "target": 22, "weight": 0.009434}, {"source": 19, "target": 86, "weight": 0.108911}, {"source": 19, "target": 65, "weight": 0.010753}, {"source": 19, "target": 108, "weight": 0.025641}, {"source": 20, "target": 58, "weight": 0.010309}, {"source": 20, "target": 63, "weight": 0.016854}, {"source": 20, "target": 35, "weight": 0.015504}, {"source": 20, "target": 65, "weight": 0.009346}, {"source": 20, "target": 89, "weight": 0.022472}, {"source": 20, "target": 68, "weight": 0.019231}, {"source": 20, "target": 39, "weight": 0.011628}, {"source": 20, "target": 50, "weight": 0.006849}, {"source": 20, "target": 102, "weight": 0.006944}, {"source": 20, "target": 45, "weight": 0.014085}, {"source": 20, "target": 48, "weight": 0.073034}, {"source": 20, "target": 71, "weight": 0.008772}, {"source": 20, "target": 76, "weight": 0.037736}, {"source": 20, "target": 27, "weight": 0.010638}, {"source": 20, "target": 78, "weight": 0.019802}, {"source": 20, "target": 30, "weight": 0.009524}, {"source": 20, "target": 79, "weight": 0.019048}, {"source": 20, "target": 31, "weight": 0.015504}, {"source": 20, "target": 80, "weight": 0.018182}, {"source": 20, "target": 108, "weight": 0.010753}, {"source": 21, "target": 51, "weight": 0.004484}, {"source": 21, "target": 33, "weight": 0.004717}, {"source": 21, "target": 62, "weight": 0.005464}, {"source": 21, "target": 86, "weight": 0.172973}, {"source": 21, "target": 35, "weight": 0.037383}, {"source": 21, "target": 65, "weight": 0.005051}, {"source": 21, "target": 68, "weight": 0.008499}, {"source": 21, "target": 94, "weight": 0.004405}, {"source": 21, "target": 95, "weight": 0.005435}, {"source": 21, "target": 96, "weight": 0.076923}, {"source": 21, "target": 101, "weight": 0.004831}, {"source": 21, "target": 22, "weight": 0.009524}, {"source": 21, "target": 71, "weight": 0.019802}, {"source": 21, "target": 45, "weight": 0.005305}, {"source": 21, "target": 48, "weight": 0.032751}, {"source": 21, "target": 83, "weight": 0.004484}, {"source": 21, "target": 78, "weight": 0.021053}, {"source": 21, "target": 79, "weight": 0.005076}, {"source": 21, "target": 31, "weight": 0.009091}, {"source": 21, "target": 108, "weight": 0.027778}, {"source": 22, "target": 48, "weight": 0.00289}, {"source": 22, "target": 35, "weight": 0.010526}, {"source": 22, "target": 33, "weight": 0.011628}, {"source": 22, "target": 71, "weight": 0.012658}, {"source": 22, "target": 53, "weight": 0.008929}, {"source": 22, "target": 84, "weight": 0.016667}, {"source": 22, "target": 96, "weight": 0.012048}, {"source": 22, "target": 87, "weight": 0.010204}, {"source": 23, "target": 42, "weight": 0.451613}, {"source": 23, "target": 48, "weight": 0.003012}, {"source": 23, "target": 51, "weight": 0.02439}, {"source": 23, "target": 63, "weight": 0.007634}, {"source": 23, "target": 45, "weight": 0.004202}, {"source": 24, "target": 48, "weight": 0.002747}, {"source": 24, "target": 99, "weight": 0.011364}, {"source": 24, "target": 49, "weight": 0.011905}, {"source": 24, "target": 50, "weight": 0.007752}, {"source": 24, "target": 72, "weight": 0.014925}, {"source": 24, "target": 45, "weight": 0.007435}, {"source": 27, "target": 48, "weight": 0.042208}, {"source": 27, "target": 99, "weight": 0.046512}, {"source": 27, "target": 68, "weight": 0.030303}, {"source": 27, "target": 91, "weight": 0.022222}, {"source": 27, "target": 93, "weight": 0.018519}, {"source": 27, "target": 102, "weight": 0.02439}, {"source": 27, "target": 45, "weight": 0.004425}, {"source": 27, "target": 65, "weight": 0.021739}, {"source": 27, "target": 54, "weight": 0.013333}, {"source": 28, "target": 90, "weight": 0.010526}, {"source": 28, "target": 69, "weight": 0.044118}, {"source": 28, "target": 71, "weight": 0.010753}, {"source": 28, "target": 30, "weight": 0.015957}, {"source": 28, "target": 39, "weight": 0.02}, {"source": 28, "target": 80, "weight": 0.05814}, {"source": 29, "target": 48, "weight": 0.002457}, {"source": 29, "target": 58, "weight": 0.024793}, {"source": 29, "target": 65, "weight": 0.007519}, {"source": 29, "target": 50, "weight": 0.005814}, {"source": 29, "target": 30, "weight": 0.004219}, {"source": 29, "target": 39, "weight": 0.005025}, {"source": 29, "target": 80, "weight": 0.037594}, {"source": 29, "target": 41, "weight": 0.02963}, {"source": 29, "target": 35, "weight": 0.00641}, {"source": 29, "target": 63, "weight": 0.004854}, {"source": 30, "target": 58, "weight": 0.013158}, {"source": 30, "target": 61, "weight": 0.02451}, {"source": 30, "target": 63, "weight": 0.021552}, {"source": 30, "target": 35, "weight": 0.010811}, {"source": 30, "target": 36, "weight": 0.014085}, {"source": 30, "target": 68, "weight": 0.00627}, {"source": 30, "target": 91, "weight": 0.004808}, {"source": 30, "target": 38, "weight": 0.012346}, {"source": 30, "target": 93, "weight": 0.003559}, {"source": 30, "target": 96, "weight": 0.005747}, {"source": 30, "target": 39, "weight": 0.642857}, {"source": 30, "target": 50, "weight": 0.00495}, {"source": 30, "target": 102, "weight": 0.005}, {"source": 30, "target": 45, "weight": 0.011765}, {"source": 30, "target": 48, "weight": 0.025761}, {"source": 30, "target": 71, "weight": 0.005882}, {"source": 30, "target": 47, "weight": 0.010363}, {"source": 30, "target": 106, "weight": 0.011494}, {"source": 30, "target": 83, "weight": 0.005319}, {"source": 30, "target": 53, "weight": 0.02}, {"source": 30, "target": 31, "weight": 0.005376}, {"source": 30, "target": 80, "weight": 0.018182}, {"source": 30, "target": 55, "weight": 0.017341}, {"source": 30, "target": 57, "weight": 0.005814}, {"source": 31, "target": 61, "weight": 0.007874}, {"source": 31, "target": 34, "weight": 0.011765}, {"source": 31, "target": 63, "weight": 0.026316}, {"source": 31, "target": 65, "weight": 0.012195}, {"source": 31, "target": 89, "weight": 0.015385}, {"source": 31, "target": 68, "weight": 0.038961}, {"source": 31, "target": 91, "weight": 0.04065}, {"source": 31, "target": 38, "weight": 0.024691}, {"source": 31, "target": 93, "weight": 0.02551}, {"source": 31, "target": 39, "weight": 0.006757}, {"source": 31, "target": 102, "weight": 0.008403}, {"source": 31, "target": 45, "weight": 0.015444}, {"source": 31, "target": 48, "weight": 0.005634}, {"source": 31, "target": 75, "weight": 0.158416}, {"source": 31, "target": 77, "weight": 0.031579}, {"source": 31, "target": 78, "weight": 0.068493}, {"source": 31, "target": 79, "weight": 0.037975}, {"source": 31, "target": 54, "weight": 0.009009}, {"source": 32, "target": 74, "weight": 0.012821}, {"source": 32, "target": 48, "weight": 0.002985}, {"source": 33, "target": 44, "weight": 0.013514}, {"source": 33, "target": 91, "weight": 0.017094}, {"source": 33, "target": 77, "weight": 0.253521}, {"source": 33, "target": 71, "weight": 0.08}, {"source": 33, "target": 45, "weight": 0.02008}, {"source": 33, "target": 96, "weight": 0.024096}, {"source": 33, "target": 101, "weight": 0.136986}, {"source": 34, "target": 61, "weight": 0.009346}, {"source": 34, "target": 93, "weight": 0.005556}, {"source": 34, "target": 48, "weight": 0.002976}, {"source": 34, "target": 68, "weight": 0.004566}, {"source": 34, "target": 78, "weight": 0.017544}, {"source": 34, "target": 79, "weight": 0.050847}, {"source": 34, "target": 45, "weight": 0.004132}, {"source": 34, "target": 75, "weight": 0.054348}, {"source": 34, "target": 81, "weight": 0.013514}, {"source": 35, "target": 48, "weight": 0.011331}, {"source": 35, "target": 84, "weight": 0.014286}, {"source": 35, "target": 93, "weight": 0.005}, {"source": 35, "target": 36, "weight": 0.007463}, {"source": 35, "target": 44, "weight": 0.012048}, {"source": 35, "target": 68, "weight": 0.004184}, {"source": 35, "target": 51, "weight": 0.009346}, {"source": 35, "target": 38, "weight": 0.012195}, {"source": 35, "target": 61, "weight": 0.015873}, {"source": 35, "target": 71, "weight": 0.022727}, {"source": 35, "target": 39, "weight": 0.013605}, {"source": 35, "target": 103, "weight": 0.033898}, {"source": 35, "target": 45, "weight": 0.011538}, {"source": 35, "target": 96, "weight": 0.189873}, {"source": 35, "target": 81, "weight": 0.032609}, {"source": 36, "target": 48, "weight": 0.002597}, {"source": 36, "target": 58, "weight": 0.009901}, {"source": 36, "target": 68, "weight": 0.003731}, {"source": 36, "target": 83, "weight": 0.007353}, {"source": 36, "target": 50, "weight": 0.027211}, {"source": 36, "target": 39, "weight": 0.017143}, {"source": 36, "target": 80, "weight": 0.364706}, {"source": 36, "target": 41, "weight": 0.008621}, {"source": 36, "target": 63, "weight": 0.010929}, {"source": 37, "target": 48, "weight": 0.002841}, {"source": 37, "target": 80, "weight": 0.012195}, {"source": 37, "target": 83, "weight": 0.009709}, {"source": 38, "target": 48, "weight": 0.003003}, {"source": 38, "target": 89, "weight": 0.02381}, {"source": 38, "target": 39, "weight": 0.016129}, {"source": 38, "target": 45, "weight": 0.012658}, {"source": 38, "target": 80, "weight": 0.015873}, {"source": 38, "target": 96, "weight": 0.014286}, {"source": 39, "target": 58, "weight": 0.017544}, {"source": 39, "target": 61, "weight": 0.03012}, {"source": 39, "target": 63, "weight": 0.031088}, {"source": 39, "target": 68, "weight": 0.007117}, {"source": 39, "target": 91, "weight": 0.005882}, {"source": 39, "target": 93, "weight": 0.004115}, {"source": 39, "target": 71, "weight": 0.007576}, {"source": 39, "target": 57, "weight": 0.007463}, {"source": 39, "target": 45, "weight": 0.006579}, {"source": 39, "target": 96, "weight": 0.007353}, {"source": 39, "target": 48, "weight": 0.020408}, {"source": 39, "target": 47, "weight": 0.00641}, {"source": 39, "target": 106, "weight": 0.014706}, {"source": 39, "target": 83, "weight": 0.006667}, {"source": 39, "target": 53, "weight": 0.024691}, {"source": 39, "target": 80, "weight": 0.023622}, {"source": 39, "target": 55, "weight": 0.022222}, {"source": 39, "target": 102, "weight": 0.006173}, {"source": 40, "target": 68, "weight": 0.010204}, {"source": 41, "target": 82, "weight": 0.017241}, {"source": 41, "target": 68, "weight": 0.004525}, {"source": 41, "target": 52, "weight": 0.019608}, {"source": 41, "target": 80, "weight": 0.014706}, {"source": 42, "target": 51, "weight": 0.014286}, {"source": 43, "target": 71, "weight": 0.017241}, {"source": 43, "target": 96, "weight": 0.016129}, {"source": 44, "target": 101, "weight": 0.014493}, {"source": 44, "target": 96, "weight": 0.014085}, {"source": 44, "target": 45, "weight": 0.025532}, {"source": 45, "target": 60, "weight": 0.011321}, {"source": 45, "target": 61, "weight": 0.014235}, {"source": 45, "target": 63, "weight": 0.006431}, {"source": 45, "target": 87, "weight": 0.003774}, {"source": 45, "target": 67, "weight": 0.00463}, {"source": 45, "target": 68, "weight": 0.002525}, {"source": 45, "target": 91, "weight": 0.02518}, {"source": 45, "target": 96, "weight": 0.008032}, {"source": 45, "target": 98, "weight": 0.004673}, {"source": 45, "target": 99, "weight": 0.008475}, {"source": 45, "target": 101, "weight": 0.012195}, {"source": 45, "target": 102, "weight": 0.014652}, {"source": 45, "target": 103, "weight": 0.004608}, {"source": 45, "target": 104, "weight": 0.004525}, {"source": 45, "target": 48, "weight": 0.01581}, {"source": 45, "target": 75, "weight": 0.007353}, {"source": 45, "target": 71, "weight": 0.004065}, {"source": 45, "target": 50, "weight": 0.01087}, {"source": 45, "target": 106, "weight": 0.012048}, {"source": 45, "target": 77, "weight": 0.011905}, {"source": 45, "target": 53, "weight": 0.003584}, {"source": 45, "target": 54, "weight": 0.003731}, {"source": 45, "target": 81, "weight": 0.003984}, {"source": 46, "target": 94, "weight": 0.523077}, {"source": 46, "target": 51, "weight": 0.010638}, {"source": 47, "target": 88, "weight": 0.005181}, {"source": 47, "target": 56, "weight": 0.027027}, {"source": 47, "target": 87, "weight": 0.008621}, {"source": 48, "target": 58, "weight": 0.003096}, {"source": 48, "target": 61, "weight": 0.013369}, {"source": 48, "target": 63, "weight": 0.022613}, {"source": 48, "target": 65, "weight": 0.015198}, {"source": 48, "target": 66, "weight": 0.002967}, {"source": 48, "target": 49, "weight": 0.003058}, {"source": 48, "target": 68, "weight": 0.105856}, {"source": 48, "target": 91, "weight": 0.002646}, {"source": 48, "target": 93, "weight": 0.027273}, {"source": 48, "target": 84, "weight": 0.003115}, {"source": 48, "target": 99, "weight": 0.015291}, {"source": 48, "target": 54, "weight": 0.013966}, {"source": 48, "target": 71, "weight": 0.0059}, {"source": 48, "target": 72, "weight": 0.003226}, {"source": 48, "target": 103, "weight": 0.003215}, {"source": 48, "target": 73, "weight": 0.003135}, {"source": 48, "target": 96, "weight": 0.014706}, {"source": 48, "target": 104, "weight": 0.003175}, {"source": 48, "target": 70, "weight": 0.003135}, {"source": 48, "target": 75, "weight": 0.005464}, {"source": 48, "target": 50, "weight": 0.002688}, {"source": 48, "target": 106, "weight": 0.002899}, {"source": 48, "target": 77, "weight": 0.014535}, {"source": 48, "target": 78, "weight": 0.009202}, {"source": 48, "target": 53, "weight": 0.005376}, {"source": 48, "target": 79, "weight": 0.009091}, {"source": 48, "target": 108, "weight": 0.003135}, {"source": 48, "target": 80, "weight": 0.002967}, {"source": 48, "target": 81, "weight": 0.008746}, {"source": 48, "target": 55, "weight": 0.002899}, {"source": 48, "target": 102, "weight": 0.016438}, {"source": 49, "target": 61, "weight": 0.010204}, {"source": 49, "target": 56, "weight": 0.013158}, {"source": 49, "target": 57, "weight": 0.016129}, {"source": 50, "target": 58, "weight": 0.011364}, {"source": 50, "target": 59, "weight": 0.009804}, {"source": 50, "target": 60, "weight": 0.476744}, {"source": 50, "target": 51, "weight": 0.00813}, {"source": 50, "target": 91, "weight": 0.014085}, {"source": 50, "target": 95, "weight": 0.011905}, {"source": 50, "target": 97, "weight": 0.011628}, {"source": 50, "target": 105, "weight": 0.022059}, {"source": 50, "target": 75, "weight": 0.007576}, {"source": 50, "target": 83, "weight": 0.00813}, {"source": 50, "target": 80, "weight": 0.019802}, {"source": 50, "target": 55, "weight": 0.018349}, {"source": 51, "target": 60, "weight": 0.008929}, {"source": 51, "target": 105, "weight": 0.008065}, {"source": 51, "target": 59, "weight": 0.011364}, {"source": 51, "target": 57, "weight": 0.010753}, {"source": 53, "target": 98, "weight": 0.013514}, {"source": 53, "target": 89, "weight": 0.0375}, {"source": 53, "target": 68, "weight": 0.007843}, {"source": 53, "target": 101, "weight": 0.009259}, {"source": 53, "target": 78, "weight": 0.010638}, {"source": 53, "target": 63, "weight": 0.005814}, {"source": 54, "target": 84, "weight": 0.013158}, {"source": 54, "target": 65, "weight": 0.412698}, {"source": 54, "target": 68, "weight": 0.2}, {"source": 54, "target": 102, "weight": 0.02439}, {"source": 54, "target": 108, "weight": 0.013514}, {"source": 55, "target": 58, "weight": 0.44186}, {"source": 55, "target": 69, "weight": 0.018182}, {"source": 55, "target": 80, "weight": 0.1875}, {"source": 55, "target": 74, "weight": 0.011364}, {"source": 55, "target": 63, "weight": 0.013986}, {"source": 57, "target": 86, "weight": 0.115385}, {"source": 58, "target": 60, "weight": 0.012987}, {"source": 58, "target": 69, "weight": 0.030303}, {"source": 58, "target": 80, "weight": 0.018868}, {"source": 58, "target": 63, "weight": 0.008197}, {"source": 59, "target": 105, "weight": 0.464789}, {"source": 59, "target": 88, "weight": 0.012121}, {"source": 59, "target": 60, "weight": 0.010989}, {"source": 60, "target": 83, "weight": 0.008929}, {"source": 60, "target": 95, "weight": 0.013699}, {"source": 60, "target": 80, "weight": 0.022222}, {"source": 61, "target": 89, "weight": 0.023256}, {"source": 61, "target": 68, "weight": 0.003831}, {"source": 61, "target": 90, "weight": 0.00885}, {"source": 61, "target": 91, "weight": 0.034483}, {"source": 61, "target": 78, "weight": 0.010101}, {"source": 61, "target": 79, "weight": 0.009709}, {"source": 61, "target": 63, "weight": 0.00565}, {"source": 61, "target": 96, "weight": 0.026549}, {"source": 61, "target": 81, "weight": 0.008621}, {"source": 62, "target": 95, "weight": 0.722222}, {"source": 63, "target": 64, "weight": 0.007194}, {"source": 63, "target": 68, "weight": 0.017544}, {"source": 63, "target": 91, "weight": 0.011364}, {"source": 63, "target": 92, "weight": 0.008696}, {"source": 63, "target": 93, "weight": 0.008032}, {"source": 63, "target": 84, "weight": 0.008333}, {"source": 63, "target": 100, "weight": 0.008403}, {"source": 63, "target": 102, "weight": 0.017964}, {"source": 63, "target": 76, "weight": 0.015038}, {"source": 63, "target": 80, "weight": 0.014815}, {"source": 64, "target": 68, "weight": 0.051643}, {"source": 64, "target": 108, "weight": 0.019231}, {"source": 64, "target": 65, "weight": 0.030769}, {"source": 64, "target": 102, "weight": 0.019608}, {"source": 65, "target": 66, "weight": 0.032258}, {"source": 65, "target": 68, "weight": 0.136126}, {"source": 65, "target": 75, "weight": 0.010753}, {"source": 65, "target": 93, "weight": 0.098765}, {"source": 66, "target": 68, "weight": 0.0625}, {"source": 66, "target": 102, "weight": 0.01}, {"source": 66, "target": 108, "weight": 0.020408}, {"source": 67, "target": 68, "weight": 0.005181}, {"source": 68, "target": 85, "weight": 0.023474}, {"source": 68, "target": 88, "weight": 0.009464}, {"source": 68, "target": 91, "weight": 0.007692}, {"source": 68, "target": 92, "weight": 0.005025}, {"source": 68, "target": 93, "weight": 0.303502}, {"source": 68, "target": 84, "weight": 0.004902}, {"source": 68, "target": 99, "weight": 0.004673}, {"source": 68, "target": 100, "weight": 0.004926}, {"source": 68, "target": 70, "weight": 0.00495}, {"source": 68, "target": 102, "weight": 0.016}, {"source": 68, "target": 75, "weight": 0.008032}, {"source": 68, "target": 76, "weight": 0.013889}, {"source": 68, "target": 77, "weight": 0.008696}, {"source": 68, "target": 108, "weight": 0.00495}, {"source": 69, "target": 82, "weight": 0.055556}, {"source": 71, "target": 101, "weight": 0.027027}, {"source": 71, "target": 102, "weight": 0.009709}, {"source": 71, "target": 77, "weight": 0.012346}, {"source": 71, "target": 96, "weight": 0.098592}, {"source": 71, "target": 91, "weight": 0.009009}, {"source": 74, "target": 94, "weight": 0.019231}, {"source": 75, "target": 89, "weight": 0.026667}, {"source": 75, "target": 78, "weight": 0.1125}, {"source": 75, "target": 79, "weight": 0.120482}, {"source": 75, "target": 85, "weight": 0.021505}, {"source": 75, "target": 81, "weight": 0.009524}, {"source": 76, "target": 99, "weight": 0.016949}, {"source": 76, "target": 100, "weight": 0.020833}, {"source": 76, "target": 92, "weight": 0.022727}, {"source": 76, "target": 107, "weight": 0.025641}, {"source": 77, "target": 91, "weight": 0.052632}, {"source": 77, "target": 101, "weight": 0.150685}, {"source": 77, "target": 78, "weight": 0.029412}, {"source": 77, "target": 79, "weight": 0.013699}, {"source": 77, "target": 96, "weight": 0.036145}, {"source": 78, "target": 106, "weight": 0.030769}, {"source": 78, "target": 89, "weight": 0.055556}, {"source": 78, "target": 79, "weight": 0.459459}, {"source": 78, "target": 81, "weight": 0.015152}, {"source": 79, "target": 89, "weight": 0.05}, {"source": 79, "target": 81, "weight": 0.014286}, {"source": 80, "target": 106, "weight": 0.013333}, {"source": 80, "target": 105, "weight": 0.019608}, {"source": 81, "target": 84, "weight": 0.090909}, {"source": 81, "target": 93, "weight": 0.027027}, {"source": 83, "target": 86, "weight": 0.009804}, {"source": 84, "target": 93, "weight": 0.092105}, {"source": 85, "target": 93, "weight": 0.028736}, {"source": 86, "target": 107, "weight": 0.018182}, {"source": 86, "target": 96, "weight": 0.011364}, {"source": 86, "target": 108, "weight": 0.032258}, {"source": 88, "target": 94, "weight": 0.010526}, {"source": 91, "target": 93, "weight": 0.00905}, {"source": 91, "target": 97, "weight": 0.081395}, {"source": 91, "target": 101, "weight": 0.027027}, {"source": 91, "target": 105, "weight": 0.006944}, {"source": 91, "target": 102, "weight": 0.036496}, {"source": 92, "target": 100, "weight": 0.666667}, {"source": 93, "target": 108, "weight": 0.018634}, {"source": 93, "target": 102, "weight": 0.028708}, {"source": 95, "target": 105, "weight": 0.011765}, {"source": 96, "target": 101, "weight": 0.052632}, {"source": 97, "target": 108, "weight": 0.0625}, {"source": 99, "target": 102, "weight": 0.010638}], "multigraph": false}