{"directed": false, "graph": {}, "nodes": [{"group": 0, "id": "aeromedicine"}, {"group": 1, "id": "aerial"}, {"group": 2, "id": "aerate", "degree": 3}, {"group": 3, "id": "aerialist"}, {"group": 0, "id": "aerodynamics"}, {"group": 3, "id": "aeronaut", "degree": 1}, {"group": 6, "id": "aesthetic", "degree": 0}, {"group": 0, "id": "aerography"}, {"group": 4, "id": "aeon", "degree": 0}, {"group": 3, "id": "aegis", "degree": 1}, {"group": 5, "id": "aerospace", "degree": 1}, {"group": 0, "id": "aeromechanics", "degree": 4}, {"group": 0, "id": "aerology"}, {"group": 1, "id": "aerodynamic", "degree": 2}, {"group": 5, "id": "aerosphere", "degree": 3}, {"group": 0, "id": "aerostatics", "degree": 5}, {"group": 2, "id": "aerosol", "degree": 0}, {"group": 1, "id": "aery", "degree": 3}], "links": [{"source": 0, "target": 11, "weight": 0.75}, {"source": 0, "target": 15, "weight": 0.8}, {"source": 1, "target": 13, "weight": 0.3125}, {"source": 1, "target": 14, "weight": 0.014286}, {"source": 1, "target": 10, "weight": 0.015152}, {"source": 1, "target": 17, "weight": 0.416667}, {"source": 1, "target": 2, "weight": 0.011364}, {"source": 2, "target": 4, "weight": 0.016393}, {"source": 2, "target": 16, "weight": 0.019231}, {"source": 3, "target": 5, "weight": 0.090909}, {"source": 4, "target": 11, "weight": 0.521739}, {"source": 4, "target": 14, "weight": 0.023256}, {"source": 4, "target": 15, "weight": 0.545455}, {"source": 5, "target": 9, "weight": 0.016949}, {"source": 7, "target": 11, "weight": 0.666667}, {"source": 7, "target": 15, "weight": 0.705882}, {"source": 10, "target": 13, "weight": 0.028571}, {"source": 10, "target": 14, "weight": 0.62963}, {"source": 10, "target": 17, "weight": 0.025}, {"source": 11, "target": 12, "weight": 0.666667}, {"source": 11, "target": 15, "weight": 0.705882}, {"source": 12, "target": 15, "weight": 0.705882}, {"source": 13, "target": 17, "weight": 0.681818}], "multigraph": false}