{"directed": false, "graph": {}, "nodes": [{"group": 0, "id": "afterpart"}, {"group": 1, "id": "affair", "degree": 15}, {"group": 0, "id": "afterwards"}, {"group": 2, "id": "afflict", "degree": 5}, {"group": 3, "id": "affix", "degree": 13}, {"group": 2, "id": "afflatus", "degree": 0}, {"group": 4, "id": "affirmative", "degree": 6}, {"group": 1, "id": "affiliation", "degree": 12}, {"group": 2, "id": "affliction", "degree": 6}, {"group": 1, "id": "affectation", "degree": 8}, {"group": 4, "id": "affable"}, {"group": 4, "id": "affluent"}, {"group": 5, "id": "afoot"}, {"group": 6, "id": "afflicted", "degree": 6}, {"group": 1, "id": "affairs"}, {"group": 0, "id": "afraid"}, {"group": 3, "id": "afterthought", "degree": 6}, {"group": 1, "id": "afterlife"}, {"group": 5, "id": "afloat"}, {"group": 1, "id": "affinity"}, {"group": 0, "id": "aft", "degree": 4}, {"group": 7, "id": "aftertaste", "degree": 9}, {"group": 7, "id": "aftermath", "degree": 7}, {"group": 5, "id": "affluence", "degree": 9}, {"group": 4, "id": "affectionate", "degree": 5}, {"group": 6, "id": "affected"}, {"group": 4, "id": "aficionado", "degree": 2}, {"group": 4, "id": "afford"}, {"group": 0, "id": "after"}, {"group": 6, "id": "affecting"}, {"group": 4, "id": "affirmation", "degree": 11}, {"group": 7, "id": "afterglow"}, {"group": 1, "id": "affect"}, {"group": 5, "id": "afghan", "degree": 1}, {"group": 4, "id": "afire", "degree": 4}, {"group": 1, "id": "afresh", "degree": 1}, {"group": 3, "id": "affixation"}, {"group": 5, "id": "affianced", "degree": 2}, {"group": 2, "id": "affront"}, {"group": 7, "id": "aftereffect", "degree": 3}, {"group": 4, "id": "affirm", "degree": 10}, {"group": 4, "id": "affidavit"}, {"group": 5, "id": "afflux"}, {"group": 7, "id": "afterimage"}, {"group": 8, "id": "affiliate"}, {"group": 5, "id": "affirmed", "degree": 6}, {"group": 6, "id": "afflictive", "degree": 1}, {"group": 8, "id": "affiliated", "degree": 4}, {"group": 2, "id": "affusion", "degree": 2}, {"group": 2, "id": "affection"}], "links": [{"source": 0, "target": 1, "weight": 0.010638}, {"source": 0, "target": 16, "weight": 0.015625}, {"source": 0, "target": 39, "weight": 0.071429}, {"source": 0, "target": 40, "weight": 0.010417}, {"source": 0, "target": 4, "weight": 0.026667}, {"source": 0, "target": 22, "weight": 0.04}, {"source": 0, "target": 20, "weight": 0.2}, {"source": 0, "target": 21, "weight": 0.054054}, {"source": 1, "target": 14, "weight": 0.155172}, {"source": 1, "target": 39, "weight": 0.022989}, {"source": 1, "target": 27, "weight": 0.014184}, {"source": 1, "target": 18, "weight": 0.00578}, {"source": 1, "target": 43, "weight": 0.008696}, {"source": 1, "target": 7, "weight": 0.008696}, {"source": 1, "target": 30, "weight": 0.005952}, {"source": 1, "target": 31, "weight": 0.00813}, {"source": 1, "target": 32, "weight": 0.013825}, {"source": 1, "target": 9, "weight": 0.017647}, {"source": 1, "target": 21, "weight": 0.010309}, {"source": 1, "target": 10, "weight": 0.005952}, {"source": 1, "target": 22, "weight": 0.018349}, {"source": 1, "target": 12, "weight": 0.01087}, {"source": 1, "target": 19, "weight": 0.023041}, {"source": 1, "target": 49, "weight": 0.005988}, {"source": 2, "target": 20, "weight": 0.045455}, {"source": 3, "target": 38, "weight": 0.046358}, {"source": 3, "target": 4, "weight": 0.005917}, {"source": 3, "target": 19, "weight": 0.007874}, {"source": 3, "target": 8, "weight": 0.071823}, {"source": 3, "target": 32, "weight": 0.016}, {"source": 3, "target": 49, "weight": 0.015075}, {"source": 3, "target": 13, "weight": 0.011494}, {"source": 4, "target": 36, "weight": 0.202532}, {"source": 4, "target": 16, "weight": 0.070707}, {"source": 4, "target": 28, "weight": 0.010753}, {"source": 4, "target": 41, "weight": 0.01087}, {"source": 4, "target": 42, "weight": 0.010101}, {"source": 4, "target": 7, "weight": 0.014218}, {"source": 4, "target": 30, "weight": 0.006667}, {"source": 4, "target": 8, "weight": 0.007092}, {"source": 4, "target": 20, "weight": 0.014286}, {"source": 4, "target": 23, "weight": 0.006849}, {"source": 4, "target": 38, "weight": 0.009524}, {"source": 5, "target": 48, "weight": 0.025}, {"source": 6, "target": 14, "weight": 0.007937}, {"source": 6, "target": 40, "weight": 0.006757}, {"source": 6, "target": 27, "weight": 0.007407}, {"source": 6, "target": 41, "weight": 0.009709}, {"source": 6, "target": 7, "weight": 0.013514}, {"source": 6, "target": 30, "weight": 0.140845}, {"source": 6, "target": 19, "weight": 0.02381}, {"source": 6, "target": 32, "weight": 0.004717}, {"source": 6, "target": 10, "weight": 0.038462}, {"source": 7, "target": 14, "weight": 0.191011}, {"source": 7, "target": 36, "weight": 0.032432}, {"source": 7, "target": 38, "weight": 0.004975}, {"source": 7, "target": 27, "weight": 0.009132}, {"source": 7, "target": 17, "weight": 0.005917}, {"source": 7, "target": 41, "weight": 0.005319}, {"source": 7, "target": 42, "weight": 0.015544}, {"source": 7, "target": 30, "weight": 0.016461}, {"source": 7, "target": 44, "weight": 0.02008}, {"source": 7, "target": 22, "weight": 0.010695}, {"source": 7, "target": 9, "weight": 0.004}, {"source": 7, "target": 47, "weight": 0.005102}, {"source": 7, "target": 23, "weight": 0.004132}, {"source": 7, "target": 19, "weight": 0.158301}, {"source": 8, "target": 27, "weight": 0.006757}, {"source": 8, "target": 41, "weight": 0.008621}, {"source": 8, "target": 32, "weight": 0.004444}, {"source": 8, "target": 49, "weight": 0.167785}, {"source": 8, "target": 13, "weight": 0.006803}, {"source": 9, "target": 25, "weight": 0.004854}, {"source": 9, "target": 38, "weight": 0.014184}, {"source": 9, "target": 14, "weight": 0.013245}, {"source": 9, "target": 18, "weight": 0.005208}, {"source": 9, "target": 19, "weight": 0.008368}, {"source": 9, "target": 30, "weight": 0.005348}, {"source": 9, "target": 31, "weight": 0.007042}, {"source": 9, "target": 32, "weight": 0.030172}, {"source": 9, "target": 22, "weight": 0.007752}, {"source": 9, "target": 12, "weight": 0.009009}, {"source": 10, "target": 34, "weight": 0.00625}, {"source": 10, "target": 21, "weight": 0.008929}, {"source": 10, "target": 24, "weight": 0.055556}, {"source": 11, "target": 34, "weight": 0.014815}, {"source": 11, "target": 24, "weight": 0.009259}, {"source": 11, "target": 23, "weight": 0.012987}, {"source": 11, "target": 13, "weight": 0.007576}, {"source": 12, "target": 23, "weight": 0.009709}, {"source": 12, "target": 45, "weight": 0.017857}, {"source": 13, "target": 25, "weight": 0.02924}, {"source": 13, "target": 38, "weight": 0.009009}, {"source": 13, "target": 19, "weight": 0.004785}, {"source": 13, "target": 46, "weight": 0.012658}, {"source": 13, "target": 29, "weight": 0.052632}, {"source": 14, "target": 30, "weight": 0.006757}, {"source": 15, "target": 20, "weight": 0.019231}, {"source": 15, "target": 24, "weight": 0.012346}, {"source": 16, "target": 36, "weight": 0.012195}, {"source": 16, "target": 39, "weight": 0.017241}, {"source": 16, "target": 19, "weight": 0.005236}, {"source": 16, "target": 22, "weight": 0.025316}, {"source": 16, "target": 32, "weight": 0.005291}, {"source": 18, "target": 34, "weight": 0.012195}, {"source": 18, "target": 23, "weight": 0.005435}, {"source": 18, "target": 45, "weight": 0.014706}, {"source": 19, "target": 30, "weight": 0.021552}, {"source": 20, "target": 40, "weight": 0.011111}, {"source": 20, "target": 28, "weight": 0.305556}, {"source": 21, "target": 39, "weight": 0.222222}, {"source": 21, "target": 43, "weight": 0.111111}, {"source": 21, "target": 31, "weight": 0.096774}, {"source": 21, "target": 29, "weight": 0.018182}, {"source": 21, "target": 22, "weight": 0.122449}, {"source": 21, "target": 49, "weight": 0.018182}, {"source": 22, "target": 39, "weight": 0.277778}, {"source": 22, "target": 27, "weight": 0.010101}, {"source": 22, "target": 43, "weight": 0.089552}, {"source": 22, "target": 31, "weight": 0.08}, {"source": 22, "target": 32, "weight": 0.005682}, {"source": 23, "target": 27, "weight": 0.006536}, {"source": 23, "target": 42, "weight": 0.29}, {"source": 23, "target": 49, "weight": 0.011299}, {"source": 23, "target": 32, "weight": 0.004348}, {"source": 23, "target": 33, "weight": 0.009346}, {"source": 23, "target": 45, "weight": 0.007813}, {"source": 24, "target": 27, "weight": 0.009434}, {"source": 24, "target": 34, "weight": 0.028037}, {"source": 25, "target": 34, "weight": 0.005587}, {"source": 25, "target": 47, "weight": 0.013245}, {"source": 26, "target": 27, "weight": 0.008065}, {"source": 26, "target": 30, "weight": 0.006667}, {"source": 26, "target": 41, "weight": 0.01087}, {"source": 26, "target": 40, "weight": 0.014706}, {"source": 27, "target": 40, "weight": 0.013986}, {"source": 27, "target": 30, "weight": 0.012821}, {"source": 27, "target": 33, "weight": 0.011765}, {"source": 28, "target": 40, "weight": 0.00885}, {"source": 29, "target": 46, "weight": 0.162791}, {"source": 30, "target": 40, "weight": 0.036364}, {"source": 30, "target": 41, "weight": 0.188679}, {"source": 30, "target": 36, "weight": 0.007874}, {"source": 30, "target": 32, "weight": 0.004274}, {"source": 31, "target": 39, "weight": 0.113208}, {"source": 32, "target": 35, "weight": 0.006667}, {"source": 32, "target": 40, "weight": 0.013699}, {"source": 33, "target": 45, "weight": 0.016667}, {"source": 34, "target": 37, "weight": 0.012195}, {"source": 37, "target": 47, "weight": 0.018182}, {"source": 37, "target": 44, "weight": 0.008929}, {"source": 37, "target": 45, "weight": 0.057692}, {"source": 38, "target": 48, "weight": 0.015152}, {"source": 39, "target": 43, "weight": 0.133333}, {"source": 40, "target": 41, "weight": 0.018018}, {"source": 40, "target": 44, "weight": 0.022989}, {"source": 42, "target": 45, "weight": 0.012346}, {"source": 44, "target": 47, "weight": 0.27027}], "multigraph": false}