{"directed": false, "graph": {}, "nodes": [{"group": 0, "id": "agnate", "degree": 3}, {"group": 1, "id": "agonized", "degree": 7}, {"group": 1, "id": "agio"}, {"group": 2, "id": "agrarian"}, {"group": 1, "id": "agitation"}, {"group": 1, "id": "agonize", "degree": 11}, {"group": 3, "id": "agog"}, {"group": 1, "id": "agitate"}, {"group": 1, "id": "aggravated", "degree": 5}, {"group": 2, "id": "agronomics", "degree": 1}, {"group": 3, "id": "aggressive", "degree": 11}, {"group": 4, "id": "aged"}, {"group": 2, "id": "agriculture", "degree": 2}, {"group": 3, "id": "aggression", "degree": 1}, {"group": 4, "id": "again", "degree": 2}, {"group": 1, "id": "aggravate", "degree": 9}, {"group": 0, "id": "agreeing"}, {"group": 3, "id": "agile"}, {"group": 5, "id": "agency", "degree": 4}, {"group": 5, "id": "agitprop", "degree": 1}, {"group": 6, "id": "agnosticism", "degree": 0}, {"group": 1, "id": "aggrandized"}, {"group": 1, "id": "agitated"}, {"group": 3, "id": "aggravating"}, {"group": 0, "id": "agreeable", "degree": 10}, {"group": 7, "id": "agglutination"}, {"group": 0, "id": "agreed"}, {"group": 5, "id": "agent"}, {"group": 7, "id": "agility"}, {"group": 3, "id": "agape", "degree": 9}, {"group": 7, "id": "agglomeration", "degree": 4}, {"group": 4, "id": "ageless", "degree": 2}, {"group": 1, "id": "ague"}, {"group": 7, "id": "agreement", "degree": 13}, {"group": 7, "id": "aggregation", "degree": 5}, {"group": 3, "id": "aghast"}, {"group": 1, "id": "aggrieve", "degree": 8}, {"group": 7, "id": "aggregate", "degree": 8}, {"group": 3, "id": "agonizing", "degree": 2}, {"group": 5, "id": "agitator", "degree": 3}, {"group": 3, "id": "aglow", "degree": 1}, {"group": 4, "id": "ago", "degree": 2}, {"group": 7, "id": "age"}, {"group": 1, "id": "aggravation", "degree": 8}, {"group": 7, "id": "agenda"}, {"group": 1, "id": "agony", "degree": 5}, {"group": 7, "id": "agree", "degree": 8}, {"group": 1, "id": "aggrandize"}], "links": [{"source": 0, "target": 16, "weight": 0.051546}, {"source": 0, "target": 24, "weight": 0.016807}, {"source": 0, "target": 46, "weight": 0.010753}, {"source": 1, "target": 15, "weight": 0.00813}, {"source": 1, "target": 5, "weight": 0.009259}, {"source": 1, "target": 45, "weight": 0.017857}, {"source": 1, "target": 6, "weight": 0.007246}, {"source": 1, "target": 8, "weight": 0.038961}, {"source": 1, "target": 36, "weight": 0.011494}, {"source": 1, "target": 22, "weight": 0.02439}, {"source": 1, "target": 38, "weight": 0.018519}, {"source": 2, "target": 5, "weight": 0.009709}, {"source": 2, "target": 8, "weight": 0.013514}, {"source": 2, "target": 36, "weight": 0.012195}, {"source": 3, "target": 12, "weight": 0.076923}, {"source": 3, "target": 9, "weight": 0.055556}, {"source": 4, "target": 15, "weight": 0.019324}, {"source": 4, "target": 29, "weight": 0.003953}, {"source": 4, "target": 5, "weight": 0.005128}, {"source": 4, "target": 45, "weight": 0.021277}, {"source": 4, "target": 18, "weight": 0.009259}, {"source": 4, "target": 8, "weight": 0.006024}, {"source": 4, "target": 43, "weight": 0.116564}, {"source": 4, "target": 36, "weight": 0.005747}, {"source": 5, "target": 15, "weight": 0.057143}, {"source": 5, "target": 45, "weight": 0.063063}, {"source": 5, "target": 32, "weight": 0.005747}, {"source": 5, "target": 7, "weight": 0.032051}, {"source": 5, "target": 8, "weight": 0.014388}, {"source": 5, "target": 36, "weight": 0.137405}, {"source": 5, "target": 17, "weight": 0.007752}, {"source": 5, "target": 10, "weight": 0.01105}, {"source": 5, "target": 13, "weight": 0.007752}, {"source": 6, "target": 29, "weight": 0.30303}, {"source": 6, "target": 33, "weight": 0.003333}, {"source": 6, "target": 24, "weight": 0.034056}, {"source": 6, "target": 10, "weight": 0.033981}, {"source": 6, "target": 40, "weight": 0.012195}, {"source": 7, "target": 15, "weight": 0.106918}, {"source": 7, "target": 29, "weight": 0.004587}, {"source": 7, "target": 45, "weight": 0.009259}, {"source": 7, "target": 18, "weight": 0.005495}, {"source": 7, "target": 43, "weight": 0.013793}, {"source": 7, "target": 39, "weight": 0.028037}, {"source": 7, "target": 36, "weight": 0.014493}, {"source": 7, "target": 37, "weight": 0.006024}, {"source": 8, "target": 15, "weight": 0.006452}, {"source": 8, "target": 21, "weight": 0.065421}, {"source": 8, "target": 36, "weight": 0.016949}, {"source": 8, "target": 22, "weight": 0.026549}, {"source": 9, "target": 12, "weight": 0.285714}, {"source": 10, "target": 17, "weight": 0.043796}, {"source": 10, "target": 18, "weight": 0.004902}, {"source": 10, "target": 36, "weight": 0.006211}, {"source": 10, "target": 22, "weight": 0.006369}, {"source": 10, "target": 23, "weight": 0.008065}, {"source": 10, "target": 24, "weight": 0.003165}, {"source": 10, "target": 38, "weight": 0.032}, {"source": 10, "target": 13, "weight": 0.007042}, {"source": 10, "target": 40, "weight": 0.006757}, {"source": 11, "target": 41, "weight": 0.014085}, {"source": 11, "target": 24, "weight": 0.003774}, {"source": 11, "target": 31, "weight": 0.149254}, {"source": 13, "target": 18, "weight": 0.006623}, {"source": 13, "target": 46, "weight": 0.008696}, {"source": 14, "target": 41, "weight": 0.047619}, {"source": 14, "target": 46, "weight": 0.009009}, {"source": 15, "target": 29, "weight": 0.004132}, {"source": 15, "target": 45, "weight": 0.007576}, {"source": 15, "target": 18, "weight": 0.004854}, {"source": 15, "target": 43, "weight": 0.023952}, {"source": 15, "target": 36, "weight": 0.078947}, {"source": 15, "target": 22, "weight": 0.006289}, {"source": 15, "target": 25, "weight": 0.006494}, {"source": 15, "target": 47, "weight": 0.046784}, {"source": 16, "target": 29, "weight": 0.013699}, {"source": 16, "target": 30, "weight": 0.005814}, {"source": 16, "target": 33, "weight": 0.007605}, {"source": 16, "target": 34, "weight": 0.006061}, {"source": 16, "target": 31, "weight": 0.009259}, {"source": 16, "target": 37, "weight": 0.017964}, {"source": 16, "target": 24, "weight": 0.201613}, {"source": 17, "target": 29, "weight": 0.005348}, {"source": 17, "target": 18, "weight": 0.006623}, {"source": 17, "target": 24, "weight": 0.019305}, {"source": 17, "target": 38, "weight": 0.013333}, {"source": 18, "target": 45, "weight": 0.007194}, {"source": 18, "target": 33, "weight": 0.003425}, {"source": 18, "target": 34, "weight": 0.005181}, {"source": 18, "target": 43, "weight": 0.00565}, {"source": 18, "target": 27, "weight": 0.040816}, {"source": 18, "target": 46, "weight": 0.00565}, {"source": 19, "target": 39, "weight": 0.25}, {"source": 19, "target": 27, "weight": 0.012739}, {"source": 22, "target": 24, "weight": 0.00722}, {"source": 23, "target": 24, "weight": 0.004082}, {"source": 23, "target": 38, "weight": 0.017544}, {"source": 24, "target": 29, "weight": 0.008357}, {"source": 24, "target": 33, "weight": 0.007463}, {"source": 24, "target": 42, "weight": 0.003663}, {"source": 24, "target": 26, "weight": 0.030172}, {"source": 24, "target": 37, "weight": 0.003236}, {"source": 24, "target": 46, "weight": 0.00346}, {"source": 24, "target": 40, "weight": 0.003717}, {"source": 25, "target": 29, "weight": 0.010204}, {"source": 25, "target": 30, "weight": 0.366972}, {"source": 25, "target": 33, "weight": 0.085586}, {"source": 25, "target": 34, "weight": 0.314815}, {"source": 25, "target": 43, "weight": 0.032787}, {"source": 25, "target": 37, "weight": 0.05036}, {"source": 26, "target": 33, "weight": 0.004878}, {"source": 27, "target": 39, "weight": 0.01676}, {"source": 27, "target": 34, "weight": 0.012931}, {"source": 27, "target": 30, "weight": 0.012552}, {"source": 28, "target": 33, "weight": 0.00995}, {"source": 29, "target": 30, "weight": 0.008511}, {"source": 29, "target": 45, "weight": 0.005714}, {"source": 29, "target": 33, "weight": 0.111486}, {"source": 29, "target": 34, "weight": 0.008772}, {"source": 29, "target": 35, "weight": 0.2}, {"source": 30, "target": 33, "weight": 0.217391}, {"source": 30, "target": 34, "weight": 0.81}, {"source": 30, "target": 43, "weight": 0.01227}, {"source": 30, "target": 37, "weight": 0.128049}, {"source": 30, "target": 46, "weight": 0.006098}, {"source": 31, "target": 41, "weight": 0.018519}, {"source": 32, "target": 45, "weight": 0.008197}, {"source": 32, "target": 43, "weight": 0.00625}, {"source": 32, "target": 36, "weight": 0.006536}, {"source": 33, "target": 34, "weight": 0.224215}, {"source": 33, "target": 35, "weight": 0.004167}, {"source": 33, "target": 44, "weight": 0.004762}, {"source": 33, "target": 37, "weight": 0.02214}, {"source": 33, "target": 46, "weight": 0.044715}, {"source": 34, "target": 43, "weight": 0.006369}, {"source": 34, "target": 44, "weight": 0.009009}, {"source": 34, "target": 37, "weight": 0.126582}, {"source": 34, "target": 46, "weight": 0.006369}, {"source": 36, "target": 45, "weight": 0.065934}, {"source": 36, "target": 43, "weight": 0.022727}, {"source": 37, "target": 44, "weight": 0.017544}, {"source": 37, "target": 46, "weight": 0.025316}, {"source": 37, "target": 47, "weight": 0.011905}, {"source": 42, "target": 46, "weight": 0.008}, {"source": 43, "target": 45, "weight": 0.009709}], "multigraph": false}