{"directed": false, "graph": {}, "nodes": [{"group": 0, "id": "airiness", "degree": 1}, {"group": 1, "id": "aim", "degree": 6}, {"group": 0, "id": "aimless", "degree": 1}, {"group": 2, "id": "ailment", "degree": 0}, {"group": 1, "id": "airmanship"}, {"group": 0, "id": "airsick"}, {"group": 1, "id": "airlift"}, {"group": 4, "id": "aide", "degree": 1}, {"group": 5, "id": "aimlessly", "degree": 0}, {"group": 0, "id": "ail"}, {"group": 0, "id": "airs"}, {"group": 1, "id": "airing"}, {"group": 1, "id": "airline", "degree": 1}, {"group": 0, "id": "airy", "degree": 6}, {"group": 6, "id": "airtight", "degree": 0}, {"group": 4, "id": "aid", "degree": 4}, {"group": 7, "id": "airplane"}, {"group": 1, "id": "air"}, {"group": 7, "id": "airship", "degree": 3}, {"group": 3, "id": "airmail", "degree": 5}, {"group": 3, "id": "airfreight"}], "links": [{"source": 0, "target": 13, "weight": 0.003802}, {"source": 0, "target": 10, "weight": 0.016129}, {"source": 1, "target": 6, "weight": 0.021429}, {"source": 1, "target": 17, "weight": 0.034965}, {"source": 1, "target": 4, "weight": 0.006711}, {"source": 1, "target": 11, "weight": 0.012739}, {"source": 1, "target": 16, "weight": 0.008197}, {"source": 1, "target": 20, "weight": 0.015038}, {"source": 2, "target": 13, "weight": 0.017123}, {"source": 2, "target": 15, "weight": 0.006024}, {"source": 5, "target": 13, "weight": 0.00431}, {"source": 6, "target": 15, "weight": 0.014925}, {"source": 6, "target": 18, "weight": 0.022222}, {"source": 6, "target": 19, "weight": 0.035088}, {"source": 6, "target": 12, "weight": 0.02}, {"source": 7, "target": 15, "weight": 0.150943}, {"source": 9, "target": 13, "weight": 0.003378}, {"source": 11, "target": 15, "weight": 0.006623}, {"source": 12, "target": 13, "weight": 0.00431}, {"source": 13, "target": 17, "weight": 0.004796}, {"source": 15, "target": 17, "weight": 0.01049}, {"source": 15, "target": 19, "weight": 0.009091}, {"source": 15, "target": 20, "weight": 0.024}, {"source": 16, "target": 18, "weight": 0.083333}, {"source": 16, "target": 19, "weight": 0.026316}, {"source": 18, "target": 19, "weight": 0.05}, {"source": 18, "target": 20, "weight": 0.027027}, {"source": 19, "target": 20, "weight": 0.378378}], "multigraph": false}