{"directed": false, "graph": {}, "nodes": [{"group": 0, "id": "alluring"}, {"group": 1, "id": "all"}, {"group": 2, "id": "alleviation", "degree": 8}, {"group": 3, "id": "alight"}, {"group": 0, "id": "alternation"}, {"group": 0, "id": "allergy", "degree": 8}, {"group": 4, "id": "altruistic", "degree": 3}, {"group": 5, "id": "alien", "degree": 16}, {"group": 6, "id": "alacrity", "degree": 4}, {"group": 0, "id": "alliance"}, {"group": 0, "id": "alternative"}, {"group": 0, "id": "alignment", "degree": 12}, {"group": 2, "id": "alveolus"}, {"group": 4, "id": "alimony", "degree": 7}, {"group": 0, "id": "alternate"}, {"group": 7, "id": "alienist", "degree": 0}, {"group": 0, "id": "allotropy", "degree": 4}, {"group": 0, "id": "alchemy", "degree": 11}, {"group": 5, "id": "alphabetic", "degree": 1}, {"group": 2, "id": "alter"}, {"group": 0, "id": "ally", "degree": 12}, {"group": 6, "id": "allocate", "degree": 19}, {"group": 3, "id": "alabaster", "degree": 7}, {"group": 3, "id": "albino"}, {"group": 0, "id": "allergen"}, {"group": 1, "id": "altogether", "degree": 13}, {"group": 0, "id": "aleatory", "degree": 12}, {"group": 0, "id": "always", "degree": 1}, {"group": 0, "id": "alteration", "degree": 8}, {"group": 8, "id": "alkali", "degree": 1}, {"group": 6, "id": "allocution"}, {"group": 6, "id": "allegation"}, {"group": 3, "id": "albinism"}, {"group": 0, "id": "allusion", "degree": 5}, {"group": 0, "id": "allegorize", "degree": 7}, {"group": 5, "id": "almond", "degree": 0}, {"group": 3, "id": "alive", "degree": 6}, {"group": 0, "id": "allure"}, {"group": 5, "id": "aloof"}, {"group": 2, "id": "allay"}, {"group": 6, "id": "album"}, {"group": 2, "id": "alcohol", "degree": 4}, {"group": 0, "id": "altercation"}, {"group": 0, "id": "allegory", "degree": 5}, {"group": 3, "id": "alveolar"}, {"group": 3, "id": "algid", "degree": 6}, {"group": 3, "id": "althorn", "degree": 3}, {"group": 1, "id": "aloft"}, {"group": 1, "id": "although", "degree": 9}, {"group": 5, "id": "alone"}, {"group": 1, "id": "along", "degree": 3}, {"group": 3, "id": "alto"}, {"group": 2, "id": "alleviative", "degree": 2}, {"group": 0, "id": "altarpiece"}, {"group": 0, "id": "allied", "degree": 5}, {"group": 4, "id": "allotment"}, {"group": 4, "id": "allowance", "degree": 30}, {"group": 6, "id": "alphabetize", "degree": 13}, {"group": 1, "id": "already"}, {"group": 0, "id": "alleluia"}, {"group": 6, "id": "allegiance", "degree": 8}, {"group": 9, "id": "alliterative", "degree": 1}, {"group": 8, "id": "allusive", "degree": 2}, {"group": 1, "id": "altitude", "degree": 1}, {"group": 8, "id": "almighty"}, {"group": 0, "id": "allurement"}, {"group": 5, "id": "allergic"}, {"group": 8, "id": "aliquot", "degree": 14}, {"group": 2, "id": "albumen"}, {"group": 4, "id": "almsgiver", "degree": 1}, {"group": 6, "id": "altruism"}, {"group": 1, "id": "albeit", "degree": 7}, {"group": 8, "id": "allegorical", "degree": 0}, {"group": 6, "id": "align"}, {"group": 4, "id": "alcoholism", "degree": 0}, {"group": 9, "id": "alliteration"}, {"group": 6, "id": "alluvium"}, {"group": 3, "id": "alcoholic", "degree": 2}, {"group": 6, "id": "almost"}, {"group": 6, "id": "alley", "degree": 12}, {"group": 3, "id": "allegro"}, {"group": 0, "id": "alike"}, {"group": 5, "id": "alphabetarian", "degree": 0}, {"group": 6, "id": "allege", "degree": 10}, {"group": 0, "id": "almsman"}, {"group": 4, "id": "alimentation"}, {"group": 2, "id": "alkalize", "degree": 4}, {"group": 6, "id": "alibi", "degree": 7}, {"group": 6, "id": "allow", "degree": 14}, {"group": 1, "id": "also", "degree": 9}, {"group": 2, "id": "alleviate", "degree": 11}, {"group": 3, "id": "alert"}, {"group": 6, "id": "allocation"}, {"group": 1, "id": "alright"}, {"group": 8, "id": "alpha", "degree": 1}, {"group": 5, "id": "alienated", "degree": 6}, {"group": 3, "id": "alfresco"}, {"group": 6, "id": "algorithm"}, {"group": 6, "id": "alienate", "degree": 19}, {"group": 3, "id": "alarm", "degree": 8}, {"group": 1, "id": "alias", "degree": 0}, {"group": 6, "id": "allot"}, {"group": 0, "id": "alienation", "degree": 11}, {"group": 0, "id": "alphabet", "degree": 8}, {"group": 0, "id": "alloy"}], "links": [{"source": 0, "target": 7, "weight": 0.005435}, {"source": 0, "target": 103, "weight": 0.009901}, {"source": 0, "target": 17, "weight": 0.011494}, {"source": 0, "target": 41, "weight": 0.007874}, {"source": 0, "target": 99, "weight": 0.007874}, {"source": 1, "target": 67, "weight": 0.010989}, {"source": 1, "target": 63, "weight": 0.013333}, {"source": 1, "target": 89, "weight": 0.012048}, {"source": 1, "target": 54, "weight": 0.008547}, {"source": 1, "target": 21, "weight": 0.009709}, {"source": 1, "target": 25, "weight": 0.09434}, {"source": 1, "target": 94, "weight": 0.011905}, {"source": 1, "target": 20, "weight": 0.005747}, {"source": 1, "target": 56, "weight": 0.004785}, {"source": 2, "target": 13, "weight": 0.014493}, {"source": 2, "target": 52, "weight": 0.083333}, {"source": 2, "target": 45, "weight": 0.011765}, {"source": 2, "target": 12, "weight": 0.01087}, {"source": 2, "target": 102, "weight": 0.01105}, {"source": 2, "target": 14, "weight": 0.005714}, {"source": 2, "target": 28, "weight": 0.019231}, {"source": 2, "target": 17, "weight": 0.012821}, {"source": 2, "target": 9, "weight": 0.004831}, {"source": 2, "target": 55, "weight": 0.008264}, {"source": 2, "target": 90, "weight": 0.020202}, {"source": 2, "target": 39, "weight": 0.007813}, {"source": 2, "target": 10, "weight": 0.009346}, {"source": 2, "target": 56, "weight": 0.037838}, {"source": 3, "target": 77, "weight": 0.010753}, {"source": 3, "target": 36, "weight": 0.02459}, {"source": 3, "target": 20, "weight": 0.005988}, {"source": 3, "target": 98, "weight": 0.00885}, {"source": 4, "target": 57, "weight": 0.011765}, {"source": 4, "target": 98, "weight": 0.009091}, {"source": 4, "target": 99, "weight": 0.007937}, {"source": 4, "target": 28, "weight": 0.00885}, {"source": 4, "target": 79, "weight": 0.008696}, {"source": 4, "target": 16, "weight": 0.016949}, {"source": 4, "target": 102, "weight": 0.005263}, {"source": 4, "target": 26, "weight": 0.007246}, {"source": 4, "target": 11, "weight": 0.011628}, {"source": 5, "target": 9, "weight": 0.004608}, {"source": 5, "target": 24, "weight": 0.05}, {"source": 5, "target": 102, "weight": 0.010471}, {"source": 5, "target": 99, "weight": 0.007813}, {"source": 5, "target": 42, "weight": 0.022222}, {"source": 5, "target": 31, "weight": 0.007752}, {"source": 5, "target": 65, "weight": 0.01087}, {"source": 5, "target": 19, "weight": 0.008065}, {"source": 5, "target": 56, "weight": 0.004975}, {"source": 6, "target": 38, "weight": 0.013514}, {"source": 6, "target": 13, "weight": 0.020833}, {"source": 6, "target": 69, "weight": 0.027027}, {"source": 6, "target": 55, "weight": 0.01}, {"source": 6, "target": 56, "weight": 0.005882}, {"source": 7, "target": 95, "weight": 0.064327}, {"source": 7, "target": 57, "weight": 0.012346}, {"source": 7, "target": 35, "weight": 0.007407}, {"source": 7, "target": 96, "weight": 0.007092}, {"source": 7, "target": 98, "weight": 0.044199}, {"source": 7, "target": 67, "weight": 0.012658}, {"source": 7, "target": 102, "weight": 0.015094}, {"source": 7, "target": 73, "weight": 0.006024}, {"source": 7, "target": 101, "weight": 0.010417}, {"source": 7, "target": 28, "weight": 0.015873}, {"source": 7, "target": 49, "weight": 0.045977}, {"source": 7, "target": 21, "weight": 0.011765}, {"source": 7, "target": 88, "weight": 0.004651}, {"source": 7, "target": 43, "weight": 0.010471}, {"source": 7, "target": 38, "weight": 0.044715}, {"source": 7, "target": 82, "weight": 0.006579}, {"source": 7, "target": 66, "weight": 0.011364}, {"source": 8, "target": 70, "weight": 0.015625}, {"source": 8, "target": 88, "weight": 0.007752}, {"source": 8, "target": 60, "weight": 0.025316}, {"source": 8, "target": 102, "weight": 0.005495}, {"source": 8, "target": 76, "weight": 0.01}, {"source": 8, "target": 56, "weight": 0.005236}, {"source": 9, "target": 13, "weight": 0.005348}, {"source": 9, "target": 57, "weight": 0.005128}, {"source": 9, "target": 102, "weight": 0.003333}, {"source": 9, "target": 87, "weight": 0.005208}, {"source": 9, "target": 60, "weight": 0.015306}, {"source": 9, "target": 79, "weight": 0.008929}, {"source": 9, "target": 28, "weight": 0.004484}, {"source": 9, "target": 17, "weight": 0.005102}, {"source": 9, "target": 54, "weight": 0.004608}, {"source": 9, "target": 20, "weight": 0.041667}, {"source": 9, "target": 88, "weight": 0.004049}, {"source": 9, "target": 43, "weight": 0.027397}, {"source": 9, "target": 26, "weight": 0.004032}, {"source": 9, "target": 11, "weight": 0.152047}, {"source": 9, "target": 56, "weight": 0.009772}, {"source": 10, "target": 13, "weight": 0.011494}, {"source": 10, "target": 57, "weight": 0.010526}, {"source": 10, "target": 87, "weight": 0.01087}, {"source": 10, "target": 98, "weight": 0.008333}, {"source": 10, "target": 103, "weight": 0.009091}, {"source": 10, "target": 99, "weight": 0.007353}, {"source": 10, "target": 28, "weight": 0.00813}, {"source": 10, "target": 17, "weight": 0.010417}, {"source": 10, "target": 21, "weight": 0.009709}, {"source": 10, "target": 102, "weight": 0.01005}, {"source": 10, "target": 43, "weight": 0.033058}, {"source": 10, "target": 20, "weight": 0.005747}, {"source": 10, "target": 83, "weight": 0.007407}, {"source": 10, "target": 26, "weight": 0.006757}, {"source": 10, "target": 11, "weight": 0.010417}, {"source": 10, "target": 56, "weight": 0.004785}, {"source": 11, "target": 13, "weight": 0.017241}, {"source": 11, "target": 14, "weight": 0.006098}, {"source": 11, "target": 28, "weight": 0.032609}, {"source": 11, "target": 55, "weight": 0.009091}, {"source": 11, "target": 102, "weight": 0.005848}, {"source": 11, "target": 43, "weight": 0.010526}, {"source": 11, "target": 104, "weight": 0.028302}, {"source": 11, "target": 26, "weight": 0.008403}, {"source": 11, "target": 20, "weight": 0.006897}, {"source": 11, "target": 56, "weight": 0.005556}, {"source": 12, "target": 102, "weight": 0.005405}, {"source": 13, "target": 85, "weight": 0.21875}, {"source": 13, "target": 14, "weight": 0.006452}, {"source": 13, "target": 92, "weight": 0.015152}, {"source": 13, "target": 55, "weight": 0.2}, {"source": 13, "target": 101, "weight": 0.023256}, {"source": 13, "target": 88, "weight": 0.018519}, {"source": 13, "target": 56, "weight": 0.109677}, {"source": 14, "target": 71, "weight": 0.006897}, {"source": 14, "target": 57, "weight": 0.006135}, {"source": 14, "target": 48, "weight": 0.006897}, {"source": 14, "target": 87, "weight": 0.00625}, {"source": 14, "target": 98, "weight": 0.010695}, {"source": 14, "target": 67, "weight": 0.012658}, {"source": 14, "target": 103, "weight": 0.005618}, {"source": 14, "target": 99, "weight": 0.014851}, {"source": 14, "target": 28, "weight": 0.021277}, {"source": 14, "target": 79, "weight": 0.005181}, {"source": 14, "target": 17, "weight": 0.024845}, {"source": 14, "target": 21, "weight": 0.005848}, {"source": 14, "target": 90, "weight": 0.005376}, {"source": 14, "target": 43, "weight": 0.021164}, {"source": 14, "target": 20, "weight": 0.016736}, {"source": 14, "target": 102, "weight": 0.007491}, {"source": 14, "target": 26, "weight": 0.00463}, {"source": 14, "target": 56, "weight": 0.00361}, {"source": 16, "target": 28, "weight": 0.0625}, {"source": 16, "target": 102, "weight": 0.006944}, {"source": 16, "target": 26, "weight": 0.01087}, {"source": 17, "target": 33, "weight": 0.018182}, {"source": 17, "target": 28, "weight": 0.091954}, {"source": 17, "target": 79, "weight": 0.010417}, {"source": 17, "target": 37, "weight": 0.072727}, {"source": 17, "target": 43, "weight": 0.010526}, {"source": 17, "target": 65, "weight": 0.014085}, {"source": 17, "target": 19, "weight": 0.019608}, {"source": 17, "target": 56, "weight": 0.005556}, {"source": 18, "target": 82, "weight": 0.033333}, {"source": 19, "target": 90, "weight": 0.095652}, {"source": 19, "target": 98, "weight": 0.007874}, {"source": 19, "target": 102, "weight": 0.004831}, {"source": 19, "target": 28, "weight": 0.048}, {"source": 19, "target": 21, "weight": 0.018349}, {"source": 19, "target": 88, "weight": 0.013072}, {"source": 19, "target": 86, "weight": 0.012195}, {"source": 19, "target": 56, "weight": 0.00463}, {"source": 20, "target": 67, "weight": 0.007143}, {"source": 20, "target": 34, "weight": 0.006289}, {"source": 20, "target": 60, "weight": 0.006803}, {"source": 20, "target": 53, "weight": 0.021277}, {"source": 20, "target": 54, "weight": 0.030864}, {"source": 20, "target": 81, "weight": 0.021505}, {"source": 20, "target": 102, "weight": 0.008065}, {"source": 20, "target": 43, "weight": 0.00578}, {"source": 20, "target": 104, "weight": 0.027473}, {"source": 20, "target": 76, "weight": 0.005988}, {"source": 20, "target": 83, "weight": 0.010929}, {"source": 20, "target": 73, "weight": 0.006803}, {"source": 21, "target": 51, "weight": 0.015152}, {"source": 21, "target": 92, "weight": 0.012195}, {"source": 21, "target": 57, "weight": 0.027778}, {"source": 21, "target": 31, "weight": 0.008696}, {"source": 21, "target": 97, "weight": 0.014925}, {"source": 21, "target": 98, "weight": 0.020619}, {"source": 21, "target": 73, "weight": 0.241935}, {"source": 21, "target": 60, "weight": 0.013158}, {"source": 21, "target": 79, "weight": 0.009709}, {"source": 21, "target": 55, "weight": 0.035088}, {"source": 21, "target": 101, "weight": 0.405405}, {"source": 21, "target": 88, "weight": 0.041322}, {"source": 21, "target": 104, "weight": 0.008696}, {"source": 21, "target": 39, "weight": 0.008065}, {"source": 21, "target": 83, "weight": 0.036364}, {"source": 21, "target": 56, "weight": 0.016216}, {"source": 22, "target": 44, "weight": 0.01087}, {"source": 22, "target": 73, "weight": 0.016949}, {"source": 22, "target": 23, "weight": 0.03125}, {"source": 22, "target": 81, "weight": 0.02}, {"source": 22, "target": 88, "weight": 0.009259}, {"source": 22, "target": 32, "weight": 0.028571}, {"source": 22, "target": 101, "weight": 0.011628}, {"source": 25, "target": 71, "weight": 0.030303}, {"source": 25, "target": 58, "weight": 0.015625}, {"source": 25, "target": 47, "weight": 0.03125}, {"source": 25, "target": 64, "weight": 0.019608}, {"source": 25, "target": 89, "weight": 0.345455}, {"source": 25, "target": 100, "weight": 0.018182}, {"source": 25, "target": 93, "weight": 0.038462}, {"source": 25, "target": 48, "weight": 0.030303}, {"source": 25, "target": 38, "weight": 0.011299}, {"source": 25, "target": 50, "weight": 0.065574}, {"source": 25, "target": 49, "weight": 0.019608}, {"source": 25, "target": 81, "weight": 0.007692}, {"source": 26, "target": 51, "weight": 0.009009}, {"source": 26, "target": 81, "weight": 0.006135}, {"source": 26, "target": 86, "weight": 0.010204}, {"source": 26, "target": 84, "weight": 0.010526}, {"source": 26, "target": 64, "weight": 0.007353}, {"source": 26, "target": 103, "weight": 0.007519}, {"source": 26, "target": 38, "weight": 0.009524}, {"source": 26, "target": 44, "weight": 0.013072}, {"source": 26, "target": 28, "weight": 0.013793}, {"source": 26, "target": 55, "weight": 0.012422}, {"source": 26, "target": 104, "weight": 0.012579}, {"source": 26, "target": 56, "weight": 0.008658}, {"source": 27, "target": 81, "weight": 0.010101}, {"source": 28, "target": 79, "weight": 0.00813}, {"source": 28, "target": 102, "weight": 0.047368}, {"source": 28, "target": 56, "weight": 0.019608}, {"source": 29, "target": 67, "weight": 0.021277}, {"source": 29, "target": 104, "weight": 0.010753}, {"source": 30, "target": 83, "weight": 0.010526}, {"source": 31, "target": 33, "weight": 0.021053}, {"source": 31, "target": 87, "weight": 0.009615}, {"source": 31, "target": 34, "weight": 0.008197}, {"source": 31, "target": 60, "weight": 0.009091}, {"source": 31, "target": 88, "weight": 0.012658}, {"source": 31, "target": 43, "weight": 0.014815}, {"source": 31, "target": 83, "weight": 0.057143}, {"source": 31, "target": 56, "weight": 0.023041}, {"source": 33, "target": 99, "weight": 0.021277}, {"source": 33, "target": 34, "weight": 0.029412}, {"source": 33, "target": 43, "weight": 0.333333}, {"source": 34, "target": 59, "weight": 0.013889}, {"source": 34, "target": 87, "weight": 0.012987}, {"source": 34, "target": 88, "weight": 0.015267}, {"source": 34, "target": 99, "weight": 0.008264}, {"source": 34, "target": 54, "weight": 0.009804}, {"source": 34, "target": 43, "weight": 0.028037}, {"source": 34, "target": 83, "weight": 0.043103}, {"source": 36, "target": 44, "weight": 0.007299}, {"source": 36, "target": 45, "weight": 0.037736}, {"source": 36, "target": 96, "weight": 0.012658}, {"source": 36, "target": 99, "weight": 0.007042}, {"source": 36, "target": 91, "weight": 0.159091}, {"source": 36, "target": 93, "weight": 0.010417}, {"source": 36, "target": 80, "weight": 0.011628}, {"source": 38, "target": 95, "weight": 0.149351}, {"source": 38, "target": 45, "weight": 0.030864}, {"source": 38, "target": 41, "weight": 0.005025}, {"source": 38, "target": 98, "weight": 0.005464}, {"source": 38, "target": 89, "weight": 0.013793}, {"source": 38, "target": 90, "weight": 0.011111}, {"source": 39, "target": 71, "weight": 0.010204}, {"source": 39, "target": 52, "weight": 0.026316}, {"source": 39, "target": 45, "weight": 0.008065}, {"source": 39, "target": 86, "weight": 0.010417}, {"source": 39, "target": 98, "weight": 0.007092}, {"source": 39, "target": 90, "weight": 0.489362}, {"source": 39, "target": 48, "weight": 0.010204}, {"source": 39, "target": 88, "weight": 0.011976}, {"source": 39, "target": 83, "weight": 0.00641}, {"source": 40, "target": 57, "weight": 0.014925}, {"source": 40, "target": 90, "weight": 0.011111}, {"source": 41, "target": 52, "weight": 0.04902}, {"source": 41, "target": 68, "weight": 0.008621}, {"source": 43, "target": 95, "weight": 0.008929}, {"source": 43, "target": 57, "weight": 0.010638}, {"source": 43, "target": 103, "weight": 0.037736}, {"source": 43, "target": 55, "weight": 0.007246}, {"source": 43, "target": 102, "weight": 0.010101}, {"source": 43, "target": 99, "weight": 0.014925}, {"source": 43, "target": 56, "weight": 0.004808}, {"source": 44, "target": 87, "weight": 0.010204}, {"source": 44, "target": 77, "weight": 0.019048}, {"source": 44, "target": 67, "weight": 0.010309}, {"source": 44, "target": 79, "weight": 0.007634}, {"source": 45, "target": 52, "weight": 0.013699}, {"source": 45, "target": 91, "weight": 0.01626}, {"source": 46, "target": 51, "weight": 0.027778}, {"source": 46, "target": 99, "weight": 0.011905}, {"source": 46, "target": 91, "weight": 0.010638}, {"source": 47, "target": 95, "weight": 0.015873}, {"source": 47, "target": 89, "weight": 0.0625}, {"source": 48, "target": 71, "weight": 0.875}, {"source": 48, "target": 58, "weight": 0.125}, {"source": 48, "target": 67, "weight": 0.023256}, {"source": 48, "target": 73, "weight": 0.02}, {"source": 48, "target": 89, "weight": 0.058824}, {"source": 48, "target": 81, "weight": 0.01087}, {"source": 48, "target": 93, "weight": 0.02381}, {"source": 48, "target": 49, "weight": 0.015385}, {"source": 48, "target": 50, "weight": 0.038462}, {"source": 49, "target": 95, "weight": 0.275}, {"source": 49, "target": 71, "weight": 0.015385}, {"source": 49, "target": 98, "weight": 0.009259}, {"source": 49, "target": 67, "weight": 0.012658}, {"source": 50, "target": 71, "weight": 0.038462}, {"source": 50, "target": 58, "weight": 0.043478}, {"source": 50, "target": 89, "weight": 0.137931}, {"source": 50, "target": 81, "weight": 0.011236}, {"source": 51, "target": 98, "weight": 0.012048}, {"source": 51, "target": 56, "weight": 0.005814}, {"source": 52, "target": 90, "weight": 0.022989}, {"source": 52, "target": 56, "weight": 0.011236}, {"source": 53, "target": 103, "weight": 0.012658}, {"source": 53, "target": 102, "weight": 0.005917}, {"source": 54, "target": 81, "weight": 0.031008}, {"source": 55, "target": 57, "weight": 0.009174}, {"source": 55, "target": 102, "weight": 0.014151}, {"source": 55, "target": 98, "weight": 0.007463}, {"source": 55, "target": 88, "weight": 0.031847}, {"source": 55, "target": 83, "weight": 0.006711}, {"source": 55, "target": 56, "weight": 0.325444}, {"source": 56, "target": 85, "weight": 0.012579}, {"source": 56, "target": 87, "weight": 0.017241}, {"source": 56, "target": 102, "weight": 0.003521}, {"source": 56, "target": 74, "weight": 0.006494}, {"source": 56, "target": 101, "weight": 0.02439}, {"source": 56, "target": 88, "weight": 0.06422}, {"source": 56, "target": 92, "weight": 0.010695}, {"source": 56, "target": 94, "weight": 0.011976}, {"source": 56, "target": 98, "weight": 0.009852}, {"source": 56, "target": 73, "weight": 0.005495}, {"source": 57, "target": 92, "weight": 0.013514}, {"source": 57, "target": 97, "weight": 0.016949}, {"source": 57, "target": 98, "weight": 0.011111}, {"source": 57, "target": 103, "weight": 0.0125}, {"source": 57, "target": 73, "weight": 0.061538}, {"source": 57, "target": 60, "weight": 0.014706}, {"source": 57, "target": 79, "weight": 0.010526}, {"source": 57, "target": 99, "weight": 0.009434}, {"source": 57, "target": 94, "weight": 0.018519}, {"source": 57, "target": 101, "weight": 0.032258}, {"source": 58, "target": 71, "weight": 0.125}, {"source": 58, "target": 67, "weight": 0.025}, {"source": 58, "target": 89, "weight": 0.03125}, {"source": 59, "target": 83, "weight": 0.010309}, {"source": 60, "target": 73, "weight": 0.014085}, {"source": 60, "target": 79, "weight": 0.010204}, {"source": 60, "target": 70, "weight": 0.056604}, {"source": 60, "target": 83, "weight": 0.009259}, {"source": 60, "target": 101, "weight": 0.010204}, {"source": 61, "target": 75, "weight": 0.173913}, {"source": 62, "target": 67, "weight": 0.02381}, {"source": 62, "target": 72, "weight": 0.166667}, {"source": 64, "target": 67, "weight": 0.025641}, {"source": 65, "target": 99, "weight": 0.009009}, {"source": 66, "target": 95, "weight": 0.010309}, {"source": 66, "target": 88, "weight": 0.007634}, {"source": 67, "target": 72, "weight": 0.020408}, {"source": 67, "target": 71, "weight": 0.023256}, {"source": 67, "target": 73, "weight": 0.015625}, {"source": 67, "target": 81, "weight": 0.009434}, {"source": 67, "target": 94, "weight": 0.02}, {"source": 70, "target": 102, "weight": 0.006369}, {"source": 71, "target": 73, "weight": 0.02}, {"source": 71, "target": 89, "weight": 0.058824}, {"source": 71, "target": 81, "weight": 0.01087}, {"source": 71, "target": 93, "weight": 0.02381}, {"source": 73, "target": 90, "weight": 0.010989}, {"source": 73, "target": 79, "weight": 0.020619}, {"source": 73, "target": 88, "weight": 0.025424}, {"source": 73, "target": 83, "weight": 0.038095}, {"source": 76, "target": 88, "weight": 0.007143}, {"source": 78, "target": 79, "weight": 0.013889}, {"source": 79, "target": 98, "weight": 0.008333}, {"source": 79, "target": 101, "weight": 0.008}, {"source": 79, "target": 104, "weight": 0.007299}, {"source": 79, "target": 94, "weight": 0.011905}, {"source": 81, "target": 89, "weight": 0.010204}, {"source": 83, "target": 90, "weight": 0.007813}, {"source": 83, "target": 87, "weight": 0.009804}, {"source": 83, "target": 92, "weight": 0.008772}, {"source": 83, "target": 88, "weight": 0.046358}, {"source": 83, "target": 101, "weight": 0.038168}, {"source": 86, "target": 90, "weight": 0.014706}, {"source": 86, "target": 88, "weight": 0.010309}, {"source": 86, "target": 104, "weight": 0.011494}, {"source": 87, "target": 97, "weight": 0.017857}, {"source": 88, "target": 98, "weight": 0.028777}, {"source": 88, "target": 101, "weight": 0.321429}, {"source": 88, "target": 90, "weight": 0.021739}, {"source": 89, "target": 100, "weight": 0.043478}, {"source": 91, "target": 99, "weight": 0.082192}, {"source": 92, "target": 102, "weight": 0.016949}, {"source": 95, "target": 98, "weight": 0.009259}, {"source": 95, "target": 102, "weight": 0.005319}, {"source": 98, "target": 102, "weight": 0.026178}, {"source": 98, "target": 101, "weight": 0.034188}, {"source": 98, "target": 104, "weight": 0.007576}, {"source": 102, "target": 103, "weight": 0.005405}], "multigraph": false}