{"directed": false, "graph": {}, "nodes": [{"group": 0, "id": "amass", "degree": 14}, {"group": 1, "id": "amendment", "degree": 4}, {"group": 1, "id": "amenity"}, {"group": 8, "id": "ambivalence"}, {"group": 2, "id": "among"}, {"group": 3, "id": "amazement", "degree": 2}, {"group": 2, "id": "ambition"}, {"group": 4, "id": "amplifier", "degree": 0}, {"group": 2, "id": "amphitheater", "degree": 7}, {"group": 0, "id": "amalgamate"}, {"group": 5, "id": "ambrosia", "degree": 2}, {"group": 7, "id": "amorous"}, {"group": 2, "id": "ambient"}, {"group": 6, "id": "amiss", "degree": 6}, {"group": 1, "id": "ameliorate"}, {"group": 7, "id": "amplified"}, {"group": 6, "id": "amassed", "degree": 4}, {"group": 7, "id": "amusement"}, {"group": 7, "id": "amiable", "degree": 3}, {"group": 0, "id": "amigo", "degree": 2}, {"group": 6, "id": "amphibious"}, {"group": 2, "id": "ambit"}, {"group": 1, "id": "amplification", "degree": 17}, {"group": 0, "id": "amalgamation"}, {"group": 2, "id": "amorality"}, {"group": 16, "id": "amnion", "degree": 0}, {"group": 7, "id": "ambrosial", "degree": 4}, {"group": 3, "id": "ambush"}, {"group": 3, "id": "amaze"}, {"group": 1, "id": "amelioration", "degree": 12}, {"group": 7, "id": "amicable", "degree": 6}, {"group": 8, "id": "ambiguity"}, {"group": 2, "id": "ambience", "degree": 5}, {"group": 1, "id": "amplify", "degree": 5}, {"group": 5, "id": "ambergris", "degree": 0}, {"group": 7, "id": "amusing"}, {"group": 7, "id": "amenable", "degree": 8}, {"group": 11, "id": "amateur"}, {"group": 7, "id": "ambitious", "degree": 0}, {"group": 7, "id": "ample", "degree": 7}, {"group": 7, "id": "amen"}, {"group": 0, "id": "amalgam", "degree": 6}, {"group": 7, "id": "amity"}, {"group": 2, "id": "ambages"}, {"group": 6, "id": "amorphous", "degree": 8}, {"group": 0, "id": "amah"}, {"group": 13, "id": "amulet", "degree": 0}, {"group": 1, "id": "amends", "degree": 5}, {"group": 1, "id": "ambulatory"}, {"group": 7, "id": "amatory"}, {"group": 10, "id": "amethystine", "degree": 0}, {"group": 0, "id": "amputate", "degree": 3}, {"group": 6, "id": "ambidextrous"}, {"group": 7, "id": "amply"}, {"group": 11, "id": "amateurish", "degree": 1}, {"group": 9, "id": "amphetamine", "degree": 0}, {"group": 6, "id": "ambivalent", "degree": 7}, {"group": 7, "id": "amok"}, {"group": 6, "id": "ambiguous"}, {"group": 7, "id": "amour", "degree": 1}, {"group": 1, "id": "amortize", "degree": 2}, {"group": 1, "id": "amortization", "degree": 3}, {"group": 3, "id": "amnesia", "degree": 1}, {"group": 8, "id": "amputation", "degree": 3}, {"group": 1, "id": "amend", "degree": 7}, {"group": 12, "id": "amentia", "degree": 0}, {"group": 14, "id": "amanuensis", "degree": 0}, {"group": 15, "id": "amazon", "degree": 0}, {"group": 6, "id": "amoral"}, {"group": 2, "id": "amount"}, {"group": 7, "id": "ambling"}, {"group": 8, "id": "amphibian"}, {"group": 2, "id": "amplitude", "degree": 11}, {"group": 2, "id": "amidships", "degree": 4}, {"group": 6, "id": "ament", "degree": 0}, {"group": 1, "id": "amnesty"}, {"group": 1, "id": "amble"}], "links": [{"source": 0, "target": 19, "weight": 0.019608}, {"source": 0, "target": 20, "weight": 0.009259}, {"source": 0, "target": 22, "weight": 0.005682}, {"source": 0, "target": 23, "weight": 0.014493}, {"source": 0, "target": 58, "weight": 0.006536}, {"source": 0, "target": 64, "weight": 0.007813}, {"source": 0, "target": 9, "weight": 0.114754}, {"source": 0, "target": 69, "weight": 0.030488}, {"source": 0, "target": 72, "weight": 0.015075}, {"source": 0, "target": 51, "weight": 0.007937}, {"source": 0, "target": 14, "weight": 0.006536}, {"source": 0, "target": 33, "weight": 0.013072}, {"source": 0, "target": 76, "weight": 0.005747}, {"source": 0, "target": 16, "weight": 0.022989}, {"source": 0, "target": 56, "weight": 0.008696}, {"source": 1, "target": 22, "weight": 0.080882}, {"source": 1, "target": 64, "weight": 0.1}, {"source": 1, "target": 47, "weight": 0.059524}, {"source": 1, "target": 60, "weight": 0.013699}, {"source": 1, "target": 29, "weight": 0.37037}, {"source": 1, "target": 14, "weight": 0.059829}, {"source": 1, "target": 75, "weight": 0.017241}, {"source": 1, "target": 33, "weight": 0.008065}, {"source": 2, "target": 64, "weight": 0.011905}, {"source": 2, "target": 22, "weight": 0.007576}, {"source": 2, "target": 29, "weight": 0.010417}, {"source": 2, "target": 72, "weight": 0.012821}, {"source": 3, "target": 63, "weight": 0.017544}, {"source": 4, "target": 73, "weight": 0.033333}, {"source": 5, "target": 28, "weight": 0.055556}, {"source": 5, "target": 27, "weight": 0.029412}, {"source": 6, "target": 47, "weight": 0.009434}, {"source": 6, "target": 8, "weight": 0.008929}, {"source": 6, "target": 72, "weight": 0.005291}, {"source": 8, "target": 21, "weight": 0.056604}, {"source": 8, "target": 69, "weight": 0.006897}, {"source": 8, "target": 28, "weight": 0.011236}, {"source": 8, "target": 48, "weight": 0.010204}, {"source": 8, "target": 72, "weight": 0.005618}, {"source": 8, "target": 12, "weight": 0.015152}, {"source": 8, "target": 32, "weight": 0.013158}, {"source": 8, "target": 76, "weight": 0.006623}, {"source": 9, "target": 41, "weight": 0.053333}, {"source": 9, "target": 19, "weight": 0.022222}, {"source": 9, "target": 16, "weight": 0.013158}, {"source": 9, "target": 56, "weight": 0.009709}, {"source": 10, "target": 26, "weight": 0.025316}, {"source": 10, "target": 34, "weight": 0.282051}, {"source": 11, "target": 36, "weight": 0.012658}, {"source": 12, "target": 32, "weight": 0.105263}, {"source": 12, "target": 73, "weight": 0.026316}, {"source": 13, "target": 39, "weight": 0.006667}, {"source": 13, "target": 68, "weight": 0.019417}, {"source": 13, "target": 44, "weight": 0.026906}, {"source": 13, "target": 74, "weight": 0.011905}, {"source": 13, "target": 52, "weight": 0.009524}, {"source": 13, "target": 56, "weight": 0.00885}, {"source": 14, "target": 22, "weight": 0.02809}, {"source": 14, "target": 39, "weight": 0.006329}, {"source": 14, "target": 64, "weight": 0.377551}, {"source": 14, "target": 36, "weight": 0.007519}, {"source": 14, "target": 60, "weight": 0.009174}, {"source": 14, "target": 29, "weight": 0.080882}, {"source": 14, "target": 51, "weight": 0.007576}, {"source": 14, "target": 33, "weight": 0.045455}, {"source": 15, "target": 22, "weight": 0.020134}, {"source": 15, "target": 39, "weight": 0.032258}, {"source": 15, "target": 72, "weight": 0.005682}, {"source": 15, "target": 44, "weight": 0.004878}, {"source": 16, "target": 20, "weight": 0.041667}, {"source": 16, "target": 58, "weight": 0.021505}, {"source": 16, "target": 69, "weight": 0.009174}, {"source": 16, "target": 56, "weight": 0.036364}, {"source": 17, "target": 61, "weight": 0.013514}, {"source": 17, "target": 47, "weight": 0.0125}, {"source": 17, "target": 36, "weight": 0.022727}, {"source": 17, "target": 29, "weight": 0.009804}, {"source": 18, "target": 26, "weight": 0.072072}, {"source": 18, "target": 39, "weight": 0.033333}, {"source": 18, "target": 40, "weight": 0.02}, {"source": 18, "target": 36, "weight": 0.048387}, {"source": 18, "target": 70, "weight": 0.016807}, {"source": 18, "target": 30, "weight": 0.51087}, {"source": 19, "target": 45, "weight": 0.022222}, {"source": 20, "target": 41, "weight": 0.019608}, {"source": 20, "target": 44, "weight": 0.010526}, {"source": 20, "target": 56, "weight": 0.54}, {"source": 21, "target": 32, "weight": 0.298507}, {"source": 21, "target": 22, "weight": 0.006135}, {"source": 21, "target": 29, "weight": 0.015873}, {"source": 21, "target": 72, "weight": 0.027174}, {"source": 22, "target": 23, "weight": 0.005952}, {"source": 22, "target": 24, "weight": 0.00885}, {"source": 22, "target": 64, "weight": 0.03268}, {"source": 22, "target": 69, "weight": 0.005076}, {"source": 22, "target": 48, "weight": 0.006667}, {"source": 22, "target": 27, "weight": 0.008403}, {"source": 22, "target": 70, "weight": 0.006803}, {"source": 22, "target": 29, "weight": 0.082803}, {"source": 22, "target": 72, "weight": 0.035874}, {"source": 22, "target": 76, "weight": 0.014925}, {"source": 22, "target": 33, "weight": 0.057471}, {"source": 23, "target": 41, "weight": 0.136986}, {"source": 23, "target": 47, "weight": 0.009091}, {"source": 24, "target": 72, "weight": 0.007246}, {"source": 26, "target": 39, "weight": 0.008264}, {"source": 26, "target": 40, "weight": 0.014706}, {"source": 26, "target": 36, "weight": 0.010417}, {"source": 26, "target": 35, "weight": 0.015152}, {"source": 26, "target": 30, "weight": 0.081633}, {"source": 27, "target": 44, "weight": 0.00578}, {"source": 28, "target": 62, "weight": 0.021277}, {"source": 28, "target": 72, "weight": 0.006024}, {"source": 29, "target": 64, "weight": 0.06087}, {"source": 29, "target": 69, "weight": 0.006211}, {"source": 29, "target": 47, "weight": 0.009009}, {"source": 29, "target": 60, "weight": 0.010417}, {"source": 29, "target": 43, "weight": 0.011765}, {"source": 29, "target": 76, "weight": 0.005988}, {"source": 29, "target": 33, "weight": 0.006803}, {"source": 30, "target": 36, "weight": 0.026316}, {"source": 30, "target": 39, "weight": 0.014286}, {"source": 30, "target": 40, "weight": 0.022989}, {"source": 30, "target": 42, "weight": 0.01}, {"source": 31, "target": 63, "weight": 0.020408}, {"source": 32, "target": 69, "weight": 0.008333}, {"source": 32, "target": 73, "weight": 0.020833}, {"source": 32, "target": 43, "weight": 0.022727}, {"source": 33, "target": 64, "weight": 0.038168}, {"source": 33, "target": 69, "weight": 0.017341}, {"source": 33, "target": 72, "weight": 0.009662}, {"source": 33, "target": 76, "weight": 0.011111}, {"source": 35, "target": 44, "weight": 0.011173}, {"source": 35, "target": 39, "weight": 0.009804}, {"source": 36, "target": 64, "weight": 0.009259}, {"source": 36, "target": 38, "weight": 0.013333}, {"source": 36, "target": 49, "weight": 0.015625}, {"source": 37, "target": 54, "weight": 0.079365}, {"source": 39, "target": 57, "weight": 0.008}, {"source": 39, "target": 40, "weight": 0.009615}, {"source": 39, "target": 44, "weight": 0.004255}, {"source": 39, "target": 72, "weight": 0.014706}, {"source": 39, "target": 53, "weight": 0.008547}, {"source": 40, "target": 64, "weight": 0.0125}, {"source": 41, "target": 58, "weight": 0.010417}, {"source": 41, "target": 47, "weight": 0.016393}, {"source": 41, "target": 56, "weight": 0.017241}, {"source": 42, "target": 59, "weight": 0.02}, {"source": 43, "target": 72, "weight": 0.006849}, {"source": 44, "target": 58, "weight": 0.107477}, {"source": 44, "target": 68, "weight": 0.010638}, {"source": 44, "target": 70, "weight": 0.004975}, {"source": 44, "target": 52, "weight": 0.005263}, {"source": 44, "target": 56, "weight": 0.058511}, {"source": 47, "target": 64, "weight": 0.030928}, {"source": 47, "target": 69, "weight": 0.007194}, {"source": 47, "target": 61, "weight": 0.02439}, {"source": 47, "target": 75, "weight": 0.034483}, {"source": 48, "target": 60, "weight": 0.012987}, {"source": 51, "target": 69, "weight": 0.006803}, {"source": 51, "target": 76, "weight": 0.006536}, {"source": 52, "target": 56, "weight": 0.013333}, {"source": 56, "target": 58, "weight": 0.386364}, {"source": 56, "target": 68, "weight": 0.013514}, {"source": 60, "target": 64, "weight": 0.024096}, {"source": 60, "target": 61, "weight": 0.061538}, {"source": 63, "target": 71, "weight": 0.02}, {"source": 69, "target": 72, "weight": 0.13198}, {"source": 69, "target": 73, "weight": 0.008547}, {"source": 72, "target": 76, "weight": 0.008811}], "multigraph": false}