{"directed": false, "graph": {}, "nodes": [{"group": 0, "id": "animadversion"}, {"group": 1, "id": "antelope"}, {"group": 2, "id": "anemometer"}, {"group": 3, "id": "antagonize"}, {"group": 1, "id": "anesthetize", "degree": 13}, {"group": 4, "id": "anchorite", "degree": 1}, {"group": 3, "id": "analogue"}, {"group": 5, "id": "antacid"}, {"group": 6, "id": "announcement"}, {"group": 6, "id": "anticipation"}, {"group": 10, "id": "animal"}, {"group": 0, "id": "animality"}, {"group": 7, "id": "analytic", "degree": 3}, {"group": 8, "id": "anaphylactic"}, {"group": 0, "id": "antipathy"}, {"group": 6, "id": "announce", "degree": 11}, {"group": 4, "id": "analogous"}, {"group": 9, "id": "animism"}, {"group": 6, "id": "antecede"}, {"group": 10, "id": "antediluvian", "degree": 11}, {"group": 3, "id": "antithetical", "degree": 8}, {"group": 4, "id": "analogy", "degree": 16}, {"group": 0, "id": "antagonism", "degree": 30}, {"group": 3, "id": "antipole", "degree": 11}, {"group": 4, "id": "ancillary", "degree": 3}, {"group": 10, "id": "anonymous", "degree": 2}, {"group": 4, "id": "annexation", "degree": 14}, {"group": 5, "id": "antiseptic", "degree": 6}, {"group": 8, "id": "anemic"}, {"group": 7, "id": "antagonist"}, {"group": 12, "id": "anemia", "degree": 17}, {"group": 2, "id": "anatomize", "degree": 7}, {"group": 0, "id": "anion"}, {"group": 1, "id": "anesthetized"}, {"group": 13, "id": "anxiously", "degree": 0}, {"group": 14, "id": "anachronistic", "degree": 5}, {"group": 8, "id": "anxious"}, {"group": 10, "id": "anarchic"}, {"group": 7, "id": "analytical"}, {"group": 2, "id": "analyzing", "degree": 2}, {"group": 10, "id": "anal", "degree": 5}, {"group": 0, "id": "anfractuous", "degree": 1}, {"group": 10, "id": "animalistic"}, {"group": 10, "id": "antique", "degree": 25}, {"group": 5, "id": "antibiotic"}, {"group": 15, "id": "antigen"}, {"group": 6, "id": "anvil", "degree": 1}, {"group": 4, "id": "anchored", "degree": 3}, {"group": 12, "id": "angina"}, {"group": 0, "id": "animate"}, {"group": 12, "id": "anarchy", "degree": 8}, {"group": 0, "id": "antinomy", "degree": 2}, {"group": 14, "id": "announcer", "degree": 13}, {"group": 6, "id": "anthem", "degree": 6}, {"group": 2, "id": "anniversary", "degree": 1}, {"group": 8, "id": "anguished", "degree": 5}, {"group": 3, "id": "antipathetic", "degree": 22}, {"group": 2, "id": "annals", "degree": 14}, {"group": 1, "id": "anodyne", "degree": 11}, {"group": 14, "id": "annalist", "degree": 2}, {"group": 16, "id": "analyzer", "degree": 2}, {"group": 11, "id": "analects"}, {"group": 4, "id": "ancestry", "degree": 17}, {"group": 0, "id": "animus", "degree": 33}, {"group": 6, "id": "anagram", "degree": 1}, {"group": 17, "id": "anyhow", "degree": 0}, {"group": 3, "id": "antipodes"}, {"group": 12, "id": "anarchism", "degree": 2}, {"group": 4, "id": "anchorage", "degree": 9}, {"group": 2, "id": "annual"}, {"group": 3, "id": "anomalous"}, {"group": 0, "id": "anima"}, {"group": 4, "id": "anon"}, {"group": 1, "id": "anarchist"}, {"group": 12, "id": "anoxia", "degree": 10}, {"group": 14, "id": "anterior", "degree": 10}, {"group": 1, "id": "anesthetic"}, {"group": 1, "id": "anarchistic"}, {"group": 10, "id": "angelic"}, {"group": 15, "id": "antibody", "degree": 4}, {"group": 3, "id": "anapest", "degree": 10}, {"group": 3, "id": "antidote"}, {"group": 4, "id": "anthill"}, {"group": 10, "id": "antiquity", "degree": 7}, {"group": 14, "id": "anticipatory"}, {"group": 3, "id": "anti"}, {"group": 4, "id": "another", "degree": 12}, {"group": 14, "id": "ante", "degree": 16}, {"group": 4, "id": "angular", "degree": 1}, {"group": 14, "id": "antitype"}, {"group": 0, "id": "annoyance"}, {"group": 10, "id": "ancient"}, {"group": 10, "id": "anility", "degree": 2}, {"group": 3, "id": "angry"}, {"group": 0, "id": "anathema", "degree": 8}, {"group": 0, "id": "annulment"}, {"group": 1, "id": "analgesic", "degree": 14}, {"group": 1, "id": "analgesia"}, {"group": 2, "id": "analyze", "degree": 10}, {"group": 0, "id": "anomaly"}, {"group": 4, "id": "antepast", "degree": 5}, {"group": 0, "id": "anus", "degree": 7}, {"group": 12, "id": "anointment"}, {"group": 4, "id": "ankle"}, {"group": 3, "id": "annul"}, {"group": 8, "id": "antic", "degree": 7}, {"group": 5, "id": "anaerobe"}, {"group": 10, "id": "antiquated"}, {"group": 16, "id": "analyst"}, {"group": 0, "id": "annoy", "degree": 15}, {"group": 0, "id": "anxiety", "degree": 20}, {"group": 4, "id": "annihilate"}, {"group": 15, "id": "antitoxin"}, {"group": 6, "id": "anticipate"}, {"group": 10, "id": "ancestral", "degree": 10}, {"group": 12, "id": "annihilation"}, {"group": 4, "id": "anew", "degree": 3}, {"group": 8, "id": "animated"}, {"group": 4, "id": "anchor"}, {"group": 10, "id": "anthropoid"}, {"group": 14, "id": "anticipating", "degree": 11}, {"group": 11, "id": "ana", "degree": 9}, {"group": 4, "id": "angel", "degree": 12}, {"group": 4, "id": "animalism"}, {"group": 3, "id": "antithesis", "degree": 22}, {"group": 3, "id": "antagonistic"}, {"group": 0, "id": "anger"}, {"group": 0, "id": "anaphylaxis", "degree": 3}, {"group": 6, "id": "antedate", "degree": 8}, {"group": 12, "id": "anthrax", "degree": 1}, {"group": 4, "id": "analeptic"}, {"group": 7, "id": "annoying"}, {"group": 0, "id": "anguish", "degree": 19}, {"group": 4, "id": "any"}, {"group": 18, "id": "anemology", "degree": 0}, {"group": 3, "id": "andiron", "degree": 3}, {"group": 14, "id": "ancestors"}, {"group": 0, "id": "angle"}, {"group": 11, "id": "anthology"}, {"group": 6, "id": "anachronism", "degree": 1}, {"group": 1, "id": "anesthesia"}, {"group": 0, "id": "animation"}, {"group": 11, "id": "annulet", "degree": 25}, {"group": 6, "id": "answer"}, {"group": 7, "id": "antihero", "degree": 7}, {"group": 14, "id": "ancestor"}, {"group": 4, "id": "andante", "degree": 3}, {"group": 1, "id": "anoint", "degree": 9}, {"group": 4, "id": "annex", "degree": 20}, {"group": 11, "id": "ankh"}, {"group": 9, "id": "anthropomorphism", "degree": 1}, {"group": 0, "id": "anatomy"}, {"group": 8, "id": "anhydrous", "degree": 2}, {"group": 0, "id": "animosity", "degree": 17}, {"group": 2, "id": "annotation", "degree": 3}, {"group": 6, "id": "annunciation"}, {"group": 14, "id": "antecedent", "degree": 11}, {"group": 4, "id": "annum", "degree": 2}, {"group": 6, "id": "antiphon", "degree": 9}, {"group": 1, "id": "antenna", "degree": 2}, {"group": 0, "id": "angst"}, {"group": 4, "id": "annuity", "degree": 7}, {"group": 3, "id": "antipodal", "degree": 11}, {"group": 2, "id": "analysis"}, {"group": 1, "id": "antidepressant"}, {"group": 3, "id": "antonym", "degree": 17}, {"group": 8, "id": "annoyed"}], "links": [{"source": 0, "target": 98, "weight": 0.008929}, {"source": 0, "target": 94, "weight": 0.019608}, {"source": 0, "target": 148, "weight": 0.007092}, {"source": 1, "target": 68, "weight": 0.008929}, {"source": 1, "target": 96, "weight": 0.009346}, {"source": 1, "target": 63, "weight": 0.006623}, {"source": 1, "target": 142, "weight": 0.010204}, {"source": 1, "target": 87, "weight": 0.013699}, {"source": 1, "target": 58, "weight": 0.008929}, {"source": 2, "target": 57, "weight": 0.021739}, {"source": 3, "target": 109, "weight": 0.051724}, {"source": 3, "target": 20, "weight": 0.025641}, {"source": 3, "target": 22, "weight": 0.026549}, {"source": 3, "target": 124, "weight": 0.029412}, {"source": 3, "target": 162, "weight": 0.02381}, {"source": 3, "target": 23, "weight": 0.021739}, {"source": 3, "target": 56, "weight": 0.026316}, {"source": 3, "target": 142, "weight": 0.012195}, {"source": 3, "target": 132, "weight": 0.00813}, {"source": 3, "target": 165, "weight": 0.017544}, {"source": 4, "target": 76, "weight": 0.036585}, {"source": 4, "target": 31, "weight": 0.0125}, {"source": 4, "target": 104, "weight": 0.011494}, {"source": 4, "target": 111, "weight": 0.017094}, {"source": 4, "target": 143, "weight": 0.003333}, {"source": 4, "target": 69, "weight": 0.008696}, {"source": 4, "target": 140, "weight": 0.012987}, {"source": 4, "target": 96, "weight": 0.018692}, {"source": 4, "target": 109, "weight": 0.007246}, {"source": 4, "target": 53, "weight": 0.012048}, {"source": 4, "target": 87, "weight": 0.013514}, {"source": 4, "target": 58, "weight": 0.017857}, {"source": 4, "target": 97, "weight": 0.014085}, {"source": 4, "target": 98, "weight": 0.007463}, {"source": 4, "target": 33, "weight": 0.019048}, {"source": 4, "target": 28, "weight": 0.007519}, {"source": 4, "target": 147, "weight": 0.041096}, {"source": 5, "target": 133, "weight": 0.021739}, {"source": 6, "target": 148, "weight": 0.013889}, {"source": 6, "target": 124, "weight": 0.014706}, {"source": 6, "target": 162, "weight": 0.02439}, {"source": 6, "target": 23, "weight": 0.022222}, {"source": 6, "target": 56, "weight": 0.008696}, {"source": 6, "target": 62, "weight": 0.012821}, {"source": 6, "target": 21, "weight": 0.030303}, {"source": 6, "target": 26, "weight": 0.022222}, {"source": 6, "target": 165, "weight": 0.017857}, {"source": 7, "target": 153, "weight": 0.037736}, {"source": 7, "target": 124, "weight": 0.014925}, {"source": 7, "target": 27, "weight": 0.044444}, {"source": 7, "target": 165, "weight": 0.018182}, {"source": 7, "target": 23, "weight": 0.022727}, {"source": 8, "target": 158, "weight": 0.009524}, {"source": 8, "target": 121, "weight": 0.03125}, {"source": 8, "target": 53, "weight": 0.009091}, {"source": 8, "target": 57, "weight": 0.008547}, {"source": 8, "target": 26, "weight": 0.007353}, {"source": 8, "target": 15, "weight": 0.03937}, {"source": 8, "target": 165, "weight": 0.009901}, {"source": 9, "target": 110, "weight": 0.021127}, {"source": 9, "target": 122, "weight": 0.007937}, {"source": 9, "target": 139, "weight": 0.021277}, {"source": 9, "target": 63, "weight": 0.013423}, {"source": 9, "target": 128, "weight": 0.017544}, {"source": 9, "target": 132, "weight": 0.007246}, {"source": 10, "target": 43, "weight": 0.004505}, {"source": 10, "target": 109, "weight": 0.009615}, {"source": 10, "target": 19, "weight": 0.0125}, {"source": 10, "target": 114, "weight": 0.007353}, {"source": 11, "target": 67, "weight": 0.014493}, {"source": 11, "target": 22, "weight": 0.014599}, {"source": 11, "target": 62, "weight": 0.019802}, {"source": 11, "target": 63, "weight": 0.019231}, {"source": 11, "target": 153, "weight": 0.025641}, {"source": 11, "target": 132, "weight": 0.006849}, {"source": 11, "target": 27, "weight": 0.014085}, {"source": 12, "target": 125, "weight": 0.007092}, {"source": 12, "target": 38, "weight": 0.043478}, {"source": 12, "target": 131, "weight": 0.015873}, {"source": 13, "target": 105, "weight": 0.013514}, {"source": 14, "target": 109, "weight": 0.005814}, {"source": 14, "target": 158, "weight": 0.008929}, {"source": 14, "target": 74, "weight": 0.007463}, {"source": 14, "target": 22, "weight": 0.546296}, {"source": 14, "target": 132, "weight": 0.011561}, {"source": 14, "target": 124, "weight": 0.19802}, {"source": 14, "target": 51, "weight": 0.021505}, {"source": 14, "target": 94, "weight": 0.058824}, {"source": 14, "target": 23, "weight": 0.010309}, {"source": 14, "target": 165, "weight": 0.009259}, {"source": 14, "target": 110, "weight": 0.011173}, {"source": 14, "target": 63, "weight": 0.021858}, {"source": 14, "target": 21, "weight": 0.019868}, {"source": 14, "target": 127, "weight": 0.010989}, {"source": 14, "target": 153, "weight": 0.069307}, {"source": 14, "target": 79, "weight": 0.01}, {"source": 14, "target": 50, "weight": 0.008621}, {"source": 14, "target": 30, "weight": 0.00641}, {"source": 15, "target": 158, "weight": 0.011236}, {"source": 15, "target": 18, "weight": 0.106061}, {"source": 15, "target": 148, "weight": 0.005747}, {"source": 15, "target": 52, "weight": 0.028846}, {"source": 15, "target": 53, "weight": 0.010638}, {"source": 15, "target": 113, "weight": 0.075472}, {"source": 15, "target": 69, "weight": 0.007937}, {"source": 15, "target": 163, "weight": 0.006452}, {"source": 15, "target": 143, "weight": 0.019608}, {"source": 15, "target": 142, "weight": 0.009091}, {"source": 15, "target": 128, "weight": 0.109375}, {"source": 15, "target": 49, "weight": 0.006667}, {"source": 15, "target": 145, "weight": 0.02381}, {"source": 15, "target": 156, "weight": 0.016667}, {"source": 15, "target": 155, "weight": 0.044444}, {"source": 16, "target": 24, "weight": 0.016667}, {"source": 16, "target": 40, "weight": 0.014286}, {"source": 16, "target": 62, "weight": 0.025}, {"source": 16, "target": 21, "weight": 0.029412}, {"source": 16, "target": 86, "weight": 0.017544}, {"source": 17, "target": 150, "weight": 0.066667}, {"source": 18, "target": 75, "weight": 0.043478}, {"source": 18, "target": 156, "weight": 0.012821}, {"source": 18, "target": 52, "weight": 0.015873}, {"source": 18, "target": 144, "weight": 0.027778}, {"source": 18, "target": 62, "weight": 0.015625}, {"source": 18, "target": 128, "weight": 0.333333}, {"source": 18, "target": 98, "weight": 0.019802}, {"source": 19, "target": 43, "weight": 0.252101}, {"source": 19, "target": 75, "weight": 0.013158}, {"source": 19, "target": 91, "weight": 0.171717}, {"source": 19, "target": 78, "weight": 0.011111}, {"source": 19, "target": 122, "weight": 0.008}, {"source": 19, "target": 156, "weight": 0.009346}, {"source": 19, "target": 114, "weight": 0.067797}, {"source": 19, "target": 83, "weight": 0.042254}, {"source": 19, "target": 125, "weight": 0.006135}, {"source": 19, "target": 84, "weight": 0.010526}, {"source": 19, "target": 56, "weight": 0.007692}, {"source": 19, "target": 57, "weight": 0.011494}, {"source": 19, "target": 107, "weight": 0.1}, {"source": 19, "target": 40, "weight": 0.012195}, {"source": 19, "target": 119, "weight": 0.222222}, {"source": 20, "target": 66, "weight": 0.148148}, {"source": 20, "target": 104, "weight": 0.02}, {"source": 20, "target": 124, "weight": 0.162791}, {"source": 20, "target": 162, "weight": 0.533333}, {"source": 20, "target": 23, "weight": 0.285714}, {"source": 20, "target": 125, "weight": 0.065574}, {"source": 20, "target": 56, "weight": 0.077778}, {"source": 20, "target": 85, "weight": 0.170213}, {"source": 20, "target": 21, "weight": 0.012195}, {"source": 20, "target": 143, "weight": 0.007634}, {"source": 20, "target": 165, "weight": 0.117647}, {"source": 21, "target": 124, "weight": 0.036697}, {"source": 21, "target": 125, "weight": 0.010471}, {"source": 21, "target": 85, "weight": 0.017241}, {"source": 21, "target": 89, "weight": 0.011236}, {"source": 21, "target": 137, "weight": 0.008264}, {"source": 21, "target": 56, "weight": 0.012658}, {"source": 21, "target": 57, "weight": 0.017391}, {"source": 21, "target": 143, "weight": 0.012384}, {"source": 21, "target": 98, "weight": 0.00625}, {"source": 21, "target": 59, "weight": 0.010309}, {"source": 21, "target": 22, "weight": 0.019231}, {"source": 21, "target": 62, "weight": 0.016529}, {"source": 21, "target": 29, "weight": 0.008264}, {"source": 21, "target": 31, "weight": 0.009434}, {"source": 21, "target": 161, "weight": 0.010309}, {"source": 21, "target": 113, "weight": 0.007813}, {"source": 21, "target": 162, "weight": 0.011765}, {"source": 21, "target": 163, "weight": 0.005882}, {"source": 22, "target": 45, "weight": 0.009524}, {"source": 22, "target": 124, "weight": 0.188679}, {"source": 22, "target": 127, "weight": 0.010417}, {"source": 22, "target": 132, "weight": 0.005587}, {"source": 22, "target": 50, "weight": 0.008264}, {"source": 22, "target": 51, "weight": 0.020408}, {"source": 22, "target": 94, "weight": 0.036697}, {"source": 22, "target": 95, "weight": 0.015267}, {"source": 22, "target": 141, "weight": 0.005917}, {"source": 22, "target": 143, "weight": 0.005917}, {"source": 22, "target": 99, "weight": 0.02381}, {"source": 22, "target": 142, "weight": 0.007246}, {"source": 22, "target": 23, "weight": 0.009804}, {"source": 22, "target": 110, "weight": 0.005405}, {"source": 22, "target": 63, "weight": 0.021277}, {"source": 22, "target": 153, "weight": 0.066038}, {"source": 22, "target": 165, "weight": 0.00885}, {"source": 22, "target": 29, "weight": 0.007463}, {"source": 22, "target": 30, "weight": 0.006211}, {"source": 22, "target": 66, "weight": 0.009434}, {"source": 22, "target": 158, "weight": 0.008547}, {"source": 22, "target": 160, "weight": 0.007813}, {"source": 22, "target": 74, "weight": 0.007194}, {"source": 22, "target": 115, "weight": 0.007937}, {"source": 22, "target": 71, "weight": 0.00885}, {"source": 22, "target": 79, "weight": 0.009524}, {"source": 23, "target": 66, "weight": 0.583333}, {"source": 23, "target": 104, "weight": 0.054545}, {"source": 23, "target": 124, "weight": 0.390244}, {"source": 23, "target": 162, "weight": 0.363636}, {"source": 23, "target": 165, "weight": 0.451613}, {"source": 23, "target": 125, "weight": 0.062016}, {"source": 23, "target": 56, "weight": 0.083333}, {"source": 23, "target": 85, "weight": 0.148148}, {"source": 23, "target": 81, "weight": 0.037037}, {"source": 23, "target": 143, "weight": 0.007435}, {"source": 23, "target": 80, "weight": 0.02381}, {"source": 23, "target": 29, "weight": 0.015385}, {"source": 24, "target": 100, "weight": 0.045455}, {"source": 24, "target": 148, "weight": 0.020979}, {"source": 24, "target": 62, "weight": 0.012821}, {"source": 24, "target": 116, "weight": 0.027778}, {"source": 24, "target": 86, "weight": 0.447368}, {"source": 24, "target": 26, "weight": 0.022222}, {"source": 24, "target": 130, "weight": 0.022727}, {"source": 24, "target": 88, "weight": 0.020408}, {"source": 25, "target": 43, "weight": 0.008}, {"source": 25, "target": 107, "weight": 0.015625}, {"source": 25, "target": 37, "weight": 0.01}, {"source": 26, "target": 143, "weight": 0.003165}, {"source": 26, "target": 130, "weight": 0.012821}, {"source": 26, "target": 148, "weight": 0.192053}, {"source": 26, "target": 160, "weight": 0.009524}, {"source": 26, "target": 161, "weight": 0.011494}, {"source": 26, "target": 163, "weight": 0.00625}, {"source": 26, "target": 102, "weight": 0.012987}, {"source": 26, "target": 109, "weight": 0.013072}, {"source": 26, "target": 86, "weight": 0.011364}, {"source": 26, "target": 103, "weight": 0.009259}, {"source": 26, "target": 110, "weight": 0.012422}, {"source": 26, "target": 132, "weight": 0.00641}, {"source": 26, "target": 118, "weight": 0.015267}, {"source": 26, "target": 90, "weight": 0.007937}, {"source": 27, "target": 44, "weight": 0.666667}, {"source": 27, "target": 111, "weight": 0.011111}, {"source": 27, "target": 81, "weight": 0.034483}, {"source": 27, "target": 63, "weight": 0.008065}, {"source": 27, "target": 106, "weight": 0.029412}, {"source": 27, "target": 153, "weight": 0.022222}, {"source": 28, "target": 146, "weight": 0.008475}, {"source": 28, "target": 43, "weight": 0.010526}, {"source": 28, "target": 56, "weight": 0.00578}, {"source": 28, "target": 142, "weight": 0.007194}, {"source": 28, "target": 152, "weight": 0.010526}, {"source": 29, "target": 109, "weight": 0.007143}, {"source": 29, "target": 122, "weight": 0.007692}, {"source": 29, "target": 124, "weight": 0.022989}, {"source": 29, "target": 56, "weight": 0.022556}, {"source": 29, "target": 120, "weight": 0.013333}, {"source": 29, "target": 144, "weight": 0.42}, {"source": 29, "target": 165, "weight": 0.013158}, {"source": 29, "target": 63, "weight": 0.013072}, {"source": 30, "target": 102, "weight": 0.011111}, {"source": 30, "target": 110, "weight": 0.011494}, {"source": 30, "target": 160, "weight": 0.017094}, {"source": 30, "target": 132, "weight": 0.024096}, {"source": 30, "target": 93, "weight": 0.006944}, {"source": 30, "target": 125, "weight": 0.005128}, {"source": 30, "target": 92, "weight": 0.011905}, {"source": 30, "target": 56, "weight": 0.006173}, {"source": 30, "target": 141, "weight": 0.006289}, {"source": 30, "target": 74, "weight": 0.585366}, {"source": 30, "target": 48, "weight": 0.042105}, {"source": 30, "target": 129, "weight": 0.026549}, {"source": 30, "target": 97, "weight": 0.01}, {"source": 30, "target": 33, "weight": 0.007407}, {"source": 30, "target": 140, "weight": 0.019048}, {"source": 30, "target": 90, "weight": 0.007194}, {"source": 31, "target": 163, "weight": 0.015385}, {"source": 31, "target": 151, "weight": 0.008}, {"source": 31, "target": 63, "weight": 0.007194}, {"source": 31, "target": 143, "weight": 0.003484}, {"source": 31, "target": 98, "weight": 0.244898}, {"source": 32, "target": 153, "weight": 0.042553}, {"source": 33, "target": 43, "weight": 0.006098}, {"source": 33, "target": 63, "weight": 0.006061}, {"source": 33, "target": 144, "weight": 0.012346}, {"source": 33, "target": 120, "weight": 0.011628}, {"source": 33, "target": 96, "weight": 0.008264}, {"source": 33, "target": 58, "weight": 0.007937}, {"source": 33, "target": 74, "weight": 0.00885}, {"source": 35, "target": 43, "weight": 0.008696}, {"source": 35, "target": 75, "weight": 0.023256}, {"source": 35, "target": 91, "weight": 0.024691}, {"source": 35, "target": 84, "weight": 0.016129}, {"source": 35, "target": 107, "weight": 0.018519}, {"source": 35, "target": 87, "weight": 0.026316}, {"source": 35, "target": 156, "weight": 0.013514}, {"source": 36, "target": 43, "weight": 0.005348}, {"source": 36, "target": 75, "weight": 0.008696}, {"source": 36, "target": 110, "weight": 0.016667}, {"source": 36, "target": 152, "weight": 0.010989}, {"source": 36, "target": 55, "weight": 0.15534}, {"source": 36, "target": 109, "weight": 0.005747}, {"source": 36, "target": 120, "weight": 0.028037}, {"source": 36, "target": 105, "weight": 0.046154}, {"source": 36, "target": 87, "weight": 0.009091}, {"source": 37, "target": 50, "weight": 0.008696}, {"source": 39, "target": 137, "weight": 0.005376}, {"source": 39, "target": 63, "weight": 0.008264}, {"source": 39, "target": 163, "weight": 0.036364}, {"source": 40, "target": 43, "weight": 0.006993}, {"source": 40, "target": 78, "weight": 0.011765}, {"source": 40, "target": 147, "weight": 0.014925}, {"source": 40, "target": 148, "weight": 0.006452}, {"source": 40, "target": 48, "weight": 0.016393}, {"source": 40, "target": 132, "weight": 0.007576}, {"source": 40, "target": 118, "weight": 0.009259}, {"source": 41, "target": 137, "weight": 0.005236}, {"source": 42, "target": 43, "weight": 0.007813}, {"source": 43, "target": 75, "weight": 0.007299}, {"source": 43, "target": 122, "weight": 0.005376}, {"source": 43, "target": 83, "weight": 0.097561}, {"source": 43, "target": 125, "weight": 0.004464}, {"source": 43, "target": 84, "weight": 0.00641}, {"source": 43, "target": 49, "weight": 0.005076}, {"source": 43, "target": 91, "weight": 0.264286}, {"source": 43, "target": 56, "weight": 0.005236}, {"source": 43, "target": 57, "weight": 0.020548}, {"source": 43, "target": 105, "weight": 0.006369}, {"source": 43, "target": 107, "weight": 0.392523}, {"source": 43, "target": 156, "weight": 0.011976}, {"source": 43, "target": 111, "weight": 0.005682}, {"source": 43, "target": 69, "weight": 0.011628}, {"source": 43, "target": 116, "weight": 0.008929}, {"source": 43, "target": 117, "weight": 0.005102}, {"source": 43, "target": 119, "weight": 0.017544}, {"source": 44, "target": 153, "weight": 0.02381}, {"source": 44, "target": 63, "weight": 0.008264}, {"source": 45, "target": 62, "weight": 0.014493}, {"source": 45, "target": 79, "weight": 0.904762}, {"source": 46, "target": 143, "weight": 0.00369}, {"source": 46, "target": 158, "weight": 0.020408}, {"source": 47, "target": 63, "weight": 0.008}, {"source": 47, "target": 118, "weight": 0.011236}, {"source": 47, "target": 148, "weight": 0.007353}, {"source": 48, "target": 109, "weight": 0.017699}, {"source": 48, "target": 110, "weight": 0.008197}, {"source": 48, "target": 132, "weight": 0.008621}, {"source": 48, "target": 142, "weight": 0.013333}, {"source": 48, "target": 74, "weight": 0.054795}, {"source": 49, "target": 100, "weight": 0.009174}, {"source": 49, "target": 110, "weight": 0.005208}, {"source": 49, "target": 148, "weight": 0.004785}, {"source": 49, "target": 109, "weight": 0.075581}, {"source": 49, "target": 63, "weight": 0.010152}, {"source": 49, "target": 105, "weight": 0.05036}, {"source": 49, "target": 87, "weight": 0.008333}, {"source": 49, "target": 75, "weight": 0.008}, {"source": 50, "target": 67, "weight": 0.325}, {"source": 50, "target": 51, "weight": 0.020408}, {"source": 50, "target": 124, "weight": 0.013333}, {"source": 50, "target": 163, "weight": 0.007519}, {"source": 50, "target": 115, "weight": 0.013158}, {"source": 50, "target": 129, "weight": 0.013333}, {"source": 51, "target": 124, "weight": 0.018868}, {"source": 51, "target": 99, "weight": 0.017857}, {"source": 52, "target": 75, "weight": 0.025}, {"source": 52, "target": 89, "weight": 0.03125}, {"source": 52, "target": 136, "weight": 0.011905}, {"source": 52, "target": 137, "weight": 0.004566}, {"source": 52, "target": 122, "weight": 0.007692}, {"source": 52, "target": 148, "weight": 0.006061}, {"source": 52, "target": 98, "weight": 0.007353}, {"source": 52, "target": 113, "weight": 0.009615}, {"source": 52, "target": 163, "weight": 0.006849}, {"source": 52, "target": 84, "weight": 0.01}, {"source": 52, "target": 63, "weight": 0.006494}, {"source": 52, "target": 128, "weight": 0.016393}, {"source": 52, "target": 145, "weight": 0.425926}, {"source": 52, "target": 156, "weight": 0.255556}, {"source": 53, "target": 158, "weight": 0.301887}, {"source": 53, "target": 78, "weight": 0.012048}, {"source": 53, "target": 69, "weight": 0.009524}, {"source": 53, "target": 163, "weight": 0.007463}, {"source": 53, "target": 143, "weight": 0.058182}, {"source": 53, "target": 87, "weight": 0.015625}, {"source": 53, "target": 80, "weight": 0.016129}, {"source": 53, "target": 155, "weight": 0.013889}, {"source": 54, "target": 69, "weight": 0.04}, {"source": 55, "target": 117, "weight": 0.007874}, {"source": 55, "target": 132, "weight": 0.015625}, {"source": 55, "target": 166, "weight": 0.013514}, {"source": 55, "target": 111, "weight": 0.009346}, {"source": 56, "target": 124, "weight": 0.076271}, {"source": 56, "target": 125, "weight": 0.682927}, {"source": 56, "target": 90, "weight": 0.006667}, {"source": 56, "target": 135, "weight": 0.009901}, {"source": 56, "target": 93, "weight": 0.019608}, {"source": 56, "target": 165, "weight": 0.055046}, {"source": 56, "target": 142, "weight": 0.007194}, {"source": 56, "target": 77, "weight": 0.008065}, {"source": 56, "target": 99, "weight": 0.007752}, {"source": 56, "target": 149, "weight": 0.010526}, {"source": 56, "target": 143, "weight": 0.0059}, {"source": 56, "target": 66, "weight": 0.058824}, {"source": 56, "target": 104, "weight": 0.015873}, {"source": 56, "target": 111, "weight": 0.006329}, {"source": 56, "target": 162, "weight": 0.123596}, {"source": 56, "target": 70, "weight": 0.044118}, {"source": 56, "target": 85, "weight": 0.5}, {"source": 56, "target": 73, "weight": 0.009709}, {"source": 56, "target": 74, "weight": 0.007143}, {"source": 57, "target": 137, "weight": 0.004673}, {"source": 57, "target": 121, "weight": 0.009901}, {"source": 57, "target": 69, "weight": 0.066038}, {"source": 57, "target": 83, "weight": 0.042254}, {"source": 57, "target": 141, "weight": 0.007874}, {"source": 57, "target": 110, "weight": 0.006993}, {"source": 57, "target": 143, "weight": 0.003367}, {"source": 57, "target": 98, "weight": 0.015385}, {"source": 57, "target": 154, "weight": 0.065574}, {"source": 58, "target": 76, "weight": 0.346154}, {"source": 58, "target": 90, "weight": 0.007692}, {"source": 58, "target": 130, "weight": 0.012195}, {"source": 58, "target": 147, "weight": 0.010526}, {"source": 58, "target": 159, "weight": 0.014286}, {"source": 58, "target": 93, "weight": 0.007407}, {"source": 58, "target": 164, "weight": 0.011364}, {"source": 58, "target": 77, "weight": 0.009615}, {"source": 58, "target": 96, "weight": 0.791667}, {"source": 58, "target": 73, "weight": 0.012048}, {"source": 58, "target": 97, "weight": 0.057471}, {"source": 58, "target": 140, "weight": 0.053763}, {"source": 59, "target": 136, "weight": 0.016667}, {"source": 60, "target": 98, "weight": 0.010417}, {"source": 60, "target": 108, "weight": 0.25}, {"source": 61, "target": 165, "weight": 0.014085}, {"source": 61, "target": 142, "weight": 0.021053}, {"source": 61, "target": 121, "weight": 0.728814}, {"source": 62, "target": 143, "weight": 0.006623}, {"source": 62, "target": 137, "weight": 0.004545}, {"source": 62, "target": 86, "weight": 0.013333}, {"source": 62, "target": 123, "weight": 0.015152}, {"source": 62, "target": 163, "weight": 0.006803}, {"source": 62, "target": 151, "weight": 0.007092}, {"source": 62, "target": 71, "weight": 0.012987}, {"source": 62, "target": 141, "weight": 0.007519}, {"source": 62, "target": 103, "weight": 0.010526}, {"source": 62, "target": 98, "weight": 0.007299}, {"source": 62, "target": 79, "weight": 0.014493}, {"source": 62, "target": 118, "weight": 0.008403}, {"source": 63, "target": 122, "weight": 0.005348}, {"source": 63, "target": 124, "weight": 0.020979}, {"source": 63, "target": 127, "weight": 0.008621}, {"source": 63, "target": 126, "weight": 0.027027}, {"source": 63, "target": 132, "weight": 0.005025}, {"source": 63, "target": 88, "weight": 0.007937}, {"source": 63, "target": 89, "weight": 0.008197}, {"source": 63, "target": 137, "weight": 0.037453}, {"source": 63, "target": 94, "weight": 0.007576}, {"source": 63, "target": 141, "weight": 0.061453}, {"source": 63, "target": 156, "weight": 0.005917}, {"source": 63, "target": 143, "weight": 0.008403}, {"source": 63, "target": 106, "weight": 0.008264}, {"source": 63, "target": 145, "weight": 0.007519}, {"source": 63, "target": 101, "weight": 0.007576}, {"source": 63, "target": 148, "weight": 0.004505}, {"source": 63, "target": 151, "weight": 0.03125}, {"source": 63, "target": 110, "weight": 0.014778}, {"source": 63, "target": 153, "weight": 0.108333}, {"source": 63, "target": 109, "weight": 0.005076}, {"source": 63, "target": 98, "weight": 0.021053}, {"source": 63, "target": 160, "weight": 0.006757}, {"source": 63, "target": 99, "weight": 0.013605}, {"source": 63, "target": 113, "weight": 0.0125}, {"source": 63, "target": 163, "weight": 0.014925}, {"source": 63, "target": 71, "weight": 0.030769}, {"source": 63, "target": 144, "weight": 0.015873}, {"source": 63, "target": 118, "weight": 0.005714}, {"source": 64, "target": 143, "weight": 0.003802}, {"source": 66, "target": 124, "weight": 0.297872}, {"source": 66, "target": 162, "weight": 0.214286}, {"source": 66, "target": 165, "weight": 0.4}, {"source": 66, "target": 80, "weight": 0.021739}, {"source": 67, "target": 129, "weight": 0.017857}, {"source": 68, "target": 137, "weight": 0.004219}, {"source": 68, "target": 111, "weight": 0.007246}, {"source": 68, "target": 148, "weight": 0.010989}, {"source": 68, "target": 112, "weight": 0.0125}, {"source": 68, "target": 82, "weight": 0.010753}, {"source": 68, "target": 142, "weight": 0.008403}, {"source": 68, "target": 87, "weight": 0.010638}, {"source": 68, "target": 118, "weight": 0.037879}, {"source": 69, "target": 158, "weight": 0.01}, {"source": 69, "target": 121, "weight": 0.016}, {"source": 69, "target": 98, "weight": 0.012903}, {"source": 69, "target": 154, "weight": 0.022727}, {"source": 70, "target": 86, "weight": 0.0125}, {"source": 71, "target": 101, "weight": 0.018519}, {"source": 71, "target": 110, "weight": 0.007874}, {"source": 71, "target": 153, "weight": 0.018519}, {"source": 71, "target": 79, "weight": 0.043478}, {"source": 72, "target": 116, "weight": 0.052632}, {"source": 73, "target": 96, "weight": 0.012821}, {"source": 74, "target": 102, "weight": 0.014706}, {"source": 74, "target": 110, "weight": 0.006536}, {"source": 74, "target": 160, "weight": 0.010417}, {"source": 74, "target": 93, "weight": 0.008197}, {"source": 74, "target": 125, "weight": 0.00578}, {"source": 74, "target": 90, "weight": 0.008547}, {"source": 74, "target": 141, "weight": 0.007299}, {"source": 74, "target": 129, "weight": 0.05618}, {"source": 74, "target": 132, "weight": 0.013699}, {"source": 74, "target": 140, "weight": 0.011905}, {"source": 75, "target": 89, "weight": 0.020408}, {"source": 75, "target": 91, "weight": 0.060606}, {"source": 75, "target": 143, "weight": 0.003497}, {"source": 75, "target": 117, "weight": 0.008065}, {"source": 75, "target": 114, "weight": 0.019608}, {"source": 75, "target": 84, "weight": 0.214286}, {"source": 75, "target": 120, "weight": 0.016949}, {"source": 75, "target": 142, "weight": 0.011765}, {"source": 75, "target": 87, "weight": 0.070175}, {"source": 75, "target": 145, "weight": 0.033898}, {"source": 75, "target": 156, "weight": 0.366197}, {"source": 76, "target": 96, "weight": 0.449275}, {"source": 76, "target": 147, "weight": 0.030769}, {"source": 77, "target": 96, "weight": 0.010101}, {"source": 78, "target": 121, "weight": 0.009615}, {"source": 78, "target": 122, "weight": 0.015748}, {"source": 78, "target": 114, "weight": 0.015385}, {"source": 79, "target": 112, "weight": 0.096774}, {"source": 80, "target": 101, "weight": 0.019231}, {"source": 80, "target": 137, "weight": 0.005102}, {"source": 80, "target": 90, "weight": 0.011236}, {"source": 80, "target": 124, "weight": 0.015385}, {"source": 80, "target": 151, "weight": 0.008547}, {"source": 80, "target": 163, "weight": 0.00813}, {"source": 80, "target": 143, "weight": 0.003584}, {"source": 80, "target": 165, "weight": 0.018868}, {"source": 81, "target": 124, "weight": 0.02}, {"source": 81, "target": 165, "weight": 0.026316}, {"source": 82, "target": 148, "weight": 0.006993}, {"source": 83, "target": 91, "weight": 0.009901}, {"source": 83, "target": 137, "weight": 0.005}, {"source": 83, "target": 111, "weight": 0.009901}, {"source": 83, "target": 92, "weight": 0.054054}, {"source": 83, "target": 107, "weight": 0.013699}, {"source": 83, "target": 141, "weight": 0.00885}, {"source": 84, "target": 110, "weight": 0.006623}, {"source": 84, "target": 156, "weight": 0.137255}, {"source": 84, "target": 114, "weight": 0.014286}, {"source": 84, "target": 120, "weight": 0.316667}, {"source": 84, "target": 87, "weight": 0.038961}, {"source": 85, "target": 142, "weight": 0.010309}, {"source": 85, "target": 124, "weight": 0.118421}, {"source": 85, "target": 162, "weight": 0.208333}, {"source": 85, "target": 165, "weight": 0.089552}, {"source": 86, "target": 157, "weight": 0.022222}, {"source": 86, "target": 122, "weight": 0.009346}, {"source": 86, "target": 148, "weight": 0.014184}, {"source": 86, "target": 133, "weight": 0.018182}, {"source": 86, "target": 116, "weight": 0.030303}, {"source": 86, "target": 117, "weight": 0.008547}, {"source": 86, "target": 88, "weight": 0.021739}, {"source": 87, "target": 100, "weight": 0.022727}, {"source": 87, "target": 91, "weight": 0.020408}, {"source": 87, "target": 156, "weight": 0.033708}, {"source": 87, "target": 164, "weight": 0.020408}, {"source": 87, "target": 105, "weight": 0.0125}, {"source": 87, "target": 143, "weight": 0.007143}, {"source": 87, "target": 117, "weight": 0.008403}, {"source": 87, "target": 112, "weight": 0.02439}, {"source": 88, "target": 137, "weight": 0.010526}, {"source": 89, "target": 156, "weight": 0.038462}, {"source": 89, "target": 144, "weight": 0.026316}, {"source": 89, "target": 98, "weight": 0.009615}, {"source": 90, "target": 109, "weight": 0.04}, {"source": 90, "target": 110, "weight": 0.086093}, {"source": 90, "target": 148, "weight": 0.005556}, {"source": 90, "target": 94, "weight": 0.011111}, {"source": 90, "target": 142, "weight": 0.008621}, {"source": 90, "target": 96, "weight": 0.008}, {"source": 90, "target": 153, "weight": 0.011111}, {"source": 90, "target": 132, "weight": 0.060403}, {"source": 91, "target": 156, "weight": 0.054264}, {"source": 91, "target": 114, "weight": 0.070588}, {"source": 91, "target": 105, "weight": 0.008065}, {"source": 92, "target": 98, "weight": 0.010417}, {"source": 92, "target": 141, "weight": 0.01087}, {"source": 93, "target": 142, "weight": 0.008264}, {"source": 93, "target": 96, "weight": 0.007692}, {"source": 93, "target": 153, "weight": 0.010526}, {"source": 94, "target": 109, "weight": 0.008475}, {"source": 94, "target": 111, "weight": 0.010204}, {"source": 94, "target": 124, "weight": 0.015152}, {"source": 94, "target": 153, "weight": 0.018868}, {"source": 95, "target": 124, "weight": 0.011628}, {"source": 95, "target": 110, "weight": 0.006849}, {"source": 96, "target": 130, "weight": 0.012987}, {"source": 96, "target": 147, "weight": 0.022472}, {"source": 96, "target": 159, "weight": 0.015385}, {"source": 96, "target": 164, "weight": 0.012048}, {"source": 96, "target": 143, "weight": 0.003175}, {"source": 96, "target": 97, "weight": 0.060976}, {"source": 96, "target": 140, "weight": 0.056818}, {"source": 97, "target": 110, "weight": 0.008065}, {"source": 97, "target": 132, "weight": 0.008475}, {"source": 98, "target": 147, "weight": 0.008621}, {"source": 98, "target": 137, "weight": 0.007782}, {"source": 98, "target": 142, "weight": 0.007143}, {"source": 98, "target": 143, "weight": 0.00885}, {"source": 98, "target": 145, "weight": 0.008696}, {"source": 98, "target": 100, "weight": 0.009615}, {"source": 98, "target": 156, "weight": 0.013333}, {"source": 98, "target": 151, "weight": 0.005587}, {"source": 98, "target": 163, "weight": 0.033333}, {"source": 99, "target": 142, "weight": 0.010526}, {"source": 99, "target": 105, "weight": 0.010526}, {"source": 99, "target": 132, "weight": 0.007353}, {"source": 100, "target": 137, "weight": 0.005348}, {"source": 100, "target": 147, "weight": 0.022222}, {"source": 100, "target": 161, "weight": 0.02439}, {"source": 100, "target": 113, "weight": 0.028169}, {"source": 101, "target": 110, "weight": 0.007937}, {"source": 101, "target": 160, "weight": 0.014493}, {"source": 101, "target": 126, "weight": 0.013889}, {"source": 101, "target": 153, "weight": 0.018868}, {"source": 101, "target": 132, "weight": 0.008333}, {"source": 102, "target": 148, "weight": 0.007634}, {"source": 103, "target": 165, "weight": 0.013699}, {"source": 103, "target": 148, "weight": 0.006173}, {"source": 104, "target": 124, "weight": 0.038462}, {"source": 104, "target": 162, "weight": 0.018868}, {"source": 104, "target": 165, "weight": 0.045455}, {"source": 105, "target": 143, "weight": 0.003268}, {"source": 105, "target": 117, "weight": 0.141732}, {"source": 106, "target": 109, "weight": 0.009346}, {"source": 107, "target": 156, "weight": 0.009346}, {"source": 107, "target": 116, "weight": 0.019608}, {"source": 108, "target": 132, "weight": 0.010101}, {"source": 109, "target": 122, "weight": 0.00578}, {"source": 109, "target": 126, "weight": 0.112903}, {"source": 109, "target": 132, "weight": 0.027624}, {"source": 109, "target": 141, "weight": 0.005714}, {"source": 109, "target": 143, "weight": 0.005814}, {"source": 109, "target": 142, "weight": 0.006944}, {"source": 109, "target": 148, "weight": 0.004808}, {"source": 109, "target": 153, "weight": 0.008475}, {"source": 109, "target": 110, "weight": 0.021277}, {"source": 109, "target": 160, "weight": 0.015038}, {"source": 109, "target": 166, "weight": 0.007692}, {"source": 109, "target": 118, "weight": 0.006211}, {"source": 110, "target": 120, "weight": 0.007937}, {"source": 110, "target": 126, "weight": 0.035461}, {"source": 110, "target": 131, "weight": 0.007092}, {"source": 110, "target": 132, "weight": 0.161677}, {"source": 110, "target": 140, "weight": 0.015504}, {"source": 110, "target": 153, "weight": 0.007937}, {"source": 110, "target": 141, "weight": 0.121951}, {"source": 110, "target": 160, "weight": 0.276786}, {"source": 110, "target": 113, "weight": 0.006452}, {"source": 110, "target": 163, "weight": 0.005076}, {"source": 110, "target": 127, "weight": 0.009091}, {"source": 111, "target": 148, "weight": 0.005319}, {"source": 111, "target": 142, "weight": 0.008065}, {"source": 111, "target": 132, "weight": 0.006061}, {"source": 112, "target": 148, "weight": 0.007692}, {"source": 113, "target": 156, "weight": 0.008403}, {"source": 113, "target": 142, "weight": 0.009259}, {"source": 113, "target": 161, "weight": 0.0125}, {"source": 113, "target": 128, "weight": 0.112903}, {"source": 113, "target": 132, "weight": 0.006711}, {"source": 114, "target": 156, "weight": 0.012195}, {"source": 114, "target": 136, "weight": 0.018519}, {"source": 114, "target": 145, "weight": 0.021739}, {"source": 114, "target": 119, "weight": 0.111111}, {"source": 117, "target": 120, "weight": 0.017094}, {"source": 118, "target": 146, "weight": 0.009901}, {"source": 118, "target": 135, "weight": 0.011905}, {"source": 118, "target": 148, "weight": 0.113095}, {"source": 120, "target": 156, "weight": 0.011111}, {"source": 120, "target": 144, "weight": 0.020833}, {"source": 120, "target": 131, "weight": 0.014706}, {"source": 120, "target": 133, "weight": 0.017857}, {"source": 121, "target": 138, "weight": 0.4}, {"source": 121, "target": 163, "weight": 0.006452}, {"source": 121, "target": 151, "weight": 0.013514}, {"source": 121, "target": 142, "weight": 0.018349}, {"source": 121, "target": 143, "weight": 0.019608}, {"source": 121, "target": 165, "weight": 0.011765}, {"source": 121, "target": 155, "weight": 0.032967}, {"source": 122, "target": 156, "weight": 0.006897}, {"source": 122, "target": 157, "weight": 0.009901}, {"source": 122, "target": 161, "weight": 0.009434}, {"source": 122, "target": 143, "weight": 0.009009}, {"source": 122, "target": 141, "weight": 0.006061}, {"source": 122, "target": 144, "weight": 0.009709}, {"source": 122, "target": 145, "weight": 0.009174}, {"source": 124, "target": 125, "weight": 0.059603}, {"source": 124, "target": 143, "weight": 0.010309}, {"source": 124, "target": 153, "weight": 0.046875}, {"source": 124, "target": 165, "weight": 0.259259}, {"source": 124, "target": 162, "weight": 0.204545}, {"source": 125, "target": 142, "weight": 0.005814}, {"source": 125, "target": 162, "weight": 0.081301}, {"source": 125, "target": 135, "weight": 0.007463}, {"source": 125, "target": 165, "weight": 0.042254}, {"source": 126, "target": 153, "weight": 0.123077}, {"source": 126, "target": 132, "weight": 0.021898}, {"source": 126, "target": 127, "weight": 0.017857}, {"source": 127, "target": 160, "weight": 0.018868}, {"source": 127, "target": 153, "weight": 0.027027}, {"source": 128, "target": 156, "weight": 0.013158}, {"source": 128, "target": 139, "weight": 0.066667}, {"source": 128, "target": 145, "weight": 0.025}, {"source": 130, "target": 148, "weight": 0.007576}, {"source": 131, "target": 144, "weight": 0.015873}, {"source": 132, "target": 140, "weight": 0.008065}, {"source": 132, "target": 141, "weight": 0.00565}, {"source": 132, "target": 143, "weight": 0.00578}, {"source": 132, "target": 146, "weight": 0.008}, {"source": 132, "target": 153, "weight": 0.016807}, {"source": 132, "target": 160, "weight": 0.212389}, {"source": 132, "target": 161, "weight": 0.008475}, {"source": 135, "target": 137, "weight": 0.005405}, {"source": 136, "target": 156, "weight": 0.020408}, {"source": 137, "target": 156, "weight": 0.008584}, {"source": 137, "target": 147, "weight": 0.005025}, {"source": 137, "target": 148, "weight": 0.006993}, {"source": 137, "target": 142, "weight": 0.018182}, {"source": 137, "target": 144, "weight": 0.005208}, {"source": 138, "target": 142, "weight": 0.012821}, {"source": 141, "target": 153, "weight": 0.009091}, {"source": 142, "target": 143, "weight": 0.006557}, {"source": 142, "target": 147, "weight": 0.012346}, {"source": 142, "target": 149, "weight": 0.016393}, {"source": 142, "target": 156, "weight": 0.008621}, {"source": 142, "target": 157, "weight": 0.013889}, {"source": 143, "target": 156, "weight": 0.003155}, {"source": 143, "target": 148, "weight": 0.002703}, {"source": 143, "target": 154, "weight": 0.007326}, {"source": 143, "target": 147, "weight": 0.003546}, {"source": 143, "target": 165, "weight": 0.014388}, {"source": 143, "target": 158, "weight": 0.11284}, {"source": 143, "target": 161, "weight": 0.003597}, {"source": 143, "target": 162, "weight": 0.007547}, {"source": 144, "target": 151, "weight": 0.00885}, {"source": 145, "target": 156, "weight": 0.393939}, {"source": 153, "target": 160, "weight": 0.014493}, {"source": 153, "target": 164, "weight": 0.020833}, {"source": 154, "target": 163, "weight": 0.025862}, {"source": 155, "target": 158, "weight": 0.014925}, {"source": 155, "target": 165, "weight": 0.015873}, {"source": 156, "target": 163, "weight": 0.006211}, {"source": 157, "target": 165, "weight": 0.021277}, {"source": 158, "target": 163, "weight": 0.007752}, {"source": 162, "target": 165, "weight": 0.171429}], "multigraph": false}