{"directed": false, "graph": {}, "nodes": [{"group": 0, "id": "appease"}, {"group": 0, "id": "apostatize"}, {"group": 1, "id": "appetite"}, {"group": 0, "id": "apostasy", "degree": 23}, {"group": 0, "id": "appeasement", "degree": 4}, {"group": 2, "id": "apace"}, {"group": 3, "id": "apothegm"}, {"group": 4, "id": "apex", "degree": 10}, {"group": 0, "id": "aplomb"}, {"group": 4, "id": "apogee", "degree": 0}, {"group": 5, "id": "apron", "degree": 0}, {"group": 3, "id": "aphorism"}, {"group": 0, "id": "appointment"}, {"group": 0, "id": "appropriation", "degree": 17}, {"group": 6, "id": "aphasia", "degree": 0}, {"group": 2, "id": "apart"}, {"group": 0, "id": "apartheid"}, {"group": 7, "id": "applicable"}, {"group": 8, "id": "apologia", "degree": 4}, {"group": 7, "id": "apposite"}, {"group": 3, "id": "approaching", "degree": 6}, {"group": 9, "id": "apercu", "degree": 0}, {"group": 7, "id": "appertaining"}, {"group": 3, "id": "appearance", "degree": 12}, {"group": 0, "id": "aplenty", "degree": 1}, {"group": 1, "id": "apotheosis", "degree": 23}, {"group": 3, "id": "approximation"}, {"group": 10, "id": "apothecary", "degree": 0}, {"group": 11, "id": "appurtenance", "degree": 29}, {"group": 11, "id": "append", "degree": 8}, {"group": 3, "id": "appear"}, {"group": 12, "id": "apparatus", "degree": 7}, {"group": 2, "id": "appreciative", "degree": 4}, {"group": 8, "id": "apologetic"}, {"group": 0, "id": "appeal", "degree": 7}, {"group": 3, "id": "approach", "degree": 36}, {"group": 2, "id": "apathetic"}, {"group": 2, "id": "apocalyptic", "degree": 9}, {"group": 2, "id": "apostolic"}, {"group": 3, "id": "apparition", "degree": 18}, {"group": 12, "id": "appointments"}, {"group": 1, "id": "approval", "degree": 10}, {"group": 3, "id": "apish"}, {"group": 0, "id": "apostate", "degree": 4}, {"group": 13, "id": "appropriateness", "degree": 4}, {"group": 1, "id": "approve", "degree": 15}, {"group": 2, "id": "apprehensive"}, {"group": 7, "id": "apt"}, {"group": 7, "id": "appropriate"}, {"group": 13, "id": "aptitude"}, {"group": 0, "id": "apologize", "degree": 0}, {"group": 3, "id": "apply", "degree": 10}, {"group": 3, "id": "ape", "degree": 18}, {"group": 0, "id": "apostle"}, {"group": 1, "id": "appall", "degree": 2}, {"group": 3, "id": "approximate"}, {"group": 7, "id": "approximately"}, {"group": 14, "id": "applique", "degree": 0}, {"group": 3, "id": "aperture"}, {"group": 2, "id": "apparent", "degree": 14}, {"group": 2, "id": "approachable"}, {"group": 1, "id": "appreciation"}, {"group": 11, "id": "appendix", "degree": 9}, {"group": 8, "id": "apologist"}, {"group": 0, "id": "apprentice"}, {"group": 3, "id": "apportion"}, {"group": 3, "id": "apprehension"}, {"group": 12, "id": "appliance", "degree": 12}, {"group": 13, "id": "aptness", "degree": 3}, {"group": 8, "id": "apologetics"}, {"group": 0, "id": "appealing"}, {"group": 3, "id": "apocryphal", "degree": 7}, {"group": 11, "id": "appendage"}, {"group": 0, "id": "apoplexy", "degree": 13}, {"group": 1, "id": "appraisal"}, {"group": 3, "id": "appraise", "degree": 14}, {"group": 3, "id": "apprehend", "degree": 11}, {"group": 7, "id": "apropos", "degree": 11}, {"group": 0, "id": "appetizing"}, {"group": 2, "id": "apparently", "degree": 4}, {"group": 11, "id": "appanage"}, {"group": 3, "id": "apprise", "degree": 3}, {"group": 0, "id": "application", "degree": 28}, {"group": 11, "id": "appellation"}, {"group": 1, "id": "applaud", "degree": 3}, {"group": 2, "id": "appreciably"}, {"group": 12, "id": "appurtenances"}, {"group": 2, "id": "appreciable"}, {"group": 0, "id": "apprenticeship", "degree": 7}, {"group": 7, "id": "approved", "degree": 8}, {"group": 11, "id": "appoint"}, {"group": 3, "id": "apocalypse", "degree": 9}, {"group": 1, "id": "applause", "degree": 2}, {"group": 8, "id": "apology", "degree": 10}, {"group": 0, "id": "apathy"}, {"group": 3, "id": "appreciate"}, {"group": 2, "id": "appalling", "degree": 6}, {"group": 1, "id": "approbation", "degree": 15}, {"group": 12, "id": "apparel"}, {"group": 3, "id": "apse", "degree": 3}], "links": [{"source": 0, "target": 4, "weight": 0.010204}, {"source": 0, "target": 82, "weight": 0.005291}, {"source": 1, "target": 3, "weight": 0.022727}, {"source": 1, "target": 43, "weight": 0.055556}, {"source": 2, "target": 76, "weight": 0.007463}, {"source": 2, "target": 39, "weight": 0.013699}, {"source": 2, "target": 67, "weight": 0.008}, {"source": 2, "target": 82, "weight": 0.014925}, {"source": 2, "target": 97, "weight": 0.022059}, {"source": 2, "target": 62, "weight": 0.007692}, {"source": 2, "target": 23, "weight": 0.005319}, {"source": 2, "target": 41, "weight": 0.022556}, {"source": 2, "target": 34, "weight": 0.006329}, {"source": 2, "target": 35, "weight": 0.005935}, {"source": 3, "target": 23, "weight": 0.005236}, {"source": 3, "target": 50, "weight": 0.012821}, {"source": 3, "target": 47, "weight": 0.004902}, {"source": 3, "target": 25, "weight": 0.007143}, {"source": 3, "target": 26, "weight": 0.005181}, {"source": 3, "target": 48, "weight": 0.004065}, {"source": 3, "target": 49, "weight": 0.011561}, {"source": 3, "target": 77, "weight": 0.008929}, {"source": 3, "target": 51, "weight": 0.008}, {"source": 3, "target": 28, "weight": 0.00641}, {"source": 3, "target": 4, "weight": 0.008696}, {"source": 3, "target": 13, "weight": 0.008065}, {"source": 3, "target": 88, "weight": 0.010526}, {"source": 3, "target": 64, "weight": 0.005882}, {"source": 3, "target": 19, "weight": 0.009259}, {"source": 3, "target": 93, "weight": 0.007813}, {"source": 3, "target": 16, "weight": 0.009259}, {"source": 3, "target": 94, "weight": 0.013158}, {"source": 3, "target": 67, "weight": 0.007813}, {"source": 3, "target": 17, "weight": 0.007519}, {"source": 3, "target": 68, "weight": 0.01087}, {"source": 3, "target": 43, "weight": 0.025}, {"source": 3, "target": 72, "weight": 0.005917}, {"source": 3, "target": 73, "weight": 0.016529}, {"source": 4, "target": 26, "weight": 0.006536}, {"source": 4, "target": 16, "weight": 0.014706}, {"source": 4, "target": 8, "weight": 0.016393}, {"source": 5, "target": 79, "weight": 0.022222}, {"source": 6, "target": 23, "weight": 0.006329}, {"source": 6, "target": 91, "weight": 0.012821}, {"source": 6, "target": 35, "weight": 0.003247}, {"source": 6, "target": 81, "weight": 0.015873}, {"source": 7, "target": 30, "weight": 0.008333}, {"source": 7, "target": 39, "weight": 0.006757}, {"source": 7, "target": 95, "weight": 0.010582}, {"source": 7, "target": 25, "weight": 0.022059}, {"source": 7, "target": 61, "weight": 0.026042}, {"source": 7, "target": 48, "weight": 0.00823}, {"source": 7, "target": 51, "weight": 0.00813}, {"source": 7, "target": 73, "weight": 0.008333}, {"source": 7, "target": 35, "weight": 0.00295}, {"source": 7, "target": 9, "weight": 0.294118}, {"source": 7, "target": 64, "weight": 0.005952}, {"source": 8, "target": 82, "weight": 0.006579}, {"source": 8, "target": 39, "weight": 0.010417}, {"source": 8, "target": 23, "weight": 0.007299}, {"source": 8, "target": 88, "weight": 0.02439}, {"source": 9, "target": 73, "weight": 0.01}, {"source": 9, "target": 25, "weight": 0.017094}, {"source": 11, "target": 23, "weight": 0.006329}, {"source": 11, "target": 91, "weight": 0.012821}, {"source": 11, "target": 35, "weight": 0.003247}, {"source": 11, "target": 81, "weight": 0.015873}, {"source": 12, "target": 35, "weight": 0.011976}, {"source": 12, "target": 39, "weight": 0.013793}, {"source": 12, "target": 67, "weight": 0.008065}, {"source": 12, "target": 81, "weight": 0.01087}, {"source": 12, "target": 25, "weight": 0.007353}, {"source": 12, "target": 82, "weight": 0.030457}, {"source": 12, "target": 97, "weight": 0.007299}, {"source": 12, "target": 13, "weight": 0.061404}, {"source": 12, "target": 51, "weight": 0.008264}, {"source": 12, "target": 41, "weight": 0.007463}, {"source": 12, "target": 73, "weight": 0.008475}, {"source": 12, "target": 44, "weight": 0.011765}, {"source": 12, "target": 28, "weight": 0.006579}, {"source": 12, "target": 20, "weight": 0.007813}, {"source": 13, "target": 80, "weight": 0.011628}, {"source": 13, "target": 66, "weight": 0.006849}, {"source": 13, "target": 94, "weight": 0.016529}, {"source": 13, "target": 23, "weight": 0.012579}, {"source": 13, "target": 70, "weight": 0.008547}, {"source": 13, "target": 25, "weight": 0.009174}, {"source": 13, "target": 26, "weight": 0.012422}, {"source": 13, "target": 82, "weight": 0.02924}, {"source": 13, "target": 48, "weight": 0.018868}, {"source": 13, "target": 71, "weight": 0.009524}, {"source": 13, "target": 78, "weight": 0.009709}, {"source": 13, "target": 72, "weight": 0.007246}, {"source": 13, "target": 35, "weight": 0.006472}, {"source": 13, "target": 73, "weight": 0.010989}, {"source": 13, "target": 28, "weight": 0.008}, {"source": 15, "target": 59, "weight": 0.006289}, {"source": 15, "target": 28, "weight": 0.006667}, {"source": 17, "target": 35, "weight": 0.003135}, {"source": 17, "target": 77, "weight": 0.516667}, {"source": 17, "target": 73, "weight": 0.01}, {"source": 17, "target": 28, "weight": 0.007463}, {"source": 17, "target": 89, "weight": 0.025641}, {"source": 18, "target": 33, "weight": 0.041667}, {"source": 18, "target": 63, "weight": 0.016667}, {"source": 18, "target": 93, "weight": 0.277778}, {"source": 18, "target": 69, "weight": 0.555556}, {"source": 19, "target": 28, "weight": 0.009174}, {"source": 19, "target": 73, "weight": 0.013333}, {"source": 19, "target": 89, "weight": 0.010638}, {"source": 19, "target": 77, "weight": 0.833333}, {"source": 20, "target": 37, "weight": 0.03}, {"source": 20, "target": 66, "weight": 0.006494}, {"source": 20, "target": 39, "weight": 0.015873}, {"source": 20, "target": 23, "weight": 0.005952}, {"source": 20, "target": 55, "weight": 0.14}, {"source": 20, "target": 47, "weight": 0.01676}, {"source": 20, "target": 25, "weight": 0.008547}, {"source": 20, "target": 26, "weight": 0.023952}, {"source": 20, "target": 35, "weight": 0.022436}, {"source": 20, "target": 52, "weight": 0.016807}, {"source": 22, "target": 77, "weight": 0.2}, {"source": 23, "target": 25, "weight": 0.005682}, {"source": 23, "target": 26, "weight": 0.022222}, {"source": 23, "target": 52, "weight": 0.005587}, {"source": 23, "target": 30, "weight": 0.025806}, {"source": 23, "target": 79, "weight": 0.007246}, {"source": 23, "target": 55, "weight": 0.011696}, {"source": 23, "target": 35, "weight": 0.032787}, {"source": 23, "target": 37, "weight": 0.006211}, {"source": 23, "target": 39, "weight": 0.307692}, {"source": 23, "target": 59, "weight": 0.020202}, {"source": 23, "target": 98, "weight": 0.006944}, {"source": 23, "target": 64, "weight": 0.004854}, {"source": 23, "target": 28, "weight": 0.010471}, {"source": 23, "target": 93, "weight": 0.078431}, {"source": 23, "target": 66, "weight": 0.009434}, {"source": 23, "target": 95, "weight": 0.004386}, {"source": 23, "target": 71, "weight": 0.005814}, {"source": 23, "target": 72, "weight": 0.004878}, {"source": 23, "target": 91, "weight": 0.034965}, {"source": 23, "target": 45, "weight": 0.010929}, {"source": 23, "target": 75, "weight": 0.006135}, {"source": 24, "target": 70, "weight": 0.008403}, {"source": 25, "target": 95, "weight": 0.034884}, {"source": 25, "target": 26, "weight": 0.005618}, {"source": 25, "target": 88, "weight": 0.025316}, {"source": 25, "target": 52, "weight": 0.015748}, {"source": 25, "target": 82, "weight": 0.015873}, {"source": 25, "target": 54, "weight": 0.011765}, {"source": 25, "target": 55, "weight": 0.016667}, {"source": 25, "target": 32, "weight": 0.011364}, {"source": 25, "target": 35, "weight": 0.006154}, {"source": 25, "target": 84, "weight": 0.010753}, {"source": 25, "target": 61, "weight": 0.157233}, {"source": 25, "target": 41, "weight": 0.215686}, {"source": 25, "target": 92, "weight": 0.048193}, {"source": 25, "target": 74, "weight": 0.021053}, {"source": 25, "target": 97, "weight": 0.209524}, {"source": 25, "target": 73, "weight": 0.009346}, {"source": 25, "target": 45, "weight": 0.015152}, {"source": 26, "target": 35, "weight": 0.120944}, {"source": 26, "target": 93, "weight": 0.006024}, {"source": 26, "target": 62, "weight": 0.011765}, {"source": 26, "target": 71, "weight": 0.005747}, {"source": 26, "target": 82, "weight": 0.00823}, {"source": 26, "target": 97, "weight": 0.016949}, {"source": 26, "target": 41, "weight": 0.017241}, {"source": 26, "target": 88, "weight": 0.007519}, {"source": 26, "target": 39, "weight": 0.010695}, {"source": 26, "target": 75, "weight": 0.018405}, {"source": 26, "target": 28, "weight": 0.020942}, {"source": 26, "target": 73, "weight": 0.00625}, {"source": 26, "target": 51, "weight": 0.012346}, {"source": 26, "target": 52, "weight": 0.005525}, {"source": 28, "target": 67, "weight": 0.048387}, {"source": 28, "target": 47, "weight": 0.004878}, {"source": 28, "target": 48, "weight": 0.012245}, {"source": 28, "target": 49, "weight": 0.017341}, {"source": 28, "target": 77, "weight": 0.00885}, {"source": 28, "target": 29, "weight": 0.010638}, {"source": 28, "target": 80, "weight": 0.322222}, {"source": 28, "target": 31, "weight": 0.016949}, {"source": 28, "target": 82, "weight": 0.024631}, {"source": 28, "target": 34, "weight": 0.006173}, {"source": 28, "target": 83, "weight": 0.010101}, {"source": 28, "target": 85, "weight": 0.010309}, {"source": 28, "target": 86, "weight": 0.009434}, {"source": 28, "target": 61, "weight": 0.020408}, {"source": 28, "target": 40, "weight": 0.009434}, {"source": 28, "target": 62, "weight": 0.046512}, {"source": 28, "target": 89, "weight": 0.007042}, {"source": 28, "target": 90, "weight": 0.01626}, {"source": 28, "target": 93, "weight": 0.015625}, {"source": 28, "target": 65, "weight": 0.01626}, {"source": 28, "target": 95, "weight": 0.005181}, {"source": 28, "target": 68, "weight": 0.010753}, {"source": 28, "target": 72, "weight": 0.315385}, {"source": 28, "target": 44, "weight": 0.011111}, {"source": 28, "target": 75, "weight": 0.007813}, {"source": 29, "target": 90, "weight": 0.033333}, {"source": 29, "target": 80, "weight": 0.018182}, {"source": 29, "target": 83, "weight": 0.027778}, {"source": 29, "target": 48, "weight": 0.005435}, {"source": 29, "target": 62, "weight": 0.074627}, {"source": 29, "target": 72, "weight": 0.009346}, {"source": 29, "target": 51, "weight": 0.015873}, {"source": 30, "target": 93, "weight": 0.010526}, {"source": 30, "target": 39, "weight": 0.017241}, {"source": 30, "target": 79, "weight": 0.014493}, {"source": 30, "target": 59, "weight": 0.015267}, {"source": 30, "target": 67, "weight": 0.021277}, {"source": 30, "target": 76, "weight": 0.019417}, {"source": 30, "target": 35, "weight": 0.019802}, {"source": 30, "target": 52, "weight": 0.067308}, {"source": 30, "target": 45, "weight": 0.008696}, {"source": 30, "target": 89, "weight": 0.009259}, {"source": 30, "target": 75, "weight": 0.021505}, {"source": 31, "target": 90, "weight": 0.035714}, {"source": 31, "target": 93, "weight": 0.010989}, {"source": 31, "target": 67, "weight": 0.095238}, {"source": 31, "target": 86, "weight": 0.533333}, {"source": 31, "target": 82, "weight": 0.005917}, {"source": 31, "target": 40, "weight": 0.533333}, {"source": 31, "target": 49, "weight": 0.007299}, {"source": 31, "target": 98, "weight": 0.014085}, {"source": 31, "target": 35, "weight": 0.009934}, {"source": 32, "target": 48, "weight": 0.010363}, {"source": 32, "target": 46, "weight": 0.013333}, {"source": 32, "target": 87, "weight": 0.020408}, {"source": 32, "target": 47, "weight": 0.006579}, {"source": 33, "target": 93, "weight": 0.024691}, {"source": 34, "target": 92, "weight": 0.009346}, {"source": 34, "target": 84, "weight": 0.008772}, {"source": 34, "target": 35, "weight": 0.020528}, {"source": 34, "target": 95, "weight": 0.005051}, {"source": 34, "target": 55, "weight": 0.007042}, {"source": 34, "target": 82, "weight": 0.065}, {"source": 34, "target": 70, "weight": 0.006494}, {"source": 34, "target": 67, "weight": 0.007463}, {"source": 34, "target": 75, "weight": 0.007519}, {"source": 35, "target": 55, "weight": 0.083893}, {"source": 35, "target": 76, "weight": 0.022082}, {"source": 35, "target": 67, "weight": 0.00639}, {"source": 35, "target": 46, "weight": 0.003195}, {"source": 35, "target": 47, "weight": 0.005141}, {"source": 35, "target": 48, "weight": 0.016432}, {"source": 35, "target": 49, "weight": 0.00838}, {"source": 35, "target": 88, "weight": 0.003559}, {"source": 35, "target": 52, "weight": 0.050955}, {"source": 35, "target": 81, "weight": 0.003546}, {"source": 35, "target": 82, "weight": 0.010283}, {"source": 35, "target": 58, "weight": 0.022152}, {"source": 35, "target": 51, "weight": 0.009709}, {"source": 35, "target": 83, "weight": 0.003521}, {"source": 35, "target": 84, "weight": 0.006826}, {"source": 35, "target": 39, "weight": 0.018127}, {"source": 35, "target": 60, "weight": 0.003367}, {"source": 35, "target": 61, "weight": 0.013158}, {"source": 35, "target": 41, "weight": 0.009317}, {"source": 35, "target": 89, "weight": 0.003058}, {"source": 35, "target": 64, "weight": 0.011331}, {"source": 35, "target": 90, "weight": 0.003236}, {"source": 35, "target": 44, "weight": 0.003636}, {"source": 35, "target": 42, "weight": 0.003077}, {"source": 35, "target": 65, "weight": 0.006494}, {"source": 35, "target": 93, "weight": 0.009615}, {"source": 35, "target": 66, "weight": 0.011111}, {"source": 35, "target": 74, "weight": 0.006757}, {"source": 35, "target": 95, "weight": 0.016086}, {"source": 35, "target": 68, "weight": 0.003597}, {"source": 35, "target": 97, "weight": 0.009231}, {"source": 35, "target": 71, "weight": 0.006231}, {"source": 35, "target": 98, "weight": 0.010274}, {"source": 35, "target": 73, "weight": 0.009804}, {"source": 35, "target": 91, "weight": 0.003367}, {"source": 35, "target": 45, "weight": 0.009036}, {"source": 35, "target": 75, "weight": 0.00641}, {"source": 36, "target": 96, "weight": 0.005618}, {"source": 37, "target": 38, "weight": 0.18}, {"source": 37, "target": 66, "weight": 0.006803}, {"source": 37, "target": 39, "weight": 0.008333}, {"source": 37, "target": 59, "weight": 0.014925}, {"source": 37, "target": 46, "weight": 0.010309}, {"source": 37, "target": 47, "weight": 0.005747}, {"source": 37, "target": 96, "weight": 0.020619}, {"source": 37, "target": 60, "weight": 0.012346}, {"source": 37, "target": 48, "weight": 0.00463}, {"source": 37, "target": 91, "weight": 0.025}, {"source": 37, "target": 89, "weight": 0.027523}, {"source": 38, "target": 59, "weight": 0.010204}, {"source": 38, "target": 89, "weight": 0.041667}, {"source": 39, "target": 72, "weight": 0.006098}, {"source": 39, "target": 64, "weight": 0.006061}, {"source": 39, "target": 61, "weight": 0.010417}, {"source": 39, "target": 59, "weight": 0.012579}, {"source": 39, "target": 95, "weight": 0.010753}, {"source": 39, "target": 55, "weight": 0.015385}, {"source": 39, "target": 47, "weight": 0.005025}, {"source": 39, "target": 66, "weight": 0.011696}, {"source": 39, "target": 58, "weight": 0.007634}, {"source": 39, "target": 91, "weight": 0.07}, {"source": 39, "target": 75, "weight": 0.008197}, {"source": 40, "target": 67, "weight": 0.039474}, {"source": 41, "target": 61, "weight": 0.151899}, {"source": 41, "target": 84, "weight": 0.033708}, {"source": 41, "target": 95, "weight": 0.04142}, {"source": 41, "target": 54, "weight": 0.012048}, {"source": 41, "target": 55, "weight": 0.008403}, {"source": 41, "target": 82, "weight": 0.027027}, {"source": 41, "target": 97, "weight": 0.865672}, {"source": 41, "target": 49, "weight": 0.025974}, {"source": 41, "target": 74, "weight": 0.021505}, {"source": 41, "target": 45, "weight": 0.073171}, {"source": 41, "target": 52, "weight": 0.007937}, {"source": 42, "target": 52, "weight": 0.007874}, {"source": 43, "target": 72, "weight": 0.007353}, {"source": 43, "target": 53, "weight": 0.036364}, {"source": 43, "target": 63, "weight": 0.011494}, {"source": 44, "target": 67, "weight": 0.05}, {"source": 44, "target": 68, "weight": 0.227273}, {"source": 44, "target": 82, "weight": 0.014388}, {"source": 44, "target": 49, "weight": 0.038095}, {"source": 44, "target": 51, "weight": 0.016949}, {"source": 45, "target": 90, "weight": 0.017391}, {"source": 45, "target": 93, "weight": 0.008264}, {"source": 45, "target": 61, "weight": 0.015873}, {"source": 45, "target": 84, "weight": 0.0625}, {"source": 45, "target": 81, "weight": 0.011236}, {"source": 45, "target": 59, "weight": 0.012739}, {"source": 45, "target": 95, "weight": 0.033333}, {"source": 45, "target": 48, "weight": 0.004184}, {"source": 45, "target": 82, "weight": 0.005025}, {"source": 45, "target": 97, "weight": 0.071429}, {"source": 45, "target": 55, "weight": 0.023622}, {"source": 45, "target": 58, "weight": 0.007752}, {"source": 45, "target": 75, "weight": 0.008333}, {"source": 45, "target": 63, "weight": 0.017857}, {"source": 45, "target": 52, "weight": 0.014815}, {"source": 46, "target": 91, "weight": 0.012048}, {"source": 47, "target": 89, "weight": 0.038043}, {"source": 47, "target": 77, "weight": 0.191176}, {"source": 47, "target": 68, "weight": 0.007092}, {"source": 47, "target": 73, "weight": 0.005848}, {"source": 48, "target": 51, "weight": 0.009302}, {"source": 48, "target": 76, "weight": 0.031532}, {"source": 48, "target": 59, "weight": 0.003906}, {"source": 48, "target": 96, "weight": 0.004566}, {"source": 48, "target": 82, "weight": 0.006757}, {"source": 48, "target": 77, "weight": 0.186047}, {"source": 48, "target": 71, "weight": 0.004405}, {"source": 48, "target": 73, "weight": 0.004695}, {"source": 48, "target": 89, "weight": 0.030973}, {"source": 48, "target": 52, "weight": 0.017316}, {"source": 49, "target": 76, "weight": 0.00641}, {"source": 49, "target": 62, "weight": 0.006579}, {"source": 49, "target": 67, "weight": 0.006803}, {"source": 49, "target": 68, "weight": 0.087379}, {"source": 49, "target": 82, "weight": 0.008929}, {"source": 49, "target": 97, "weight": 0.025478}, {"source": 49, "target": 51, "weight": 0.006944}, {"source": 49, "target": 91, "weight": 0.007692}, {"source": 51, "target": 52, "weight": 0.017857}, {"source": 51, "target": 55, "weight": 0.028846}, {"source": 51, "target": 82, "weight": 0.02907}, {"source": 51, "target": 83, "weight": 0.014706}, {"source": 51, "target": 88, "weight": 0.015385}, {"source": 51, "target": 64, "weight": 0.014388}, {"source": 51, "target": 90, "weight": 0.021739}, {"source": 51, "target": 65, "weight": 0.032967}, {"source": 51, "target": 93, "weight": 0.010204}, {"source": 51, "target": 67, "weight": 0.03125}, {"source": 51, "target": 68, "weight": 0.016129}, {"source": 51, "target": 72, "weight": 0.007194}, {"source": 51, "target": 75, "weight": 0.010309}, {"source": 52, "target": 90, "weight": 0.009009}, {"source": 52, "target": 76, "weight": 0.008}, {"source": 52, "target": 55, "weight": 0.146789}, {"source": 52, "target": 95, "weight": 0.011173}, {"source": 52, "target": 61, "weight": 0.005376}, {"source": 52, "target": 97, "weight": 0.007752}, {"source": 52, "target": 71, "weight": 0.02459}, {"source": 52, "target": 72, "weight": 0.006369}, {"source": 52, "target": 67, "weight": 0.008621}, {"source": 54, "target": 61, "weight": 0.006993}, {"source": 54, "target": 97, "weight": 0.011628}, {"source": 55, "target": 76, "weight": 0.017094}, {"source": 55, "target": 97, "weight": 0.008197}, {"source": 55, "target": 71, "weight": 0.017241}, {"source": 55, "target": 75, "weight": 0.028302}, {"source": 56, "target": 77, "weight": 0.019608}, {"source": 58, "target": 82, "weight": 0.005348}, {"source": 58, "target": 73, "weight": 0.009709}, {"source": 58, "target": 99, "weight": 0.012195}, {"source": 59, "target": 79, "weight": 0.018018}, {"source": 59, "target": 96, "weight": 0.037313}, {"source": 59, "target": 60, "weight": 0.008264}, {"source": 59, "target": 71, "weight": 0.035211}, {"source": 59, "target": 87, "weight": 0.098039}, {"source": 59, "target": 72, "weight": 0.005587}, {"source": 61, "target": 76, "weight": 0.016854}, {"source": 61, "target": 92, "weight": 0.006944}, {"source": 61, "target": 93, "weight": 0.011765}, {"source": 61, "target": 62, "weight": 0.005682}, {"source": 61, "target": 82, "weight": 0.01626}, {"source": 61, "target": 97, "weight": 0.149068}, {"source": 61, "target": 88, "weight": 0.007246}, {"source": 61, "target": 75, "weight": 0.005882}, {"source": 61, "target": 73, "weight": 0.006061}, {"source": 62, "target": 90, "weight": 0.009901}, {"source": 62, "target": 80, "weight": 0.078652}, {"source": 62, "target": 83, "weight": 0.013158}, {"source": 62, "target": 67, "weight": 0.009434}, {"source": 62, "target": 72, "weight": 0.057143}, {"source": 63, "target": 93, "weight": 0.010753}, {"source": 64, "target": 76, "weight": 0.006579}, {"source": 64, "target": 67, "weight": 0.006993}, {"source": 64, "target": 82, "weight": 0.013699}, {"source": 64, "target": 77, "weight": 0.007874}, {"source": 64, "target": 88, "weight": 0.057143}, {"source": 64, "target": 73, "weight": 0.007299}, {"source": 65, "target": 75, "weight": 0.043478}, {"source": 66, "target": 76, "weight": 0.081081}, {"source": 66, "target": 96, "weight": 0.006667}, {"source": 66, "target": 82, "weight": 0.004386}, {"source": 66, "target": 73, "weight": 0.021127}, {"source": 66, "target": 91, "weight": 0.007519}, {"source": 67, "target": 80, "weight": 0.022472}, {"source": 67, "target": 82, "weight": 0.052632}, {"source": 67, "target": 86, "weight": 0.039474}, {"source": 67, "target": 88, "weight": 0.014706}, {"source": 67, "target": 93, "weight": 0.009901}, {"source": 67, "target": 71, "weight": 0.009174}, {"source": 67, "target": 72, "weight": 0.036232}, {"source": 69, "target": 93, "weight": 0.25}, {"source": 71, "target": 93, "weight": 0.009174}, {"source": 72, "target": 92, "weight": 0.008696}, {"source": 72, "target": 82, "weight": 0.004545}, {"source": 73, "target": 90, "weight": 0.011111}, {"source": 73, "target": 94, "weight": 0.008333}, {"source": 73, "target": 76, "weight": 0.009615}, {"source": 73, "target": 77, "weight": 0.012658}, {"source": 74, "target": 97, "weight": 0.020833}, {"source": 74, "target": 75, "weight": 0.037037}, {"source": 75, "target": 90, "weight": 0.010526}, {"source": 75, "target": 76, "weight": 0.018519}, {"source": 75, "target": 95, "weight": 0.289063}, {"source": 75, "target": 89, "weight": 0.00885}, {"source": 75, "target": 99, "weight": 0.013699}, {"source": 76, "target": 95, "weight": 0.206897}, {"source": 76, "target": 81, "weight": 0.012821}, {"source": 76, "target": 96, "weight": 0.009091}, {"source": 77, "target": 90, "weight": 0.0125}, {"source": 77, "target": 89, "weight": 0.020619}, {"source": 77, "target": 87, "weight": 0.017241}, {"source": 79, "target": 85, "weight": 0.073171}, {"source": 80, "target": 82, "weight": 0.005952}, {"source": 82, "target": 88, "weight": 0.020833}, {"source": 82, "target": 90, "weight": 0.005747}, {"source": 82, "target": 94, "weight": 0.009852}, {"source": 82, "target": 95, "weight": 0.012448}, {"source": 82, "target": 97, "weight": 0.026596}, {"source": 82, "target": 98, "weight": 0.006289}, {"source": 83, "target": 93, "weight": 0.014085}, {"source": 84, "target": 92, "weight": 0.222222}, {"source": 84, "target": 97, "weight": 0.021505}, {"source": 87, "target": 96, "weight": 0.013514}, {"source": 89, "target": 90, "weight": 0.018519}, {"source": 89, "target": 95, "weight": 0.005618}, {"source": 92, "target": 97, "weight": 0.011494}, {"source": 93, "target": 98, "weight": 0.012346}, {"source": 95, "target": 97, "weight": 0.040698}, {"source": 95, "target": 99, "weight": 0.007246}], "multigraph": false}