{"directed": false, "graph": {}, "nodes": [{"group": 0, "id": "arousing"}, {"group": 1, "id": "arrayed", "degree": 4}, {"group": 0, "id": "aroma", "degree": 14}, {"group": 0, "id": "arabesque", "degree": 19}, {"group": 2, "id": "aristocrat", "degree": 2}, {"group": 0, "id": "arrogation"}, {"group": 3, "id": "arrogant", "degree": 11}, {"group": 4, "id": "argosy"}, {"group": 2, "id": "arteriosclerosis"}, {"group": 0, "id": "aria", "degree": 13}, {"group": 3, "id": "arid"}, {"group": 0, "id": "arrogance", "degree": 5}, {"group": 0, "id": "arrest", "degree": 20}, {"group": 3, "id": "aristocratic", "degree": 11}, {"group": 5, "id": "artisan"}, {"group": 0, "id": "artlessness"}, {"group": 0, "id": "artilleryman"}, {"group": 0, "id": "armament"}, {"group": 6, "id": "around"}, {"group": 0, "id": "articulation", "degree": 34}, {"group": 3, "id": "arboreal", "degree": 1}, {"group": 0, "id": "ardor", "degree": 16}, {"group": 7, "id": "artery", "degree": 13}, {"group": 0, "id": "arrange"}, {"group": 5, "id": "artist", "degree": 7}, {"group": 8, "id": "artfulness"}, {"group": 6, "id": "arrested", "degree": 17}, {"group": 0, "id": "architecture"}, {"group": 0, "id": "arrow", "degree": 15}, {"group": 3, "id": "arbitrary"}, {"group": 2, "id": "archaism", "degree": 4}, {"group": 8, "id": "art"}, {"group": 6, "id": "arc"}, {"group": 3, "id": "ardent"}, {"group": 0, "id": "arrearage"}, {"group": 9, "id": "ark", "degree": 2}, {"group": 0, "id": "archetype"}, {"group": 0, "id": "arm"}, {"group": 6, "id": "areola", "degree": 11}, {"group": 0, "id": "armor"}, {"group": 3, "id": "artificial", "degree": 4}, {"group": 5, "id": "archer"}, {"group": 1, "id": "arcane", "degree": 11}, {"group": 0, "id": "arguable"}, {"group": 10, "id": "arrival", "degree": 4}, {"group": 2, "id": "arraign", "degree": 6}, {"group": 1, "id": "architectural"}, {"group": 11, "id": "arithmetical", "degree": 0}, {"group": 2, "id": "article"}, {"group": 6, "id": "arena"}, {"group": 7, "id": "archway", "degree": 7}, {"group": 0, "id": "area"}, {"group": 0, "id": "argue", "degree": 16}, {"group": 7, "id": "arterial"}, {"group": 8, "id": "artistry"}, {"group": 3, "id": "archetypical", "degree": 7}, {"group": 6, "id": "argumentative"}, {"group": 9, "id": "arsenal"}, {"group": 0, "id": "articulate", "degree": 18}, {"group": 10, "id": "arriviste"}, {"group": 8, "id": "artifice", "degree": 30}, {"group": 4, "id": "armada", "degree": 4}, {"group": 0, "id": "array", "degree": 35}, {"group": 1, "id": "armed"}, {"group": 12, "id": "archangel"}, {"group": 7, "id": "arcade"}, {"group": 0, "id": "army", "degree": 18}, {"group": 5, "id": "archbishop"}, {"group": 9, "id": "arms"}, {"group": 5, "id": "arbitrator", "degree": 7}, {"group": 9, "id": "archives", "degree": 13}, {"group": 9, "id": "armory", "degree": 35}, {"group": 12, "id": "aristocracy"}, {"group": 0, "id": "armistice", "degree": 2}, {"group": 6, "id": "artless", "degree": 10}, {"group": 12, "id": "archbishopric", "degree": 10}, {"group": 2, "id": "artifact"}, {"group": 2, "id": "archaic", "degree": 3}, {"group": 0, "id": "armadillo", "degree": 0}, {"group": 9, "id": "arboretum", "degree": 2}, {"group": 1, "id": "arranged", "degree": 12}, {"group": 6, "id": "arched", "degree": 7}, {"group": 3, "id": "arrant"}, {"group": 0, "id": "arouse"}, {"group": 5, "id": "architect", "degree": 9}, {"group": 2, "id": "arraignment"}, {"group": 10, "id": "arrive"}, {"group": 1, "id": "armored", "degree": 1}, {"group": 0, "id": "argument"}, {"group": 9, "id": "archipelago", "degree": 2}, {"group": 10, "id": "arise"}, {"group": 0, "id": "arousal"}, {"group": 9, "id": "arbor", "degree": 3}, {"group": 3, "id": "aroused", "degree": 1}, {"group": 13, "id": "aromatic", "degree": 0}, {"group": 0, "id": "arrangement"}, {"group": 3, "id": "arctic", "degree": 10}, {"group": 5, "id": "arbiter", "degree": 5}, {"group": 0, "id": "arthritic", "degree": 3}, {"group": 3, "id": "arch"}, {"group": 0, "id": "archery", "degree": 4}, {"group": 3, "id": "arduous"}, {"group": 5, "id": "arbitrate", "degree": 2}, {"group": 3, "id": "artful", "degree": 16}, {"group": 3, "id": "artistic"}, {"group": 0, "id": "arrogate", "degree": 3}], "links": [{"source": 0, "target": 21, "weight": 0.016529}, {"source": 1, "target": 80, "weight": 0.285714}, {"source": 1, "target": 87, "weight": 0.040816}, {"source": 1, "target": 26, "weight": 0.008475}, {"source": 1, "target": 42, "weight": 0.012195}, {"source": 1, "target": 33, "weight": 0.005405}, {"source": 1, "target": 62, "weight": 0.004386}, {"source": 1, "target": 63, "weight": 0.05}, {"source": 2, "target": 49, "weight": 0.007194}, {"source": 2, "target": 31, "weight": 0.009804}, {"source": 2, "target": 51, "weight": 0.00495}, {"source": 2, "target": 21, "weight": 0.005917}, {"source": 2, "target": 25, "weight": 0.007246}, {"source": 2, "target": 76, "weight": 0.00813}, {"source": 2, "target": 95, "weight": 0.01049}, {"source": 2, "target": 83, "weight": 0.006897}, {"source": 2, "target": 27, "weight": 0.011765}, {"source": 2, "target": 28, "weight": 0.009174}, {"source": 2, "target": 60, "weight": 0.01227}, {"source": 2, "target": 71, "weight": 0.004926}, {"source": 2, "target": 48, "weight": 0.004505}, {"source": 2, "target": 15, "weight": 0.011628}, {"source": 2, "target": 52, "weight": 0.006289}, {"source": 2, "target": 36, "weight": 0.065574}, {"source": 2, "target": 72, "weight": 0.008475}, {"source": 2, "target": 23, "weight": 0.025157}, {"source": 3, "target": 54, "weight": 0.009174}, {"source": 3, "target": 32, "weight": 0.012346}, {"source": 3, "target": 48, "weight": 0.009662}, {"source": 3, "target": 62, "weight": 0.012}, {"source": 3, "target": 36, "weight": 0.008696}, {"source": 3, "target": 37, "weight": 0.004566}, {"source": 3, "target": 65, "weight": 0.009434}, {"source": 3, "target": 66, "weight": 0.007299}, {"source": 3, "target": 39, "weight": 0.012821}, {"source": 3, "target": 9, "weight": 0.013889}, {"source": 3, "target": 68, "weight": 0.009524}, {"source": 3, "target": 95, "weight": 0.026119}, {"source": 3, "target": 12, "weight": 0.008439}, {"source": 3, "target": 71, "weight": 0.005291}, {"source": 3, "target": 19, "weight": 0.004926}, {"source": 3, "target": 22, "weight": 0.008264}, {"source": 3, "target": 99, "weight": 0.004016}, {"source": 3, "target": 25, "weight": 0.008065}, {"source": 3, "target": 83, "weight": 0.007634}, {"source": 3, "target": 27, "weight": 0.025974}, {"source": 3, "target": 28, "weight": 0.010526}, {"source": 3, "target": 86, "weight": 0.013333}, {"source": 4, "target": 48, "weight": 0.005714}, {"source": 4, "target": 13, "weight": 0.02}, {"source": 4, "target": 85, "weight": 0.021739}, {"source": 5, "target": 19, "weight": 0.005263}, {"source": 5, "target": 105, "weight": 0.044118}, {"source": 5, "target": 45, "weight": 0.029412}, {"source": 5, "target": 12, "weight": 0.004444}, {"source": 5, "target": 21, "weight": 0.014184}, {"source": 5, "target": 71, "weight": 0.005682}, {"source": 5, "target": 62, "weight": 0.008403}, {"source": 6, "target": 96, "weight": 0.014925}, {"source": 6, "target": 55, "weight": 0.008197}, {"source": 6, "target": 101, "weight": 0.0125}, {"source": 6, "target": 10, "weight": 0.01005}, {"source": 6, "target": 11, "weight": 0.006711}, {"source": 6, "target": 37, "weight": 0.003676}, {"source": 6, "target": 12, "weight": 0.003436}, {"source": 6, "target": 13, "weight": 0.167702}, {"source": 6, "target": 83, "weight": 0.005435}, {"source": 6, "target": 104, "weight": 0.018868}, {"source": 6, "target": 29, "weight": 0.158824}, {"source": 6, "target": 33, "weight": 0.003817}, {"source": 6, "target": 48, "weight": 0.003831}, {"source": 6, "target": 99, "weight": 0.013378}, {"source": 6, "target": 82, "weight": 0.030769}, {"source": 7, "target": 66, "weight": 0.018692}, {"source": 7, "target": 19, "weight": 0.005747}, {"source": 7, "target": 9, "weight": 0.023256}, {"source": 7, "target": 60, "weight": 0.008264}, {"source": 7, "target": 61, "weight": 0.230769}, {"source": 7, "target": 62, "weight": 0.004484}, {"source": 8, "target": 12, "weight": 0.015152}, {"source": 8, "target": 30, "weight": 0.035714}, {"source": 8, "target": 60, "weight": 0.008929}, {"source": 9, "target": 54, "weight": 0.013514}, {"source": 9, "target": 31, "weight": 0.00641}, {"source": 9, "target": 19, "weight": 0.005952}, {"source": 9, "target": 25, "weight": 0.011236}, {"source": 9, "target": 88, "weight": 0.007407}, {"source": 9, "target": 95, "weight": 0.008403}, {"source": 9, "target": 51, "weight": 0.013158}, {"source": 9, "target": 27, "weight": 0.008197}, {"source": 9, "target": 60, "weight": 0.008696}, {"source": 9, "target": 48, "weight": 0.011628}, {"source": 9, "target": 62, "weight": 0.004608}, {"source": 9, "target": 52, "weight": 0.009091}, {"source": 9, "target": 104, "weight": 0.013699}, {"source": 10, "target": 96, "weight": 0.02139}, {"source": 10, "target": 26, "weight": 0.01105}, {"source": 10, "target": 40, "weight": 0.006494}, {"source": 10, "target": 12, "weight": 0.003597}, {"source": 10, "target": 13, "weight": 0.005747}, {"source": 10, "target": 71, "weight": 0.004367}, {"source": 10, "target": 74, "weight": 0.012422}, {"source": 11, "target": 39, "weight": 0.014925}, {"source": 11, "target": 21, "weight": 0.013986}, {"source": 11, "target": 17, "weight": 0.010753}, {"source": 11, "target": 66, "weight": 0.007937}, {"source": 12, "target": 54, "weight": 0.008368}, {"source": 12, "target": 31, "weight": 0.003106}, {"source": 12, "target": 17, "weight": 0.008547}, {"source": 12, "target": 57, "weight": 0.004065}, {"source": 12, "target": 58, "weight": 0.003145}, {"source": 12, "target": 89, "weight": 0.005155}, {"source": 12, "target": 83, "weight": 0.003817}, {"source": 12, "target": 60, "weight": 0.010753}, {"source": 12, "target": 62, "weight": 0.002611}, {"source": 12, "target": 37, "weight": 0.014451}, {"source": 12, "target": 65, "weight": 0.004219}, {"source": 12, "target": 39, "weight": 0.009615}, {"source": 12, "target": 105, "weight": 0.02381}, {"source": 12, "target": 95, "weight": 0.00495}, {"source": 12, "target": 70, "weight": 0.004115}, {"source": 12, "target": 71, "weight": 0.009434}, {"source": 12, "target": 16, "weight": 0.005025}, {"source": 12, "target": 90, "weight": 0.008264}, {"source": 12, "target": 19, "weight": 0.015152}, {"source": 12, "target": 96, "weight": 0.003559}, {"source": 12, "target": 22, "weight": 0.007968}, {"source": 12, "target": 99, "weight": 0.002632}, {"source": 12, "target": 49, "weight": 0.003906}, {"source": 12, "target": 25, "weight": 0.007874}, {"source": 12, "target": 26, "weight": 0.003663}, {"source": 12, "target": 102, "weight": 0.01005}, {"source": 12, "target": 41, "weight": 0.013825}, {"source": 12, "target": 85, "weight": 0.004762}, {"source": 12, "target": 52, "weight": 0.007273}, {"source": 13, "target": 93, "weight": 0.010204}, {"source": 13, "target": 96, "weight": 0.00565}, {"source": 13, "target": 55, "weight": 0.010417}, {"source": 13, "target": 101, "weight": 0.014925}, {"source": 13, "target": 104, "weight": 0.022556}, {"source": 13, "target": 29, "weight": 0.195804}, {"source": 13, "target": 99, "weight": 0.010949}, {"source": 13, "target": 82, "weight": 0.008333}, {"source": 14, "target": 24, "weight": 0.333333}, {"source": 14, "target": 96, "weight": 0.00813}, {"source": 14, "target": 55, "weight": 0.02381}, {"source": 14, "target": 103, "weight": 0.010309}, {"source": 14, "target": 84, "weight": 0.111111}, {"source": 14, "target": 97, "weight": 0.066667}, {"source": 15, "target": 21, "weight": 0.008333}, {"source": 16, "target": 28, "weight": 0.017857}, {"source": 16, "target": 24, "weight": 0.010989}, {"source": 17, "target": 100, "weight": 0.033898}, {"source": 17, "target": 75, "weight": 0.009091}, {"source": 17, "target": 66, "weight": 0.007463}, {"source": 17, "target": 60, "weight": 0.006803}, {"source": 17, "target": 71, "weight": 0.010811}, {"source": 17, "target": 62, "weight": 0.008065}, {"source": 18, "target": 81, "weight": 0.025641}, {"source": 18, "target": 38, "weight": 0.018182}, {"source": 18, "target": 19, "weight": 0.00565}, {"source": 18, "target": 26, "weight": 0.017391}, {"source": 18, "target": 42, "weight": 0.0125}, {"source": 18, "target": 22, "weight": 0.010526}, {"source": 18, "target": 62, "weight": 0.004425}, {"source": 18, "target": 74, "weight": 0.010417}, {"source": 19, "target": 53, "weight": 0.005435}, {"source": 19, "target": 31, "weight": 0.003484}, {"source": 19, "target": 88, "weight": 0.003759}, {"source": 19, "target": 58, "weight": 0.071698}, {"source": 19, "target": 32, "weight": 0.00565}, {"source": 19, "target": 22, "weight": 0.018692}, {"source": 19, "target": 62, "weight": 0.133117}, {"source": 19, "target": 37, "weight": 0.025974}, {"source": 19, "target": 92, "weight": 0.011696}, {"source": 19, "target": 65, "weight": 0.015}, {"source": 19, "target": 51, "weight": 0.021505}, {"source": 19, "target": 68, "weight": 0.004975}, {"source": 19, "target": 95, "weight": 0.016438}, {"source": 19, "target": 69, "weight": 0.006024}, {"source": 19, "target": 70, "weight": 0.004808}, {"source": 19, "target": 71, "weight": 0.014184}, {"source": 19, "target": 23, "weight": 0.016598}, {"source": 19, "target": 72, "weight": 0.005}, {"source": 19, "target": 74, "weight": 0.004587}, {"source": 19, "target": 57, "weight": 0.004739}, {"source": 19, "target": 48, "weight": 0.003289}, {"source": 19, "target": 99, "weight": 0.005814}, {"source": 19, "target": 81, "weight": 0.006211}, {"source": 19, "target": 49, "weight": 0.004525}, {"source": 19, "target": 80, "weight": 0.005}, {"source": 19, "target": 38, "weight": 0.011364}, {"source": 19, "target": 82, "weight": 0.003226}, {"source": 19, "target": 66, "weight": 0.017391}, {"source": 19, "target": 27, "weight": 0.003953}, {"source": 20, "target": 82, "weight": 0.00578}, {"source": 21, "target": 53, "weight": 0.007353}, {"source": 21, "target": 54, "weight": 0.006369}, {"source": 21, "target": 34, "weight": 0.015038}, {"source": 21, "target": 31, "weight": 0.004184}, {"source": 21, "target": 51, "weight": 0.004237}, {"source": 21, "target": 25, "weight": 0.005814}, {"source": 21, "target": 48, "weight": 0.007843}, {"source": 21, "target": 83, "weight": 0.016949}, {"source": 21, "target": 95, "weight": 0.003106}, {"source": 21, "target": 66, "weight": 0.005405}, {"source": 21, "target": 60, "weight": 0.005051}, {"source": 21, "target": 91, "weight": 0.016529}, {"source": 21, "target": 22, "weight": 0.005917}, {"source": 21, "target": 62, "weight": 0.003333}, {"source": 21, "target": 36, "weight": 0.006135}, {"source": 21, "target": 104, "weight": 0.00641}, {"source": 22, "target": 49, "weight": 0.021898}, {"source": 22, "target": 53, "weight": 0.471429}, {"source": 22, "target": 65, "weight": 0.359551}, {"source": 22, "target": 50, "weight": 0.020202}, {"source": 22, "target": 51, "weight": 0.00995}, {"source": 22, "target": 68, "weight": 0.008403}, {"source": 22, "target": 69, "weight": 0.011905}, {"source": 22, "target": 42, "weight": 0.008333}, {"source": 22, "target": 60, "weight": 0.006098}, {"source": 22, "target": 71, "weight": 0.004926}, {"source": 22, "target": 48, "weight": 0.004505}, {"source": 22, "target": 62, "weight": 0.011364}, {"source": 22, "target": 99, "weight": 0.003802}, {"source": 22, "target": 37, "weight": 0.008621}, {"source": 22, "target": 66, "weight": 0.006623}, {"source": 22, "target": 23, "weight": 0.012422}, {"source": 23, "target": 80, "weight": 0.006897}, {"source": 23, "target": 66, "weight": 0.017045}, {"source": 23, "target": 103, "weight": 0.006061}, {"source": 23, "target": 42, "weight": 0.006803}, {"source": 23, "target": 58, "weight": 0.013274}, {"source": 23, "target": 28, "weight": 0.007353}, {"source": 23, "target": 60, "weight": 0.005236}, {"source": 23, "target": 71, "weight": 0.008734}, {"source": 23, "target": 62, "weight": 0.097015}, {"source": 24, "target": 96, "weight": 0.00578}, {"source": 24, "target": 55, "weight": 0.021978}, {"source": 24, "target": 103, "weight": 0.006803}, {"source": 24, "target": 41, "weight": 0.018182}, {"source": 24, "target": 84, "weight": 0.368421}, {"source": 24, "target": 104, "weight": 0.03937}, {"source": 24, "target": 48, "weight": 0.004329}, {"source": 24, "target": 97, "weight": 0.042553}, {"source": 24, "target": 99, "weight": 0.00738}, {"source": 25, "target": 75, "weight": 0.015504}, {"source": 25, "target": 103, "weight": 0.007092}, {"source": 25, "target": 60, "weight": 0.183099}, {"source": 25, "target": 62, "weight": 0.007463}, {"source": 26, "target": 49, "weight": 0.00625}, {"source": 26, "target": 80, "weight": 0.007194}, {"source": 26, "target": 51, "weight": 0.004484}, {"source": 26, "target": 101, "weight": 0.006993}, {"source": 26, "target": 95, "weight": 0.003236}, {"source": 26, "target": 59, "weight": 0.008}, {"source": 26, "target": 77, "weight": 0.008772}, {"source": 26, "target": 56, "weight": 0.010309}, {"source": 26, "target": 104, "weight": 0.014085}, {"source": 26, "target": 48, "weight": 0.004115}, {"source": 26, "target": 63, "weight": 0.008264}, {"source": 26, "target": 37, "weight": 0.003937}, {"source": 26, "target": 74, "weight": 0.012821}, {"source": 27, "target": 100, "weight": 0.00885}, {"source": 27, "target": 84, "weight": 0.00641}, {"source": 27, "target": 60, "weight": 0.036082}, {"source": 27, "target": 71, "weight": 0.004184}, {"source": 27, "target": 62, "weight": 0.041237}, {"source": 27, "target": 66, "weight": 0.005348}, {"source": 28, "target": 66, "weight": 0.008}, {"source": 28, "target": 99, "weight": 0.008475}, {"source": 28, "target": 88, "weight": 0.006329}, {"source": 28, "target": 58, "weight": 0.005714}, {"source": 28, "target": 41, "weight": 0.013158}, {"source": 28, "target": 78, "weight": 0.04}, {"source": 28, "target": 68, "weight": 0.010753}, {"source": 28, "target": 71, "weight": 0.00565}, {"source": 28, "target": 52, "weight": 0.007519}, {"source": 28, "target": 36, "weight": 0.009709}, {"source": 28, "target": 37, "weight": 0.004831}, {"source": 29, "target": 55, "weight": 0.009524}, {"source": 29, "target": 96, "weight": 0.005376}, {"source": 29, "target": 74, "weight": 0.019231}, {"source": 30, "target": 48, "weight": 0.005988}, {"source": 30, "target": 77, "weight": 0.026316}, {"source": 30, "target": 76, "weight": 0.210526}, {"source": 31, "target": 100, "weight": 0.006803}, {"source": 31, "target": 75, "weight": 0.005076}, {"source": 31, "target": 103, "weight": 0.004808}, {"source": 31, "target": 60, "weight": 0.263441}, {"source": 31, "target": 71, "weight": 0.007353}, {"source": 31, "target": 62, "weight": 0.002976}, {"source": 32, "target": 81, "weight": 0.025641}, {"source": 32, "target": 38, "weight": 0.037037}, {"source": 32, "target": 50, "weight": 0.016667}, {"source": 32, "target": 66, "weight": 0.009009}, {"source": 32, "target": 103, "weight": 0.010204}, {"source": 32, "target": 69, "weight": 0.022727}, {"source": 32, "target": 84, "weight": 0.0125}, {"source": 32, "target": 58, "weight": 0.006211}, {"source": 32, "target": 60, "weight": 0.008065}, {"source": 32, "target": 71, "weight": 0.006135}, {"source": 32, "target": 62, "weight": 0.004425}, {"source": 32, "target": 74, "weight": 0.010417}, {"source": 33, "target": 80, "weight": 0.004854}, {"source": 33, "target": 96, "weight": 0.007968}, {"source": 33, "target": 103, "weight": 0.004425}, {"source": 33, "target": 77, "weight": 0.005525}, {"source": 33, "target": 60, "weight": 0.003968}, {"source": 33, "target": 93, "weight": 0.029586}, {"source": 33, "target": 74, "weight": 0.008969}, {"source": 35, "target": 71, "weight": 0.006623}, {"source": 35, "target": 99, "weight": 0.004739}, {"source": 35, "target": 68, "weight": 0.014925}, {"source": 36, "target": 80, "weight": 0.008929}, {"source": 36, "target": 55, "weight": 0.012987}, {"source": 36, "target": 62, "weight": 0.019531}, {"source": 37, "target": 92, "weight": 0.005319}, {"source": 37, "target": 50, "weight": 0.005051}, {"source": 37, "target": 66, "weight": 0.01626}, {"source": 37, "target": 58, "weight": 0.020408}, {"source": 37, "target": 61, "weight": 0.005814}, {"source": 37, "target": 70, "weight": 0.008969}, {"source": 37, "target": 60, "weight": 0.003817}, {"source": 37, "target": 71, "weight": 0.02027}, {"source": 37, "target": 62, "weight": 0.019553}, {"source": 37, "target": 52, "weight": 0.003891}, {"source": 38, "target": 49, "weight": 0.06383}, {"source": 38, "target": 81, "weight": 0.025641}, {"source": 38, "target": 51, "weight": 0.01875}, {"source": 38, "target": 68, "weight": 0.052632}, {"source": 38, "target": 71, "weight": 0.031447}, {"source": 38, "target": 62, "weight": 0.008889}, {"source": 38, "target": 74, "weight": 0.010417}, {"source": 38, "target": 99, "weight": 0.009009}, {"source": 39, "target": 75, "weight": 0.011905}, {"source": 39, "target": 66, "weight": 0.009259}, {"source": 39, "target": 58, "weight": 0.006329}, {"source": 39, "target": 71, "weight": 0.00625}, {"source": 39, "target": 62, "weight": 0.004484}, {"source": 40, "target": 82, "weight": 0.009091}, {"source": 40, "target": 101, "weight": 0.017544}, {"source": 40, "target": 103, "weight": 0.015385}, {"source": 41, "target": 66, "weight": 0.008475}, {"source": 42, "target": 49, "weight": 0.008065}, {"source": 42, "target": 53, "weight": 0.011494}, {"source": 42, "target": 80, "weight": 0.009709}, {"source": 42, "target": 82, "weight": 0.009434}, {"source": 42, "target": 101, "weight": 0.009346}, {"source": 42, "target": 103, "weight": 0.00813}, {"source": 42, "target": 99, "weight": 0.004032}, {"source": 43, "target": 52, "weight": 0.009346}, {"source": 44, "target": 59, "weight": 0.104167}, {"source": 44, "target": 86, "weight": 0.027027}, {"source": 44, "target": 95, "weight": 0.004237}, {"source": 44, "target": 90, "weight": 0.013514}, {"source": 45, "target": 82, "weight": 0.005291}, {"source": 45, "target": 68, "weight": 0.0125}, {"source": 45, "target": 76, "weight": 0.011905}, {"source": 45, "target": 85, "weight": 0.078431}, {"source": 45, "target": 71, "weight": 0.006098}, {"source": 45, "target": 48, "weight": 0.115152}, {"source": 45, "target": 62, "weight": 0.004405}, {"source": 45, "target": 52, "weight": 0.016807}, {"source": 46, "target": 80, "weight": 0.018182}, {"source": 48, "target": 66, "weight": 0.017021}, {"source": 48, "target": 98, "weight": 0.005525}, {"source": 48, "target": 58, "weight": 0.006969}, {"source": 48, "target": 84, "weight": 0.004831}, {"source": 48, "target": 60, "weight": 0.003984}, {"source": 48, "target": 71, "weight": 0.003448}, {"source": 48, "target": 62, "weight": 0.002833}, {"source": 48, "target": 52, "weight": 0.012295}, {"source": 49, "target": 75, "weight": 0.023256}, {"source": 49, "target": 81, "weight": 0.012048}, {"source": 49, "target": 70, "weight": 0.007692}, {"source": 49, "target": 79, "weight": 0.021053}, {"source": 49, "target": 60, "weight": 0.005952}, {"source": 49, "target": 71, "weight": 0.024631}, {"source": 49, "target": 62, "weight": 0.003704}, {"source": 49, "target": 74, "weight": 0.007143}, {"source": 50, "target": 53, "weight": 0.014925}, {"source": 50, "target": 65, "weight": 0.146667}, {"source": 50, "target": 57, "weight": 0.010638}, {"source": 50, "target": 58, "weight": 0.006024}, {"source": 50, "target": 70, "weight": 0.010989}, {"source": 50, "target": 71, "weight": 0.005952}, {"source": 50, "target": 103, "weight": 0.009709}, {"source": 50, "target": 99, "weight": 0.050459}, {"source": 51, "target": 66, "weight": 0.013889}, {"source": 51, "target": 75, "weight": 0.026316}, {"source": 51, "target": 81, "weight": 0.006849}, {"source": 51, "target": 58, "weight": 0.003731}, {"source": 51, "target": 61, "weight": 0.007092}, {"source": 51, "target": 84, "weight": 0.005348}, {"source": 51, "target": 60, "weight": 0.0131}, {"source": 51, "target": 71, "weight": 0.011194}, {"source": 51, "target": 62, "weight": 0.037267}, {"source": 51, "target": 74, "weight": 0.004926}, {"source": 52, "target": 86, "weight": 0.00885}, {"source": 52, "target": 75, "weight": 0.006623}, {"source": 52, "target": 82, "weight": 0.003968}, {"source": 52, "target": 101, "weight": 0.006849}, {"source": 52, "target": 88, "weight": 0.045}, {"source": 52, "target": 58, "weight": 0.031963}, {"source": 52, "target": 57, "weight": 0.006536}, {"source": 52, "target": 83, "weight": 0.005917}, {"source": 52, "target": 70, "weight": 0.006667}, {"source": 52, "target": 90, "weight": 0.006667}, {"source": 52, "target": 71, "weight": 0.004405}, {"source": 52, "target": 62, "weight": 0.010417}, {"source": 53, "target": 66, "weight": 0.008475}, {"source": 53, "target": 71, "weight": 0.005882}, {"source": 53, "target": 62, "weight": 0.008621}, {"source": 54, "target": 75, "weight": 0.017544}, {"source": 54, "target": 103, "weight": 0.007937}, {"source": 54, "target": 60, "weight": 0.0625}, {"source": 54, "target": 62, "weight": 0.007905}, {"source": 55, "target": 63, "weight": 0.042553}, {"source": 55, "target": 82, "weight": 0.005682}, {"source": 55, "target": 95, "weight": 0.004237}, {"source": 55, "target": 97, "weight": 0.027778}, {"source": 55, "target": 104, "weight": 0.044118}, {"source": 57, "target": 92, "weight": 0.011905}, {"source": 57, "target": 70, "weight": 0.592105}, {"source": 57, "target": 79, "weight": 0.011628}, {"source": 57, "target": 71, "weight": 0.445255}, {"source": 57, "target": 62, "weight": 0.003846}, {"source": 58, "target": 62, "weight": 0.009091}, {"source": 58, "target": 92, "weight": 0.012903}, {"source": 58, "target": 65, "weight": 0.005376}, {"source": 58, "target": 66, "weight": 0.009259}, {"source": 58, "target": 95, "weight": 0.002825}, {"source": 58, "target": 71, "weight": 0.015038}, {"source": 58, "target": 74, "weight": 0.00995}, {"source": 58, "target": 99, "weight": 0.01227}, {"source": 58, "target": 82, "weight": 0.003401}, {"source": 58, "target": 103, "weight": 0.009852}, {"source": 58, "target": 83, "weight": 0.004739}, {"source": 58, "target": 104, "weight": 0.005319}, {"source": 60, "target": 88, "weight": 0.038835}, {"source": 60, "target": 83, "weight": 0.005747}, {"source": 60, "target": 65, "weight": 0.006711}, {"source": 60, "target": 95, "weight": 0.022508}, {"source": 60, "target": 71, "weight": 0.00431}, {"source": 60, "target": 104, "weight": 0.006623}, {"source": 60, "target": 76, "weight": 0.006579}, {"source": 60, "target": 99, "weight": 0.010345}, {"source": 60, "target": 86, "weight": 0.008475}, {"source": 60, "target": 103, "weight": 0.012048}, {"source": 60, "target": 74, "weight": 0.006061}, {"source": 61, "target": 95, "weight": 0.004405}, {"source": 61, "target": 66, "weight": 0.022472}, {"source": 62, "target": 88, "weight": 0.009585}, {"source": 62, "target": 83, "weight": 0.003623}, {"source": 62, "target": 90, "weight": 0.003891}, {"source": 62, "target": 68, "weight": 0.008032}, {"source": 62, "target": 66, "weight": 0.040441}, {"source": 62, "target": 95, "weight": 0.096606}, {"source": 62, "target": 69, "weight": 0.004651}, {"source": 62, "target": 65, "weight": 0.003984}, {"source": 62, "target": 70, "weight": 0.003891}, {"source": 62, "target": 71, "weight": 0.015152}, {"source": 62, "target": 72, "weight": 0.004016}, {"source": 62, "target": 73, "weight": 0.004975}, {"source": 62, "target": 104, "weight": 0.003953}, {"source": 62, "target": 74, "weight": 0.003745}, {"source": 62, "target": 99, "weight": 0.002538}, {"source": 62, "target": 86, "weight": 0.009132}, {"source": 62, "target": 80, "weight": 0.004016}, {"source": 62, "target": 81, "weight": 0.004762}, {"source": 62, "target": 82, "weight": 0.002786}, {"source": 63, "target": 80, "weight": 0.063291}, {"source": 63, "target": 87, "weight": 0.038462}, {"source": 63, "target": 103, "weight": 0.009709}, {"source": 64, "target": 75, "weight": 0.015625}, {"source": 65, "target": 92, "weight": 0.013333}, {"source": 65, "target": 66, "weight": 0.007353}, {"source": 65, "target": 103, "weight": 0.00813}, {"source": 65, "target": 69, "weight": 0.014493}, {"source": 65, "target": 70, "weight": 0.009009}, {"source": 65, "target": 71, "weight": 0.005319}, {"source": 66, "target": 95, "weight": 0.009934}, {"source": 66, "target": 68, "weight": 0.007407}, {"source": 66, "target": 71, "weight": 0.004566}, {"source": 66, "target": 72, "weight": 0.007463}, {"source": 66, "target": 99, "weight": 0.003584}, {"source": 66, "target": 82, "weight": 0.004098}, {"source": 67, "target": 84, "weight": 0.014706}, {"source": 68, "target": 75, "weight": 0.009009}, {"source": 68, "target": 89, "weight": 0.016393}, {"source": 68, "target": 70, "weight": 0.009091}, {"source": 68, "target": 71, "weight": 0.333333}, {"source": 69, "target": 102, "weight": 0.137931}, {"source": 69, "target": 84, "weight": 0.014493}, {"source": 69, "target": 97, "weight": 0.225806}, {"source": 70, "target": 92, "weight": 0.012346}, {"source": 70, "target": 79, "weight": 0.02439}, {"source": 70, "target": 71, "weight": 0.3}, {"source": 70, "target": 99, "weight": 0.007905}, {"source": 71, "target": 88, "weight": 0.007968}, {"source": 71, "target": 89, "weight": 0.006897}, {"source": 71, "target": 83, "weight": 0.004695}, {"source": 71, "target": 92, "weight": 0.012739}, {"source": 71, "target": 95, "weight": 0.005634}, {"source": 71, "target": 75, "weight": 0.005128}, {"source": 71, "target": 79, "weight": 0.00625}, {"source": 71, "target": 99, "weight": 0.012195}, {"source": 71, "target": 80, "weight": 0.005376}, {"source": 71, "target": 85, "weight": 0.006211}, {"source": 72, "target": 75, "weight": 0.275862}, {"source": 73, "target": 95, "weight": 0.004484}, {"source": 74, "target": 81, "weight": 0.0125}, {"source": 74, "target": 96, "weight": 0.006061}, {"source": 74, "target": 104, "weight": 0.016393}, {"source": 74, "target": 99, "weight": 0.003788}, {"source": 74, "target": 82, "weight": 0.013216}, {"source": 76, "target": 77, "weight": 0.012346}, {"source": 77, "target": 82, "weight": 0.005376}, {"source": 80, "target": 99, "weight": 0.008163}, {"source": 80, "target": 82, "weight": 0.004739}, {"source": 80, "target": 103, "weight": 0.016667}, {"source": 80, "target": 95, "weight": 0.00369}, {"source": 81, "target": 99, "weight": 0.004831}, {"source": 82, "target": 98, "weight": 0.005348}, {"source": 84, "target": 88, "weight": 0.005917}, {"source": 84, "target": 99, "weight": 0.004032}, {"source": 88, "target": 98, "weight": 0.006993}, {"source": 91, "target": 100, "weight": 0.033333}, {"source": 95, "target": 105, "weight": 0.004}, {"source": 95, "target": 102, "weight": 0.004237}, {"source": 96, "target": 101, "weight": 0.013333}, {"source": 96, "target": 103, "weight": 0.005988}, {"source": 96, "target": 99, "weight": 0.003425}, {"source": 97, "target": 102, "weight": 0.088235}, {"source": 97, "target": 104, "weight": 0.027027}, {"source": 99, "target": 103, "weight": 0.202703}, {"source": 101, "target": 103, "weight": 0.008}, {"source": 103, "target": 104, "weight": 0.095652}], "multigraph": false}