{"directed": false, "graph": {}, "nodes": [{"group": 0, "id": "asphalt", "degree": 1}, {"group": 1, "id": "astronomical", "degree": 7}, {"group": 2, "id": "assignee", "degree": 5}, {"group": 3, "id": "aspect"}, {"group": 4, "id": "asylum", "degree": 7}, {"group": 0, "id": "assembled"}, {"group": 3, "id": "astrology", "degree": 5}, {"group": 5, "id": "asthma"}, {"group": 6, "id": "assiduity", "degree": 11}, {"group": 7, "id": "assuage"}, {"group": 6, "id": "assertion"}, {"group": 8, "id": "astonish"}, {"group": 2, "id": "assay", "degree": 21}, {"group": 0, "id": "asbestos"}, {"group": 2, "id": "assistant", "degree": 9}, {"group": 7, "id": "astringent", "degree": 6}, {"group": 9, "id": "asymmetrical"}, {"group": 0, "id": "association"}, {"group": 7, "id": "assuasive", "degree": 2}, {"group": 10, "id": "assignation", "degree": 22}, {"group": 0, "id": "assimilate"}, {"group": 7, "id": "ashen", "degree": 5}, {"group": 11, "id": "ascertain", "degree": 8}, {"group": 0, "id": "assemblage"}, {"group": 4, "id": "ashram"}, {"group": 9, "id": "ascribable", "degree": 1}, {"group": 6, "id": "ascend"}, {"group": 11, "id": "asseverate", "degree": 13}, {"group": 7, "id": "asleep", "degree": 9}, {"group": 6, "id": "ascendant"}, {"group": 12, "id": "asperity", "degree": 2}, {"group": 6, "id": "ascent", "degree": 25}, {"group": 2, "id": "assistance"}, {"group": 9, "id": "astray"}, {"group": 0, "id": "asthmatic", "degree": 1}, {"group": 1, "id": "astral", "degree": 9}, {"group": 6, "id": "assurance"}, {"group": 10, "id": "ass", "degree": 7}, {"group": 10, "id": "asymptote", "degree": 5}, {"group": 10, "id": "assembly"}, {"group": 7, "id": "assured", "degree": 17}, {"group": 0, "id": "associate"}, {"group": 7, "id": "assertive", "degree": 3}, {"group": 5, "id": "asphyxiation", "degree": 11}, {"group": 6, "id": "ascending"}, {"group": 12, "id": "asymmetry", "degree": 5}, {"group": 7, "id": "asinine"}, {"group": 6, "id": "ask"}, {"group": 0, "id": "aspic", "degree": 5}, {"group": 9, "id": "asunder", "degree": 3}, {"group": 13, "id": "astrologer", "degree": 0}, {"group": 9, "id": "askew", "degree": 5}, {"group": 12, "id": "astringency"}, {"group": 11, "id": "assure"}, {"group": 6, "id": "aspire", "degree": 4}, {"group": 6, "id": "assassin", "degree": 1}, {"group": 7, "id": "assuredly", "degree": 3}, {"group": 7, "id": "astute"}, {"group": 2, "id": "assess"}, {"group": 0, "id": "assemble", "degree": 31}, {"group": 6, "id": "astronautics"}, {"group": 9, "id": "assumed"}, {"group": 2, "id": "assort"}, {"group": 6, "id": "assumption", "degree": 28}, {"group": 15, "id": "asset", "degree": 0}, {"group": 3, "id": "astrophysics", "degree": 2}, {"group": 2, "id": "assessment"}, {"group": 2, "id": "assessor", "degree": 3}, {"group": 5, "id": "asphyxiate"}, {"group": 11, "id": "assign", "degree": 26}, {"group": 14, "id": "asteroid", "degree": 0}, {"group": 9, "id": "assorted"}, {"group": 9, "id": "asymmetric", "degree": 7}, {"group": 11, "id": "ascribe"}, {"group": 0, "id": "assimilation", "degree": 34}, {"group": 11, "id": "assert"}, {"group": 7, "id": "ashamed"}, {"group": 0, "id": "assail"}, {"group": 7, "id": "astounded"}, {"group": 0, "id": "aspiration"}, {"group": 1, "id": "astrophysical", "degree": 1}, {"group": 2, "id": "aspirant", "degree": 1}, {"group": 11, "id": "ascendancy"}, {"group": 7, "id": "ascetic"}, {"group": 0, "id": "associated"}, {"group": 9, "id": "aspersion"}, {"group": 0, "id": "assent", "degree": 22}, {"group": 8, "id": "astound", "degree": 4}, {"group": 0, "id": "as", "degree": 1}, {"group": 6, "id": "ascension"}, {"group": 0, "id": "assimilated", "degree": 26}, {"group": 9, "id": "aside", "degree": 8}, {"group": 1, "id": "astronomic"}, {"group": 16, "id": "assailant", "degree": 0}, {"group": 2, "id": "astronaut", "degree": 2}, {"group": 17, "id": "asshole"}, {"group": 17, "id": "assonance", "degree": 2}, {"group": 18, "id": "assemblyman", "degree": 0}, {"group": 7, "id": "aspiring"}, {"group": 10, "id": "assignment"}, {"group": 2, "id": "assist"}, {"group": 1, "id": "astounding"}, {"group": 7, "id": "assenting", "degree": 2}, {"group": 7, "id": "assiduous", "degree": 5}, {"group": 6, "id": "assault"}, {"group": 9, "id": "assessed", "degree": 1}, {"group": 0, "id": "assortment"}, {"group": 3, "id": "astronomy", "degree": 1}, {"group": 3, "id": "assets", "degree": 5}, {"group": 6, "id": "assume"}, {"group": 9, "id": "askance", "degree": 4}, {"group": 17, "id": "assonant", "degree": 4}, {"group": 1, "id": "astonishing"}, {"group": 7, "id": "ascertained"}, {"group": 9, "id": "astern", "degree": 5}], "links": [{"source": 0, "target": 59, "weight": 0.006897}, {"source": 0, "target": 41, "weight": 0.00565}, {"source": 1, "target": 29, "weight": 0.007463}, {"source": 1, "target": 92, "weight": 0.298246}, {"source": 1, "target": 98, "weight": 0.031746}, {"source": 1, "target": 101, "weight": 0.059701}, {"source": 1, "target": 44, "weight": 0.021739}, {"source": 1, "target": 112, "weight": 0.028986}, {"source": 1, "target": 80, "weight": 0.041667}, {"source": 1, "target": 35, "weight": 0.028571}, {"source": 2, "target": 58, "weight": 0.014706}, {"source": 2, "target": 99, "weight": 0.007463}, {"source": 2, "target": 81, "weight": 0.033333}, {"source": 2, "target": 3, "weight": 0.010638}, {"source": 2, "target": 14, "weight": 0.097561}, {"source": 3, "target": 107, "weight": 0.011364}, {"source": 3, "target": 8, "weight": 0.015267}, {"source": 3, "target": 40, "weight": 0.006579}, {"source": 3, "target": 90, "weight": 0.005882}, {"source": 3, "target": 74, "weight": 0.008}, {"source": 3, "target": 65, "weight": 0.009901}, {"source": 3, "target": 45, "weight": 0.008065}, {"source": 3, "target": 63, "weight": 0.020161}, {"source": 3, "target": 14, "weight": 0.008403}, {"source": 3, "target": 22, "weight": 0.009259}, {"source": 3, "target": 59, "weight": 0.014218}, {"source": 3, "target": 35, "weight": 0.025641}, {"source": 3, "target": 31, "weight": 0.004878}, {"source": 3, "target": 69, "weight": 0.030151}, {"source": 3, "target": 6, "weight": 0.056604}, {"source": 4, "target": 24, "weight": 0.096774}, {"source": 4, "target": 41, "weight": 0.004975}, {"source": 4, "target": 20, "weight": 0.005988}, {"source": 4, "target": 79, "weight": 0.005556}, {"source": 4, "target": 26, "weight": 0.009009}, {"source": 4, "target": 63, "weight": 0.004808}, {"source": 4, "target": 59, "weight": 0.005917}, {"source": 4, "target": 36, "weight": 0.007353}, {"source": 5, "target": 38, "weight": 0.015625}, {"source": 5, "target": 19, "weight": 0.008065}, {"source": 5, "target": 40, "weight": 0.017094}, {"source": 5, "target": 90, "weight": 0.053846}, {"source": 5, "target": 59, "weight": 0.016949}, {"source": 5, "target": 48, "weight": 0.015152}, {"source": 6, "target": 108, "weight": 0.014925}, {"source": 6, "target": 65, "weight": 0.023256}, {"source": 6, "target": 107, "weight": 0.033333}, {"source": 6, "target": 69, "weight": 0.013793}, {"source": 6, "target": 36, "weight": 0.008197}, {"source": 7, "target": 43, "weight": 0.631579}, {"source": 7, "target": 74, "weight": 0.00431}, {"source": 7, "target": 87, "weight": 0.01087}, {"source": 7, "target": 63, "weight": 0.008621}, {"source": 7, "target": 28, "weight": 0.007299}, {"source": 7, "target": 31, "weight": 0.016304}, {"source": 8, "target": 38, "weight": 0.016393}, {"source": 8, "target": 12, "weight": 0.007194}, {"source": 8, "target": 19, "weight": 0.008264}, {"source": 8, "target": 109, "weight": 0.005405}, {"source": 8, "target": 99, "weight": 0.011696}, {"source": 8, "target": 79, "weight": 0.010753}, {"source": 8, "target": 74, "weight": 0.004673}, {"source": 8, "target": 10, "weight": 0.036036}, {"source": 8, "target": 52, "weight": 0.019417}, {"source": 8, "target": 103, "weight": 0.02381}, {"source": 8, "target": 91, "weight": 0.0125}, {"source": 8, "target": 63, "weight": 0.023697}, {"source": 9, "target": 12, "weight": 0.006369}, {"source": 9, "target": 90, "weight": 0.006623}, {"source": 9, "target": 21, "weight": 0.006849}, {"source": 9, "target": 28, "weight": 0.014706}, {"source": 9, "target": 35, "weight": 0.007143}, {"source": 9, "target": 69, "weight": 0.01087}, {"source": 10, "target": 12, "weight": 0.006329}, {"source": 10, "target": 86, "weight": 0.005556}, {"source": 10, "target": 74, "weight": 0.008621}, {"source": 10, "target": 91, "weight": 0.020408}, {"source": 10, "target": 27, "weight": 0.048544}, {"source": 10, "target": 63, "weight": 0.098131}, {"source": 10, "target": 31, "weight": 0.005348}, {"source": 10, "target": 69, "weight": 0.010811}, {"source": 11, "target": 43, "weight": 0.012195}, {"source": 11, "target": 87, "weight": 0.677419}, {"source": 12, "target": 26, "weight": 0.012422}, {"source": 12, "target": 58, "weight": 0.247934}, {"source": 12, "target": 59, "weight": 0.004545}, {"source": 12, "target": 71, "weight": 0.00625}, {"source": 12, "target": 62, "weight": 0.049587}, {"source": 12, "target": 63, "weight": 0.007752}, {"source": 12, "target": 66, "weight": 0.027778}, {"source": 12, "target": 67, "weight": 0.009524}, {"source": 12, "target": 36, "weight": 0.010753}, {"source": 12, "target": 38, "weight": 0.009524}, {"source": 12, "target": 39, "weight": 0.004525}, {"source": 12, "target": 41, "weight": 0.003968}, {"source": 12, "target": 99, "weight": 0.00463}, {"source": 12, "target": 74, "weight": 0.007782}, {"source": 12, "target": 47, "weight": 0.015625}, {"source": 12, "target": 49, "weight": 0.008475}, {"source": 12, "target": 20, "weight": 0.018605}, {"source": 12, "target": 79, "weight": 0.0131}, {"source": 12, "target": 53, "weight": 0.006803}, {"source": 12, "target": 109, "weight": 0.022222}, {"source": 12, "target": 22, "weight": 0.017544}, {"source": 12, "target": 69, "weight": 0.004739}, {"source": 13, "target": 90, "weight": 0.009259}, {"source": 13, "target": 63, "weight": 0.005263}, {"source": 13, "target": 21, "weight": 0.009709}, {"source": 13, "target": 74, "weight": 0.005291}, {"source": 13, "target": 69, "weight": 0.007042}, {"source": 14, "target": 84, "weight": 0.017544}, {"source": 14, "target": 41, "weight": 0.031579}, {"source": 14, "target": 32, "weight": 0.026316}, {"source": 14, "target": 100, "weight": 0.039474}, {"source": 14, "target": 58, "weight": 0.010753}, {"source": 14, "target": 62, "weight": 0.014493}, {"source": 14, "target": 94, "weight": 0.014925}, {"source": 14, "target": 59, "weight": 0.006135}, {"source": 14, "target": 69, "weight": 0.006494}, {"source": 15, "target": 37, "weight": 0.008264}, {"source": 15, "target": 29, "weight": 0.00625}, {"source": 15, "target": 90, "weight": 0.006944}, {"source": 15, "target": 32, "weight": 0.009901}, {"source": 15, "target": 101, "weight": 0.010417}, {"source": 15, "target": 103, "weight": 0.029412}, {"source": 15, "target": 76, "weight": 0.012987}, {"source": 15, "target": 30, "weight": 0.010638}, {"source": 15, "target": 57, "weight": 0.047244}, {"source": 15, "target": 83, "weight": 0.02381}, {"source": 16, "target": 72, "weight": 0.12}, {"source": 16, "target": 51, "weight": 0.027397}, {"source": 17, "target": 37, "weight": 0.025253}, {"source": 17, "target": 38, "weight": 0.019868}, {"source": 17, "target": 19, "weight": 0.033816}, {"source": 17, "target": 86, "weight": 0.049587}, {"source": 17, "target": 74, "weight": 0.218254}, {"source": 17, "target": 45, "weight": 0.005587}, {"source": 17, "target": 63, "weight": 0.006536}, {"source": 17, "target": 59, "weight": 0.022814}, {"source": 17, "target": 31, "weight": 0.003846}, {"source": 18, "target": 82, "weight": 0.010204}, {"source": 18, "target": 83, "weight": 0.014493}, {"source": 19, "target": 84, "weight": 0.006494}, {"source": 19, "target": 24, "weight": 0.01}, {"source": 19, "target": 85, "weight": 0.006757}, {"source": 19, "target": 58, "weight": 0.007576}, {"source": 19, "target": 59, "weight": 0.020101}, {"source": 19, "target": 89, "weight": 0.009174}, {"source": 19, "target": 63, "weight": 0.021097}, {"source": 19, "target": 36, "weight": 0.011905}, {"source": 19, "target": 37, "weight": 0.007353}, {"source": 19, "target": 38, "weight": 0.035294}, {"source": 19, "target": 39, "weight": 0.236364}, {"source": 19, "target": 99, "weight": 0.206061}, {"source": 19, "target": 100, "weight": 0.008547}, {"source": 19, "target": 73, "weight": 0.012195}, {"source": 19, "target": 74, "weight": 0.004167}, {"source": 19, "target": 104, "weight": 0.005155}, {"source": 19, "target": 47, "weight": 0.009009}, {"source": 19, "target": 106, "weight": 0.008929}, {"source": 19, "target": 82, "weight": 0.006897}, {"source": 19, "target": 69, "weight": 0.031915}, {"source": 19, "target": 23, "weight": 0.013699}, {"source": 20, "target": 108, "weight": 0.005988}, {"source": 20, "target": 40, "weight": 0.005155}, {"source": 20, "target": 43, "weight": 0.005435}, {"source": 20, "target": 86, "weight": 0.029915}, {"source": 20, "target": 74, "weight": 0.017301}, {"source": 20, "target": 69, "weight": 0.016461}, {"source": 20, "target": 27, "weight": 0.018182}, {"source": 20, "target": 67, "weight": 0.007143}, {"source": 20, "target": 22, "weight": 0.027211}, {"source": 20, "target": 59, "weight": 0.07563}, {"source": 20, "target": 31, "weight": 0.00813}, {"source": 20, "target": 56, "weight": 0.006211}, {"source": 21, "target": 90, "weight": 0.012121}, {"source": 21, "target": 101, "weight": 0.008475}, {"source": 21, "target": 28, "weight": 0.013245}, {"source": 21, "target": 78, "weight": 0.150442}, {"source": 21, "target": 83, "weight": 0.010417}, {"source": 22, "target": 53, "weight": 0.15942}, {"source": 22, "target": 79, "weight": 0.006135}, {"source": 22, "target": 109, "weight": 0.006211}, {"source": 22, "target": 27, "weight": 0.015625}, {"source": 22, "target": 69, "weight": 0.021277}, {"source": 23, "target": 40, "weight": 0.007092}, {"source": 23, "target": 91, "weight": 0.009434}, {"source": 23, "target": 86, "weight": 0.005348}, {"source": 23, "target": 74, "weight": 0.066372}, {"source": 23, "target": 69, "weight": 0.005181}, {"source": 23, "target": 63, "weight": 0.004149}, {"source": 23, "target": 59, "weight": 0.046392}, {"source": 23, "target": 31, "weight": 0.010363}, {"source": 23, "target": 48, "weight": 0.034483}, {"source": 24, "target": 74, "weight": 0.005181}, {"source": 25, "target": 61, "weight": 0.027027}, {"source": 26, "target": 90, "weight": 0.00641}, {"source": 26, "target": 74, "weight": 0.012766}, {"source": 26, "target": 91, "weight": 0.009709}, {"source": 26, "target": 54, "weight": 0.047619}, {"source": 26, "target": 114, "weight": 0.012658}, {"source": 26, "target": 59, "weight": 0.015228}, {"source": 26, "target": 63, "weight": 0.012712}, {"source": 26, "target": 31, "weight": 0.066667}, {"source": 27, "target": 75, "weight": 0.492308}, {"source": 27, "target": 99, "weight": 0.006061}, {"source": 27, "target": 41, "weight": 0.004975}, {"source": 27, "target": 86, "weight": 0.006494}, {"source": 27, "target": 53, "weight": 0.102273}, {"source": 27, "target": 73, "weight": 0.020408}, {"source": 27, "target": 69, "weight": 0.025478}, {"source": 27, "target": 58, "weight": 0.010101}, {"source": 27, "target": 109, "weight": 0.028736}, {"source": 27, "target": 82, "weight": 0.018018}, {"source": 27, "target": 36, "weight": 0.014815}, {"source": 28, "target": 33, "weight": 0.008065}, {"source": 28, "target": 102, "weight": 0.010101}, {"source": 28, "target": 51, "weight": 0.006993}, {"source": 28, "target": 46, "weight": 0.02381}, {"source": 28, "target": 78, "weight": 0.008333}, {"source": 28, "target": 83, "weight": 0.005435}, {"source": 29, "target": 42, "weight": 0.009009}, {"source": 29, "target": 63, "weight": 0.003717}, {"source": 29, "target": 31, "weight": 0.032407}, {"source": 29, "target": 67, "weight": 0.008696}, {"source": 30, "target": 52, "weight": 0.24}, {"source": 30, "target": 45, "weight": 0.041096}, {"source": 30, "target": 74, "weight": 0.00495}, {"source": 31, "target": 60, "weight": 0.023438}, {"source": 31, "target": 89, "weight": 0.162963}, {"source": 31, "target": 32, "weight": 0.012346}, {"source": 31, "target": 63, "weight": 0.066421}, {"source": 31, "target": 66, "weight": 0.005682}, {"source": 31, "target": 36, "weight": 0.00463}, {"source": 31, "target": 43, "weight": 0.017045}, {"source": 31, "target": 39, "weight": 0.012097}, {"source": 31, "target": 40, "weight": 0.005319}, {"source": 31, "target": 98, "weight": 0.013245}, {"source": 31, "target": 99, "weight": 0.008197}, {"source": 31, "target": 100, "weight": 0.018519}, {"source": 31, "target": 74, "weight": 0.017668}, {"source": 31, "target": 44, "weight": 0.05814}, {"source": 31, "target": 75, "weight": 0.005682}, {"source": 31, "target": 104, "weight": 0.016807}, {"source": 31, "target": 59, "weight": 0.012146}, {"source": 31, "target": 77, "weight": 0.006711}, {"source": 31, "target": 79, "weight": 0.003846}, {"source": 31, "target": 109, "weight": 0.003876}, {"source": 31, "target": 113, "weight": 0.006024}, {"source": 31, "target": 69, "weight": 0.008368}, {"source": 32, "target": 86, "weight": 0.00641}, {"source": 32, "target": 63, "weight": 0.004762}, {"source": 32, "target": 69, "weight": 0.012422}, {"source": 33, "target": 72, "weight": 0.026316}, {"source": 33, "target": 90, "weight": 0.007246}, {"source": 33, "target": 91, "weight": 0.011765}, {"source": 33, "target": 51, "weight": 0.420455}, {"source": 33, "target": 110, "weight": 0.050847}, {"source": 34, "target": 90, "weight": 0.010638}, {"source": 34, "target": 79, "weight": 0.013605}, {"source": 34, "target": 74, "weight": 0.005714}, {"source": 35, "target": 92, "weight": 0.148515}, {"source": 35, "target": 98, "weight": 0.019048}, {"source": 35, "target": 82, "weight": 0.006849}, {"source": 35, "target": 80, "weight": 0.194805}, {"source": 35, "target": 46, "weight": 0.005747}, {"source": 35, "target": 59, "weight": 0.009901}, {"source": 35, "target": 44, "weight": 0.014925}, {"source": 36, "target": 86, "weight": 0.009615}, {"source": 36, "target": 74, "weight": 0.015444}, {"source": 36, "target": 69, "weight": 0.014085}, {"source": 36, "target": 54, "weight": 0.027273}, {"source": 36, "target": 59, "weight": 0.008969}, {"source": 36, "target": 63, "weight": 0.073171}, {"source": 36, "target": 108, "weight": 0.014815}, {"source": 37, "target": 38, "weight": 0.013158}, {"source": 37, "target": 39, "weight": 0.005208}, {"source": 37, "target": 46, "weight": 0.006173}, {"source": 37, "target": 48, "weight": 0.012821}, {"source": 37, "target": 83, "weight": 0.005714}, {"source": 38, "target": 74, "weight": 0.005556}, {"source": 38, "target": 52, "weight": 0.028986}, {"source": 38, "target": 39, "weight": 0.035971}, {"source": 38, "target": 84, "weight": 0.010638}, {"source": 39, "target": 74, "weight": 0.027682}, {"source": 39, "target": 63, "weight": 0.013605}, {"source": 39, "target": 59, "weight": 0.048583}, {"source": 39, "target": 69, "weight": 0.004016}, {"source": 40, "target": 103, "weight": 0.020548}, {"source": 40, "target": 69, "weight": 0.005348}, {"source": 40, "target": 53, "weight": 0.00813}, {"source": 40, "target": 71, "weight": 0.014815}, {"source": 40, "target": 42, "weight": 0.04}, {"source": 40, "target": 98, "weight": 0.06383}, {"source": 40, "target": 44, "weight": 0.007813}, {"source": 40, "target": 109, "weight": 0.004878}, {"source": 40, "target": 113, "weight": 0.163265}, {"source": 40, "target": 46, "weight": 0.005988}, {"source": 40, "target": 84, "weight": 0.013605}, {"source": 40, "target": 81, "weight": 0.011364}, {"source": 40, "target": 56, "weight": 0.009804}, {"source": 41, "target": 45, "weight": 0.005}, {"source": 41, "target": 90, "weight": 0.004065}, {"source": 41, "target": 86, "weight": 0.041667}, {"source": 41, "target": 74, "weight": 0.012346}, {"source": 41, "target": 88, "weight": 0.005714}, {"source": 41, "target": 94, "weight": 0.005181}, {"source": 41, "target": 59, "weight": 0.198347}, {"source": 41, "target": 69, "weight": 0.007168}, {"source": 42, "target": 86, "weight": 0.00813}, {"source": 42, "target": 102, "weight": 0.027027}, {"source": 42, "target": 103, "weight": 0.011111}, {"source": 42, "target": 113, "weight": 0.018182}, {"source": 43, "target": 68, "weight": 0.02381}, {"source": 43, "target": 99, "weight": 0.005495}, {"source": 43, "target": 74, "weight": 0.004464}, {"source": 43, "target": 87, "weight": 0.011905}, {"source": 43, "target": 52, "weight": 0.008772}, {"source": 43, "target": 104, "weight": 0.005618}, {"source": 43, "target": 63, "weight": 0.008929}, {"source": 43, "target": 83, "weight": 0.005882}, {"source": 44, "target": 90, "weight": 0.013793}, {"source": 44, "target": 91, "weight": 0.010753}, {"source": 44, "target": 114, "weight": 0.029412}, {"source": 44, "target": 63, "weight": 0.004386}, {"source": 45, "target": 47, "weight": 0.012987}, {"source": 45, "target": 59, "weight": 0.005952}, {"source": 46, "target": 72, "weight": 0.01626}, {"source": 46, "target": 90, "weight": 0.01087}, {"source": 46, "target": 51, "weight": 0.005848}, {"source": 46, "target": 110, "weight": 0.009259}, {"source": 47, "target": 86, "weight": 0.006623}, {"source": 47, "target": 54, "weight": 0.018519}, {"source": 47, "target": 63, "weight": 0.014778}, {"source": 47, "target": 59, "weight": 0.006024}, {"source": 47, "target": 69, "weight": 0.006369}, {"source": 48, "target": 84, "weight": 0.010417}, {"source": 48, "target": 90, "weight": 0.009901}, {"source": 48, "target": 77, "weight": 0.022727}, {"source": 48, "target": 106, "weight": 0.057692}, {"source": 49, "target": 62, "weight": 0.016393}, {"source": 49, "target": 114, "weight": 0.028571}, {"source": 49, "target": 91, "weight": 0.034483}, {"source": 49, "target": 71, "weight": 0.054945}, {"source": 51, "target": 72, "weight": 0.182927}, {"source": 51, "target": 90, "weight": 0.006369}, {"source": 51, "target": 91, "weight": 0.019417}, {"source": 51, "target": 110, "weight": 0.0125}, {"source": 51, "target": 61, "weight": 0.031008}, {"source": 52, "target": 74, "weight": 0.013575}, {"source": 52, "target": 63, "weight": 0.004464}, {"source": 53, "target": 90, "weight": 0.007092}, {"source": 53, "target": 86, "weight": 0.011905}, {"source": 53, "target": 91, "weight": 0.011364}, {"source": 53, "target": 114, "weight": 0.015625}, {"source": 53, "target": 59, "weight": 0.005435}, {"source": 53, "target": 63, "weight": 0.004484}, {"source": 53, "target": 69, "weight": 0.02924}, {"source": 54, "target": 79, "weight": 0.026144}, {"source": 54, "target": 63, "weight": 0.010929}, {"source": 55, "target": 104, "weight": 0.007042}, {"source": 56, "target": 86, "weight": 0.006757}, {"source": 57, "target": 102, "weight": 0.009901}, {"source": 58, "target": 67, "weight": 0.013889}, {"source": 58, "target": 59, "weight": 0.010753}, {"source": 58, "target": 63, "weight": 0.008889}, {"source": 58, "target": 69, "weight": 0.022857}, {"source": 59, "target": 84, "weight": 0.009615}, {"source": 59, "target": 85, "weight": 0.004926}, {"source": 59, "target": 86, "weight": 0.004132}, {"source": 59, "target": 89, "weight": 0.006098}, {"source": 59, "target": 62, "weight": 0.006135}, {"source": 59, "target": 71, "weight": 0.005076}, {"source": 59, "target": 90, "weight": 0.004673}, {"source": 59, "target": 100, "weight": 0.005814}, {"source": 59, "target": 74, "weight": 0.006803}, {"source": 59, "target": 103, "weight": 0.004785}, {"source": 59, "target": 106, "weight": 0.018182}, {"source": 59, "target": 104, "weight": 0.004016}, {"source": 59, "target": 109, "weight": 0.007547}, {"source": 61, "target": 72, "weight": 0.036145}, {"source": 61, "target": 63, "weight": 0.004386}, {"source": 61, "target": 74, "weight": 0.004405}, {"source": 62, "target": 69, "weight": 0.013072}, {"source": 63, "target": 85, "weight": 0.008299}, {"source": 63, "target": 86, "weight": 0.007143}, {"source": 63, "target": 89, "weight": 0.035533}, {"source": 63, "target": 66, "weight": 0.027523}, {"source": 63, "target": 99, "weight": 0.061594}, {"source": 63, "target": 74, "weight": 0.073718}, {"source": 63, "target": 75, "weight": 0.004484}, {"source": 63, "target": 104, "weight": 0.01049}, {"source": 63, "target": 106, "weight": 0.004854}, {"source": 63, "target": 109, "weight": 0.037288}, {"source": 63, "target": 79, "weight": 0.084507}, {"source": 63, "target": 69, "weight": 0.017668}, {"source": 63, "target": 82, "weight": 0.008403}, {"source": 65, "target": 107, "weight": 0.166667}, {"source": 66, "target": 74, "weight": 0.00905}, {"source": 66, "target": 108, "weight": 0.010417}, {"source": 69, "target": 86, "weight": 0.004292}, {"source": 69, "target": 94, "weight": 0.006579}, {"source": 69, "target": 99, "weight": 0.047009}, {"source": 69, "target": 100, "weight": 0.012346}, {"source": 69, "target": 73, "weight": 0.066116}, {"source": 69, "target": 74, "weight": 0.003497}, {"source": 69, "target": 75, "weight": 0.023256}, {"source": 69, "target": 104, "weight": 0.004167}, {"source": 69, "target": 79, "weight": 0.003861}, {"source": 69, "target": 113, "weight": 0.006061}, {"source": 69, "target": 109, "weight": 0.011765}, {"source": 69, "target": 82, "weight": 0.005236}, {"source": 71, "target": 72, "weight": 0.021739}, {"source": 71, "target": 90, "weight": 0.006494}, {"source": 71, "target": 111, "weight": 0.011236}, {"source": 71, "target": 105, "weight": 0.013333}, {"source": 72, "target": 110, "weight": 0.0625}, {"source": 74, "target": 86, "weight": 0.029304}, {"source": 74, "target": 89, "weight": 0.00495}, {"source": 74, "target": 99, "weight": 0.003436}, {"source": 74, "target": 90, "weight": 0.063025}, {"source": 74, "target": 104, "weight": 0.003484}, {"source": 74, "target": 106, "weight": 0.004878}, {"source": 74, "target": 79, "weight": 0.116364}, {"source": 74, "target": 111, "weight": 0.005348}, {"source": 74, "target": 109, "weight": 0.003289}, {"source": 75, "target": 86, "weight": 0.005917}, {"source": 77, "target": 86, "weight": 0.007042}, {"source": 77, "target": 87, "weight": 0.018182}, {"source": 78, "target": 103, "weight": 0.015625}, {"source": 79, "target": 90, "weight": 0.07109}, {"source": 79, "target": 86, "weight": 0.003953}, {"source": 79, "target": 111, "weight": 0.00625}, {"source": 79, "target": 103, "weight": 0.004545}, {"source": 80, "target": 92, "weight": 0.348837}, {"source": 81, "target": 98, "weight": 0.019231}, {"source": 82, "target": 91, "weight": 0.009615}, {"source": 83, "target": 90, "weight": 0.010152}, {"source": 83, "target": 94, "weight": 0.006897}, {"source": 84, "target": 90, "weight": 0.056962}, {"source": 84, "target": 86, "weight": 0.005155}, {"source": 84, "target": 111, "weight": 0.030303}, {"source": 84, "target": 102, "weight": 0.009259}, {"source": 85, "target": 86, "weight": 0.005319}, {"source": 85, "target": 91, "weight": 0.009346}, {"source": 85, "target": 103, "weight": 0.006452}, {"source": 86, "target": 96, "weight": 0.015748}, {"source": 86, "target": 100, "weight": 0.006369}, {"source": 86, "target": 102, "weight": 0.007092}, {"source": 86, "target": 104, "weight": 0.004274}, {"source": 86, "target": 109, "weight": 0.020243}, {"source": 87, "target": 104, "weight": 0.006803}, {"source": 90, "target": 91, "weight": 0.008475}, {"source": 90, "target": 98, "weight": 0.008547}, {"source": 90, "target": 103, "weight": 0.006024}, {"source": 90, "target": 111, "weight": 0.019048}, {"source": 90, "target": 114, "weight": 0.010638}, {"source": 91, "target": 114, "weight": 0.05}, {"source": 91, "target": 110, "weight": 0.135135}, {"source": 95, "target": 96, "weight": 0.038462}, {"source": 95, "target": 111, "weight": 0.03125}, {"source": 96, "target": 111, "weight": 0.125}, {"source": 100, "target": 108, "weight": 0.011905}], "multigraph": false}