{"directed": false, "graph": {}, "nodes": [{"group": 0, "id": "attest"}, {"group": 1, "id": "attorney", "degree": 2}, {"group": 2, "id": "atrocious"}, {"group": 2, "id": "attache", "degree": 4}, {"group": 0, "id": "attic", "degree": 2}, {"group": 3, "id": "attribute", "degree": 10}, {"group": 4, "id": "atony"}, {"group": 3, "id": "atmosphere", "degree": 6}, {"group": 2, "id": "atomization"}, {"group": 5, "id": "atone", "degree": 2}, {"group": 3, "id": "attitude"}, {"group": 3, "id": "attain"}, {"group": 4, "id": "attrition"}, {"group": 2, "id": "atonal", "degree": 4}, {"group": 5, "id": "attributable", "degree": 0}, {"group": 1, "id": "attract"}, {"group": 6, "id": "atoll", "degree": 0}, {"group": 7, "id": "atman"}, {"group": 2, "id": "attar"}, {"group": 1, "id": "attendance", "degree": 4}, {"group": 8, "id": "athletic", "degree": 0}, {"group": 3, "id": "attach"}, {"group": 2, "id": "attenuated"}, {"group": 1, "id": "attraction"}, {"group": 3, "id": "attack", "degree": 17}, {"group": 3, "id": "attachment"}, {"group": 4, "id": "attire", "degree": 4}, {"group": 1, "id": "atlas"}, {"group": 2, "id": "attractive", "degree": 5}, {"group": 7, "id": "atheistic"}, {"group": 0, "id": "attend", "degree": 15}, {"group": 2, "id": "attracted", "degree": 1}, {"group": 3, "id": "attainment", "degree": 4}, {"group": 4, "id": "atherosclerosis", "degree": 1}, {"group": 2, "id": "atomizer"}, {"group": 3, "id": "athwart", "degree": 1}, {"group": 1, "id": "attending", "degree": 3}, {"group": 7, "id": "atomism", "degree": 0}, {"group": 2, "id": "atom", "degree": 4}, {"group": 4, "id": "atrophy", "degree": 11}, {"group": 1, "id": "attendant"}, {"group": 2, "id": "attentive"}, {"group": 2, "id": "attuned"}, {"group": 3, "id": "attempt"}, {"group": 4, "id": "ataraxy", "degree": 1}, {"group": 5, "id": "atonement"}, {"group": 5, "id": "attested", "degree": 5}, {"group": 2, "id": "attenuate", "degree": 10}, {"group": 7, "id": "atheism", "degree": 4}, {"group": 0, "id": "attestation", "degree": 4}, {"group": 0, "id": "atelier"}, {"group": 0, "id": "attention"}, {"group": 5, "id": "attune"}, {"group": 7, "id": "atavism", "degree": 4}, {"group": 0, "id": "athletics"}, {"group": 4, "id": "atrocity", "degree": 8}, {"group": 2, "id": "atomize", "degree": 8}, {"group": 0, "id": "athlete"}, {"group": 2, "id": "atomic", "degree": 2}], "links": [{"source": 0, "target": 30, "weight": 0.020833}, {"source": 0, "target": 46, "weight": 0.00813}, {"source": 0, "target": 49, "weight": 0.036364}, {"source": 0, "target": 24, "weight": 0.003559}, {"source": 0, "target": 5, "weight": 0.006711}, {"source": 0, "target": 56, "weight": 0.022222}, {"source": 1, "target": 40, "weight": 0.05}, {"source": 1, "target": 38, "weight": 0.00813}, {"source": 2, "target": 38, "weight": 0.006897}, {"source": 2, "target": 13, "weight": 0.008929}, {"source": 2, "target": 24, "weight": 0.004831}, {"source": 2, "target": 55, "weight": 0.009464}, {"source": 2, "target": 3, "weight": 0.004219}, {"source": 3, "target": 13, "weight": 0.021277}, {"source": 3, "target": 41, "weight": 0.008065}, {"source": 3, "target": 49, "weight": 0.014493}, {"source": 4, "target": 50, "weight": 0.027778}, {"source": 4, "target": 55, "weight": 0.006329}, {"source": 5, "target": 38, "weight": 0.006289}, {"source": 5, "target": 7, "weight": 0.027397}, {"source": 5, "target": 30, "weight": 0.006757}, {"source": 5, "target": 22, "weight": 0.005682}, {"source": 5, "target": 47, "weight": 0.006944}, {"source": 5, "target": 51, "weight": 0.007937}, {"source": 5, "target": 10, "weight": 0.016}, {"source": 5, "target": 21, "weight": 0.062016}, {"source": 5, "target": 24, "weight": 0.007092}, {"source": 5, "target": 25, "weight": 0.022989}, {"source": 5, "target": 27, "weight": 0.009091}, {"source": 5, "target": 39, "weight": 0.006211}, {"source": 5, "target": 12, "weight": 0.012987}, {"source": 5, "target": 55, "weight": 0.005348}, {"source": 5, "target": 56, "weight": 0.005405}, {"source": 6, "target": 39, "weight": 0.020833}, {"source": 6, "target": 44, "weight": 0.031746}, {"source": 7, "target": 17, "weight": 0.022472}, {"source": 7, "target": 43, "weight": 0.008065}, {"source": 7, "target": 30, "weight": 0.006849}, {"source": 7, "target": 51, "weight": 0.008065}, {"source": 7, "target": 10, "weight": 0.01626}, {"source": 7, "target": 52, "weight": 0.009009}, {"source": 7, "target": 35, "weight": 0.010638}, {"source": 7, "target": 49, "weight": 0.00885}, {"source": 7, "target": 24, "weight": 0.029197}, {"source": 7, "target": 38, "weight": 0.006369}, {"source": 7, "target": 39, "weight": 0.006289}, {"source": 7, "target": 40, "weight": 0.004975}, {"source": 8, "target": 13, "weight": 0.013514}, {"source": 8, "target": 56, "weight": 0.018293}, {"source": 8, "target": 26, "weight": 0.009346}, {"source": 9, "target": 45, "weight": 0.047619}, {"source": 9, "target": 52, "weight": 0.175439}, {"source": 10, "target": 30, "weight": 0.024793}, {"source": 10, "target": 32, "weight": 0.013158}, {"source": 10, "target": 24, "weight": 0.015686}, {"source": 10, "target": 53, "weight": 0.013699}, {"source": 10, "target": 46, "weight": 0.01}, {"source": 11, "target": 32, "weight": 0.057692}, {"source": 11, "target": 24, "weight": 0.008511}, {"source": 11, "target": 30, "weight": 0.02}, {"source": 12, "target": 47, "weight": 0.013605}, {"source": 12, "target": 26, "weight": 0.015504}, {"source": 12, "target": 39, "weight": 0.031056}, {"source": 12, "target": 13, "weight": 0.010309}, {"source": 12, "target": 55, "weight": 0.010526}, {"source": 13, "target": 41, "weight": 0.008929}, {"source": 14, "target": 46, "weight": 0.015625}, {"source": 15, "target": 19, "weight": 0.031746}, {"source": 17, "target": 53, "weight": 0.025641}, {"source": 17, "target": 30, "weight": 0.011236}, {"source": 17, "target": 38, "weight": 0.01}, {"source": 18, "target": 56, "weight": 0.008264}, {"source": 19, "target": 36, "weight": 0.039216}, {"source": 19, "target": 40, "weight": 0.085106}, {"source": 19, "target": 23, "weight": 0.017544}, {"source": 21, "target": 47, "weight": 0.007752}, {"source": 21, "target": 46, "weight": 0.018349}, {"source": 21, "target": 24, "weight": 0.003731}, {"source": 21, "target": 26, "weight": 0.009009}, {"source": 22, "target": 47, "weight": 0.069182}, {"source": 22, "target": 55, "weight": 0.004717}, {"source": 22, "target": 58, "weight": 0.014493}, {"source": 22, "target": 28, "weight": 0.010989}, {"source": 23, "target": 28, "weight": 0.008696}, {"source": 24, "target": 33, "weight": 0.013575}, {"source": 24, "target": 32, "weight": 0.004292}, {"source": 24, "target": 47, "weight": 0.003623}, {"source": 24, "target": 51, "weight": 0.003876}, {"source": 24, "target": 26, "weight": 0.011719}, {"source": 24, "target": 50, "weight": 0.004274}, {"source": 24, "target": 52, "weight": 0.004082}, {"source": 24, "target": 39, "weight": 0.017301}, {"source": 24, "target": 43, "weight": 0.040161}, {"source": 24, "target": 54, "weight": 0.004525}, {"source": 24, "target": 55, "weight": 0.012658}, {"source": 24, "target": 56, "weight": 0.006329}, {"source": 24, "target": 57, "weight": 0.008772}, {"source": 24, "target": 25, "weight": 0.006494}, {"source": 25, "target": 30, "weight": 0.005747}, {"source": 25, "target": 49, "weight": 0.007092}, {"source": 25, "target": 32, "weight": 0.024}, {"source": 25, "target": 36, "weight": 0.015625}, {"source": 25, "target": 39, "weight": 0.005348}, {"source": 26, "target": 52, "weight": 0.011364}, {"source": 27, "target": 36, "weight": 0.016129}, {"source": 28, "target": 42, "weight": 0.019048}, {"source": 28, "target": 32, "weight": 0.009259}, {"source": 28, "target": 41, "weight": 0.028902}, {"source": 29, "target": 48, "weight": 0.026316}, {"source": 30, "target": 57, "weight": 0.021505}, {"source": 30, "target": 51, "weight": 0.059829}, {"source": 30, "target": 49, "weight": 0.018018}, {"source": 30, "target": 50, "weight": 0.010101}, {"source": 30, "target": 53, "weight": 0.010526}, {"source": 30, "target": 54, "weight": 0.011628}, {"source": 30, "target": 56, "weight": 0.005495}, {"source": 30, "target": 40, "weight": 0.030769}, {"source": 31, "target": 41, "weight": 0.009709}, {"source": 32, "target": 43, "weight": 0.013158}, {"source": 33, "target": 39, "weight": 0.030303}, {"source": 33, "target": 43, "weight": 0.015152}, {"source": 34, "target": 56, "weight": 0.007874}, {"source": 36, "target": 40, "weight": 0.209302}, {"source": 37, "target": 48, "weight": 0.038462}, {"source": 38, "target": 47, "weight": 0.006579}, {"source": 38, "target": 58, "weight": 0.008197}, {"source": 38, "target": 40, "weight": 0.004739}, {"source": 38, "target": 56, "weight": 0.010417}, {"source": 39, "target": 47, "weight": 0.019737}, {"source": 39, "target": 52, "weight": 0.00813}, {"source": 39, "target": 55, "weight": 0.005076}, {"source": 39, "target": 56, "weight": 0.005128}, {"source": 41, "target": 47, "weight": 0.006135}, {"source": 44, "target": 55, "weight": 0.006098}, {"source": 45, "target": 53, "weight": 0.016949}, {"source": 46, "target": 52, "weight": 0.023256}, {"source": 47, "target": 58, "weight": 0.018868}, {"source": 47, "target": 55, "weight": 0.005556}, {"source": 47, "target": 56, "weight": 0.022857}, {"source": 48, "target": 53, "weight": 0.025641}, {"source": 48, "target": 55, "weight": 0.007813}, {"source": 49, "target": 51, "weight": 0.011111}, {"source": 51, "target": 53, "weight": 0.013699}, {"source": 51, "target": 55, "weight": 0.006173}, {"source": 51, "target": 56, "weight": 0.00625}, {"source": 53, "target": 55, "weight": 0.007463}], "multigraph": false}