{"directed": false, "graph": {}, "nodes": [{"group": 0, "id": "authorize"}, {"group": 1, "id": "autochthonous"}, {"group": 2, "id": "automatism", "degree": 2}, {"group": 0, "id": "augury"}, {"group": 1, "id": "authority", "degree": 17}, {"group": 3, "id": "auburn"}, {"group": 6, "id": "authentic", "degree": 15}, {"group": 3, "id": "audacity", "degree": 2}, {"group": 4, "id": "autosuggestion", "degree": 0}, {"group": 1, "id": "authenticity", "degree": 0}, {"group": 2, "id": "auricular", "degree": 5}, {"group": 2, "id": "autism"}, {"group": 1, "id": "auspices", "degree": 4}, {"group": 1, "id": "autobiography"}, {"group": 5, "id": "autonomy", "degree": 5}, {"group": 0, "id": "authenticate", "degree": 8}, {"group": 6, "id": "authenticated"}, {"group": 7, "id": "ausgespielt", "degree": 0}, {"group": 1, "id": "author", "degree": 6}, {"group": 6, "id": "authoritative"}, {"group": 8, "id": "auger", "degree": 0}, {"group": 5, "id": "autarchy"}, {"group": 9, "id": "autocrat", "degree": 0}, {"group": 1, "id": "autoeroticism"}, {"group": 6, "id": "autarchic"}, {"group": 6, "id": "authorized", "degree": 12}, {"group": 6, "id": "autocratic"}, {"group": 1, "id": "authorization", "degree": 4}, {"group": 0, "id": "auditor"}, {"group": 6, "id": "authoritarian"}, {"group": 6, "id": "august"}, {"group": 10, "id": "auto"}, {"group": 3, "id": "audacious", "degree": 5}, {"group": 1, "id": "autodidactic", "degree": 2}, {"group": 1, "id": "augur"}, {"group": 2, "id": "audition", "degree": 3}, {"group": 3, "id": "autistic"}, {"group": 0, "id": "augmentation", "degree": 3}, {"group": 11, "id": "aureole", "degree": 3}, {"group": 6, "id": "automated", "degree": 2}, {"group": 1, "id": "authorship", "degree": 2}, {"group": 1, "id": "austerity", "degree": 5}, {"group": 0, "id": "autopsy", "degree": 2}, {"group": 1, "id": "autograph"}, {"group": 0, "id": "audit", "degree": 4}, {"group": 6, "id": "austere"}, {"group": 0, "id": "auxiliary"}, {"group": 0, "id": "augment"}, {"group": 6, "id": "auspicious", "degree": 2}, {"group": 2, "id": "audience"}, {"group": 1, "id": "aunt", "degree": 1}, {"group": 11, "id": "aura", "degree": 3}, {"group": 10, "id": "automobile", "degree": 1}, {"group": 1, "id": "auteur", "degree": 0}, {"group": 6, "id": "autonomous", "degree": 9}, {"group": 6, "id": "automatic"}, {"group": 2, "id": "audible"}, {"group": 11, "id": "auditorium"}], "links": [{"source": 0, "target": 44, "weight": 0.02381}, {"source": 0, "target": 15, "weight": 0.25}, {"source": 0, "target": 18, "weight": 0.011628}, {"source": 0, "target": 4, "weight": 0.018127}, {"source": 0, "target": 25, "weight": 0.007813}, {"source": 0, "target": 6, "weight": 0.005495}, {"source": 0, "target": 27, "weight": 0.04142}, {"source": 0, "target": 12, "weight": 0.009524}, {"source": 1, "target": 15, "weight": 0.011494}, {"source": 1, "target": 33, "weight": 0.028571}, {"source": 1, "target": 40, "weight": 0.015152}, {"source": 1, "target": 54, "weight": 0.009259}, {"source": 1, "target": 41, "weight": 0.011494}, {"source": 1, "target": 6, "weight": 0.00625}, {"source": 2, "target": 35, "weight": 0.025641}, {"source": 2, "target": 11, "weight": 0.014493}, {"source": 3, "target": 15, "weight": 0.017544}, {"source": 4, "target": 9, "weight": 0.013746}, {"source": 4, "target": 11, "weight": 0.003145}, {"source": 4, "target": 12, "weight": 0.044521}, {"source": 4, "target": 13, "weight": 0.003484}, {"source": 4, "target": 14, "weight": 0.003509}, {"source": 4, "target": 15, "weight": 0.006515}, {"source": 4, "target": 18, "weight": 0.019126}, {"source": 4, "target": 19, "weight": 0.020316}, {"source": 4, "target": 6, "weight": 0.002625}, {"source": 4, "target": 21, "weight": 0.003509}, {"source": 4, "target": 23, "weight": 0.003521}, {"source": 4, "target": 25, "weight": 0.003058}, {"source": 4, "target": 26, "weight": 0.002882}, {"source": 4, "target": 27, "weight": 0.254181}, {"source": 4, "target": 51, "weight": 0.006579}, {"source": 4, "target": 29, "weight": 0.002584}, {"source": 4, "target": 33, "weight": 0.003425}, {"source": 4, "target": 41, "weight": 0.009804}, {"source": 4, "target": 42, "weight": 0.003509}, {"source": 4, "target": 43, "weight": 0.006309}, {"source": 4, "target": 45, "weight": 0.002674}, {"source": 4, "target": 46, "weight": 0.002994}, {"source": 4, "target": 49, "weight": 0.009317}, {"source": 4, "target": 28, "weight": 0.006135}, {"source": 4, "target": 34, "weight": 0.003356}, {"source": 5, "target": 32, "weight": 0.015873}, {"source": 6, "target": 45, "weight": 0.03271}, {"source": 6, "target": 46, "weight": 0.016854}, {"source": 6, "target": 35, "weight": 0.007463}, {"source": 6, "target": 19, "weight": 0.141762}, {"source": 6, "target": 48, "weight": 0.016667}, {"source": 6, "target": 25, "weight": 0.054545}, {"source": 6, "target": 29, "weight": 0.026316}, {"source": 6, "target": 16, "weight": 0.072368}, {"source": 6, "target": 54, "weight": 0.011494}, {"source": 6, "target": 26, "weight": 0.031915}, {"source": 6, "target": 55, "weight": 0.004808}, {"source": 6, "target": 43, "weight": 0.006098}, {"source": 6, "target": 30, "weight": 0.006135}, {"source": 7, "target": 19, "weight": 0.004762}, {"source": 7, "target": 32, "weight": 0.012821}, {"source": 9, "target": 41, "weight": 0.014925}, {"source": 10, "target": 35, "weight": 0.034483}, {"source": 10, "target": 49, "weight": 0.015385}, {"source": 10, "target": 16, "weight": 0.017544}, {"source": 10, "target": 25, "weight": 0.014706}, {"source": 10, "target": 56, "weight": 0.1875}, {"source": 11, "target": 14, "weight": 0.014706}, {"source": 11, "target": 12, "weight": 0.011494}, {"source": 12, "target": 41, "weight": 0.026316}, {"source": 12, "target": 27, "weight": 0.058824}, {"source": 13, "target": 27, "weight": 0.007937}, {"source": 14, "target": 21, "weight": 0.714286}, {"source": 14, "target": 54, "weight": 0.012658}, {"source": 14, "target": 27, "weight": 0.008065}, {"source": 15, "target": 44, "weight": 0.074074}, {"source": 15, "target": 46, "weight": 0.009346}, {"source": 15, "target": 47, "weight": 0.03125}, {"source": 15, "target": 27, "weight": 0.027778}, {"source": 15, "target": 43, "weight": 0.033708}, {"source": 16, "target": 25, "weight": 0.009259}, {"source": 18, "target": 46, "weight": 0.005848}, {"source": 18, "target": 19, "weight": 0.003472}, {"source": 18, "target": 53, "weight": 0.008772}, {"source": 18, "target": 50, "weight": 0.016949}, {"source": 18, "target": 43, "weight": 0.006452}, {"source": 19, "target": 32, "weight": 0.004255}, {"source": 19, "target": 33, "weight": 0.014563}, {"source": 19, "target": 48, "weight": 0.028455}, {"source": 19, "target": 25, "weight": 0.21393}, {"source": 19, "target": 54, "weight": 0.042373}, {"source": 21, "target": 27, "weight": 0.008065}, {"source": 24, "target": 54, "weight": 0.109375}, {"source": 24, "target": 25, "weight": 0.029851}, {"source": 25, "target": 26, "weight": 0.359223}, {"source": 25, "target": 45, "weight": 0.006024}, {"source": 25, "target": 30, "weight": 0.018519}, {"source": 25, "target": 48, "weight": 0.007813}, {"source": 25, "target": 29, "weight": 0.258741}, {"source": 25, "target": 54, "weight": 0.06087}, {"source": 26, "target": 54, "weight": 0.245614}, {"source": 26, "target": 32, "weight": 0.007634}, {"source": 27, "target": 37, "weight": 0.008403}, {"source": 27, "target": 51, "weight": 0.006944}, {"source": 27, "target": 41, "weight": 0.013699}, {"source": 27, "target": 43, "weight": 0.039474}, {"source": 28, "target": 35, "weight": 0.0125}, {"source": 28, "target": 42, "weight": 0.012987}, {"source": 29, "target": 54, "weight": 0.174194}, {"source": 29, "target": 32, "weight": 0.005848}, {"source": 30, "target": 48, "weight": 0.053097}, {"source": 30, "target": 54, "weight": 0.009009}, {"source": 31, "target": 52, "weight": 0.684211}, {"source": 31, "target": 38, "weight": 0.020833}, {"source": 32, "target": 36, "weight": 0.013986}, {"source": 35, "target": 44, "weight": 0.027027}, {"source": 35, "target": 49, "weight": 0.098592}, {"source": 35, "target": 56, "weight": 0.033333}, {"source": 36, "target": 54, "weight": 0.006494}, {"source": 37, "target": 46, "weight": 0.012658}, {"source": 37, "target": 47, "weight": 0.028986}, {"source": 38, "target": 51, "weight": 0.112903}, {"source": 38, "target": 57, "weight": 0.022727}, {"source": 39, "target": 54, "weight": 0.015625}, {"source": 39, "target": 55, "weight": 0.020833}, {"source": 40, "target": 43, "weight": 0.028986}, {"source": 42, "target": 44, "weight": 0.129032}, {"source": 45, "target": 54, "weight": 0.005952}, {"source": 51, "target": 57, "weight": 0.021053}, {"source": 54, "target": 55, "weight": 0.012903}], "multigraph": false}