{"directed": false, "graph": {}, "nodes": [{"group": 0, "id": "available", "degree": 0}, {"group": 4, "id": "avidly", "degree": 0}, {"group": 0, "id": "avid", "degree": 2}, {"group": 1, "id": "avoidance"}, {"group": 2, "id": "avowal"}, {"group": 1, "id": "avoid", "degree": 3}, {"group": 3, "id": "avarice"}, {"group": 2, "id": "aver"}, {"group": 1, "id": "avail"}, {"group": 3, "id": "avidity", "degree": 2}, {"group": 0, "id": "avaricious", "degree": 4}, {"group": 2, "id": "avow", "degree": 4}, {"group": 1, "id": "avatar", "degree": 3}, {"group": 6, "id": "averse", "degree": 0}, {"group": 2, "id": "avouch", "degree": 3}, {"group": 1, "id": "average"}, {"group": 5, "id": "avalanche", "degree": 0}, {"group": 1, "id": "avenue"}, {"group": 1, "id": "availability", "degree": 2}, {"group": 1, "id": "avert", "degree": 2}], "links": [{"source": 0, "target": 2, "weight": 0.01087}, {"source": 2, "target": 9, "weight": 0.013158}, {"source": 2, "target": 10, "weight": 0.423729}, {"source": 2, "target": 6, "weight": 0.015152}, {"source": 3, "target": 5, "weight": 0.122449}, {"source": 4, "target": 14, "weight": 0.058824}, {"source": 4, "target": 11, "weight": 0.055556}, {"source": 4, "target": 12, "weight": 0.011494}, {"source": 5, "target": 15, "weight": 0.008475}, {"source": 5, "target": 17, "weight": 0.008403}, {"source": 5, "target": 19, "weight": 0.075758}, {"source": 6, "target": 9, "weight": 0.2}, {"source": 6, "target": 10, "weight": 0.018519}, {"source": 7, "target": 14, "weight": 0.7}, {"source": 7, "target": 11, "weight": 0.636364}, {"source": 8, "target": 14, "weight": 0.009901}, {"source": 8, "target": 11, "weight": 0.009434}, {"source": 8, "target": 19, "weight": 0.021739}, {"source": 8, "target": 18, "weight": 0.014493}, {"source": 9, "target": 10, "weight": 0.015625}, {"source": 10, "target": 17, "weight": 0.008197}, {"source": 11, "target": 14, "weight": 0.616667}, {"source": 12, "target": 17, "weight": 0.007692}, {"source": 12, "target": 18, "weight": 0.017544}, {"source": 17, "target": 18, "weight": 0.01}], "multigraph": false}