{"directed": false, "graph": {}, "nodes": [{"group": 0, "id": "awestruck"}, {"group": 1, "id": "awash", "degree": 1}, {"group": 1, "id": "awkward", "degree": 1}, {"group": 1, "id": "away", "degree": 1}, {"group": 1, "id": "await", "degree": 0}, {"group": 1, "id": "aware", "degree": 2}, {"group": 1, "id": "awake", "degree": 2}, {"group": 1, "id": "awfully"}, {"group": 1, "id": "awry"}, {"group": 1, "id": "awful"}, {"group": 1, "id": "awe"}, {"group": 1, "id": "awaken", "degree": 0}, {"group": 1, "id": "awesome", "degree": 5}], "links": [{"source": 0, "target": 1, "weight": 0.013333}, {"source": 0, "target": 12, "weight": 0.006289}, {"source": 0, "target": 5, "weight": 0.020408}, {"source": 2, "target": 12, "weight": 0.010309}, {"source": 2, "target": 8, "weight": 0.006494}, {"source": 3, "target": 8, "weight": 0.027778}, {"source": 5, "target": 9, "weight": 0.004975}, {"source": 5, "target": 6, "weight": 0.082353}, {"source": 6, "target": 11, "weight": 0.393443}, {"source": 7, "target": 12, "weight": 0.025478}, {"source": 9, "target": 12, "weight": 0.259615}, {"source": 10, "target": 12, "weight": 0.005525}], "multigraph": false}