{"directed": false, "graph": {}, "nodes": [{"group": 0, "id": "bibulous", "degree": 4}, {"group": 0, "id": "bigoted", "degree": 8}, {"group": 0, "id": "birthplace"}, {"group": 0, "id": "bibliography"}, {"group": 1, "id": "bike"}, {"group": 2, "id": "bipartisan"}, {"group": 0, "id": "bin", "degree": 7}, {"group": 0, "id": "biddy"}, {"group": 3, "id": "big"}, {"group": 0, "id": "bid"}, {"group": 0, "id": "birth"}, {"group": 0, "id": "bit", "degree": 21}, {"group": 0, "id": "biceps"}, {"group": 0, "id": "bisect", "degree": 11}, {"group": 0, "id": "bishopric", "degree": 5}, {"group": 4, "id": "bigotry", "degree": 2}, {"group": 0, "id": "bison", "degree": 5}, {"group": 2, "id": "bicuspid"}, {"group": 0, "id": "bifurcation"}, {"group": 1, "id": "bicycle", "degree": 3}, {"group": 0, "id": "birthmark"}, {"group": 5, "id": "biannual", "degree": 4}, {"group": 0, "id": "bitterness", "degree": 17}, {"group": 0, "id": "bickering"}, {"group": 0, "id": "bicorn", "degree": 1}, {"group": 2, "id": "bicameral", "degree": 7}, {"group": 6, "id": "bibliophile", "degree": 2}, {"group": 0, "id": "bird"}, {"group": 7, "id": "bisque", "degree": 5}, {"group": 0, "id": "bistro", "degree": 2}, {"group": 8, "id": "biology"}, {"group": 0, "id": "binder", "degree": 6}, {"group": 2, "id": "binomial", "degree": 5}, {"group": 5, "id": "biweekly"}, {"group": 0, "id": "biggety"}, {"group": 0, "id": "biosphere", "degree": 0}, {"group": 7, "id": "biscuit", "degree": 4}, {"group": 5, "id": "bicentennial"}, {"group": 5, "id": "biennial", "degree": 4}, {"group": 9, "id": "biting", "degree": 12}, {"group": 0, "id": "binge", "degree": 2}, {"group": 0, "id": "biorhythm", "degree": 1}, {"group": 0, "id": "bitch"}, {"group": 9, "id": "bizarre"}, {"group": 0, "id": "bijou"}, {"group": 0, "id": "bingo"}, {"group": 9, "id": "bicolored", "degree": 2}, {"group": 0, "id": "bite", "degree": 24}, {"group": 3, "id": "bitterly", "degree": 1}, {"group": 0, "id": "biased", "degree": 7}, {"group": 9, "id": "bitter", "degree": 10}, {"group": 8, "id": "bionics", "degree": 4}, {"group": 0, "id": "billet"}, {"group": 0, "id": "bilge"}, {"group": 9, "id": "bitchy"}, {"group": 0, "id": "bight", "degree": 11}, {"group": 0, "id": "bidding"}, {"group": 10, "id": "billed", "degree": 0}, {"group": 0, "id": "bile"}, {"group": 0, "id": "bill", "degree": 20}, {"group": 0, "id": "bilk"}, {"group": 11, "id": "bipartisanship", "degree": 0}, {"group": 0, "id": "birdcall", "degree": 5}, {"group": 3, "id": "bighearted", "degree": 3}, {"group": 2, "id": "biped"}, {"group": 0, "id": "biochemical", "degree": 2}, {"group": 0, "id": "bide"}, {"group": 0, "id": "bibelot"}, {"group": 0, "id": "bivouac", "degree": 6}, {"group": 0, "id": "birthright", "degree": 3}, {"group": 0, "id": "bicker", "degree": 7}, {"group": 2, "id": "bisexual", "degree": 11}, {"group": 8, "id": "bionomics", "degree": 6}, {"group": 0, "id": "bidet"}, {"group": 0, "id": "binding"}, {"group": 3, "id": "bilabial"}, {"group": 0, "id": "bias", "degree": 31}, {"group": 9, "id": "bickerer", "degree": 4}, {"group": 0, "id": "bigwig", "degree": 6}, {"group": 2, "id": "bishop", "degree": 3}, {"group": 5, "id": "biography", "degree": 1}, {"group": 0, "id": "binary"}, {"group": 0, "id": "bigot"}, {"group": 9, "id": "bilious", "degree": 5}, {"group": 8, "id": "biochemistry"}, {"group": 0, "id": "billionaire", "degree": 1}, {"group": 0, "id": "biff", "degree": 14}, {"group": 0, "id": "billowy"}, {"group": 8, "id": "biophysics"}, {"group": 5, "id": "birthday"}, {"group": 0, "id": "billow", "degree": 13}, {"group": 6, "id": "bibliographer"}, {"group": 4, "id": "bibliolatry"}, {"group": 2, "id": "bilateral"}, {"group": 0, "id": "bind"}, {"group": 2, "id": "bipartite"}], "links": [{"source": 0, "target": 8, "weight": 0.008065}, {"source": 0, "target": 43, "weight": 0.011236}, {"source": 0, "target": 1, "weight": 0.032258}, {"source": 0, "target": 50, "weight": 0.005525}, {"source": 1, "target": 49, "weight": 0.042373}, {"source": 1, "target": 83, "weight": 0.010309}, {"source": 1, "target": 8, "weight": 0.005882}, {"source": 1, "target": 74, "weight": 0.006173}, {"source": 1, "target": 82, "weight": 0.020833}, {"source": 1, "target": 75, "weight": 0.006803}, {"source": 1, "target": 23, "weight": 0.006369}, {"source": 1, "target": 76, "weight": 0.003906}, {"source": 1, "target": 11, "weight": 0.002915}, {"source": 1, "target": 54, "weight": 0.007752}, {"source": 1, "target": 50, "weight": 0.004405}, {"source": 1, "target": 95, "weight": 0.009804}, {"source": 1, "target": 43, "weight": 0.007407}, {"source": 2, "target": 68, "weight": 0.030303}, {"source": 3, "target": 69, "weight": 0.015625}, {"source": 3, "target": 11, "weight": 0.003236}, {"source": 3, "target": 76, "weight": 0.00905}, {"source": 3, "target": 59, "weight": 0.004926}, {"source": 4, "target": 47, "weight": 0.004367}, {"source": 4, "target": 19, "weight": 0.882353}, {"source": 5, "target": 49, "weight": 0.015625}, {"source": 5, "target": 13, "weight": 0.019231}, {"source": 5, "target": 71, "weight": 0.02439}, {"source": 5, "target": 76, "weight": 0.005051}, {"source": 5, "target": 25, "weight": 0.047619}, {"source": 5, "target": 32, "weight": 0.058824}, {"source": 6, "target": 74, "weight": 0.007353}, {"source": 6, "target": 47, "weight": 0.007782}, {"source": 6, "target": 60, "weight": 0.01}, {"source": 6, "target": 55, "weight": 0.01087}, {"source": 6, "target": 33, "weight": 0.013333}, {"source": 6, "target": 52, "weight": 0.005917}, {"source": 6, "target": 66, "weight": 0.011494}, {"source": 7, "target": 86, "weight": 0.008}, {"source": 7, "target": 71, "weight": 0.010638}, {"source": 7, "target": 40, "weight": 0.01087}, {"source": 7, "target": 76, "weight": 0.003984}, {"source": 7, "target": 16, "weight": 0.036585}, {"source": 7, "target": 90, "weight": 0.009709}, {"source": 7, "target": 11, "weight": 0.002959}, {"source": 8, "target": 48, "weight": 0.007813}, {"source": 8, "target": 63, "weight": 0.170732}, {"source": 8, "target": 16, "weight": 0.008475}, {"source": 8, "target": 78, "weight": 0.008065}, {"source": 8, "target": 11, "weight": 0.002688}, {"source": 9, "target": 68, "weight": 0.009901}, {"source": 9, "target": 46, "weight": 0.011236}, {"source": 9, "target": 86, "weight": 0.030534}, {"source": 9, "target": 47, "weight": 0.01049}, {"source": 9, "target": 59, "weight": 0.025424}, {"source": 9, "target": 62, "weight": 0.034884}, {"source": 9, "target": 76, "weight": 0.007722}, {"source": 9, "target": 11, "weight": 0.008696}, {"source": 9, "target": 40, "weight": 0.009901}, {"source": 10, "target": 69, "weight": 0.02521}, {"source": 10, "target": 51, "weight": 0.009091}, {"source": 10, "target": 13, "weight": 0.007519}, {"source": 10, "target": 47, "weight": 0.009836}, {"source": 10, "target": 72, "weight": 0.008929}, {"source": 10, "target": 41, "weight": 0.009524}, {"source": 10, "target": 76, "weight": 0.01083}, {"source": 10, "target": 78, "weight": 0.008475}, {"source": 10, "target": 11, "weight": 0.008242}, {"source": 10, "target": 14, "weight": 0.013158}, {"source": 10, "target": 28, "weight": 0.008065}, {"source": 11, "target": 68, "weight": 0.003344}, {"source": 11, "target": 69, "weight": 0.003333}, {"source": 11, "target": 59, "weight": 0.018519}, {"source": 11, "target": 70, "weight": 0.008982}, {"source": 11, "target": 39, "weight": 0.002532}, {"source": 11, "target": 20, "weight": 0.035503}, {"source": 11, "target": 75, "weight": 0.008646}, {"source": 11, "target": 23, "weight": 0.002786}, {"source": 11, "target": 76, "weight": 0.02}, {"source": 11, "target": 42, "weight": 0.005013}, {"source": 11, "target": 78, "weight": 0.006757}, {"source": 11, "target": 79, "weight": 0.003322}, {"source": 11, "target": 44, "weight": 0.006757}, {"source": 11, "target": 82, "weight": 0.003344}, {"source": 11, "target": 47, "weight": 0.111872}, {"source": 11, "target": 50, "weight": 0.002331}, {"source": 11, "target": 27, "weight": 0.003145}, {"source": 11, "target": 28, "weight": 0.0033}, {"source": 11, "target": 86, "weight": 0.018349}, {"source": 11, "target": 53, "weight": 0.008287}, {"source": 11, "target": 31, "weight": 0.003145}, {"source": 11, "target": 55, "weight": 0.003125}, {"source": 11, "target": 90, "weight": 0.003226}, {"source": 11, "target": 73, "weight": 0.00339}, {"source": 11, "target": 13, "weight": 0.009677}, {"source": 11, "target": 94, "weight": 0.034965}, {"source": 11, "target": 14, "weight": 0.003012}, {"source": 11, "target": 15, "weight": 0.003175}, {"source": 11, "target": 60, "weight": 0.003049}, {"source": 11, "target": 22, "weight": 0.008621}, {"source": 11, "target": 18, "weight": 0.003165}, {"source": 11, "target": 38, "weight": 0.003236}, {"source": 11, "target": 65, "weight": 0.006826}, {"source": 11, "target": 66, "weight": 0.009585}, {"source": 11, "target": 52, "weight": 0.007595}, {"source": 11, "target": 67, "weight": 0.130909}, {"source": 12, "target": 55, "weight": 0.04}, {"source": 13, "target": 81, "weight": 0.019608}, {"source": 13, "target": 86, "weight": 0.020408}, {"source": 13, "target": 93, "weight": 0.015625}, {"source": 13, "target": 60, "weight": 0.010526}, {"source": 13, "target": 47, "weight": 0.011952}, {"source": 13, "target": 18, "weight": 0.012048}, {"source": 13, "target": 76, "weight": 0.008929}, {"source": 13, "target": 20, "weight": 0.035398}, {"source": 13, "target": 55, "weight": 0.011494}, {"source": 13, "target": 90, "weight": 0.012987}, {"source": 13, "target": 40, "weight": 0.015152}, {"source": 13, "target": 73, "weight": 0.016129}, {"source": 13, "target": 95, "weight": 0.014085}, {"source": 14, "target": 37, "weight": 0.013514}, {"source": 14, "target": 47, "weight": 0.003663}, {"source": 14, "target": 52, "weight": 0.005435}, {"source": 15, "target": 76, "weight": 0.004386}, {"source": 15, "target": 92, "weight": 0.089286}, {"source": 16, "target": 82, "weight": 0.022222}, {"source": 16, "target": 53, "weight": 0.009091}, {"source": 16, "target": 42, "weight": 0.027972}, {"source": 17, "target": 71, "weight": 0.081633}, {"source": 17, "target": 25, "weight": 0.137931}, {"source": 17, "target": 50, "weight": 0.005556}, {"source": 17, "target": 32, "weight": 0.16}, {"source": 18, "target": 47, "weight": 0.003891}, {"source": 18, "target": 59, "weight": 0.009569}, {"source": 18, "target": 76, "weight": 0.040724}, {"source": 18, "target": 22, "weight": 0.008264}, {"source": 18, "target": 55, "weight": 0.393939}, {"source": 19, "target": 94, "weight": 0.005376}, {"source": 19, "target": 47, "weight": 0.004367}, {"source": 19, "target": 82, "weight": 0.02381}, {"source": 20, "target": 86, "weight": 0.022388}, {"source": 20, "target": 70, "weight": 0.007143}, {"source": 20, "target": 47, "weight": 0.021053}, {"source": 20, "target": 59, "weight": 0.016667}, {"source": 20, "target": 76, "weight": 0.015444}, {"source": 20, "target": 22, "weight": 0.006494}, {"source": 20, "target": 55, "weight": 0.008065}, {"source": 21, "target": 37, "weight": 0.09375}, {"source": 21, "target": 33, "weight": 0.59375}, {"source": 21, "target": 89, "weight": 0.115385}, {"source": 21, "target": 38, "weight": 0.5}, {"source": 22, "target": 58, "weight": 0.152174}, {"source": 22, "target": 59, "weight": 0.004098}, {"source": 22, "target": 70, "weight": 0.007092}, {"source": 22, "target": 60, "weight": 0.007519}, {"source": 22, "target": 47, "weight": 0.110266}, {"source": 22, "target": 76, "weight": 0.007634}, {"source": 22, "target": 88, "weight": 0.009346}, {"source": 22, "target": 23, "weight": 0.006098}, {"source": 22, "target": 55, "weight": 0.008}, {"source": 22, "target": 94, "weight": 0.004032}, {"source": 22, "target": 53, "weight": 0.005917}, {"source": 22, "target": 39, "weight": 0.005}, {"source": 22, "target": 50, "weight": 0.004274}, {"source": 22, "target": 65, "weight": 0.020408}, {"source": 23, "target": 49, "weight": 0.007246}, {"source": 23, "target": 70, "weight": 0.055944}, {"source": 23, "target": 76, "weight": 0.003676}, {"source": 23, "target": 77, "weight": 0.008403}, {"source": 23, "target": 50, "weight": 0.008264}, {"source": 24, "target": 52, "weight": 0.007692}, {"source": 25, "target": 93, "weight": 0.030303}, {"source": 25, "target": 71, "weight": 0.117647}, {"source": 25, "target": 32, "weight": 0.4}, {"source": 25, "target": 64, "weight": 0.137931}, {"source": 25, "target": 95, "weight": 0.108108}, {"source": 26, "target": 47, "weight": 0.004444}, {"source": 26, "target": 91, "weight": 0.285714}, {"source": 27, "target": 76, "weight": 0.004329}, {"source": 27, "target": 59, "weight": 0.004717}, {"source": 28, "target": 94, "weight": 0.004975}, {"source": 28, "target": 47, "weight": 0.004098}, {"source": 28, "target": 36, "weight": 0.439024}, {"source": 29, "target": 94, "weight": 0.004975}, {"source": 29, "target": 52, "weight": 0.006452}, {"source": 30, "target": 72, "weight": 0.615385}, {"source": 30, "target": 51, "weight": 0.666667}, {"source": 31, "target": 68, "weight": 0.013889}, {"source": 31, "target": 94, "weight": 0.018779}, {"source": 31, "target": 74, "weight": 0.053435}, {"source": 31, "target": 76, "weight": 0.004329}, {"source": 31, "target": 90, "weight": 0.012048}, {"source": 32, "target": 93, "weight": 0.034483}, {"source": 32, "target": 71, "weight": 0.133333}, {"source": 32, "target": 64, "weight": 0.16}, {"source": 32, "target": 95, "weight": 0.121212}, {"source": 33, "target": 38, "weight": 0.387755}, {"source": 33, "target": 80, "weight": 0.040816}, {"source": 34, "target": 39, "weight": 0.006757}, {"source": 34, "target": 70, "weight": 0.011236}, {"source": 35, "target": 90, "weight": 0.019608}, {"source": 36, "target": 94, "weight": 0.010152}, {"source": 36, "target": 47, "weight": 0.004149}, {"source": 36, "target": 59, "weight": 0.005155}, {"source": 36, "target": 60, "weight": 0.012048}, {"source": 36, "target": 66, "weight": 0.014286}, {"source": 36, "target": 52, "weight": 0.006579}, {"source": 37, "target": 38, "weight": 0.181818}, {"source": 38, "target": 89, "weight": 0.210526}, {"source": 38, "target": 39, "weight": 0.006289}, {"source": 38, "target": 50, "weight": 0.005181}, {"source": 39, "target": 58, "weight": 0.006667}, {"source": 39, "target": 83, "weight": 0.013514}, {"source": 39, "target": 47, "weight": 0.00597}, {"source": 39, "target": 74, "weight": 0.004673}, {"source": 39, "target": 75, "weight": 0.010101}, {"source": 39, "target": 42, "weight": 0.004}, {"source": 39, "target": 56, "weight": 0.006803}, {"source": 39, "target": 65, "weight": 0.006944}, {"source": 39, "target": 50, "weight": 0.327014}, {"source": 39, "target": 43, "weight": 0.027322}, {"source": 39, "target": 77, "weight": 0.006452}, {"source": 40, "target": 86, "weight": 0.011628}, {"source": 42, "target": 86, "weight": 0.005348}, {"source": 42, "target": 70, "weight": 0.010526}, {"source": 42, "target": 47, "weight": 0.00885}, {"source": 42, "target": 59, "weight": 0.003401}, {"source": 42, "target": 62, "weight": 0.014286}, {"source": 42, "target": 50, "weight": 0.003521}, {"source": 43, "target": 46, "weight": 0.012658}, {"source": 43, "target": 71, "weight": 0.010753}, {"source": 45, "target": 76, "weight": 0.005076}, {"source": 47, "target": 69, "weight": 0.008333}, {"source": 47, "target": 59, "weight": 0.016}, {"source": 47, "target": 70, "weight": 0.00361}, {"source": 47, "target": 76, "weight": 0.012658}, {"source": 47, "target": 78, "weight": 0.004202}, {"source": 47, "target": 79, "weight": 0.004132}, {"source": 47, "target": 50, "weight": 0.00542}, {"source": 47, "target": 52, "weight": 0.008929}, {"source": 47, "target": 86, "weight": 0.022388}, {"source": 47, "target": 53, "weight": 0.003279}, {"source": 47, "target": 65, "weight": 0.004255}, {"source": 47, "target": 55, "weight": 0.007692}, {"source": 47, "target": 90, "weight": 0.003984}, {"source": 47, "target": 58, "weight": 0.025424}, {"source": 47, "target": 94, "weight": 0.023936}, {"source": 47, "target": 60, "weight": 0.015038}, {"source": 47, "target": 66, "weight": 0.007843}, {"source": 47, "target": 67, "weight": 0.008}, {"source": 49, "target": 82, "weight": 0.039474}, {"source": 49, "target": 83, "weight": 0.012821}, {"source": 49, "target": 71, "weight": 0.0125}, {"source": 49, "target": 60, "weight": 0.009346}, {"source": 49, "target": 75, "weight": 0.007813}, {"source": 49, "target": 76, "weight": 0.122642}, {"source": 49, "target": 50, "weight": 0.004808}, {"source": 50, "target": 86, "weight": 0.00463}, {"source": 50, "target": 83, "weight": 0.045455}, {"source": 50, "target": 59, "weight": 0.003096}, {"source": 50, "target": 75, "weight": 0.004292}, {"source": 50, "target": 77, "weight": 0.010638}, {"source": 50, "target": 58, "weight": 0.005435}, {"source": 50, "target": 54, "weight": 0.048544}, {"source": 50, "target": 65, "weight": 0.005618}, {"source": 51, "target": 84, "weight": 0.888889}, {"source": 51, "target": 72, "weight": 0.8}, {"source": 51, "target": 88, "weight": 0.516129}, {"source": 52, "target": 86, "weight": 0.005435}, {"source": 52, "target": 59, "weight": 0.010381}, {"source": 52, "target": 55, "weight": 0.017647}, {"source": 52, "target": 62, "weight": 0.007246}, {"source": 52, "target": 68, "weight": 0.006623}, {"source": 52, "target": 76, "weight": 0.006472}, {"source": 52, "target": 78, "weight": 0.013514}, {"source": 53, "target": 86, "weight": 0.013333}, {"source": 53, "target": 70, "weight": 0.006452}, {"source": 53, "target": 59, "weight": 0.003876}, {"source": 53, "target": 76, "weight": 0.00361}, {"source": 53, "target": 90, "weight": 0.007752}, {"source": 54, "target": 83, "weight": 0.011765}, {"source": 55, "target": 59, "weight": 0.00939}, {"source": 55, "target": 94, "weight": 0.018605}, {"source": 55, "target": 74, "weight": 0.007194}, {"source": 55, "target": 76, "weight": 0.04}, {"source": 55, "target": 86, "weight": 0.009346}, {"source": 56, "target": 59, "weight": 0.015873}, {"source": 56, "target": 62, "weight": 0.054054}, {"source": 58, "target": 65, "weight": 0.041667}, {"source": 59, "target": 69, "weight": 0.015625}, {"source": 59, "target": 70, "weight": 0.004348}, {"source": 59, "target": 73, "weight": 0.010638}, {"source": 59, "target": 74, "weight": 0.007782}, {"source": 59, "target": 75, "weight": 0.012448}, {"source": 59, "target": 76, "weight": 0.008571}, {"source": 59, "target": 79, "weight": 0.005128}, {"source": 59, "target": 90, "weight": 0.004902}, {"source": 59, "target": 94, "weight": 0.005952}, {"source": 59, "target": 62, "weight": 0.016854}, {"source": 59, "target": 63, "weight": 0.004762}, {"source": 60, "target": 86, "weight": 0.008696}, {"source": 60, "target": 70, "weight": 0.025641}, {"source": 60, "target": 76, "weight": 0.008333}, {"source": 60, "target": 90, "weight": 0.010753}, {"source": 60, "target": 79, "weight": 0.011905}, {"source": 63, "target": 75, "weight": 0.016807}, {"source": 64, "target": 71, "weight": 0.081633}, {"source": 64, "target": 79, "weight": 0.019231}, {"source": 65, "target": 72, "weight": 0.025}, {"source": 66, "target": 68, "weight": 0.014493}, {"source": 66, "target": 86, "weight": 0.009804}, {"source": 67, "target": 86, "weight": 0.020833}, {"source": 68, "target": 94, "weight": 0.010204}, {"source": 68, "target": 76, "weight": 0.004717}, {"source": 69, "target": 76, "weight": 0.004695}, {"source": 69, "target": 78, "weight": 0.019231}, {"source": 70, "target": 71, "weight": 0.01087}, {"source": 70, "target": 76, "weight": 0.004016}, {"source": 70, "target": 90, "weight": 0.009901}, {"source": 71, "target": 93, "weight": 0.018868}, {"source": 71, "target": 95, "weight": 0.070175}, {"source": 71, "target": 79, "weight": 0.017544}, {"source": 72, "target": 84, "weight": 0.8}, {"source": 72, "target": 88, "weight": 0.484848}, {"source": 73, "target": 76, "weight": 0.004808}, {"source": 75, "target": 76, "weight": 0.003817}, {"source": 75, "target": 90, "weight": 0.008772}, {"source": 76, "target": 81, "weight": 0.005076}, {"source": 76, "target": 87, "weight": 0.004717}, {"source": 76, "target": 90, "weight": 0.004484}, {"source": 76, "target": 93, "weight": 0.004762}, {"source": 76, "target": 94, "weight": 0.008475}, {"source": 76, "target": 95, "weight": 0.004608}, {"source": 77, "target": 79, "weight": 0.016393}, {"source": 78, "target": 85, "weight": 0.032258}, {"source": 78, "target": 79, "weight": 0.018868}, {"source": 82, "target": 90, "weight": 0.015625}, {"source": 86, "target": 94, "weight": 0.008734}, {"source": 86, "target": 90, "weight": 0.031579}], "multigraph": false}