{"directed": false, "graph": {}, "nodes": [{"group": 0, "id": "bluejacket", "degree": 13}, {"group": 1, "id": "blintz"}, {"group": 2, "id": "blistery", "degree": 5}, {"group": 3, "id": "blockhouse", "degree": 5}, {"group": 4, "id": "blended"}, {"group": 5, "id": "blare", "degree": 27}, {"group": 6, "id": "blocked", "degree": 14}, {"group": 5, "id": "blow"}, {"group": 7, "id": "blot", "degree": 24}, {"group": 6, "id": "blighter"}, {"group": 1, "id": "blobby", "degree": 10}, {"group": 0, "id": "bludgeon"}, {"group": 4, "id": "blighted", "degree": 9}, {"group": 8, "id": "blatant", "degree": 13}, {"group": 7, "id": "black"}, {"group": 9, "id": "blob", "degree": 14}, {"group": 0, "id": "blowpipe", "degree": 5}, {"group": 1, "id": "blandish", "degree": 8}, {"group": 1, "id": "bliss"}, {"group": 2, "id": "blistering"}, {"group": 5, "id": "blowout"}, {"group": 1, "id": "blanket", "degree": 34}, {"group": 3, "id": "blinking"}, {"group": 10, "id": "bloodlust", "degree": 0}, {"group": 1, "id": "blockade", "degree": 33}, {"group": 3, "id": "blackjack"}, {"group": 1, "id": "bleach"}, {"group": 5, "id": "blast"}, {"group": 2, "id": "blistered"}, {"group": 7, "id": "blemish", "degree": 35}, {"group": 1, "id": "blindfolded"}, {"group": 6, "id": "blanched"}, {"group": 10, "id": "bloodline"}, {"group": 2, "id": "blazing", "degree": 15}, {"group": 1, "id": "bless", "degree": 23}, {"group": 4, "id": "blockheaded", "degree": 3}, {"group": 0, "id": "blowhard", "degree": 8}, {"group": 10, "id": "bloodmobile"}, {"group": 0, "id": "blacktop"}, {"group": 6, "id": "blankminded", "degree": 21}, {"group": 1, "id": "blotto"}, {"group": 1, "id": "blackout", "degree": 18}, {"group": 7, "id": "blasphemy"}, {"group": 7, "id": "blackball"}, {"group": 5, "id": "blitz"}, {"group": 4, "id": "blithesome"}, {"group": 1, "id": "blurred", "degree": 26}, {"group": 7, "id": "blaspheme", "degree": 16}, {"group": 9, "id": "bleb", "degree": 33}, {"group": 6, "id": "blues", "degree": 7}, {"group": 10, "id": "bloodletting"}, {"group": 4, "id": "blue"}, {"group": 11, "id": "blackleg", "degree": 8}, {"group": 11, "id": "blurt"}, {"group": 1, "id": "blitzkrieg"}, {"group": 7, "id": "blur", "degree": 44}, {"group": 6, "id": "blithering"}, {"group": 5, "id": "blubber"}, {"group": 4, "id": "blowzy", "degree": 35}, {"group": 1, "id": "blurb", "degree": 18}, {"group": 4, "id": "blubbery"}, {"group": 3, "id": "blinker"}, {"group": 8, "id": "blaring"}, {"group": 1, "id": "bloke"}, {"group": 6, "id": "blunted", "degree": 11}, {"group": 1, "id": "blandishment", "degree": 7}, {"group": 7, "id": "blackmail"}, {"group": 11, "id": "blooper"}, {"group": 7, "id": "blame"}, {"group": 4, "id": "blockish", "degree": 9}, {"group": 1, "id": "bleaching", "degree": 9}, {"group": 7, "id": "bleed"}, {"group": 4, "id": "blasted", "degree": 13}, {"group": 10, "id": "blinders"}, {"group": 9, "id": "blister"}, {"group": 8, "id": "blasty", "degree": 7}, {"group": 7, "id": "blotch", "degree": 27}, {"group": 0, "id": "blimp"}, {"group": 4, "id": "blithe", "degree": 15}, {"group": 5, "id": "blush", "degree": 21}, {"group": 6, "id": "bluster"}, {"group": 11, "id": "blabber"}, {"group": 1, "id": "block", "degree": 42}, {"group": 0, "id": "blowgun", "degree": 3}, {"group": 1, "id": "blind"}, {"group": 0, "id": "blowtorch"}, {"group": 5, "id": "blizzard", "degree": 14}, {"group": 4, "id": "blown"}, {"group": 4, "id": "blessed", "degree": 12}, {"group": 7, "id": "bloody"}, {"group": 8, "id": "blowy", "degree": 4}, {"group": 3, "id": "blench"}, {"group": 6, "id": "blank", "degree": 37}, {"group": 6, "id": "bland"}, {"group": 4, "id": "blamed"}, {"group": 3, "id": "blink", "degree": 32}, {"group": 5, "id": "blossom"}, {"group": 0, "id": "blower", "degree": 6}, {"group": 6, "id": "blahs", "degree": 3}, {"group": 4, "id": "blunderheaded"}, {"group": 7, "id": "blackdamp", "degree": 13}, {"group": 7, "id": "blaze"}, {"group": 6, "id": "blueprint"}, {"group": 11, "id": "blather", "degree": 20}, {"group": 5, "id": "blazon"}, {"group": 11, "id": "blabbermouth"}, {"group": 1, "id": "blessing", "degree": 13}, {"group": 9, "id": "bladder"}, {"group": 7, "id": "blacklist", "degree": 6}, {"group": 1, "id": "blatancy", "degree": 11}, {"group": 10, "id": "blindness", "degree": 2}, {"group": 6, "id": "blameless", "degree": 10}, {"group": 1, "id": "blindfold", "degree": 13}, {"group": 8, "id": "blustering", "degree": 22}, {"group": 5, "id": "bloat"}, {"group": 4, "id": "bloated"}, {"group": 3, "id": "blade"}, {"group": 2, "id": "blebby", "degree": 6}, {"group": 4, "id": "blemished", "degree": 15}, {"group": 4, "id": "blooming", "degree": 5}, {"group": 1, "id": "blarney"}, {"group": 10, "id": "bloodshed", "degree": 11}, {"group": 4, "id": "blotchy"}, {"group": 7, "id": "blips"}, {"group": 5, "id": "blat"}, {"group": 9, "id": "bloc"}, {"group": 6, "id": "blah", "degree": 35}, {"group": 12, "id": "blond", "degree": 0}, {"group": 6, "id": "bloodless"}, {"group": 11, "id": "blab"}, {"group": 4, "id": "blissful", "degree": 20}, {"group": 5, "id": "blanch"}, {"group": 3, "id": "blowhole", "degree": 17}, {"group": 5, "id": "blockbuster", "degree": 16}, {"group": 13, "id": "blockhead", "degree": 2}, {"group": 7, "id": "bloodstain", "degree": 17}, {"group": 4, "id": "blasphemous", "degree": 7}, {"group": 3, "id": "bleachers", "degree": 4}, {"group": 10, "id": "bloodbath", "degree": 10}, {"group": 13, "id": "blunderhead"}, {"group": 7, "id": "blight", "degree": 45}, {"group": 1, "id": "bleary"}, {"group": 9, "id": "blackhead", "degree": 19}, {"group": 8, "id": "blinding"}, {"group": 6, "id": "blunt", "degree": 34}, {"group": 6, "id": "blase", "degree": 23}, {"group": 5, "id": "bleat", "degree": 16}, {"group": 4, "id": "blameworthy"}, {"group": 7, "id": "blotter"}, {"group": 8, "id": "blasting", "degree": 9}, {"group": 7, "id": "blacken", "degree": 41}, {"group": 4, "id": "blocky"}, {"group": 10, "id": "blood"}, {"group": 6, "id": "bluff", "degree": 50}, {"group": 5, "id": "bloom", "degree": 38}, {"group": 4, "id": "bloodthirsty"}, {"group": 6, "id": "bleak"}, {"group": 10, "id": "bloodstream", "degree": 6}, {"group": 5, "id": "blooping"}, {"group": 6, "id": "bleached"}, {"group": 11, "id": "blunder", "degree": 15}, {"group": 7, "id": "bloodsucker", "degree": 6}, {"group": 1, "id": "blend"}, {"group": 5, "id": "blowup"}], "links": [{"source": 0, "target": 51, "weight": 0.006993}, {"source": 0, "target": 7, "weight": 0.002976}, {"source": 0, "target": 107, "weight": 0.018868}, {"source": 0, "target": 67, "weight": 0.02381}, {"source": 0, "target": 97, "weight": 0.029412}, {"source": 0, "target": 78, "weight": 0.015873}, {"source": 0, "target": 36, "weight": 0.033333}, {"source": 0, "target": 45, "weight": 0.016949}, {"source": 0, "target": 38, "weight": 0.022727}, {"source": 0, "target": 129, "weight": 0.012048}, {"source": 0, "target": 144, "weight": 0.004762}, {"source": 0, "target": 82, "weight": 0.003788}, {"source": 0, "target": 15, "weight": 0.011364}, {"source": 1, "target": 34, "weight": 0.011628}, {"source": 1, "target": 103, "weight": 0.013699}, {"source": 1, "target": 59, "weight": 0.02439}, {"source": 2, "target": 19, "weight": 0.25}, {"source": 2, "target": 22, "weight": 0.020408}, {"source": 2, "target": 88, "weight": 0.015625}, {"source": 2, "target": 117, "weight": 0.846154}, {"source": 2, "target": 78, "weight": 0.019608}, {"source": 2, "target": 33, "weight": 0.018182}, {"source": 2, "target": 45, "weight": 0.021277}, {"source": 2, "target": 130, "weight": 0.014706}, {"source": 2, "target": 28, "weight": 0.578947}, {"source": 3, "target": 7, "weight": 0.002959}, {"source": 3, "target": 29, "weight": 0.004525}, {"source": 3, "target": 96, "weight": 0.014925}, {"source": 3, "target": 137, "weight": 0.02381}, {"source": 3, "target": 34, "weight": 0.010417}, {"source": 3, "target": 24, "weight": 0.005682}, {"source": 4, "target": 82, "weight": 0.003436}, {"source": 4, "target": 130, "weight": 0.009346}, {"source": 4, "target": 76, "weight": 0.006098}, {"source": 4, "target": 21, "weight": 0.013333}, {"source": 4, "target": 118, "weight": 0.016807}, {"source": 5, "target": 84, "weight": 0.015244}, {"source": 5, "target": 86, "weight": 0.013423}, {"source": 5, "target": 146, "weight": 0.25}, {"source": 5, "target": 158, "weight": 0.02027}, {"source": 5, "target": 44, "weight": 0.005714}, {"source": 5, "target": 124, "weight": 0.815385}, {"source": 5, "target": 89, "weight": 0.011407}, {"source": 5, "target": 126, "weight": 0.003861}, {"source": 5, "target": 47, "weight": 0.007299}, {"source": 5, "target": 48, "weight": 0.004255}, {"source": 5, "target": 49, "weight": 0.013514}, {"source": 5, "target": 133, "weight": 0.007246}, {"source": 5, "target": 131, "weight": 0.004926}, {"source": 5, "target": 129, "weight": 0.016304}, {"source": 5, "target": 62, "weight": 0.006579}, {"source": 5, "target": 96, "weight": 0.018072}, {"source": 5, "target": 14, "weight": 0.00365}, {"source": 5, "target": 101, "weight": 0.079872}, {"source": 5, "target": 7, "weight": 0.075795}, {"source": 5, "target": 140, "weight": 0.003861}, {"source": 5, "target": 57, "weight": 0.305085}, {"source": 5, "target": 142, "weight": 0.006061}, {"source": 5, "target": 59, "weight": 0.013245}, {"source": 5, "target": 103, "weight": 0.005435}, {"source": 5, "target": 147, "weight": 0.004587}, {"source": 5, "target": 61, "weight": 0.006849}, {"source": 5, "target": 104, "weight": 0.042735}, {"source": 5, "target": 20, "weight": 0.023392}, {"source": 5, "target": 149, "weight": 0.007092}, {"source": 5, "target": 66, "weight": 0.005263}, {"source": 5, "target": 24, "weight": 0.00361}, {"source": 5, "target": 8, "weight": 0.003937}, {"source": 5, "target": 109, "weight": 0.014184}, {"source": 5, "target": 27, "weight": 0.114865}, {"source": 5, "target": 154, "weight": 0.043902}, {"source": 5, "target": 112, "weight": 0.007194}, {"source": 5, "target": 156, "weight": 0.004505}, {"source": 5, "target": 74, "weight": 0.011407}, {"source": 5, "target": 29, "weight": 0.015723}, {"source": 5, "target": 114, "weight": 0.005348}, {"source": 5, "target": 76, "weight": 0.012605}, {"source": 5, "target": 81, "weight": 0.014634}, {"source": 5, "target": 34, "weight": 0.010204}, {"source": 5, "target": 53, "weight": 0.02}, {"source": 5, "target": 79, "weight": 0.013699}, {"source": 5, "target": 80, "weight": 0.024}, {"source": 5, "target": 163, "weight": 0.017857}, {"source": 6, "target": 84, "weight": 0.008475}, {"source": 6, "target": 51, "weight": 0.006623}, {"source": 6, "target": 147, "weight": 0.00813}, {"source": 6, "target": 126, "weight": 0.006098}, {"source": 6, "target": 136, "weight": 0.016667}, {"source": 6, "target": 145, "weight": 0.022222}, {"source": 6, "target": 116, "weight": 0.008929}, {"source": 6, "target": 115, "weight": 0.032051}, {"source": 6, "target": 24, "weight": 0.01105}, {"source": 6, "target": 14, "weight": 0.005587}, {"source": 6, "target": 82, "weight": 0.003676}, {"source": 6, "target": 92, "weight": 0.026455}, {"source": 6, "target": 56, "weight": 0.071429}, {"source": 6, "target": 39, "weight": 0.014085}, {"source": 6, "target": 144, "weight": 0.004587}, {"source": 6, "target": 58, "weight": 0.008547}, {"source": 6, "target": 128, "weight": 0.006369}, {"source": 7, "target": 86, "weight": 0.027439}, {"source": 7, "target": 92, "weight": 0.006356}, {"source": 7, "target": 46, "weight": 0.002532}, {"source": 7, "target": 126, "weight": 0.004505}, {"source": 7, "target": 47, "weight": 0.003096}, {"source": 7, "target": 48, "weight": 0.019324}, {"source": 7, "target": 130, "weight": 0.00271}, {"source": 7, "target": 133, "weight": 0.038339}, {"source": 7, "target": 100, "weight": 0.018634}, {"source": 7, "target": 95, "weight": 0.002725}, {"source": 7, "target": 132, "weight": 0.005587}, {"source": 7, "target": 8, "weight": 0.009153}, {"source": 7, "target": 97, "weight": 0.003096}, {"source": 7, "target": 138, "weight": 0.005882}, {"source": 7, "target": 15, "weight": 0.008}, {"source": 7, "target": 55, "weight": 0.002564}, {"source": 7, "target": 140, "weight": 0.020595}, {"source": 7, "target": 142, "weight": 0.005714}, {"source": 7, "target": 17, "weight": 0.008499}, {"source": 7, "target": 144, "weight": 0.006036}, {"source": 7, "target": 59, "weight": 0.002959}, {"source": 7, "target": 103, "weight": 0.00542}, {"source": 7, "target": 106, "weight": 0.005168}, {"source": 7, "target": 145, "weight": 0.004796}, {"source": 7, "target": 150, "weight": 0.002625}, {"source": 7, "target": 24, "weight": 0.004329}, {"source": 7, "target": 153, "weight": 0.018484}, {"source": 7, "target": 109, "weight": 0.003049}, {"source": 7, "target": 111, "weight": 0.002762}, {"source": 7, "target": 154, "weight": 0.04712}, {"source": 7, "target": 29, "weight": 0.03666}, {"source": 7, "target": 76, "weight": 0.014252}, {"source": 7, "target": 160, "weight": 0.030055}, {"source": 7, "target": 34, "weight": 0.005236}, {"source": 7, "target": 36, "weight": 0.003135}, {"source": 7, "target": 146, "weight": 0.017391}, {"source": 7, "target": 39, "weight": 0.002841}, {"source": 7, "target": 79, "weight": 0.006024}, {"source": 7, "target": 82, "weight": 0.010949}, {"source": 7, "target": 41, "weight": 0.002841}, {"source": 8, "target": 84, "weight": 0.012121}, {"source": 8, "target": 123, "weight": 0.014706}, {"source": 8, "target": 92, "weight": 0.00346}, {"source": 8, "target": 95, "weight": 0.01105}, {"source": 8, "target": 126, "weight": 0.003846}, {"source": 8, "target": 47, "weight": 0.007246}, {"source": 8, "target": 48, "weight": 0.017167}, {"source": 8, "target": 100, "weight": 0.014184}, {"source": 8, "target": 128, "weight": 0.003953}, {"source": 8, "target": 131, "weight": 0.035354}, {"source": 8, "target": 27, "weight": 0.015337}, {"source": 8, "target": 135, "weight": 0.184615}, {"source": 8, "target": 11, "weight": 0.006452}, {"source": 8, "target": 71, "weight": 0.009346}, {"source": 8, "target": 14, "weight": 0.022222}, {"source": 8, "target": 101, "weight": 0.069401}, {"source": 8, "target": 55, "weight": 0.256098}, {"source": 8, "target": 140, "weight": 0.019531}, {"source": 8, "target": 142, "weight": 0.018293}, {"source": 8, "target": 51, "weight": 0.004049}, {"source": 8, "target": 66, "weight": 0.010526}, {"source": 8, "target": 43, "weight": 0.005682}, {"source": 8, "target": 104, "weight": 0.00823}, {"source": 8, "target": 148, "weight": 0.006173}, {"source": 8, "target": 21, "weight": 0.004386}, {"source": 8, "target": 150, "weight": 0.254777}, {"source": 8, "target": 107, "weight": 0.006369}, {"source": 8, "target": 124, "weight": 0.004237}, {"source": 8, "target": 108, "weight": 0.006803}, {"source": 8, "target": 24, "weight": 0.01087}, {"source": 8, "target": 152, "weight": 0.009174}, {"source": 8, "target": 26, "weight": 0.024845}, {"source": 8, "target": 89, "weight": 0.019084}, {"source": 8, "target": 154, "weight": 0.018957}, {"source": 8, "target": 112, "weight": 0.007143}, {"source": 8, "target": 74, "weight": 0.038911}, {"source": 8, "target": 68, "weight": 0.016484}, {"source": 8, "target": 29, "weight": 0.140845}, {"source": 8, "target": 80, "weight": 0.007843}, {"source": 8, "target": 76, "weight": 0.21}, {"source": 8, "target": 160, "weight": 0.015873}, {"source": 8, "target": 161, "weight": 0.007092}, {"source": 8, "target": 79, "weight": 0.006757}, {"source": 8, "target": 162, "weight": 0.004202}, {"source": 8, "target": 82, "weight": 0.010959}, {"source": 8, "target": 41, "weight": 0.012048}, {"source": 9, "target": 140, "weight": 0.013158}, {"source": 9, "target": 126, "weight": 0.006536}, {"source": 9, "target": 92, "weight": 0.005495}, {"source": 10, "target": 84, "weight": 0.04898}, {"source": 10, "target": 46, "weight": 0.595238}, {"source": 10, "target": 126, "weight": 0.005464}, {"source": 10, "target": 92, "weight": 0.009479}, {"source": 10, "target": 93, "weight": 0.07874}, {"source": 10, "target": 128, "weight": 0.005682}, {"source": 10, "target": 51, "weight": 0.005882}, {"source": 10, "target": 14, "weight": 0.005051}, {"source": 10, "target": 55, "weight": 0.007813}, {"source": 10, "target": 141, "weight": 0.21875}, {"source": 10, "target": 143, "weight": 0.012346}, {"source": 10, "target": 144, "weight": 0.004219}, {"source": 10, "target": 58, "weight": 0.014815}, {"source": 10, "target": 21, "weight": 0.020134}, {"source": 10, "target": 150, "weight": 0.008403}, {"source": 10, "target": 153, "weight": 0.003472}, {"source": 10, "target": 112, "weight": 0.015873}, {"source": 10, "target": 113, "weight": 0.018018}, {"source": 10, "target": 115, "weight": 0.005587}, {"source": 10, "target": 159, "weight": 0.020833}, {"source": 10, "target": 118, "weight": 0.025424}, {"source": 10, "target": 82, "weight": 0.003436}, {"source": 11, "target": 95, "weight": 0.012195}, {"source": 11, "target": 108, "weight": 0.021277}, {"source": 11, "target": 24, "weight": 0.005618}, {"source": 11, "target": 36, "weight": 0.029412}, {"source": 11, "target": 153, "weight": 0.019157}, {"source": 11, "target": 55, "weight": 0.009524}, {"source": 11, "target": 140, "weight": 0.018987}, {"source": 11, "target": 97, "weight": 0.026316}, {"source": 12, "target": 122, "weight": 0.012658}, {"source": 12, "target": 51, "weight": 0.005952}, {"source": 12, "target": 87, "weight": 0.241935}, {"source": 12, "target": 136, "weight": 0.012987}, {"source": 12, "target": 31, "weight": 0.013158}, {"source": 12, "target": 145, "weight": 0.013072}, {"source": 12, "target": 88, "weight": 0.02}, {"source": 12, "target": 94, "weight": 0.03125}, {"source": 12, "target": 14, "weight": 0.005102}, {"source": 12, "target": 156, "weight": 0.006944}, {"source": 12, "target": 118, "weight": 0.017094}, {"source": 12, "target": 115, "weight": 0.00565}, {"source": 12, "target": 58, "weight": 0.015038}, {"source": 12, "target": 72, "weight": 0.821429}, {"source": 13, "target": 51, "weight": 0.010929}, {"source": 13, "target": 90, "weight": 0.013158}, {"source": 13, "target": 147, "weight": 0.019481}, {"source": 13, "target": 75, "weight": 0.013158}, {"source": 13, "target": 104, "weight": 0.005525}, {"source": 13, "target": 149, "weight": 0.012658}, {"source": 13, "target": 116, "weight": 0.006897}, {"source": 13, "target": 158, "weight": 0.011364}, {"source": 13, "target": 33, "weight": 0.028302}, {"source": 13, "target": 95, "weight": 0.008403}, {"source": 13, "target": 62, "weight": 0.166667}, {"source": 13, "target": 14, "weight": 0.009479}, {"source": 13, "target": 22, "weight": 0.009804}, {"source": 13, "target": 153, "weight": 0.006645}, {"source": 13, "target": 128, "weight": 0.005263}, {"source": 13, "target": 143, "weight": 0.116279}, {"source": 13, "target": 113, "weight": 0.114035}, {"source": 14, "target": 46, "weight": 0.008734}, {"source": 14, "target": 126, "weight": 0.010791}, {"source": 14, "target": 92, "weight": 0.013072}, {"source": 14, "target": 49, "weight": 0.005882}, {"source": 14, "target": 100, "weight": 0.006173}, {"source": 14, "target": 135, "weight": 0.011628}, {"source": 14, "target": 136, "weight": 0.011429}, {"source": 14, "target": 55, "weight": 0.022624}, {"source": 14, "target": 140, "weight": 0.018116}, {"source": 14, "target": 144, "weight": 0.002994}, {"source": 14, "target": 145, "weight": 0.007937}, {"source": 14, "target": 146, "weight": 0.005405}, {"source": 14, "target": 21, "weight": 0.004032}, {"source": 14, "target": 150, "weight": 0.028436}, {"source": 14, "target": 24, "weight": 0.003356}, {"source": 14, "target": 153, "weight": 0.002597}, {"source": 14, "target": 112, "weight": 0.00625}, {"source": 14, "target": 72, "weight": 0.005}, {"source": 14, "target": 113, "weight": 0.02439}, {"source": 14, "target": 76, "weight": 0.023438}, {"source": 14, "target": 33, "weight": 0.005236}, {"source": 14, "target": 58, "weight": 0.012987}, {"source": 14, "target": 118, "weight": 0.009259}, {"source": 14, "target": 39, "weight": 0.005348}, {"source": 14, "target": 82, "weight": 0.005168}, {"source": 15, "target": 84, "weight": 0.003704}, {"source": 15, "target": 89, "weight": 0.004926}, {"source": 15, "target": 126, "weight": 0.005076}, {"source": 15, "target": 48, "weight": 0.438017}, {"source": 15, "target": 132, "weight": 0.009009}, {"source": 15, "target": 125, "weight": 0.010989}, {"source": 15, "target": 101, "weight": 0.01845}, {"source": 15, "target": 57, "weight": 0.005952}, {"source": 15, "target": 142, "weight": 0.083333}, {"source": 15, "target": 20, "weight": 0.008929}, {"source": 15, "target": 107, "weight": 0.266667}, {"source": 15, "target": 152, "weight": 0.003759}, {"source": 15, "target": 27, "weight": 0.007519}, {"source": 15, "target": 74, "weight": 0.350993}, {"source": 15, "target": 29, "weight": 0.019531}, {"source": 15, "target": 114, "weight": 0.008}, {"source": 15, "target": 76, "weight": 0.017045}, {"source": 15, "target": 77, "weight": 0.026316}, {"source": 15, "target": 80, "weight": 0.005181}, {"source": 15, "target": 82, "weight": 0.013245}, {"source": 16, "target": 84, "weight": 0.004444}, {"source": 16, "target": 85, "weight": 0.090909}, {"source": 16, "target": 36, "weight": 0.038462}, {"source": 16, "target": 83, "weight": 0.761905}, {"source": 16, "target": 97, "weight": 0.033333}, {"source": 17, "target": 103, "weight": 0.01}, {"source": 17, "target": 29, "weight": 0.004202}, {"source": 17, "target": 106, "weight": 0.008475}, {"source": 17, "target": 44, "weight": 0.010989}, {"source": 17, "target": 71, "weight": 0.007692}, {"source": 17, "target": 34, "weight": 0.027027}, {"source": 17, "target": 24, "weight": 0.010417}, {"source": 17, "target": 54, "weight": 0.015385}, {"source": 17, "target": 153, "weight": 0.003571}, {"source": 17, "target": 65, "weight": 0.053763}, {"source": 17, "target": 140, "weight": 0.011494}, {"source": 17, "target": 57, "weight": 0.013793}, {"source": 17, "target": 120, "weight": 0.089286}, {"source": 17, "target": 129, "weight": 0.009804}, {"source": 17, "target": 81, "weight": 0.00813}, {"source": 18, "target": 109, "weight": 0.018868}, {"source": 18, "target": 65, "weight": 0.01087}, {"source": 18, "target": 106, "weight": 0.036364}, {"source": 18, "target": 41, "weight": 0.012987}, {"source": 19, "target": 88, "weight": 0.010526}, {"source": 19, "target": 117, "weight": 0.25}, {"source": 19, "target": 78, "weight": 0.024691}, {"source": 19, "target": 33, "weight": 0.175676}, {"source": 19, "target": 130, "weight": 0.010101}, {"source": 19, "target": 58, "weight": 0.007813}, {"source": 20, "target": 103, "weight": 0.009524}, {"source": 20, "target": 132, "weight": 0.010638}, {"source": 20, "target": 133, "weight": 0.016949}, {"source": 20, "target": 86, "weight": 0.014085}, {"source": 20, "target": 21, "weight": 0.006757}, {"source": 20, "target": 111, "weight": 0.010309}, {"source": 20, "target": 47, "weight": 0.017241}, {"source": 20, "target": 82, "weight": 0.003472}, {"source": 20, "target": 153, "weight": 0.003509}, {"source": 20, "target": 55, "weight": 0.008}, {"source": 20, "target": 140, "weight": 0.005556}, {"source": 20, "target": 130, "weight": 0.009615}, {"source": 20, "target": 95, "weight": 0.009804}, {"source": 20, "target": 154, "weight": 0.022727}, {"source": 20, "target": 59, "weight": 0.013699}, {"source": 21, "target": 84, "weight": 0.100358}, {"source": 21, "target": 46, "weight": 0.016575}, {"source": 21, "target": 92, "weight": 0.003817}, {"source": 21, "target": 93, "weight": 0.005376}, {"source": 21, "target": 128, "weight": 0.004425}, {"source": 21, "target": 100, "weight": 0.008696}, {"source": 21, "target": 131, "weight": 0.00565}, {"source": 21, "target": 101, "weight": 0.003215}, {"source": 21, "target": 55, "weight": 0.040698}, {"source": 21, "target": 57, "weight": 0.004902}, {"source": 21, "target": 102, "weight": 0.004525}, {"source": 21, "target": 51, "weight": 0.004545}, {"source": 21, "target": 104, "weight": 0.009259}, {"source": 21, "target": 145, "weight": 0.009756}, {"source": 21, "target": 150, "weight": 0.049383}, {"source": 21, "target": 67, "weight": 0.008403}, {"source": 21, "target": 24, "weight": 0.016129}, {"source": 21, "target": 153, "weight": 0.01194}, {"source": 21, "target": 141, "weight": 0.007874}, {"source": 21, "target": 112, "weight": 0.027027}, {"source": 21, "target": 30, "weight": 0.00885}, {"source": 21, "target": 114, "weight": 0.006211}, {"source": 21, "target": 115, "weight": 0.004367}, {"source": 21, "target": 116, "weight": 0.005525}, {"source": 21, "target": 76, "weight": 0.004673}, {"source": 21, "target": 160, "weight": 0.006098}, {"source": 21, "target": 34, "weight": 0.036145}, {"source": 21, "target": 79, "weight": 0.008264}, {"source": 21, "target": 40, "weight": 0.009259}, {"source": 21, "target": 82, "weight": 0.06875}, {"source": 21, "target": 41, "weight": 0.029197}, {"source": 22, "target": 76, "weight": 0.006623}, {"source": 22, "target": 88, "weight": 0.022472}, {"source": 22, "target": 117, "weight": 0.020408}, {"source": 22, "target": 95, "weight": 0.207792}, {"source": 22, "target": 78, "weight": 0.012987}, {"source": 22, "target": 33, "weight": 0.037975}, {"source": 22, "target": 109, "weight": 0.018868}, {"source": 22, "target": 130, "weight": 0.021505}, {"source": 22, "target": 154, "weight": 0.01626}, {"source": 23, "target": 140, "weight": 0.018868}, {"source": 23, "target": 110, "weight": 0.028571}, {"source": 23, "target": 138, "weight": 0.017544}, {"source": 24, "target": 84, "weight": 0.017094}, {"source": 24, "target": 42, "weight": 0.005952}, {"source": 24, "target": 43, "weight": 0.041667}, {"source": 24, "target": 44, "weight": 0.015228}, {"source": 24, "target": 124, "weight": 0.007752}, {"source": 24, "target": 46, "weight": 0.004292}, {"source": 24, "target": 133, "weight": 0.012422}, {"source": 24, "target": 51, "weight": 0.003704}, {"source": 24, "target": 136, "weight": 0.005587}, {"source": 24, "target": 101, "weight": 0.014006}, {"source": 24, "target": 140, "weight": 0.007092}, {"source": 24, "target": 144, "weight": 0.002967}, {"source": 24, "target": 59, "weight": 0.005682}, {"source": 24, "target": 121, "weight": 0.011111}, {"source": 24, "target": 102, "weight": 0.00369}, {"source": 24, "target": 146, "weight": 0.005319}, {"source": 24, "target": 147, "weight": 0.004132}, {"source": 24, "target": 104, "weight": 0.003745}, {"source": 24, "target": 63, "weight": 0.006173}, {"source": 24, "target": 150, "weight": 0.004566}, {"source": 24, "target": 107, "weight": 0.005556}, {"source": 24, "target": 66, "weight": 0.004673}, {"source": 24, "target": 108, "weight": 0.017857}, {"source": 24, "target": 153, "weight": 0.01039}, {"source": 24, "target": 27, "weight": 0.002833}, {"source": 24, "target": 154, "weight": 0.012766}, {"source": 24, "target": 71, "weight": 0.004202}, {"source": 24, "target": 74, "weight": 0.00346}, {"source": 24, "target": 29, "weight": 0.011662}, {"source": 24, "target": 80, "weight": 0.003584}, {"source": 24, "target": 76, "weight": 0.007605}, {"source": 24, "target": 34, "weight": 0.018349}, {"source": 24, "target": 162, "weight": 0.011583}, {"source": 24, "target": 82, "weight": 0.213622}, {"source": 24, "target": 41, "weight": 0.005263}, {"source": 25, "target": 137, "weight": 0.034483}, {"source": 25, "target": 153, "weight": 0.008032}, {"source": 26, "target": 46, "weight": 0.016949}, {"source": 26, "target": 126, "weight": 0.024096}, {"source": 26, "target": 92, "weight": 0.020513}, {"source": 26, "target": 100, "weight": 0.019608}, {"source": 26, "target": 95, "weight": 0.022222}, {"source": 26, "target": 135, "weight": 0.016129}, {"source": 26, "target": 55, "weight": 0.036036}, {"source": 26, "target": 144, "weight": 0.009009}, {"source": 26, "target": 145, "weight": 0.014184}, {"source": 26, "target": 64, "weight": 0.022222}, {"source": 26, "target": 149, "weight": 0.019608}, {"source": 26, "target": 150, "weight": 0.029126}, {"source": 26, "target": 70, "weight": 0.1}, {"source": 26, "target": 153, "weight": 0.00365}, {"source": 26, "target": 111, "weight": 0.011628}, {"source": 26, "target": 112, "weight": 0.020408}, {"source": 26, "target": 29, "weight": 0.017467}, {"source": 26, "target": 76, "weight": 0.027211}, {"source": 26, "target": 34, "weight": 0.018868}, {"source": 26, "target": 79, "weight": 0.054545}, {"source": 26, "target": 82, "weight": 0.00361}, {"source": 26, "target": 41, "weight": 0.026667}, {"source": 27, "target": 86, "weight": 0.022523}, {"source": 27, "target": 146, "weight": 0.038793}, {"source": 27, "target": 88, "weight": 0.003922}, {"source": 27, "target": 95, "weight": 0.003891}, {"source": 27, "target": 126, "weight": 0.005988}, {"source": 27, "target": 47, "weight": 0.038835}, {"source": 27, "target": 48, "weight": 0.016287}, {"source": 27, "target": 133, "weight": 0.00939}, {"source": 27, "target": 135, "weight": 0.004386}, {"source": 27, "target": 52, "weight": 0.004566}, {"source": 27, "target": 138, "weight": 0.008696}, {"source": 27, "target": 55, "weight": 0.007168}, {"source": 27, "target": 140, "weight": 0.073482}, {"source": 27, "target": 142, "weight": 0.008333}, {"source": 27, "target": 144, "weight": 0.007752}, {"source": 27, "target": 59, "weight": 0.008811}, {"source": 27, "target": 103, "weight": 0.007722}, {"source": 27, "target": 149, "weight": 0.004608}, {"source": 27, "target": 150, "weight": 0.007407}, {"source": 27, "target": 108, "weight": 0.00905}, {"source": 27, "target": 153, "weight": 0.011468}, {"source": 27, "target": 109, "weight": 0.004587}, {"source": 27, "target": 154, "weight": 0.013986}, {"source": 27, "target": 29, "weight": 0.02046}, {"source": 27, "target": 76, "weight": 0.016026}, {"source": 27, "target": 160, "weight": 0.007547}, {"source": 27, "target": 34, "weight": 0.01107}, {"source": 27, "target": 118, "weight": 0.003676}, {"source": 27, "target": 82, "weight": 0.01139}, {"source": 28, "target": 88, "weight": 0.014286}, {"source": 28, "target": 117, "weight": 0.578947}, {"source": 28, "target": 78, "weight": 0.017544}, {"source": 28, "target": 33, "weight": 0.016393}, {"source": 28, "target": 130, "weight": 0.013514}, {"source": 28, "target": 58, "weight": 0.009709}, {"source": 29, "target": 84, "weight": 0.007519}, {"source": 29, "target": 116, "weight": 0.003623}, {"source": 29, "target": 123, "weight": 0.009804}, {"source": 29, "target": 43, "weight": 0.004098}, {"source": 29, "target": 44, "weight": 0.004098}, {"source": 29, "target": 124, "weight": 0.013289}, {"source": 29, "target": 89, "weight": 0.171329}, {"source": 29, "target": 91, "weight": 0.008264}, {"source": 29, "target": 48, "weight": 0.101083}, {"source": 29, "target": 133, "weight": 0.004831}, {"source": 29, "target": 131, "weight": 0.01487}, {"source": 29, "target": 135, "weight": 0.07767}, {"source": 29, "target": 52, "weight": 0.004717}, {"source": 29, "target": 71, "weight": 0.021583}, {"source": 29, "target": 101, "weight": 0.233333}, {"source": 29, "target": 55, "weight": 0.083004}, {"source": 29, "target": 140, "weight": 0.047771}, {"source": 29, "target": 57, "weight": 0.003344}, {"source": 29, "target": 142, "weight": 0.108491}, {"source": 29, "target": 102, "weight": 0.006349}, {"source": 29, "target": 146, "weight": 0.004292}, {"source": 29, "target": 106, "weight": 0.00369}, {"source": 29, "target": 38, "weight": 0.00463}, {"source": 29, "target": 104, "weight": 0.012945}, {"source": 29, "target": 150, "weight": 0.047431}, {"source": 29, "target": 107, "weight": 0.008929}, {"source": 29, "target": 70, "weight": 0.00495}, {"source": 29, "target": 66, "weight": 0.015625}, {"source": 29, "target": 68, "weight": 0.007968}, {"source": 29, "target": 152, "weight": 0.015306}, {"source": 29, "target": 153, "weight": 0.00463}, {"source": 29, "target": 109, "weight": 0.004739}, {"source": 29, "target": 154, "weight": 0.014337}, {"source": 29, "target": 155, "weight": 0.007874}, {"source": 29, "target": 156, "weight": 0.003436}, {"source": 29, "target": 67, "weight": 0.004673}, {"source": 29, "target": 32, "weight": 0.009174}, {"source": 29, "target": 74, "weight": 0.109272}, {"source": 29, "target": 114, "weight": 0.003906}, {"source": 29, "target": 76, "weight": 0.308017}, {"source": 29, "target": 160, "weight": 0.011673}, {"source": 29, "target": 161, "weight": 0.004785}, {"source": 29, "target": 118, "weight": 0.003774}, {"source": 29, "target": 119, "weight": 0.005051}, {"source": 29, "target": 80, "weight": 0.009317}, {"source": 29, "target": 163, "weight": 0.004184}, {"source": 29, "target": 82, "weight": 0.025822}, {"source": 30, "target": 39, "weight": 0.019231}, {"source": 30, "target": 112, "weight": 0.04}, {"source": 30, "target": 153, "weight": 0.004}, {"source": 30, "target": 92, "weight": 0.005747}, {"source": 31, "target": 145, "weight": 0.015152}, {"source": 31, "target": 126, "weight": 0.018987}, {"source": 31, "target": 92, "weight": 0.016043}, {"source": 31, "target": 144, "weight": 0.004673}, {"source": 31, "target": 72, "weight": 0.0125}, {"source": 32, "target": 76, "weight": 0.007299}, {"source": 32, "target": 153, "weight": 0.003831}, {"source": 32, "target": 157, "weight": 0.026316}, {"source": 32, "target": 82, "weight": 0.003788}, {"source": 32, "target": 121, "weight": 0.018519}, {"source": 33, "target": 88, "weight": 0.010417}, {"source": 33, "target": 117, "weight": 0.018182}, {"source": 33, "target": 78, "weight": 0.012048}, {"source": 33, "target": 45, "weight": 0.012658}, {"source": 33, "target": 130, "weight": 0.01}, {"source": 33, "target": 143, "weight": 0.041667}, {"source": 33, "target": 58, "weight": 0.007752}, {"source": 33, "target": 147, "weight": 0.007407}, {"source": 33, "target": 101, "weight": 0.007905}, {"source": 34, "target": 84, "weight": 0.014652}, {"source": 34, "target": 124, "weight": 0.005587}, {"source": 34, "target": 101, "weight": 0.007143}, {"source": 34, "target": 140, "weight": 0.004926}, {"source": 34, "target": 57, "weight": 0.017442}, {"source": 34, "target": 59, "weight": 0.010417}, {"source": 34, "target": 104, "weight": 0.027322}, {"source": 34, "target": 106, "weight": 0.042553}, {"source": 34, "target": 68, "weight": 0.015873}, {"source": 34, "target": 114, "weight": 0.015385}, {"source": 34, "target": 65, "weight": 0.016129}, {"source": 34, "target": 120, "weight": 0.022989}, {"source": 34, "target": 80, "weight": 0.005025}, {"source": 34, "target": 82, "weight": 0.022951}, {"source": 35, "target": 69, "weight": 0.038462}, {"source": 35, "target": 99, "weight": 0.088235}, {"source": 35, "target": 82, "weight": 0.004049}, {"source": 36, "target": 77, "weight": 0.052632}, {"source": 36, "target": 97, "weight": 0.5}, {"source": 36, "target": 83, "weight": 0.043478}, {"source": 36, "target": 153, "weight": 0.012397}, {"source": 36, "target": 129, "weight": 0.046875}, {"source": 36, "target": 80, "weight": 0.014925}, {"source": 37, "target": 157, "weight": 0.777778}, {"source": 37, "target": 121, "weight": 0.043478}, {"source": 38, "target": 82, "weight": 0.007692}, {"source": 39, "target": 84, "weight": 0.020747}, {"source": 39, "target": 87, "weight": 0.014925}, {"source": 39, "target": 111, "weight": 0.011236}, {"source": 39, "target": 126, "weight": 0.023669}, {"source": 39, "target": 92, "weight": 0.080214}, {"source": 39, "target": 93, "weight": 0.041322}, {"source": 39, "target": 128, "weight": 0.031056}, {"source": 39, "target": 136, "weight": 0.014706}, {"source": 39, "target": 99, "weight": 0.029412}, {"source": 39, "target": 56, "weight": 0.019231}, {"source": 39, "target": 143, "weight": 0.014286}, {"source": 39, "target": 144, "weight": 0.013393}, {"source": 39, "target": 145, "weight": 0.006897}, {"source": 39, "target": 69, "weight": 0.016949}, {"source": 39, "target": 153, "weight": 0.010909}, {"source": 39, "target": 71, "weight": 0.007874}, {"source": 39, "target": 156, "weight": 0.007407}, {"source": 39, "target": 159, "weight": 0.060976}, {"source": 40, "target": 132, "weight": 0.018519}, {"source": 40, "target": 126, "weight": 0.007143}, {"source": 40, "target": 153, "weight": 0.004082}, {"source": 40, "target": 92, "weight": 0.011905}, {"source": 40, "target": 112, "weight": 0.05}, {"source": 41, "target": 84, "weight": 0.012346}, {"source": 41, "target": 98, "weight": 0.014493}, {"source": 41, "target": 46, "weight": 0.008197}, {"source": 41, "target": 126, "weight": 0.005814}, {"source": 41, "target": 92, "weight": 0.004975}, {"source": 41, "target": 93, "weight": 0.008}, {"source": 41, "target": 128, "weight": 0.006061}, {"source": 41, "target": 138, "weight": 0.014706}, {"source": 41, "target": 141, "weight": 0.015152}, {"source": 41, "target": 144, "weight": 0.004425}, {"source": 41, "target": 149, "weight": 0.018519}, {"source": 41, "target": 62, "weight": 0.015385}, {"source": 41, "target": 150, "weight": 0.009259}, {"source": 41, "target": 70, "weight": 0.021739}, {"source": 41, "target": 112, "weight": 0.019231}, {"source": 41, "target": 82, "weight": 0.021818}, {"source": 42, "target": 140, "weight": 0.013423}, {"source": 42, "target": 138, "weight": 0.021739}, {"source": 42, "target": 108, "weight": 0.055556}, {"source": 42, "target": 47, "weight": 0.074074}, {"source": 43, "target": 150, "weight": 0.008547}, {"source": 43, "target": 76, "weight": 0.006173}, {"source": 43, "target": 108, "weight": 0.169492}, {"source": 43, "target": 47, "weight": 0.016949}, {"source": 43, "target": 140, "weight": 0.005525}, {"source": 43, "target": 49, "weight": 0.014085}, {"source": 43, "target": 82, "weight": 0.006944}, {"source": 44, "target": 76, "weight": 0.006173}, {"source": 44, "target": 47, "weight": 0.016949}, {"source": 44, "target": 140, "weight": 0.005525}, {"source": 44, "target": 133, "weight": 0.033898}, {"source": 44, "target": 121, "weight": 0.012658}, {"source": 45, "target": 106, "weight": 0.009009}, {"source": 45, "target": 88, "weight": 0.126582}, {"source": 45, "target": 117, "weight": 0.021277}, {"source": 45, "target": 78, "weight": 0.809524}, {"source": 45, "target": 130, "weight": 0.148148}, {"source": 45, "target": 58, "weight": 0.033898}, {"source": 46, "target": 84, "weight": 0.050909}, {"source": 46, "target": 126, "weight": 0.014085}, {"source": 46, "target": 92, "weight": 0.012397}, {"source": 46, "target": 93, "weight": 0.06962}, {"source": 46, "target": 128, "weight": 0.029557}, {"source": 46, "target": 131, "weight": 0.012658}, {"source": 46, "target": 55, "weight": 0.018987}, {"source": 46, "target": 141, "weight": 0.27907}, {"source": 46, "target": 143, "weight": 0.00885}, {"source": 46, "target": 144, "weight": 0.011236}, {"source": 46, "target": 58, "weight": 0.011976}, {"source": 46, "target": 51, "weight": 0.00995}, {"source": 46, "target": 147, "weight": 0.005747}, {"source": 46, "target": 104, "weight": 0.005025}, {"source": 46, "target": 150, "weight": 0.013333}, {"source": 46, "target": 153, "weight": 0.00627}, {"source": 46, "target": 112, "weight": 0.021277}, {"source": 46, "target": 156, "weight": 0.011299}, {"source": 46, "target": 113, "weight": 0.013986}, {"source": 46, "target": 69, "weight": 0.009804}, {"source": 46, "target": 115, "weight": 0.004739}, {"source": 46, "target": 159, "weight": 0.015625}, {"source": 46, "target": 118, "weight": 0.02}, {"source": 46, "target": 79, "weight": 0.009709}, {"source": 46, "target": 82, "weight": 0.009346}, {"source": 47, "target": 108, "weight": 0.068966}, {"source": 47, "target": 71, "weight": 0.010204}, {"source": 47, "target": 150, "weight": 0.038961}, {"source": 47, "target": 124, "weight": 0.008403}, {"source": 47, "target": 88, "weight": 0.015873}, {"source": 47, "target": 163, "weight": 0.018519}, {"source": 47, "target": 68, "weight": 0.014925}, {"source": 47, "target": 55, "weight": 0.011364}, {"source": 47, "target": 140, "weight": 0.028571}, {"source": 47, "target": 80, "weight": 0.007194}, {"source": 47, "target": 94, "weight": 0.037037}, {"source": 48, "target": 84, "weight": 0.003185}, {"source": 48, "target": 76, "weight": 0.046948}, {"source": 48, "target": 124, "weight": 0.004608}, {"source": 48, "target": 89, "weight": 0.024793}, {"source": 48, "target": 126, "weight": 0.004149}, {"source": 48, "target": 131, "weight": 0.005405}, {"source": 48, "target": 132, "weight": 0.006452}, {"source": 48, "target": 135, "weight": 0.007463}, {"source": 48, "target": 52, "weight": 0.008}, {"source": 48, "target": 125, "weight": 0.007407}, {"source": 48, "target": 101, "weight": 0.045752}, {"source": 48, "target": 55, "weight": 0.005376}, {"source": 48, "target": 140, "weight": 0.016807}, {"source": 48, "target": 57, "weight": 0.009479}, {"source": 48, "target": 142, "weight": 0.345455}, {"source": 48, "target": 107, "weight": 0.069231}, {"source": 48, "target": 68, "weight": 0.006061}, {"source": 48, "target": 152, "weight": 0.003226}, {"source": 48, "target": 153, "weight": 0.00289}, {"source": 48, "target": 154, "weight": 0.005128}, {"source": 48, "target": 156, "weight": 0.004902}, {"source": 48, "target": 74, "weight": 0.771429}, {"source": 48, "target": 114, "weight": 0.011905}, {"source": 48, "target": 115, "weight": 0.004219}, {"source": 48, "target": 158, "weight": 0.007576}, {"source": 48, "target": 77, "weight": 0.016667}, {"source": 48, "target": 118, "weight": 0.005618}, {"source": 48, "target": 80, "weight": 0.008475}, {"source": 48, "target": 82, "weight": 0.011561}, {"source": 49, "target": 51, "weight": 0.007042}, {"source": 49, "target": 98, "weight": 0.081633}, {"source": 49, "target": 145, "weight": 0.007813}, {"source": 49, "target": 150, "weight": 0.010989}, {"source": 49, "target": 124, "weight": 0.015385}, {"source": 49, "target": 126, "weight": 0.006452}, {"source": 49, "target": 101, "weight": 0.004292}, {"source": 49, "target": 57, "weight": 0.016}, {"source": 49, "target": 144, "weight": 0.004785}, {"source": 50, "target": 140, "weight": 0.012422}, {"source": 50, "target": 138, "weight": 0.035088}, {"source": 50, "target": 157, "weight": 0.046512}, {"source": 50, "target": 149, "weight": 0.022727}, {"source": 50, "target": 121, "weight": 0.386364}, {"source": 51, "target": 88, "weight": 0.005814}, {"source": 51, "target": 126, "weight": 0.016064}, {"source": 51, "target": 92, "weight": 0.007143}, {"source": 51, "target": 136, "weight": 0.049296}, {"source": 51, "target": 55, "weight": 0.010204}, {"source": 51, "target": 140, "weight": 0.007968}, {"source": 51, "target": 144, "weight": 0.003268}, {"source": 51, "target": 145, "weight": 0.022624}, {"source": 51, "target": 150, "weight": 0.005319}, {"source": 51, "target": 153, "weight": 0.002801}, {"source": 51, "target": 72, "weight": 0.005814}, {"source": 51, "target": 160, "weight": 0.005464}, {"source": 51, "target": 118, "weight": 0.005291}, {"source": 51, "target": 79, "weight": 0.007143}, {"source": 51, "target": 82, "weight": 0.005571}, {"source": 52, "target": 74, "weight": 0.006452}, {"source": 52, "target": 129, "weight": 0.026667}, {"source": 52, "target": 105, "weight": 0.03125}, {"source": 52, "target": 53, "weight": 0.02381}, {"source": 52, "target": 126, "weight": 0.006711}, {"source": 52, "target": 140, "weight": 0.013514}, {"source": 52, "target": 142, "weight": 0.018182}, {"source": 52, "target": 81, "weight": 0.020833}, {"source": 53, "target": 103, "weight": 0.037037}, {"source": 53, "target": 146, "weight": 0.015873}, {"source": 53, "target": 153, "weight": 0.003802}, {"source": 55, "target": 84, "weight": 0.032727}, {"source": 55, "target": 123, "weight": 0.023256}, {"source": 55, "target": 89, "weight": 0.009302}, {"source": 55, "target": 126, "weight": 0.009569}, {"source": 55, "target": 92, "weight": 0.004184}, {"source": 55, "target": 128, "weight": 0.014925}, {"source": 55, "target": 100, "weight": 0.033333}, {"source": 55, "target": 131, "weight": 0.040268}, {"source": 55, "target": 135, "weight": 0.3}, {"source": 55, "target": 136, "weight": 0.009434}, {"source": 55, "target": 101, "weight": 0.058608}, {"source": 55, "target": 140, "weight": 0.014423}, {"source": 55, "target": 141, "weight": 0.029412}, {"source": 55, "target": 143, "weight": 0.009259}, {"source": 55, "target": 144, "weight": 0.007605}, {"source": 55, "target": 122, "weight": 0.018692}, {"source": 55, "target": 104, "weight": 0.015625}, {"source": 55, "target": 150, "weight": 0.300885}, {"source": 55, "target": 68, "weight": 0.022727}, {"source": 55, "target": 152, "weight": 0.007194}, {"source": 55, "target": 95, "weight": 0.015267}, {"source": 55, "target": 154, "weight": 0.006098}, {"source": 55, "target": 112, "weight": 0.034091}, {"source": 55, "target": 74, "weight": 0.023585}, {"source": 55, "target": 108, "weight": 0.010309}, {"source": 55, "target": 80, "weight": 0.009756}, {"source": 55, "target": 76, "weight": 0.192547}, {"source": 55, "target": 160, "weight": 0.014286}, {"source": 55, "target": 79, "weight": 0.020619}, {"source": 55, "target": 162, "weight": 0.010695}, {"source": 55, "target": 82, "weight": 0.019169}, {"source": 56, "target": 153, "weight": 0.008032}, {"source": 56, "target": 118, "weight": 0.012195}, {"source": 56, "target": 92, "weight": 0.005747}, {"source": 56, "target": 144, "weight": 0.010101}, {"source": 57, "target": 103, "weight": 0.031847}, {"source": 57, "target": 86, "weight": 0.007874}, {"source": 57, "target": 146, "weight": 0.136}, {"source": 57, "target": 95, "weight": 0.006329}, {"source": 57, "target": 153, "weight": 0.005882}, {"source": 57, "target": 160, "weight": 0.012048}, {"source": 57, "target": 154, "weight": 0.038043}, {"source": 57, "target": 59, "weight": 0.015625}, {"source": 58, "target": 87, "weight": 0.00885}, {"source": 58, "target": 88, "weight": 0.014599}, {"source": 58, "target": 89, "weight": 0.008969}, {"source": 58, "target": 90, "weight": 0.010309}, {"source": 58, "target": 126, "weight": 0.009217}, {"source": 58, "target": 147, "weight": 0.028902}, {"source": 58, "target": 92, "weight": 0.004049}, {"source": 58, "target": 130, "weight": 0.007042}, {"source": 58, "target": 128, "weight": 0.009524}, {"source": 58, "target": 131, "weight": 0.006173}, {"source": 58, "target": 96, "weight": 0.007874}, {"source": 58, "target": 94, "weight": 0.009804}, {"source": 58, "target": 101, "weight": 0.003378}, {"source": 58, "target": 99, "weight": 0.017544}, {"source": 58, "target": 145, "weight": 0.015873}, {"source": 58, "target": 60, "weight": 0.020202}, {"source": 58, "target": 151, "weight": 0.111111}, {"source": 58, "target": 69, "weight": 0.019231}, {"source": 58, "target": 154, "weight": 0.011696}, {"source": 58, "target": 155, "weight": 0.006897}, {"source": 58, "target": 72, "weight": 0.022059}, {"source": 58, "target": 113, "weight": 0.006803}, {"source": 58, "target": 75, "weight": 0.010309}, {"source": 58, "target": 115, "weight": 0.235632}, {"source": 58, "target": 78, "weight": 0.032787}, {"source": 58, "target": 118, "weight": 0.012987}, {"source": 58, "target": 119, "weight": 0.011364}, {"source": 58, "target": 79, "weight": 0.019048}, {"source": 58, "target": 82, "weight": 0.003067}, {"source": 59, "target": 84, "weight": 0.004329}, {"source": 59, "target": 146, "weight": 0.015873}, {"source": 59, "target": 104, "weight": 0.014184}, {"source": 59, "target": 114, "weight": 0.011628}, {"source": 59, "target": 124, "weight": 0.007463}, {"source": 59, "target": 112, "weight": 0.026316}, {"source": 59, "target": 101, "weight": 0.008511}, {"source": 59, "target": 109, "weight": 0.05}, {"source": 59, "target": 80, "weight": 0.006494}, {"source": 59, "target": 163, "weight": 0.014493}, {"source": 59, "target": 82, "weight": 0.003759}, {"source": 60, "target": 69, "weight": 0.029412}, {"source": 61, "target": 137, "weight": 0.027778}, {"source": 61, "target": 106, "weight": 0.010526}, {"source": 61, "target": 154, "weight": 0.009434}, {"source": 61, "target": 95, "weight": 0.027397}, {"source": 62, "target": 75, "weight": 0.027027}, {"source": 62, "target": 149, "weight": 0.242424}, {"source": 62, "target": 70, "weight": 0.03125}, {"source": 62, "target": 90, "weight": 0.027027}, {"source": 62, "target": 113, "weight": 0.173333}, {"source": 62, "target": 154, "weight": 0.008929}, {"source": 64, "target": 84, "weight": 0.004673}, {"source": 64, "target": 131, "weight": 0.011765}, {"source": 64, "target": 144, "weight": 0.042553}, {"source": 64, "target": 145, "weight": 0.008772}, {"source": 64, "target": 92, "weight": 0.011834}, {"source": 64, "target": 126, "weight": 0.014286}, {"source": 64, "target": 153, "weight": 0.033473}, {"source": 64, "target": 128, "weight": 0.015038}, {"source": 64, "target": 80, "weight": 0.007299}, {"source": 64, "target": 115, "weight": 0.007299}, {"source": 65, "target": 103, "weight": 0.008929}, {"source": 65, "target": 106, "weight": 0.015504}, {"source": 65, "target": 93, "weight": 0.014388}, {"source": 65, "target": 126, "weight": 0.005348}, {"source": 65, "target": 152, "weight": 0.003906}, {"source": 65, "target": 140, "weight": 0.005348}, {"source": 65, "target": 120, "weight": 0.237288}, {"source": 65, "target": 129, "weight": 0.008772}, {"source": 65, "target": 154, "weight": 0.007092}, {"source": 65, "target": 81, "weight": 0.007407}, {"source": 66, "target": 146, "weight": 0.009901}, {"source": 66, "target": 160, "weight": 0.007874}, {"source": 66, "target": 140, "weight": 0.005102}, {"source": 66, "target": 82, "weight": 0.003289}, {"source": 67, "target": 103, "weight": 0.013158}, {"source": 67, "target": 106, "weight": 0.010638}, {"source": 67, "target": 160, "weight": 0.185714}, {"source": 67, "target": 126, "weight": 0.006623}, {"source": 68, "target": 108, "weight": 0.069444}, {"source": 68, "target": 150, "weight": 0.008}, {"source": 68, "target": 138, "weight": 0.011765}, {"source": 68, "target": 140, "weight": 0.005291}, {"source": 68, "target": 142, "weight": 0.010526}, {"source": 68, "target": 82, "weight": 0.003367}, {"source": 69, "target": 84, "weight": 0.004444}, {"source": 69, "target": 147, "weight": 0.009009}, {"source": 69, "target": 145, "weight": 0.008}, {"source": 69, "target": 115, "weight": 0.013605}, {"source": 69, "target": 151, "weight": 0.030303}, {"source": 69, "target": 99, "weight": 0.06383}, {"source": 69, "target": 82, "weight": 0.003846}, {"source": 70, "target": 131, "weight": 0.012048}, {"source": 70, "target": 149, "weight": 0.047619}, {"source": 70, "target": 76, "weight": 0.008333}, {"source": 70, "target": 91, "weight": 0.018519}, {"source": 70, "target": 101, "weight": 0.004608}, {"source": 71, "target": 132, "weight": 0.015038}, {"source": 71, "target": 119, "weight": 0.011111}, {"source": 71, "target": 135, "weight": 0.00885}, {"source": 71, "target": 126, "weight": 0.009132}, {"source": 71, "target": 144, "weight": 0.00365}, {"source": 71, "target": 150, "weight": 0.00641}, {"source": 71, "target": 112, "weight": 0.01}, {"source": 71, "target": 92, "weight": 0.008065}, {"source": 71, "target": 140, "weight": 0.013761}, {"source": 71, "target": 161, "weight": 0.02}, {"source": 71, "target": 154, "weight": 0.005747}, {"source": 71, "target": 100, "weight": 0.019802}, {"source": 72, "target": 122, "weight": 0.012048}, {"source": 72, "target": 87, "weight": 0.227273}, {"source": 72, "target": 136, "weight": 0.012346}, {"source": 72, "target": 145, "weight": 0.012739}, {"source": 72, "target": 94, "weight": 0.060606}, {"source": 72, "target": 88, "weight": 0.06}, {"source": 72, "target": 89, "weight": 0.005236}, {"source": 72, "target": 118, "weight": 0.008197}, {"source": 72, "target": 119, "weight": 0.018182}, {"source": 72, "target": 130, "weight": 0.009174}, {"source": 72, "target": 156, "weight": 0.006757}, {"source": 73, "target": 110, "weight": 0.025641}, {"source": 73, "target": 82, "weight": 0.003663}, {"source": 74, "target": 132, "weight": 0.005405}, {"source": 74, "target": 135, "weight": 0.01227}, {"source": 74, "target": 150, "weight": 0.019608}, {"source": 74, "target": 76, "weight": 0.058577}, {"source": 74, "target": 126, "weight": 0.00369}, {"source": 74, "target": 82, "weight": 0.010638}, {"source": 74, "target": 153, "weight": 0.00266}, {"source": 74, "target": 140, "weight": 0.018727}, {"source": 74, "target": 142, "weight": 0.271429}, {"source": 74, "target": 79, "weight": 0.006289}, {"source": 74, "target": 154, "weight": 0.031963}, {"source": 74, "target": 118, "weight": 0.004808}, {"source": 74, "target": 121, "weight": 0.005917}, {"source": 75, "target": 115, "weight": 0.014388}, {"source": 75, "target": 159, "weight": 0.017241}, {"source": 75, "target": 90, "weight": 0.846154}, {"source": 75, "target": 153, "weight": 0.004016}, {"source": 75, "target": 156, "weight": 0.018868}, {"source": 75, "target": 113, "weight": 0.174603}, {"source": 76, "target": 84, "weight": 0.012658}, {"source": 76, "target": 123, "weight": 0.016393}, {"source": 76, "target": 86, "weight": 0.007299}, {"source": 76, "target": 124, "weight": 0.00905}, {"source": 76, "target": 95, "weight": 0.005952}, {"source": 76, "target": 100, "weight": 0.015748}, {"source": 76, "target": 131, "weight": 0.02139}, {"source": 76, "target": 135, "weight": 0.206897}, {"source": 76, "target": 101, "weight": 0.264591}, {"source": 76, "target": 140, "weight": 0.012295}, {"source": 76, "target": 125, "weight": 0.007143}, {"source": 76, "target": 142, "weight": 0.055172}, {"source": 76, "target": 102, "weight": 0.008584}, {"source": 76, "target": 104, "weight": 0.017621}, {"source": 76, "target": 150, "weight": 0.165605}, {"source": 76, "target": 107, "weight": 0.006993}, {"source": 76, "target": 152, "weight": 0.016077}, {"source": 76, "target": 153, "weight": 0.002849}, {"source": 76, "target": 109, "weight": 0.007752}, {"source": 76, "target": 89, "weight": 0.036885}, {"source": 76, "target": 154, "weight": 0.005}, {"source": 76, "target": 112, "weight": 0.007937}, {"source": 76, "target": 116, "weight": 0.005155}, {"source": 76, "target": 161, "weight": 0.007874}, {"source": 76, "target": 79, "weight": 0.007463}, {"source": 76, "target": 80, "weight": 0.004132}, {"source": 76, "target": 163, "weight": 0.006369}, {"source": 76, "target": 82, "weight": 0.026012}, {"source": 77, "target": 145, "weight": 0.008475}, {"source": 77, "target": 97, "weight": 0.043478}, {"source": 77, "target": 126, "weight": 0.006897}, {"source": 77, "target": 92, "weight": 0.011561}, {"source": 77, "target": 144, "weight": 0.005025}, {"source": 77, "target": 82, "weight": 0.003953}, {"source": 78, "target": 155, "weight": 0.010101}, {"source": 78, "target": 87, "weight": 0.014925}, {"source": 78, "target": 115, "weight": 0.011976}, {"source": 78, "target": 159, "weight": 0.011628}, {"source": 78, "target": 145, "weight": 0.006897}, {"source": 78, "target": 106, "weight": 0.008696}, {"source": 78, "target": 88, "weight": 0.134146}, {"source": 78, "target": 89, "weight": 0.005618}, {"source": 78, "target": 117, "weight": 0.019608}, {"source": 78, "target": 130, "weight": 0.154762}, {"source": 78, "target": 143, "weight": 0.014286}, {"source": 79, "target": 84, "weight": 0.017937}, {"source": 79, "target": 126, "weight": 0.006536}, {"source": 79, "target": 91, "weight": 0.014706}, {"source": 79, "target": 92, "weight": 0.005495}, {"source": 79, "target": 128, "weight": 0.006849}, {"source": 79, "target": 131, "weight": 0.101124}, {"source": 79, "target": 96, "weight": 0.05}, {"source": 79, "target": 101, "weight": 0.017544}, {"source": 79, "target": 141, "weight": 0.021277}, {"source": 79, "target": 104, "weight": 0.014706}, {"source": 79, "target": 150, "weight": 0.011236}, {"source": 79, "target": 152, "weight": 0.004505}, {"source": 79, "target": 153, "weight": 0.007782}, {"source": 79, "target": 154, "weight": 0.08}, {"source": 79, "target": 112, "weight": 0.030303}, {"source": 79, "target": 158, "weight": 0.022727}, {"source": 79, "target": 82, "weight": 0.007692}, {"source": 80, "target": 86, "weight": 0.026846}, {"source": 80, "target": 146, "weight": 0.02454}, {"source": 80, "target": 100, "weight": 0.014085}, {"source": 80, "target": 133, "weight": 0.007143}, {"source": 80, "target": 97, "weight": 0.014493}, {"source": 80, "target": 140, "weight": 0.019455}, {"source": 80, "target": 144, "weight": 0.003175}, {"source": 80, "target": 103, "weight": 0.021858}, {"source": 80, "target": 150, "weight": 0.005076}, {"source": 80, "target": 153, "weight": 0.073099}, {"source": 80, "target": 154, "weight": 0.043478}, {"source": 80, "target": 113, "weight": 0.005263}, {"source": 80, "target": 160, "weight": 0.005208}, {"source": 81, "target": 103, "weight": 0.635294}, {"source": 81, "target": 132, "weight": 0.007874}, {"source": 81, "target": 150, "weight": 0.006711}, {"source": 81, "target": 160, "weight": 0.013986}, {"source": 81, "target": 126, "weight": 0.023923}, {"source": 81, "target": 146, "weight": 0.008475}, {"source": 81, "target": 153, "weight": 0.019169}, {"source": 81, "target": 95, "weight": 0.007407}, {"source": 81, "target": 144, "weight": 0.003745}, {"source": 82, "target": 84, "weight": 0.034722}, {"source": 82, "target": 116, "weight": 0.00625}, {"source": 82, "target": 92, "weight": 0.002488}, {"source": 82, "target": 124, "weight": 0.002865}, {"source": 82, "target": 126, "weight": 0.002681}, {"source": 82, "target": 91, "weight": 0.003472}, {"source": 82, "target": 100, "weight": 0.003922}, {"source": 82, "target": 133, "weight": 0.007968}, {"source": 82, "target": 128, "weight": 0.002732}, {"source": 82, "target": 131, "weight": 0.006329}, {"source": 82, "target": 135, "weight": 0.003759}, {"source": 82, "target": 136, "weight": 0.003717}, {"source": 82, "target": 139, "weight": 0.011152}, {"source": 82, "target": 140, "weight": 0.008086}, {"source": 82, "target": 141, "weight": 0.007519}, {"source": 82, "target": 142, "weight": 0.003584}, {"source": 82, "target": 144, "weight": 0.01182}, {"source": 82, "target": 101, "weight": 0.022624}, {"source": 82, "target": 102, "weight": 0.005556}, {"source": 82, "target": 147, "weight": 0.003012}, {"source": 82, "target": 104, "weight": 0.014164}, {"source": 82, "target": 150, "weight": 0.016393}, {"source": 82, "target": 107, "weight": 0.007435}, {"source": 82, "target": 152, "weight": 0.009112}, {"source": 82, "target": 153, "weight": 0.008421}, {"source": 82, "target": 89, "weight": 0.005291}, {"source": 82, "target": 154, "weight": 0.009231}, {"source": 82, "target": 112, "weight": 0.007937}, {"source": 82, "target": 115, "weight": 0.00271}, {"source": 82, "target": 134, "weight": 0.01487}, {"source": 82, "target": 114, "weight": 0.003322}, {"source": 82, "target": 125, "weight": 0.003745}, {"source": 82, "target": 162, "weight": 0.005714}, {"source": 82, "target": 163, "weight": 0.003521}, {"source": 83, "target": 84, "weight": 0.004505}, {"source": 83, "target": 85, "weight": 0.05}, {"source": 83, "target": 97, "weight": 0.037037}, {"source": 84, "target": 92, "weight": 0.030812}, {"source": 84, "target": 126, "weight": 0.01194}, {"source": 84, "target": 100, "weight": 0.004545}, {"source": 84, "target": 133, "weight": 0.009259}, {"source": 84, "target": 132, "weight": 0.003968}, {"source": 84, "target": 144, "weight": 0.005115}, {"source": 84, "target": 145, "weight": 0.006452}, {"source": 84, "target": 150, "weight": 0.037736}, {"source": 84, "target": 153, "weight": 0.080292}, {"source": 84, "target": 109, "weight": 0.009091}, {"source": 84, "target": 95, "weight": 0.011628}, {"source": 84, "target": 154, "weight": 0.02807}, {"source": 84, "target": 112, "weight": 0.052885}, {"source": 85, "target": 97, "weight": 0.071429}, {"source": 86, "target": 146, "weight": 0.016393}, {"source": 86, "target": 114, "weight": 0.011905}, {"source": 86, "target": 96, "weight": 0.015385}, {"source": 86, "target": 158, "weight": 0.043478}, {"source": 86, "target": 124, "weight": 0.015267}, {"source": 86, "target": 101, "weight": 0.017316}, {"source": 86, "target": 153, "weight": 0.011583}, {"source": 86, "target": 133, "weight": 0.028571}, {"source": 86, "target": 154, "weight": 0.027778}, {"source": 86, "target": 163, "weight": 0.014925}, {"source": 87, "target": 136, "weight": 0.017857}, {"source": 87, "target": 88, "weight": 0.0125}, {"source": 87, "target": 118, "weight": 0.010309}, {"source": 88, "target": 155, "weight": 0.008929}, {"source": 88, "target": 94, "weight": 0.09375}, {"source": 88, "target": 117, "weight": 0.015625}, {"source": 88, "target": 89, "weight": 0.010526}, {"source": 88, "target": 119, "weight": 0.018182}, {"source": 88, "target": 130, "weight": 0.235955}, {"source": 89, "target": 140, "weight": 0.026415}, {"source": 89, "target": 142, "weight": 0.022989}, {"source": 89, "target": 144, "weight": 0.009288}, {"source": 89, "target": 121, "weight": 0.011905}, {"source": 89, "target": 146, "weight": 0.005682}, {"source": 89, "target": 150, "weight": 0.009709}, {"source": 89, "target": 106, "weight": 0.004673}, {"source": 89, "target": 153, "weight": 0.008021}, {"source": 89, "target": 154, "weight": 0.013453}, {"source": 89, "target": 113, "weight": 0.01005}, {"source": 89, "target": 119, "weight": 0.007092}, {"source": 90, "target": 115, "weight": 0.014388}, {"source": 90, "target": 159, "weight": 0.017241}, {"source": 90, "target": 153, "weight": 0.004016}, {"source": 90, "target": 156, "weight": 0.018868}, {"source": 90, "target": 113, "weight": 0.174603}, {"source": 91, "target": 95, "weight": 0.22619}, {"source": 91, "target": 160, "weight": 0.018182}, {"source": 91, "target": 126, "weight": 0.005556}, {"source": 91, "target": 153, "weight": 0.007042}, {"source": 91, "target": 92, "weight": 0.009615}, {"source": 91, "target": 140, "weight": 0.005556}, {"source": 92, "target": 141, "weight": 0.005319}, {"source": 92, "target": 98, "weight": 0.005236}, {"source": 92, "target": 126, "weight": 0.194332}, {"source": 92, "target": 93, "weight": 0.087719}, {"source": 92, "target": 128, "weight": 0.195021}, {"source": 92, "target": 160, "weight": 0.004444}, {"source": 92, "target": 131, "weight": 0.017021}, {"source": 92, "target": 137, "weight": 0.005618}, {"source": 92, "target": 95, "weight": 0.00463}, {"source": 92, "target": 112, "weight": 0.005747}, {"source": 92, "target": 101, "weight": 0.002688}, {"source": 92, "target": 99, "weight": 0.010526}, {"source": 92, "target": 144, "weight": 0.04491}, {"source": 92, "target": 145, "weight": 0.046875}, {"source": 92, "target": 102, "weight": 0.010714}, {"source": 92, "target": 104, "weight": 0.00722}, {"source": 92, "target": 148, "weight": 0.005102}, {"source": 92, "target": 152, "weight": 0.002755}, {"source": 92, "target": 153, "weight": 0.010101}, {"source": 92, "target": 111, "weight": 0.004739}, {"source": 92, "target": 156, "weight": 0.032}, {"source": 92, "target": 115, "weight": 0.00692}, {"source": 92, "target": 159, "weight": 0.094241}, {"source": 93, "target": 126, "weight": 0.047847}, {"source": 93, "target": 153, "weight": 0.003096}, {"source": 93, "target": 130, "weight": 0.007042}, {"source": 93, "target": 111, "weight": 0.007407}, {"source": 93, "target": 144, "weight": 0.011111}, {"source": 94, "target": 119, "weight": 0.052632}, {"source": 94, "target": 130, "weight": 0.013699}, {"source": 95, "target": 123, "weight": 0.015625}, {"source": 95, "target": 126, "weight": 0.005348}, {"source": 95, "target": 128, "weight": 0.005556}, {"source": 95, "target": 131, "weight": 0.056}, {"source": 95, "target": 101, "weight": 0.023077}, {"source": 95, "target": 102, "weight": 0.005714}, {"source": 95, "target": 103, "weight": 0.008929}, {"source": 95, "target": 150, "weight": 0.00813}, {"source": 95, "target": 152, "weight": 0.007843}, {"source": 95, "target": 153, "weight": 0.003425}, {"source": 95, "target": 109, "weight": 0.014286}, {"source": 95, "target": 154, "weight": 0.021583}, {"source": 95, "target": 116, "weight": 0.014925}, {"source": 95, "target": 158, "weight": 0.012821}, {"source": 95, "target": 163, "weight": 0.010204}, {"source": 95, "target": 119, "weight": 0.017544}, {"source": 96, "target": 145, "weight": 0.006803}, {"source": 96, "target": 137, "weight": 0.017241}, {"source": 96, "target": 130, "weight": 0.010204}, {"source": 96, "target": 133, "weight": 0.018868}, {"source": 96, "target": 154, "weight": 0.264706}, {"source": 97, "target": 132, "weight": 0.017544}, {"source": 97, "target": 153, "weight": 0.012195}, {"source": 97, "target": 129, "weight": 0.044118}, {"source": 98, "target": 145, "weight": 0.007407}, {"source": 98, "target": 126, "weight": 0.172662}, {"source": 98, "target": 128, "weight": 0.006452}, {"source": 98, "target": 144, "weight": 0.00463}, {"source": 99, "target": 145, "weight": 0.014925}, {"source": 99, "target": 126, "weight": 0.012422}, {"source": 99, "target": 118, "weight": 0.010101}, {"source": 100, "target": 131, "weight": 0.022222}, {"source": 100, "target": 132, "weight": 0.016393}, {"source": 100, "target": 135, "weight": 0.025}, {"source": 100, "target": 150, "weight": 0.037037}, {"source": 100, "target": 144, "weight": 0.01}, {"source": 100, "target": 152, "weight": 0.009302}, {"source": 100, "target": 154, "weight": 0.009901}, {"source": 100, "target": 101, "weight": 0.004444}, {"source": 101, "target": 133, "weight": 0.004505}, {"source": 101, "target": 132, "weight": 0.003891}, {"source": 101, "target": 135, "weight": 0.048673}, {"source": 101, "target": 137, "weight": 0.004405}, {"source": 101, "target": 140, "weight": 0.002915}, {"source": 101, "target": 142, "weight": 0.041667}, {"source": 101, "target": 144, "weight": 0.005051}, {"source": 101, "target": 146, "weight": 0.008097}, {"source": 101, "target": 150, "weight": 0.037037}, {"source": 101, "target": 153, "weight": 0.008989}, {"source": 101, "target": 109, "weight": 0.017937}, {"source": 101, "target": 154, "weight": 0.124528}, {"source": 101, "target": 112, "weight": 0.022831}, {"source": 101, "target": 160, "weight": 0.00365}, {"source": 101, "target": 161, "weight": 0.004464}, {"source": 102, "target": 160, "weight": 0.005435}, {"source": 102, "target": 144, "weight": 0.003257}, {"source": 102, "target": 153, "weight": 0.011268}, {"source": 102, "target": 121, "weight": 0.006623}, {"source": 102, "target": 154, "weight": 0.004831}, {"source": 102, "target": 113, "weight": 0.005495}, {"source": 103, "target": 126, "weight": 0.026882}, {"source": 103, "target": 129, "weight": 0.296703}, {"source": 103, "target": 132, "weight": 0.009615}, {"source": 103, "target": 144, "weight": 0.004098}, {"source": 103, "target": 105, "weight": 0.042254}, {"source": 103, "target": 150, "weight": 0.007937}, {"source": 103, "target": 124, "weight": 0.006024}, {"source": 103, "target": 153, "weight": 0.017182}, {"source": 103, "target": 160, "weight": 0.016667}, {"source": 103, "target": 120, "weight": 0.013333}, {"source": 104, "target": 126, "weight": 0.004016}, {"source": 104, "target": 135, "weight": 0.007042}, {"source": 104, "target": 140, "weight": 0.008065}, {"source": 104, "target": 146, "weight": 0.013072}, {"source": 104, "target": 106, "weight": 0.005208}, {"source": 104, "target": 153, "weight": 0.014286}, {"source": 104, "target": 109, "weight": 0.007576}, {"source": 104, "target": 154, "weight": 0.014925}, {"source": 106, "target": 114, "weight": 0.007353}, {"source": 106, "target": 154, "weight": 0.006173}, {"source": 106, "target": 162, "weight": 0.010811}, {"source": 106, "target": 111, "weight": 0.008}, {"source": 106, "target": 130, "weight": 0.007576}, {"source": 106, "target": 144, "weight": 0.003817}, {"source": 106, "target": 120, "weight": 0.010753}, {"source": 107, "target": 142, "weight": 0.045455}, {"source": 108, "target": 150, "weight": 0.011364}, {"source": 108, "target": 140, "weight": 0.006579}, {"source": 109, "target": 153, "weight": 0.003953}, {"source": 109, "target": 140, "weight": 0.006757}, {"source": 109, "target": 112, "weight": 0.074074}, {"source": 111, "target": 159, "weight": 0.154762}, {"source": 111, "target": 153, "weight": 0.006993}, {"source": 111, "target": 130, "weight": 0.019048}, {"source": 111, "target": 144, "weight": 0.008511}, {"source": 112, "target": 126, "weight": 0.006897}, {"source": 112, "target": 128, "weight": 0.007246}, {"source": 112, "target": 131, "weight": 0.022727}, {"source": 112, "target": 141, "weight": 0.052632}, {"source": 112, "target": 144, "weight": 0.005025}, {"source": 112, "target": 150, "weight": 0.051282}, {"source": 112, "target": 153, "weight": 0.004}, {"source": 113, "target": 128, "weight": 0.005348}, {"source": 113, "target": 136, "weight": 0.011111}, {"source": 113, "target": 144, "weight": 0.004032}, {"source": 113, "target": 145, "weight": 0.005988}, {"source": 113, "target": 149, "weight": 0.013158}, {"source": 113, "target": 153, "weight": 0.006711}, {"source": 113, "target": 155, "weight": 0.008264}, {"source": 113, "target": 156, "weight": 0.012821}, {"source": 113, "target": 115, "weight": 0.010582}, {"source": 113, "target": 116, "weight": 0.014184}, {"source": 113, "target": 159, "weight": 0.009259}, {"source": 114, "target": 154, "weight": 0.034965}, {"source": 115, "target": 126, "weight": 0.007692}, {"source": 115, "target": 149, "weight": 0.006993}, {"source": 115, "target": 145, "weight": 0.004274}, {"source": 115, "target": 153, "weight": 0.002732}, {"source": 115, "target": 144, "weight": 0.003175}, {"source": 115, "target": 118, "weight": 0.087432}, {"source": 116, "target": 121, "weight": 0.009009}, {"source": 116, "target": 144, "weight": 0.003745}, {"source": 116, "target": 153, "weight": 0.009494}, {"source": 116, "target": 157, "weight": 0.010526}, {"source": 116, "target": 154, "weight": 0.005988}, {"source": 117, "target": 130, "weight": 0.014706}, {"source": 118, "target": 142, "weight": 0.009259}, {"source": 118, "target": 144, "weight": 0.007843}, {"source": 118, "target": 122, "weight": 0.01}, {"source": 118, "target": 147, "weight": 0.006211}, {"source": 118, "target": 151, "weight": 0.012048}, {"source": 118, "target": 153, "weight": 0.006536}, {"source": 119, "target": 135, "weight": 0.035714}, {"source": 119, "target": 155, "weight": 0.016129}, {"source": 120, "target": 126, "weight": 0.006667}, {"source": 121, "target": 138, "weight": 0.034483}, {"source": 121, "target": 160, "weight": 0.010638}, {"source": 121, "target": 140, "weight": 0.012346}, {"source": 121, "target": 157, "weight": 0.045455}, {"source": 121, "target": 155, "weight": 0.022472}, {"source": 121, "target": 152, "weight": 0.083721}, {"source": 122, "target": 136, "weight": 0.016949}, {"source": 122, "target": 150, "weight": 0.010101}, {"source": 123, "target": 135, "weight": 0.028571}, {"source": 123, "target": 150, "weight": 0.012821}, {"source": 123, "target": 154, "weight": 0.021053}, {"source": 124, "target": 126, "weight": 0.004149}, {"source": 124, "target": 146, "weight": 0.289474}, {"source": 124, "target": 140, "weight": 0.004149}, {"source": 124, "target": 142, "weight": 0.006803}, {"source": 124, "target": 133, "weight": 0.008333}, {"source": 124, "target": 154, "weight": 0.020833}, {"source": 126, "target": 141, "weight": 0.012658}, {"source": 126, "target": 128, "weight": 0.233333}, {"source": 126, "target": 129, "weight": 0.010471}, {"source": 126, "target": 131, "weight": 0.019417}, {"source": 126, "target": 140, "weight": 0.003774}, {"source": 126, "target": 144, "weight": 0.042345}, {"source": 126, "target": 145, "weight": 0.171569}, {"source": 126, "target": 150, "weight": 0.004975}, {"source": 126, "target": 153, "weight": 0.00542}, {"source": 126, "target": 156, "weight": 0.031532}, {"source": 126, "target": 159, "weight": 0.040462}, {"source": 126, "target": 160, "weight": 0.005102}, {"source": 128, "target": 144, "weight": 0.029605}, {"source": 128, "target": 145, "weight": 0.074074}, {"source": 128, "target": 150, "weight": 0.005155}, {"source": 128, "target": 153, "weight": 0.005525}, {"source": 129, "target": 132, "weight": 0.009434}, {"source": 129, "target": 150, "weight": 0.007813}, {"source": 129, "target": 146, "weight": 0.010309}, {"source": 129, "target": 153, "weight": 0.003367}, {"source": 129, "target": 144, "weight": 0.004065}, {"source": 130, "target": 159, "weight": 0.019608}, {"source": 130, "target": 154, "weight": 0.006993}, {"source": 131, "target": 135, "weight": 0.009804}, {"source": 131, "target": 140, "weight": 0.004785}, {"source": 131, "target": 144, "weight": 0.007634}, {"source": 131, "target": 145, "weight": 0.01105}, {"source": 131, "target": 150, "weight": 0.042857}, {"source": 131, "target": 153, "weight": 0.009615}, {"source": 131, "target": 154, "weight": 0.078947}, {"source": 132, "target": 137, "weight": 0.032258}, {"source": 132, "target": 152, "weight": 0.004032}, {"source": 132, "target": 144, "weight": 0.004292}, {"source": 133, "target": 153, "weight": 0.008065}, {"source": 133, "target": 154, "weight": 0.010204}, {"source": 134, "target": 139, "weight": 0.909091}, {"source": 135, "target": 150, "weight": 0.17284}, {"source": 135, "target": 155, "weight": 0.011765}, {"source": 135, "target": 152, "weight": 0.00885}, {"source": 135, "target": 140, "weight": 0.012739}, {"source": 136, "target": 143, "weight": 0.016949}, {"source": 136, "target": 150, "weight": 0.010309}, {"source": 136, "target": 147, "weight": 0.016807}, {"source": 136, "target": 156, "weight": 0.008065}, {"source": 138, "target": 152, "weight": 0.008734}, {"source": 138, "target": 140, "weight": 0.025316}, {"source": 140, "target": 155, "weight": 0.005208}, {"source": 140, "target": 142, "weight": 0.011765}, {"source": 140, "target": 144, "weight": 0.003135}, {"source": 140, "target": 147, "weight": 0.013514}, {"source": 140, "target": 150, "weight": 0.020202}, {"source": 140, "target": 152, "weight": 0.012085}, {"source": 140, "target": 160, "weight": 0.015464}, {"source": 140, "target": 163, "weight": 0.011429}, {"source": 141, "target": 150, "weight": 0.021277}, {"source": 141, "target": 144, "weight": 0.004695}, {"source": 142, "target": 158, "weight": 0.016129}, {"source": 142, "target": 153, "weight": 0.003623}, {"source": 144, "target": 147, "weight": 0.003597}, {"source": 144, "target": 145, "weight": 0.039007}, {"source": 144, "target": 150, "weight": 0.003922}, {"source": 144, "target": 152, "weight": 0.002577}, {"source": 144, "target": 153, "weight": 0.174033}, {"source": 144, "target": 154, "weight": 0.01107}, {"source": 144, "target": 155, "weight": 0.012295}, {"source": 144, "target": 156, "weight": 0.025362}, {"source": 145, "target": 156, "weight": 0.015075}, {"source": 145, "target": 153, "weight": 0.002915}, {"source": 145, "target": 154, "weight": 0.005208}, {"source": 146, "target": 147, "weight": 0.007752}, {"source": 146, "target": 153, "weight": 0.003636}, {"source": 147, "target": 150, "weight": 0.00625}, {"source": 147, "target": 153, "weight": 0.00304}, {"source": 148, "target": 161, "weight": 0.020833}, {"source": 149, "target": 158, "weight": 0.054054}, {"source": 149, "target": 154, "weight": 0.009901}, {"source": 150, "target": 152, "weight": 0.007435}, {"source": 150, "target": 154, "weight": 0.006452}, {"source": 150, "target": 156, "weight": 0.006098}, {"source": 152, "target": 153, "weight": 0.004566}, {"source": 152, "target": 154, "weight": 0.003472}, {"source": 152, "target": 157, "weight": 0.068966}, {"source": 153, "target": 158, "weight": 0.003831}, {"source": 153, "target": 154, "weight": 0.006192}, {"source": 153, "target": 155, "weight": 0.010169}, {"source": 153, "target": 156, "weight": 0.009063}, {"source": 153, "target": 159, "weight": 0.003521}, {"source": 153, "target": 163, "weight": 0.003559}, {"source": 154, "target": 160, "weight": 0.006667}, {"source": 154, "target": 158, "weight": 0.132653}, {"source": 154, "target": 163, "weight": 0.015504}, {"source": 160, "target": 162, "weight": 0.005747}], "multigraph": false}