{"directed": false, "graph": {}, "nodes": [{"group": 1, "id": "boyhood", "degree": 2}, {"group": 2, "id": "bomb", "degree": 39}, {"group": 3, "id": "bolus"}, {"group": 4, "id": "bosomy"}, {"group": 5, "id": "bowl"}, {"group": 0, "id": "boastful", "degree": 3}, {"group": 5, "id": "booze", "degree": 12}, {"group": 4, "id": "boatyard", "degree": 2}, {"group": 6, "id": "boreal"}, {"group": 2, "id": "boggle"}, {"group": 4, "id": "bombing"}, {"group": 7, "id": "bootlegger", "degree": 1}, {"group": 6, "id": "bondsman", "degree": 5}, {"group": 2, "id": "botch", "degree": 10}, {"group": 6, "id": "bookish"}, {"group": 4, "id": "bosom", "degree": 28}, {"group": 6, "id": "bowlegged", "degree": 4}, {"group": 5, "id": "board", "degree": 38}, {"group": 7, "id": "bookdealer", "degree": 8}, {"group": 0, "id": "bonny"}, {"group": 7, "id": "bookmaker"}, {"group": 5, "id": "bout"}, {"group": 6, "id": "boardinghouse", "degree": 2}, {"group": 1, "id": "bootless", "degree": 3}, {"group": 5, "id": "bottleneck", "degree": 18}, {"group": 8, "id": "bony", "degree": 10}, {"group": 9, "id": "bobby"}, {"group": 1, "id": "boarder"}, {"group": 4, "id": "borrow"}, {"group": 6, "id": "boisterous"}, {"group": 8, "id": "bone"}, {"group": 4, "id": "bond", "degree": 24}, {"group": 10, "id": "bouillabaisse"}, {"group": 0, "id": "booty", "degree": 12}, {"group": 7, "id": "bookseller"}, {"group": 2, "id": "bounce", "degree": 50}, {"group": 6, "id": "bovine"}, {"group": 1, "id": "born"}, {"group": 5, "id": "books"}, {"group": 2, "id": "bombardment"}, {"group": 4, "id": "booth"}, {"group": 8, "id": "bore", "degree": 48}, {"group": 1, "id": "borne", "degree": 2}, {"group": 4, "id": "booming", "degree": 23}, {"group": 8, "id": "bomber"}, {"group": 5, "id": "borderline", "degree": 4}, {"group": 11, "id": "bottom"}, {"group": 4, "id": "boutique", "degree": 9}, {"group": 5, "id": "bootleg", "degree": 11}, {"group": 0, "id": "boodle", "degree": 21}, {"group": 6, "id": "boundless"}, {"group": 4, "id": "bogus", "degree": 3}, {"group": 1, "id": "boyish"}, {"group": 5, "id": "boundary"}, {"group": 4, "id": "boost", "degree": 67}, {"group": 5, "id": "booking", "degree": 8}, {"group": 5, "id": "bordering", "degree": 18}, {"group": 4, "id": "body", "degree": 38}, {"group": 5, "id": "bourn"}, {"group": 4, "id": "bole"}, {"group": 6, "id": "bold", "degree": 16}, {"group": 6, "id": "booby"}, {"group": 3, "id": "boll", "degree": 15}, {"group": 3, "id": "boss", "degree": 45}, {"group": 4, "id": "bookcase"}, {"group": 9, "id": "bosh"}, {"group": 4, "id": "bolt"}, {"group": 2, "id": "bombshell", "degree": 15}, {"group": 8, "id": "bode"}, {"group": 4, "id": "box", "degree": 62}, {"group": 1, "id": "boy"}, {"group": 5, "id": "boondocks", "degree": 12}, {"group": 2, "id": "boards"}, {"group": 0, "id": "boast", "degree": 25}, {"group": 9, "id": "bop", "degree": 18}, {"group": 4, "id": "bodega", "degree": 1}, {"group": 7, "id": "bookkeeper", "degree": 10}, {"group": 6, "id": "bootlicker"}, {"group": 12, "id": "boldly", "degree": 0}, {"group": 4, "id": "bowdlerize"}, {"group": 3, "id": "bothersome"}, {"group": 8, "id": "boo", "degree": 3}, {"group": 2, "id": "bob"}, {"group": 1, "id": "bonkers", "degree": 4}, {"group": 6, "id": "botched"}, {"group": 11, "id": "bog", "degree": 5}, {"group": 3, "id": "botany"}, {"group": 4, "id": "bouquet", "degree": 20}, {"group": 6, "id": "bountiful"}, {"group": 5, "id": "bound", "degree": 46}, {"group": 4, "id": "bogeyman"}, {"group": 2, "id": "bombard"}, {"group": 9, "id": "boar", "degree": 10}, {"group": 1, "id": "boat"}, {"group": 5, "id": "borderland", "degree": 16}, {"group": 4, "id": "bolster", "degree": 14}, {"group": 8, "id": "boulevard"}, {"group": 13, "id": "bologna", "degree": 0}, {"group": 4, "id": "bookbinding", "degree": 9}, {"group": 8, "id": "boating", "degree": 1}, {"group": 4, "id": "bourse"}, {"group": 0, "id": "bounty", "degree": 5}, {"group": 6, "id": "bottomless", "degree": 14}, {"group": 6, "id": "bored"}, {"group": 8, "id": "boil"}, {"group": 1, "id": "bootblack"}, {"group": 0, "id": "bombast"}, {"group": 4, "id": "borstal", "degree": 6}, {"group": 6, "id": "bombastic"}, {"group": 2, "id": "bobble"}, {"group": 4, "id": "both", "degree": 4}, {"group": 6, "id": "bouncing"}, {"group": 6, "id": "bodily"}, {"group": 4, "id": "bower"}, {"group": 8, "id": "boredom"}, {"group": 5, "id": "boxcars"}, {"group": 4, "id": "bogey"}, {"group": 9, "id": "bossy"}, {"group": 1, "id": "boyfriend", "degree": 6}, {"group": 1, "id": "botanic"}, {"group": 1, "id": "bodyguard", "degree": 3}, {"group": 8, "id": "boring"}, {"group": 8, "id": "bother"}, {"group": 10, "id": "bouillon", "degree": 7}, {"group": 2, "id": "boomerang", "degree": 14}, {"group": 7, "id": "bookworm"}, {"group": 2, "id": "boycott", "degree": 17}, {"group": 5, "id": "boardwalk"}, {"group": 4, "id": "bones", "degree": 14}, {"group": 2, "id": "boner"}, {"group": 3, "id": "bow"}, {"group": 5, "id": "border", "degree": 42}, {"group": 6, "id": "boorish", "degree": 16}, {"group": 5, "id": "borough"}, {"group": 2, "id": "bough"}, {"group": 5, "id": "boxing", "degree": 7}, {"group": 2, "id": "boot"}, {"group": 4, "id": "book", "degree": 23}, {"group": 0, "id": "bonanza", "degree": 14}, {"group": 4, "id": "boom"}, {"group": 0, "id": "boon", "degree": 6}, {"group": 6, "id": "boob"}, {"group": 6, "id": "bonehead", "degree": 3}, {"group": 6, "id": "bounder"}, {"group": 4, "id": "bordello", "degree": 12}, {"group": 0, "id": "bonus"}, {"group": 1, "id": "boxcar", "degree": 9}, {"group": 8, "id": "bothered", "degree": 5}, {"group": 8, "id": "boiling", "degree": 13}, {"group": 7, "id": "booklover", "degree": 4}, {"group": 4, "id": "bowels", "degree": 5}, {"group": 3, "id": "bombardier"}, {"group": 6, "id": "bourgeois", "degree": 13}, {"group": 4, "id": "booster", "degree": 17}, {"group": 11, "id": "booked", "degree": 1}, {"group": 6, "id": "bondage", "degree": 3}, {"group": 5, "id": "borrowing", "degree": 4}, {"group": 0, "id": "bonhomie", "degree": 2}, {"group": 11, "id": "bottomland"}, {"group": 3, "id": "boxer"}, {"group": 4, "id": "bottle", "degree": 18}, {"group": 3, "id": "boatswain", "degree": 5}, {"group": 6, "id": "boor", "degree": 6}], "links": [{"source": 0, "target": 70, "weight": 0.021739}, {"source": 0, "target": 52, "weight": 0.019608}, {"source": 1, "target": 33, "weight": 0.009615}, {"source": 1, "target": 136, "weight": 0.010638}, {"source": 1, "target": 88, "weight": 0.00625}, {"source": 1, "target": 89, "weight": 0.002857}, {"source": 1, "target": 35, "weight": 0.008403}, {"source": 1, "target": 91, "weight": 0.058252}, {"source": 1, "target": 38, "weight": 0.009901}, {"source": 1, "target": 39, "weight": 0.019231}, {"source": 1, "target": 128, "weight": 0.005988}, {"source": 1, "target": 41, "weight": 0.005025}, {"source": 1, "target": 8, "weight": 0.006289}, {"source": 1, "target": 131, "weight": 0.009174}, {"source": 1, "target": 10, "weight": 0.01087}, {"source": 1, "target": 43, "weight": 0.006944}, {"source": 1, "target": 109, "weight": 0.005988}, {"source": 1, "target": 46, "weight": 0.005076}, {"source": 1, "target": 9, "weight": 0.004525}, {"source": 1, "target": 134, "weight": 0.008333}, {"source": 1, "target": 4, "weight": 0.013393}, {"source": 1, "target": 15, "weight": 0.013793}, {"source": 1, "target": 137, "weight": 0.017467}, {"source": 1, "target": 138, "weight": 0.015038}, {"source": 1, "target": 17, "weight": 0.01087}, {"source": 1, "target": 140, "weight": 0.008621}, {"source": 1, "target": 101, "weight": 0.007576}, {"source": 1, "target": 21, "weight": 0.011628}, {"source": 1, "target": 54, "weight": 0.00303}, {"source": 1, "target": 104, "weight": 0.007407}, {"source": 1, "target": 139, "weight": 0.014793}, {"source": 1, "target": 57, "weight": 0.005376}, {"source": 1, "target": 61, "weight": 0.009615}, {"source": 1, "target": 63, "weight": 0.003472}, {"source": 1, "target": 148, "weight": 0.00565}, {"source": 1, "target": 113, "weight": 0.008696}, {"source": 1, "target": 66, "weight": 0.016181}, {"source": 1, "target": 24, "weight": 0.012739}, {"source": 1, "target": 67, "weight": 0.147727}, {"source": 1, "target": 153, "weight": 0.015385}, {"source": 1, "target": 69, "weight": 0.007092}, {"source": 1, "target": 72, "weight": 0.023256}, {"source": 1, "target": 73, "weight": 0.007752}, {"source": 1, "target": 122, "weight": 0.007018}, {"source": 1, "target": 13, "weight": 0.014085}, {"source": 1, "target": 156, "weight": 0.010309}, {"source": 1, "target": 124, "weight": 0.008475}, {"source": 1, "target": 30, "weight": 0.01626}, {"source": 2, "target": 69, "weight": 0.004292}, {"source": 2, "target": 57, "weight": 0.003096}, {"source": 2, "target": 54, "weight": 0.003571}, {"source": 2, "target": 62, "weight": 0.418605}, {"source": 2, "target": 35, "weight": 0.005291}, {"source": 2, "target": 63, "weight": 0.021368}, {"source": 2, "target": 160, "weight": 0.013514}, {"source": 2, "target": 41, "weight": 0.013514}, {"source": 2, "target": 31, "weight": 0.004167}, {"source": 2, "target": 131, "weight": 0.017964}, {"source": 2, "target": 94, "weight": 0.044118}, {"source": 3, "target": 43, "weight": 0.018519}, {"source": 3, "target": 60, "weight": 0.012987}, {"source": 3, "target": 73, "weight": 0.010638}, {"source": 3, "target": 89, "weight": 0.003175}, {"source": 3, "target": 16, "weight": 0.014925}, {"source": 3, "target": 102, "weight": 0.015267}, {"source": 3, "target": 54, "weight": 0.006803}, {"source": 3, "target": 152, "weight": 0.007874}, {"source": 4, "target": 135, "weight": 0.006757}, {"source": 4, "target": 87, "weight": 0.005747}, {"source": 4, "target": 89, "weight": 0.00495}, {"source": 4, "target": 35, "weight": 0.017241}, {"source": 4, "target": 7, "weight": 0.006369}, {"source": 4, "target": 41, "weight": 0.032389}, {"source": 4, "target": 131, "weight": 0.029963}, {"source": 4, "target": 94, "weight": 0.023256}, {"source": 4, "target": 43, "weight": 0.005025}, {"source": 4, "target": 48, "weight": 0.011696}, {"source": 4, "target": 15, "weight": 0.004975}, {"source": 4, "target": 49, "weight": 0.005495}, {"source": 4, "target": 137, "weight": 0.003484}, {"source": 4, "target": 17, "weight": 0.027692}, {"source": 4, "target": 31, "weight": 0.002899}, {"source": 4, "target": 54, "weight": 0.029333}, {"source": 4, "target": 57, "weight": 0.009412}, {"source": 4, "target": 95, "weight": 0.005051}, {"source": 4, "target": 60, "weight": 0.004082}, {"source": 4, "target": 144, "weight": 0.006494}, {"source": 4, "target": 62, "weight": 0.012195}, {"source": 4, "target": 63, "weight": 0.008798}, {"source": 4, "target": 148, "weight": 0.00431}, {"source": 4, "target": 24, "weight": 0.004695}, {"source": 4, "target": 69, "weight": 0.027273}, {"source": 4, "target": 25, "weight": 0.00565}, {"source": 4, "target": 123, "weight": 0.00641}, {"source": 4, "target": 160, "weight": 0.011236}, {"source": 4, "target": 85, "weight": 0.006098}, {"source": 4, "target": 83, "weight": 0.006061}, {"source": 5, "target": 106, "weight": 0.018182}, {"source": 5, "target": 23, "weight": 0.022727}, {"source": 5, "target": 117, "weight": 0.013333}, {"source": 5, "target": 73, "weight": 0.018868}, {"source": 5, "target": 60, "weight": 0.008772}, {"source": 6, "target": 88, "weight": 0.009091}, {"source": 6, "target": 46, "weight": 0.006803}, {"source": 6, "target": 74, "weight": 0.013699}, {"source": 6, "target": 48, "weight": 0.030303}, {"source": 6, "target": 156, "weight": 0.021277}, {"source": 6, "target": 63, "weight": 0.004202}, {"source": 6, "target": 77, "weight": 0.016393}, {"source": 6, "target": 66, "weight": 0.003802}, {"source": 6, "target": 17, "weight": 0.004386}, {"source": 6, "target": 128, "weight": 0.008547}, {"source": 6, "target": 139, "weight": 0.003425}, {"source": 6, "target": 21, "weight": 0.050847}, {"source": 6, "target": 104, "weight": 0.009091}, {"source": 6, "target": 31, "weight": 0.004167}, {"source": 7, "target": 69, "weight": 0.00939}, {"source": 7, "target": 75, "weight": 0.045455}, {"source": 7, "target": 89, "weight": 0.003559}, {"source": 7, "target": 15, "weight": 0.012987}, {"source": 7, "target": 64, "weight": 0.025974}, {"source": 7, "target": 49, "weight": 0.017241}, {"source": 8, "target": 43, "weight": 0.007576}, {"source": 8, "target": 60, "weight": 0.011299}, {"source": 8, "target": 89, "weight": 0.002959}, {"source": 8, "target": 35, "weight": 0.004405}, {"source": 8, "target": 63, "weight": 0.003623}, {"source": 8, "target": 148, "weight": 0.006061}, {"source": 8, "target": 138, "weight": 0.008197}, {"source": 8, "target": 124, "weight": 0.009434}, {"source": 8, "target": 41, "weight": 0.005348}, {"source": 9, "target": 89, "weight": 0.022959}, {"source": 9, "target": 35, "weight": 0.024735}, {"source": 9, "target": 126, "weight": 0.131429}, {"source": 9, "target": 33, "weight": 0.006494}, {"source": 9, "target": 41, "weight": 0.004016}, {"source": 9, "target": 131, "weight": 0.007463}, {"source": 9, "target": 94, "weight": 0.011834}, {"source": 9, "target": 13, "weight": 0.161677}, {"source": 9, "target": 48, "weight": 0.005988}, {"source": 9, "target": 49, "weight": 0.00565}, {"source": 9, "target": 137, "weight": 0.007117}, {"source": 9, "target": 17, "weight": 0.012308}, {"source": 9, "target": 18, "weight": 0.006135}, {"source": 9, "target": 54, "weight": 0.002632}, {"source": 9, "target": 57, "weight": 0.002364}, {"source": 9, "target": 67, "weight": 0.006667}, {"source": 9, "target": 24, "weight": 0.004808}, {"source": 9, "target": 153, "weight": 0.005525}, {"source": 9, "target": 69, "weight": 0.006024}, {"source": 9, "target": 123, "weight": 0.006623}, {"source": 9, "target": 124, "weight": 0.011976}, {"source": 9, "target": 31, "weight": 0.0059}, {"source": 10, "target": 69, "weight": 0.004902}, {"source": 10, "target": 98, "weight": 0.05}, {"source": 10, "target": 31, "weight": 0.004739}, {"source": 11, "target": 34, "weight": 0.028571}, {"source": 11, "target": 18, "weight": 0.028571}, {"source": 12, "target": 143, "weight": 0.023256}, {"source": 12, "target": 155, "weight": 0.027027}, {"source": 12, "target": 162, "weight": 0.015152}, {"source": 12, "target": 63, "weight": 0.004464}, {"source": 12, "target": 77, "weight": 0.090909}, {"source": 12, "target": 152, "weight": 0.010204}, {"source": 12, "target": 31, "weight": 0.022523}, {"source": 13, "target": 34, "weight": 0.011765}, {"source": 13, "target": 89, "weight": 0.003106}, {"source": 13, "target": 35, "weight": 0.009524}, {"source": 13, "target": 126, "weight": 0.008403}, {"source": 13, "target": 129, "weight": 0.289855}, {"source": 13, "target": 41, "weight": 0.005848}, {"source": 13, "target": 93, "weight": 0.00885}, {"source": 13, "target": 132, "weight": 0.008475}, {"source": 13, "target": 84, "weight": 0.012048}, {"source": 13, "target": 136, "weight": 0.031847}, {"source": 13, "target": 49, "weight": 0.010101}, {"source": 13, "target": 17, "weight": 0.008032}, {"source": 13, "target": 18, "weight": 0.011765}, {"source": 13, "target": 33, "weight": 0.013158}, {"source": 13, "target": 109, "weight": 0.166667}, {"source": 13, "target": 67, "weight": 0.013889}, {"source": 13, "target": 69, "weight": 0.003922}, {"source": 13, "target": 122, "weight": 0.011719}, {"source": 13, "target": 82, "weight": 0.008032}, {"source": 13, "target": 134, "weight": 0.01087}, {"source": 14, "target": 41, "weight": 0.007519}, {"source": 14, "target": 152, "weight": 0.010417}, {"source": 15, "target": 33, "weight": 0.025641}, {"source": 15, "target": 136, "weight": 0.006098}, {"source": 15, "target": 89, "weight": 0.003077}, {"source": 15, "target": 35, "weight": 0.004673}, {"source": 15, "target": 40, "weight": 0.011765}, {"source": 15, "target": 128, "weight": 0.059259}, {"source": 15, "target": 95, "weight": 0.025862}, {"source": 15, "target": 46, "weight": 0.017647}, {"source": 15, "target": 49, "weight": 0.009804}, {"source": 15, "target": 17, "weight": 0.007937}, {"source": 15, "target": 21, "weight": 0.006757}, {"source": 15, "target": 54, "weight": 0.016611}, {"source": 15, "target": 139, "weight": 0.006329}, {"source": 15, "target": 57, "weight": 0.014535}, {"source": 15, "target": 58, "weight": 0.008772}, {"source": 15, "target": 107, "weight": 0.013514}, {"source": 15, "target": 141, "weight": 0.010638}, {"source": 15, "target": 64, "weight": 0.016529}, {"source": 15, "target": 66, "weight": 0.017606}, {"source": 15, "target": 150, "weight": 0.046512}, {"source": 15, "target": 53, "weight": 0.005917}, {"source": 15, "target": 153, "weight": 0.009434}, {"source": 15, "target": 69, "weight": 0.019685}, {"source": 15, "target": 73, "weight": 0.029412}, {"source": 15, "target": 28, "weight": 0.008929}, {"source": 15, "target": 130, "weight": 0.009302}, {"source": 15, "target": 160, "weight": 0.010101}, {"source": 15, "target": 82, "weight": 0.016}, {"source": 15, "target": 31, "weight": 0.007576}, {"source": 16, "target": 84, "weight": 0.02381}, {"source": 16, "target": 108, "weight": 0.017544}, {"source": 16, "target": 50, "weight": 0.008065}, {"source": 17, "target": 89, "weight": 0.024609}, {"source": 17, "target": 35, "weight": 0.008721}, {"source": 17, "target": 126, "weight": 0.003937}, {"source": 17, "target": 91, "weight": 0.004651}, {"source": 17, "target": 38, "weight": 0.004808}, {"source": 17, "target": 40, "weight": 0.013953}, {"source": 17, "target": 129, "weight": 0.004484}, {"source": 17, "target": 128, "weight": 0.00365}, {"source": 17, "target": 33, "weight": 0.004739}, {"source": 17, "target": 41, "weight": 0.006557}, {"source": 17, "target": 131, "weight": 0.10101}, {"source": 17, "target": 93, "weight": 0.008097}, {"source": 17, "target": 94, "weight": 0.004405}, {"source": 17, "target": 43, "weight": 0.003984}, {"source": 17, "target": 96, "weight": 0.004386}, {"source": 17, "target": 46, "weight": 0.003289}, {"source": 17, "target": 47, "weight": 0.009804}, {"source": 17, "target": 49, "weight": 0.008584}, {"source": 17, "target": 100, "weight": 0.020619}, {"source": 17, "target": 137, "weight": 0.021021}, {"source": 17, "target": 139, "weight": 0.029748}, {"source": 17, "target": 101, "weight": 0.008403}, {"source": 17, "target": 53, "weight": 0.003322}, {"source": 17, "target": 54, "weight": 0.016241}, {"source": 17, "target": 104, "weight": 0.002646}, {"source": 17, "target": 56, "weight": 0.017544}, {"source": 17, "target": 57, "weight": 0.023404}, {"source": 17, "target": 95, "weight": 0.020325}, {"source": 17, "target": 106, "weight": 0.004202}, {"source": 17, "target": 107, "weight": 0.004854}, {"source": 17, "target": 109, "weight": 0.007326}, {"source": 17, "target": 145, "weight": 0.004132}, {"source": 17, "target": 63, "weight": 0.005076}, {"source": 17, "target": 148, "weight": 0.003521}, {"source": 17, "target": 64, "weight": 0.007905}, {"source": 17, "target": 66, "weight": 0.009592}, {"source": 17, "target": 150, "weight": 0.004525}, {"source": 17, "target": 24, "weight": 0.007576}, {"source": 17, "target": 153, "weight": 0.004202}, {"source": 17, "target": 69, "weight": 0.026247}, {"source": 17, "target": 71, "weight": 0.009091}, {"source": 17, "target": 72, "weight": 0.005155}, {"source": 17, "target": 73, "weight": 0.004237}, {"source": 17, "target": 122, "weight": 0.002545}, {"source": 17, "target": 130, "weight": 0.008671}, {"source": 17, "target": 158, "weight": 0.004202}, {"source": 17, "target": 55, "weight": 0.004587}, {"source": 17, "target": 81, "weight": 0.004975}, {"source": 17, "target": 124, "weight": 0.013453}, {"source": 17, "target": 82, "weight": 0.013123}, {"source": 17, "target": 134, "weight": 0.004405}, {"source": 17, "target": 30, "weight": 0.0131}, {"source": 17, "target": 31, "weight": 0.015306}, {"source": 18, "target": 34, "weight": 0.931034}, {"source": 18, "target": 149, "weight": 0.333333}, {"source": 18, "target": 125, "weight": 0.322581}, {"source": 18, "target": 76, "weight": 0.032258}, {"source": 18, "target": 20, "weight": 0.344828}, {"source": 19, "target": 43, "weight": 0.008696}, {"source": 19, "target": 140, "weight": 0.011494}, {"source": 20, "target": 149, "weight": 0.769231}, {"source": 20, "target": 76, "weight": 0.044444}, {"source": 21, "target": 69, "weight": 0.028777}, {"source": 21, "target": 110, "weight": 0.019802}, {"source": 21, "target": 74, "weight": 0.008}, {"source": 21, "target": 131, "weight": 0.018349}, {"source": 21, "target": 135, "weight": 0.032258}, {"source": 21, "target": 35, "weight": 0.004149}, {"source": 21, "target": 63, "weight": 0.003448}, {"source": 21, "target": 137, "weight": 0.004274}, {"source": 21, "target": 126, "weight": 0.006711}, {"source": 21, "target": 55, "weight": 0.027027}, {"source": 21, "target": 101, "weight": 0.007463}, {"source": 21, "target": 31, "weight": 0.003425}, {"source": 21, "target": 41, "weight": 0.004975}, {"source": 21, "target": 24, "weight": 0.012579}, {"source": 21, "target": 54, "weight": 0.003012}, {"source": 21, "target": 89, "weight": 0.002841}, {"source": 21, "target": 94, "weight": 0.033613}, {"source": 22, "target": 152, "weight": 0.022472}, {"source": 22, "target": 101, "weight": 0.016667}, {"source": 23, "target": 37, "weight": 0.010526}, {"source": 23, "target": 42, "weight": 0.023256}, {"source": 24, "target": 89, "weight": 0.015015}, {"source": 24, "target": 35, "weight": 0.004425}, {"source": 24, "target": 126, "weight": 0.038462}, {"source": 24, "target": 33, "weight": 0.010989}, {"source": 24, "target": 41, "weight": 0.010811}, {"source": 24, "target": 131, "weight": 0.004854}, {"source": 24, "target": 46, "weight": 0.010929}, {"source": 24, "target": 137, "weight": 0.004566}, {"source": 24, "target": 54, "weight": 0.003155}, {"source": 24, "target": 139, "weight": 0.009174}, {"source": 24, "target": 57, "weight": 0.00838}, {"source": 24, "target": 58, "weight": 0.024194}, {"source": 24, "target": 67, "weight": 0.023256}, {"source": 24, "target": 113, "weight": 0.009804}, {"source": 24, "target": 66, "weight": 0.027304}, {"source": 24, "target": 53, "weight": 0.028249}, {"source": 24, "target": 69, "weight": 0.011194}, {"source": 24, "target": 73, "weight": 0.008621}, {"source": 24, "target": 122, "weight": 0.007353}, {"source": 24, "target": 82, "weight": 0.007576}, {"source": 24, "target": 31, "weight": 0.014599}, {"source": 25, "target": 57, "weight": 0.006192}, {"source": 25, "target": 132, "weight": 0.010309}, {"source": 25, "target": 44, "weight": 0.011364}, {"source": 25, "target": 145, "weight": 0.011628}, {"source": 25, "target": 146, "weight": 0.019231}, {"source": 25, "target": 111, "weight": 0.020408}, {"source": 25, "target": 36, "weight": 0.010101}, {"source": 25, "target": 158, "weight": 0.012195}, {"source": 25, "target": 121, "weight": 0.016129}, {"source": 25, "target": 63, "weight": 0.008403}, {"source": 25, "target": 131, "weight": 0.005882}, {"source": 25, "target": 30, "weight": 0.055556}, {"source": 25, "target": 31, "weight": 0.004149}, {"source": 26, "target": 74, "weight": 0.020833}, {"source": 26, "target": 92, "weight": 0.0625}, {"source": 26, "target": 54, "weight": 0.007874}, {"source": 27, "target": 146, "weight": 0.028571}, {"source": 28, "target": 69, "weight": 0.008065}, {"source": 28, "target": 43, "weight": 0.009091}, {"source": 28, "target": 33, "weight": 0.028986}, {"source": 28, "target": 144, "weight": 0.015385}, {"source": 28, "target": 54, "weight": 0.108209}, {"source": 28, "target": 49, "weight": 0.010753}, {"source": 28, "target": 137, "weight": 0.005051}, {"source": 28, "target": 51, "weight": 0.021505}, {"source": 28, "target": 160, "weight": 0.011111}, {"source": 28, "target": 41, "weight": 0.006061}, {"source": 28, "target": 31, "weight": 0.003906}, {"source": 28, "target": 131, "weight": 0.005405}, {"source": 28, "target": 153, "weight": 0.010309}, {"source": 29, "target": 132, "weight": 0.010753}, {"source": 29, "target": 60, "weight": 0.037594}, {"source": 29, "target": 162, "weight": 0.026316}, {"source": 29, "target": 63, "weight": 0.004255}, {"source": 29, "target": 102, "weight": 0.008772}, {"source": 29, "target": 152, "weight": 0.018519}, {"source": 30, "target": 57, "weight": 0.009259}, {"source": 30, "target": 73, "weight": 0.012195}, {"source": 30, "target": 74, "weight": 0.013158}, {"source": 30, "target": 131, "weight": 0.005814}, {"source": 30, "target": 149, "weight": 0.02}, {"source": 30, "target": 156, "weight": 0.02}, {"source": 30, "target": 89, "weight": 0.0033}, {"source": 30, "target": 35, "weight": 0.005208}, {"source": 30, "target": 128, "weight": 0.016807}, {"source": 30, "target": 137, "weight": 0.005405}, {"source": 30, "target": 92, "weight": 0.016393}, {"source": 30, "target": 124, "weight": 0.028571}, {"source": 30, "target": 41, "weight": 0.02}, {"source": 30, "target": 31, "weight": 0.008264}, {"source": 30, "target": 54, "weight": 0.010676}, {"source": 30, "target": 153, "weight": 0.011905}, {"source": 31, "target": 76, "weight": 0.004167}, {"source": 31, "target": 89, "weight": 0.008584}, {"source": 31, "target": 98, "weight": 0.013889}, {"source": 31, "target": 41, "weight": 0.003145}, {"source": 31, "target": 133, "weight": 0.004132}, {"source": 31, "target": 131, "weight": 0.005935}, {"source": 31, "target": 95, "weight": 0.023346}, {"source": 31, "target": 47, "weight": 0.004608}, {"source": 31, "target": 137, "weight": 0.011494}, {"source": 31, "target": 101, "weight": 0.003984}, {"source": 31, "target": 139, "weight": 0.004348}, {"source": 31, "target": 53, "weight": 0.022801}, {"source": 31, "target": 54, "weight": 0.006711}, {"source": 31, "target": 104, "weight": 0.005141}, {"source": 31, "target": 56, "weight": 0.004115}, {"source": 31, "target": 57, "weight": 0.022822}, {"source": 31, "target": 62, "weight": 0.004367}, {"source": 31, "target": 63, "weight": 0.004926}, {"source": 31, "target": 64, "weight": 0.011364}, {"source": 31, "target": 113, "weight": 0.004274}, {"source": 31, "target": 66, "weight": 0.014052}, {"source": 31, "target": 153, "weight": 0.004}, {"source": 31, "target": 69, "weight": 0.0075}, {"source": 31, "target": 110, "weight": 0.018519}, {"source": 31, "target": 155, "weight": 0.004545}, {"source": 31, "target": 156, "weight": 0.00463}, {"source": 31, "target": 130, "weight": 0.011204}, {"source": 31, "target": 160, "weight": 0.008264}, {"source": 31, "target": 82, "weight": 0.007595}, {"source": 31, "target": 134, "weight": 0.004184}, {"source": 32, "target": 123, "weight": 0.52381}, {"source": 32, "target": 144, "weight": 0.034483}, {"source": 33, "target": 93, "weight": 0.013514}, {"source": 33, "target": 49, "weight": 0.297872}, {"source": 33, "target": 101, "weight": 0.03125}, {"source": 33, "target": 54, "weight": 0.007634}, {"source": 33, "target": 139, "weight": 0.007299}, {"source": 33, "target": 109, "weight": 0.01}, {"source": 33, "target": 145, "weight": 0.029851}, {"source": 33, "target": 67, "weight": 0.030303}, {"source": 33, "target": 66, "weight": 0.004065}, {"source": 33, "target": 153, "weight": 0.015625}, {"source": 33, "target": 69, "weight": 0.00463}, {"source": 33, "target": 73, "weight": 0.032787}, {"source": 33, "target": 130, "weight": 0.005747}, {"source": 33, "target": 160, "weight": 0.017544}, {"source": 33, "target": 82, "weight": 0.004739}, {"source": 34, "target": 149, "weight": 0.333333}, {"source": 34, "target": 76, "weight": 0.032258}, {"source": 35, "target": 76, "weight": 0.005291}, {"source": 35, "target": 87, "weight": 0.005348}, {"source": 35, "target": 136, "weight": 0.156951}, {"source": 35, "target": 141, "weight": 0.005348}, {"source": 35, "target": 89, "weight": 0.091146}, {"source": 35, "target": 126, "weight": 0.004651}, {"source": 35, "target": 91, "weight": 0.011429}, {"source": 35, "target": 37, "weight": 0.00939}, {"source": 35, "target": 58, "weight": 0.009709}, {"source": 35, "target": 40, "weight": 0.005618}, {"source": 35, "target": 92, "weight": 0.005682}, {"source": 35, "target": 129, "weight": 0.022099}, {"source": 35, "target": 43, "weight": 0.009479}, {"source": 35, "target": 109, "weight": 0.168317}, {"source": 35, "target": 131, "weight": 0.006993}, {"source": 35, "target": 138, "weight": 0.00495}, {"source": 35, "target": 139, "weight": 0.022388}, {"source": 35, "target": 54, "weight": 0.025707}, {"source": 35, "target": 104, "weight": 0.024096}, {"source": 35, "target": 56, "weight": 0.005208}, {"source": 35, "target": 57, "weight": 0.004545}, {"source": 35, "target": 106, "weight": 0.020408}, {"source": 35, "target": 60, "weight": 0.003876}, {"source": 35, "target": 61, "weight": 0.005814}, {"source": 35, "target": 145, "weight": 0.004926}, {"source": 35, "target": 67, "weight": 0.005952}, {"source": 35, "target": 148, "weight": 0.008197}, {"source": 35, "target": 64, "weight": 0.004651}, {"source": 35, "target": 66, "weight": 0.02139}, {"source": 35, "target": 53, "weight": 0.007663}, {"source": 35, "target": 69, "weight": 0.014409}, {"source": 35, "target": 70, "weight": 0.005128}, {"source": 35, "target": 73, "weight": 0.025907}, {"source": 35, "target": 122, "weight": 0.008523}, {"source": 35, "target": 63, "weight": 0.008475}, {"source": 35, "target": 130, "weight": 0.013072}, {"source": 35, "target": 123, "weight": 0.005917}, {"source": 35, "target": 160, "weight": 0.015789}, {"source": 35, "target": 124, "weight": 0.093567}, {"source": 35, "target": 82, "weight": 0.160535}, {"source": 36, "target": 43, "weight": 0.008264}, {"source": 36, "target": 132, "weight": 0.024793}, {"source": 36, "target": 60, "weight": 0.005988}, {"source": 36, "target": 74, "weight": 0.01}, {"source": 36, "target": 162, "weight": 0.009346}, {"source": 36, "target": 57, "weight": 0.002857}, {"source": 36, "target": 126, "weight": 0.008065}, {"source": 36, "target": 92, "weight": 0.02381}, {"source": 36, "target": 123, "weight": 0.012821}, {"source": 36, "target": 102, "weight": 0.028369}, {"source": 36, "target": 54, "weight": 0.003257}, {"source": 36, "target": 118, "weight": 0.0125}, {"source": 37, "target": 43, "weight": 0.008403}, {"source": 37, "target": 57, "weight": 0.008671}, {"source": 37, "target": 60, "weight": 0.006061}, {"source": 37, "target": 89, "weight": 0.006173}, {"source": 37, "target": 102, "weight": 0.007042}, {"source": 37, "target": 54, "weight": 0.003279}, {"source": 37, "target": 152, "weight": 0.014706}, {"source": 38, "target": 156, "weight": 0.037037}, {"source": 38, "target": 89, "weight": 0.003571}, {"source": 38, "target": 76, "weight": 0.019608}, {"source": 38, "target": 137, "weight": 0.025157}, {"source": 38, "target": 54, "weight": 0.003846}, {"source": 38, "target": 55, "weight": 0.05}, {"source": 39, "target": 43, "weight": 0.012821}, {"source": 39, "target": 138, "weight": 0.014706}, {"source": 39, "target": 131, "weight": 0.006536}, {"source": 40, "target": 69, "weight": 0.077295}, {"source": 40, "target": 95, "weight": 0.012195}, {"source": 40, "target": 107, "weight": 0.054054}, {"source": 40, "target": 73, "weight": 0.014706}, {"source": 40, "target": 144, "weight": 0.054054}, {"source": 40, "target": 89, "weight": 0.00346}, {"source": 40, "target": 160, "weight": 0.015873}, {"source": 40, "target": 41, "weight": 0.007246}, {"source": 40, "target": 54, "weight": 0.003717}, {"source": 40, "target": 55, "weight": 0.02}, {"source": 41, "target": 87, "weight": 0.006803}, {"source": 41, "target": 136, "weight": 0.004608}, {"source": 41, "target": 141, "weight": 0.006803}, {"source": 41, "target": 89, "weight": 0.002646}, {"source": 41, "target": 91, "weight": 0.007353}, {"source": 41, "target": 127, "weight": 0.007634}, {"source": 41, "target": 43, "weight": 0.011696}, {"source": 41, "target": 96, "weight": 0.020408}, {"source": 41, "target": 109, "weight": 0.010309}, {"source": 41, "target": 46, "weight": 0.008929}, {"source": 41, "target": 131, "weight": 0.004049}, {"source": 41, "target": 134, "weight": 0.006757}, {"source": 41, "target": 162, "weight": 0.006329}, {"source": 41, "target": 66, "weight": 0.011834}, {"source": 41, "target": 138, "weight": 0.012422}, {"source": 41, "target": 54, "weight": 0.019886}, {"source": 41, "target": 104, "weight": 0.006711}, {"source": 41, "target": 139, "weight": 0.019231}, {"source": 41, "target": 57, "weight": 0.01005}, {"source": 41, "target": 59, "weight": 0.022727}, {"source": 41, "target": 61, "weight": 0.007576}, {"source": 41, "target": 144, "weight": 0.007874}, {"source": 41, "target": 63, "weight": 0.003165}, {"source": 41, "target": 148, "weight": 0.004878}, {"source": 41, "target": 114, "weight": 0.01227}, {"source": 41, "target": 68, "weight": 0.007752}, {"source": 41, "target": 53, "weight": 0.004505}, {"source": 41, "target": 153, "weight": 0.012658}, {"source": 41, "target": 69, "weight": 0.016287}, {"source": 41, "target": 70, "weight": 0.006452}, {"source": 41, "target": 121, "weight": 0.037037}, {"source": 41, "target": 122, "weight": 0.082474}, {"source": 41, "target": 130, "weight": 0.007463}, {"source": 41, "target": 82, "weight": 0.013201}, {"source": 41, "target": 85, "weight": 0.007299}, {"source": 42, "target": 69, "weight": 0.004854}, {"source": 42, "target": 57, "weight": 0.003378}, {"source": 42, "target": 89, "weight": 0.007353}, {"source": 42, "target": 63, "weight": 0.004739}, {"source": 42, "target": 52, "weight": 0.018182}, {"source": 43, "target": 87, "weight": 0.01087}, {"source": 43, "target": 88, "weight": 0.03876}, {"source": 43, "target": 89, "weight": 0.0125}, {"source": 43, "target": 91, "weight": 0.012346}, {"source": 43, "target": 102, "weight": 0.021739}, {"source": 43, "target": 54, "weight": 0.0033}, {"source": 43, "target": 139, "weight": 0.056856}, {"source": 43, "target": 59, "weight": 0.012658}, {"source": 43, "target": 108, "weight": 0.010101}, {"source": 43, "target": 109, "weight": 0.007143}, {"source": 43, "target": 111, "weight": 0.02521}, {"source": 43, "target": 66, "weight": 0.007018}, {"source": 43, "target": 121, "weight": 0.011905}, {"source": 43, "target": 124, "weight": 0.010989}, {"source": 43, "target": 82, "weight": 0.008}, {"source": 43, "target": 83, "weight": 0.012048}, {"source": 44, "target": 60, "weight": 0.00641}, {"source": 44, "target": 63, "weight": 0.003937}, {"source": 45, "target": 71, "weight": 0.02439}, {"source": 45, "target": 89, "weight": 0.010909}, {"source": 45, "target": 50, "weight": 0.008333}, {"source": 45, "target": 58, "weight": 0.063492}, {"source": 45, "target": 53, "weight": 0.089286}, {"source": 45, "target": 56, "weight": 0.238095}, {"source": 45, "target": 131, "weight": 0.006849}, {"source": 45, "target": 94, "weight": 0.021277}, {"source": 46, "target": 69, "weight": 0.006494}, {"source": 46, "target": 95, "weight": 0.011905}, {"source": 46, "target": 128, "weight": 0.021053}, {"source": 46, "target": 87, "weight": 0.006897}, {"source": 46, "target": 131, "weight": 0.008197}, {"source": 46, "target": 57, "weight": 0.012658}, {"source": 46, "target": 62, "weight": 0.007353}, {"source": 46, "target": 150, "weight": 0.014388}, {"source": 46, "target": 137, "weight": 0.003876}, {"source": 46, "target": 160, "weight": 0.034247}, {"source": 46, "target": 89, "weight": 0.00266}, {"source": 46, "target": 54, "weight": 0.008475}, {"source": 46, "target": 49, "weight": 0.006536}, {"source": 46, "target": 85, "weight": 0.133333}, {"source": 47, "target": 69, "weight": 0.009569}, {"source": 47, "target": 57, "weight": 0.006689}, {"source": 47, "target": 75, "weight": 0.055556}, {"source": 47, "target": 66, "weight": 0.004167}, {"source": 47, "target": 64, "weight": 0.027397}, {"source": 47, "target": 160, "weight": 0.019608}, {"source": 47, "target": 54, "weight": 0.003891}, {"source": 47, "target": 137, "weight": 0.006289}, {"source": 48, "target": 69, "weight": 0.004367}, {"source": 48, "target": 74, "weight": 0.014493}, {"source": 48, "target": 126, "weight": 0.010753}, {"source": 48, "target": 65, "weight": 0.015625}, {"source": 48, "target": 51, "weight": 0.013514}, {"source": 48, "target": 102, "weight": 0.00885}, {"source": 48, "target": 139, "weight": 0.003472}, {"source": 48, "target": 53, "weight": 0.007143}, {"source": 48, "target": 54, "weight": 0.007273}, {"source": 48, "target": 104, "weight": 0.009259}, {"source": 48, "target": 66, "weight": 0.003861}, {"source": 49, "target": 87, "weight": 0.027027}, {"source": 49, "target": 92, "weight": 0.015625}, {"source": 49, "target": 93, "weight": 0.020833}, {"source": 49, "target": 101, "weight": 0.059524}, {"source": 49, "target": 54, "weight": 0.003497}, {"source": 49, "target": 139, "weight": 0.006734}, {"source": 49, "target": 57, "weight": 0.00304}, {"source": 49, "target": 109, "weight": 0.00813}, {"source": 49, "target": 145, "weight": 0.057471}, {"source": 49, "target": 113, "weight": 0.014085}, {"source": 49, "target": 66, "weight": 0.011236}, {"source": 49, "target": 69, "weight": 0.008403}, {"source": 49, "target": 73, "weight": 0.011765}, {"source": 49, "target": 130, "weight": 0.005076}, {"source": 49, "target": 160, "weight": 0.025316}, {"source": 49, "target": 82, "weight": 0.004274}, {"source": 50, "target": 57, "weight": 0.005076}, {"source": 50, "target": 132, "weight": 0.005952}, {"source": 50, "target": 60, "weight": 0.009479}, {"source": 50, "target": 63, "weight": 0.006472}, {"source": 50, "target": 128, "weight": 0.005291}, {"source": 50, "target": 140, "weight": 0.007246}, {"source": 50, "target": 102, "weight": 0.027027}, {"source": 50, "target": 56, "weight": 0.006849}, {"source": 51, "target": 69, "weight": 0.004167}, {"source": 51, "target": 113, "weight": 0.013889}, {"source": 51, "target": 160, "weight": 0.012346}, {"source": 53, "target": 89, "weight": 0.080925}, {"source": 53, "target": 126, "weight": 0.023952}, {"source": 53, "target": 131, "weight": 0.038462}, {"source": 53, "target": 94, "weight": 0.014085}, {"source": 53, "target": 95, "weight": 0.006024}, {"source": 53, "target": 137, "weight": 0.003922}, {"source": 53, "target": 101, "weight": 0.006452}, {"source": 53, "target": 54, "weight": 0.008547}, {"source": 53, "target": 56, "weight": 0.072464}, {"source": 53, "target": 57, "weight": 0.010178}, {"source": 53, "target": 144, "weight": 0.008197}, {"source": 53, "target": 63, "weight": 0.003215}, {"source": 53, "target": 150, "weight": 0.007299}, {"source": 53, "target": 69, "weight": 0.019934}, {"source": 53, "target": 71, "weight": 0.007299}, {"source": 53, "target": 124, "weight": 0.007092}, {"source": 54, "target": 136, "weight": 0.005764}, {"source": 54, "target": 89, "weight": 0.007905}, {"source": 54, "target": 127, "weight": 0.003817}, {"source": 54, "target": 129, "weight": 0.003636}, {"source": 54, "target": 92, "weight": 0.011321}, {"source": 54, "target": 93, "weight": 0.006689}, {"source": 54, "target": 128, "weight": 0.003067}, {"source": 54, "target": 96, "weight": 0.003571}, {"source": 54, "target": 117, "weight": 0.003226}, {"source": 54, "target": 131, "weight": 0.005305}, {"source": 54, "target": 137, "weight": 0.010309}, {"source": 54, "target": 138, "weight": 0.010309}, {"source": 54, "target": 140, "weight": 0.010989}, {"source": 54, "target": 101, "weight": 0.006897}, {"source": 54, "target": 104, "weight": 0.011737}, {"source": 54, "target": 139, "weight": 0.120536}, {"source": 54, "target": 57, "weight": 0.01912}, {"source": 54, "target": 95, "weight": 0.037671}, {"source": 54, "target": 58, "weight": 0.003356}, {"source": 54, "target": 60, "weight": 0.002865}, {"source": 54, "target": 109, "weight": 0.021875}, {"source": 54, "target": 144, "weight": 0.003876}, {"source": 54, "target": 63, "weight": 0.011287}, {"source": 54, "target": 64, "weight": 0.003268}, {"source": 54, "target": 65, "weight": 0.00361}, {"source": 54, "target": 66, "weight": 0.021598}, {"source": 54, "target": 153, "weight": 0.00692}, {"source": 54, "target": 69, "weight": 0.011416}, {"source": 54, "target": 70, "weight": 0.003497}, {"source": 54, "target": 73, "weight": 0.003472}, {"source": 54, "target": 74, "weight": 0.003546}, {"source": 54, "target": 122, "weight": 0.004505}, {"source": 54, "target": 156, "weight": 0.003906}, {"source": 54, "target": 130, "weight": 0.012626}, {"source": 54, "target": 79, "weight": 0.003663}, {"source": 54, "target": 55, "weight": 0.003704}, {"source": 54, "target": 160, "weight": 0.003534}, {"source": 54, "target": 113, "weight": 0.00365}, {"source": 54, "target": 161, "weight": 0.003663}, {"source": 54, "target": 82, "weight": 0.028169}, {"source": 54, "target": 134, "weight": 0.007194}, {"source": 55, "target": 69, "weight": 0.004484}, {"source": 55, "target": 58, "weight": 0.012658}, {"source": 55, "target": 66, "weight": 0.003953}, {"source": 55, "target": 89, "weight": 0.00692}, {"source": 55, "target": 76, "weight": 0.016393}, {"source": 55, "target": 127, "weight": 0.023256}, {"source": 55, "target": 131, "weight": 0.006289}, {"source": 55, "target": 137, "weight": 0.005814}, {"source": 55, "target": 93, "weight": 0.012346}, {"source": 55, "target": 94, "weight": 0.016667}, {"source": 56, "target": 69, "weight": 0.004237}, {"source": 56, "target": 71, "weight": 0.014925}, {"source": 56, "target": 89, "weight": 0.023569}, {"source": 56, "target": 64, "weight": 0.020202}, {"source": 56, "target": 145, "weight": 0.022989}, {"source": 56, "target": 122, "weight": 0.004184}, {"source": 56, "target": 98, "weight": 0.039216}, {"source": 56, "target": 130, "weight": 0.005155}, {"source": 56, "target": 137, "weight": 0.005405}, {"source": 56, "target": 58, "weight": 0.044944}, {"source": 56, "target": 82, "weight": 0.004329}, {"source": 56, "target": 63, "weight": 0.004149}, {"source": 56, "target": 131, "weight": 0.035928}, {"source": 56, "target": 104, "weight": 0.004464}, {"source": 56, "target": 94, "weight": 0.013699}, {"source": 57, "target": 86, "weight": 0.003247}, {"source": 57, "target": 87, "weight": 0.012579}, {"source": 57, "target": 136, "weight": 0.002558}, {"source": 57, "target": 89, "weight": 0.005455}, {"source": 57, "target": 98, "weight": 0.003322}, {"source": 57, "target": 112, "weight": 0.002933}, {"source": 57, "target": 128, "weight": 0.085044}, {"source": 57, "target": 133, "weight": 0.003077}, {"source": 57, "target": 131, "weight": 0.009569}, {"source": 57, "target": 93, "weight": 0.008798}, {"source": 57, "target": 95, "weight": 0.011696}, {"source": 57, "target": 132, "weight": 0.002874}, {"source": 57, "target": 135, "weight": 0.00339}, {"source": 57, "target": 137, "weight": 0.011628}, {"source": 57, "target": 138, "weight": 0.008982}, {"source": 57, "target": 101, "weight": 0.006006}, {"source": 57, "target": 104, "weight": 0.002114}, {"source": 57, "target": 139, "weight": 0.009259}, {"source": 57, "target": 143, "weight": 0.003236}, {"source": 57, "target": 58, "weight": 0.002933}, {"source": 57, "target": 59, "weight": 0.009804}, {"source": 57, "target": 60, "weight": 0.002551}, {"source": 57, "target": 61, "weight": 0.003268}, {"source": 57, "target": 70, "weight": 0.009174}, {"source": 57, "target": 62, "weight": 0.006431}, {"source": 57, "target": 63, "weight": 0.02079}, {"source": 57, "target": 64, "weight": 0.005747}, {"source": 57, "target": 126, "weight": 0.002865}, {"source": 57, "target": 114, "weight": 0.002959}, {"source": 57, "target": 124, "weight": 0.003125}, {"source": 57, "target": 108, "weight": 0.003049}, {"source": 57, "target": 67, "weight": 0.006645}, {"source": 57, "target": 117, "weight": 0.002833}, {"source": 57, "target": 152, "weight": 0.002747}, {"source": 57, "target": 118, "weight": 0.006579}, {"source": 57, "target": 69, "weight": 0.0125}, {"source": 57, "target": 110, "weight": 0.003311}, {"source": 57, "target": 162, "weight": 0.006042}, {"source": 57, "target": 73, "weight": 0.003021}, {"source": 57, "target": 122, "weight": 0.002049}, {"source": 57, "target": 66, "weight": 0.017751}, {"source": 57, "target": 127, "weight": 0.003279}, {"source": 57, "target": 130, "weight": 0.025404}, {"source": 57, "target": 77, "weight": 0.003195}, {"source": 57, "target": 151, "weight": 0.00339}, {"source": 57, "target": 79, "weight": 0.003165}, {"source": 57, "target": 160, "weight": 0.015528}, {"source": 57, "target": 113, "weight": 0.009524}, {"source": 57, "target": 161, "weight": 0.003165}, {"source": 57, "target": 82, "weight": 0.004175}, {"source": 57, "target": 134, "weight": 0.012539}, {"source": 58, "target": 69, "weight": 0.016129}, {"source": 58, "target": 71, "weight": 0.012195}, {"source": 58, "target": 60, "weight": 0.006329}, {"source": 58, "target": 131, "weight": 0.032967}, {"source": 58, "target": 89, "weight": 0.092466}, {"source": 58, "target": 137, "weight": 0.005}, {"source": 58, "target": 126, "weight": 0.017544}, {"source": 58, "target": 124, "weight": 0.011628}, {"source": 58, "target": 94, "weight": 0.022989}, {"source": 59, "target": 69, "weight": 0.009217}, {"source": 59, "target": 87, "weight": 0.037736}, {"source": 59, "target": 137, "weight": 0.005988}, {"source": 59, "target": 123, "weight": 0.027778}, {"source": 59, "target": 160, "weight": 0.034483}, {"source": 59, "target": 128, "weight": 0.009804}, {"source": 60, "target": 88, "weight": 0.005587}, {"source": 60, "target": 89, "weight": 0.00271}, {"source": 60, "target": 128, "weight": 0.005376}, {"source": 60, "target": 132, "weight": 0.006061}, {"source": 60, "target": 146, "weight": 0.008333}, {"source": 60, "target": 102, "weight": 0.005376}, {"source": 60, "target": 105, "weight": 0.008403}, {"source": 60, "target": 108, "weight": 0.006897}, {"source": 60, "target": 111, "weight": 0.037037}, {"source": 60, "target": 117, "weight": 0.017857}, {"source": 60, "target": 118, "weight": 0.008197}, {"source": 61, "target": 142, "weight": 0.029412}, {"source": 61, "target": 162, "weight": 0.032258}, {"source": 62, "target": 69, "weight": 0.004505}, {"source": 62, "target": 86, "weight": 0.022222}, {"source": 62, "target": 136, "weight": 0.007813}, {"source": 62, "target": 130, "weight": 0.028409}, {"source": 62, "target": 93, "weight": 0.0125}, {"source": 62, "target": 160, "weight": 0.015873}, {"source": 62, "target": 139, "weight": 0.003559}, {"source": 62, "target": 63, "weight": 0.022422}, {"source": 62, "target": 131, "weight": 0.019231}, {"source": 62, "target": 104, "weight": 0.004762}, {"source": 62, "target": 94, "weight": 0.052632}, {"source": 63, "target": 87, "weight": 0.004237}, {"source": 63, "target": 136, "weight": 0.003268}, {"source": 63, "target": 88, "weight": 0.00361}, {"source": 63, "target": 89, "weight": 0.002141}, {"source": 63, "target": 92, "weight": 0.008929}, {"source": 63, "target": 131, "weight": 0.008982}, {"source": 63, "target": 95, "weight": 0.007722}, {"source": 63, "target": 162, "weight": 0.004049}, {"source": 63, "target": 135, "weight": 0.004762}, {"source": 63, "target": 98, "weight": 0.00463}, {"source": 63, "target": 101, "weight": 0.004016}, {"source": 63, "target": 102, "weight": 0.003521}, {"source": 63, "target": 139, "weight": 0.010989}, {"source": 63, "target": 103, "weight": 0.00365}, {"source": 63, "target": 104, "weight": 0.03183}, {"source": 63, "target": 143, "weight": 0.004464}, {"source": 63, "target": 108, "weight": 0.004115}, {"source": 63, "target": 109, "weight": 0.007067}, {"source": 63, "target": 76, "weight": 0.012712}, {"source": 63, "target": 148, "weight": 0.006826}, {"source": 63, "target": 159, "weight": 0.00463}, {"source": 63, "target": 65, "weight": 0.004255}, {"source": 63, "target": 66, "weight": 0.011737}, {"source": 63, "target": 152, "weight": 0.007194}, {"source": 63, "target": 69, "weight": 0.0025}, {"source": 63, "target": 70, "weight": 0.004098}, {"source": 63, "target": 120, "weight": 0.004608}, {"source": 63, "target": 71, "weight": 0.004329}, {"source": 63, "target": 74, "weight": 0.004167}, {"source": 63, "target": 122, "weight": 0.002481}, {"source": 63, "target": 130, "weight": 0.165584}, {"source": 63, "target": 64, "weight": 0.003788}, {"source": 63, "target": 123, "weight": 0.004587}, {"source": 63, "target": 80, "weight": 0.004149}, {"source": 63, "target": 113, "weight": 0.00431}, {"source": 63, "target": 161, "weight": 0.104762}, {"source": 63, "target": 82, "weight": 0.007634}, {"source": 64, "target": 69, "weight": 0.209302}, {"source": 64, "target": 95, "weight": 0.008403}, {"source": 64, "target": 89, "weight": 0.003067}, {"source": 64, "target": 160, "weight": 0.063158}, {"source": 64, "target": 73, "weight": 0.009524}, {"source": 64, "target": 144, "weight": 0.027027}, {"source": 64, "target": 131, "weight": 0.005128}, {"source": 64, "target": 137, "weight": 0.014563}, {"source": 64, "target": 98, "weight": 0.206349}, {"source": 64, "target": 146, "weight": 0.012987}, {"source": 64, "target": 85, "weight": 0.011765}, {"source": 65, "target": 74, "weight": 0.44898}, {"source": 65, "target": 128, "weight": 0.008772}, {"source": 65, "target": 92, "weight": 0.018182}, {"source": 66, "target": 135, "weight": 0.004255}, {"source": 66, "target": 87, "weight": 0.069388}, {"source": 66, "target": 89, "weight": 0.024948}, {"source": 66, "target": 126, "weight": 0.010453}, {"source": 66, "target": 128, "weight": 0.003236}, {"source": 66, "target": 92, "weight": 0.004}, {"source": 66, "target": 131, "weight": 0.011173}, {"source": 66, "target": 137, "weight": 0.013514}, {"source": 66, "target": 138, "weight": 0.007273}, {"source": 66, "target": 144, "weight": 0.004149}, {"source": 66, "target": 67, "weight": 0.008299}, {"source": 66, "target": 148, "weight": 0.003135}, {"source": 66, "target": 153, "weight": 0.014815}, {"source": 66, "target": 69, "weight": 0.019139}, {"source": 66, "target": 71, "weight": 0.003906}, {"source": 66, "target": 74, "weight": 0.003774}, {"source": 66, "target": 160, "weight": 0.011364}, {"source": 66, "target": 124, "weight": 0.031621}, {"source": 67, "target": 69, "weight": 0.004717}, {"source": 67, "target": 109, "weight": 0.021053}, {"source": 67, "target": 73, "weight": 0.017241}, {"source": 67, "target": 134, "weight": 0.020408}, {"source": 67, "target": 136, "weight": 0.008475}, {"source": 67, "target": 91, "weight": 0.027027}, {"source": 67, "target": 113, "weight": 0.022727}, {"source": 67, "target": 128, "weight": 0.010417}, {"source": 67, "target": 82, "weight": 0.004831}, {"source": 69, "target": 86, "weight": 0.004587}, {"source": 69, "target": 135, "weight": 0.009804}, {"source": 69, "target": 87, "weight": 0.0131}, {"source": 69, "target": 136, "weight": 0.013423}, {"source": 69, "target": 89, "weight": 0.033482}, {"source": 69, "target": 98, "weight": 0.009524}, {"source": 69, "target": 93, "weight": 0.011952}, {"source": 69, "target": 95, "weight": 0.003922}, {"source": 69, "target": 96, "weight": 0.004292}, {"source": 69, "target": 131, "weight": 0.021538}, {"source": 69, "target": 100, "weight": 0.00495}, {"source": 69, "target": 137, "weight": 0.005831}, {"source": 69, "target": 138, "weight": 0.004065}, {"source": 69, "target": 140, "weight": 0.008811}, {"source": 69, "target": 101, "weight": 0.00823}, {"source": 69, "target": 139, "weight": 0.011111}, {"source": 69, "target": 104, "weight": 0.010526}, {"source": 69, "target": 107, "weight": 0.004739}, {"source": 69, "target": 160, "weight": 0.156098}, {"source": 69, "target": 109, "weight": 0.01083}, {"source": 69, "target": 144, "weight": 0.014354}, {"source": 69, "target": 146, "weight": 0.004695}, {"source": 69, "target": 148, "weight": 0.006944}, {"source": 69, "target": 126, "weight": 0.003861}, {"source": 69, "target": 153, "weight": 0.008264}, {"source": 69, "target": 73, "weight": 0.008333}, {"source": 69, "target": 74, "weight": 0.004255}, {"source": 69, "target": 122, "weight": 0.028351}, {"source": 69, "target": 130, "weight": 0.011429}, {"source": 69, "target": 79, "weight": 0.008889}, {"source": 69, "target": 113, "weight": 0.00885}, {"source": 69, "target": 82, "weight": 0.018229}, {"source": 69, "target": 85, "weight": 0.004525}, {"source": 70, "target": 89, "weight": 0.003268}, {"source": 70, "target": 92, "weight": 0.015625}, {"source": 70, "target": 161, "weight": 0.014286}, {"source": 70, "target": 118, "weight": 0.034483}, {"source": 71, "target": 89, "weight": 0.003413}, {"source": 71, "target": 139, "weight": 0.003509}, {"source": 71, "target": 131, "weight": 0.025157}, {"source": 71, "target": 104, "weight": 0.004673}, {"source": 71, "target": 94, "weight": 0.163636}, {"source": 73, "target": 89, "weight": 0.003247}, {"source": 73, "target": 127, "weight": 0.016393}, {"source": 73, "target": 131, "weight": 0.00565}, {"source": 73, "target": 95, "weight": 0.009901}, {"source": 73, "target": 137, "weight": 0.005263}, {"source": 73, "target": 140, "weight": 0.013514}, {"source": 73, "target": 104, "weight": 0.004367}, {"source": 73, "target": 139, "weight": 0.006689}, {"source": 73, "target": 106, "weight": 0.168831}, {"source": 73, "target": 145, "weight": 0.032967}, {"source": 73, "target": 148, "weight": 0.007407}, {"source": 73, "target": 130, "weight": 0.005025}, {"source": 73, "target": 160, "weight": 0.012195}, {"source": 73, "target": 82, "weight": 0.004237}, {"source": 74, "target": 117, "weight": 0.009709}, {"source": 74, "target": 131, "weight": 0.005848}, {"source": 74, "target": 130, "weight": 0.010417}, {"source": 74, "target": 109, "weight": 0.016949}, {"source": 74, "target": 128, "weight": 0.008403}, {"source": 74, "target": 129, "weight": 0.014706}, {"source": 74, "target": 92, "weight": 0.016667}, {"source": 74, "target": 124, "weight": 0.014286}, {"source": 74, "target": 82, "weight": 0.008734}, {"source": 76, "target": 105, "weight": 0.02}, {"source": 76, "target": 149, "weight": 0.043478}, {"source": 76, "target": 136, "weight": 0.007194}, {"source": 76, "target": 89, "weight": 0.003333}, {"source": 76, "target": 125, "weight": 0.042553}, {"source": 76, "target": 161, "weight": 0.048387}, {"source": 76, "target": 151, "weight": 0.023256}, {"source": 76, "target": 137, "weight": 0.005495}, {"source": 79, "target": 126, "weight": 0.011111}, {"source": 79, "target": 137, "weight": 0.005714}, {"source": 79, "target": 128, "weight": 0.009091}, {"source": 81, "target": 104, "weight": 0.005155}, {"source": 81, "target": 139, "weight": 0.003774}, {"source": 82, "target": 87, "weight": 0.008889}, {"source": 82, "target": 89, "weight": 0.022321}, {"source": 82, "target": 126, "weight": 0.007905}, {"source": 82, "target": 131, "weight": 0.003067}, {"source": 82, "target": 137, "weight": 0.014925}, {"source": 82, "target": 148, "weight": 0.003521}, {"source": 82, "target": 152, "weight": 0.003717}, {"source": 82, "target": 155, "weight": 0.004808}, {"source": 82, "target": 160, "weight": 0.0131}, {"source": 82, "target": 124, "weight": 0.008929}, {"source": 83, "target": 119, "weight": 0.027778}, {"source": 83, "target": 93, "weight": 0.0125}, {"source": 84, "target": 132, "weight": 0.035714}, {"source": 85, "target": 144, "weight": 0.027027}, {"source": 85, "target": 158, "weight": 0.296296}, {"source": 85, "target": 93, "weight": 0.012658}, {"source": 86, "target": 128, "weight": 0.009804}, {"source": 86, "target": 160, "weight": 0.016949}, {"source": 87, "target": 136, "weight": 0.007299}, {"source": 87, "target": 93, "weight": 0.011236}, {"source": 87, "target": 134, "weight": 0.014706}, {"source": 87, "target": 135, "weight": 0.02439}, {"source": 87, "target": 137, "weight": 0.005556}, {"source": 87, "target": 139, "weight": 0.003448}, {"source": 87, "target": 140, "weight": 0.015625}, {"source": 87, "target": 104, "weight": 0.004566}, {"source": 87, "target": 109, "weight": 0.017544}, {"source": 87, "target": 113, "weight": 0.032258}, {"source": 87, "target": 153, "weight": 0.012658}, {"source": 87, "target": 130, "weight": 0.010638}, {"source": 87, "target": 160, "weight": 0.042857}, {"source": 87, "target": 124, "weight": 0.015152}, {"source": 88, "target": 89, "weight": 0.00295}, {"source": 88, "target": 138, "weight": 0.016393}, {"source": 88, "target": 102, "weight": 0.365217}, {"source": 89, "target": 136, "weight": 0.00545}, {"source": 89, "target": 126, "weight": 0.012384}, {"source": 89, "target": 91, "weight": 0.006993}, {"source": 89, "target": 127, "weight": 0.003546}, {"source": 89, "target": 92, "weight": 0.003484}, {"source": 89, "target": 129, "weight": 0.00339}, {"source": 89, "target": 131, "weight": 0.05277}, {"source": 89, "target": 93, "weight": 0.003125}, {"source": 89, "target": 94, "weight": 0.010101}, {"source": 89, "target": 128, "weight": 0.00289}, {"source": 89, "target": 117, "weight": 0.00303}, {"source": 89, "target": 137, "weight": 0.012285}, {"source": 89, "target": 138, "weight": 0.003195}, {"source": 89, "target": 102, "weight": 0.00289}, {"source": 89, "target": 139, "weight": 0.007722}, {"source": 89, "target": 106, "weight": 0.003226}, {"source": 89, "target": 107, "weight": 0.00722}, {"source": 89, "target": 108, "weight": 0.003279}, {"source": 89, "target": 109, "weight": 0.011662}, {"source": 89, "target": 145, "weight": 0.003185}, {"source": 89, "target": 111, "weight": 0.003058}, {"source": 89, "target": 147, "weight": 0.002967}, {"source": 89, "target": 153, "weight": 0.003226}, {"source": 89, "target": 122, "weight": 0.006479}, {"source": 89, "target": 130, "weight": 0.002381}, {"source": 89, "target": 160, "weight": 0.0033}, {"source": 89, "target": 124, "weight": 0.053004}, {"source": 90, "target": 153, "weight": 0.015385}, {"source": 91, "target": 138, "weight": 0.028571}, {"source": 91, "target": 124, "weight": 0.056604}, {"source": 91, "target": 131, "weight": 0.00641}, {"source": 92, "target": 122, "weight": 0.004484}, {"source": 92, "target": 129, "weight": 0.018868}, {"source": 92, "target": 117, "weight": 0.034884}, {"source": 92, "target": 130, "weight": 0.005618}, {"source": 93, "target": 148, "weight": 0.006803}, {"source": 93, "target": 160, "weight": 0.032609}, {"source": 93, "target": 146, "weight": 0.043478}, {"source": 93, "target": 128, "weight": 0.007299}, {"source": 93, "target": 131, "weight": 0.005291}, {"source": 94, "target": 139, "weight": 0.003436}, {"source": 94, "target": 130, "weight": 0.010582}, {"source": 94, "target": 127, "weight": 0.019231}, {"source": 94, "target": 126, "weight": 0.010417}, {"source": 94, "target": 113, "weight": 0.015625}, {"source": 94, "target": 133, "weight": 0.057971}, {"source": 94, "target": 131, "weight": 0.181818}, {"source": 95, "target": 110, "weight": 0.013889}, {"source": 95, "target": 107, "weight": 0.014085}, {"source": 95, "target": 131, "weight": 0.005236}, {"source": 95, "target": 160, "weight": 0.010417}, {"source": 95, "target": 101, "weight": 0.019417}, {"source": 95, "target": 139, "weight": 0.003185}, {"source": 95, "target": 130, "weight": 0.004695}, {"source": 95, "target": 137, "weight": 0.004902}, {"source": 96, "target": 148, "weight": 0.007874}, {"source": 98, "target": 145, "weight": 0.015873}, {"source": 98, "target": 136, "weight": 0.008547}, {"source": 98, "target": 137, "weight": 0.012579}, {"source": 98, "target": 160, "weight": 0.019231}, {"source": 98, "target": 104, "weight": 0.010101}, {"source": 99, "target": 148, "weight": 0.010101}, {"source": 100, "target": 150, "weight": 0.030303}, {"source": 100, "target": 131, "weight": 0.007246}, {"source": 100, "target": 124, "weight": 0.027027}, {"source": 101, "target": 145, "weight": 0.2125}, {"source": 101, "target": 138, "weight": 0.021277}, {"source": 101, "target": 140, "weight": 0.054054}, {"source": 101, "target": 157, "weight": 0.057692}, {"source": 102, "target": 103, "weight": 0.006536}, {"source": 102, "target": 108, "weight": 0.008197}, {"source": 102, "target": 111, "weight": 0.006944}, {"source": 102, "target": 136, "weight": 0.005405}, {"source": 102, "target": 138, "weight": 0.015504}, {"source": 102, "target": 113, "weight": 0.009009}, {"source": 102, "target": 112, "weight": 0.007407}, {"source": 102, "target": 104, "weight": 0.003745}, {"source": 103, "target": 132, "weight": 0.015267}, {"source": 103, "target": 147, "weight": 0.013986}, {"source": 104, "target": 137, "weight": 0.009091}, {"source": 104, "target": 144, "weight": 0.005025}, {"source": 104, "target": 147, "weight": 0.003876}, {"source": 104, "target": 148, "weight": 0.219298}, {"source": 104, "target": 118, "weight": 0.004926}, {"source": 104, "target": 124, "weight": 0.004587}, {"source": 105, "target": 120, "weight": 0.111111}, {"source": 105, "target": 146, "weight": 0.033333}, {"source": 105, "target": 137, "weight": 0.006211}, {"source": 105, "target": 118, "weight": 0.03125}, {"source": 106, "target": 148, "weight": 0.007299}, {"source": 106, "target": 137, "weight": 0.005208}, {"source": 106, "target": 131, "weight": 0.005587}, {"source": 108, "target": 132, "weight": 0.051546}, {"source": 108, "target": 128, "weight": 0.008197}, {"source": 108, "target": 152, "weight": 0.008547}, {"source": 109, "target": 148, "weight": 0.00578}, {"source": 109, "target": 126, "weight": 0.014085}, {"source": 109, "target": 160, "weight": 0.008333}, {"source": 109, "target": 124, "weight": 0.017699}, {"source": 110, "target": 137, "weight": 0.006211}, {"source": 110, "target": 113, "weight": 0.022727}, {"source": 111, "target": 132, "weight": 0.00813}, {"source": 111, "target": 148, "weight": 0.006494}, {"source": 111, "target": 140, "weight": 0.010753}, {"source": 112, "target": 132, "weight": 0.008772}, {"source": 113, "target": 160, "weight": 0.014706}, {"source": 113, "target": 153, "weight": 0.013333}, {"source": 113, "target": 131, "weight": 0.012346}, {"source": 113, "target": 152, "weight": 0.009434}, {"source": 114, "target": 150, "weight": 0.012658}, {"source": 114, "target": 148, "weight": 0.028777}, {"source": 115, "target": 137, "weight": 0.00641}, {"source": 115, "target": 156, "weight": 0.047619}, {"source": 116, "target": 153, "weight": 0.014706}, {"source": 117, "target": 162, "weight": 0.009091}, {"source": 117, "target": 126, "weight": 0.015873}, {"source": 117, "target": 123, "weight": 0.012346}, {"source": 118, "target": 120, "weight": 0.137931}, {"source": 121, "target": 146, "weight": 0.02439}, {"source": 121, "target": 131, "weight": 0.006289}, {"source": 122, "target": 148, "weight": 0.097378}, {"source": 122, "target": 160, "weight": 0.004184}, {"source": 122, "target": 144, "weight": 0.004673}, {"source": 122, "target": 147, "weight": 0.007353}, {"source": 122, "target": 128, "weight": 0.003546}, {"source": 122, "target": 137, "weight": 0.002882}, {"source": 122, "target": 138, "weight": 0.004016}, {"source": 122, "target": 153, "weight": 0.004065}, {"source": 123, "target": 126, "weight": 0.012987}, {"source": 124, "target": 126, "weight": 0.010638}, {"source": 124, "target": 131, "weight": 0.006024}, {"source": 124, "target": 136, "weight": 0.014815}, {"source": 124, "target": 138, "weight": 0.012346}, {"source": 124, "target": 139, "weight": 0.010453}, {"source": 125, "target": 149, "weight": 0.785714}, {"source": 126, "target": 129, "weight": 0.01087}, {"source": 126, "target": 131, "weight": 0.005128}, {"source": 126, "target": 136, "weight": 0.006061}, {"source": 126, "target": 137, "weight": 0.004808}, {"source": 126, "target": 139, "weight": 0.009494}, {"source": 127, "target": 131, "weight": 0.006623}, {"source": 128, "target": 131, "weight": 0.004651}, {"source": 128, "target": 132, "weight": 0.007042}, {"source": 128, "target": 134, "weight": 0.008621}, {"source": 128, "target": 141, "weight": 0.008696}, {"source": 128, "target": 150, "weight": 0.027778}, {"source": 128, "target": 162, "weight": 0.007937}, {"source": 130, "target": 131, "weight": 0.017544}, {"source": 130, "target": 135, "weight": 0.006135}, {"source": 130, "target": 148, "weight": 0.004049}, {"source": 130, "target": 153, "weight": 0.004975}, {"source": 130, "target": 155, "weight": 0.005848}, {"source": 130, "target": 161, "weight": 0.005435}, {"source": 131, "target": 133, "weight": 0.02381}, {"source": 131, "target": 134, "weight": 0.018072}, {"source": 131, "target": 137, "weight": 0.010791}, {"source": 131, "target": 139, "weight": 0.012953}, {"source": 131, "target": 145, "weight": 0.005464}, {"source": 131, "target": 146, "weight": 0.006711}, {"source": 131, "target": 152, "weight": 0.004762}, {"source": 131, "target": 158, "weight": 0.005587}, {"source": 132, "target": 143, "weight": 0.0375}, {"source": 132, "target": 162, "weight": 0.081633}, {"source": 132, "target": 152, "weight": 0.022222}, {"source": 133, "target": 137, "weight": 0.005435}, {"source": 134, "target": 144, "weight": 0.020833}, {"source": 135, "target": 160, "weight": 0.021739}, {"source": 135, "target": 139, "weight": 0.007605}, {"source": 136, "target": 137, "weight": 0.008032}, {"source": 136, "target": 140, "weight": 0.007463}, {"source": 136, "target": 153, "weight": 0.013514}, {"source": 136, "target": 160, "weight": 0.014184}, {"source": 137, "target": 139, "weight": 0.01}, {"source": 137, "target": 145, "weight": 0.005102}, {"source": 137, "target": 153, "weight": 0.005208}, {"source": 137, "target": 156, "weight": 0.012739}, {"source": 137, "target": 160, "weight": 0.005405}, {"source": 138, "target": 145, "weight": 0.010204}, {"source": 138, "target": 157, "weight": 0.036364}, {"source": 138, "target": 139, "weight": 0.009901}, {"source": 139, "target": 140, "weight": 0.003484}, {"source": 139, "target": 153, "weight": 0.003311}, {"source": 139, "target": 160, "weight": 0.00339}, {"source": 140, "target": 145, "weight": 0.0125}, {"source": 141, "target": 142, "weight": 0.020408}, {"source": 141, "target": 162, "weight": 0.039474}, {"source": 142, "target": 162, "weight": 0.033898}, {"source": 143, "target": 162, "weight": 0.425532}, {"source": 143, "target": 152, "weight": 0.253165}, {"source": 145, "target": 157, "weight": 0.017544}, {"source": 146, "target": 158, "weight": 0.016393}, {"source": 146, "target": 160, "weight": 0.018519}, {"source": 147, "target": 148, "weight": 0.006098}, {"source": 151, "target": 161, "weight": 0.027778}, {"source": 152, "target": 162, "weight": 0.207921}, {"source": 153, "target": 160, "weight": 0.011905}, {"source": 154, "target": 158, "weight": 0.017241}], "multigraph": false}