{"directed": false, "graph": {}, "nodes": [{"group": 0, "id": "breadth", "degree": 18}, {"group": 0, "id": "brainchild", "degree": 26}, {"group": 0, "id": "broaden", "degree": 30}, {"group": 0, "id": "bruise"}, {"group": 1, "id": "brilliance", "degree": 21}, {"group": 1, "id": "brain"}, {"group": 2, "id": "bright"}, {"group": 1, "id": "brio"}, {"group": 3, "id": "brim", "degree": 16}, {"group": 0, "id": "brevet", "degree": 5}, {"group": 0, "id": "braid", "degree": 15}, {"group": 0, "id": "brig"}, {"group": 0, "id": "brandish"}, {"group": 0, "id": "brood"}, {"group": 4, "id": "brackish", "degree": 6}, {"group": 5, "id": "brassiere", "degree": 23}, {"group": 2, "id": "breathy", "degree": 4}, {"group": 6, "id": "broom", "degree": 2}, {"group": 2, "id": "brook"}, {"group": 7, "id": "brighten"}, {"group": 2, "id": "bracing", "degree": 24}, {"group": 2, "id": "brawling"}, {"group": 6, "id": "braise", "degree": 23}, {"group": 0, "id": "breach"}, {"group": 0, "id": "brainstorm", "degree": 12}, {"group": 0, "id": "brigade", "degree": 28}, {"group": 6, "id": "brown", "degree": 18}, {"group": 0, "id": "branch"}, {"group": 2, "id": "broadly", "degree": 0}, {"group": 0, "id": "brownie"}, {"group": 0, "id": "break", "degree": 61}, {"group": 1, "id": "breast", "degree": 47}, {"group": 0, "id": "breakage", "degree": 29}, {"group": 2, "id": "bravery", "degree": 11}, {"group": 2, "id": "bread"}, {"group": 1, "id": "brutality", "degree": 7}, {"group": 8, "id": "broiler", "degree": 2}, {"group": 0, "id": "bring"}, {"group": 1, "id": "brightness"}, {"group": 9, "id": "bracelet", "degree": 15}, {"group": 0, "id": "brother"}, {"group": 4, "id": "brimming"}, {"group": 6, "id": "brothel", "degree": 5}, {"group": 0, "id": "briefed"}, {"group": 6, "id": "breeze"}, {"group": 10, "id": "breeder", "degree": 2}, {"group": 2, "id": "brave"}, {"group": 0, "id": "breakthrough"}, {"group": 7, "id": "brittle", "degree": 16}, {"group": 2, "id": "broad", "degree": 64}, {"group": 0, "id": "brainwork"}, {"group": 2, "id": "brief"}, {"group": 0, "id": "brunt", "degree": 9}, {"group": 3, "id": "brink", "degree": 17}, {"group": 0, "id": "breakout"}, {"group": 11, "id": "brier"}, {"group": 11, "id": "bramble", "degree": 17}, {"group": 0, "id": "brewery"}, {"group": 6, "id": "browbeat", "degree": 18}, {"group": 4, "id": "breakaway", "degree": 6}, {"group": 1, "id": "brawn", "degree": 3}, {"group": 6, "id": "brawl"}, {"group": 6, "id": "brewing", "degree": 11}, {"group": 0, "id": "broker", "degree": 8}, {"group": 0, "id": "breccia", "degree": 14}, {"group": 9, "id": "brooch"}, {"group": 0, "id": "broken"}, {"group": 2, "id": "brazen", "degree": 50}, {"group": 6, "id": "broil"}, {"group": 6, "id": "brunet"}, {"group": 2, "id": "bronze"}, {"group": 7, "id": "breakable", "degree": 11}, {"group": 2, "id": "brumal", "degree": 14}, {"group": 2, "id": "braw", "degree": 22}, {"group": 4, "id": "bristling", "degree": 12}, {"group": 2, "id": "brilliant"}, {"group": 0, "id": "bray"}, {"group": 4, "id": "bruiser"}, {"group": 3, "id": "broadside"}, {"group": 4, "id": "brutal", "degree": 20}, {"group": 8, "id": "brooder"}, {"group": 6, "id": "brag", "degree": 25}, {"group": 6, "id": "brutalize"}, {"group": 0, "id": "bran"}, {"group": 0, "id": "broach", "degree": 38}, {"group": 2, "id": "breathtaking"}, {"group": 6, "id": "braggart"}, {"group": 2, "id": "breakneck"}, {"group": 0, "id": "brickbat"}, {"group": 3, "id": "breakwater"}, {"group": 0, "id": "brush"}, {"group": 3, "id": "breastwork"}, {"group": 0, "id": "brokerage", "degree": 6}, {"group": 4, "id": "brindle", "degree": 2}, {"group": 5, "id": "bra"}, {"group": 5, "id": "bracer"}, {"group": 2, "id": "brassy", "degree": 33}, {"group": 2, "id": "breathless", "degree": 18}, {"group": 1, "id": "browse"}, {"group": 0, "id": "breakup", "degree": 16}, {"group": 0, "id": "breed", "degree": 79}, {"group": 4, "id": "brute", "degree": 23}, {"group": 0, "id": "breath", "degree": 43}, {"group": 2, "id": "bromide"}, {"group": 0, "id": "breeching"}, {"group": 4, "id": "brawler", "degree": 14}, {"group": 6, "id": "brainwash", "degree": 2}, {"group": 1, "id": "brevity", "degree": 2}, {"group": 0, "id": "breeding", "degree": 16}, {"group": 0, "id": "broth", "degree": 3}, {"group": 0, "id": "breathe", "degree": 51}, {"group": 2, "id": "brainy"}, {"group": 0, "id": "branching", "degree": 8}, {"group": 0, "id": "brand"}, {"group": 0, "id": "broadcast", "degree": 32}, {"group": 0, "id": "broke", "degree": 5}, {"group": 6, "id": "brunch"}, {"group": 6, "id": "brouhaha", "degree": 24}, {"group": 0, "id": "brick"}, {"group": 2, "id": "brusque", "degree": 26}, {"group": 2, "id": "briefing", "degree": 29}, {"group": 2, "id": "brinkmanship", "degree": 7}, {"group": 0, "id": "bridge"}, {"group": 2, "id": "brotherly"}, {"group": 2, "id": "bronchitis"}, {"group": 3, "id": "brow"}, {"group": 0, "id": "brake"}, {"group": 4, "id": "brawny"}, {"group": 6, "id": "breakfast"}, {"group": 2, "id": "breezy", "degree": 20}, {"group": 0, "id": "brethren"}, {"group": 4, "id": "breadwinning", "degree": 3}, {"group": 4, "id": "bristly", "degree": 4}, {"group": 0, "id": "bridgehead"}, {"group": 11, "id": "bract", "degree": 7}, {"group": 6, "id": "bragging"}, {"group": 5, "id": "bracket"}, {"group": 11, "id": "bristle"}, {"group": 5, "id": "brace"}, {"group": 2, "id": "brisk"}, {"group": 0, "id": "breakdown", "degree": 18}, {"group": 2, "id": "brash", "degree": 24}, {"group": 0, "id": "breadwinner"}, {"group": 6, "id": "bravado"}, {"group": 0, "id": "bridle", "degree": 40}, {"group": 0, "id": "breech"}, {"group": 0, "id": "brotherhood"}, {"group": 2, "id": "brass", "degree": 34}, {"group": 4, "id": "brainless", "degree": 7}, {"group": 0, "id": "brigadier", "degree": 2}, {"group": 0, "id": "bracken", "degree": 10}, {"group": 0, "id": "breather"}, {"group": 0, "id": "broadcasting"}, {"group": 1, "id": "bravura"}, {"group": 0, "id": "bribe", "degree": 16}, {"group": 6, "id": "brew"}, {"group": 10, "id": "breaker", "degree": 2}, {"group": 10, "id": "broncobuster", "degree": 8}], "links": [{"source": 0, "target": 122, "weight": 0.01676}, {"source": 0, "target": 78, "weight": 0.012195}, {"source": 0, "target": 2, "weight": 0.03}, {"source": 0, "target": 89, "weight": 0.008621}, {"source": 0, "target": 100, "weight": 0.004484}, {"source": 0, "target": 84, "weight": 0.007143}, {"source": 0, "target": 152, "weight": 0.025}, {"source": 0, "target": 104, "weight": 0.014493}, {"source": 0, "target": 27, "weight": 0.007435}, {"source": 0, "target": 23, "weight": 0.010753}, {"source": 0, "target": 138, "weight": 0.015385}, {"source": 0, "target": 125, "weight": 0.007246}, {"source": 0, "target": 25, "weight": 0.009434}, {"source": 0, "target": 64, "weight": 0.012987}, {"source": 0, "target": 114, "weight": 0.019231}, {"source": 0, "target": 144, "weight": 0.006803}, {"source": 0, "target": 32, "weight": 0.009091}, {"source": 0, "target": 34, "weight": 0.009346}, {"source": 0, "target": 30, "weight": 0.004918}, {"source": 0, "target": 39, "weight": 0.011628}, {"source": 0, "target": 151, "weight": 0.013158}, {"source": 0, "target": 136, "weight": 0.010526}, {"source": 0, "target": 154, "weight": 0.010526}, {"source": 1, "target": 122, "weight": 0.004405}, {"source": 1, "target": 51, "weight": 0.004167}, {"source": 1, "target": 89, "weight": 0.006173}, {"source": 1, "target": 37, "weight": 0.006579}, {"source": 1, "target": 91, "weight": 0.006803}, {"source": 1, "target": 13, "weight": 0.024691}, {"source": 1, "target": 49, "weight": 0.003135}, {"source": 1, "target": 50, "weight": 0.016667}, {"source": 1, "target": 100, "weight": 0.022727}, {"source": 1, "target": 101, "weight": 0.005102}, {"source": 1, "target": 84, "weight": 0.005376}, {"source": 1, "target": 102, "weight": 0.008772}, {"source": 1, "target": 54, "weight": 0.008403}, {"source": 1, "target": 27, "weight": 0.006349}, {"source": 1, "target": 23, "weight": 0.004292}, {"source": 1, "target": 118, "weight": 0.006211}, {"source": 1, "target": 24, "weight": 0.059829}, {"source": 1, "target": 30, "weight": 0.003044}, {"source": 1, "target": 59, "weight": 0.00565}, {"source": 1, "target": 113, "weight": 0.002755}, {"source": 1, "target": 29, "weight": 0.007042}, {"source": 1, "target": 114, "weight": 0.004902}, {"source": 1, "target": 120, "weight": 0.005714}, {"source": 1, "target": 70, "weight": 0.022727}, {"source": 1, "target": 47, "weight": 0.014493}, {"source": 1, "target": 75, "weight": 0.004831}, {"source": 1, "target": 152, "weight": 0.007874}, {"source": 1, "target": 81, "weight": 0.007353}, {"source": 1, "target": 153, "weight": 0.003937}, {"source": 1, "target": 155, "weight": 0.007813}, {"source": 2, "target": 122, "weight": 0.005376}, {"source": 2, "target": 152, "weight": 0.011628}, {"source": 2, "target": 47, "weight": 0.03125}, {"source": 2, "target": 5, "weight": 0.008264}, {"source": 2, "target": 90, "weight": 0.004237}, {"source": 2, "target": 91, "weight": 0.009434}, {"source": 2, "target": 12, "weight": 0.009259}, {"source": 2, "target": 13, "weight": 0.008065}, {"source": 2, "target": 100, "weight": 0.122549}, {"source": 2, "target": 19, "weight": 0.012346}, {"source": 2, "target": 84, "weight": 0.028169}, {"source": 2, "target": 102, "weight": 0.005319}, {"source": 2, "target": 44, "weight": 0.033333}, {"source": 2, "target": 137, "weight": 0.013333}, {"source": 2, "target": 138, "weight": 0.00495}, {"source": 2, "target": 58, "weight": 0.011628}, {"source": 2, "target": 110, "weight": 0.02}, {"source": 2, "target": 30, "weight": 0.009804}, {"source": 2, "target": 27, "weight": 0.01845}, {"source": 2, "target": 113, "weight": 0.003106}, {"source": 2, "target": 114, "weight": 0.006135}, {"source": 2, "target": 147, "weight": 0.005464}, {"source": 2, "target": 34, "weight": 0.008929}, {"source": 2, "target": 89, "weight": 0.008264}, {"source": 2, "target": 73, "weight": 0.006623}, {"source": 2, "target": 76, "weight": 0.005464}, {"source": 2, "target": 151, "weight": 0.012346}, {"source": 2, "target": 136, "weight": 0.005102}, {"source": 2, "target": 81, "weight": 0.010526}, {"source": 2, "target": 155, "weight": 0.028436}, {"source": 3, "target": 140, "weight": 0.009709}, {"source": 3, "target": 110, "weight": 0.004237}, {"source": 3, "target": 96, "weight": 0.008929}, {"source": 3, "target": 105, "weight": 0.010417}, {"source": 3, "target": 141, "weight": 0.008929}, {"source": 3, "target": 119, "weight": 0.016393}, {"source": 3, "target": 100, "weight": 0.004762}, {"source": 3, "target": 101, "weight": 0.007299}, {"source": 3, "target": 67, "weight": 0.005682}, {"source": 3, "target": 84, "weight": 0.032258}, {"source": 3, "target": 30, "weight": 0.020408}, {"source": 3, "target": 59, "weight": 0.008475}, {"source": 3, "target": 79, "weight": 0.009302}, {"source": 3, "target": 115, "weight": 0.020833}, {"source": 3, "target": 32, "weight": 0.020833}, {"source": 4, "target": 46, "weight": 0.004367}, {"source": 4, "target": 125, "weight": 0.005405}, {"source": 4, "target": 5, "weight": 0.031447}, {"source": 4, "target": 7, "weight": 0.008621}, {"source": 4, "target": 100, "weight": 0.007435}, {"source": 4, "target": 51, "weight": 0.004149}, {"source": 4, "target": 108, "weight": 0.022388}, {"source": 4, "target": 41, "weight": 0.008475}, {"source": 4, "target": 110, "weight": 0.00678}, {"source": 4, "target": 113, "weight": 0.01108}, {"source": 4, "target": 62, "weight": 0.007194}, {"source": 4, "target": 143, "weight": 0.007519}, {"source": 4, "target": 120, "weight": 0.005682}, {"source": 4, "target": 144, "weight": 0.005155}, {"source": 4, "target": 31, "weight": 0.006452}, {"source": 4, "target": 68, "weight": 0.003861}, {"source": 4, "target": 33, "weight": 0.01626}, {"source": 4, "target": 73, "weight": 0.005181}, {"source": 4, "target": 35, "weight": 0.014925}, {"source": 4, "target": 38, "weight": 0.248}, {"source": 4, "target": 75, "weight": 0.019512}, {"source": 4, "target": 76, "weight": 0.004444}, {"source": 4, "target": 153, "weight": 0.21327}, {"source": 4, "target": 155, "weight": 0.007782}, {"source": 4, "target": 121, "weight": 0.008929}, {"source": 5, "target": 30, "weight": 0.004769}, {"source": 5, "target": 150, "weight": 0.010417}, {"source": 5, "target": 100, "weight": 0.004132}, {"source": 5, "target": 39, "weight": 0.009524}, {"source": 5, "target": 64, "weight": 0.010417}, {"source": 5, "target": 101, "weight": 0.005917}, {"source": 5, "target": 102, "weight": 0.015}, {"source": 5, "target": 79, "weight": 0.004032}, {"source": 5, "target": 107, "weight": 0.012821}, {"source": 5, "target": 31, "weight": 0.04918}, {"source": 5, "target": 120, "weight": 0.006757}, {"source": 5, "target": 147, "weight": 0.010204}, {"source": 5, "target": 84, "weight": 0.012658}, {"source": 6, "target": 110, "weight": 0.005195}, {"source": 6, "target": 71, "weight": 0.009479}, {"source": 6, "target": 96, "weight": 0.007663}, {"source": 6, "target": 72, "weight": 0.008734}, {"source": 6, "target": 73, "weight": 0.036496}, {"source": 6, "target": 14, "weight": 0.004608}, {"source": 6, "target": 141, "weight": 0.011538}, {"source": 6, "target": 119, "weight": 0.003663}, {"source": 6, "target": 49, "weight": 0.007353}, {"source": 6, "target": 100, "weight": 0.005571}, {"source": 6, "target": 67, "weight": 0.021875}, {"source": 6, "target": 129, "weight": 0.021008}, {"source": 6, "target": 30, "weight": 0.002674}, {"source": 6, "target": 79, "weight": 0.002732}, {"source": 6, "target": 20, "weight": 0.013453}, {"source": 6, "target": 31, "weight": 0.008197}, {"source": 6, "target": 120, "weight": 0.003759}, {"source": 6, "target": 97, "weight": 0.038462}, {"source": 6, "target": 147, "weight": 0.003175}, {"source": 6, "target": 48, "weight": 0.007905}, {"source": 6, "target": 24, "weight": 0.004673}, {"source": 7, "target": 102, "weight": 0.006452}, {"source": 7, "target": 30, "weight": 0.001712}, {"source": 7, "target": 31, "weight": 0.025316}, {"source": 8, "target": 110, "weight": 0.004464}, {"source": 8, "target": 122, "weight": 0.00641}, {"source": 8, "target": 90, "weight": 0.004854}, {"source": 8, "target": 27, "weight": 0.008197}, {"source": 8, "target": 49, "weight": 0.004032}, {"source": 8, "target": 125, "weight": 0.252747}, {"source": 8, "target": 100, "weight": 0.010152}, {"source": 8, "target": 113, "weight": 0.003425}, {"source": 8, "target": 143, "weight": 0.016393}, {"source": 8, "target": 89, "weight": 0.010989}, {"source": 8, "target": 135, "weight": 0.02381}, {"source": 8, "target": 81, "weight": 0.015385}, {"source": 8, "target": 78, "weight": 0.074074}, {"source": 8, "target": 91, "weight": 0.013158}, {"source": 8, "target": 155, "weight": 0.005376}, {"source": 8, "target": 118, "weight": 0.011111}, {"source": 8, "target": 138, "weight": 0.005814}, {"source": 8, "target": 53, "weight": 0.821429}, {"source": 8, "target": 34, "weight": 0.012195}, {"source": 9, "target": 47, "weight": 0.010753}, {"source": 9, "target": 114, "weight": 0.012739}, {"source": 9, "target": 90, "weight": 0.004329}, {"source": 9, "target": 27, "weight": 0.011194}, {"source": 9, "target": 120, "weight": 0.007752}, {"source": 9, "target": 92, "weight": 0.025}, {"source": 9, "target": 32, "weight": 0.009091}, {"source": 9, "target": 34, "weight": 0.009346}, {"source": 10, "target": 122, "weight": 0.017241}, {"source": 10, "target": 133, "weight": 0.013514}, {"source": 10, "target": 90, "weight": 0.022523}, {"source": 10, "target": 138, "weight": 0.026596}, {"source": 10, "target": 113, "weight": 0.003205}, {"source": 10, "target": 100, "weight": 0.004587}, {"source": 10, "target": 51, "weight": 0.005291}, {"source": 10, "target": 30, "weight": 0.001647}, {"source": 10, "target": 13, "weight": 0.008772}, {"source": 10, "target": 136, "weight": 0.010811}, {"source": 10, "target": 144, "weight": 0.007042}, {"source": 10, "target": 145, "weight": 0.015385}, {"source": 10, "target": 27, "weight": 0.007576}, {"source": 10, "target": 155, "weight": 0.004854}, {"source": 10, "target": 117, "weight": 0.006711}, {"source": 10, "target": 25, "weight": 0.009901}, {"source": 11, "target": 100, "weight": 0.005319}, {"source": 11, "target": 144, "weight": 0.008929}, {"source": 12, "target": 110, "weight": 0.16895}, {"source": 12, "target": 114, "weight": 0.018519}, {"source": 12, "target": 100, "weight": 0.008772}, {"source": 12, "target": 79, "weight": 0.004255}, {"source": 12, "target": 84, "weight": 0.027972}, {"source": 12, "target": 102, "weight": 0.010638}, {"source": 12, "target": 81, "weight": 0.021053}, {"source": 12, "target": 30, "weight": 0.009788}, {"source": 12, "target": 120, "weight": 0.007407}, {"source": 12, "target": 117, "weight": 0.00625}, {"source": 12, "target": 24, "weight": 0.012048}, {"source": 13, "target": 114, "weight": 0.016854}, {"source": 13, "target": 26, "weight": 0.007246}, {"source": 13, "target": 100, "weight": 0.182692}, {"source": 13, "target": 102, "weight": 0.004878}, {"source": 13, "target": 30, "weight": 0.009539}, {"source": 13, "target": 144, "weight": 0.005917}, {"source": 13, "target": 31, "weight": 0.007692}, {"source": 13, "target": 22, "weight": 0.009804}, {"source": 13, "target": 73, "weight": 0.005952}, {"source": 13, "target": 109, "weight": 0.012195}, {"source": 13, "target": 25, "weight": 0.015748}, {"source": 14, "target": 75, "weight": 0.013986}, {"source": 14, "target": 49, "weight": 0.007843}, {"source": 14, "target": 79, "weight": 0.044118}, {"source": 14, "target": 47, "weight": 0.013158}, {"source": 14, "target": 66, "weight": 0.010929}, {"source": 14, "target": 136, "weight": 0.005747}, {"source": 14, "target": 27, "weight": 0.003953}, {"source": 14, "target": 25, "weight": 0.011236}, {"source": 15, "target": 122, "weight": 0.005747}, {"source": 15, "target": 46, "weight": 0.011494}, {"source": 15, "target": 89, "weight": 0.018519}, {"source": 15, "target": 126, "weight": 0.011236}, {"source": 15, "target": 94, "weight": 0.953488}, {"source": 15, "target": 95, "weight": 0.759259}, {"source": 15, "target": 49, "weight": 0.003759}, {"source": 15, "target": 18, "weight": 0.022989}, {"source": 15, "target": 51, "weight": 0.005348}, {"source": 15, "target": 84, "weight": 0.007519}, {"source": 15, "target": 102, "weight": 0.011429}, {"source": 15, "target": 137, "weight": 0.007194}, {"source": 15, "target": 55, "weight": 0.013514}, {"source": 15, "target": 56, "weight": 0.013514}, {"source": 15, "target": 138, "weight": 0.273333}, {"source": 15, "target": 27, "weight": 0.015385}, {"source": 15, "target": 114, "weight": 0.006623}, {"source": 15, "target": 145, "weight": 0.015873}, {"source": 15, "target": 34, "weight": 0.01}, {"source": 15, "target": 30, "weight": 0.004975}, {"source": 15, "target": 39, "weight": 0.012658}, {"source": 15, "target": 40, "weight": 0.015385}, {"source": 15, "target": 151, "weight": 0.029412}, {"source": 15, "target": 136, "weight": 0.284722}, {"source": 15, "target": 31, "weight": 0.02}, {"source": 16, "target": 141, "weight": 0.010309}, {"source": 16, "target": 96, "weight": 0.065217}, {"source": 16, "target": 97, "weight": 0.006329}, {"source": 16, "target": 74, "weight": 0.02}, {"source": 16, "target": 119, "weight": 0.009259}, {"source": 16, "target": 49, "weight": 0.029289}, {"source": 16, "target": 67, "weight": 0.038462}, {"source": 16, "target": 79, "weight": 0.004975}, {"source": 17, "target": 102, "weight": 0.007353}, {"source": 17, "target": 30, "weight": 0.00177}, {"source": 17, "target": 44, "weight": 0.028571}, {"source": 17, "target": 144, "weight": 0.01}, {"source": 17, "target": 90, "weight": 0.010929}, {"source": 18, "target": 110, "weight": 0.004049}, {"source": 18, "target": 141, "weight": 0.00813}, {"source": 18, "target": 96, "weight": 0.00813}, {"source": 18, "target": 73, "weight": 0.006944}, {"source": 18, "target": 26, "weight": 0.008772}, {"source": 18, "target": 100, "weight": 0.018349}, {"source": 18, "target": 67, "weight": 0.010753}, {"source": 18, "target": 129, "weight": 0.009709}, {"source": 18, "target": 30, "weight": 0.008251}, {"source": 18, "target": 20, "weight": 0.011628}, {"source": 18, "target": 31, "weight": 0.009434}, {"source": 18, "target": 84, "weight": 0.007246}, {"source": 19, "target": 110, "weight": 0.022321}, {"source": 19, "target": 71, "weight": 0.018519}, {"source": 19, "target": 49, "weight": 0.003968}, {"source": 19, "target": 100, "weight": 0.00495}, {"source": 19, "target": 129, "weight": 0.011905}, {"source": 19, "target": 102, "weight": 0.006173}, {"source": 19, "target": 144, "weight": 0.007937}, {"source": 19, "target": 30, "weight": 0.006803}, {"source": 19, "target": 120, "weight": 0.009259}, {"source": 19, "target": 32, "weight": 0.011236}, {"source": 19, "target": 48, "weight": 0.010417}, {"source": 19, "target": 108, "weight": 0.014706}, {"source": 19, "target": 58, "weight": 0.016667}, {"source": 20, "target": 85, "weight": 0.026316}, {"source": 20, "target": 123, "weight": 0.027778}, {"source": 20, "target": 125, "weight": 0.007752}, {"source": 20, "target": 129, "weight": 0.021053}, {"source": 20, "target": 95, "weight": 0.033333}, {"source": 20, "target": 96, "weight": 0.008621}, {"source": 20, "target": 48, "weight": 0.009259}, {"source": 20, "target": 49, "weight": 0.003788}, {"source": 20, "target": 51, "weight": 0.01087}, {"source": 20, "target": 27, "weight": 0.003831}, {"source": 20, "target": 141, "weight": 0.008621}, {"source": 20, "target": 139, "weight": 0.077922}, {"source": 20, "target": 67, "weight": 0.005556}, {"source": 20, "target": 97, "weight": 0.011364}, {"source": 20, "target": 144, "weight": 0.007246}, {"source": 20, "target": 71, "weight": 0.015152}, {"source": 20, "target": 72, "weight": 0.024096}, {"source": 20, "target": 73, "weight": 0.022222}, {"source": 20, "target": 75, "weight": 0.006579}, {"source": 20, "target": 151, "weight": 0.014925}, {"source": 20, "target": 119, "weight": 0.007874}, {"source": 20, "target": 153, "weight": 0.005025}, {"source": 21, "target": 141, "weight": 0.020202}, {"source": 21, "target": 96, "weight": 0.147727}, {"source": 21, "target": 97, "weight": 0.006211}, {"source": 21, "target": 59, "weight": 0.009434}, {"source": 21, "target": 67, "weight": 0.092715}, {"source": 21, "target": 129, "weight": 0.0125}, {"source": 21, "target": 105, "weight": 0.011905}, {"source": 21, "target": 147, "weight": 0.013158}, {"source": 22, "target": 90, "weight": 0.018957}, {"source": 22, "target": 128, "weight": 0.022727}, {"source": 22, "target": 117, "weight": 0.014706}, {"source": 22, "target": 100, "weight": 0.009756}, {"source": 22, "target": 101, "weight": 0.007519}, {"source": 22, "target": 102, "weight": 0.006024}, {"source": 22, "target": 42, "weight": 0.021739}, {"source": 22, "target": 137, "weight": 0.015625}, {"source": 22, "target": 110, "weight": 0.00431}, {"source": 22, "target": 26, "weight": 0.449275}, {"source": 22, "target": 61, "weight": 0.005435}, {"source": 22, "target": 113, "weight": 0.003333}, {"source": 22, "target": 62, "weight": 0.013333}, {"source": 22, "target": 30, "weight": 0.005059}, {"source": 22, "target": 144, "weight": 0.007692}, {"source": 22, "target": 31, "weight": 0.010989}, {"source": 22, "target": 68, "weight": 0.187879}, {"source": 22, "target": 116, "weight": 0.022727}, {"source": 22, "target": 69, "weight": 0.039216}, {"source": 22, "target": 70, "weight": 0.014085}, {"source": 22, "target": 34, "weight": 0.011111}, {"source": 22, "target": 44, "weight": 0.009901}, {"source": 22, "target": 155, "weight": 0.189024}, {"source": 23, "target": 110, "weight": 0.008902}, {"source": 23, "target": 32, "weight": 0.122905}, {"source": 23, "target": 49, "weight": 0.005525}, {"source": 23, "target": 100, "weight": 0.003195}, {"source": 23, "target": 84, "weight": 0.074419}, {"source": 23, "target": 102, "weight": 0.026217}, {"source": 23, "target": 108, "weight": 0.005587}, {"source": 23, "target": 58, "weight": 0.005848}, {"source": 23, "target": 25, "weight": 0.005102}, {"source": 23, "target": 140, "weight": 0.029851}, {"source": 23, "target": 59, "weight": 0.009091}, {"source": 23, "target": 67, "weight": 0.003584}, {"source": 23, "target": 114, "weight": 0.012195}, {"source": 23, "target": 144, "weight": 0.008475}, {"source": 23, "target": 31, "weight": 0.005051}, {"source": 23, "target": 147, "weight": 0.007491}, {"source": 23, "target": 112, "weight": 0.019108}, {"source": 23, "target": 35, "weight": 0.005618}, {"source": 23, "target": 119, "weight": 0.008889}, {"source": 23, "target": 42, "weight": 0.013158}, {"source": 23, "target": 99, "weight": 0.013043}, {"source": 23, "target": 30, "weight": 0.17953}, {"source": 24, "target": 47, "weight": 0.013699}, {"source": 24, "target": 153, "weight": 0.005319}, {"source": 24, "target": 135, "weight": 0.021277}, {"source": 24, "target": 75, "weight": 0.014286}, {"source": 24, "target": 50, "weight": 0.018182}, {"source": 24, "target": 113, "weight": 0.006757}, {"source": 24, "target": 143, "weight": 0.015152}, {"source": 24, "target": 102, "weight": 0.012346}, {"source": 24, "target": 66, "weight": 0.005525}, {"source": 24, "target": 81, "weight": 0.014286}, {"source": 24, "target": 27, "weight": 0.004}, {"source": 24, "target": 30, "weight": 0.001689}, {"source": 25, "target": 133, "weight": 0.011364}, {"source": 25, "target": 122, "weight": 0.032432}, {"source": 25, "target": 125, "weight": 0.006803}, {"source": 25, "target": 90, "weight": 0.008368}, {"source": 25, "target": 87, "weight": 0.009174}, {"source": 25, "target": 49, "weight": 0.003546}, {"source": 25, "target": 100, "weight": 0.017467}, {"source": 25, "target": 51, "weight": 0.004926}, {"source": 25, "target": 136, "weight": 0.041451}, {"source": 25, "target": 27, "weight": 0.044776}, {"source": 25, "target": 138, "weight": 0.019704}, {"source": 25, "target": 113, "weight": 0.006154}, {"source": 25, "target": 140, "weight": 0.008}, {"source": 25, "target": 61, "weight": 0.004762}, {"source": 25, "target": 139, "weight": 0.005464}, {"source": 25, "target": 64, "weight": 0.011628}, {"source": 25, "target": 114, "weight": 0.005988}, {"source": 25, "target": 66, "weight": 0.004762}, {"source": 25, "target": 144, "weight": 0.00641}, {"source": 25, "target": 31, "weight": 0.008547}, {"source": 25, "target": 147, "weight": 0.016216}, {"source": 25, "target": 70, "weight": 0.010309}, {"source": 25, "target": 112, "weight": 0.012821}, {"source": 25, "target": 39, "weight": 0.010526}, {"source": 25, "target": 40, "weight": 0.013699}, {"source": 25, "target": 79, "weight": 0.004202}, {"source": 25, "target": 44, "weight": 0.007874}, {"source": 25, "target": 43, "weight": 0.012821}, {"source": 25, "target": 99, "weight": 0.013333}, {"source": 25, "target": 30, "weight": 0.004847}, {"source": 26, "target": 99, "weight": 0.006211}, {"source": 26, "target": 69, "weight": 0.236111}, {"source": 26, "target": 90, "weight": 0.020325}, {"source": 26, "target": 128, "weight": 0.0125}, {"source": 26, "target": 147, "weight": 0.005076}, {"source": 26, "target": 96, "weight": 0.006944}, {"source": 26, "target": 49, "weight": 0.003425}, {"source": 26, "target": 100, "weight": 0.008299}, {"source": 26, "target": 101, "weight": 0.005917}, {"source": 26, "target": 102, "weight": 0.020101}, {"source": 26, "target": 42, "weight": 0.012195}, {"source": 26, "target": 137, "weight": 0.018405}, {"source": 26, "target": 110, "weight": 0.003731}, {"source": 26, "target": 27, "weight": 0.00346}, {"source": 26, "target": 61, "weight": 0.004545}, {"source": 26, "target": 113, "weight": 0.018127}, {"source": 26, "target": 62, "weight": 0.009009}, {"source": 26, "target": 67, "weight": 0.014563}, {"source": 26, "target": 30, "weight": 0.006369}, {"source": 26, "target": 144, "weight": 0.006024}, {"source": 26, "target": 31, "weight": 0.007874}, {"source": 26, "target": 68, "weight": 0.16}, {"source": 26, "target": 116, "weight": 0.0125}, {"source": 26, "target": 117, "weight": 0.011628}, {"source": 26, "target": 70, "weight": 0.038462}, {"source": 26, "target": 34, "weight": 0.007937}, {"source": 26, "target": 150, "weight": 0.010417}, {"source": 26, "target": 44, "weight": 0.007299}, {"source": 26, "target": 82, "weight": 0.009174}, {"source": 26, "target": 155, "weight": 0.155}, {"source": 27, "target": 110, "weight": 0.00237}, {"source": 27, "target": 53, "weight": 0.008097}, {"source": 27, "target": 96, "weight": 0.003356}, {"source": 27, "target": 49, "weight": 0.006757}, {"source": 27, "target": 100, "weight": 0.10585}, {"source": 27, "target": 134, "weight": 0.008696}, {"source": 27, "target": 84, "weight": 0.019481}, {"source": 27, "target": 102, "weight": 0.002809}, {"source": 27, "target": 108, "weight": 0.003817}, {"source": 27, "target": 109, "weight": 0.004292}, {"source": 27, "target": 140, "weight": 0.006944}, {"source": 27, "target": 141, "weight": 0.003356}, {"source": 27, "target": 59, "weight": 0.006601}, {"source": 27, "target": 63, "weight": 0.004149}, {"source": 27, "target": 67, "weight": 0.00554}, {"source": 27, "target": 114, "weight": 0.018405}, {"source": 27, "target": 144, "weight": 0.003125}, {"source": 27, "target": 31, "weight": 0.014388}, {"source": 27, "target": 147, "weight": 0.002849}, {"source": 27, "target": 112, "weight": 0.016736}, {"source": 27, "target": 119, "weight": 0.003236}, {"source": 27, "target": 79, "weight": 0.002488}, {"source": 27, "target": 129, "weight": 0.003597}, {"source": 27, "target": 42, "weight": 0.008511}, {"source": 27, "target": 81, "weight": 0.003802}, {"source": 27, "target": 99, "weight": 0.006369}, {"source": 27, "target": 30, "weight": 0.022107}, {"source": 28, "target": 49, "weight": 0.004}, {"source": 29, "target": 101, "weight": 0.006711}, {"source": 29, "target": 84, "weight": 0.007194}, {"source": 30, "target": 48, "weight": 0.001582}, {"source": 30, "target": 31, "weight": 0.006452}, {"source": 30, "target": 32, "weight": 0.045075}, {"source": 30, "target": 34, "weight": 0.004839}, {"source": 30, "target": 37, "weight": 0.00161}, {"source": 30, "target": 42, "weight": 0.006957}, {"source": 30, "target": 43, "weight": 0.001712}, {"source": 30, "target": 45, "weight": 0.001742}, {"source": 30, "target": 46, "weight": 0.014535}, {"source": 30, "target": 47, "weight": 0.001645}, {"source": 30, "target": 49, "weight": 0.003817}, {"source": 30, "target": 50, "weight": 0.006814}, {"source": 30, "target": 51, "weight": 0.007092}, {"source": 30, "target": 52, "weight": 0.008651}, {"source": 30, "target": 84, "weight": 0.042925}, {"source": 30, "target": 54, "weight": 0.040636}, {"source": 30, "target": 58, "weight": 0.041885}, {"source": 30, "target": 59, "weight": 0.006221}, {"source": 30, "target": 61, "weight": 0.008439}, {"source": 30, "target": 62, "weight": 0.0033}, {"source": 30, "target": 66, "weight": 0.015581}, {"source": 30, "target": 68, "weight": 0.015342}, {"source": 30, "target": 70, "weight": 0.003322}, {"source": 30, "target": 71, "weight": 0.001695}, {"source": 30, "target": 73, "weight": 0.00303}, {"source": 30, "target": 75, "weight": 0.002963}, {"source": 30, "target": 76, "weight": 0.028148}, {"source": 30, "target": 78, "weight": 0.003356}, {"source": 30, "target": 79, "weight": 0.004043}, {"source": 30, "target": 81, "weight": 0.006645}, {"source": 30, "target": 82, "weight": 0.018487}, {"source": 30, "target": 83, "weight": 0.00995}, {"source": 30, "target": 86, "weight": 0.001712}, {"source": 30, "target": 87, "weight": 0.001626}, {"source": 30, "target": 88, "weight": 0.005068}, {"source": 30, "target": 89, "weight": 0.004769}, {"source": 30, "target": 90, "weight": 0.049157}, {"source": 30, "target": 91, "weight": 0.004886}, {"source": 30, "target": 92, "weight": 0.001678}, {"source": 30, "target": 94, "weight": 0.004975}, {"source": 30, "target": 95, "weight": 0.00817}, {"source": 30, "target": 97, "weight": 0.001427}, {"source": 30, "target": 99, "weight": 0.021739}, {"source": 30, "target": 100, "weight": 0.049716}, {"source": 30, "target": 101, "weight": 0.004525}, {"source": 30, "target": 102, "weight": 0.029455}, {"source": 30, "target": 104, "weight": 0.008621}, {"source": 30, "target": 105, "weight": 0.001603}, {"source": 30, "target": 106, "weight": 0.001727}, {"source": 30, "target": 108, "weight": 0.011706}, {"source": 30, "target": 110, "weight": 0.024096}, {"source": 30, "target": 139, "weight": 0.001451}, {"source": 30, "target": 114, "weight": 0.021212}, {"source": 30, "target": 115, "weight": 0.003478}, {"source": 30, "target": 117, "weight": 0.001495}, {"source": 30, "target": 118, "weight": 0.001587}, {"source": 30, "target": 119, "weight": 0.004622}, {"source": 30, "target": 120, "weight": 0.00311}, {"source": 30, "target": 122, "weight": 0.011611}, {"source": 30, "target": 125, "weight": 0.004608}, {"source": 30, "target": 126, "weight": 0.008237}, {"source": 30, "target": 129, "weight": 0.001613}, {"source": 30, "target": 136, "weight": 0.01}, {"source": 30, "target": 130, "weight": 0.001706}, {"source": 30, "target": 134, "weight": 0.001745}, {"source": 30, "target": 44, "weight": 0.01278}, {"source": 30, "target": 137, "weight": 0.012232}, {"source": 30, "target": 138, "weight": 0.012784}, {"source": 30, "target": 113, "weight": 0.025862}, {"source": 30, "target": 140, "weight": 0.022654}, {"source": 30, "target": 141, "weight": 0.001563}, {"source": 30, "target": 67, "weight": 0.00142}, {"source": 30, "target": 144, "weight": 0.035937}, {"source": 30, "target": 145, "weight": 0.001709}, {"source": 30, "target": 147, "weight": 0.00289}, {"source": 30, "target": 112, "weight": 0.005155}, {"source": 30, "target": 151, "weight": 0.034965}, {"source": 30, "target": 152, "weight": 0.005051}, {"source": 30, "target": 153, "weight": 0.005556}, {"source": 30, "target": 154, "weight": 0.001639}, {"source": 30, "target": 155, "weight": 0.012535}, {"source": 30, "target": 156, "weight": 0.003448}, {"source": 30, "target": 157, "weight": 0.001701}, {"source": 31, "target": 87, "weight": 0.009009}, {"source": 31, "target": 133, "weight": 0.011111}, {"source": 31, "target": 88, "weight": 0.011111}, {"source": 31, "target": 125, "weight": 0.013514}, {"source": 31, "target": 89, "weight": 0.007874}, {"source": 31, "target": 46, "weight": 0.060109}, {"source": 31, "target": 90, "weight": 0.0125}, {"source": 31, "target": 94, "weight": 0.02}, {"source": 31, "target": 95, "weight": 0.018018}, {"source": 31, "target": 98, "weight": 0.015152}, {"source": 31, "target": 49, "weight": 0.007067}, {"source": 31, "target": 100, "weight": 0.004274}, {"source": 31, "target": 51, "weight": 0.004878}, {"source": 31, "target": 52, "weight": 0.012821}, {"source": 31, "target": 102, "weight": 0.015625}, {"source": 31, "target": 42, "weight": 0.013514}, {"source": 31, "target": 104, "weight": 0.0125}, {"source": 31, "target": 118, "weight": 0.007937}, {"source": 31, "target": 138, "weight": 0.009662}, {"source": 31, "target": 41, "weight": 0.012195}, {"source": 31, "target": 111, "weight": 0.013333}, {"source": 31, "target": 61, "weight": 0.004717}, {"source": 31, "target": 139, "weight": 0.005405}, {"source": 31, "target": 67, "weight": 0.030769}, {"source": 31, "target": 97, "weight": 0.005076}, {"source": 31, "target": 144, "weight": 0.006329}, {"source": 31, "target": 68, "weight": 0.004484}, {"source": 31, "target": 147, "weight": 0.010638}, {"source": 31, "target": 73, "weight": 0.006369}, {"source": 31, "target": 38, "weight": 0.008403}, {"source": 31, "target": 75, "weight": 0.005814}, {"source": 31, "target": 78, "weight": 0.010753}, {"source": 31, "target": 119, "weight": 0.006803}, {"source": 31, "target": 136, "weight": 0.00995}, {"source": 31, "target": 113, "weight": 0.006116}, {"source": 31, "target": 153, "weight": 0.009174}, {"source": 31, "target": 155, "weight": 0.013636}, {"source": 31, "target": 126, "weight": 0.009346}, {"source": 32, "target": 110, "weight": 0.003817}, {"source": 32, "target": 46, "weight": 0.005128}, {"source": 32, "target": 88, "weight": 0.021978}, {"source": 32, "target": 51, "weight": 0.004831}, {"source": 32, "target": 90, "weight": 0.012397}, {"source": 32, "target": 99, "weight": 0.033113}, {"source": 32, "target": 100, "weight": 0.004237}, {"source": 32, "target": 84, "weight": 0.062069}, {"source": 32, "target": 102, "weight": 0.010256}, {"source": 32, "target": 54, "weight": 0.011628}, {"source": 32, "target": 58, "weight": 0.010638}, {"source": 32, "target": 140, "weight": 0.203704}, {"source": 32, "target": 113, "weight": 0.006079}, {"source": 32, "target": 154, "weight": 0.028302}, {"source": 32, "target": 66, "weight": 0.028708}, {"source": 32, "target": 144, "weight": 0.00625}, {"source": 32, "target": 92, "weight": 0.010638}, {"source": 32, "target": 112, "weight": 0.024691}, {"source": 32, "target": 119, "weight": 0.006711}, {"source": 32, "target": 78, "weight": 0.010526}, {"source": 32, "target": 151, "weight": 0.011236}, {"source": 32, "target": 75, "weight": 0.005747}, {"source": 32, "target": 44, "weight": 0.015385}, {"source": 32, "target": 153, "weight": 0.004525}, {"source": 32, "target": 82, "weight": 0.009709}, {"source": 33, "target": 141, "weight": 0.009524}, {"source": 33, "target": 96, "weight": 0.019231}, {"source": 33, "target": 46, "weight": 0.006173}, {"source": 33, "target": 73, "weight": 0.007937}, {"source": 33, "target": 122, "weight": 0.006211}, {"source": 33, "target": 61, "weight": 0.011111}, {"source": 33, "target": 38, "weight": 0.011364}, {"source": 33, "target": 67, "weight": 0.017964}, {"source": 33, "target": 70, "weight": 0.014706}, {"source": 33, "target": 104, "weight": 0.020408}, {"source": 33, "target": 144, "weight": 0.007874}, {"source": 33, "target": 143, "weight": 0.030769}, {"source": 33, "target": 153, "weight": 0.010695}, {"source": 33, "target": 55, "weight": 0.016393}, {"source": 33, "target": 68, "weight": 0.010471}, {"source": 33, "target": 56, "weight": 0.016393}, {"source": 33, "target": 117, "weight": 0.015038}, {"source": 33, "target": 147, "weight": 0.006329}, {"source": 33, "target": 121, "weight": 0.022222}, {"source": 33, "target": 34, "weight": 0.011494}, {"source": 34, "target": 53, "weight": 0.011765}, {"source": 34, "target": 96, "weight": 0.014925}, {"source": 34, "target": 49, "weight": 0.003534}, {"source": 34, "target": 100, "weight": 0.021834}, {"source": 34, "target": 84, "weight": 0.006667}, {"source": 34, "target": 108, "weight": 0.010101}, {"source": 34, "target": 141, "weight": 0.007407}, {"source": 34, "target": 62, "weight": 0.009804}, {"source": 34, "target": 67, "weight": 0.010101}, {"source": 34, "target": 114, "weight": 0.005952}, {"source": 34, "target": 144, "weight": 0.012821}, {"source": 34, "target": 92, "weight": 0.010989}, {"source": 34, "target": 147, "weight": 0.086207}, {"source": 34, "target": 119, "weight": 0.006849}, {"source": 34, "target": 39, "weight": 0.010417}, {"source": 34, "target": 154, "weight": 0.019231}, {"source": 34, "target": 120, "weight": 0.007194}, {"source": 35, "target": 38, "weight": 0.020408}, {"source": 35, "target": 88, "weight": 0.014286}, {"source": 35, "target": 99, "weight": 0.007519}, {"source": 35, "target": 125, "weight": 0.007752}, {"source": 35, "target": 60, "weight": 0.017544}, {"source": 36, "target": 80, "weight": 0.525}, {"source": 36, "target": 49, "weight": 0.011952}, {"source": 37, "target": 110, "weight": 0.027778}, {"source": 37, "target": 96, "weight": 0.007463}, {"source": 37, "target": 97, "weight": 0.005128}, {"source": 37, "target": 100, "weight": 0.026432}, {"source": 37, "target": 67, "weight": 0.005051}, {"source": 37, "target": 84, "weight": 0.013514}, {"source": 37, "target": 144, "weight": 0.012903}, {"source": 37, "target": 154, "weight": 0.009615}, {"source": 37, "target": 147, "weight": 0.005348}, {"source": 38, "target": 110, "weight": 0.007722}, {"source": 38, "target": 60, "weight": 0.012987}, {"source": 38, "target": 100, "weight": 0.004274}, {"source": 38, "target": 62, "weight": 0.009709}, {"source": 38, "target": 120, "weight": 0.007143}, {"source": 39, "target": 122, "weight": 0.011834}, {"source": 39, "target": 88, "weight": 0.014706}, {"source": 39, "target": 125, "weight": 0.007874}, {"source": 39, "target": 65, "weight": 0.6}, {"source": 39, "target": 64, "weight": 0.015152}, {"source": 39, "target": 84, "weight": 0.007752}, {"source": 39, "target": 136, "weight": 0.016854}, {"source": 39, "target": 144, "weight": 0.022388}, {"source": 39, "target": 126, "weight": 0.011765}, {"source": 39, "target": 104, "weight": 0.035088}, {"source": 39, "target": 118, "weight": 0.009615}, {"source": 39, "target": 95, "weight": 0.011111}, {"source": 39, "target": 138, "weight": 0.027473}, {"source": 39, "target": 147, "weight": 0.018182}, {"source": 39, "target": 94, "weight": 0.012658}, {"source": 40, "target": 49, "weight": 0.003185}, {"source": 40, "target": 100, "weight": 0.007605}, {"source": 40, "target": 84, "weight": 0.005525}, {"source": 40, "target": 120, "weight": 0.005882}, {"source": 40, "target": 147, "weight": 0.004566}, {"source": 41, "target": 119, "weight": 0.009091}, {"source": 41, "target": 49, "weight": 0.00813}, {"source": 41, "target": 74, "weight": 0.12766}, {"source": 42, "target": 88, "weight": 0.022222}, {"source": 42, "target": 84, "weight": 0.009434}, {"source": 42, "target": 155, "weight": 0.00565}, {"source": 42, "target": 68, "weight": 0.005618}, {"source": 43, "target": 114, "weight": 0.007692}, {"source": 43, "target": 97, "weight": 0.006329}, {"source": 43, "target": 100, "weight": 0.015544}, {"source": 44, "target": 110, "weight": 0.038314}, {"source": 44, "target": 114, "weight": 0.005587}, {"source": 44, "target": 100, "weight": 0.00823}, {"source": 44, "target": 84, "weight": 0.025316}, {"source": 44, "target": 102, "weight": 0.025}, {"source": 44, "target": 81, "weight": 0.046729}, {"source": 44, "target": 144, "weight": 0.011976}, {"source": 44, "target": 117, "weight": 0.017341}, {"source": 44, "target": 147, "weight": 0.005025}, {"source": 44, "target": 58, "weight": 0.019802}, {"source": 45, "target": 157, "weight": 0.384615}, {"source": 45, "target": 100, "weight": 0.005405}, {"source": 45, "target": 144, "weight": 0.009174}, {"source": 45, "target": 90, "weight": 0.005181}, {"source": 45, "target": 156, "weight": 0.526316}, {"source": 46, "target": 110, "weight": 0.002994}, {"source": 46, "target": 96, "weight": 0.019324}, {"source": 46, "target": 97, "weight": 0.007407}, {"source": 46, "target": 131, "weight": 0.006579}, {"source": 46, "target": 49, "weight": 0.005602}, {"source": 46, "target": 100, "weight": 0.006515}, {"source": 46, "target": 101, "weight": 0.004255}, {"source": 46, "target": 52, "weight": 0.006579}, {"source": 46, "target": 84, "weight": 0.008929}, {"source": 46, "target": 105, "weight": 0.005155}, {"source": 46, "target": 56, "weight": 0.012121}, {"source": 46, "target": 140, "weight": 0.015075}, {"source": 46, "target": 141, "weight": 0.019324}, {"source": 46, "target": 67, "weight": 0.045627}, {"source": 46, "target": 147, "weight": 0.015385}, {"source": 46, "target": 117, "weight": 0.008403}, {"source": 46, "target": 73, "weight": 0.110048}, {"source": 46, "target": 129, "weight": 0.010582}, {"source": 46, "target": 99, "weight": 0.00885}, {"source": 46, "target": 121, "weight": 0.006667}, {"source": 47, "target": 62, "weight": 0.011364}, {"source": 47, "target": 100, "weight": 0.009174}, {"source": 47, "target": 52, "weight": 0.015873}, {"source": 47, "target": 84, "weight": 0.007353}, {"source": 47, "target": 79, "weight": 0.004444}, {"source": 47, "target": 120, "weight": 0.008}, {"source": 47, "target": 92, "weight": 0.012987}, {"source": 48, "target": 71, "weight": 0.371429}, {"source": 48, "target": 87, "weight": 0.025424}, {"source": 48, "target": 72, "weight": 0.00885}, {"source": 48, "target": 51, "weight": 0.038647}, {"source": 48, "target": 119, "weight": 0.00641}, {"source": 48, "target": 49, "weight": 0.003413}, {"source": 48, "target": 139, "weight": 0.010363}, {"source": 48, "target": 77, "weight": 0.010417}, {"source": 48, "target": 142, "weight": 0.011494}, {"source": 48, "target": 79, "weight": 0.008065}, {"source": 48, "target": 129, "weight": 0.008}, {"source": 48, "target": 66, "weight": 0.013699}, {"source": 48, "target": 120, "weight": 0.006711}, {"source": 48, "target": 97, "weight": 0.009756}, {"source": 48, "target": 113, "weight": 0.002967}, {"source": 49, "target": 87, "weight": 0.007273}, {"source": 49, "target": 86, "weight": 0.004082}, {"source": 49, "target": 125, "weight": 0.00639}, {"source": 49, "target": 101, "weight": 0.009259}, {"source": 49, "target": 89, "weight": 0.003425}, {"source": 49, "target": 127, "weight": 0.011029}, {"source": 49, "target": 53, "weight": 0.003984}, {"source": 49, "target": 94, "weight": 0.003759}, {"source": 49, "target": 95, "weight": 0.010909}, {"source": 49, "target": 96, "weight": 0.013423}, {"source": 49, "target": 97, "weight": 0.008333}, {"source": 49, "target": 132, "weight": 0.004082}, {"source": 49, "target": 133, "weight": 0.003922}, {"source": 49, "target": 113, "weight": 0.002028}, {"source": 49, "target": 84, "weight": 0.003165}, {"source": 49, "target": 51, "weight": 0.016438}, {"source": 49, "target": 149, "weight": 0.004255}, {"source": 49, "target": 118, "weight": 0.003436}, {"source": 49, "target": 138, "weight": 0.005376}, {"source": 49, "target": 141, "weight": 0.010033}, {"source": 49, "target": 90, "weight": 0.002457}, {"source": 49, "target": 61, "weight": 0.002653}, {"source": 49, "target": 139, "weight": 0.008621}, {"source": 49, "target": 62, "weight": 0.003731}, {"source": 49, "target": 143, "weight": 0.003817}, {"source": 49, "target": 114, "weight": 0.009036}, {"source": 49, "target": 120, "weight": 0.003279}, {"source": 49, "target": 145, "weight": 0.004065}, {"source": 49, "target": 115, "weight": 0.004219}, {"source": 49, "target": 68, "weight": 0.002577}, {"source": 49, "target": 147, "weight": 0.002825}, {"source": 49, "target": 71, "weight": 0.003984}, {"source": 49, "target": 72, "weight": 0.003717}, {"source": 49, "target": 73, "weight": 0.003106}, {"source": 49, "target": 74, "weight": 0.011905}, {"source": 49, "target": 66, "weight": 0.010695}, {"source": 49, "target": 119, "weight": 0.098246}, {"source": 49, "target": 76, "weight": 0.002825}, {"source": 49, "target": 79, "weight": 0.015}, {"source": 49, "target": 129, "weight": 0.007143}, {"source": 49, "target": 80, "weight": 0.011811}, {"source": 49, "target": 136, "weight": 0.005464}, {"source": 49, "target": 81, "weight": 0.003759}, {"source": 49, "target": 54, "weight": 0.004016}, {"source": 49, "target": 67, "weight": 0.022346}, {"source": 50, "target": 100, "weight": 0.015075}, {"source": 50, "target": 84, "weight": 0.008475}, {"source": 50, "target": 114, "weight": 0.007353}, {"source": 50, "target": 81, "weight": 0.014706}, {"source": 50, "target": 120, "weight": 0.018868}, {"source": 50, "target": 108, "weight": 0.046154}, {"source": 50, "target": 58, "weight": 0.016949}, {"source": 51, "target": 110, "weight": 0.01462}, {"source": 51, "target": 147, "weight": 0.003636}, {"source": 51, "target": 96, "weight": 0.004505}, {"source": 51, "target": 100, "weight": 0.003125}, {"source": 51, "target": 101, "weight": 0.004049}, {"source": 51, "target": 84, "weight": 0.025862}, {"source": 51, "target": 102, "weight": 0.003571}, {"source": 51, "target": 107, "weight": 0.00641}, {"source": 51, "target": 105, "weight": 0.004854}, {"source": 51, "target": 140, "weight": 0.004695}, {"source": 51, "target": 141, "weight": 0.032407}, {"source": 51, "target": 62, "weight": 0.005291}, {"source": 51, "target": 67, "weight": 0.003497}, {"source": 51, "target": 114, "weight": 0.01992}, {"source": 51, "target": 97, "weight": 0.028986}, {"source": 51, "target": 92, "weight": 0.005618}, {"source": 51, "target": 148, "weight": 0.004762}, {"source": 51, "target": 71, "weight": 0.005814}, {"source": 51, "target": 72, "weight": 0.010582}, {"source": 51, "target": 73, "weight": 0.004115}, {"source": 51, "target": 74, "weight": 0.011494}, {"source": 51, "target": 119, "weight": 0.238095}, {"source": 51, "target": 79, "weight": 0.006154}, {"source": 51, "target": 129, "weight": 0.00495}, {"source": 51, "target": 99, "weight": 0.004184}, {"source": 51, "target": 120, "weight": 0.03653}, {"source": 52, "target": 140, "weight": 0.023529}, {"source": 52, "target": 61, "weight": 0.011765}, {"source": 52, "target": 76, "weight": 0.020548}, {"source": 52, "target": 99, "weight": 0.018018}, {"source": 52, "target": 68, "weight": 0.005495}, {"source": 52, "target": 90, "weight": 0.020202}, {"source": 53, "target": 110, "weight": 0.004405}, {"source": 53, "target": 122, "weight": 0.006289}, {"source": 53, "target": 91, "weight": 0.012658}, {"source": 53, "target": 133, "weight": 0.017544}, {"source": 53, "target": 125, "weight": 0.258065}, {"source": 53, "target": 100, "weight": 0.01}, {"source": 53, "target": 78, "weight": 0.070175}, {"source": 53, "target": 143, "weight": 0.015625}, {"source": 53, "target": 89, "weight": 0.021505}, {"source": 53, "target": 135, "weight": 0.022222}, {"source": 53, "target": 136, "weight": 0.005917}, {"source": 53, "target": 81, "weight": 0.014706}, {"source": 53, "target": 90, "weight": 0.004785}, {"source": 53, "target": 155, "weight": 0.005291}, {"source": 53, "target": 118, "weight": 0.010753}, {"source": 53, "target": 138, "weight": 0.005714}, {"source": 53, "target": 113, "weight": 0.006803}, {"source": 54, "target": 110, "weight": 0.008929}, {"source": 54, "target": 114, "weight": 0.007463}, {"source": 54, "target": 100, "weight": 0.010101}, {"source": 54, "target": 102, "weight": 0.006289}, {"source": 54, "target": 144, "weight": 0.00813}, {"source": 54, "target": 99, "weight": 0.008475}, {"source": 54, "target": 120, "weight": 0.009524}, {"source": 54, "target": 58, "weight": 0.017544}, {"source": 55, "target": 134, "weight": 0.02381}, {"source": 55, "target": 84, "weight": 0.01626}, {"source": 55, "target": 144, "weight": 0.007634}, {"source": 55, "target": 56, "weight": 0.941176}, {"source": 56, "target": 122, "weight": 0.012195}, {"source": 56, "target": 90, "weight": 0.009346}, {"source": 56, "target": 76, "weight": 0.006173}, {"source": 56, "target": 134, "weight": 0.02381}, {"source": 56, "target": 84, "weight": 0.01626}, {"source": 56, "target": 136, "weight": 0.017341}, {"source": 56, "target": 144, "weight": 0.007634}, {"source": 56, "target": 137, "weight": 0.110169}, {"source": 56, "target": 118, "weight": 0.010101}, {"source": 56, "target": 138, "weight": 0.011111}, {"source": 56, "target": 113, "weight": 0.003322}, {"source": 56, "target": 94, "weight": 0.013514}, {"source": 56, "target": 95, "weight": 0.011765}, {"source": 57, "target": 114, "weight": 0.007874}, {"source": 57, "target": 97, "weight": 0.006452}, {"source": 57, "target": 100, "weight": 0.005208}, {"source": 58, "target": 122, "weight": 0.006061}, {"source": 58, "target": 86, "weight": 0.038462}, {"source": 58, "target": 90, "weight": 0.004651}, {"source": 58, "target": 100, "weight": 0.004831}, {"source": 58, "target": 102, "weight": 0.005988}, {"source": 58, "target": 135, "weight": 0.019608}, {"source": 58, "target": 137, "weight": 0.023438}, {"source": 58, "target": 110, "weight": 0.008621}, {"source": 58, "target": 105, "weight": 0.010753}, {"source": 58, "target": 61, "weight": 0.005405}, {"source": 58, "target": 143, "weight": 0.014286}, {"source": 58, "target": 144, "weight": 0.007634}, {"source": 58, "target": 68, "weight": 0.005102}, {"source": 58, "target": 117, "weight": 0.007246}, {"source": 58, "target": 76, "weight": 0.006173}, {"source": 58, "target": 151, "weight": 0.016667}, {"source": 58, "target": 81, "weight": 0.071429}, {"source": 58, "target": 82, "weight": 0.027397}, {"source": 58, "target": 155, "weight": 0.015544}, {"source": 59, "target": 96, "weight": 0.006289}, {"source": 59, "target": 73, "weight": 0.005556}, {"source": 59, "target": 105, "weight": 0.051095}, {"source": 59, "target": 88, "weight": 0.00885}, {"source": 59, "target": 76, "weight": 0.004717}, {"source": 59, "target": 101, "weight": 0.005435}, {"source": 59, "target": 67, "weight": 0.004484}, {"source": 59, "target": 115, "weight": 0.010526}, {"source": 60, "target": 147, "weight": 0.006803}, {"source": 60, "target": 113, "weight": 0.010563}, {"source": 61, "target": 140, "weight": 0.004545}, {"source": 61, "target": 110, "weight": 0.011429}, {"source": 61, "target": 67, "weight": 0.003413}, {"source": 61, "target": 74, "weight": 0.005495}, {"source": 61, "target": 119, "weight": 0.004167}, {"source": 61, "target": 62, "weight": 0.010256}, {"source": 61, "target": 101, "weight": 0.003937}, {"source": 61, "target": 102, "weight": 0.003484}, {"source": 61, "target": 81, "weight": 0.010363}, {"source": 61, "target": 99, "weight": 0.004065}, {"source": 61, "target": 97, "weight": 0.003448}, {"source": 61, "target": 117, "weight": 0.348958}, {"source": 62, "target": 97, "weight": 0.005525}, {"source": 62, "target": 90, "weight": 0.004425}, {"source": 62, "target": 74, "weight": 0.013699}, {"source": 62, "target": 119, "weight": 0.007634}, {"source": 62, "target": 102, "weight": 0.005618}, {"source": 62, "target": 155, "weight": 0.024752}, {"source": 62, "target": 144, "weight": 0.007042}, {"source": 62, "target": 68, "weight": 0.050505}, {"source": 62, "target": 117, "weight": 0.020408}, {"source": 63, "target": 122, "weight": 0.013245}, {"source": 63, "target": 142, "weight": 0.026316}, {"source": 63, "target": 102, "weight": 0.006494}, {"source": 63, "target": 136, "weight": 0.012422}, {"source": 63, "target": 144, "weight": 0.008475}, {"source": 63, "target": 90, "weight": 0.00995}, {"source": 63, "target": 146, "weight": 0.017857}, {"source": 63, "target": 138, "weight": 0.005952}, {"source": 64, "target": 122, "weight": 0.0125}, {"source": 64, "target": 88, "weight": 0.016949}, {"source": 64, "target": 76, "weight": 0.006329}, {"source": 64, "target": 100, "weight": 0.004926}, {"source": 64, "target": 65, "weight": 0.018519}, {"source": 64, "target": 147, "weight": 0.012739}, {"source": 64, "target": 136, "weight": 0.005848}, {"source": 64, "target": 113, "weight": 0.010169}, {"source": 64, "target": 145, "weight": 0.02}, {"source": 64, "target": 118, "weight": 0.054945}, {"source": 64, "target": 83, "weight": 0.013699}, {"source": 65, "target": 147, "weight": 0.012987}, {"source": 65, "target": 144, "weight": 0.008065}, {"source": 65, "target": 84, "weight": 0.008547}, {"source": 66, "target": 96, "weight": 0.013216}, {"source": 66, "target": 97, "weight": 0.00692}, {"source": 66, "target": 132, "weight": 0.00578}, {"source": 66, "target": 101, "weight": 0.007905}, {"source": 66, "target": 84, "weight": 0.020833}, {"source": 66, "target": 105, "weight": 0.004695}, {"source": 66, "target": 140, "weight": 0.004545}, {"source": 66, "target": 141, "weight": 0.004367}, {"source": 66, "target": 67, "weight": 0.013793}, {"source": 66, "target": 114, "weight": 0.011538}, {"source": 66, "target": 144, "weight": 0.008}, {"source": 66, "target": 115, "weight": 0.0375}, {"source": 66, "target": 112, "weight": 0.00578}, {"source": 66, "target": 119, "weight": 0.016878}, {"source": 66, "target": 79, "weight": 0.021407}, {"source": 67, "target": 87, "weight": 0.015789}, {"source": 67, "target": 85, "weight": 0.005618}, {"source": 67, "target": 88, "weight": 0.005848}, {"source": 67, "target": 125, "weight": 0.008734}, {"source": 67, "target": 69, "weight": 0.006211}, {"source": 67, "target": 127, "weight": 0.005263}, {"source": 67, "target": 99, "weight": 0.004274}, {"source": 67, "target": 96, "weight": 0.535211}, {"source": 67, "target": 97, "weight": 0.00722}, {"source": 67, "target": 133, "weight": 0.005848}, {"source": 67, "target": 101, "weight": 0.004132}, {"source": 67, "target": 84, "weight": 0.00431}, {"source": 67, "target": 103, "weight": 0.006494}, {"source": 67, "target": 118, "weight": 0.014634}, {"source": 67, "target": 138, "weight": 0.00346}, {"source": 67, "target": 141, "weight": 0.191257}, {"source": 67, "target": 105, "weight": 0.01}, {"source": 67, "target": 139, "weight": 0.019084}, {"source": 67, "target": 143, "weight": 0.005618}, {"source": 67, "target": 114, "weight": 0.004}, {"source": 67, "target": 147, "weight": 0.079681}, {"source": 67, "target": 70, "weight": 0.190789}, {"source": 67, "target": 73, "weight": 0.017021}, {"source": 67, "target": 74, "weight": 0.005882}, {"source": 67, "target": 75, "weight": 0.016}, {"source": 67, "target": 150, "weight": 0.005917}, {"source": 67, "target": 76, "weight": 0.003704}, {"source": 67, "target": 79, "weight": 0.025478}, {"source": 67, "target": 129, "weight": 0.025907}, {"source": 67, "target": 119, "weight": 0.026906}, {"source": 67, "target": 153, "weight": 0.013468}, {"source": 67, "target": 82, "weight": 0.01105}, {"source": 67, "target": 155, "weight": 0.006623}, {"source": 67, "target": 121, "weight": 0.006369}, {"source": 67, "target": 90, "weight": 0.003096}, {"source": 68, "target": 110, "weight": 0.01108}, {"source": 68, "target": 97, "weight": 0.003322}, {"source": 68, "target": 100, "weight": 0.008929}, {"source": 68, "target": 101, "weight": 0.007576}, {"source": 68, "target": 102, "weight": 0.013559}, {"source": 68, "target": 140, "weight": 0.004329}, {"source": 68, "target": 144, "weight": 0.003817}, {"source": 68, "target": 117, "weight": 0.221719}, {"source": 68, "target": 74, "weight": 0.005181}, {"source": 68, "target": 119, "weight": 0.003984}, {"source": 68, "target": 81, "weight": 0.009804}, {"source": 68, "target": 99, "weight": 0.003891}, {"source": 70, "target": 141, "weight": 0.017391}, {"source": 70, "target": 96, "weight": 0.193878}, {"source": 70, "target": 150, "weight": 0.014706}, {"source": 70, "target": 100, "weight": 0.004673}, {"source": 70, "target": 129, "weight": 0.021053}, {"source": 70, "target": 99, "weight": 0.007519}, {"source": 70, "target": 147, "weight": 0.125828}, {"source": 71, "target": 72, "weight": 0.014085}, {"source": 71, "target": 119, "weight": 0.008772}, {"source": 71, "target": 139, "weight": 0.006579}, {"source": 71, "target": 77, "weight": 0.018519}, {"source": 71, "target": 79, "weight": 0.004831}, {"source": 71, "target": 129, "weight": 0.012048}, {"source": 71, "target": 120, "weight": 0.009346}, {"source": 71, "target": 113, "weight": 0.00339}, {"source": 72, "target": 110, "weight": 0.004082}, {"source": 72, "target": 141, "weight": 0.016667}, {"source": 72, "target": 111, "weight": 0.033898}, {"source": 72, "target": 73, "weight": 0.007042}, {"source": 72, "target": 124, "weight": 0.012658}, {"source": 72, "target": 75, "weight": 0.019355}, {"source": 72, "target": 139, "weight": 0.248175}, {"source": 72, "target": 79, "weight": 0.018018}, {"source": 72, "target": 129, "weight": 0.030303}, {"source": 72, "target": 119, "weight": 0.023077}, {"source": 72, "target": 87, "weight": 0.021053}, {"source": 72, "target": 97, "weight": 0.005495}, {"source": 72, "target": 76, "weight": 0.005747}, {"source": 73, "target": 87, "weight": 0.013514}, {"source": 73, "target": 123, "weight": 0.047619}, {"source": 73, "target": 127, "weight": 0.006803}, {"source": 73, "target": 96, "weight": 0.005747}, {"source": 73, "target": 131, "weight": 0.017391}, {"source": 73, "target": 100, "weight": 0.00738}, {"source": 73, "target": 113, "weight": 0.002732}, {"source": 73, "target": 110, "weight": 0.003356}, {"source": 73, "target": 141, "weight": 0.017442}, {"source": 73, "target": 111, "weight": 0.017857}, {"source": 73, "target": 139, "weight": 0.009009}, {"source": 73, "target": 143, "weight": 0.014925}, {"source": 73, "target": 119, "weight": 0.005405}, {"source": 73, "target": 76, "weight": 0.004405}, {"source": 73, "target": 129, "weight": 0.013072}, {"source": 73, "target": 75, "weight": 0.044554}, {"source": 73, "target": 153, "weight": 0.097872}, {"source": 73, "target": 121, "weight": 0.008772}, {"source": 74, "target": 96, "weight": 0.009434}, {"source": 74, "target": 97, "weight": 0.005988}, {"source": 74, "target": 119, "weight": 0.017241}, {"source": 74, "target": 132, "weight": 0.108696}, {"source": 74, "target": 79, "weight": 0.004762}, {"source": 74, "target": 127, "weight": 0.012658}, {"source": 74, "target": 93, "weight": 0.026316}, {"source": 75, "target": 110, "weight": 0.003195}, {"source": 75, "target": 141, "weight": 0.010638}, {"source": 75, "target": 119, "weight": 0.01005}, {"source": 75, "target": 100, "weight": 0.003484}, {"source": 75, "target": 129, "weight": 0.005917}, {"source": 75, "target": 102, "weight": 0.004049}, {"source": 75, "target": 79, "weight": 0.003413}, {"source": 75, "target": 84, "weight": 0.004902}, {"source": 75, "target": 97, "weight": 0.032922}, {"source": 76, "target": 140, "weight": 0.005076}, {"source": 76, "target": 110, "weight": 0.203636}, {"source": 76, "target": 100, "weight": 0.006601}, {"source": 76, "target": 102, "weight": 0.039216}, {"source": 76, "target": 97, "weight": 0.003745}, {"source": 76, "target": 81, "weight": 0.011765}, {"source": 76, "target": 115, "weight": 0.007042}, {"source": 76, "target": 99, "weight": 0.004484}, {"source": 76, "target": 117, "weight": 0.026087}, {"source": 77, "target": 79, "weight": 0.004808}, {"source": 77, "target": 101, "weight": 0.07438}, {"source": 77, "target": 105, "weight": 0.085366}, {"source": 78, "target": 147, "weight": 0.006135}, {"source": 78, "target": 114, "weight": 0.006993}, {"source": 78, "target": 81, "weight": 0.013333}, {"source": 78, "target": 108, "weight": 0.013514}, {"source": 79, "target": 87, "weight": 0.008658}, {"source": 79, "target": 127, "weight": 0.008734}, {"source": 79, "target": 96, "weight": 0.015748}, {"source": 79, "target": 97, "weight": 0.006309}, {"source": 79, "target": 131, "weight": 0.005025}, {"source": 79, "target": 132, "weight": 0.01}, {"source": 79, "target": 101, "weight": 0.235808}, {"source": 79, "target": 105, "weight": 0.008333}, {"source": 79, "target": 110, "weight": 0.005263}, {"source": 79, "target": 141, "weight": 0.019763}, {"source": 79, "target": 139, "weight": 0.013201}, {"source": 79, "target": 148, "weight": 0.008197}, {"source": 79, "target": 119, "weight": 0.022814}, {"source": 79, "target": 136, "weight": 0.003096}, {"source": 79, "target": 82, "weight": 0.004505}, {"source": 79, "target": 155, "weight": 0.002915}, {"source": 79, "target": 90, "weight": 0.002755}, {"source": 81, "target": 87, "weight": 0.010753}, {"source": 81, "target": 86, "weight": 0.166667}, {"source": 81, "target": 100, "weight": 0.00463}, {"source": 81, "target": 102, "weight": 0.011429}, {"source": 81, "target": 135, "weight": 0.297872}, {"source": 81, "target": 125, "weight": 0.007634}, {"source": 81, "target": 110, "weight": 0.016736}, {"source": 81, "target": 141, "weight": 0.008475}, {"source": 81, "target": 137, "weight": 0.014493}, {"source": 81, "target": 143, "weight": 0.269841}, {"source": 81, "target": 105, "weight": 0.009804}, {"source": 81, "target": 147, "weight": 0.005848}, {"source": 81, "target": 117, "weight": 0.013699}, {"source": 81, "target": 119, "weight": 0.007752}, {"source": 81, "target": 151, "weight": 0.014493}, {"source": 81, "target": 153, "weight": 0.020202}, {"source": 81, "target": 82, "weight": 0.05}, {"source": 81, "target": 155, "weight": 0.030151}, {"source": 82, "target": 140, "weight": 0.018519}, {"source": 82, "target": 110, "weight": 0.004132}, {"source": 82, "target": 96, "weight": 0.008475}, {"source": 82, "target": 99, "weight": 0.022556}, {"source": 82, "target": 101, "weight": 0.006993}, {"source": 82, "target": 84, "weight": 0.007519}, {"source": 82, "target": 117, "weight": 0.027778}, {"source": 82, "target": 147, "weight": 0.005848}, {"source": 83, "target": 110, "weight": 0.004082}, {"source": 83, "target": 150, "weight": 0.013699}, {"source": 83, "target": 100, "weight": 0.009174}, {"source": 83, "target": 114, "weight": 0.006494}, {"source": 83, "target": 144, "weight": 0.014085}, {"source": 84, "target": 122, "weight": 0.004464}, {"source": 84, "target": 88, "weight": 0.008197}, {"source": 84, "target": 152, "weight": 0.01626}, {"source": 84, "target": 90, "weight": 0.022305}, {"source": 84, "target": 94, "weight": 0.007519}, {"source": 84, "target": 95, "weight": 0.006944}, {"source": 84, "target": 100, "weight": 0.030888}, {"source": 84, "target": 102, "weight": 0.008889}, {"source": 84, "target": 108, "weight": 0.007576}, {"source": 84, "target": 138, "weight": 0.004167}, {"source": 84, "target": 125, "weight": 0.005525}, {"source": 84, "target": 110, "weight": 0.03169}, {"source": 84, "target": 137, "weight": 0.010638}, {"source": 84, "target": 113, "weight": 0.019774}, {"source": 84, "target": 114, "weight": 0.025381}, {"source": 84, "target": 120, "weight": 0.005814}, {"source": 84, "target": 144, "weight": 0.005263}, {"source": 84, "target": 89, "weight": 0.006289}, {"source": 84, "target": 112, "weight": 0.008929}, {"source": 84, "target": 119, "weight": 0.011236}, {"source": 84, "target": 134, "weight": 0.02}, {"source": 84, "target": 151, "weight": 0.008403}, {"source": 84, "target": 136, "weight": 0.004274}, {"source": 84, "target": 153, "weight": 0.008}, {"source": 84, "target": 154, "weight": 0.007246}, {"source": 84, "target": 155, "weight": 0.003937}, {"source": 86, "target": 141, "weight": 0.010309}, {"source": 86, "target": 119, "weight": 0.009259}, {"source": 86, "target": 105, "weight": 0.025}, {"source": 87, "target": 110, "weight": 0.007968}, {"source": 87, "target": 141, "weight": 0.057377}, {"source": 87, "target": 96, "weight": 0.015748}, {"source": 87, "target": 119, "weight": 0.021898}, {"source": 87, "target": 129, "weight": 0.038095}, {"source": 87, "target": 97, "weight": 0.079545}, {"source": 87, "target": 147, "weight": 0.005525}, {"source": 87, "target": 148, "weight": 0.008621}, {"source": 88, "target": 140, "weight": 0.010204}, {"source": 88, "target": 119, "weight": 0.008475}, {"source": 88, "target": 147, "weight": 0.00625}, {"source": 89, "target": 110, "weight": 0.003731}, {"source": 89, "target": 100, "weight": 0.008299}, {"source": 89, "target": 114, "weight": 0.00565}, {"source": 89, "target": 92, "weight": 0.020202}, {"source": 89, "target": 147, "weight": 0.005076}, {"source": 90, "target": 99, "weight": 0.010949}, {"source": 90, "target": 96, "weight": 0.003861}, {"source": 90, "target": 157, "weight": 0.004831}, {"source": 90, "target": 100, "weight": 0.014164}, {"source": 90, "target": 134, "weight": 0.005208}, {"source": 90, "target": 102, "weight": 0.06}, {"source": 90, "target": 110, "weight": 0.015873}, {"source": 90, "target": 141, "weight": 0.003861}, {"source": 90, "target": 114, "weight": 0.003425}, {"source": 90, "target": 144, "weight": 0.08046}, {"source": 90, "target": 117, "weight": 0.014035}, {"source": 90, "target": 154, "weight": 0.008772}, {"source": 90, "target": 156, "weight": 0.005}, {"source": 91, "target": 110, "weight": 0.003953}, {"source": 91, "target": 100, "weight": 0.00885}, {"source": 91, "target": 147, "weight": 0.005495}, {"source": 92, "target": 154, "weight": 0.012658}, {"source": 93, "target": 132, "weight": 0.034483}, {"source": 94, "target": 114, "weight": 0.006623}, {"source": 94, "target": 102, "weight": 0.011429}, {"source": 95, "target": 114, "weight": 0.006173}, {"source": 95, "target": 97, "weight": 0.005263}, {"source": 95, "target": 102, "weight": 0.010753}, {"source": 95, "target": 154, "weight": 0.010101}, {"source": 95, "target": 108, "weight": 0.010753}, {"source": 96, "target": 127, "weight": 0.007937}, {"source": 96, "target": 101, "weight": 0.005618}, {"source": 96, "target": 118, "weight": 0.014085}, {"source": 96, "target": 138, "weight": 0.004444}, {"source": 96, "target": 141, "weight": 0.175573}, {"source": 96, "target": 105, "weight": 0.014706}, {"source": 96, "target": 139, "weight": 0.025253}, {"source": 96, "target": 143, "weight": 0.008772}, {"source": 96, "target": 147, "weight": 0.101064}, {"source": 96, "target": 119, "weight": 0.03125}, {"source": 96, "target": 129, "weight": 0.03876}, {"source": 96, "target": 153, "weight": 0.004237}, {"source": 96, "target": 121, "weight": 0.010753}, {"source": 97, "target": 123, "weight": 0.005848}, {"source": 97, "target": 100, "weight": 0.003205}, {"source": 97, "target": 101, "weight": 0.008403}, {"source": 97, "target": 110, "weight": 0.002959}, {"source": 97, "target": 141, "weight": 0.018957}, {"source": 97, "target": 111, "weight": 0.013158}, {"source": 97, "target": 139, "weight": 0.064516}, {"source": 97, "target": 148, "weight": 0.00995}, {"source": 97, "target": 119, "weight": 0.036697}, {"source": 97, "target": 129, "weight": 0.020942}, {"source": 97, "target": 153, "weight": 0.006757}, {"source": 98, "target": 102, "weight": 0.007092}, {"source": 99, "target": 122, "weight": 0.008889}, {"source": 99, "target": 125, "weight": 0.005464}, {"source": 99, "target": 152, "weight": 0.016}, {"source": 99, "target": 100, "weight": 0.007491}, {"source": 99, "target": 102, "weight": 0.004386}, {"source": 99, "target": 108, "weight": 0.007463}, {"source": 99, "target": 140, "weight": 0.275591}, {"source": 99, "target": 113, "weight": 0.002762}, {"source": 99, "target": 114, "weight": 0.009901}, {"source": 99, "target": 120, "weight": 0.011561}, {"source": 99, "target": 117, "weight": 0.005025}, {"source": 99, "target": 112, "weight": 0.017699}, {"source": 99, "target": 150, "weight": 0.025}, {"source": 99, "target": 136, "weight": 0.008511}, {"source": 100, "target": 122, "weight": 0.013158}, {"source": 100, "target": 123, "weight": 0.004808}, {"source": 100, "target": 126, "weight": 0.004505}, {"source": 100, "target": 125, "weight": 0.015326}, {"source": 100, "target": 130, "weight": 0.020619}, {"source": 100, "target": 157, "weight": 0.005025}, {"source": 100, "target": 133, "weight": 0.009804}, {"source": 100, "target": 147, "weight": 0.003289}, {"source": 100, "target": 102, "weight": 0.006494}, {"source": 100, "target": 135, "weight": 0.005181}, {"source": 100, "target": 137, "weight": 0.01487}, {"source": 100, "target": 108, "weight": 0.028571}, {"source": 100, "target": 138, "weight": 0.015674}, {"source": 100, "target": 109, "weight": 0.005376}, {"source": 100, "target": 110, "weight": 0.01897}, {"source": 100, "target": 113, "weight": 0.104478}, {"source": 100, "target": 143, "weight": 0.004717}, {"source": 100, "target": 114, "weight": 0.021505}, {"source": 100, "target": 106, "weight": 0.005263}, {"source": 100, "target": 144, "weight": 0.018587}, {"source": 100, "target": 146, "weight": 0.024155}, {"source": 100, "target": 152, "weight": 0.009709}, {"source": 100, "target": 150, "weight": 0.004926}, {"source": 100, "target": 151, "weight": 0.020101}, {"source": 100, "target": 136, "weight": 0.049505}, {"source": 100, "target": 153, "weight": 0.006006}, {"source": 100, "target": 155, "weight": 0.04321}, {"source": 100, "target": 156, "weight": 0.005208}, {"source": 101, "target": 127, "weight": 0.013333}, {"source": 101, "target": 131, "weight": 0.008333}, {"source": 101, "target": 105, "weight": 0.038217}, {"source": 101, "target": 141, "weight": 0.017045}, {"source": 101, "target": 137, "weight": 0.005025}, {"source": 101, "target": 113, "weight": 0.002703}, {"source": 101, "target": 117, "weight": 0.004831}, {"source": 101, "target": 148, "weight": 0.012121}, {"source": 101, "target": 119, "weight": 0.016043}, {"source": 101, "target": 155, "weight": 0.003788}, {"source": 102, "target": 122, "weight": 0.007519}, {"source": 102, "target": 137, "weight": 0.00431}, {"source": 102, "target": 118, "weight": 0.004975}, {"source": 102, "target": 138, "weight": 0.007092}, {"source": 102, "target": 110, "weight": 0.094463}, {"source": 102, "target": 113, "weight": 0.03856}, {"source": 102, "target": 120, "weight": 0.004651}, {"source": 102, "target": 144, "weight": 0.008621}, {"source": 102, "target": 146, "weight": 0.005848}, {"source": 102, "target": 117, "weight": 0.004167}, {"source": 102, "target": 151, "weight": 0.116438}, {"source": 102, "target": 136, "weight": 0.010909}, {"source": 102, "target": 153, "weight": 0.003401}, {"source": 102, "target": 155, "weight": 0.024055}, {"source": 102, "target": 126, "weight": 0.01105}, {"source": 104, "target": 144, "weight": 0.2}, {"source": 105, "target": 127, "weight": 0.009091}, {"source": 105, "target": 157, "weight": 0.011765}, {"source": 105, "target": 134, "weight": 0.014286}, {"source": 105, "target": 141, "weight": 0.007299}, {"source": 105, "target": 139, "weight": 0.005376}, {"source": 105, "target": 119, "weight": 0.006757}, {"source": 105, "target": 129, "weight": 0.008547}, {"source": 106, "target": 110, "weight": 0.018779}, {"source": 106, "target": 113, "weight": 0.003521}, {"source": 106, "target": 114, "weight": 0.008}, {"source": 106, "target": 154, "weight": 0.016129}, {"source": 106, "target": 155, "weight": 0.022857}, {"source": 108, "target": 122, "weight": 0.00578}, {"source": 108, "target": 137, "weight": 0.007246}, {"source": 108, "target": 153, "weight": 0.01005}, {"source": 108, "target": 114, "weight": 0.013423}, {"source": 108, "target": 152, "weight": 0.013699}, {"source": 108, "target": 154, "weight": 0.011494}, {"source": 108, "target": 120, "weight": 0.016667}, {"source": 108, "target": 151, "weight": 0.045455}, {"source": 109, "target": 118, "weight": 0.012821}, {"source": 110, "target": 122, "weight": 0.009063}, {"source": 110, "target": 133, "weight": 0.004329}, {"source": 110, "target": 129, "weight": 0.003891}, {"source": 110, "target": 137, "weight": 0.003356}, {"source": 110, "target": 138, "weight": 0.005747}, {"source": 110, "target": 125, "weight": 0.013937}, {"source": 110, "target": 113, "weight": 0.015119}, {"source": 110, "target": 111, "weight": 0.009302}, {"source": 110, "target": 139, "weight": 0.006154}, {"source": 110, "target": 114, "weight": 0.029801}, {"source": 110, "target": 155, "weight": 0.086567}, {"source": 110, "target": 144, "weight": 0.006711}, {"source": 110, "target": 152, "weight": 0.004292}, {"source": 110, "target": 117, "weight": 0.009868}, {"source": 110, "target": 151, "weight": 0.022321}, {"source": 110, "target": 136, "weight": 0.005848}, {"source": 110, "target": 153, "weight": 0.011204}, {"source": 110, "target": 154, "weight": 0.004049}, {"source": 110, "target": 120, "weight": 0.007143}, {"source": 111, "target": 141, "weight": 0.021978}, {"source": 111, "target": 119, "weight": 0.009709}, {"source": 112, "target": 140, "weight": 0.022989}, {"source": 112, "target": 122, "weight": 0.006536}, {"source": 112, "target": 136, "weight": 0.012346}, {"source": 113, "target": 147, "weight": 0.002513}, {"source": 113, "target": 144, "weight": 0.005464}, {"source": 113, "target": 117, "weight": 0.002674}, {"source": 113, "target": 119, "weight": 0.002809}, {"source": 113, "target": 150, "weight": 0.006757}, {"source": 113, "target": 129, "weight": 0.003077}, {"source": 113, "target": 120, "weight": 0.002865}, {"source": 114, "target": 152, "weight": 0.276786}, {"source": 114, "target": 131, "weight": 0.007813}, {"source": 114, "target": 138, "weight": 0.003876}, {"source": 114, "target": 125, "weight": 0.005025}, {"source": 114, "target": 144, "weight": 0.004808}, {"source": 114, "target": 145, "weight": 0.007634}, {"source": 114, "target": 118, "weight": 0.005682}, {"source": 114, "target": 119, "weight": 0.005076}, {"source": 114, "target": 151, "weight": 0.007299}, {"source": 114, "target": 136, "weight": 0.007968}, {"source": 114, "target": 153, "weight": 0.007463}, {"source": 114, "target": 120, "weight": 0.02139}, {"source": 117, "target": 135, "weight": 0.008065}, {"source": 117, "target": 137, "weight": 0.035533}, {"source": 117, "target": 140, "weight": 0.00578}, {"source": 117, "target": 143, "weight": 0.035971}, {"source": 117, "target": 155, "weight": 0.022814}, {"source": 118, "target": 147, "weight": 0.020725}, {"source": 118, "target": 134, "weight": 0.013158}, {"source": 118, "target": 144, "weight": 0.006061}, {"source": 119, "target": 147, "weight": 0.004608}, {"source": 119, "target": 157, "weight": 0.008929}, {"source": 119, "target": 141, "weight": 0.137931}, {"source": 119, "target": 139, "weight": 0.028846}, {"source": 119, "target": 148, "weight": 0.006579}, {"source": 119, "target": 143, "weight": 0.008}, {"source": 119, "target": 120, "weight": 0.005952}, {"source": 120, "target": 122, "weight": 0.004695}, {"source": 120, "target": 140, "weight": 0.006757}, {"source": 120, "target": 139, "weight": 0.004854}, {"source": 120, "target": 129, "weight": 0.007299}, {"source": 120, "target": 152, "weight": 0.017857}, {"source": 120, "target": 153, "weight": 0.004167}, {"source": 121, "target": 141, "weight": 0.010753}, {"source": 121, "target": 143, "weight": 0.037736}, {"source": 121, "target": 153, "weight": 0.017241}, {"source": 121, "target": 147, "weight": 0.006849}, {"source": 122, "target": 149, "weight": 0.006993}, {"source": 122, "target": 140, "weight": 0.01005}, {"source": 122, "target": 144, "weight": 0.017544}, {"source": 122, "target": 147, "weight": 0.011538}, {"source": 125, "target": 134, "weight": 0.010101}, {"source": 125, "target": 144, "weight": 0.005319}, {"source": 125, "target": 147, "weight": 0.004566}, {"source": 125, "target": 150, "weight": 0.008475}, {"source": 125, "target": 154, "weight": 0.007353}, {"source": 126, "target": 144, "weight": 0.072993}, {"source": 127, "target": 131, "weight": 0.014706}, {"source": 127, "target": 129, "weight": 0.009434}, {"source": 129, "target": 141, "weight": 0.030769}, {"source": 129, "target": 139, "weight": 0.253425}, {"source": 129, "target": 142, "weight": 0.013333}, {"source": 129, "target": 147, "weight": 0.010811}, {"source": 129, "target": 153, "weight": 0.00463}, {"source": 130, "target": 147, "weight": 0.006579}, {"source": 132, "target": 139, "weight": 0.006849}, {"source": 133, "target": 144, "weight": 0.015625}, {"source": 134, "target": 137, "weight": 0.018868}, {"source": 135, "target": 147, "weight": 0.006757}, {"source": 136, "target": 149, "weight": 0.006536}, {"source": 136, "target": 140, "weight": 0.009569}, {"source": 136, "target": 144, "weight": 0.021097}, {"source": 136, "target": 147, "weight": 0.00738}, {"source": 137, "target": 154, "weight": 0.006944}, {"source": 137, "target": 144, "weight": 0.005102}, {"source": 138, "target": 144, "weight": 0.046414}, {"source": 138, "target": 147, "weight": 0.014545}, {"source": 138, "target": 156, "weight": 0.006024}, {"source": 139, "target": 141, "weight": 0.041026}, {"source": 139, "target": 147, "weight": 0.007874}, {"source": 140, "target": 150, "weight": 0.010417}, {"source": 141, "target": 157, "weight": 0.009901}, {"source": 141, "target": 148, "weight": 0.007092}, {"source": 141, "target": 143, "weight": 0.017699}, {"source": 141, "target": 147, "weight": 0.014706}, {"source": 141, "target": 153, "weight": 0.004237}, {"source": 143, "target": 147, "weight": 0.018182}, {"source": 144, "target": 157, "weight": 0.00813}, {"source": 144, "target": 145, "weight": 0.008333}, {"source": 144, "target": 151, "weight": 0.007937}, {"source": 144, "target": 153, "weight": 0.003876}, {"source": 144, "target": 155, "weight": 0.007692}, {"source": 144, "target": 156, "weight": 0.008621}, {"source": 147, "target": 153, "weight": 0.00346}, {"source": 147, "target": 154, "weight": 0.011429}, {"source": 147, "target": 155, "weight": 0.003425}, {"source": 150, "target": 155, "weight": 0.005236}, {"source": 154, "target": 155, "weight": 0.009615}, {"source": 156, "target": 157, "weight": 0.30303}], "multigraph": false}