{"directed": false, "graph": {}, "nodes": [{"group": 0, "id": "bugger", "degree": 26}, {"group": 1, "id": "bulging"}, {"group": 2, "id": "bull"}, {"group": 3, "id": "burglary", "degree": 4}, {"group": 4, "id": "bulkhead", "degree": 28}, {"group": 2, "id": "bunco", "degree": 4}, {"group": 1, "id": "budding"}, {"group": 5, "id": "bulldoze", "degree": 44}, {"group": 6, "id": "bunch"}, {"group": 5, "id": "bullwhack", "degree": 8}, {"group": 3, "id": "busy", "degree": 26}, {"group": 7, "id": "buddy"}, {"group": 1, "id": "buxom"}, {"group": 6, "id": "bust"}, {"group": 9, "id": "bush", "degree": 10}, {"group": 3, "id": "bummer"}, {"group": 5, "id": "bunt"}, {"group": 1, "id": "bumbling"}, {"group": 3, "id": "bustling"}, {"group": 1, "id": "bungling", "degree": 8}, {"group": 1, "id": "burgher"}, {"group": 5, "id": "bustle", "degree": 29}, {"group": 3, "id": "burden", "degree": 56}, {"group": 2, "id": "bushwa"}, {"group": 2, "id": "bullshit", "degree": 21}, {"group": 9, "id": "bushy"}, {"group": 8, "id": "bullwhacker"}, {"group": 3, "id": "bugbear", "degree": 11}, {"group": 6, "id": "bulge"}, {"group": 6, "id": "bunion"}, {"group": 6, "id": "button"}, {"group": 5, "id": "buttonhole", "degree": 20}, {"group": 4, "id": "bullion"}, {"group": 7, "id": "burgeon"}, {"group": 1, "id": "bulky"}, {"group": 8, "id": "burial", "degree": 11}, {"group": 3, "id": "bursting"}, {"group": 5, "id": "burst"}, {"group": 6, "id": "bump", "degree": 83}, {"group": 5, "id": "bushed", "degree": 4}, {"group": 9, "id": "burnish", "degree": 8}, {"group": 6, "id": "burdened"}, {"group": 9, "id": "buccaneer", "degree": 4}, {"group": 9, "id": "bunting"}, {"group": 0, "id": "butch", "degree": 9}, {"group": 1, "id": "bulbous"}, {"group": 8, "id": "busboy", "degree": 3}, {"group": 5, "id": "burner", "degree": 1}, {"group": 5, "id": "bureau", "degree": 2}, {"group": 5, "id": "bullfight", "degree": 12}, {"group": 0, "id": "busybody", "degree": 16}, {"group": 5, "id": "burg", "degree": 1}, {"group": 0, "id": "bungler", "degree": 10}, {"group": 5, "id": "bully", "degree": 34}, {"group": 3, "id": "business", "degree": 23}, {"group": 6, "id": "burl"}, {"group": 5, "id": "burn", "degree": 66}, {"group": 5, "id": "buffet"}, {"group": 2, "id": "bunkum", "degree": 25}, {"group": 5, "id": "burr"}, {"group": 1, "id": "bumpy"}, {"group": 6, "id": "butte"}, {"group": 5, "id": "buckskin", "degree": 2}, {"group": 8, "id": "bury"}, {"group": 7, "id": "buck"}, {"group": 1, "id": "burdensome", "degree": 11}, {"group": 5, "id": "busted", "degree": 14}, {"group": 5, "id": "buzz", "degree": 51}, {"group": 4, "id": "bunker", "degree": 24}, {"group": 5, "id": "buzzer"}, {"group": 5, "id": "bugle", "degree": 15}, {"group": 3, "id": "burning", "degree": 15}, {"group": 6, "id": "burble"}, {"group": 0, "id": "bushman"}, {"group": 5, "id": "bushwhack"}, {"group": 0, "id": "butterfingers", "degree": 13}, {"group": 3, "id": "buildup"}, {"group": 3, "id": "buoyancy", "degree": 17}, {"group": 3, "id": "bubbly"}, {"group": 0, "id": "bushwhacker", "degree": 8}, {"group": 3, "id": "buckle"}, {"group": 5, "id": "bum"}, {"group": 8, "id": "butler", "degree": 6}, {"group": 6, "id": "bubble", "degree": 58}, {"group": 0, "id": "bumble"}, {"group": 3, "id": "buy"}, {"group": 9, "id": "bulldog"}, {"group": 8, "id": "bus", "degree": 22}, {"group": 8, "id": "buggy"}, {"group": 9, "id": "bushing"}, {"group": 4, "id": "but"}, {"group": 3, "id": "bulk", "degree": 30}, {"group": 3, "id": "burlesque", "degree": 20}, {"group": 5, "id": "bun", "degree": 13}, {"group": 5, "id": "butt"}, {"group": 7, "id": "bub", "degree": 11}, {"group": 6, "id": "bulb", "degree": 33}, {"group": 5, "id": "bug"}, {"group": 7, "id": "bud", "degree": 16}, {"group": 5, "id": "buttocks", "degree": 13}, {"group": 10, "id": "bullheaded", "degree": 8}, {"group": 0, "id": "bucolic", "degree": 4}, {"group": 5, "id": "businesslike", "degree": 6}, {"group": 8, "id": "bucket"}, {"group": 3, "id": "budget", "degree": 22}, {"group": 0, "id": "buttinsky"}, {"group": 3, "id": "buffoonery", "degree": 12}, {"group": 4, "id": "buttress"}, {"group": 5, "id": "bureaucracy", "degree": 14}, {"group": 8, "id": "buckaroo", "degree": 1}, {"group": 0, "id": "buried", "degree": 3}, {"group": 10, "id": "bulldogged"}, {"group": 1, "id": "built", "degree": 10}, {"group": 3, "id": "buoyant", "degree": 9}, {"group": 2, "id": "bunk", "degree": 22}, {"group": 11, "id": "buckshot", "degree": 4}, {"group": 5, "id": "butcher"}, {"group": 3, "id": "bumptious"}, {"group": 3, "id": "build"}, {"group": 0, "id": "buffoon", "degree": 11}, {"group": 7, "id": "bunny", "degree": 8}, {"group": 9, "id": "buff"}, {"group": 3, "id": "building"}, {"group": 4, "id": "buffer", "degree": 40}, {"group": 4, "id": "bumper", "degree": 31}, {"group": 5, "id": "bundle"}, {"group": 8, "id": "bughouse"}, {"group": 1, "id": "burly", "degree": 13}, {"group": 0, "id": "bumpkin", "degree": 6}, {"group": 9, "id": "butter", "degree": 28}, {"group": 11, "id": "bullet"}, {"group": 4, "id": "bulwark"}, {"group": 7, "id": "builder", "degree": 5}, {"group": 8, "id": "bugs"}, {"group": 0, "id": "bungle"}, {"group": 5, "id": "budge"}, {"group": 8, "id": "bursar"}, {"group": 4, "id": "burrow"}, {"group": 5, "id": "butchered"}, {"group": 3, "id": "busywork", "degree": 10}, {"group": 5, "id": "buffalo"}, {"group": 3, "id": "bulletin", "degree": 12}, {"group": 8, "id": "buoy"}], "links": [{"source": 0, "target": 35, "weight": 0.007407}, {"source": 0, "target": 22, "weight": 0.014837}, {"source": 0, "target": 107, "weight": 0.005236}, {"source": 0, "target": 38, "weight": 0.007614}, {"source": 0, "target": 81, "weight": 0.004651}, {"source": 0, "target": 94, "weight": 0.00295}, {"source": 0, "target": 75, "weight": 0.009804}, {"source": 0, "target": 13, "weight": 0.003058}, {"source": 0, "target": 8, "weight": 0.005935}, {"source": 0, "target": 9, "weight": 0.009709}, {"source": 0, "target": 44, "weight": 0.025424}, {"source": 0, "target": 2, "weight": 0.011364}, {"source": 0, "target": 10, "weight": 0.006623}, {"source": 0, "target": 11, "weight": 0.020833}, {"source": 0, "target": 114, "weight": 0.006329}, {"source": 0, "target": 116, "weight": 0.009132}, {"source": 0, "target": 97, "weight": 0.012945}, {"source": 0, "target": 53, "weight": 0.03139}, {"source": 0, "target": 30, "weight": 0.007018}, {"source": 0, "target": 15, "weight": 0.006329}, {"source": 0, "target": 55, "weight": 0.007042}, {"source": 0, "target": 83, "weight": 0.004016}, {"source": 0, "target": 50, "weight": 0.008403}, {"source": 0, "target": 84, "weight": 0.008772}, {"source": 0, "target": 88, "weight": 0.007407}, {"source": 0, "target": 119, "weight": 0.203704}, {"source": 0, "target": 87, "weight": 0.007634}, {"source": 0, "target": 56, "weight": 0.015707}, {"source": 0, "target": 58, "weight": 0.006849}, {"source": 0, "target": 59, "weight": 0.005882}, {"source": 0, "target": 95, "weight": 0.02521}, {"source": 0, "target": 96, "weight": 0.00625}, {"source": 0, "target": 63, "weight": 0.016807}, {"source": 0, "target": 24, "weight": 0.007353}, {"source": 0, "target": 98, "weight": 0.020408}, {"source": 0, "target": 64, "weight": 0.025}, {"source": 0, "target": 27, "weight": 0.023077}, {"source": 0, "target": 28, "weight": 0.011765}, {"source": 0, "target": 132, "weight": 0.007937}, {"source": 0, "target": 135, "weight": 0.008197}, {"source": 0, "target": 31, "weight": 0.008264}, {"source": 0, "target": 137, "weight": 0.005682}, {"source": 0, "target": 121, "weight": 0.004651}, {"source": 0, "target": 134, "weight": 0.022388}, {"source": 1, "target": 108, "weight": 0.018868}, {"source": 1, "target": 112, "weight": 0.026667}, {"source": 1, "target": 38, "weight": 0.0059}, {"source": 1, "target": 56, "weight": 0.003021}, {"source": 1, "target": 124, "weight": 0.008065}, {"source": 1, "target": 22, "weight": 0.003509}, {"source": 1, "target": 67, "weight": 0.004808}, {"source": 1, "target": 127, "weight": 0.0875}, {"source": 2, "target": 106, "weight": 0.009302}, {"source": 2, "target": 22, "weight": 0.004728}, {"source": 2, "target": 38, "weight": 0.085973}, {"source": 2, "target": 70, "weight": 0.004484}, {"source": 2, "target": 124, "weight": 0.015385}, {"source": 2, "target": 4, "weight": 0.007722}, {"source": 2, "target": 5, "weight": 0.010582}, {"source": 2, "target": 7, "weight": 0.158798}, {"source": 2, "target": 44, "weight": 0.004926}, {"source": 2, "target": 10, "weight": 0.004274}, {"source": 2, "target": 114, "weight": 0.141509}, {"source": 2, "target": 82, "weight": 0.010256}, {"source": 2, "target": 83, "weight": 0.03096}, {"source": 2, "target": 120, "weight": 0.005155}, {"source": 2, "target": 50, "weight": 0.00495}, {"source": 2, "target": 108, "weight": 0.005208}, {"source": 2, "target": 52, "weight": 0.005025}, {"source": 2, "target": 53, "weight": 0.016234}, {"source": 2, "target": 54, "weight": 0.006515}, {"source": 2, "target": 123, "weight": 0.011194}, {"source": 2, "target": 87, "weight": 0.004673}, {"source": 2, "target": 56, "weight": 0.01073}, {"source": 2, "target": 91, "weight": 0.006369}, {"source": 2, "target": 21, "weight": 0.021352}, {"source": 2, "target": 58, "weight": 0.15}, {"source": 2, "target": 95, "weight": 0.004902}, {"source": 2, "target": 96, "weight": 0.020921}, {"source": 2, "target": 127, "weight": 0.008929}, {"source": 2, "target": 24, "weight": 0.25}, {"source": 2, "target": 98, "weight": 0.00431}, {"source": 2, "target": 129, "weight": 0.007463}, {"source": 2, "target": 99, "weight": 0.005376}, {"source": 2, "target": 31, "weight": 0.009852}, {"source": 2, "target": 67, "weight": 0.002882}, {"source": 3, "target": 139, "weight": 0.041667}, {"source": 3, "target": 85, "weight": 0.019231}, {"source": 3, "target": 56, "weight": 0.003289}, {"source": 3, "target": 54, "weight": 0.007042}, {"source": 3, "target": 13, "weight": 0.004098}, {"source": 4, "target": 107, "weight": 0.068966}, {"source": 4, "target": 37, "weight": 0.011364}, {"source": 4, "target": 38, "weight": 0.007732}, {"source": 4, "target": 94, "weight": 0.003003}, {"source": 4, "target": 72, "weight": 0.008621}, {"source": 4, "target": 124, "weight": 0.11465}, {"source": 4, "target": 13, "weight": 0.009404}, {"source": 4, "target": 61, "weight": 0.01}, {"source": 4, "target": 76, "weight": 0.006289}, {"source": 4, "target": 7, "weight": 0.005556}, {"source": 4, "target": 8, "weight": 0.009091}, {"source": 4, "target": 10, "weight": 0.006897}, {"source": 4, "target": 90, "weight": 0.008696}, {"source": 4, "target": 125, "weight": 0.004255}, {"source": 4, "target": 80, "weight": 0.006944}, {"source": 4, "target": 116, "weight": 0.004673}, {"source": 4, "target": 16, "weight": 0.006211}, {"source": 4, "target": 33, "weight": 0.007353}, {"source": 4, "target": 83, "weight": 0.008264}, {"source": 4, "target": 84, "weight": 0.009259}, {"source": 4, "target": 54, "weight": 0.004566}, {"source": 4, "target": 123, "weight": 0.338235}, {"source": 4, "target": 55, "weight": 0.007353}, {"source": 4, "target": 56, "weight": 0.002625}, {"source": 4, "target": 57, "weight": 0.004673}, {"source": 4, "target": 114, "weight": 0.013245}, {"source": 4, "target": 21, "weight": 0.005076}, {"source": 4, "target": 22, "weight": 0.005988}, {"source": 4, "target": 81, "weight": 0.004785}, {"source": 4, "target": 96, "weight": 0.006494}, {"source": 4, "target": 129, "weight": 0.011173}, {"source": 4, "target": 64, "weight": 0.004184}, {"source": 4, "target": 131, "weight": 0.267606}, {"source": 4, "target": 28, "weight": 0.006061}, {"source": 4, "target": 30, "weight": 0.018116}, {"source": 4, "target": 137, "weight": 0.005882}, {"source": 4, "target": 32, "weight": 0.020408}, {"source": 4, "target": 67, "weight": 0.007782}, {"source": 4, "target": 139, "weight": 0.009901}, {"source": 4, "target": 68, "weight": 0.022989}, {"source": 4, "target": 134, "weight": 0.007692}, {"source": 4, "target": 142, "weight": 0.008403}, {"source": 5, "target": 22, "weight": 0.003774}, {"source": 5, "target": 54, "weight": 0.006711}, {"source": 5, "target": 114, "weight": 0.024691}, {"source": 5, "target": 56, "weight": 0.022951}, {"source": 5, "target": 58, "weight": 0.028986}, {"source": 5, "target": 24, "weight": 0.033898}, {"source": 5, "target": 98, "weight": 0.013699}, {"source": 6, "target": 129, "weight": 0.006173}, {"source": 6, "target": 112, "weight": 0.009259}, {"source": 6, "target": 71, "weight": 0.007463}, {"source": 7, "target": 22, "weight": 0.008772}, {"source": 7, "target": 107, "weight": 0.010363}, {"source": 7, "target": 37, "weight": 0.026022}, {"source": 7, "target": 38, "weight": 0.117318}, {"source": 7, "target": 94, "weight": 0.117264}, {"source": 7, "target": 39, "weight": 0.009524}, {"source": 7, "target": 13, "weight": 0.021605}, {"source": 7, "target": 96, "weight": 0.018634}, {"source": 7, "target": 76, "weight": 0.005952}, {"source": 7, "target": 77, "weight": 0.008333}, {"source": 7, "target": 8, "weight": 0.020896}, {"source": 7, "target": 10, "weight": 0.013072}, {"source": 7, "target": 11, "weight": 0.006711}, {"source": 7, "target": 80, "weight": 0.013158}, {"source": 7, "target": 116, "weight": 0.009009}, {"source": 7, "target": 97, "weight": 0.019355}, {"source": 7, "target": 86, "weight": 0.008}, {"source": 7, "target": 118, "weight": 0.008658}, {"source": 7, "target": 15, "weight": 0.006211}, {"source": 7, "target": 55, "weight": 0.020979}, {"source": 7, "target": 83, "weight": 0.012}, {"source": 7, "target": 120, "weight": 0.008772}, {"source": 7, "target": 21, "weight": 0.035}, {"source": 7, "target": 50, "weight": 0.008197}, {"source": 7, "target": 108, "weight": 0.018018}, {"source": 7, "target": 53, "weight": 0.182741}, {"source": 7, "target": 123, "weight": 0.005263}, {"source": 7, "target": 87, "weight": 0.007463}, {"source": 7, "target": 56, "weight": 0.012953}, {"source": 7, "target": 57, "weight": 0.027523}, {"source": 7, "target": 91, "weight": 0.012876}, {"source": 7, "target": 125, "weight": 0.029412}, {"source": 7, "target": 58, "weight": 0.006711}, {"source": 7, "target": 59, "weight": 0.011628}, {"source": 7, "target": 95, "weight": 0.008065}, {"source": 7, "target": 61, "weight": 0.009174}, {"source": 7, "target": 74, "weight": 0.009346}, {"source": 7, "target": 63, "weight": 0.016393}, {"source": 7, "target": 24, "weight": 0.014493}, {"source": 7, "target": 98, "weight": 0.006579}, {"source": 7, "target": 129, "weight": 0.027027}, {"source": 7, "target": 64, "weight": 0.174528}, {"source": 7, "target": 99, "weight": 0.009434}, {"source": 7, "target": 16, "weight": 0.266667}, {"source": 7, "target": 131, "weight": 0.010695}, {"source": 7, "target": 28, "weight": 0.017442}, {"source": 7, "target": 29, "weight": 0.006211}, {"source": 7, "target": 30, "weight": 0.017544}, {"source": 7, "target": 135, "weight": 0.008}, {"source": 7, "target": 31, "weight": 0.01626}, {"source": 7, "target": 137, "weight": 0.028571}, {"source": 7, "target": 114, "weight": 0.0125}, {"source": 7, "target": 67, "weight": 0.007519}, {"source": 7, "target": 121, "weight": 0.004587}, {"source": 7, "target": 140, "weight": 0.014925}, {"source": 7, "target": 134, "weight": 0.007194}, {"source": 7, "target": 142, "weight": 0.015748}, {"source": 8, "target": 22, "weight": 0.024742}, {"source": 8, "target": 38, "weight": 0.112903}, {"source": 8, "target": 70, "weight": 0.00339}, {"source": 8, "target": 124, "weight": 0.015106}, {"source": 8, "target": 75, "weight": 0.003891}, {"source": 8, "target": 9, "weight": 0.003876}, {"source": 8, "target": 10, "weight": 0.003268}, {"source": 8, "target": 112, "weight": 0.003484}, {"source": 8, "target": 114, "weight": 0.012903}, {"source": 8, "target": 83, "weight": 0.150568}, {"source": 8, "target": 52, "weight": 0.00369}, {"source": 8, "target": 53, "weight": 0.002604}, {"source": 8, "target": 54, "weight": 0.018717}, {"source": 8, "target": 123, "weight": 0.011799}, {"source": 8, "target": 87, "weight": 0.007018}, {"source": 8, "target": 56, "weight": 0.01306}, {"source": 8, "target": 91, "weight": 0.105413}, {"source": 8, "target": 93, "weight": 0.003774}, {"source": 8, "target": 21, "weight": 0.016997}, {"source": 8, "target": 58, "weight": 0.003322}, {"source": 8, "target": 96, "weight": 0.192453}, {"source": 8, "target": 24, "weight": 0.003436}, {"source": 8, "target": 129, "weight": 0.002933}, {"source": 8, "target": 31, "weight": 0.007273}, {"source": 8, "target": 104, "weight": 0.07754}, {"source": 8, "target": 100, "weight": 0.003559}, {"source": 8, "target": 67, "weight": 0.004785}, {"source": 8, "target": 68, "weight": 0.002959}, {"source": 9, "target": 27, "weight": 0.019231}, {"source": 9, "target": 13, "weight": 0.004049}, {"source": 9, "target": 125, "weight": 0.018868}, {"source": 9, "target": 57, "weight": 0.044444}, {"source": 9, "target": 22, "weight": 0.003831}, {"source": 9, "target": 33, "weight": 0.016129}, {"source": 10, "target": 36, "weight": 0.013699}, {"source": 10, "target": 37, "weight": 0.008368}, {"source": 10, "target": 38, "weight": 0.002747}, {"source": 10, "target": 94, "weight": 0.009836}, {"source": 10, "target": 72, "weight": 0.011111}, {"source": 10, "target": 131, "weight": 0.006536}, {"source": 10, "target": 78, "weight": 0.018692}, {"source": 10, "target": 44, "weight": 0.011364}, {"source": 10, "target": 71, "weight": 0.011583}, {"source": 10, "target": 113, "weight": 0.012048}, {"source": 10, "target": 114, "weight": 0.007937}, {"source": 10, "target": 117, "weight": 0.044444}, {"source": 10, "target": 118, "weight": 0.005076}, {"source": 10, "target": 18, "weight": 0.04}, {"source": 10, "target": 83, "weight": 0.009259}, {"source": 10, "target": 50, "weight": 0.011494}, {"source": 10, "target": 85, "weight": 0.009709}, {"source": 10, "target": 53, "weight": 0.005076}, {"source": 10, "target": 54, "weight": 0.015707}, {"source": 10, "target": 123, "weight": 0.006452}, {"source": 10, "target": 87, "weight": 0.010101}, {"source": 10, "target": 56, "weight": 0.002817}, {"source": 10, "target": 125, "weight": 0.004785}, {"source": 10, "target": 21, "weight": 0.017751}, {"source": 10, "target": 22, "weight": 0.033333}, {"source": 10, "target": 81, "weight": 0.005464}, {"source": 10, "target": 63, "weight": 0.011364}, {"source": 10, "target": 64, "weight": 0.004695}, {"source": 10, "target": 16, "weight": 0.014925}, {"source": 10, "target": 102, "weight": 0.011905}, {"source": 10, "target": 27, "weight": 0.01}, {"source": 10, "target": 104, "weight": 0.004651}, {"source": 10, "target": 65, "weight": 0.009615}, {"source": 10, "target": 137, "weight": 0.006944}, {"source": 10, "target": 139, "weight": 0.027027}, {"source": 11, "target": 54, "weight": 0.005319}, {"source": 11, "target": 38, "weight": 0.002786}, {"source": 11, "target": 132, "weight": 0.034483}, {"source": 11, "target": 91, "weight": 0.005128}, {"source": 11, "target": 67, "weight": 0.004405}, {"source": 11, "target": 95, "weight": 0.517857}, {"source": 11, "target": 120, "weight": 0.013514}, {"source": 11, "target": 98, "weight": 0.345238}, {"source": 11, "target": 50, "weight": 0.012195}, {"source": 12, "target": 129, "weight": 0.006024}, {"source": 12, "target": 53, "weight": 0.004785}, {"source": 12, "target": 38, "weight": 0.00266}, {"source": 12, "target": 114, "weight": 0.007246}, {"source": 12, "target": 65, "weight": 0.008621}, {"source": 12, "target": 22, "weight": 0.003115}, {"source": 12, "target": 127, "weight": 0.481928}, {"source": 12, "target": 112, "weight": 0.189474}, {"source": 13, "target": 35, "weight": 0.040892}, {"source": 13, "target": 71, "weight": 0.004587}, {"source": 13, "target": 38, "weight": 0.127083}, {"source": 13, "target": 70, "weight": 0.007067}, {"source": 13, "target": 124, "weight": 0.006192}, {"source": 13, "target": 77, "weight": 0.007692}, {"source": 13, "target": 114, "weight": 0.003311}, {"source": 13, "target": 49, "weight": 0.003968}, {"source": 13, "target": 83, "weight": 0.010256}, {"source": 13, "target": 120, "weight": 0.003922}, {"source": 13, "target": 53, "weight": 0.005376}, {"source": 13, "target": 123, "weight": 0.006061}, {"source": 13, "target": 56, "weight": 0.025048}, {"source": 13, "target": 91, "weight": 0.005333}, {"source": 13, "target": 92, "weight": 0.008746}, {"source": 13, "target": 21, "weight": 0.011628}, {"source": 13, "target": 22, "weight": 0.010395}, {"source": 13, "target": 96, "weight": 0.009934}, {"source": 13, "target": 98, "weight": 0.003413}, {"source": 13, "target": 129, "weight": 0.006079}, {"source": 13, "target": 27, "weight": 0.007273}, {"source": 13, "target": 31, "weight": 0.003774}, {"source": 13, "target": 104, "weight": 0.002558}, {"source": 13, "target": 66, "weight": 0.010989}, {"source": 13, "target": 67, "weight": 0.014888}, {"source": 13, "target": 68, "weight": 0.003058}, {"source": 13, "target": 141, "weight": 0.003584}, {"source": 14, "target": 131, "weight": 0.006944}, {"source": 14, "target": 123, "weight": 0.006849}, {"source": 14, "target": 16, "weight": 0.007937}, {"source": 14, "target": 56, "weight": 0.00289}, {"source": 14, "target": 89, "weight": 0.196721}, {"source": 14, "target": 59, "weight": 0.023622}, {"source": 14, "target": 86, "weight": 0.025}, {"source": 14, "target": 94, "weight": 0.003356}, {"source": 14, "target": 137, "weight": 0.007407}, {"source": 14, "target": 125, "weight": 0.005}, {"source": 14, "target": 49, "weight": 0.014925}, {"source": 14, "target": 124, "weight": 0.007194}, {"source": 14, "target": 25, "weight": 0.025641}, {"source": 14, "target": 21, "weight": 0.006173}, {"source": 15, "target": 52, "weight": 0.010989}, {"source": 15, "target": 119, "weight": 0.009615}, {"source": 15, "target": 27, "weight": 0.018868}, {"source": 15, "target": 38, "weight": 0.005405}, {"source": 15, "target": 19, "weight": 0.009615}, {"source": 15, "target": 31, "weight": 0.010417}, {"source": 15, "target": 22, "weight": 0.02589}, {"source": 15, "target": 67, "weight": 0.008403}, {"source": 15, "target": 53, "weight": 0.004902}, {"source": 16, "target": 22, "weight": 0.012422}, {"source": 16, "target": 38, "weight": 0.127219}, {"source": 16, "target": 77, "weight": 0.009901}, {"source": 16, "target": 114, "weight": 0.007042}, {"source": 16, "target": 49, "weight": 0.01087}, {"source": 16, "target": 83, "weight": 0.012987}, {"source": 16, "target": 120, "weight": 0.010526}, {"source": 16, "target": 50, "weight": 0.009709}, {"source": 16, "target": 108, "weight": 0.010753}, {"source": 16, "target": 53, "weight": 0.004695}, {"source": 16, "target": 123, "weight": 0.005848}, {"source": 16, "target": 87, "weight": 0.017544}, {"source": 16, "target": 56, "weight": 0.00813}, {"source": 16, "target": 91, "weight": 0.014019}, {"source": 16, "target": 93, "weight": 0.010638}, {"source": 16, "target": 21, "weight": 0.044444}, {"source": 16, "target": 58, "weight": 0.007692}, {"source": 16, "target": 95, "weight": 0.009524}, {"source": 16, "target": 96, "weight": 0.028369}, {"source": 16, "target": 24, "weight": 0.016807}, {"source": 16, "target": 98, "weight": 0.007519}, {"source": 16, "target": 129, "weight": 0.011834}, {"source": 16, "target": 99, "weight": 0.011494}, {"source": 16, "target": 31, "weight": 0.029126}, {"source": 16, "target": 104, "weight": 0.004329}, {"source": 16, "target": 67, "weight": 0.016327}, {"source": 17, "target": 65, "weight": 0.041667}, {"source": 17, "target": 19, "weight": 0.581395}, {"source": 18, "target": 113, "weight": 0.02439}, {"source": 18, "target": 71, "weight": 0.009174}, {"source": 18, "target": 22, "weight": 0.003745}, {"source": 19, "target": 34, "weight": 0.085714}, {"source": 19, "target": 84, "weight": 0.016667}, {"source": 19, "target": 138, "weight": 0.018868}, {"source": 19, "target": 116, "weight": 0.006024}, {"source": 19, "target": 92, "weight": 0.006803}, {"source": 19, "target": 65, "weight": 0.0375}, {"source": 19, "target": 81, "weight": 0.006211}, {"source": 19, "target": 134, "weight": 0.012195}, {"source": 20, "target": 127, "weight": 0.014925}, {"source": 21, "target": 22, "weight": 0.014006}, {"source": 21, "target": 71, "weight": 0.009646}, {"source": 21, "target": 37, "weight": 0.14902}, {"source": 21, "target": 38, "weight": 0.027094}, {"source": 21, "target": 94, "weight": 0.022727}, {"source": 21, "target": 72, "weight": 0.014184}, {"source": 21, "target": 76, "weight": 0.005405}, {"source": 21, "target": 77, "weight": 0.007299}, {"source": 21, "target": 116, "weight": 0.008368}, {"source": 21, "target": 117, "weight": 0.006897}, {"source": 21, "target": 137, "weight": 0.010256}, {"source": 21, "target": 49, "weight": 0.015748}, {"source": 21, "target": 55, "weight": 0.006173}, {"source": 21, "target": 83, "weight": 0.018868}, {"source": 21, "target": 108, "weight": 0.007752}, {"source": 21, "target": 53, "weight": 0.02459}, {"source": 21, "target": 54, "weight": 0.004082}, {"source": 21, "target": 87, "weight": 0.006623}, {"source": 21, "target": 56, "weight": 0.022556}, {"source": 21, "target": 57, "weight": 0.012605}, {"source": 21, "target": 125, "weight": 0.13913}, {"source": 21, "target": 58, "weight": 0.006024}, {"source": 21, "target": 81, "weight": 0.004255}, {"source": 21, "target": 96, "weight": 0.005556}, {"source": 21, "target": 97, "weight": 0.037383}, {"source": 21, "target": 64, "weight": 0.027027}, {"source": 21, "target": 26, "weight": 0.008333}, {"source": 21, "target": 31, "weight": 0.021583}, {"source": 21, "target": 29, "weight": 0.005618}, {"source": 21, "target": 30, "weight": 0.006557}, {"source": 21, "target": 103, "weight": 0.013986}, {"source": 21, "target": 104, "weight": 0.003745}, {"source": 21, "target": 135, "weight": 0.028777}, {"source": 21, "target": 28, "weight": 0.005236}, {"source": 21, "target": 66, "weight": 0.006623}, {"source": 21, "target": 67, "weight": 0.017857}, {"source": 21, "target": 68, "weight": 0.004926}, {"source": 21, "target": 141, "weight": 0.006452}, {"source": 22, "target": 106, "weight": 0.003436}, {"source": 22, "target": 36, "weight": 0.002967}, {"source": 22, "target": 37, "weight": 0.007009}, {"source": 22, "target": 38, "weight": 0.020221}, {"source": 22, "target": 81, "weight": 0.005376}, {"source": 22, "target": 72, "weight": 0.003571}, {"source": 22, "target": 104, "weight": 0.033079}, {"source": 22, "target": 94, "weight": 0.022587}, {"source": 22, "target": 76, "weight": 0.003096}, {"source": 22, "target": 44, "weight": 0.003597}, {"source": 22, "target": 107, "weight": 0.002865}, {"source": 22, "target": 114, "weight": 0.003165}, {"source": 22, "target": 116, "weight": 0.005305}, {"source": 22, "target": 86, "weight": 0.003571}, {"source": 22, "target": 53, "weight": 0.007792}, {"source": 22, "target": 118, "weight": 0.005181}, {"source": 22, "target": 87, "weight": 0.017544}, {"source": 22, "target": 83, "weight": 0.004926}, {"source": 22, "target": 122, "weight": 0.002959}, {"source": 22, "target": 56, "weight": 0.012987}, {"source": 22, "target": 54, "weight": 0.069638}, {"source": 22, "target": 123, "weight": 0.005814}, {"source": 22, "target": 55, "weight": 0.003333}, {"source": 22, "target": 88, "weight": 0.006849}, {"source": 22, "target": 67, "weight": 0.009547}, {"source": 22, "target": 57, "weight": 0.005305}, {"source": 22, "target": 91, "weight": 0.031662}, {"source": 22, "target": 125, "weight": 0.017812}, {"source": 22, "target": 59, "weight": 0.009202}, {"source": 22, "target": 96, "weight": 0.003145}, {"source": 22, "target": 127, "weight": 0.003333}, {"source": 22, "target": 79, "weight": 0.003597}, {"source": 22, "target": 97, "weight": 0.032895}, {"source": 22, "target": 71, "weight": 0.004444}, {"source": 22, "target": 129, "weight": 0.002907}, {"source": 22, "target": 64, "weight": 0.007481}, {"source": 22, "target": 27, "weight": 0.069853}, {"source": 22, "target": 28, "weight": 0.009174}, {"source": 22, "target": 101, "weight": 0.003145}, {"source": 22, "target": 30, "weight": 0.006787}, {"source": 22, "target": 131, "weight": 0.002915}, {"source": 22, "target": 141, "weight": 0.003413}, {"source": 22, "target": 31, "weight": 0.007194}, {"source": 22, "target": 65, "weight": 0.003401}, {"source": 22, "target": 137, "weight": 0.002994}, {"source": 22, "target": 84, "weight": 0.00738}, {"source": 22, "target": 124, "weight": 0.018018}, {"source": 22, "target": 139, "weight": 0.019157}, {"source": 22, "target": 68, "weight": 0.011834}, {"source": 22, "target": 134, "weight": 0.003401}, {"source": 22, "target": 142, "weight": 0.003534}, {"source": 23, "target": 38, "weight": 0.003257}, {"source": 23, "target": 114, "weight": 0.029412}, {"source": 23, "target": 58, "weight": 0.035714}, {"source": 23, "target": 96, "weight": 0.014085}, {"source": 23, "target": 83, "weight": 0.00625}, {"source": 23, "target": 24, "weight": 0.043478}, {"source": 24, "target": 106, "weight": 0.023529}, {"source": 24, "target": 38, "weight": 0.008646}, {"source": 24, "target": 94, "weight": 0.010345}, {"source": 24, "target": 72, "weight": 0.055556}, {"source": 24, "target": 70, "weight": 0.010753}, {"source": 24, "target": 114, "weight": 0.365854}, {"source": 24, "target": 83, "weight": 0.015}, {"source": 24, "target": 53, "weight": 0.005495}, {"source": 24, "target": 54, "weight": 0.011299}, {"source": 24, "target": 55, "weight": 0.010526}, {"source": 24, "target": 56, "weight": 0.0059}, {"source": 24, "target": 58, "weight": 0.428571}, {"source": 24, "target": 96, "weight": 0.00885}, {"source": 24, "target": 97, "weight": 0.003774}, {"source": 24, "target": 64, "weight": 0.010152}, {"source": 24, "target": 28, "weight": 0.008065}, {"source": 24, "target": 30, "weight": 0.008403}, {"source": 24, "target": 140, "weight": 0.011765}, {"source": 24, "target": 134, "weight": 0.011236}, {"source": 26, "target": 82, "weight": 0.068966}, {"source": 26, "target": 87, "weight": 0.020833}, {"source": 26, "target": 46, "weight": 0.090909}, {"source": 27, "target": 34, "weight": 0.008621}, {"source": 27, "target": 54, "weight": 0.005747}, {"source": 27, "target": 31, "weight": 0.028986}, {"source": 27, "target": 56, "weight": 0.002976}, {"source": 27, "target": 57, "weight": 0.005917}, {"source": 27, "target": 134, "weight": 0.011765}, {"source": 27, "target": 86, "weight": 0.014085}, {"source": 27, "target": 28, "weight": 0.008333}, {"source": 27, "target": 53, "weight": 0.011299}, {"source": 27, "target": 119, "weight": 0.012821}, {"source": 27, "target": 59, "weight": 0.008403}, {"source": 27, "target": 121, "weight": 0.006098}, {"source": 27, "target": 83, "weight": 0.005051}, {"source": 27, "target": 97, "weight": 0.019455}, {"source": 28, "target": 106, "weight": 0.008264}, {"source": 28, "target": 38, "weight": 0.163142}, {"source": 28, "target": 70, "weight": 0.007813}, {"source": 28, "target": 124, "weight": 0.005952}, {"source": 28, "target": 75, "weight": 0.011111}, {"source": 28, "target": 114, "weight": 0.006849}, {"source": 28, "target": 83, "weight": 0.272727}, {"source": 28, "target": 53, "weight": 0.009259}, {"source": 28, "target": 54, "weight": 0.004695}, {"source": 28, "target": 123, "weight": 0.005714}, {"source": 28, "target": 56, "weight": 0.005348}, {"source": 28, "target": 91, "weight": 0.03271}, {"source": 28, "target": 93, "weight": 0.010204}, {"source": 28, "target": 58, "weight": 0.007463}, {"source": 28, "target": 96, "weight": 0.520408}, {"source": 28, "target": 31, "weight": 0.009174}, {"source": 28, "target": 104, "weight": 0.008547}, {"source": 28, "target": 67, "weight": 0.003968}, {"source": 29, "target": 53, "weight": 0.004902}, {"source": 29, "target": 71, "weight": 0.007491}, {"source": 29, "target": 38, "weight": 0.068966}, {"source": 29, "target": 56, "weight": 0.016807}, {"source": 29, "target": 91, "weight": 0.009709}, {"source": 29, "target": 92, "weight": 0.005682}, {"source": 29, "target": 75, "weight": 0.012987}, {"source": 29, "target": 96, "weight": 0.054264}, {"source": 29, "target": 83, "weight": 0.036866}, {"source": 30, "target": 106, "weight": 0.004237}, {"source": 30, "target": 71, "weight": 0.002525}, {"source": 30, "target": 38, "weight": 0.128668}, {"source": 30, "target": 70, "weight": 0.004115}, {"source": 30, "target": 124, "weight": 0.003534}, {"source": 30, "target": 40, "weight": 0.004695}, {"source": 30, "target": 75, "weight": 0.004878}, {"source": 30, "target": 104, "weight": 0.011527}, {"source": 30, "target": 77, "weight": 0.004545}, {"source": 30, "target": 112, "weight": 0.004255}, {"source": 30, "target": 114, "weight": 0.007692}, {"source": 30, "target": 83, "weight": 0.172757}, {"source": 30, "target": 50, "weight": 0.004505}, {"source": 30, "target": 53, "weight": 0.003012}, {"source": 30, "target": 54, "weight": 0.003049}, {"source": 30, "target": 123, "weight": 0.013937}, {"source": 30, "target": 56, "weight": 0.014463}, {"source": 30, "target": 91, "weight": 0.015106}, {"source": 30, "target": 92, "weight": 0.006601}, {"source": 30, "target": 93, "weight": 0.004695}, {"source": 30, "target": 58, "weight": 0.008065}, {"source": 30, "target": 96, "weight": 0.233645}, {"source": 30, "target": 129, "weight": 0.00346}, {"source": 30, "target": 99, "weight": 0.004854}, {"source": 30, "target": 102, "weight": 0.004566}, {"source": 30, "target": 67, "weight": 0.008219}, {"source": 30, "target": 68, "weight": 0.007018}, {"source": 30, "target": 110, "weight": 0.004444}, {"source": 31, "target": 38, "weight": 0.009036}, {"source": 31, "target": 94, "weight": 0.010909}, {"source": 31, "target": 121, "weight": 0.006536}, {"source": 31, "target": 85, "weight": 0.027778}, {"source": 31, "target": 53, "weight": 0.012048}, {"source": 31, "target": 57, "weight": 0.006329}, {"source": 31, "target": 125, "weight": 0.016949}, {"source": 31, "target": 62, "weight": 0.02439}, {"source": 31, "target": 97, "weight": 0.07265}, {"source": 31, "target": 64, "weight": 0.010989}, {"source": 31, "target": 137, "weight": 0.008772}, {"source": 32, "target": 112, "weight": 0.018519}, {"source": 32, "target": 123, "weight": 0.018519}, {"source": 32, "target": 56, "weight": 0.003236}, {"source": 32, "target": 91, "weight": 0.006494}, {"source": 32, "target": 38, "weight": 0.003145}, {"source": 32, "target": 96, "weight": 0.012195}, {"source": 32, "target": 83, "weight": 0.005848}, {"source": 33, "target": 129, "weight": 0.006897}, {"source": 33, "target": 70, "weight": 0.010101}, {"source": 33, "target": 38, "weight": 0.002817}, {"source": 33, "target": 56, "weight": 0.011662}, {"source": 33, "target": 91, "weight": 0.021277}, {"source": 33, "target": 40, "weight": 0.014493}, {"source": 33, "target": 96, "weight": 0.008403}, {"source": 33, "target": 95, "weight": 0.0125}, {"source": 33, "target": 68, "weight": 0.007042}, {"source": 33, "target": 98, "weight": 0.147368}, {"source": 34, "target": 70, "weight": 0.008065}, {"source": 34, "target": 53, "weight": 0.014218}, {"source": 34, "target": 54, "weight": 0.004785}, {"source": 34, "target": 102, "weight": 0.01}, {"source": 34, "target": 100, "weight": 0.009091}, {"source": 34, "target": 114, "weight": 0.007042}, {"source": 34, "target": 65, "weight": 0.070796}, {"source": 34, "target": 58, "weight": 0.007692}, {"source": 34, "target": 124, "weight": 0.01227}, {"source": 34, "target": 127, "weight": 0.104348}, {"source": 35, "target": 122, "weight": 0.007576}, {"source": 35, "target": 64, "weight": 0.005076}, {"source": 35, "target": 63, "weight": 0.042857}, {"source": 35, "target": 81, "weight": 0.005988}, {"source": 35, "target": 103, "weight": 0.026667}, {"source": 35, "target": 118, "weight": 0.005525}, {"source": 35, "target": 61, "weight": 0.017241}, {"source": 35, "target": 68, "weight": 0.007407}, {"source": 35, "target": 83, "weight": 0.004975}, {"source": 36, "target": 108, "weight": 0.009524}, {"source": 36, "target": 71, "weight": 0.024735}, {"source": 36, "target": 38, "weight": 0.002551}, {"source": 36, "target": 113, "weight": 0.009009}, {"source": 36, "target": 56, "weight": 0.005236}, {"source": 36, "target": 124, "weight": 0.005682}, {"source": 36, "target": 67, "weight": 0.007722}, {"source": 36, "target": 127, "weight": 0.02963}, {"source": 37, "target": 70, "weight": 0.004367}, {"source": 37, "target": 71, "weight": 0.013228}, {"source": 37, "target": 38, "weight": 0.070485}, {"source": 37, "target": 77, "weight": 0.004854}, {"source": 37, "target": 114, "weight": 0.004049}, {"source": 37, "target": 115, "weight": 0.005291}, {"source": 37, "target": 49, "weight": 0.010204}, {"source": 37, "target": 83, "weight": 0.01194}, {"source": 37, "target": 108, "weight": 0.005051}, {"source": 37, "target": 53, "weight": 0.006309}, {"source": 37, "target": 54, "weight": 0.003185}, {"source": 37, "target": 123, "weight": 0.007273}, {"source": 37, "target": 87, "weight": 0.004545}, {"source": 37, "target": 56, "weight": 0.05531}, {"source": 37, "target": 91, "weight": 0.003115}, {"source": 37, "target": 58, "weight": 0.004255}, {"source": 37, "target": 96, "weight": 0.012146}, {"source": 37, "target": 98, "weight": 0.004202}, {"source": 37, "target": 129, "weight": 0.003636}, {"source": 37, "target": 104, "weight": 0.00597}, {"source": 37, "target": 66, "weight": 0.157068}, {"source": 37, "target": 67, "weight": 0.023121}, {"source": 37, "target": 141, "weight": 0.008969}, {"source": 38, "target": 94, "weight": 0.086444}, {"source": 38, "target": 118, "weight": 0.01373}, {"source": 38, "target": 41, "weight": 0.003086}, {"source": 38, "target": 45, "weight": 0.003003}, {"source": 38, "target": 49, "weight": 0.003115}, {"source": 38, "target": 50, "weight": 0.003012}, {"source": 38, "target": 53, "weight": 0.01373}, {"source": 38, "target": 54, "weight": 0.004577}, {"source": 38, "target": 55, "weight": 0.163399}, {"source": 38, "target": 56, "weight": 0.02385}, {"source": 38, "target": 125, "weight": 0.034091}, {"source": 38, "target": 58, "weight": 0.005587}, {"source": 38, "target": 59, "weight": 0.010526}, {"source": 38, "target": 60, "weight": 0.002915}, {"source": 38, "target": 61, "weight": 0.009464}, {"source": 38, "target": 64, "weight": 0.098086}, {"source": 38, "target": 66, "weight": 0.005831}, {"source": 38, "target": 67, "weight": 0.010571}, {"source": 38, "target": 68, "weight": 0.002525}, {"source": 38, "target": 70, "weight": 0.005682}, {"source": 38, "target": 71, "weight": 0.001976}, {"source": 38, "target": 72, "weight": 0.009009}, {"source": 38, "target": 74, "weight": 0.012739}, {"source": 38, "target": 75, "weight": 0.003175}, {"source": 38, "target": 76, "weight": 0.013369}, {"source": 38, "target": 77, "weight": 0.00303}, {"source": 38, "target": 78, "weight": 0.002833}, {"source": 38, "target": 80, "weight": 0.019608}, {"source": 38, "target": 83, "weight": 0.123786}, {"source": 38, "target": 108, "weight": 0.003106}, {"source": 38, "target": 87, "weight": 0.002907}, {"source": 38, "target": 89, "weight": 0.003067}, {"source": 38, "target": 91, "weight": 0.020595}, {"source": 38, "target": 92, "weight": 0.002415}, {"source": 38, "target": 93, "weight": 0.003096}, {"source": 38, "target": 81, "weight": 0.007042}, {"source": 38, "target": 95, "weight": 0.002994}, {"source": 38, "target": 96, "weight": 0.157895}, {"source": 38, "target": 97, "weight": 0.023346}, {"source": 38, "target": 98, "weight": 0.002762}, {"source": 38, "target": 99, "weight": 0.003165}, {"source": 38, "target": 104, "weight": 0.00655}, {"source": 38, "target": 106, "weight": 0.00289}, {"source": 38, "target": 107, "weight": 0.009975}, {"source": 38, "target": 84, "weight": 0.003058}, {"source": 38, "target": 113, "weight": 0.003049}, {"source": 38, "target": 114, "weight": 0.00813}, {"source": 38, "target": 116, "weight": 0.006961}, {"source": 38, "target": 120, "weight": 0.003086}, {"source": 38, "target": 123, "weight": 0.007538}, {"source": 38, "target": 124, "weight": 0.007673}, {"source": 38, "target": 57, "weight": 0.040767}, {"source": 38, "target": 127, "weight": 0.002817}, {"source": 38, "target": 129, "weight": 0.007557}, {"source": 38, "target": 130, "weight": 0.00597}, {"source": 38, "target": 131, "weight": 0.010127}, {"source": 38, "target": 134, "weight": 0.011561}, {"source": 38, "target": 135, "weight": 0.002985}, {"source": 38, "target": 136, "weight": 0.003125}, {"source": 38, "target": 137, "weight": 0.018277}, {"source": 38, "target": 140, "weight": 0.002899}, {"source": 38, "target": 141, "weight": 0.005764}, {"source": 38, "target": 142, "weight": 0.01194}, {"source": 39, "target": 78, "weight": 0.016949}, {"source": 39, "target": 108, "weight": 0.035714}, {"source": 39, "target": 56, "weight": 0.003268}, {"source": 39, "target": 57, "weight": 0.007194}, {"source": 39, "target": 66, "weight": 0.02}, {"source": 39, "target": 140, "weight": 0.019608}, {"source": 40, "target": 129, "weight": 0.017857}, {"source": 40, "target": 56, "weight": 0.012862}, {"source": 40, "target": 118, "weight": 0.00641}, {"source": 40, "target": 121, "weight": 0.144}, {"source": 40, "target": 97, "weight": 0.004184}, {"source": 40, "target": 142, "weight": 0.019231}, {"source": 42, "target": 43, "weight": 0.038462}, {"source": 42, "target": 92, "weight": 0.007937}, {"source": 42, "target": 129, "weight": 0.009009}, {"source": 42, "target": 71, "weight": 0.004587}, {"source": 44, "target": 71, "weight": 0.004348}, {"source": 44, "target": 101, "weight": 0.010309}, {"source": 44, "target": 94, "weight": 0.003623}, {"source": 44, "target": 116, "weight": 0.006369}, {"source": 44, "target": 81, "weight": 0.013245}, {"source": 44, "target": 83, "weight": 0.005376}, {"source": 45, "target": 127, "weight": 0.052632}, {"source": 45, "target": 112, "weight": 0.029412}, {"source": 46, "target": 116, "weight": 0.006993}, {"source": 46, "target": 107, "weight": 0.017699}, {"source": 47, "target": 56, "weight": 0.003175}, {"source": 47, "target": 116, "weight": 0.006757}, {"source": 48, "target": 108, "weight": 0.043478}, {"source": 48, "target": 51, "weight": 0.066667}, {"source": 48, "target": 54, "weight": 0.007194}, {"source": 49, "target": 64, "weight": 0.017857}, {"source": 49, "target": 54, "weight": 0.006667}, {"source": 49, "target": 56, "weight": 0.006431}, {"source": 49, "target": 57, "weight": 0.042857}, {"source": 49, "target": 125, "weight": 0.012121}, {"source": 49, "target": 59, "weight": 0.010526}, {"source": 49, "target": 67, "weight": 0.010638}, {"source": 50, "target": 105, "weight": 0.095238}, {"source": 50, "target": 64, "weight": 0.005525}, {"source": 50, "target": 94, "weight": 0.007299}, {"source": 50, "target": 57, "weight": 0.00641}, {"source": 50, "target": 137, "weight": 0.018018}, {"source": 50, "target": 119, "weight": 0.015385}, {"source": 50, "target": 67, "weight": 0.005}, {"source": 50, "target": 70, "weight": 0.013158}, {"source": 50, "target": 142, "weight": 0.016393}, {"source": 52, "target": 131, "weight": 0.008475}, {"source": 52, "target": 128, "weight": 0.264706}, {"source": 52, "target": 119, "weight": 0.016129}, {"source": 52, "target": 123, "weight": 0.008333}, {"source": 52, "target": 81, "weight": 0.020548}, {"source": 52, "target": 125, "weight": 0.005747}, {"source": 52, "target": 91, "weight": 0.006061}, {"source": 52, "target": 101, "weight": 0.068182}, {"source": 52, "target": 124, "weight": 0.00885}, {"source": 52, "target": 140, "weight": 0.015385}, {"source": 53, "target": 71, "weight": 0.005917}, {"source": 53, "target": 81, "weight": 0.007692}, {"source": 53, "target": 124, "weight": 0.004425}, {"source": 53, "target": 109, "weight": 0.006173}, {"source": 53, "target": 61, "weight": 0.006579}, {"source": 53, "target": 77, "weight": 0.006135}, {"source": 53, "target": 111, "weight": 0.005952}, {"source": 53, "target": 78, "weight": 0.005376}, {"source": 53, "target": 125, "weight": 0.003484}, {"source": 53, "target": 114, "weight": 0.004902}, {"source": 53, "target": 94, "weight": 0.002597}, {"source": 53, "target": 116, "weight": 0.042969}, {"source": 53, "target": 97, "weight": 0.031609}, {"source": 53, "target": 117, "weight": 0.005848}, {"source": 53, "target": 118, "weight": 0.007299}, {"source": 53, "target": 119, "weight": 0.035294}, {"source": 53, "target": 83, "weight": 0.006803}, {"source": 53, "target": 108, "weight": 0.006452}, {"source": 53, "target": 88, "weight": 0.005525}, {"source": 53, "target": 86, "weight": 0.011976}, {"source": 53, "target": 55, "weight": 0.005319}, {"source": 53, "target": 56, "weight": 0.018779}, {"source": 53, "target": 57, "weight": 0.011364}, {"source": 53, "target": 91, "weight": 0.00722}, {"source": 53, "target": 59, "weight": 0.00463}, {"source": 53, "target": 60, "weight": 0.005682}, {"source": 53, "target": 96, "weight": 0.004854}, {"source": 53, "target": 127, "weight": 0.010695}, {"source": 53, "target": 64, "weight": 0.013889}, {"source": 53, "target": 100, "weight": 0.005814}, {"source": 53, "target": 133, "weight": 0.005988}, {"source": 53, "target": 65, "weight": 0.01105}, {"source": 53, "target": 67, "weight": 0.013029}, {"source": 53, "target": 121, "weight": 0.003831}, {"source": 53, "target": 140, "weight": 0.011299}, {"source": 54, "target": 106, "weight": 0.135484}, {"source": 54, "target": 71, "weight": 0.005988}, {"source": 54, "target": 94, "weight": 0.010582}, {"source": 54, "target": 72, "weight": 0.006098}, {"source": 54, "target": 131, "weight": 0.004405}, {"source": 54, "target": 114, "weight": 0.015152}, {"source": 54, "target": 118, "weight": 0.007407}, {"source": 54, "target": 83, "weight": 0.003436}, {"source": 54, "target": 85, "weight": 0.011364}, {"source": 54, "target": 123, "weight": 0.004367}, {"source": 54, "target": 87, "weight": 0.00578}, {"source": 54, "target": 124, "weight": 0.004505}, {"source": 54, "target": 57, "weight": 0.003817}, {"source": 54, "target": 91, "weight": 0.011029}, {"source": 54, "target": 92, "weight": 0.008264}, {"source": 54, "target": 58, "weight": 0.016129}, {"source": 54, "target": 59, "weight": 0.004717}, {"source": 54, "target": 112, "weight": 0.005747}, {"source": 54, "target": 122, "weight": 0.018265}, {"source": 54, "target": 102, "weight": 0.006329}, {"source": 54, "target": 103, "weight": 0.012121}, {"source": 54, "target": 104, "weight": 0.017544}, {"source": 54, "target": 135, "weight": 0.006098}, {"source": 54, "target": 67, "weight": 0.003268}, {"source": 54, "target": 139, "weight": 0.048951}, {"source": 54, "target": 141, "weight": 0.00565}, {"source": 55, "target": 56, "weight": 0.005797}, {"source": 55, "target": 58, "weight": 0.009524}, {"source": 55, "target": 123, "weight": 0.006849}, {"source": 55, "target": 114, "weight": 0.008547}, {"source": 55, "target": 124, "weight": 0.007194}, {"source": 55, "target": 104, "weight": 0.004854}, {"source": 55, "target": 91, "weight": 0.015873}, {"source": 55, "target": 93, "weight": 0.014493}, {"source": 55, "target": 75, "weight": 0.016393}, {"source": 55, "target": 67, "weight": 0.004484}, {"source": 55, "target": 96, "weight": 0.714286}, {"source": 55, "target": 70, "weight": 0.010101}, {"source": 55, "target": 83, "weight": 0.314465}, {"source": 56, "target": 81, "weight": 0.004785}, {"source": 56, "target": 72, "weight": 0.009259}, {"source": 56, "target": 114, "weight": 0.008333}, {"source": 56, "target": 115, "weight": 0.003289}, {"source": 56, "target": 85, "weight": 0.005917}, {"source": 56, "target": 110, "weight": 0.003067}, {"source": 56, "target": 104, "weight": 0.004444}, {"source": 56, "target": 71, "weight": 0.016327}, {"source": 56, "target": 78, "weight": 0.002907}, {"source": 56, "target": 107, "weight": 0.007634}, {"source": 56, "target": 113, "weight": 0.003135}, {"source": 56, "target": 80, "weight": 0.014286}, {"source": 56, "target": 94, "weight": 0.014925}, {"source": 56, "target": 116, "weight": 0.089744}, {"source": 56, "target": 97, "weight": 0.027833}, {"source": 56, "target": 66, "weight": 0.015106}, {"source": 56, "target": 118, "weight": 0.006961}, {"source": 56, "target": 87, "weight": 0.002985}, {"source": 56, "target": 83, "weight": 0.022523}, {"source": 56, "target": 108, "weight": 0.00641}, {"source": 56, "target": 88, "weight": 0.00295}, {"source": 56, "target": 123, "weight": 0.002558}, {"source": 56, "target": 124, "weight": 0.002604}, {"source": 56, "target": 57, "weight": 0.019185}, {"source": 56, "target": 92, "weight": 0.007444}, {"source": 56, "target": 93, "weight": 0.003185}, {"source": 56, "target": 125, "weight": 0.013636}, {"source": 56, "target": 58, "weight": 0.005731}, {"source": 56, "target": 59, "weight": 0.019022}, {"source": 56, "target": 96, "weight": 0.008287}, {"source": 56, "target": 74, "weight": 0.009804}, {"source": 56, "target": 98, "weight": 0.008547}, {"source": 56, "target": 112, "weight": 0.002976}, {"source": 56, "target": 129, "weight": 0.007732}, {"source": 56, "target": 64, "weight": 0.008969}, {"source": 56, "target": 130, "weight": 0.003058}, {"source": 56, "target": 131, "weight": 0.005155}, {"source": 56, "target": 103, "weight": 0.003049}, {"source": 56, "target": 141, "weight": 0.005917}, {"source": 56, "target": 135, "weight": 0.006154}, {"source": 56, "target": 137, "weight": 0.01061}, {"source": 56, "target": 84, "weight": 0.003145}, {"source": 56, "target": 67, "weight": 0.03304}, {"source": 56, "target": 68, "weight": 0.007792}, {"source": 56, "target": 121, "weight": 0.009615}, {"source": 56, "target": 140, "weight": 0.008982}, {"source": 56, "target": 134, "weight": 0.002941}, {"source": 56, "target": 142, "weight": 0.009174}, {"source": 57, "target": 70, "weight": 0.00565}, {"source": 57, "target": 106, "weight": 0.005882}, {"source": 57, "target": 83, "weight": 0.007018}, {"source": 57, "target": 120, "weight": 0.006757}, {"source": 57, "target": 108, "weight": 0.006849}, {"source": 57, "target": 123, "weight": 0.004464}, {"source": 57, "target": 95, "weight": 0.006329}, {"source": 57, "target": 96, "weight": 0.005076}, {"source": 57, "target": 98, "weight": 0.005376}, {"source": 57, "target": 129, "weight": 0.009009}, {"source": 57, "target": 104, "weight": 0.003521}, {"source": 57, "target": 66, "weight": 0.011976}, {"source": 57, "target": 67, "weight": 0.003322}, {"source": 57, "target": 68, "weight": 0.004545}, {"source": 58, "target": 106, "weight": 0.021053}, {"source": 58, "target": 94, "weight": 0.006645}, {"source": 58, "target": 70, "weight": 0.019608}, {"source": 58, "target": 114, "weight": 0.326087}, {"source": 58, "target": 83, "weight": 0.004717}, {"source": 58, "target": 85, "weight": 0.010204}, {"source": 58, "target": 96, "weight": 0.00813}, {"source": 58, "target": 129, "weight": 0.020408}, {"source": 58, "target": 64, "weight": 0.004808}, {"source": 58, "target": 140, "weight": 0.010526}, {"source": 58, "target": 134, "weight": 0.010101}, {"source": 59, "target": 129, "weight": 0.041916}, {"source": 59, "target": 100, "weight": 0.00885}, {"source": 59, "target": 108, "weight": 0.010417}, {"source": 59, "target": 70, "weight": 0.024}, {"source": 59, "target": 92, "weight": 0.005319}, {"source": 59, "target": 67, "weight": 0.125}, {"source": 59, "target": 96, "weight": 0.013699}, {"source": 59, "target": 83, "weight": 0.008511}, {"source": 60, "target": 71, "weight": 0.004167}, {"source": 60, "target": 101, "weight": 0.009346}, {"source": 60, "target": 66, "weight": 0.012821}, {"source": 60, "target": 67, "weight": 0.004739}, {"source": 60, "target": 127, "weight": 0.046512}, {"source": 60, "target": 79, "weight": 0.014925}, {"source": 60, "target": 112, "weight": 0.038961}, {"source": 61, "target": 129, "weight": 0.009174}, {"source": 61, "target": 123, "weight": 0.009091}, {"source": 61, "target": 91, "weight": 0.006452}, {"source": 61, "target": 96, "weight": 0.02439}, {"source": 61, "target": 83, "weight": 0.017647}, {"source": 62, "target": 68, "weight": 0.009709}, {"source": 62, "target": 70, "weight": 0.016667}, {"source": 62, "target": 97, "weight": 0.00431}, {"source": 64, "target": 70, "weight": 0.00495}, {"source": 64, "target": 124, "weight": 0.004132}, {"source": 64, "target": 77, "weight": 0.011236}, {"source": 64, "target": 114, "weight": 0.004545}, {"source": 64, "target": 82, "weight": 0.005714}, {"source": 64, "target": 83, "weight": 0.016287}, {"source": 64, "target": 120, "weight": 0.023529}, {"source": 64, "target": 108, "weight": 0.005848}, {"source": 64, "target": 123, "weight": 0.004016}, {"source": 64, "target": 87, "weight": 0.010417}, {"source": 64, "target": 91, "weight": 0.010274}, {"source": 64, "target": 95, "weight": 0.095238}, {"source": 64, "target": 96, "weight": 0.022936}, {"source": 64, "target": 98, "weight": 0.092784}, {"source": 64, "target": 129, "weight": 0.008097}, {"source": 64, "target": 99, "weight": 0.006061}, {"source": 64, "target": 132, "weight": 0.005319}, {"source": 64, "target": 104, "weight": 0.003236}, {"source": 64, "target": 67, "weight": 0.006154}, {"source": 64, "target": 68, "weight": 0.004082}, {"source": 65, "target": 71, "weight": 0.004065}, {"source": 65, "target": 100, "weight": 0.012658}, {"source": 65, "target": 127, "weight": 0.021277}, {"source": 65, "target": 111, "weight": 0.013333}, {"source": 66, "target": 108, "weight": 0.017544}, {"source": 66, "target": 71, "weight": 0.008333}, {"source": 66, "target": 104, "weight": 0.005128}, {"source": 66, "target": 118, "weight": 0.00565}, {"source": 66, "target": 116, "weight": 0.018072}, {"source": 66, "target": 138, "weight": 0.037037}, {"source": 66, "target": 94, "weight": 0.003484}, {"source": 66, "target": 140, "weight": 0.0125}, {"source": 67, "target": 69, "weight": 0.011173}, {"source": 67, "target": 70, "weight": 0.042254}, {"source": 67, "target": 81, "weight": 0.034843}, {"source": 67, "target": 72, "weight": 0.030303}, {"source": 67, "target": 94, "weight": 0.01937}, {"source": 67, "target": 76, "weight": 0.004065}, {"source": 67, "target": 77, "weight": 0.010152}, {"source": 67, "target": 84, "weight": 0.020833}, {"source": 67, "target": 80, "weight": 0.004329}, {"source": 67, "target": 116, "weight": 0.006667}, {"source": 67, "target": 86, "weight": 0.009901}, {"source": 67, "target": 87, "weight": 0.004717}, {"source": 67, "target": 83, "weight": 0.021605}, {"source": 67, "target": 108, "weight": 0.02139}, {"source": 67, "target": 88, "weight": 0.00463}, {"source": 67, "target": 107, "weight": 0.003676}, {"source": 67, "target": 123, "weight": 0.007491}, {"source": 67, "target": 91, "weight": 0.00641}, {"source": 67, "target": 92, "weight": 0.003546}, {"source": 67, "target": 93, "weight": 0.005236}, {"source": 67, "target": 125, "weight": 0.009375}, {"source": 67, "target": 96, "weight": 0.004149}, {"source": 67, "target": 71, "weight": 0.013514}, {"source": 67, "target": 129, "weight": 0.007519}, {"source": 67, "target": 130, "weight": 0.004902}, {"source": 67, "target": 102, "weight": 0.005076}, {"source": 67, "target": 131, "weight": 0.007547}, {"source": 67, "target": 103, "weight": 0.004878}, {"source": 67, "target": 133, "weight": 0.00495}, {"source": 67, "target": 141, "weight": 0.00463}, {"source": 67, "target": 135, "weight": 0.004926}, {"source": 67, "target": 137, "weight": 0.011765}, {"source": 67, "target": 124, "weight": 0.003831}, {"source": 67, "target": 68, "weight": 0.003788}, {"source": 67, "target": 134, "weight": 0.004608}, {"source": 67, "target": 142, "weight": 0.004854}, {"source": 68, "target": 70, "weight": 0.007143}, {"source": 68, "target": 107, "weight": 0.015873}, {"source": 68, "target": 110, "weight": 0.008197}, {"source": 68, "target": 114, "weight": 0.006329}, {"source": 68, "target": 83, "weight": 0.004016}, {"source": 68, "target": 123, "weight": 0.016216}, {"source": 68, "target": 87, "weight": 0.007634}, {"source": 68, "target": 88, "weight": 0.007407}, {"source": 68, "target": 125, "weight": 0.008333}, {"source": 68, "target": 91, "weight": 0.00431}, {"source": 68, "target": 97, "weight": 0.003205}, {"source": 68, "target": 122, "weight": 0.005556}, {"source": 68, "target": 131, "weight": 0.033333}, {"source": 68, "target": 104, "weight": 0.024793}, {"source": 68, "target": 137, "weight": 0.10625}, {"source": 69, "target": 70, "weight": 0.036364}, {"source": 70, "target": 94, "weight": 0.00678}, {"source": 70, "target": 114, "weight": 0.008696}, {"source": 70, "target": 119, "weight": 0.011628}, {"source": 70, "target": 83, "weight": 0.004854}, {"source": 70, "target": 96, "weight": 0.008547}, {"source": 70, "target": 104, "weight": 0.004902}, {"source": 70, "target": 134, "weight": 0.010753}, {"source": 71, "target": 110, "weight": 0.00431}, {"source": 71, "target": 78, "weight": 0.028689}, {"source": 71, "target": 113, "weight": 0.004444}, {"source": 71, "target": 114, "weight": 0.003731}, {"source": 71, "target": 116, "weight": 0.00303}, {"source": 71, "target": 88, "weight": 0.012346}, {"source": 71, "target": 122, "weight": 0.003448}, {"source": 71, "target": 130, "weight": 0.004292}, {"source": 71, "target": 133, "weight": 0.0131}, {"source": 72, "target": 129, "weight": 0.008}, {"source": 72, "target": 123, "weight": 0.007937}, {"source": 72, "target": 124, "weight": 0.008403}, {"source": 72, "target": 139, "weight": 0.021739}, {"source": 72, "target": 96, "weight": 0.010101}, {"source": 72, "target": 83, "weight": 0.145455}, {"source": 73, "target": 101, "weight": 0.011364}, {"source": 73, "target": 79, "weight": 0.020833}, {"source": 73, "target": 128, "weight": 0.027027}, {"source": 75, "target": 84, "weight": 0.030303}, {"source": 75, "target": 128, "weight": 0.115385}, {"source": 75, "target": 101, "weight": 0.025641}, {"source": 75, "target": 116, "weight": 0.007194}, {"source": 75, "target": 91, "weight": 0.006623}, {"source": 75, "target": 94, "weight": 0.003876}, {"source": 75, "target": 96, "weight": 0.012658}, {"source": 75, "target": 83, "weight": 0.005952}, {"source": 75, "target": 134, "weight": 0.037037}, {"source": 76, "target": 129, "weight": 0.005952}, {"source": 76, "target": 92, "weight": 0.027933}, {"source": 76, "target": 123, "weight": 0.005917}, {"source": 76, "target": 104, "weight": 0.004367}, {"source": 76, "target": 91, "weight": 0.038647}, {"source": 76, "target": 77, "weight": 0.010101}, {"source": 77, "target": 113, "weight": 0.020408}, {"source": 77, "target": 94, "weight": 0.003663}, {"source": 77, "target": 91, "weight": 0.006024}, {"source": 77, "target": 92, "weight": 0.007407}, {"source": 77, "target": 80, "weight": 0.024096}, {"source": 77, "target": 118, "weight": 0.006135}, {"source": 78, "target": 113, "weight": 0.123077}, {"source": 78, "target": 114, "weight": 0.008696}, {"source": 78, "target": 141, "weight": 0.01087}, {"source": 79, "target": 105, "weight": 0.021739}, {"source": 79, "target": 110, "weight": 0.016949}, {"source": 79, "target": 94, "weight": 0.003623}, {"source": 79, "target": 97, "weight": 0.004016}, {"source": 79, "target": 121, "weight": 0.006579}, {"source": 80, "target": 129, "weight": 0.006536}, {"source": 80, "target": 99, "weight": 0.014286}, {"source": 80, "target": 92, "weight": 0.024242}, {"source": 80, "target": 123, "weight": 0.006494}, {"source": 80, "target": 104, "weight": 0.004673}, {"source": 80, "target": 91, "weight": 0.005025}, {"source": 80, "target": 93, "weight": 0.026316}, {"source": 80, "target": 124, "weight": 0.006803}, {"source": 80, "target": 96, "weight": 0.032258}, {"source": 80, "target": 83, "weight": 0.018779}, {"source": 81, "target": 129, "weight": 0.004587}, {"source": 81, "target": 99, "weight": 0.022556}, {"source": 81, "target": 119, "weight": 0.0125}, {"source": 81, "target": 123, "weight": 0.004566}, {"source": 81, "target": 115, "weight": 0.007576}, {"source": 81, "target": 91, "weight": 0.007605}, {"source": 81, "target": 93, "weight": 0.007042}, {"source": 81, "target": 83, "weight": 0.003559}, {"source": 82, "target": 87, "weight": 0.016393}, {"source": 82, "target": 136, "weight": 0.085714}, {"source": 82, "target": 109, "weight": 0.021739}, {"source": 83, "target": 107, "weight": 0.011765}, {"source": 83, "target": 114, "weight": 0.004464}, {"source": 83, "target": 124, "weight": 0.008163}, {"source": 83, "target": 94, "weight": 0.033079}, {"source": 83, "target": 104, "weight": 0.00641}, {"source": 83, "target": 96, "weight": 0.392638}, {"source": 83, "target": 115, "weight": 0.012121}, {"source": 83, "target": 116, "weight": 0.003497}, {"source": 83, "target": 97, "weight": 0.010667}, {"source": 83, "target": 118, "weight": 0.00339}, {"source": 83, "target": 120, "weight": 0.00565}, {"source": 83, "target": 84, "weight": 0.005556}, {"source": 83, "target": 123, "weight": 0.007937}, {"source": 83, "target": 91, "weight": 0.017007}, {"source": 83, "target": 93, "weight": 0.005682}, {"source": 83, "target": 125, "weight": 0.019868}, {"source": 83, "target": 129, "weight": 0.024291}, {"source": 83, "target": 130, "weight": 0.010638}, {"source": 83, "target": 131, "weight": 0.012048}, {"source": 83, "target": 139, "weight": 0.00578}, {"source": 83, "target": 121, "weight": 0.007143}, {"source": 83, "target": 134, "weight": 0.00995}, {"source": 83, "target": 142, "weight": 0.005236}, {"source": 84, "target": 92, "weight": 0.007576}, {"source": 85, "target": 91, "weight": 0.005435}, {"source": 85, "target": 119, "weight": 0.012346}, {"source": 85, "target": 127, "weight": 0.010638}, {"source": 86, "target": 129, "weight": 0.058824}, {"source": 86, "target": 127, "weight": 0.012346}, {"source": 86, "target": 100, "weight": 0.015385}, {"source": 87, "target": 126, "weight": 0.022727}, {"source": 87, "target": 94, "weight": 0.006993}, {"source": 87, "target": 104, "weight": 0.005128}, {"source": 87, "target": 116, "weight": 0.011976}, {"source": 87, "target": 88, "weight": 0.183099}, {"source": 87, "target": 125, "weight": 0.010638}, {"source": 87, "target": 97, "weight": 0.003846}, {"source": 87, "target": 103, "weight": 0.028169}, {"source": 87, "target": 133, "weight": 0.014493}, {"source": 87, "target": 137, "weight": 0.008065}, {"source": 87, "target": 142, "weight": 0.027778}, {"source": 88, "target": 104, "weight": 0.005025}, {"source": 89, "target": 123, "weight": 0.008547}, {"source": 89, "target": 124, "weight": 0.009091}, {"source": 90, "target": 123, "weight": 0.008}, {"source": 91, "target": 94, "weight": 0.026385}, {"source": 91, "target": 96, "weight": 0.02439}, {"source": 91, "target": 128, "weight": 0.006329}, {"source": 91, "target": 113, "weight": 0.006098}, {"source": 91, "target": 118, "weight": 0.120482}, {"source": 91, "target": 122, "weight": 0.008772}, {"source": 91, "target": 125, "weight": 0.028269}, {"source": 91, "target": 92, "weight": 0.02449}, {"source": 91, "target": 97, "weight": 0.011173}, {"source": 91, "target": 129, "weight": 0.008547}, {"source": 91, "target": 99, "weight": 0.006579}, {"source": 91, "target": 104, "weight": 0.060714}, {"source": 91, "target": 135, "weight": 0.005848}, {"source": 91, "target": 101, "weight": 0.004785}, {"source": 91, "target": 142, "weight": 0.005747}, {"source": 92, "target": 106, "weight": 0.013333}, {"source": 92, "target": 94, "weight": 0.011299}, {"source": 92, "target": 116, "weight": 0.004202}, {"source": 92, "target": 113, "weight": 0.007519}, {"source": 92, "target": 118, "weight": 0.024793}, {"source": 92, "target": 120, "weight": 0.007752}, {"source": 92, "target": 121, "weight": 0.004292}, {"source": 92, "target": 93, "weight": 0.007813}, {"source": 92, "target": 129, "weight": 0.009852}, {"source": 92, "target": 101, "weight": 0.005618}, {"source": 92, "target": 104, "weight": 0.003774}, {"source": 92, "target": 137, "weight": 0.010363}, {"source": 92, "target": 134, "weight": 0.006494}, {"source": 93, "target": 99, "weight": 0.033333}, {"source": 93, "target": 94, "weight": 0.007547}, {"source": 93, "target": 125, "weight": 0.005952}, {"source": 93, "target": 104, "weight": 0.005747}, {"source": 93, "target": 96, "weight": 0.011494}, {"source": 93, "target": 121, "weight": 0.007042}, {"source": 94, "target": 106, "weight": 0.00346}, {"source": 94, "target": 124, "weight": 0.002976}, {"source": 94, "target": 114, "weight": 0.00639}, {"source": 94, "target": 119, "weight": 0.003509}, {"source": 94, "target": 120, "weight": 0.003745}, {"source": 94, "target": 108, "weight": 0.003774}, {"source": 94, "target": 123, "weight": 0.002915}, {"source": 94, "target": 95, "weight": 0.00361}, {"source": 94, "target": 96, "weight": 0.02589}, {"source": 94, "target": 98, "weight": 0.003279}, {"source": 94, "target": 129, "weight": 0.002924}, {"source": 94, "target": 99, "weight": 0.031746}, {"source": 94, "target": 104, "weight": 0.035897}, {"source": 95, "target": 132, "weight": 0.048387}, {"source": 95, "target": 120, "weight": 0.020408}, {"source": 95, "target": 98, "weight": 0.491525}, {"source": 96, "target": 107, "weight": 0.018072}, {"source": 96, "target": 115, "weight": 0.026316}, {"source": 96, "target": 97, "weight": 0.010453}, {"source": 96, "target": 118, "weight": 0.004854}, {"source": 96, "target": 123, "weight": 0.006098}, {"source": 96, "target": 125, "weight": 0.018605}, {"source": 96, "target": 98, "weight": 0.007937}, {"source": 96, "target": 130, "weight": 0.020202}, {"source": 96, "target": 131, "weight": 0.012422}, {"source": 96, "target": 104, "weight": 0.008969}, {"source": 96, "target": 137, "weight": 0.006536}, {"source": 96, "target": 124, "weight": 0.006369}, {"source": 96, "target": 114, "weight": 0.007407}, {"source": 97, "target": 114, "weight": 0.003484}, {"source": 97, "target": 119, "weight": 0.007782}, {"source": 97, "target": 98, "weight": 0.003597}, {"source": 97, "target": 104, "weight": 0.00266}, {"source": 97, "target": 139, "weight": 0.004237}, {"source": 97, "target": 141, "weight": 0.007605}, {"source": 98, "target": 132, "weight": 0.033333}, {"source": 98, "target": 120, "weight": 0.012987}, {"source": 98, "target": 137, "weight": 0.007042}, {"source": 98, "target": 116, "weight": 0.005376}, {"source": 99, "target": 121, "weight": 0.007407}, {"source": 99, "target": 103, "weight": 0.022727}, {"source": 99, "target": 118, "weight": 0.013514}, {"source": 100, "target": 127, "weight": 0.011765}, {"source": 100, "target": 118, "weight": 0.005814}, {"source": 100, "target": 111, "weight": 0.833333}, {"source": 101, "target": 122, "weight": 0.006369}, {"source": 101, "target": 128, "weight": 0.175676}, {"source": 101, "target": 119, "weight": 0.009434}, {"source": 101, "target": 112, "weight": 0.009174}, {"source": 102, "target": 108, "weight": 0.02381}, {"source": 103, "target": 104, "weight": 0.005319}, {"source": 104, "target": 107, "weight": 0.003922}, {"source": 104, "target": 125, "weight": 0.06993}, {"source": 104, "target": 116, "weight": 0.007067}, {"source": 104, "target": 118, "weight": 0.010309}, {"source": 104, "target": 122, "weight": 0.004098}, {"source": 104, "target": 124, "weight": 0.004098}, {"source": 104, "target": 139, "weight": 0.005848}, {"source": 104, "target": 134, "weight": 0.005}, {"source": 106, "target": 134, "weight": 0.011628}, {"source": 106, "target": 114, "weight": 0.018692}, {"source": 107, "target": 129, "weight": 0.010363}, {"source": 107, "target": 123, "weight": 0.053763}, {"source": 107, "target": 114, "weight": 0.006024}, {"source": 107, "target": 124, "weight": 0.010695}, {"source": 108, "target": 137, "weight": 0.019802}, {"source": 108, "target": 125, "weight": 0.005988}, {"source": 108, "target": 135, "weight": 0.020833}, {"source": 108, "target": 140, "weight": 0.017241}, {"source": 110, "target": 137, "weight": 0.008696}, {"source": 111, "target": 127, "weight": 0.012346}, {"source": 112, "target": 118, "weight": 0.005618}, {"source": 112, "target": 124, "weight": 0.007752}, {"source": 112, "target": 127, "weight": 0.010989}, {"source": 113, "target": 117, "weight": 0.017544}, {"source": 113, "target": 118, "weight": 0.006211}, {"source": 113, "target": 141, "weight": 0.014925}, {"source": 114, "target": 127, "weight": 0.008547}, {"source": 114, "target": 122, "weight": 0.012987}, {"source": 114, "target": 137, "weight": 0.055556}, {"source": 114, "target": 140, "weight": 0.009346}, {"source": 114, "target": 134, "weight": 0.009009}, {"source": 115, "target": 130, "weight": 0.242424}, {"source": 116, "target": 124, "weight": 0.004608}, {"source": 116, "target": 123, "weight": 0.004464}, {"source": 116, "target": 129, "weight": 0.004484}, {"source": 118, "target": 120, "weight": 0.006369}, {"source": 118, "target": 129, "weight": 0.008658}, {"source": 119, "target": 128, "weight": 0.018182}, {"source": 119, "target": 134, "weight": 0.012195}, {"source": 121, "target": 129, "weight": 0.013889}, {"source": 121, "target": 127, "weight": 0.005747}, {"source": 123, "target": 124, "weight": 0.312057}, {"source": 123, "target": 129, "weight": 0.010582}, {"source": 123, "target": 131, "weight": 0.484375}, {"source": 123, "target": 137, "weight": 0.005556}, {"source": 123, "target": 139, "weight": 0.009009}, {"source": 123, "target": 142, "weight": 0.015625}, {"source": 124, "target": 125, "weight": 0.008439}, {"source": 124, "target": 127, "weight": 0.007194}, {"source": 124, "target": 129, "weight": 0.010989}, {"source": 124, "target": 131, "weight": 0.228188}, {"source": 124, "target": 139, "weight": 0.009615}, {"source": 124, "target": 142, "weight": 0.008197}, {"source": 125, "target": 141, "weight": 0.005181}, {"source": 127, "target": 137, "weight": 0.007407}, {"source": 129, "target": 131, "weight": 0.010695}, {"source": 129, "target": 135, "weight": 0.008}, {"source": 129, "target": 134, "weight": 0.007194}, {"source": 131, "target": 139, "weight": 0.009174}], "multigraph": false}