{"directed": false, "graph": {}, "nodes": [{"group": 0, "id": "centrist", "degree": 1}, {"group": 0, "id": "centralize"}, {"group": 1, "id": "cession", "degree": 2}, {"group": 2, "id": "censorship"}, {"group": 3, "id": "censurable", "degree": 0}, {"group": 4, "id": "century"}, {"group": 5, "id": "certain"}, {"group": 1, "id": "censor"}, {"group": 0, "id": "celesta"}, {"group": 6, "id": "censer"}, {"group": 7, "id": "celestial", "degree": 0}, {"group": 1, "id": "cease"}, {"group": 4, "id": "centennial", "degree": 5}, {"group": 1, "id": "cede", "degree": 6}, {"group": 6, "id": "ceremony", "degree": 11}, {"group": 0, "id": "centripetal"}, {"group": 5, "id": "certainly"}, {"group": 6, "id": "certificate"}, {"group": 0, "id": "cerebral"}, {"group": 2, "id": "certify"}, {"group": 1, "id": "celebrated"}, {"group": 1, "id": "cent"}, {"group": 1, "id": "cell", "degree": 9}, {"group": 0, "id": "cecal", "degree": 1}, {"group": 2, "id": "certification"}, {"group": 4, "id": "centurion", "degree": 5}, {"group": 2, "id": "ceramics", "degree": 0}, {"group": 0, "id": "cerise"}, {"group": 8, "id": "centrifuge", "degree": 0}, {"group": 1, "id": "ceiling", "degree": 13}, {"group": 1, "id": "cellar"}, {"group": 1, "id": "cenotaph"}, {"group": 2, "id": "cervix", "degree": 8}, {"group": 1, "id": "cesspool"}, {"group": 1, "id": "celibate", "degree": 3}, {"group": 2, "id": "cement", "degree": 12}, {"group": 1, "id": "ceil", "degree": 4}, {"group": 0, "id": "censorious", "degree": 3}, {"group": 1, "id": "census", "degree": 5}, {"group": 1, "id": "censure", "degree": 4}, {"group": 1, "id": "cereal"}, {"group": 6, "id": "ceremonious", "degree": 3}, {"group": 0, "id": "censored"}, {"group": 5, "id": "certified", "degree": 5}, {"group": 6, "id": "celebration"}, {"group": 9, "id": "cerebellum"}, {"group": 1, "id": "celerity", "degree": 2}, {"group": 0, "id": "central", "degree": 19}, {"group": 0, "id": "center", "degree": 10}, {"group": 1, "id": "certainty", "degree": 4}, {"group": 6, "id": "celebrity"}, {"group": 6, "id": "ceaseless", "degree": 2}, {"group": 6, "id": "celebrate", "degree": 4}, {"group": 1, "id": "celibacy", "degree": 3}, {"group": 4, "id": "centipede"}, {"group": 4, "id": "centenarian"}, {"group": 1, "id": "cello"}, {"group": 1, "id": "cerulean"}, {"group": 1, "id": "cessation"}, {"group": 1, "id": "cetacean", "degree": 2}, {"group": 6, "id": "ceremonial"}, {"group": 9, "id": "cerebrum", "degree": 2}], "links": [{"source": 0, "target": 1, "weight": 0.021277}, {"source": 0, "target": 47, "weight": 0.016667}, {"source": 0, "target": 48, "weight": 0.007813}, {"source": 1, "target": 22, "weight": 0.011111}, {"source": 1, "target": 47, "weight": 0.015464}, {"source": 1, "target": 48, "weight": 0.091603}, {"source": 1, "target": 35, "weight": 0.03352}, {"source": 2, "target": 14, "weight": 0.009434}, {"source": 2, "target": 32, "weight": 0.006024}, {"source": 2, "target": 29, "weight": 0.022059}, {"source": 2, "target": 38, "weight": 0.008696}, {"source": 2, "target": 13, "weight": 0.053763}, {"source": 2, "target": 53, "weight": 0.013158}, {"source": 2, "target": 22, "weight": 0.009009}, {"source": 2, "target": 11, "weight": 0.008}, {"source": 2, "target": 58, "weight": 0.03876}, {"source": 3, "target": 32, "weight": 0.007246}, {"source": 5, "target": 25, "weight": 0.156863}, {"source": 5, "target": 59, "weight": 0.017857}, {"source": 5, "target": 29, "weight": 0.007576}, {"source": 5, "target": 39, "weight": 0.007874}, {"source": 5, "target": 12, "weight": 0.112676}, {"source": 6, "target": 29, "weight": 0.003861}, {"source": 6, "target": 51, "weight": 0.00431}, {"source": 6, "target": 47, "weight": 0.008929}, {"source": 6, "target": 34, "weight": 0.008621}, {"source": 6, "target": 35, "weight": 0.009259}, {"source": 6, "target": 22, "weight": 0.00431}, {"source": 6, "target": 38, "weight": 0.004237}, {"source": 6, "target": 37, "weight": 0.008696}, {"source": 6, "target": 43, "weight": 0.189055}, {"source": 7, "target": 37, "weight": 0.008547}, {"source": 7, "target": 36, "weight": 0.0125}, {"source": 8, "target": 48, "weight": 0.007813}, {"source": 9, "target": 14, "weight": 0.012821}, {"source": 9, "target": 41, "weight": 0.02}, {"source": 11, "target": 32, "weight": 0.005319}, {"source": 11, "target": 29, "weight": 0.012579}, {"source": 11, "target": 47, "weight": 0.004184}, {"source": 11, "target": 48, "weight": 0.01087}, {"source": 11, "target": 13, "weight": 0.121495}, {"source": 11, "target": 34, "weight": 0.007463}, {"source": 11, "target": 35, "weight": 0.004405}, {"source": 11, "target": 22, "weight": 0.007519}, {"source": 12, "target": 14, "weight": 0.023256}, {"source": 12, "target": 21, "weight": 0.011236}, {"source": 12, "target": 54, "weight": 0.170213}, {"source": 12, "target": 55, "weight": 0.166667}, {"source": 12, "target": 25, "weight": 0.210526}, {"source": 12, "target": 44, "weight": 0.018349}, {"source": 13, "target": 30, "weight": 0.010989}, {"source": 13, "target": 33, "weight": 0.017241}, {"source": 13, "target": 19, "weight": 0.016}, {"source": 13, "target": 58, "weight": 0.007874}, {"source": 14, "target": 31, "weight": 0.019417}, {"source": 14, "target": 17, "weight": 0.012821}, {"source": 14, "target": 24, "weight": 0.009434}, {"source": 14, "target": 50, "weight": 0.008403}, {"source": 14, "target": 41, "weight": 0.064935}, {"source": 14, "target": 60, "weight": 0.552239}, {"source": 14, "target": 52, "weight": 0.019417}, {"source": 14, "target": 44, "weight": 0.242991}, {"source": 15, "target": 47, "weight": 0.00578}, {"source": 16, "target": 43, "weight": 0.009524}, {"source": 18, "target": 32, "weight": 0.005263}, {"source": 18, "target": 29, "weight": 0.006173}, {"source": 18, "target": 47, "weight": 0.337017}, {"source": 18, "target": 48, "weight": 0.027322}, {"source": 18, "target": 35, "weight": 0.004367}, {"source": 18, "target": 37, "weight": 0.007463}, {"source": 19, "target": 32, "weight": 0.020833}, {"source": 19, "target": 47, "weight": 0.004065}, {"source": 19, "target": 35, "weight": 0.021739}, {"source": 19, "target": 43, "weight": 0.006849}, {"source": 20, "target": 38, "weight": 0.010204}, {"source": 20, "target": 47, "weight": 0.005}, {"source": 21, "target": 46, "weight": 0.012821}, {"source": 21, "target": 39, "weight": 0.014599}, {"source": 21, "target": 36, "weight": 0.012821}, {"source": 21, "target": 25, "weight": 0.014493}, {"source": 21, "target": 59, "weight": 0.014925}, {"source": 22, "target": 43, "weight": 0.008}, {"source": 22, "target": 29, "weight": 0.006849}, {"source": 22, "target": 30, "weight": 0.049505}, {"source": 22, "target": 31, "weight": 0.018519}, {"source": 22, "target": 33, "weight": 0.013889}, {"source": 22, "target": 35, "weight": 0.004695}, {"source": 22, "target": 53, "weight": 0.011905}, {"source": 22, "target": 56, "weight": 0.011494}, {"source": 22, "target": 57, "weight": 0.013699}, {"source": 22, "target": 52, "weight": 0.009174}, {"source": 23, "target": 42, "weight": 0.021277}, {"source": 24, "target": 32, "weight": 0.018293}, {"source": 24, "target": 49, "weight": 0.012048}, {"source": 25, "target": 54, "weight": 0.296296}, {"source": 25, "target": 55, "weight": 0.285714}, {"source": 26, "target": 35, "weight": 0.110429}, {"source": 27, "target": 47, "weight": 0.005376}, {"source": 29, "target": 32, "weight": 0.015075}, {"source": 29, "target": 30, "weight": 0.007576}, {"source": 29, "target": 47, "weight": 0.003968}, {"source": 29, "target": 48, "weight": 0.005051}, {"source": 29, "target": 50, "weight": 0.006623}, {"source": 29, "target": 46, "weight": 0.009259}, {"source": 29, "target": 35, "weight": 0.008368}, {"source": 29, "target": 36, "weight": 0.038095}, {"source": 29, "target": 40, "weight": 0.009091}, {"source": 29, "target": 58, "weight": 0.024242}, {"source": 29, "target": 52, "weight": 0.007353}, {"source": 30, "target": 49, "weight": 0.012987}, {"source": 30, "target": 38, "weight": 0.009174}, {"source": 31, "target": 47, "weight": 0.004651}, {"source": 31, "target": 35, "weight": 0.004926}, {"source": 32, "target": 47, "weight": 0.003571}, {"source": 32, "target": 48, "weight": 0.013393}, {"source": 32, "target": 35, "weight": 0.022814}, {"source": 32, "target": 39, "weight": 0.005102}, {"source": 32, "target": 40, "weight": 0.007246}, {"source": 34, "target": 40, "weight": 0.011905}, {"source": 35, "target": 47, "weight": 0.003135}, {"source": 35, "target": 48, "weight": 0.003774}, {"source": 35, "target": 56, "weight": 0.005525}, {"source": 35, "target": 43, "weight": 0.009174}, {"source": 36, "target": 48, "weight": 0.007519}, {"source": 37, "target": 47, "weight": 0.004464}, {"source": 38, "target": 56, "weight": 0.010989}, {"source": 39, "target": 49, "weight": 0.00885}, {"source": 39, "target": 58, "weight": 0.006135}, {"source": 39, "target": 50, "weight": 0.006849}, {"source": 41, "target": 60, "weight": 0.206349}, {"source": 41, "target": 44, "weight": 0.029412}, {"source": 42, "target": 47, "weight": 0.005208}, {"source": 42, "target": 48, "weight": 0.007246}, {"source": 44, "target": 46, "weight": 0.010101}, {"source": 44, "target": 52, "weight": 0.04065}, {"source": 45, "target": 61, "weight": 0.666667}, {"source": 47, "target": 48, "weight": 0.094488}, {"source": 47, "target": 50, "weight": 0.004348}, {"source": 47, "target": 56, "weight": 0.005181}, {"source": 47, "target": 58, "weight": 0.004049}, {"source": 48, "target": 50, "weight": 0.005682}, {"source": 48, "target": 58, "weight": 0.010417}, {"source": 49, "target": 58, "weight": 0.00885}, {"source": 50, "target": 51, "weight": 0.008065}, {"source": 50, "target": 52, "weight": 0.017699}, {"source": 52, "target": 56, "weight": 0.012987}, {"source": 53, "target": 58, "weight": 0.009434}, {"source": 58, "target": 61, "weight": 0.011628}], "multigraph": false}