{"directed": false, "graph": {}, "nodes": [{"group": 0, "id": "circularity"}, {"group": 1, "id": "cincture"}, {"group": 2, "id": "citizenry"}, {"group": 2, "id": "civic"}, {"group": 2, "id": "civil", "degree": 4}, {"group": 1, "id": "circus", "degree": 19}, {"group": 0, "id": "circumlocution", "degree": 14}, {"group": 2, "id": "civilized", "degree": 2}, {"group": 0, "id": "circuitry", "degree": 16}, {"group": 0, "id": "circling"}, {"group": 0, "id": "circumferential"}, {"group": 1, "id": "circumscription"}, {"group": 6, "id": "cistern", "degree": 0}, {"group": 3, "id": "circumscribe"}, {"group": 1, "id": "circumvent", "degree": 15}, {"group": 3, "id": "civilize"}, {"group": 2, "id": "city", "degree": 10}, {"group": 3, "id": "circumstance", "degree": 15}, {"group": 2, "id": "citadel", "degree": 1}, {"group": 3, "id": "civilization", "degree": 4}, {"group": 2, "id": "citizen", "degree": 2}, {"group": 1, "id": "circumnavigate", "degree": 13}, {"group": 3, "id": "circumcision", "degree": 1}, {"group": 0, "id": "circuitous", "degree": 12}, {"group": 3, "id": "cite"}, {"group": 0, "id": "circular", "degree": 11}, {"group": 3, "id": "citation"}, {"group": 2, "id": "civilian", "degree": 1}, {"group": 4, "id": "cirrose", "degree": 0}, {"group": 5, "id": "cirrhosis", "degree": 0}, {"group": 3, "id": "cicatrix"}, {"group": 3, "id": "circumstantiality", "degree": 5}, {"group": 3, "id": "cipher", "degree": 9}, {"group": 3, "id": "cinema", "degree": 4}, {"group": 3, "id": "cinch"}, {"group": 1, "id": "circle"}, {"group": 1, "id": "circumstances"}, {"group": 1, "id": "circumference", "degree": 17}, {"group": 3, "id": "circumstantial", "degree": 4}, {"group": 0, "id": "circulation"}, {"group": 1, "id": "cist"}, {"group": 3, "id": "civility"}, {"group": 2, "id": "circumspect"}, {"group": 1, "id": "circuit"}, {"group": 0, "id": "circumvention"}, {"group": 3, "id": "cinder", "degree": 1}, {"group": 1, "id": "circulate"}, {"group": 0, "id": "cirrus"}, {"group": 3, "id": "circumstantiate"}], "links": [{"source": 0, "target": 37, "weight": 0.010989}, {"source": 0, "target": 5, "weight": 0.009091}, {"source": 0, "target": 6, "weight": 0.304348}, {"source": 0, "target": 31, "weight": 0.022222}, {"source": 0, "target": 8, "weight": 0.411765}, {"source": 0, "target": 21, "weight": 0.044118}, {"source": 0, "target": 23, "weight": 0.037037}, {"source": 0, "target": 14, "weight": 0.023622}, {"source": 0, "target": 25, "weight": 0.028571}, {"source": 1, "target": 37, "weight": 0.019048}, {"source": 1, "target": 5, "weight": 0.041322}, {"source": 1, "target": 6, "weight": 0.013514}, {"source": 1, "target": 8, "weight": 0.016129}, {"source": 1, "target": 21, "weight": 0.011765}, {"source": 1, "target": 14, "weight": 0.006944}, {"source": 2, "target": 4, "weight": 0.019802}, {"source": 2, "target": 16, "weight": 0.015873}, {"source": 2, "target": 19, "weight": 0.03125}, {"source": 2, "target": 17, "weight": 0.022727}, {"source": 3, "target": 4, "weight": 0.360825}, {"source": 3, "target": 16, "weight": 0.107143}, {"source": 3, "target": 38, "weight": 0.008547}, {"source": 3, "target": 17, "weight": 0.008475}, {"source": 3, "target": 20, "weight": 0.033898}, {"source": 4, "target": 16, "weight": 0.016}, {"source": 4, "target": 38, "weight": 0.006623}, {"source": 4, "target": 17, "weight": 0.006579}, {"source": 4, "target": 7, "weight": 0.02439}, {"source": 4, "target": 42, "weight": 0.026667}, {"source": 4, "target": 20, "weight": 0.021505}, {"source": 4, "target": 24, "weight": 0.006849}, {"source": 5, "target": 6, "weight": 0.009615}, {"source": 5, "target": 8, "weight": 0.01087}, {"source": 5, "target": 9, "weight": 0.007752}, {"source": 5, "target": 11, "weight": 0.011628}, {"source": 5, "target": 14, "weight": 0.035503}, {"source": 5, "target": 15, "weight": 0.008403}, {"source": 5, "target": 16, "weight": 0.008264}, {"source": 5, "target": 21, "weight": 0.054545}, {"source": 5, "target": 35, "weight": 0.131579}, {"source": 5, "target": 24, "weight": 0.007092}, {"source": 5, "target": 25, "weight": 0.008621}, {"source": 5, "target": 17, "weight": 0.006803}, {"source": 5, "target": 30, "weight": 0.006623}, {"source": 5, "target": 23, "weight": 0.007813}, {"source": 5, "target": 36, "weight": 0.036697}, {"source": 5, "target": 37, "weight": 0.245455}, {"source": 5, "target": 39, "weight": 0.029197}, {"source": 5, "target": 40, "weight": 0.010526}, {"source": 5, "target": 43, "weight": 0.183784}, {"source": 5, "target": 46, "weight": 0.047619}, {"source": 6, "target": 37, "weight": 0.011765}, {"source": 6, "target": 10, "weight": 0.055556}, {"source": 6, "target": 39, "weight": 0.184211}, {"source": 6, "target": 8, "weight": 0.5}, {"source": 6, "target": 9, "weight": 0.234375}, {"source": 6, "target": 43, "weight": 0.056604}, {"source": 6, "target": 21, "weight": 0.048387}, {"source": 6, "target": 23, "weight": 0.083333}, {"source": 6, "target": 25, "weight": 0.047619}, {"source": 6, "target": 14, "weight": 0.024793}, {"source": 6, "target": 35, "weight": 0.012146}, {"source": 6, "target": 47, "weight": 0.031746}, {"source": 6, "target": 46, "weight": 0.038462}, {"source": 7, "target": 42, "weight": 0.00885}, {"source": 8, "target": 37, "weight": 0.013699}, {"source": 8, "target": 10, "weight": 0.04}, {"source": 8, "target": 39, "weight": 0.21875}, {"source": 8, "target": 9, "weight": 0.264151}, {"source": 8, "target": 43, "weight": 0.04698}, {"source": 8, "target": 21, "weight": 0.06}, {"source": 8, "target": 23, "weight": 0.047619}, {"source": 8, "target": 25, "weight": 0.038462}, {"source": 8, "target": 14, "weight": 0.027523}, {"source": 8, "target": 35, "weight": 0.012766}, {"source": 8, "target": 47, "weight": 0.039216}, {"source": 8, "target": 46, "weight": 0.045455}, {"source": 9, "target": 16, "weight": 0.010526}, {"source": 9, "target": 37, "weight": 0.009091}, {"source": 9, "target": 21, "weight": 0.034483}, {"source": 9, "target": 23, "weight": 0.05102}, {"source": 9, "target": 14, "weight": 0.020548}, {"source": 9, "target": 25, "weight": 0.05814}, {"source": 10, "target": 16, "weight": 0.018519}, {"source": 10, "target": 23, "weight": 0.016393}, {"source": 10, "target": 25, "weight": 0.020408}, {"source": 11, "target": 16, "weight": 0.007194}, {"source": 11, "target": 37, "weight": 0.054422}, {"source": 11, "target": 32, "weight": 0.005348}, {"source": 11, "target": 21, "weight": 0.007519}, {"source": 11, "target": 14, "weight": 0.005208}, {"source": 13, "target": 21, "weight": 0.010417}, {"source": 13, "target": 32, "weight": 0.006667}, {"source": 13, "target": 14, "weight": 0.006452}, {"source": 13, "target": 17, "weight": 0.015748}, {"source": 14, "target": 21, "weight": 0.184211}, {"source": 14, "target": 23, "weight": 0.013699}, {"source": 14, "target": 24, "weight": 0.00625}, {"source": 14, "target": 46, "weight": 0.135338}, {"source": 14, "target": 30, "weight": 0.005882}, {"source": 14, "target": 32, "weight": 0.005319}, {"source": 14, "target": 34, "weight": 0.014925}, {"source": 14, "target": 35, "weight": 0.063123}, {"source": 14, "target": 36, "weight": 0.023256}, {"source": 14, "target": 37, "weight": 0.04698}, {"source": 14, "target": 39, "weight": 0.038961}, {"source": 14, "target": 44, "weight": 0.007692}, {"source": 14, "target": 43, "weight": 0.096774}, {"source": 14, "target": 25, "weight": 0.014925}, {"source": 14, "target": 47, "weight": 0.015038}, {"source": 15, "target": 33, "weight": 0.016667}, {"source": 16, "target": 37, "weight": 0.009804}, {"source": 16, "target": 17, "weight": 0.00885}, {"source": 16, "target": 43, "weight": 0.022099}, {"source": 16, "target": 35, "weight": 0.015209}, {"source": 16, "target": 18, "weight": 0.015625}, {"source": 16, "target": 36, "weight": 0.012821}, {"source": 17, "target": 38, "weight": 0.007246}, {"source": 17, "target": 43, "weight": 0.004762}, {"source": 17, "target": 26, "weight": 0.030612}, {"source": 17, "target": 30, "weight": 0.006993}, {"source": 17, "target": 31, "weight": 0.012195}, {"source": 17, "target": 33, "weight": 0.011364}, {"source": 17, "target": 48, "weight": 0.009901}, {"source": 17, "target": 34, "weight": 0.005682}, {"source": 17, "target": 41, "weight": 0.008621}, {"source": 17, "target": 35, "weight": 0.010345}, {"source": 17, "target": 46, "weight": 0.00813}, {"source": 17, "target": 24, "weight": 0.007519}, {"source": 17, "target": 36, "weight": 0.009615}, {"source": 19, "target": 31, "weight": 0.04}, {"source": 19, "target": 41, "weight": 0.153846}, {"source": 19, "target": 35, "weight": 0.004255}, {"source": 20, "target": 27, "weight": 0.055556}, {"source": 21, "target": 46, "weight": 0.243243}, {"source": 21, "target": 37, "weight": 0.077778}, {"source": 21, "target": 43, "weight": 0.140127}, {"source": 21, "target": 39, "weight": 0.063158}, {"source": 21, "target": 47, "weight": 0.027027}, {"source": 21, "target": 34, "weight": 0.006944}, {"source": 21, "target": 23, "weight": 0.022989}, {"source": 21, "target": 36, "weight": 0.042857}, {"source": 21, "target": 35, "weight": 0.078512}, {"source": 21, "target": 32, "weight": 0.007752}, {"source": 21, "target": 25, "weight": 0.026667}, {"source": 22, "target": 26, "weight": 0.021277}, {"source": 23, "target": 37, "weight": 0.009174}, {"source": 23, "target": 39, "weight": 0.036364}, {"source": 23, "target": 44, "weight": 0.011905}, {"source": 23, "target": 43, "weight": 0.015873}, {"source": 23, "target": 35, "weight": 0.007353}, {"source": 23, "target": 25, "weight": 0.2}, {"source": 23, "target": 47, "weight": 0.011364}, {"source": 23, "target": 46, "weight": 0.019417}, {"source": 24, "target": 37, "weight": 0.008197}, {"source": 24, "target": 31, "weight": 0.013158}, {"source": 24, "target": 25, "weight": 0.009804}, {"source": 25, "target": 37, "weight": 0.010309}, {"source": 25, "target": 39, "weight": 0.030303}, {"source": 25, "target": 35, "weight": 0.007692}, {"source": 25, "target": 43, "weight": 0.016949}, {"source": 25, "target": 47, "weight": 0.013158}, {"source": 25, "target": 46, "weight": 0.033333}, {"source": 26, "target": 32, "weight": 0.008197}, {"source": 30, "target": 33, "weight": 0.01087}, {"source": 30, "target": 32, "weight": 0.012195}, {"source": 30, "target": 45, "weight": 0.009174}, {"source": 31, "target": 41, "weight": 0.016949}, {"source": 31, "target": 48, "weight": 0.022727}, {"source": 32, "target": 34, "weight": 0.010152}, {"source": 32, "target": 43, "weight": 0.00431}, {"source": 32, "target": 46, "weight": 0.013889}, {"source": 33, "target": 38, "weight": 0.011494}, {"source": 33, "target": 34, "weight": 0.008}, {"source": 33, "target": 43, "weight": 0.006289}, {"source": 35, "target": 37, "weight": 0.13253}, {"source": 36, "target": 37, "weight": 0.068182}, {"source": 37, "target": 39, "weight": 0.033898}, {"source": 37, "target": 43, "weight": 0.197605}, {"source": 37, "target": 46, "weight": 0.066038}], "multigraph": false}