{"directed": false, "graph": {}, "nodes": [{"group": 0, "id": "clod"}, {"group": 1, "id": "clog", "degree": 35}, {"group": 2, "id": "closely"}, {"group": 3, "id": "claimant"}, {"group": 4, "id": "clapper", "degree": 10}, {"group": 0, "id": "closeness"}, {"group": 0, "id": "clot"}, {"group": 2, "id": "closefisted", "degree": 9}, {"group": 2, "id": "clotted", "degree": 14}, {"group": 4, "id": "clarinet"}, {"group": 1, "id": "cloy"}, {"group": 5, "id": "clarification", "degree": 9}, {"group": 1, "id": "cloak", "degree": 26}, {"group": 2, "id": "clipped"}, {"group": 7, "id": "clamor", "degree": 32}, {"group": 2, "id": "clouded"}, {"group": 1, "id": "clubfoot"}, {"group": 0, "id": "closure"}, {"group": 7, "id": "clank"}, {"group": 0, "id": "clutches"}, {"group": 7, "id": "clang", "degree": 19}, {"group": 8, "id": "clemency"}, {"group": 0, "id": "clench"}, {"group": 0, "id": "clement"}, {"group": 3, "id": "clan", "degree": 60}, {"group": 7, "id": "clam"}, {"group": 0, "id": "clutch", "degree": 33}, {"group": 1, "id": "clad", "degree": 11}, {"group": 2, "id": "classified", "degree": 12}, {"group": 0, "id": "clinic", "degree": 2}, {"group": 0, "id": "clown", "degree": 14}, {"group": 1, "id": "clay"}, {"group": 0, "id": "clambake", "degree": 5}, {"group": 6, "id": "cloister"}, {"group": 6, "id": "clincher", "degree": 4}, {"group": 7, "id": "clap"}, {"group": 1, "id": "clothes", "degree": 21}, {"group": 0, "id": "clamp"}, {"group": 6, "id": "clipping"}, {"group": 9, "id": "classical"}, {"group": 4, "id": "clover"}, {"group": 0, "id": "clinch", "degree": 51}, {"group": 6, "id": "clawed"}, {"group": 2, "id": "cloudy", "degree": 11}, {"group": 2, "id": "close", "degree": 92}, {"group": 7, "id": "click", "degree": 32}, {"group": 1, "id": "clothe", "degree": 13}, {"group": 0, "id": "climacteric"}, {"group": 2, "id": "closemouthed"}, {"group": 2, "id": "closet"}, {"group": 1, "id": "clock"}, {"group": 8, "id": "cleanliness", "degree": 4}, {"group": 6, "id": "clearing"}, {"group": 5, "id": "cleanser", "degree": 8}, {"group": 2, "id": "closed", "degree": 8}, {"group": 0, "id": "claws"}, {"group": 10, "id": "clerk"}, {"group": 9, "id": "clarify", "degree": 26}, {"group": 6, "id": "claw", "degree": 35}, {"group": 6, "id": "cloven", "degree": 12}, {"group": 4, "id": "clitoris", "degree": 3}, {"group": 10, "id": "clergyman"}, {"group": 8, "id": "climate", "degree": 7}, {"group": 4, "id": "clarion"}, {"group": 4, "id": "cliche", "degree": 4}, {"group": 8, "id": "climb"}, {"group": 0, "id": "clapboard", "degree": 21}, {"group": 0, "id": "clump", "degree": 36}, {"group": 8, "id": "clime", "degree": 2}, {"group": 1, "id": "clerestory", "degree": 1}, {"group": 3, "id": "clotheshorse", "degree": 6}, {"group": 2, "id": "clashing"}, {"group": 3, "id": "classification"}, {"group": 5, "id": "cleaner"}, {"group": 3, "id": "clause"}, {"group": 7, "id": "clapping", "degree": 7}, {"group": 3, "id": "clique", "degree": 27}, {"group": 2, "id": "cloistered", "degree": 9}, {"group": 0, "id": "clout"}, {"group": 0, "id": "claqueur"}, {"group": 2, "id": "clumsy", "degree": 5}, {"group": 4, "id": "clack"}, {"group": 0, "id": "clamorous", "degree": 10}, {"group": 3, "id": "cloture", "degree": 4}, {"group": 8, "id": "clarity", "degree": 11}, {"group": 1, "id": "cloud"}, {"group": 2, "id": "clinical", "degree": 0}, {"group": 9, "id": "clever", "degree": 23}, {"group": 3, "id": "club"}, {"group": 4, "id": "cluck", "degree": 20}, {"group": 4, "id": "clacker", "degree": 8}, {"group": 6, "id": "cleave"}, {"group": 3, "id": "clue", "degree": 13}, {"group": 1, "id": "cloth", "degree": 18}, {"group": 8, "id": "clairvoyant"}, {"group": 3, "id": "clannish"}, {"group": 9, "id": "cleanse"}, {"group": 3, "id": "clubwoman", "degree": 2}, {"group": 0, "id": "clairvoyance", "degree": 16}, {"group": 11, "id": "clubby", "degree": 0}, {"group": 2, "id": "closing"}, {"group": 0, "id": "claim", "degree": 29}, {"group": 0, "id": "clip"}, {"group": 9, "id": "classic"}, {"group": 8, "id": "climax"}, {"group": 0, "id": "cluster", "degree": 31}, {"group": 1, "id": "clutter", "degree": 19}, {"group": 0, "id": "clinging", "degree": 12}, {"group": 4, "id": "clappers", "degree": 10}, {"group": 0, "id": "cleverness", "degree": 26}, {"group": 9, "id": "clearly", "degree": 1}, {"group": 2, "id": "cloddish"}, {"group": 10, "id": "clerical"}, {"group": 7, "id": "clunk"}, {"group": 5, "id": "cleansing"}, {"group": 0, "id": "cling", "degree": 36}, {"group": 2, "id": "clammy", "degree": 9}, {"group": 2, "id": "cloying"}, {"group": 6, "id": "cleft", "degree": 35}, {"group": 7, "id": "clink"}, {"group": 0, "id": "clinker"}, {"group": 3, "id": "classify", "degree": 22}, {"group": 10, "id": "cleric"}, {"group": 3, "id": "classmate", "degree": 5}, {"group": 7, "id": "clash", "degree": 37}, {"group": 4, "id": "claptrap"}, {"group": 3, "id": "clone"}, {"group": 9, "id": "classy", "degree": 5}, {"group": 7, "id": "clop", "degree": 22}, {"group": 0, "id": "cloudburst"}, {"group": 5, "id": "cleaning", "degree": 5}, {"group": 7, "id": "clatter"}, {"group": 8, "id": "climbing", "degree": 20}, {"group": 3, "id": "class"}, {"group": 0, "id": "clasp", "degree": 27}, {"group": 10, "id": "classicist", "degree": 4}, {"group": 9, "id": "clear", "degree": 43}, {"group": 0, "id": "clobber"}, {"group": 3, "id": "climber"}, {"group": 0, "id": "clabber", "degree": 31}, {"group": 3, "id": "clansman", "degree": 7}, {"group": 9, "id": "clean"}, {"group": 9, "id": "clandestine"}, {"group": 2, "id": "clockwise", "degree": 3}, {"group": 6, "id": "cleavage", "degree": 7}, {"group": 6, "id": "clearance", "degree": 38}], "links": [{"source": 0, "target": 101, "weight": 0.00431}, {"source": 0, "target": 1, "weight": 0.005848}, {"source": 0, "target": 41, "weight": 0.018779}, {"source": 0, "target": 105, "weight": 0.035874}, {"source": 0, "target": 128, "weight": 0.014599}, {"source": 0, "target": 108, "weight": 0.008197}, {"source": 0, "target": 44, "weight": 0.004878}, {"source": 0, "target": 143, "weight": 0.008197}, {"source": 0, "target": 45, "weight": 0.014184}, {"source": 0, "target": 46, "weight": 0.005587}, {"source": 0, "target": 12, "weight": 0.004695}, {"source": 0, "target": 115, "weight": 0.013158}, {"source": 0, "target": 89, "weight": 0.014493}, {"source": 0, "target": 76, "weight": 0.006135}, {"source": 0, "target": 134, "weight": 0.010989}, {"source": 0, "target": 24, "weight": 0.014085}, {"source": 0, "target": 26, "weight": 0.024752}, {"source": 0, "target": 136, "weight": 0.003824}, {"source": 0, "target": 30, "weight": 0.152439}, {"source": 0, "target": 139, "weight": 0.019231}, {"source": 0, "target": 140, "weight": 0.00813}, {"source": 0, "target": 58, "weight": 0.005917}, {"source": 0, "target": 145, "weight": 0.008811}, {"source": 0, "target": 67, "weight": 0.055882}, {"source": 1, "target": 101, "weight": 0.005208}, {"source": 1, "target": 38, "weight": 0.009091}, {"source": 1, "target": 102, "weight": 0.01278}, {"source": 1, "target": 41, "weight": 0.005682}, {"source": 1, "target": 5, "weight": 0.006623}, {"source": 1, "target": 78, "weight": 0.004425}, {"source": 1, "target": 6, "weight": 0.006173}, {"source": 1, "target": 105, "weight": 0.015957}, {"source": 1, "target": 106, "weight": 0.016807}, {"source": 1, "target": 44, "weight": 0.017606}, {"source": 1, "target": 9, "weight": 0.010638}, {"source": 1, "target": 45, "weight": 0.009804}, {"source": 1, "target": 85, "weight": 0.023148}, {"source": 1, "target": 46, "weight": 0.021898}, {"source": 1, "target": 67, "weight": 0.029032}, {"source": 1, "target": 50, "weight": 0.013158}, {"source": 1, "target": 52, "weight": 0.006897}, {"source": 1, "target": 12, "weight": 0.011628}, {"source": 1, "target": 113, "weight": 0.011628}, {"source": 1, "target": 10, "weight": 0.036585}, {"source": 1, "target": 115, "weight": 0.00885}, {"source": 1, "target": 117, "weight": 0.008929}, {"source": 1, "target": 118, "weight": 0.022222}, {"source": 1, "target": 119, "weight": 0.008403}, {"source": 1, "target": 16, "weight": 0.021053}, {"source": 1, "target": 18, "weight": 0.008929}, {"source": 1, "target": 124, "weight": 0.004425}, {"source": 1, "target": 76, "weight": 0.00813}, {"source": 1, "target": 128, "weight": 0.03125}, {"source": 1, "target": 93, "weight": 0.018182}, {"source": 1, "target": 20, "weight": 0.008264}, {"source": 1, "target": 58, "weight": 0.015625}, {"source": 1, "target": 134, "weight": 0.014085}, {"source": 1, "target": 17, "weight": 0.037594}, {"source": 1, "target": 91, "weight": 0.01875}, {"source": 1, "target": 26, "weight": 0.018293}, {"source": 1, "target": 136, "weight": 0.004141}, {"source": 1, "target": 63, "weight": 0.007813}, {"source": 1, "target": 43, "weight": 0.008333}, {"source": 1, "target": 139, "weight": 0.008475}, {"source": 1, "target": 33, "weight": 0.014815}, {"source": 1, "target": 100, "weight": 0.020202}, {"source": 1, "target": 66, "weight": 0.009615}, {"source": 1, "target": 34, "weight": 0.013333}, {"source": 1, "target": 35, "weight": 0.014778}, {"source": 1, "target": 36, "weight": 0.008696}, {"source": 2, "target": 124, "weight": 0.005814}, {"source": 2, "target": 28, "weight": 0.015873}, {"source": 2, "target": 7, "weight": 0.095238}, {"source": 2, "target": 8, "weight": 0.021739}, {"source": 2, "target": 54, "weight": 0.013333}, {"source": 2, "target": 116, "weight": 0.020408}, {"source": 2, "target": 44, "weight": 0.015504}, {"source": 3, "target": 105, "weight": 0.007299}, {"source": 3, "target": 76, "weight": 0.014286}, {"source": 4, "target": 40, "weight": 0.022727}, {"source": 4, "target": 9, "weight": 0.022727}, {"source": 4, "target": 89, "weight": 0.041667}, {"source": 4, "target": 90, "weight": 0.588235}, {"source": 4, "target": 18, "weight": 0.016129}, {"source": 4, "target": 20, "weight": 0.014085}, {"source": 4, "target": 63, "weight": 0.039474}, {"source": 4, "target": 81, "weight": 0.117647}, {"source": 4, "target": 35, "weight": 0.006452}, {"source": 4, "target": 108, "weight": 0.1}, {"source": 4, "target": 131, "weight": 0.025641}, {"source": 4, "target": 14, "weight": 0.01}, {"source": 4, "target": 45, "weight": 0.019231}, {"source": 4, "target": 85, "weight": 0.005882}, {"source": 4, "target": 119, "weight": 0.014493}, {"source": 5, "target": 24, "weight": 0.005128}, {"source": 5, "target": 101, "weight": 0.004717}, {"source": 5, "target": 84, "weight": 0.008264}, {"source": 5, "target": 41, "weight": 0.015464}, {"source": 5, "target": 12, "weight": 0.010417}, {"source": 5, "target": 105, "weight": 0.004762}, {"source": 5, "target": 107, "weight": 0.010417}, {"source": 5, "target": 115, "weight": 0.015152}, {"source": 5, "target": 44, "weight": 0.001675}, {"source": 5, "target": 145, "weight": 0.004808}, {"source": 5, "target": 140, "weight": 0.009709}, {"source": 6, "target": 101, "weight": 0.004484}, {"source": 6, "target": 8, "weight": 0.015385}, {"source": 6, "target": 41, "weight": 0.136612}, {"source": 6, "target": 105, "weight": 0.405063}, {"source": 6, "target": 106, "weight": 0.041096}, {"source": 6, "target": 107, "weight": 0.009346}, {"source": 6, "target": 108, "weight": 0.00885}, {"source": 6, "target": 44, "weight": 0.011628}, {"source": 6, "target": 45, "weight": 0.007519}, {"source": 6, "target": 58, "weight": 0.00625}, {"source": 6, "target": 53, "weight": 0.008547}, {"source": 6, "target": 115, "weight": 0.178862}, {"source": 6, "target": 124, "weight": 0.003891}, {"source": 6, "target": 76, "weight": 0.019737}, {"source": 6, "target": 132, "weight": 0.018519}, {"source": 6, "target": 134, "weight": 0.136364}, {"source": 6, "target": 24, "weight": 0.014706}, {"source": 6, "target": 98, "weight": 0.007937}, {"source": 6, "target": 26, "weight": 0.047619}, {"source": 6, "target": 136, "weight": 0.001942}, {"source": 6, "target": 30, "weight": 0.090909}, {"source": 6, "target": 139, "weight": 0.171875}, {"source": 6, "target": 32, "weight": 0.009091}, {"source": 6, "target": 128, "weight": 0.007752}, {"source": 6, "target": 66, "weight": 0.014925}, {"source": 6, "target": 67, "weight": 0.083591}, {"source": 7, "target": 48, "weight": 0.027027}, {"source": 7, "target": 28, "weight": 0.016129}, {"source": 7, "target": 13, "weight": 0.04}, {"source": 7, "target": 124, "weight": 0.005848}, {"source": 7, "target": 44, "weight": 0.021484}, {"source": 7, "target": 100, "weight": 0.022222}, {"source": 7, "target": 54, "weight": 0.041667}, {"source": 7, "target": 35, "weight": 0.006667}, {"source": 7, "target": 15, "weight": 0.013889}, {"source": 8, "target": 111, "weight": 0.028169}, {"source": 8, "target": 80, "weight": 0.018868}, {"source": 8, "target": 116, "weight": 0.659091}, {"source": 8, "target": 43, "weight": 0.011236}, {"source": 8, "target": 105, "weight": 0.012658}, {"source": 8, "target": 139, "weight": 0.035294}, {"source": 8, "target": 107, "weight": 0.022222}, {"source": 8, "target": 31, "weight": 0.007576}, {"source": 8, "target": 117, "weight": 0.025}, {"source": 8, "target": 44, "weight": 0.011091}, {"source": 8, "target": 67, "weight": 0.006993}, {"source": 8, "target": 15, "weight": 0.010417}, {"source": 9, "target": 24, "weight": 0.007246}, {"source": 9, "target": 89, "weight": 0.032787}, {"source": 9, "target": 90, "weight": 0.025641}, {"source": 9, "target": 12, "weight": 0.007353}, {"source": 9, "target": 44, "weight": 0.001852}, {"source": 9, "target": 136, "weight": 0.002237}, {"source": 9, "target": 121, "weight": 0.013333}, {"source": 10, "target": 101, "weight": 0.006897}, {"source": 10, "target": 136, "weight": 0.002288}, {"source": 10, "target": 12, "weight": 0.007937}, {"source": 10, "target": 93, "weight": 0.015625}, {"source": 10, "target": 118, "weight": 0.007353}, {"source": 10, "target": 46, "weight": 0.01087}, {"source": 11, "target": 145, "weight": 0.013245}, {"source": 11, "target": 72, "weight": 0.021277}, {"source": 11, "target": 52, "weight": 0.009174}, {"source": 11, "target": 136, "weight": 0.002232}, {"source": 11, "target": 114, "weight": 0.02439}, {"source": 11, "target": 130, "weight": 0.02381}, {"source": 11, "target": 118, "weight": 0.006803}, {"source": 11, "target": 144, "weight": 0.014706}, {"source": 11, "target": 44, "weight": 0.001848}, {"source": 11, "target": 84, "weight": 0.015385}, {"source": 12, "target": 37, "weight": 0.006536}, {"source": 12, "target": 102, "weight": 0.008427}, {"source": 12, "target": 101, "weight": 0.017316}, {"source": 12, "target": 104, "weight": 0.004525}, {"source": 12, "target": 41, "weight": 0.018605}, {"source": 12, "target": 78, "weight": 0.003731}, {"source": 12, "target": 105, "weight": 0.00431}, {"source": 12, "target": 106, "weight": 0.006173}, {"source": 12, "target": 137, "weight": 0.011696}, {"source": 12, "target": 44, "weight": 0.018062}, {"source": 12, "target": 85, "weight": 0.168889}, {"source": 12, "target": 46, "weight": 0.197368}, {"source": 12, "target": 50, "weight": 0.008475}, {"source": 12, "target": 142, "weight": 0.008}, {"source": 12, "target": 54, "weight": 0.011765}, {"source": 12, "target": 52, "weight": 0.005348}, {"source": 12, "target": 120, "weight": 0.006061}, {"source": 12, "target": 121, "weight": 0.019737}, {"source": 12, "target": 15, "weight": 0.024096}, {"source": 12, "target": 124, "weight": 0.003731}, {"source": 12, "target": 56, "weight": 0.005236}, {"source": 12, "target": 93, "weight": 0.026667}, {"source": 12, "target": 96, "weight": 0.006897}, {"source": 12, "target": 24, "weight": 0.004608}, {"source": 12, "target": 57, "weight": 0.012195}, {"source": 12, "target": 27, "weight": 0.007874}, {"source": 12, "target": 28, "weight": 0.006289}, {"source": 12, "target": 63, "weight": 0.005882}, {"source": 12, "target": 43, "weight": 0.012422}, {"source": 12, "target": 31, "weight": 0.004878}, {"source": 12, "target": 145, "weight": 0.008734}, {"source": 12, "target": 67, "weight": 0.00838}, {"source": 12, "target": 136, "weight": 0.007648}, {"source": 12, "target": 35, "weight": 0.012245}, {"source": 12, "target": 36, "weight": 0.039474}, {"source": 13, "target": 87, "weight": 0.005917}, {"source": 13, "target": 124, "weight": 0.004975}, {"source": 13, "target": 58, "weight": 0.009615}, {"source": 13, "target": 136, "weight": 0.004367}, {"source": 13, "target": 28, "weight": 0.01087}, {"source": 13, "target": 54, "weight": 0.019417}, {"source": 13, "target": 118, "weight": 0.006329}, {"source": 13, "target": 44, "weight": 0.059387}, {"source": 13, "target": 67, "weight": 0.003413}, {"source": 13, "target": 59, "weight": 0.016667}, {"source": 14, "target": 37, "weight": 0.007692}, {"source": 14, "target": 101, "weight": 0.004739}, {"source": 14, "target": 102, "weight": 0.005988}, {"source": 14, "target": 104, "weight": 0.010152}, {"source": 14, "target": 41, "weight": 0.005128}, {"source": 14, "target": 78, "weight": 0.008197}, {"source": 14, "target": 105, "weight": 0.004785}, {"source": 14, "target": 106, "weight": 0.014493}, {"source": 14, "target": 81, "weight": 0.037975}, {"source": 14, "target": 108, "weight": 0.009901}, {"source": 14, "target": 44, "weight": 0.006745}, {"source": 14, "target": 85, "weight": 0.012658}, {"source": 14, "target": 115, "weight": 0.007576}, {"source": 14, "target": 119, "weight": 0.007246}, {"source": 14, "target": 75, "weight": 0.010526}, {"source": 14, "target": 55, "weight": 0.008547}, {"source": 14, "target": 18, "weight": 0.056}, {"source": 14, "target": 19, "weight": 0.008547}, {"source": 14, "target": 124, "weight": 0.055794}, {"source": 14, "target": 88, "weight": 0.005102}, {"source": 14, "target": 89, "weight": 0.025862}, {"source": 14, "target": 90, "weight": 0.010526}, {"source": 14, "target": 20, "weight": 0.084615}, {"source": 14, "target": 92, "weight": 0.006897}, {"source": 14, "target": 22, "weight": 0.009524}, {"source": 14, "target": 131, "weight": 0.273504}, {"source": 14, "target": 133, "weight": 0.004049}, {"source": 14, "target": 134, "weight": 0.006173}, {"source": 14, "target": 25, "weight": 0.009259}, {"source": 14, "target": 26, "weight": 0.005405}, {"source": 14, "target": 63, "weight": 0.006803}, {"source": 14, "target": 137, "weight": 0.013514}, {"source": 14, "target": 64, "weight": 0.009346}, {"source": 14, "target": 58, "weight": 0.006757}, {"source": 14, "target": 67, "weight": 0.005952}, {"source": 14, "target": 35, "weight": 0.165803}, {"source": 15, "target": 124, "weight": 0.004505}, {"source": 15, "target": 27, "weight": 0.025}, {"source": 15, "target": 28, "weight": 0.075472}, {"source": 15, "target": 77, "weight": 0.027273}, {"source": 15, "target": 43, "weight": 0.158416}, {"source": 15, "target": 30, "weight": 0.006944}, {"source": 15, "target": 54, "weight": 0.076923}, {"source": 15, "target": 116, "weight": 0.010101}, {"source": 15, "target": 44, "weight": 0.041742}, {"source": 15, "target": 46, "weight": 0.014925}, {"source": 16, "target": 26, "weight": 0.007634}, {"source": 16, "target": 93, "weight": 0.013158}, {"source": 16, "target": 87, "weight": 0.006289}, {"source": 16, "target": 128, "weight": 0.015873}, {"source": 16, "target": 144, "weight": 0.014493}, {"source": 16, "target": 44, "weight": 0.001845}, {"source": 16, "target": 67, "weight": 0.007092}, {"source": 16, "target": 45, "weight": 0.014925}, {"source": 17, "target": 58, "weight": 0.007407}, {"source": 17, "target": 84, "weight": 0.009346}, {"source": 17, "target": 26, "weight": 0.023669}, {"source": 17, "target": 41, "weight": 0.236486}, {"source": 17, "target": 60, "weight": 0.010989}, {"source": 17, "target": 105, "weight": 0.015464}, {"source": 17, "target": 115, "weight": 0.016949}, {"source": 17, "target": 118, "weight": 0.016043}, {"source": 17, "target": 44, "weight": 0.015652}, {"source": 17, "target": 145, "weight": 0.005155}, {"source": 17, "target": 67, "weight": 0.003086}, {"source": 17, "target": 134, "weight": 0.094891}, {"source": 18, "target": 24, "weight": 0.00641}, {"source": 18, "target": 124, "weight": 0.130435}, {"source": 18, "target": 26, "weight": 0.013699}, {"source": 18, "target": 89, "weight": 0.038462}, {"source": 18, "target": 76, "weight": 0.009615}, {"source": 18, "target": 128, "weight": 0.038961}, {"source": 18, "target": 118, "weight": 0.006098}, {"source": 18, "target": 106, "weight": 0.009901}, {"source": 18, "target": 20, "weight": 0.807018}, {"source": 18, "target": 108, "weight": 0.032258}, {"source": 18, "target": 44, "weight": 0.003591}, {"source": 18, "target": 58, "weight": 0.018349}, {"source": 18, "target": 67, "weight": 0.013514}, {"source": 18, "target": 45, "weight": 0.037037}, {"source": 19, "target": 101, "weight": 0.032258}, {"source": 19, "target": 98, "weight": 0.067797}, {"source": 19, "target": 26, "weight": 0.030769}, {"source": 19, "target": 136, "weight": 0.002217}, {"source": 19, "target": 41, "weight": 0.028571}, {"source": 19, "target": 105, "weight": 0.012821}, {"source": 19, "target": 115, "weight": 0.051948}, {"source": 19, "target": 75, "weight": 0.023256}, {"source": 19, "target": 109, "weight": 0.045455}, {"source": 19, "target": 145, "weight": 0.012987}, {"source": 19, "target": 134, "weight": 0.037383}, {"source": 20, "target": 101, "weight": 0.005495}, {"source": 20, "target": 78, "weight": 0.00463}, {"source": 20, "target": 128, "weight": 0.034884}, {"source": 20, "target": 81, "weight": 0.030534}, {"source": 20, "target": 108, "weight": 0.028169}, {"source": 20, "target": 44, "weight": 0.003534}, {"source": 20, "target": 45, "weight": 0.033333}, {"source": 20, "target": 47, "weight": 0.0125}, {"source": 20, "target": 58, "weight": 0.025641}, {"source": 20, "target": 113, "weight": 0.040541}, {"source": 20, "target": 133, "weight": 0.004587}, {"source": 20, "target": 118, "weight": 0.00578}, {"source": 20, "target": 124, "weight": 0.124352}, {"source": 20, "target": 89, "weight": 0.046512}, {"source": 20, "target": 91, "weight": 0.006579}, {"source": 20, "target": 76, "weight": 0.00885}, {"source": 20, "target": 131, "weight": 0.025641}, {"source": 20, "target": 119, "weight": 0.264368}, {"source": 20, "target": 24, "weight": 0.006061}, {"source": 20, "target": 62, "weight": 0.012048}, {"source": 20, "target": 26, "weight": 0.012903}, {"source": 20, "target": 63, "weight": 0.04386}, {"source": 20, "target": 64, "weight": 0.012821}, {"source": 20, "target": 106, "weight": 0.009091}, {"source": 20, "target": 67, "weight": 0.013115}, {"source": 20, "target": 35, "weight": 0.015544}, {"source": 21, "target": 84, "weight": 0.015152}, {"source": 21, "target": 136, "weight": 0.002227}, {"source": 21, "target": 109, "weight": 0.008929}, {"source": 21, "target": 145, "weight": 0.019868}, {"source": 21, "target": 62, "weight": 0.017241}, {"source": 22, "target": 101, "weight": 0.013699}, {"source": 22, "target": 124, "weight": 0.005525}, {"source": 22, "target": 98, "weight": 0.040816}, {"source": 22, "target": 26, "weight": 0.196078}, {"source": 22, "target": 41, "weight": 0.178571}, {"source": 22, "target": 105, "weight": 0.057971}, {"source": 22, "target": 107, "weight": 0.032258}, {"source": 22, "target": 115, "weight": 0.38}, {"source": 22, "target": 44, "weight": 0.00566}, {"source": 22, "target": 109, "weight": 0.009804}, {"source": 22, "target": 67, "weight": 0.003663}, {"source": 22, "target": 134, "weight": 0.2375}, {"source": 23, "target": 24, "weight": 0.007194}, {"source": 23, "target": 44, "weight": 0.003704}, {"source": 23, "target": 136, "weight": 0.006726}, {"source": 23, "target": 98, "weight": 0.016949}, {"source": 24, "target": 37, "weight": 0.006452}, {"source": 24, "target": 38, "weight": 0.006494}, {"source": 24, "target": 70, "weight": 0.007407}, {"source": 24, "target": 102, "weight": 0.002778}, {"source": 24, "target": 103, "weight": 0.006135}, {"source": 24, "target": 74, "weight": 0.0125}, {"source": 24, "target": 104, "weight": 0.004484}, {"source": 24, "target": 41, "weight": 0.009132}, {"source": 24, "target": 69, "weight": 0.008547}, {"source": 24, "target": 78, "weight": 0.007435}, {"source": 24, "target": 105, "weight": 0.039823}, {"source": 24, "target": 106, "weight": 0.018519}, {"source": 24, "target": 83, "weight": 0.008403}, {"source": 24, "target": 44, "weight": 0.006472}, {"source": 24, "target": 109, "weight": 0.005236}, {"source": 24, "target": 85, "weight": 0.01145}, {"source": 24, "target": 46, "weight": 0.005464}, {"source": 24, "target": 39, "weight": 0.005587}, {"source": 24, "target": 49, "weight": 0.009524}, {"source": 24, "target": 50, "weight": 0.016807}, {"source": 24, "target": 72, "weight": 0.057851}, {"source": 24, "target": 133, "weight": 0.371859}, {"source": 24, "target": 115, "weight": 0.012821}, {"source": 24, "target": 117, "weight": 0.00641}, {"source": 24, "target": 118, "weight": 0.004405}, {"source": 24, "target": 119, "weight": 0.006135}, {"source": 24, "target": 120, "weight": 0.005988}, {"source": 24, "target": 121, "weight": 0.053691}, {"source": 24, "target": 88, "weight": 0.037383}, {"source": 24, "target": 76, "weight": 0.158621}, {"source": 24, "target": 128, "weight": 0.007042}, {"source": 24, "target": 92, "weight": 0.005882}, {"source": 24, "target": 57, "weight": 0.005988}, {"source": 24, "target": 33, "weight": 0.016854}, {"source": 24, "target": 132, "weight": 0.00565}, {"source": 24, "target": 95, "weight": 0.007407}, {"source": 24, "target": 65, "weight": 0.010152}, {"source": 24, "target": 134, "weight": 0.010753}, {"source": 24, "target": 91, "weight": 0.014706}, {"source": 24, "target": 93, "weight": 0.006452}, {"source": 24, "target": 26, "weight": 0.029268}, {"source": 24, "target": 136, "weight": 0.003795}, {"source": 24, "target": 63, "weight": 0.005814}, {"source": 24, "target": 101, "weight": 0.021552}, {"source": 24, "target": 139, "weight": 0.006173}, {"source": 24, "target": 140, "weight": 0.04065}, {"source": 24, "target": 141, "weight": 0.003546}, {"source": 24, "target": 31, "weight": 0.014634}, {"source": 24, "target": 144, "weight": 0.013605}, {"source": 24, "target": 58, "weight": 0.00578}, {"source": 24, "target": 100, "weight": 0.006944}, {"source": 24, "target": 145, "weight": 0.00431}, {"source": 24, "target": 67, "weight": 0.025424}, {"source": 24, "target": 138, "weight": 0.006098}, {"source": 24, "target": 35, "weight": 0.004016}, {"source": 24, "target": 36, "weight": 0.012658}, {"source": 25, "target": 44, "weight": 0.001869}, {"source": 25, "target": 136, "weight": 0.002262}, {"source": 26, "target": 37, "weight": 0.166667}, {"source": 26, "target": 38, "weight": 0.035461}, {"source": 26, "target": 102, "weight": 0.069909}, {"source": 26, "target": 101, "weight": 0.022422}, {"source": 26, "target": 74, "weight": 0.02}, {"source": 26, "target": 104, "weight": 0.00939}, {"source": 26, "target": 41, "weight": 0.13369}, {"source": 26, "target": 78, "weight": 0.031496}, {"source": 26, "target": 105, "weight": 0.08134}, {"source": 26, "target": 29, "weight": 0.008696}, {"source": 26, "target": 106, "weight": 0.04}, {"source": 26, "target": 107, "weight": 0.009009}, {"source": 26, "target": 44, "weight": 0.014901}, {"source": 26, "target": 109, "weight": 0.005495}, {"source": 26, "target": 45, "weight": 0.014706}, {"source": 26, "target": 85, "weight": 0.028112}, {"source": 26, "target": 46, "weight": 0.005747}, {"source": 26, "target": 47, "weight": 0.115044}, {"source": 26, "target": 49, "weight": 0.00495}, {"source": 26, "target": 50, "weight": 0.009009}, {"source": 26, "target": 115, "weight": 0.164063}, {"source": 26, "target": 118, "weight": 0.004587}, {"source": 26, "target": 121, "weight": 0.006803}, {"source": 26, "target": 55, "weight": 0.030769}, {"source": 26, "target": 124, "weight": 0.019455}, {"source": 26, "target": 88, "weight": 0.004717}, {"source": 26, "target": 76, "weight": 0.019231}, {"source": 26, "target": 133, "weight": 0.019305}, {"source": 26, "target": 134, "weight": 0.177632}, {"source": 26, "target": 91, "weight": 0.053191}, {"source": 26, "target": 66, "weight": 0.007194}, {"source": 26, "target": 98, "weight": 0.015504}, {"source": 26, "target": 27, "weight": 0.008333}, {"source": 26, "target": 137, "weight": 0.012195}, {"source": 26, "target": 139, "weight": 0.013158}, {"source": 26, "target": 33, "weight": 0.011765}, {"source": 26, "target": 58, "weight": 0.01227}, {"source": 26, "target": 145, "weight": 0.004484}, {"source": 26, "target": 67, "weight": 0.047337}, {"source": 26, "target": 136, "weight": 0.003861}, {"source": 26, "target": 35, "weight": 0.012605}, {"source": 26, "target": 36, "weight": 0.006667}, {"source": 27, "target": 46, "weight": 0.05618}, {"source": 27, "target": 102, "weight": 0.003704}, {"source": 27, "target": 28, "weight": 0.014085}, {"source": 27, "target": 137, "weight": 0.011905}, {"source": 27, "target": 105, "weight": 0.006944}, {"source": 27, "target": 58, "weight": 0.012048}, {"source": 27, "target": 36, "weight": 0.09375}, {"source": 27, "target": 67, "weight": 0.003676}, {"source": 28, "target": 48, "weight": 0.039474}, {"source": 28, "target": 77, "weight": 0.009804}, {"source": 28, "target": 43, "weight": 0.009434}, {"source": 28, "target": 54, "weight": 0.288889}, {"source": 28, "target": 35, "weight": 0.005236}, {"source": 28, "target": 124, "weight": 0.004717}, {"source": 28, "target": 44, "weight": 0.050279}, {"source": 28, "target": 100, "weight": 0.011628}, {"source": 28, "target": 46, "weight": 0.008}, {"source": 28, "target": 136, "weight": 0.002128}, {"source": 28, "target": 85, "weight": 0.004854}, {"source": 29, "target": 144, "weight": 0.018868}, {"source": 29, "target": 47, "weight": 0.025641}, {"source": 30, "target": 91, "weight": 0.005587}, {"source": 30, "target": 82, "weight": 0.007576}, {"source": 30, "target": 74, "weight": 0.007463}, {"source": 30, "target": 104, "weight": 0.005102}, {"source": 30, "target": 41, "weight": 0.005181}, {"source": 30, "target": 63, "weight": 0.006897}, {"source": 30, "target": 79, "weight": 0.010753}, {"source": 30, "target": 105, "weight": 0.004831}, {"source": 30, "target": 111, "weight": 0.052174}, {"source": 30, "target": 139, "weight": 0.007407}, {"source": 30, "target": 115, "weight": 0.007692}, {"source": 30, "target": 31, "weight": 0.005556}, {"source": 30, "target": 109, "weight": 0.006098}, {"source": 30, "target": 54, "weight": 0.006849}, {"source": 30, "target": 67, "weight": 0.009009}, {"source": 30, "target": 134, "weight": 0.00625}, {"source": 31, "target": 101, "weight": 0.004464}, {"source": 31, "target": 132, "weight": 0.006061}, {"source": 31, "target": 105, "weight": 0.004505}, {"source": 31, "target": 89, "weight": 0.007634}, {"source": 31, "target": 76, "weight": 0.006452}, {"source": 31, "target": 139, "weight": 0.027211}, {"source": 31, "target": 93, "weight": 0.014085}, {"source": 31, "target": 80, "weight": 0.005882}, {"source": 31, "target": 140, "weight": 0.008696}, {"source": 31, "target": 108, "weight": 0.008772}, {"source": 31, "target": 116, "weight": 0.007407}, {"source": 31, "target": 44, "weight": 0.001642}, {"source": 31, "target": 145, "weight": 0.009132}, {"source": 31, "target": 67, "weight": 0.005731}, {"source": 31, "target": 36, "weight": 0.013699}, {"source": 32, "target": 67, "weight": 0.003759}, {"source": 32, "target": 106, "weight": 0.014706}, {"source": 32, "target": 63, "weight": 0.013158}, {"source": 32, "target": 105, "weight": 0.007246}, {"source": 33, "target": 101, "weight": 0.005076}, {"source": 33, "target": 132, "weight": 0.007246}, {"source": 33, "target": 105, "weight": 0.005128}, {"source": 33, "target": 41, "weight": 0.01676}, {"source": 33, "target": 76, "weight": 0.007813}, {"source": 33, "target": 118, "weight": 0.05}, {"source": 33, "target": 115, "weight": 0.017094}, {"source": 33, "target": 58, "weight": 0.007463}, {"source": 33, "target": 44, "weight": 0.015679}, {"source": 33, "target": 145, "weight": 0.005181}, {"source": 33, "target": 67, "weight": 0.003096}, {"source": 33, "target": 45, "weight": 0.009346}, {"source": 33, "target": 134, "weight": 0.006757}, {"source": 34, "target": 52, "weight": 0.011236}, {"source": 34, "target": 104, "weight": 0.00813}, {"source": 34, "target": 145, "weight": 0.007576}, {"source": 35, "target": 75, "weight": 0.070922}, {"source": 35, "target": 41, "weight": 0.012097}, {"source": 35, "target": 105, "weight": 0.003788}, {"source": 35, "target": 128, "weight": 0.042169}, {"source": 35, "target": 108, "weight": 0.00641}, {"source": 35, "target": 44, "weight": 0.049919}, {"source": 35, "target": 45, "weight": 0.053571}, {"source": 35, "target": 46, "weight": 0.009434}, {"source": 35, "target": 115, "weight": 0.010753}, {"source": 35, "target": 118, "weight": 0.011765}, {"source": 35, "target": 121, "weight": 0.005376}, {"source": 35, "target": 87, "weight": 0.003731}, {"source": 35, "target": 54, "weight": 0.009901}, {"source": 35, "target": 124, "weight": 0.123134}, {"source": 35, "target": 89, "weight": 0.00578}, {"source": 35, "target": 90, "weight": 0.006667}, {"source": 35, "target": 76, "weight": 0.005076}, {"source": 35, "target": 92, "weight": 0.005}, {"source": 35, "target": 57, "weight": 0.010204}, {"source": 35, "target": 58, "weight": 0.009901}, {"source": 35, "target": 59, "weight": 0.006289}, {"source": 35, "target": 134, "weight": 0.043062}, {"source": 35, "target": 93, "weight": 0.005405}, {"source": 35, "target": 136, "weight": 0.005396}, {"source": 35, "target": 139, "weight": 0.010471}, {"source": 35, "target": 106, "weight": 0.005155}, {"source": 35, "target": 66, "weight": 0.022857}, {"source": 35, "target": 67, "weight": 0.12931}, {"source": 35, "target": 36, "weight": 0.005291}, {"source": 36, "target": 37, "weight": 0.010526}, {"source": 36, "target": 102, "weight": 0.003333}, {"source": 36, "target": 74, "weight": 0.009901}, {"source": 36, "target": 41, "weight": 0.00625}, {"source": 36, "target": 105, "weight": 0.005747}, {"source": 36, "target": 44, "weight": 0.001783}, {"source": 36, "target": 109, "weight": 0.007634}, {"source": 36, "target": 85, "weight": 0.009852}, {"source": 36, "target": 46, "weight": 0.068966}, {"source": 36, "target": 50, "weight": 0.016667}, {"source": 36, "target": 40, "weight": 0.012821}, {"source": 36, "target": 93, "weight": 0.010526}, {"source": 36, "target": 76, "weight": 0.009346}, {"source": 36, "target": 91, "weight": 0.006849}, {"source": 36, "target": 137, "weight": 0.008772}, {"source": 36, "target": 141, "weight": 0.004505}, {"source": 36, "target": 127, "weight": 0.011364}, {"source": 36, "target": 66, "weight": 0.011364}, {"source": 36, "target": 67, "weight": 0.006645}, {"source": 36, "target": 136, "weight": 0.002137}, {"source": 37, "target": 101, "weight": 0.011696}, {"source": 37, "target": 132, "weight": 0.00885}, {"source": 37, "target": 124, "weight": 0.004854}, {"source": 37, "target": 98, "weight": 0.027027}, {"source": 37, "target": 127, "weight": 0.011905}, {"source": 37, "target": 136, "weight": 0.002155}, {"source": 37, "target": 41, "weight": 0.308333}, {"source": 37, "target": 105, "weight": 0.06875}, {"source": 37, "target": 139, "weight": 0.010204}, {"source": 37, "target": 107, "weight": 0.017857}, {"source": 37, "target": 115, "weight": 0.253333}, {"source": 37, "target": 76, "weight": 0.009709}, {"source": 37, "target": 44, "weight": 0.018248}, {"source": 37, "target": 109, "weight": 0.007874}, {"source": 37, "target": 67, "weight": 0.003356}, {"source": 37, "target": 134, "weight": 0.215686}, {"source": 38, "target": 105, "weight": 0.005917}, {"source": 38, "target": 41, "weight": 0.019608}, {"source": 38, "target": 118, "weight": 0.025157}, {"source": 38, "target": 139, "weight": 0.010309}, {"source": 38, "target": 115, "weight": 0.01087}, {"source": 38, "target": 58, "weight": 0.018692}, {"source": 38, "target": 144, "weight": 0.012048}, {"source": 38, "target": 44, "weight": 0.005415}, {"source": 38, "target": 145, "weight": 0.005988}, {"source": 38, "target": 67, "weight": 0.024055}, {"source": 38, "target": 59, "weight": 0.015625}, {"source": 38, "target": 134, "weight": 0.025}, {"source": 39, "target": 101, "weight": 0.005102}, {"source": 39, "target": 87, "weight": 0.005051}, {"source": 39, "target": 136, "weight": 0.056156}, {"source": 39, "target": 80, "weight": 0.007042}, {"source": 39, "target": 64, "weight": 0.01087}, {"source": 39, "target": 145, "weight": 0.005208}, {"source": 39, "target": 121, "weight": 0.008621}, {"source": 40, "target": 84, "weight": 0.031746}, {"source": 40, "target": 108, "weight": 0.022222}, {"source": 41, "target": 102, "weight": 0.083832}, {"source": 41, "target": 101, "weight": 0.008475}, {"source": 41, "target": 104, "weight": 0.008969}, {"source": 41, "target": 78, "weight": 0.014925}, {"source": 41, "target": 105, "weight": 0.134615}, {"source": 41, "target": 106, "weight": 0.006061}, {"source": 41, "target": 107, "weight": 0.008264}, {"source": 41, "target": 44, "weight": 0.024671}, {"source": 41, "target": 109, "weight": 0.005208}, {"source": 41, "target": 45, "weight": 0.006803}, {"source": 41, "target": 85, "weight": 0.003774}, {"source": 41, "target": 47, "weight": 0.014925}, {"source": 41, "target": 49, "weight": 0.009479}, {"source": 41, "target": 50, "weight": 0.008264}, {"source": 41, "target": 133, "weight": 0.007353}, {"source": 41, "target": 115, "weight": 0.282258}, {"source": 41, "target": 118, "weight": 0.008811}, {"source": 41, "target": 120, "weight": 0.005952}, {"source": 41, "target": 55, "weight": 0.028571}, {"source": 41, "target": 124, "weight": 0.007407}, {"source": 41, "target": 88, "weight": 0.013636}, {"source": 41, "target": 60, "weight": 0.007692}, {"source": 41, "target": 76, "weight": 0.018072}, {"source": 41, "target": 57, "weight": 0.011976}, {"source": 41, "target": 58, "weight": 0.005747}, {"source": 41, "target": 132, "weight": 0.005618}, {"source": 41, "target": 134, "weight": 0.330986}, {"source": 41, "target": 91, "weight": 0.106383}, {"source": 41, "target": 98, "weight": 0.014388}, {"source": 41, "target": 136, "weight": 0.003788}, {"source": 41, "target": 137, "weight": 0.011494}, {"source": 41, "target": 139, "weight": 0.031447}, {"source": 41, "target": 141, "weight": 0.003534}, {"source": 41, "target": 127, "weight": 0.006711}, {"source": 41, "target": 100, "weight": 0.006897}, {"source": 41, "target": 66, "weight": 0.006711}, {"source": 41, "target": 67, "weight": 0.031161}, {"source": 42, "target": 118, "weight": 0.007519}, {"source": 42, "target": 59, "weight": 0.028571}, {"source": 43, "target": 111, "weight": 0.01087}, {"source": 43, "target": 124, "weight": 0.004651}, {"source": 43, "target": 48, "weight": 0.012346}, {"source": 43, "target": 54, "weight": 0.017094}, {"source": 43, "target": 82, "weight": 0.019417}, {"source": 43, "target": 116, "weight": 0.01087}, {"source": 43, "target": 117, "weight": 0.02}, {"source": 43, "target": 44, "weight": 0.0125}, {"source": 43, "target": 46, "weight": 0.007813}, {"source": 43, "target": 85, "weight": 0.029412}, {"source": 44, "target": 144, "weight": 0.001818}, {"source": 44, "target": 58, "weight": 0.003484}, {"source": 44, "target": 45, "weight": 0.001825}, {"source": 44, "target": 46, "weight": 0.015598}, {"source": 44, "target": 47, "weight": 0.007505}, {"source": 44, "target": 48, "weight": 0.052734}, {"source": 44, "target": 49, "weight": 0.011532}, {"source": 44, "target": 50, "weight": 0.003839}, {"source": 44, "target": 142, "weight": 0.007605}, {"source": 44, "target": 54, "weight": 0.070632}, {"source": 44, "target": 52, "weight": 0.008518}, {"source": 44, "target": 56, "weight": 0.001681}, {"source": 44, "target": 57, "weight": 0.001757}, {"source": 44, "target": 76, "weight": 0.005291}, {"source": 44, "target": 59, "weight": 0.001883}, {"source": 44, "target": 91, "weight": 0.006612}, {"source": 44, "target": 63, "weight": 0.001742}, {"source": 44, "target": 65, "weight": 0.008389}, {"source": 44, "target": 66, "weight": 0.001818}, {"source": 44, "target": 67, "weight": 0.015936}, {"source": 44, "target": 69, "weight": 0.001927}, {"source": 44, "target": 71, "weight": 0.005008}, {"source": 44, "target": 74, "weight": 0.001776}, {"source": 44, "target": 75, "weight": 0.001916}, {"source": 44, "target": 77, "weight": 0.010772}, {"source": 44, "target": 78, "weight": 0.01203}, {"source": 44, "target": 80, "weight": 0.005155}, {"source": 44, "target": 81, "weight": 0.001695}, {"source": 44, "target": 82, "weight": 0.010791}, {"source": 44, "target": 84, "weight": 0.003663}, {"source": 44, "target": 85, "weight": 0.013678}, {"source": 44, "target": 86, "weight": 0.001927}, {"source": 44, "target": 87, "weight": 0.004702}, {"source": 44, "target": 88, "weight": 0.004831}, {"source": 44, "target": 92, "weight": 0.001748}, {"source": 44, "target": 93, "weight": 0.003597}, {"source": 44, "target": 100, "weight": 0.032075}, {"source": 44, "target": 101, "weight": 0.004717}, {"source": 44, "target": 102, "weight": 0.028302}, {"source": 44, "target": 104, "weight": 0.016234}, {"source": 44, "target": 105, "weight": 0.017572}, {"source": 44, "target": 106, "weight": 0.007105}, {"source": 44, "target": 107, "weight": 0.001916}, {"source": 44, "target": 111, "weight": 0.005484}, {"source": 44, "target": 114, "weight": 0.00177}, {"source": 44, "target": 115, "weight": 0.009009}, {"source": 44, "target": 116, "weight": 0.01476}, {"source": 44, "target": 117, "weight": 0.005396}, {"source": 44, "target": 118, "weight": 0.003185}, {"source": 44, "target": 119, "weight": 0.00177}, {"source": 44, "target": 120, "weight": 0.001757}, {"source": 44, "target": 121, "weight": 0.007207}, {"source": 44, "target": 124, "weight": 0.054859}, {"source": 44, "target": 131, "weight": 0.005236}, {"source": 44, "target": 132, "weight": 0.005199}, {"source": 44, "target": 133, "weight": 0.008969}, {"source": 44, "target": 134, "weight": 0.026087}, {"source": 44, "target": 136, "weight": 0.0186}, {"source": 44, "target": 137, "weight": 0.008741}, {"source": 44, "target": 139, "weight": 0.005338}, {"source": 44, "target": 141, "weight": 0.001462}, {"source": 44, "target": 127, "weight": 0.001818}, {"source": 44, "target": 143, "weight": 0.003795}, {"source": 44, "target": 145, "weight": 0.00316}, {"source": 45, "target": 101, "weight": 0.006135}, {"source": 45, "target": 102, "weight": 0.021277}, {"source": 45, "target": 78, "weight": 0.03125}, {"source": 45, "target": 105, "weight": 0.006211}, {"source": 45, "target": 128, "weight": 0.4}, {"source": 45, "target": 81, "weight": 0.06422}, {"source": 45, "target": 47, "weight": 0.016393}, {"source": 45, "target": 52, "weight": 0.008621}, {"source": 45, "target": 113, "weight": 0.526316}, {"source": 45, "target": 118, "weight": 0.019737}, {"source": 45, "target": 119, "weight": 0.28169}, {"source": 45, "target": 87, "weight": 0.006061}, {"source": 45, "target": 124, "weight": 0.020619}, {"source": 45, "target": 88, "weight": 0.006757}, {"source": 45, "target": 89, "weight": 0.014286}, {"source": 45, "target": 90, "weight": 0.021277}, {"source": 45, "target": 57, "weight": 0.010638}, {"source": 45, "target": 58, "weight": 0.01}, {"source": 45, "target": 131, "weight": 0.020202}, {"source": 45, "target": 134, "weight": 0.008772}, {"source": 45, "target": 91, "weight": 0.022901}, {"source": 45, "target": 136, "weight": 0.002198}, {"source": 45, "target": 137, "weight": 0.051546}, {"source": 45, "target": 139, "weight": 0.011236}, {"source": 45, "target": 141, "weight": 0.004785}, {"source": 45, "target": 65, "weight": 0.008}, {"source": 45, "target": 145, "weight": 0.006289}, {"source": 45, "target": 67, "weight": 0.08209}, {"source": 46, "target": 101, "weight": 0.01005}, {"source": 46, "target": 102, "weight": 0.006192}, {"source": 46, "target": 78, "weight": 0.004274}, {"source": 46, "target": 105, "weight": 0.010152}, {"source": 46, "target": 106, "weight": 0.007813}, {"source": 46, "target": 137, "weight": 0.007246}, {"source": 46, "target": 85, "weight": 0.128079}, {"source": 46, "target": 49, "weight": 0.005714}, {"source": 46, "target": 50, "weight": 0.011905}, {"source": 46, "target": 54, "weight": 0.007299}, {"source": 46, "target": 120, "weight": 0.007634}, {"source": 46, "target": 121, "weight": 0.016807}, {"source": 46, "target": 93, "weight": 0.016949}, {"source": 46, "target": 133, "weight": 0.004237}, {"source": 46, "target": 57, "weight": 0.007634}, {"source": 46, "target": 67, "weight": 0.009259}, {"source": 46, "target": 136, "weight": 0.002033}, {"source": 47, "target": 82, "weight": 0.071429}, {"source": 47, "target": 124, "weight": 0.01087}, {"source": 47, "target": 136, "weight": 0.002257}, {"source": 47, "target": 105, "weight": 0.006711}, {"source": 47, "target": 115, "weight": 0.013889}, {"source": 47, "target": 118, "weight": 0.007042}, {"source": 47, "target": 145, "weight": 0.006803}, {"source": 47, "target": 134, "weight": 0.019802}, {"source": 48, "target": 87, "weight": 0.006452}, {"source": 48, "target": 124, "weight": 0.005348}, {"source": 48, "target": 136, "weight": 0.002247}, {"source": 48, "target": 77, "weight": 0.012987}, {"source": 48, "target": 54, "weight": 0.034091}, {"source": 49, "target": 101, "weight": 0.004386}, {"source": 49, "target": 132, "weight": 0.005917}, {"source": 49, "target": 124, "weight": 0.003817}, {"source": 49, "target": 105, "weight": 0.004425}, {"source": 49, "target": 136, "weight": 0.003854}, {"source": 49, "target": 77, "weight": 0.026846}, {"source": 49, "target": 92, "weight": 0.006173}, {"source": 49, "target": 93, "weight": 0.006803}, {"source": 49, "target": 115, "weight": 0.006711}, {"source": 49, "target": 58, "weight": 0.006061}, {"source": 49, "target": 67, "weight": 0.002825}, {"source": 49, "target": 134, "weight": 0.005587}, {"source": 50, "target": 132, "weight": 0.012821}, {"source": 50, "target": 105, "weight": 0.007407}, {"source": 50, "target": 139, "weight": 0.015873}, {"source": 50, "target": 115, "weight": 0.017241}, {"source": 50, "target": 76, "weight": 0.014706}, {"source": 50, "target": 67, "weight": 0.003802}, {"source": 50, "target": 134, "weight": 0.011364}, {"source": 51, "target": 136, "weight": 0.002358}, {"source": 51, "target": 84, "weight": 0.02439}, {"source": 51, "target": 133, "weight": 0.005952}, {"source": 51, "target": 78, "weight": 0.006024}, {"source": 52, "target": 87, "weight": 0.004808}, {"source": 52, "target": 124, "weight": 0.004167}, {"source": 52, "target": 67, "weight": 0.003012}, {"source": 52, "target": 136, "weight": 0.01217}, {"source": 52, "target": 118, "weight": 0.144509}, {"source": 52, "target": 59, "weight": 0.020408}, {"source": 52, "target": 57, "weight": 0.007299}, {"source": 52, "target": 130, "weight": 0.021978}, {"source": 52, "target": 82, "weight": 0.007752}, {"source": 52, "target": 58, "weight": 0.014085}, {"source": 52, "target": 144, "weight": 0.025862}, {"source": 52, "target": 145, "weight": 0.28481}, {"source": 53, "target": 73, "weight": 0.8}, {"source": 53, "target": 136, "weight": 0.004566}, {"source": 53, "target": 137, "weight": 0.011765}, {"source": 53, "target": 114, "weight": 0.086957}, {"source": 53, "target": 139, "weight": 0.013699}, {"source": 53, "target": 130, "weight": 0.214286}, {"source": 53, "target": 141, "weight": 0.005181}, {"source": 53, "target": 145, "weight": 0.006993}, {"source": 53, "target": 96, "weight": 0.017241}, {"source": 54, "target": 71, "weight": 0.006536}, {"source": 54, "target": 124, "weight": 0.004464}, {"source": 54, "target": 136, "weight": 0.002075}, {"source": 54, "target": 77, "weight": 0.017699}, {"source": 54, "target": 100, "weight": 0.010204}, {"source": 54, "target": 85, "weight": 0.009217}, {"source": 55, "target": 101, "weight": 0.032258}, {"source": 55, "target": 98, "weight": 0.067797}, {"source": 55, "target": 136, "weight": 0.002217}, {"source": 55, "target": 105, "weight": 0.012821}, {"source": 55, "target": 115, "weight": 0.051948}, {"source": 55, "target": 75, "weight": 0.023256}, {"source": 55, "target": 109, "weight": 0.045455}, {"source": 55, "target": 145, "weight": 0.012987}, {"source": 55, "target": 134, "weight": 0.037383}, {"source": 56, "target": 109, "weight": 0.006061}, {"source": 56, "target": 121, "weight": 0.007692}, {"source": 56, "target": 135, "weight": 0.147727}, {"source": 57, "target": 102, "weight": 0.006515}, {"source": 57, "target": 78, "weight": 0.004587}, {"source": 57, "target": 81, "weight": 0.014815}, {"source": 57, "target": 85, "weight": 0.004717}, {"source": 57, "target": 118, "weight": 0.005714}, {"source": 57, "target": 120, "weight": 0.008696}, {"source": 57, "target": 121, "weight": 0.060606}, {"source": 57, "target": 87, "weight": 0.010811}, {"source": 57, "target": 124, "weight": 0.004587}, {"source": 57, "target": 93, "weight": 0.009709}, {"source": 57, "target": 96, "weight": 0.021277}, {"source": 57, "target": 133, "weight": 0.013761}, {"source": 57, "target": 134, "weight": 0.007407}, {"source": 57, "target": 91, "weight": 0.013072}, {"source": 57, "target": 136, "weight": 0.081633}, {"source": 57, "target": 63, "weight": 0.008333}, {"source": 57, "target": 137, "weight": 0.008197}, {"source": 57, "target": 141, "weight": 0.022124}, {"source": 57, "target": 58, "weight": 0.016667}, {"source": 57, "target": 67, "weight": 0.003226}, {"source": 58, "target": 101, "weight": 0.010582}, {"source": 58, "target": 102, "weight": 0.036184}, {"source": 58, "target": 78, "weight": 0.013514}, {"source": 58, "target": 105, "weight": 0.005319}, {"source": 58, "target": 81, "weight": 0.007042}, {"source": 58, "target": 133, "weight": 0.004425}, {"source": 58, "target": 115, "weight": 0.009009}, {"source": 58, "target": 118, "weight": 0.076923}, {"source": 58, "target": 87, "weight": 0.005208}, {"source": 58, "target": 124, "weight": 0.027397}, {"source": 58, "target": 88, "weight": 0.011494}, {"source": 58, "target": 132, "weight": 0.007634}, {"source": 58, "target": 59, "weight": 0.02439}, {"source": 58, "target": 134, "weight": 0.014286}, {"source": 58, "target": 91, "weight": 0.095238}, {"source": 58, "target": 137, "weight": 0.02381}, {"source": 58, "target": 141, "weight": 0.004237}, {"source": 58, "target": 144, "weight": 0.019802}, {"source": 58, "target": 65, "weight": 0.006579}, {"source": 58, "target": 66, "weight": 0.009804}, {"source": 58, "target": 67, "weight": 0.016026}, {"source": 58, "target": 136, "weight": 0.002075}, {"source": 59, "target": 102, "weight": 0.003704}, {"source": 59, "target": 88, "weight": 0.007634}, {"source": 59, "target": 91, "weight": 0.044643}, {"source": 59, "target": 78, "weight": 0.005556}, {"source": 59, "target": 137, "weight": 0.011905}, {"source": 59, "target": 118, "weight": 0.159664}, {"source": 59, "target": 144, "weight": 0.053571}, {"source": 59, "target": 67, "weight": 0.003676}, {"source": 60, "target": 104, "weight": 0.007519}, {"source": 60, "target": 125, "weight": 0.013889}, {"source": 61, "target": 135, "weight": 0.030303}, {"source": 62, "target": 104, "weight": 0.007092}, {"source": 62, "target": 133, "weight": 0.005263}, {"source": 62, "target": 94, "weight": 0.020408}, {"source": 62, "target": 145, "weight": 0.006667}, {"source": 62, "target": 68, "weight": 0.275862}, {"source": 63, "target": 101, "weight": 0.005291}, {"source": 63, "target": 124, "weight": 0.013575}, {"source": 63, "target": 105, "weight": 0.010753}, {"source": 63, "target": 89, "weight": 0.031915}, {"source": 63, "target": 90, "weight": 0.027778}, {"source": 63, "target": 92, "weight": 0.016393}, {"source": 63, "target": 64, "weight": 0.02381}, {"source": 63, "target": 67, "weight": 0.012821}, {"source": 63, "target": 136, "weight": 0.010482}, {"source": 63, "target": 121, "weight": 0.009174}, {"source": 64, "target": 91, "weight": 0.008403}, {"source": 64, "target": 92, "weight": 0.012048}, {"source": 64, "target": 118, "weight": 0.007143}, {"source": 65, "target": 132, "weight": 0.286885}, {"source": 65, "target": 84, "weight": 0.008065}, {"source": 65, "target": 124, "weight": 0.004016}, {"source": 65, "target": 136, "weight": 0.011952}, {"source": 65, "target": 76, "weight": 0.006849}, {"source": 65, "target": 92, "weight": 0.006711}, {"source": 65, "target": 105, "weight": 0.009434}, {"source": 65, "target": 93, "weight": 0.007463}, {"source": 65, "target": 128, "weight": 0.008264}, {"source": 65, "target": 118, "weight": 0.004854}, {"source": 65, "target": 145, "weight": 0.009524}, {"source": 65, "target": 67, "weight": 0.005882}, {"source": 65, "target": 121, "weight": 0.014925}, {"source": 66, "target": 102, "weight": 0.006944}, {"source": 66, "target": 104, "weight": 0.006579}, {"source": 66, "target": 78, "weight": 0.005025}, {"source": 66, "target": 105, "weight": 0.012346}, {"source": 66, "target": 115, "weight": 0.011628}, {"source": 66, "target": 120, "weight": 0.054348}, {"source": 66, "target": 124, "weight": 0.010101}, {"source": 66, "target": 88, "weight": 0.006667}, {"source": 66, "target": 92, "weight": 0.010101}, {"source": 66, "target": 134, "weight": 0.008621}, {"source": 66, "target": 91, "weight": 0.007407}, {"source": 66, "target": 137, "weight": 0.009709}, {"source": 66, "target": 139, "weight": 0.010989}, {"source": 66, "target": 67, "weight": 0.010381}, {"source": 67, "target": 102, "weight": 0.153318}, {"source": 67, "target": 104, "weight": 0.008242}, {"source": 67, "target": 78, "weight": 0.153203}, {"source": 67, "target": 105, "weight": 0.196203}, {"source": 67, "target": 106, "weight": 0.006536}, {"source": 67, "target": 137, "weight": 0.148014}, {"source": 67, "target": 75, "weight": 0.003802}, {"source": 67, "target": 109, "weight": 0.002994}, {"source": 67, "target": 85, "weight": 0.009901}, {"source": 67, "target": 72, "weight": 0.003704}, {"source": 67, "target": 113, "weight": 0.07874}, {"source": 67, "target": 133, "weight": 0.012165}, {"source": 67, "target": 81, "weight": 0.015291}, {"source": 67, "target": 115, "weight": 0.034364}, {"source": 67, "target": 118, "weight": 0.010899}, {"source": 67, "target": 120, "weight": 0.003226}, {"source": 67, "target": 121, "weight": 0.003344}, {"source": 67, "target": 87, "weight": 0.002625}, {"source": 67, "target": 124, "weight": 0.053435}, {"source": 67, "target": 88, "weight": 0.033994}, {"source": 67, "target": 89, "weight": 0.003497}, {"source": 67, "target": 141, "weight": 0.002353}, {"source": 67, "target": 76, "weight": 0.023026}, {"source": 67, "target": 128, "weight": 0.117188}, {"source": 67, "target": 131, "weight": 0.009554}, {"source": 67, "target": 132, "weight": 0.00627}, {"source": 67, "target": 134, "weight": 0.040881}, {"source": 67, "target": 119, "weight": 0.073427}, {"source": 67, "target": 91, "weight": 0.041667}, {"source": 67, "target": 145, "weight": 0.008043}, {"source": 67, "target": 93, "weight": 0.006734}, {"source": 67, "target": 139, "weight": 0.058824}, {"source": 67, "target": 123, "weight": 0.003546}, {"source": 67, "target": 136, "weight": 0.007496}, {"source": 68, "target": 145, "weight": 0.007634}, {"source": 68, "target": 104, "weight": 0.008197}, {"source": 69, "target": 136, "weight": 0.002347}, {"source": 69, "target": 133, "weight": 0.005882}, {"source": 69, "target": 93, "weight": 0.018868}, {"source": 70, "target": 97, "weight": 0.190476}, {"source": 70, "target": 88, "weight": 0.007299}, {"source": 70, "target": 136, "weight": 0.002252}, {"source": 70, "target": 140, "weight": 0.023256}, {"source": 70, "target": 127, "weight": 0.015625}, {"source": 70, "target": 133, "weight": 0.005319}, {"source": 71, "target": 143, "weight": 0.009434}, {"source": 71, "target": 124, "weight": 0.008032}, {"source": 71, "target": 80, "weight": 0.01875}, {"source": 72, "target": 101, "weight": 0.006944}, {"source": 72, "target": 105, "weight": 0.007042}, {"source": 72, "target": 140, "weight": 0.028571}, {"source": 72, "target": 76, "weight": 0.013333}, {"source": 72, "target": 121, "weight": 0.031746}, {"source": 73, "target": 136, "weight": 0.004535}, {"source": 73, "target": 145, "weight": 0.006849}, {"source": 73, "target": 139, "weight": 0.013158}, {"source": 73, "target": 130, "weight": 0.193548}, {"source": 74, "target": 101, "weight": 0.017045}, {"source": 74, "target": 132, "weight": 0.008403}, {"source": 74, "target": 92, "weight": 0.008929}, {"source": 74, "target": 118, "weight": 0.005917}, {"source": 74, "target": 76, "weight": 0.009174}, {"source": 74, "target": 144, "weight": 0.011111}, {"source": 74, "target": 145, "weight": 0.005747}, {"source": 74, "target": 134, "weight": 0.007752}, {"source": 75, "target": 124, "weight": 0.005848}, {"source": 75, "target": 102, "weight": 0.003831}, {"source": 75, "target": 78, "weight": 0.005848}, {"source": 75, "target": 137, "weight": 0.013333}, {"source": 75, "target": 131, "weight": 0.013514}, {"source": 76, "target": 102, "weight": 0.003247}, {"source": 76, "target": 105, "weight": 0.070175}, {"source": 76, "target": 106, "weight": 0.056075}, {"source": 76, "target": 83, "weight": 0.014925}, {"source": 76, "target": 85, "weight": 0.028986}, {"source": 76, "target": 115, "weight": 0.019231}, {"source": 76, "target": 118, "weight": 0.005714}, {"source": 76, "target": 119, "weight": 0.009009}, {"source": 76, "target": 121, "weight": 0.009615}, {"source": 76, "target": 88, "weight": 0.030303}, {"source": 76, "target": 93, "weight": 0.009709}, {"source": 76, "target": 132, "weight": 0.008}, {"source": 76, "target": 133, "weight": 0.03271}, {"source": 76, "target": 134, "weight": 0.014925}, {"source": 76, "target": 91, "weight": 0.013072}, {"source": 76, "target": 139, "weight": 0.009091}, {"source": 76, "target": 123, "weight": 0.035294}, {"source": 76, "target": 144, "weight": 0.010417}, {"source": 76, "target": 145, "weight": 0.005556}, {"source": 77, "target": 87, "weight": 0.005587}, {"source": 77, "target": 142, "weight": 0.014706}, {"source": 77, "target": 136, "weight": 0.008584}, {"source": 78, "target": 101, "weight": 0.014085}, {"source": 78, "target": 105, "weight": 0.007042}, {"source": 78, "target": 128, "weight": 0.026455}, {"source": 78, "target": 109, "weight": 0.008299}, {"source": 78, "target": 115, "weight": 0.019512}, {"source": 78, "target": 118, "weight": 0.01087}, {"source": 78, "target": 87, "weight": 0.00346}, {"source": 78, "target": 124, "weight": 0.059211}, {"source": 78, "target": 92, "weight": 0.013699}, {"source": 78, "target": 134, "weight": 0.025751}, {"source": 78, "target": 145, "weight": 0.007092}, {"source": 78, "target": 98, "weight": 0.005263}, {"source": 78, "target": 136, "weight": 0.00346}, {"source": 78, "target": 139, "weight": 0.009434}, {"source": 80, "target": 111, "weight": 0.07767}, {"source": 80, "target": 136, "weight": 0.002037}, {"source": 80, "target": 117, "weight": 0.008403}, {"source": 81, "target": 101, "weight": 0.004878}, {"source": 81, "target": 128, "weight": 0.018182}, {"source": 81, "target": 108, "weight": 0.010526}, {"source": 81, "target": 118, "weight": 0.005102}, {"source": 81, "target": 121, "weight": 0.008}, {"source": 81, "target": 87, "weight": 0.004831}, {"source": 81, "target": 124, "weight": 0.016949}, {"source": 81, "target": 89, "weight": 0.395062}, {"source": 81, "target": 90, "weight": 0.125}, {"source": 81, "target": 92, "weight": 0.007194}, {"source": 81, "target": 132, "weight": 0.013793}, {"source": 81, "target": 134, "weight": 0.00641}, {"source": 81, "target": 136, "weight": 0.004032}, {"source": 81, "target": 123, "weight": 0.009259}, {"source": 82, "target": 111, "weight": 0.011494}, {"source": 82, "target": 101, "weight": 0.005682}, {"source": 82, "target": 87, "weight": 0.005618}, {"source": 82, "target": 107, "weight": 0.016667}, {"source": 82, "target": 145, "weight": 0.005814}, {"source": 83, "target": 118, "weight": 0.007874}, {"source": 83, "target": 133, "weight": 0.005814}, {"source": 83, "target": 144, "weight": 0.020833}, {"source": 84, "target": 100, "weight": 0.014286}, {"source": 84, "target": 98, "weight": 0.015385}, {"source": 84, "target": 104, "weight": 0.013514}, {"source": 84, "target": 133, "weight": 0.005051}, {"source": 84, "target": 92, "weight": 0.010417}, {"source": 84, "target": 141, "weight": 0.004808}, {"source": 84, "target": 107, "weight": 0.021739}, {"source": 84, "target": 115, "weight": 0.012048}, {"source": 84, "target": 132, "weight": 0.009709}, {"source": 84, "target": 109, "weight": 0.008547}, {"source": 85, "target": 105, "weight": 0.064639}, {"source": 85, "target": 106, "weight": 0.186441}, {"source": 85, "target": 108, "weight": 0.005848}, {"source": 85, "target": 115, "weight": 0.00495}, {"source": 85, "target": 116, "weight": 0.005208}, {"source": 85, "target": 121, "weight": 0.015075}, {"source": 85, "target": 89, "weight": 0.005319}, {"source": 85, "target": 90, "weight": 0.006061}, {"source": 85, "target": 93, "weight": 0.01005}, {"source": 85, "target": 132, "weight": 0.00905}, {"source": 85, "target": 134, "weight": 0.008658}, {"source": 85, "target": 136, "weight": 0.007018}, {"source": 85, "target": 139, "weight": 0.004831}, {"source": 87, "target": 103, "weight": 0.005495}, {"source": 87, "target": 124, "weight": 0.00346}, {"source": 87, "target": 109, "weight": 0.019324}, {"source": 87, "target": 102, "weight": 0.002639}, {"source": 87, "target": 142, "weight": 0.035211}, {"source": 87, "target": 118, "weight": 0.004065}, {"source": 87, "target": 94, "weight": 0.013423}, {"source": 87, "target": 96, "weight": 0.006024}, {"source": 87, "target": 91, "weight": 0.004444}, {"source": 87, "target": 136, "weight": 0.01107}, {"source": 87, "target": 137, "weight": 0.005181}, {"source": 87, "target": 141, "weight": 0.161538}, {"source": 87, "target": 127, "weight": 0.02439}, {"source": 88, "target": 101, "weight": 0.004202}, {"source": 88, "target": 105, "weight": 0.025974}, {"source": 88, "target": 106, "weight": 0.006024}, {"source": 88, "target": 115, "weight": 0.012658}, {"source": 88, "target": 118, "weight": 0.004367}, {"source": 88, "target": 121, "weight": 0.006329}, {"source": 88, "target": 124, "weight": 0.00738}, {"source": 88, "target": 92, "weight": 0.005814}, {"source": 88, "target": 93, "weight": 0.006369}, {"source": 88, "target": 134, "weight": 0.010638}, {"source": 88, "target": 97, "weight": 0.014925}, {"source": 88, "target": 136, "weight": 0.001887}, {"source": 88, "target": 139, "weight": 0.006098}, {"source": 88, "target": 123, "weight": 0.021583}, {"source": 88, "target": 128, "weight": 0.013986}, {"source": 89, "target": 101, "weight": 0.00625}, {"source": 89, "target": 124, "weight": 0.015625}, {"source": 89, "target": 125, "weight": 0.011628}, {"source": 89, "target": 90, "weight": 0.046512}, {"source": 89, "target": 133, "weight": 0.005102}, {"source": 89, "target": 136, "weight": 0.002212}, {"source": 89, "target": 131, "weight": 0.042553}, {"source": 90, "target": 108, "weight": 0.037037}, {"source": 90, "target": 131, "weight": 0.027397}, {"source": 91, "target": 101, "weight": 0.009009}, {"source": 91, "target": 105, "weight": 0.09901}, {"source": 91, "target": 128, "weight": 0.015625}, {"source": 91, "target": 107, "weight": 0.009346}, {"source": 91, "target": 115, "weight": 0.16}, {"source": 91, "target": 118, "weight": 0.131579}, {"source": 91, "target": 121, "weight": 0.021277}, {"source": 91, "target": 124, "weight": 0.015748}, {"source": 91, "target": 132, "weight": 0.006098}, {"source": 91, "target": 134, "weight": 0.129032}, {"source": 91, "target": 98, "weight": 0.007937}, {"source": 91, "target": 136, "weight": 0.007813}, {"source": 91, "target": 139, "weight": 0.034483}, {"source": 91, "target": 144, "weight": 0.046154}, {"source": 91, "target": 106, "weight": 0.006623}, {"source": 92, "target": 101, "weight": 0.005348}, {"source": 92, "target": 104, "weight": 0.005747}, {"source": 92, "target": 133, "weight": 0.013575}, {"source": 92, "target": 120, "weight": 0.008475}, {"source": 92, "target": 126, "weight": 0.012048}, {"source": 92, "target": 121, "weight": 0.009346}, {"source": 93, "target": 102, "weight": 0.00678}, {"source": 93, "target": 104, "weight": 0.006289}, {"source": 93, "target": 121, "weight": 0.01087}, {"source": 93, "target": 133, "weight": 0.004808}, {"source": 93, "target": 134, "weight": 0.00813}, {"source": 93, "target": 136, "weight": 0.00432}, {"source": 95, "target": 140, "weight": 0.023256}, {"source": 96, "target": 136, "weight": 0.017817}, {"source": 96, "target": 130, "weight": 0.02}, {"source": 96, "target": 145, "weight": 0.018987}, {"source": 97, "target": 123, "weight": 0.058824}, {"source": 98, "target": 102, "weight": 0.007168}, {"source": 98, "target": 101, "weight": 0.00641}, {"source": 98, "target": 136, "weight": 0.002232}, {"source": 98, "target": 105, "weight": 0.006494}, {"source": 98, "target": 115, "weight": 0.026316}, {"source": 98, "target": 109, "weight": 0.046729}, {"source": 98, "target": 134, "weight": 0.018868}, {"source": 100, "target": 101, "weight": 0.006211}, {"source": 100, "target": 124, "weight": 0.005128}, {"source": 100, "target": 136, "weight": 0.002208}, {"source": 100, "target": 145, "weight": 0.006369}, {"source": 101, "target": 103, "weight": 0.005556}, {"source": 101, "target": 105, "weight": 0.003984}, {"source": 101, "target": 107, "weight": 0.007299}, {"source": 101, "target": 109, "weight": 0.004808}, {"source": 101, "target": 143, "weight": 0.006993}, {"source": 101, "target": 102, "weight": 0.008}, {"source": 101, "target": 115, "weight": 0.005747}, {"source": 101, "target": 120, "weight": 0.005435}, {"source": 101, "target": 121, "weight": 0.00578}, {"source": 101, "target": 124, "weight": 0.010526}, {"source": 101, "target": 132, "weight": 0.005155}, {"source": 101, "target": 133, "weight": 0.021127}, {"source": 101, "target": 134, "weight": 0.014851}, {"source": 101, "target": 136, "weight": 0.012987}, {"source": 101, "target": 141, "weight": 0.006711}, {"source": 101, "target": 144, "weight": 0.006061}, {"source": 101, "target": 145, "weight": 0.012146}, {"source": 102, "target": 105, "weight": 0.038674}, {"source": 102, "target": 128, "weight": 0.032727}, {"source": 102, "target": 107, "weight": 0.003831}, {"source": 102, "target": 109, "weight": 0.003012}, {"source": 102, "target": 115, "weight": 0.049123}, {"source": 102, "target": 118, "weight": 0.025}, {"source": 102, "target": 121, "weight": 0.010169}, {"source": 102, "target": 124, "weight": 0.043038}, {"source": 102, "target": 132, "weight": 0.006309}, {"source": 102, "target": 134, "weight": 0.187726}, {"source": 102, "target": 145, "weight": 0.008086}, {"source": 102, "target": 139, "weight": 0.013333}, {"source": 102, "target": 127, "weight": 0.00346}, {"source": 102, "target": 144, "weight": 0.00346}, {"source": 102, "target": 106, "weight": 0.003279}, {"source": 102, "target": 136, "weight": 0.013616}, {"source": 103, "target": 145, "weight": 0.005682}, {"source": 104, "target": 145, "weight": 0.004237}, {"source": 104, "target": 136, "weight": 0.00947}, {"source": 104, "target": 140, "weight": 0.007634}, {"source": 105, "target": 128, "weight": 0.006369}, {"source": 105, "target": 107, "weight": 0.007407}, {"source": 105, "target": 137, "weight": 0.005291}, {"source": 105, "target": 113, "weight": 0.006897}, {"source": 105, "target": 133, "weight": 0.017668}, {"source": 105, "target": 134, "weight": 0.134078}, {"source": 105, "target": 115, "weight": 0.153333}, {"source": 105, "target": 120, "weight": 0.005495}, {"source": 105, "target": 121, "weight": 0.005848}, {"source": 105, "target": 124, "weight": 0.007042}, {"source": 105, "target": 129, "weight": 0.022388}, {"source": 105, "target": 132, "weight": 0.015789}, {"source": 105, "target": 119, "weight": 0.005618}, {"source": 105, "target": 139, "weight": 0.10559}, {"source": 105, "target": 123, "weight": 0.006494}, {"source": 105, "target": 106, "weight": 0.104294}, {"source": 106, "target": 115, "weight": 0.009804}, {"source": 106, "target": 124, "weight": 0.009346}, {"source": 106, "target": 132, "weight": 0.008197}, {"source": 106, "target": 133, "weight": 0.004608}, {"source": 106, "target": 134, "weight": 0.023077}, {"source": 106, "target": 139, "weight": 0.009346}, {"source": 107, "target": 136, "weight": 0.002331}, {"source": 107, "target": 115, "weight": 0.035088}, {"source": 107, "target": 116, "weight": 0.020833}, {"source": 107, "target": 134, "weight": 0.011364}, {"source": 108, "target": 124, "weight": 0.00565}, {"source": 108, "target": 131, "weight": 0.0125}, {"source": 108, "target": 119, "weight": 0.028986}, {"source": 109, "target": 115, "weight": 0.007752}, {"source": 109, "target": 120, "weight": 0.007194}, {"source": 109, "target": 125, "weight": 0.007463}, {"source": 109, "target": 133, "weight": 0.004098}, {"source": 109, "target": 134, "weight": 0.006289}, {"source": 109, "target": 135, "weight": 0.010204}, {"source": 109, "target": 136, "weight": 0.002}, {"source": 109, "target": 141, "weight": 0.007905}, {"source": 110, "target": 141, "weight": 0.009709}, {"source": 111, "target": 136, "weight": 0.004396}, {"source": 111, "target": 116, "weight": 0.013333}, {"source": 112, "target": 135, "weight": 0.029412}, {"source": 113, "target": 128, "weight": 0.588235}, {"source": 113, "target": 124, "weight": 0.01676}, {"source": 113, "target": 139, "weight": 0.013699}, {"source": 113, "target": 118, "weight": 0.007246}, {"source": 114, "target": 136, "weight": 0.008529}, {"source": 114, "target": 130, "weight": 0.218182}, {"source": 114, "target": 145, "weight": 0.041176}, {"source": 115, "target": 133, "weight": 0.009569}, {"source": 115, "target": 124, "weight": 0.004808}, {"source": 115, "target": 132, "weight": 0.008696}, {"source": 115, "target": 134, "weight": 0.354839}, {"source": 115, "target": 137, "weight": 0.008929}, {"source": 115, "target": 139, "weight": 0.052083}, {"source": 116, "target": 139, "weight": 0.011111}, {"source": 116, "target": 117, "weight": 0.024096}, {"source": 117, "target": 124, "weight": 0.004831}, {"source": 117, "target": 136, "weight": 0.002151}, {"source": 117, "target": 121, "weight": 0.010753}, {"source": 118, "target": 128, "weight": 0.006667}, {"source": 118, "target": 133, "weight": 0.003571}, {"source": 118, "target": 119, "weight": 0.005848}, {"source": 118, "target": 124, "weight": 0.01087}, {"source": 118, "target": 132, "weight": 0.005405}, {"source": 118, "target": 134, "weight": 0.005128}, {"source": 118, "target": 136, "weight": 0.003738}, {"source": 118, "target": 137, "weight": 0.01105}, {"source": 118, "target": 141, "weight": 0.003448}, {"source": 118, "target": 144, "weight": 0.105634}, {"source": 118, "target": 145, "weight": 0.029915}, {"source": 119, "target": 124, "weight": 0.028708}, {"source": 119, "target": 128, "weight": 0.298507}, {"source": 119, "target": 139, "weight": 0.009434}, {"source": 120, "target": 124, "weight": 0.004587}, {"source": 120, "target": 136, "weight": 0.002101}, {"source": 120, "target": 139, "weight": 0.009091}, {"source": 121, "target": 133, "weight": 0.186441}, {"source": 121, "target": 134, "weight": 0.01626}, {"source": 121, "target": 136, "weight": 0.013043}, {"source": 121, "target": 139, "weight": 0.010101}, {"source": 121, "target": 141, "weight": 0.004566}, {"source": 121, "target": 145, "weight": 0.005917}, {"source": 122, "target": 135, "weight": 0.030303}, {"source": 123, "target": 131, "weight": 0.010753}, {"source": 124, "target": 128, "weight": 0.015707}, {"source": 124, "target": 137, "weight": 0.07109}, {"source": 124, "target": 131, "weight": 0.041667}, {"source": 124, "target": 134, "weight": 0.004202}, {"source": 124, "target": 141, "weight": 0.003003}, {"source": 124, "target": 144, "weight": 0.005025}, {"source": 127, "target": 136, "weight": 0.008811}, {"source": 127, "target": 137, "weight": 0.009709}, {"source": 127, "target": 141, "weight": 0.014354}, {"source": 128, "target": 131, "weight": 0.010417}, {"source": 128, "target": 132, "weight": 0.01}, {"source": 128, "target": 133, "weight": 0.005128}, {"source": 128, "target": 136, "weight": 0.006682}, {"source": 128, "target": 137, "weight": 0.042553}, {"source": 128, "target": 139, "weight": 0.011765}, {"source": 128, "target": 145, "weight": 0.012987}, {"source": 129, "target": 132, "weight": 0.012658}, {"source": 130, "target": 136, "weight": 0.00232}, {"source": 130, "target": 141, "weight": 0.005405}, {"source": 130, "target": 145, "weight": 0.022556}, {"source": 131, "target": 132, "weight": 0.015385}, {"source": 132, "target": 133, "weight": 0.004348}, {"source": 132, "target": 134, "weight": 0.006897}, {"source": 132, "target": 136, "weight": 0.008282}, {"source": 132, "target": 139, "weight": 0.008333}, {"source": 132, "target": 145, "weight": 0.010582}, {"source": 133, "target": 134, "weight": 0.012605}, {"source": 133, "target": 136, "weight": 0.005181}, {"source": 133, "target": 139, "weight": 0.004651}, {"source": 133, "target": 140, "weight": 0.022599}, {"source": 133, "target": 144, "weight": 0.01}, {"source": 133, "target": 145, "weight": 0.010601}, {"source": 134, "target": 137, "weight": 0.014184}, {"source": 134, "target": 136, "weight": 0.00404}, {"source": 134, "target": 139, "weight": 0.048}, {"source": 136, "target": 143, "weight": 0.002299}, {"source": 136, "target": 137, "weight": 0.004149}, {"source": 136, "target": 141, "weight": 0.108614}, {"source": 136, "target": 145, "weight": 0.020716}, {"source": 137, "target": 139, "weight": 0.026087}, {"source": 141, "target": 143, "weight": 0.005291}, {"source": 141, "target": 145, "weight": 0.006803}, {"source": 144, "target": 145, "weight": 0.018868}], "multigraph": false}