{"directed": false, "graph": {}, "nodes": [{"group": 0, "id": "cute"}, {"group": 1, "id": "curate", "degree": 2}, {"group": 2, "id": "cussed", "degree": 6}, {"group": 3, "id": "customary", "degree": 12}, {"group": 4, "id": "culmination", "degree": 14}, {"group": 5, "id": "cut", "degree": 64}, {"group": 3, "id": "cur"}, {"group": 4, "id": "cup", "degree": 24}, {"group": 5, "id": "cudgel", "degree": 16}, {"group": 2, "id": "cushy"}, {"group": 4, "id": "cue"}, {"group": 6, "id": "cud"}, {"group": 3, "id": "cub", "degree": 3}, {"group": 3, "id": "cutie"}, {"group": 4, "id": "cutter"}, {"group": 3, "id": "cuneiform", "degree": 5}, {"group": 4, "id": "cupola"}, {"group": 1, "id": "custodian"}, {"group": 1, "id": "custodial", "degree": 6}, {"group": 7, "id": "cultural", "degree": 0}, {"group": 5, "id": "cutting"}, {"group": 8, "id": "cupidity", "degree": 0}, {"group": 5, "id": "cushion"}, {"group": 9, "id": "cumulate"}, {"group": 9, "id": "curdle", "degree": 11}, {"group": 1, "id": "curator"}, {"group": 4, "id": "culminating", "degree": 3}, {"group": 6, "id": "cumulus"}, {"group": 3, "id": "cursive"}, {"group": 9, "id": "cumulation", "degree": 6}, {"group": 10, "id": "curtly", "degree": 0}, {"group": 5, "id": "culture", "degree": 21}, {"group": 2, "id": "curious", "degree": 3}, {"group": 4, "id": "curse"}, {"group": 11, "id": "cultism", "degree": 3}, {"group": 11, "id": "curtsy"}, {"group": 3, "id": "current"}, {"group": 12, "id": "cupped", "degree": 3}, {"group": 13, "id": "cubbyhole", "degree": 5}, {"group": 3, "id": "cultist"}, {"group": 5, "id": "cull"}, {"group": 12, "id": "curvaceous", "degree": 5}, {"group": 5, "id": "cushioning"}, {"group": 4, "id": "cuspid"}, {"group": 5, "id": "curtailment", "degree": 7}, {"group": 14, "id": "curable", "degree": 0}, {"group": 11, "id": "cult", "degree": 2}, {"group": 2, "id": "curtailed", "degree": 2}, {"group": 4, "id": "curtness"}, {"group": 2, "id": "cuckoo"}, {"group": 4, "id": "culminate", "degree": 11}, {"group": 15, "id": "cubed", "degree": 0}, {"group": 1, "id": "curative"}, {"group": 5, "id": "curry", "degree": 8}, {"group": 4, "id": "cutoff"}, {"group": 5, "id": "cutup"}, {"group": 4, "id": "cuckoldry"}, {"group": 2, "id": "cursed"}, {"group": 0, "id": "cultured", "degree": 6}, {"group": 0, "id": "cultivated", "degree": 8}, {"group": 13, "id": "cubicle"}, {"group": 1, "id": "custody"}, {"group": 9, "id": "cuticle", "degree": 3}, {"group": 5, "id": "custom"}, {"group": 5, "id": "cultivation", "degree": 5}, {"group": 4, "id": "curtain", "degree": 25}, {"group": 5, "id": "curtail"}, {"group": 4, "id": "curtains", "degree": 8}, {"group": 5, "id": "curriculum", "degree": 4}, {"group": 5, "id": "curried"}, {"group": 9, "id": "cumbersome"}, {"group": 5, "id": "curbstone", "degree": 5}, {"group": 0, "id": "cunning", "degree": 27}, {"group": 3, "id": "customer"}, {"group": 3, "id": "cubehead", "degree": 2}, {"group": 9, "id": "curdled"}, {"group": 2, "id": "cutaneous", "degree": 1}, {"group": 5, "id": "cuddle"}, {"group": 5, "id": "cuff", "degree": 8}, {"group": 4, "id": "culpability", "degree": 2}, {"group": 2, "id": "curt"}, {"group": 9, "id": "currency"}, {"group": 9, "id": "curd", "degree": 4}, {"group": 5, "id": "cure"}, {"group": 5, "id": "curb", "degree": 18}, {"group": 12, "id": "curved", "degree": 3}, {"group": 5, "id": "cultivate", "degree": 14}, {"group": 2, "id": "cursory", "degree": 10}, {"group": 6, "id": "curl", "degree": 18}, {"group": 9, "id": "cumbrous", "degree": 4}, {"group": 5, "id": "cuisine"}, {"group": 4, "id": "cumulative"}, {"group": 5, "id": "cutback", "degree": 12}, {"group": 1, "id": "curacy", "degree": 4}, {"group": 5, "id": "cutthroat", "degree": 8}, {"group": 6, "id": "curlicue"}, {"group": 9, "id": "cupboard"}, {"group": 15, "id": "cubic", "degree": 3}, {"group": 5, "id": "customs", "degree": 3}, {"group": 3, "id": "curiosity"}, {"group": 1, "id": "curing", "degree": 4}, {"group": 5, "id": "culvert", "degree": 1}, {"group": 6, "id": "curve", "degree": 26}, {"group": 4, "id": "cutlery"}, {"group": 12, "id": "curvy"}, {"group": 2, "id": "curio"}], "links": [{"source": 0, "target": 41, "weight": 0.00885}, {"source": 0, "target": 5, "weight": 0.002844}, {"source": 0, "target": 3, "weight": 0.006369}, {"source": 0, "target": 7, "weight": 0.005405}, {"source": 0, "target": 18, "weight": 0.010101}, {"source": 0, "target": 102, "weight": 0.004785}, {"source": 0, "target": 58, "weight": 0.041322}, {"source": 0, "target": 94, "weight": 0.007092}, {"source": 0, "target": 59, "weight": 0.040984}, {"source": 0, "target": 85, "weight": 0.010526}, {"source": 0, "target": 88, "weight": 0.007042}, {"source": 0, "target": 87, "weight": 0.005848}, {"source": 0, "target": 86, "weight": 0.005814}, {"source": 0, "target": 72, "weight": 0.48503}, {"source": 1, "target": 17, "weight": 0.016949}, {"source": 1, "target": 25, "weight": 0.012987}, {"source": 2, "target": 80, "weight": 0.038835}, {"source": 2, "target": 33, "weight": 0.00641}, {"source": 2, "target": 49, "weight": 0.007463}, {"source": 2, "target": 7, "weight": 0.006944}, {"source": 2, "target": 57, "weight": 0.074074}, {"source": 2, "target": 70, "weight": 0.012195}, {"source": 2, "target": 87, "weight": 0.007692}, {"source": 3, "target": 73, "weight": 0.009009}, {"source": 3, "target": 5, "weight": 0.00286}, {"source": 3, "target": 29, "weight": 0.008475}, {"source": 3, "target": 24, "weight": 0.010101}, {"source": 3, "target": 91, "weight": 0.00885}, {"source": 3, "target": 63, "weight": 0.00578}, {"source": 3, "target": 36, "weight": 0.148649}, {"source": 3, "target": 31, "weight": 0.00625}, {"source": 3, "target": 20, "weight": 0.003195}, {"source": 3, "target": 83, "weight": 0.004405}, {"source": 3, "target": 89, "weight": 0.009434}, {"source": 3, "target": 65, "weight": 0.003891}, {"source": 3, "target": 28, "weight": 0.010526}, {"source": 3, "target": 39, "weight": 0.022222}, {"source": 3, "target": 72, "weight": 0.004149}, {"source": 4, "target": 67, "weight": 0.372549}, {"source": 4, "target": 80, "weight": 0.006757}, {"source": 4, "target": 5, "weight": 0.008571}, {"source": 4, "target": 7, "weight": 0.033149}, {"source": 4, "target": 16, "weight": 0.024793}, {"source": 4, "target": 102, "weight": 0.004762}, {"source": 4, "target": 50, "weight": 0.092784}, {"source": 4, "target": 26, "weight": 0.055556}, {"source": 4, "target": 103, "weight": 0.010417}, {"source": 4, "target": 36, "weight": 0.003831}, {"source": 4, "target": 20, "weight": 0.003125}, {"source": 4, "target": 10, "weight": 0.009524}, {"source": 4, "target": 33, "weight": 0.005051}, {"source": 4, "target": 43, "weight": 0.010309}, {"source": 4, "target": 65, "weight": 0.162281}, {"source": 4, "target": 86, "weight": 0.00578}, {"source": 4, "target": 54, "weight": 0.065041}, {"source": 4, "target": 14, "weight": 0.017857}, {"source": 5, "target": 80, "weight": 0.029644}, {"source": 5, "target": 99, "weight": 0.001976}, {"source": 5, "target": 79, "weight": 0.001018}, {"source": 5, "target": 64, "weight": 0.004766}, {"source": 5, "target": 103, "weight": 0.00304}, {"source": 5, "target": 81, "weight": 0.000987}, {"source": 5, "target": 82, "weight": 0.000987}, {"source": 5, "target": 83, "weight": 0.009848}, {"source": 5, "target": 84, "weight": 0.009183}, {"source": 5, "target": 58, "weight": 0.001965}, {"source": 5, "target": 59, "weight": 0.001963}, {"source": 5, "target": 85, "weight": 0.001011}, {"source": 5, "target": 88, "weight": 0.00582}, {"source": 5, "target": 60, "weight": 0.001011}, {"source": 5, "target": 86, "weight": 0.023992}, {"source": 5, "target": 44, "weight": 0.024178}, {"source": 5, "target": 90, "weight": 0.00199}, {"source": 5, "target": 62, "weight": 0.00304}, {"source": 5, "target": 6, "weight": 0.001001}, {"source": 5, "target": 7, "weight": 0.014085}, {"source": 5, "target": 35, "weight": 0.001976}, {"source": 5, "target": 8, "weight": 0.031665}, {"source": 5, "target": 92, "weight": 0.004065}, {"source": 5, "target": 63, "weight": 0.008451}, {"source": 5, "target": 36, "weight": 0.010499}, {"source": 5, "target": 87, "weight": 0.004713}, {"source": 5, "target": 10, "weight": 0.013761}, {"source": 5, "target": 11, "weight": 0.006073}, {"source": 5, "target": 68, "weight": 0.001013}, {"source": 5, "target": 38, "weight": 0.002988}, {"source": 5, "target": 94, "weight": 0.001934}, {"source": 5, "target": 101, "weight": 0.005071}, {"source": 5, "target": 65, "weight": 0.014899}, {"source": 5, "target": 13, "weight": 0.001994}, {"source": 5, "target": 95, "weight": 0.001005}, {"source": 5, "target": 14, "weight": 0.00499}, {"source": 5, "target": 40, "weight": 0.032291}, {"source": 5, "target": 67, "weight": 0.005842}, {"source": 5, "target": 15, "weight": 0.00101}, {"source": 5, "target": 96, "weight": 0.003929}, {"source": 5, "target": 97, "weight": 0.001007}, {"source": 5, "target": 105, "weight": 0.005906}, {"source": 5, "target": 18, "weight": 0.001007}, {"source": 5, "target": 42, "weight": 0.001012}, {"source": 5, "target": 98, "weight": 0.002037}, {"source": 5, "target": 43, "weight": 0.002022}, {"source": 5, "target": 20, "weight": 0.062117}, {"source": 5, "target": 33, "weight": 0.01676}, {"source": 5, "target": 22, "weight": 0.013066}, {"source": 5, "target": 23, "weight": 0.002976}, {"source": 5, "target": 54, "weight": 0.007874}, {"source": 5, "target": 47, "weight": 0.015}, {"source": 5, "target": 72, "weight": 0.003515}, {"source": 5, "target": 73, "weight": 0.002973}, {"source": 5, "target": 66, "weight": 0.056641}, {"source": 5, "target": 49, "weight": 0.001873}, {"source": 5, "target": 31, "weight": 0.024131}, {"source": 5, "target": 24, "weight": 0.005025}, {"source": 5, "target": 102, "weight": 0.012844}, {"source": 5, "target": 50, "weight": 0.002006}, {"source": 5, "target": 77, "weight": 0.001014}, {"source": 5, "target": 78, "weight": 0.016343}, {"source": 5, "target": 28, "weight": 0.002012}, {"source": 5, "target": 29, "weight": 0.006917}, {"source": 5, "target": 53, "weight": 0.004845}, {"source": 6, "target": 65, "weight": 0.004878}, {"source": 6, "target": 12, "weight": 0.017544}, {"source": 7, "target": 31, "weight": 0.005319}, {"source": 7, "target": 20, "weight": 0.00885}, {"source": 7, "target": 84, "weight": 0.008889}, {"source": 7, "target": 32, "weight": 0.00625}, {"source": 7, "target": 88, "weight": 0.018519}, {"source": 7, "target": 86, "weight": 0.005155}, {"source": 7, "target": 37, "weight": 0.00885}, {"source": 7, "target": 10, "weight": 0.00431}, {"source": 7, "target": 38, "weight": 0.015038}, {"source": 7, "target": 65, "weight": 0.017794}, {"source": 7, "target": 66, "weight": 0.004785}, {"source": 7, "target": 14, "weight": 0.007463}, {"source": 7, "target": 67, "weight": 0.03871}, {"source": 7, "target": 16, "weight": 0.066176}, {"source": 7, "target": 43, "weight": 0.008475}, {"source": 7, "target": 33, "weight": 0.013825}, {"source": 7, "target": 54, "weight": 0.006623}, {"source": 7, "target": 71, "weight": 0.008475}, {"source": 7, "target": 72, "weight": 0.003717}, {"source": 7, "target": 102, "weight": 0.017544}, {"source": 7, "target": 50, "weight": 0.016}, {"source": 7, "target": 44, "weight": 0.005376}, {"source": 8, "target": 40, "weight": 0.0125}, {"source": 8, "target": 20, "weight": 0.00369}, {"source": 8, "target": 80, "weight": 0.010101}, {"source": 8, "target": 33, "weight": 0.006711}, {"source": 8, "target": 54, "weight": 0.012346}, {"source": 8, "target": 24, "weight": 0.017544}, {"source": 8, "target": 92, "weight": 0.022222}, {"source": 8, "target": 31, "weight": 0.008475}, {"source": 8, "target": 10, "weight": 0.006173}, {"source": 8, "target": 83, "weight": 0.005405}, {"source": 8, "target": 78, "weight": 0.12766}, {"source": 8, "target": 62, "weight": 0.021277}, {"source": 8, "target": 44, "weight": 0.008621}, {"source": 8, "target": 86, "weight": 0.008065}, {"source": 8, "target": 66, "weight": 0.007194}, {"source": 8, "target": 53, "weight": 0.010638}, {"source": 9, "target": 87, "weight": 0.016807}, {"source": 9, "target": 72, "weight": 0.005102}, {"source": 10, "target": 79, "weight": 0.007407}, {"source": 10, "target": 53, "weight": 0.005291}, {"source": 10, "target": 24, "weight": 0.006579}, {"source": 10, "target": 102, "weight": 0.007843}, {"source": 10, "target": 50, "weight": 0.013333}, {"source": 10, "target": 15, "weight": 0.006993}, {"source": 10, "target": 84, "weight": 0.008}, {"source": 10, "target": 89, "weight": 0.006289}, {"source": 10, "target": 65, "weight": 0.003226}, {"source": 10, "target": 88, "weight": 0.010638}, {"source": 10, "target": 87, "weight": 0.004587}, {"source": 11, "target": 87, "weight": 0.009346}, {"source": 11, "target": 88, "weight": 0.012821}, {"source": 11, "target": 102, "weight": 0.006897}, {"source": 11, "target": 29, "weight": 0.016667}, {"source": 12, "target": 73, "weight": 0.014493}, {"source": 12, "target": 13, "weight": 0.016129}, {"source": 14, "target": 102, "weight": 0.006329}, {"source": 14, "target": 50, "weight": 0.018868}, {"source": 14, "target": 65, "weight": 0.004717}, {"source": 15, "target": 73, "weight": 0.02}, {"source": 15, "target": 91, "weight": 0.019231}, {"source": 15, "target": 20, "weight": 0.003968}, {"source": 15, "target": 28, "weight": 0.029412}, {"source": 16, "target": 102, "weight": 0.018072}, {"source": 16, "target": 38, "weight": 0.014085}, {"source": 16, "target": 65, "weight": 0.004505}, {"source": 16, "target": 88, "weight": 0.030303}, {"source": 16, "target": 72, "weight": 0.004854}, {"source": 17, "target": 84, "weight": 0.006494}, {"source": 17, "target": 88, "weight": 0.01087}, {"source": 17, "target": 18, "weight": 0.020408}, {"source": 18, "target": 25, "weight": 0.014925}, {"source": 18, "target": 22, "weight": 0.009852}, {"source": 18, "target": 65, "weight": 0.005025}, {"source": 18, "target": 61, "weight": 0.014925}, {"source": 18, "target": 72, "weight": 0.005464}, {"source": 20, "target": 31, "weight": 0.009375}, {"source": 20, "target": 84, "weight": 0.011204}, {"source": 20, "target": 58, "weight": 0.003559}, {"source": 20, "target": 59, "weight": 0.003546}, {"source": 20, "target": 88, "weight": 0.006734}, {"source": 20, "target": 87, "weight": 0.003058}, {"source": 20, "target": 86, "weight": 0.009202}, {"source": 20, "target": 92, "weight": 0.012146}, {"source": 20, "target": 64, "weight": 0.009585}, {"source": 20, "target": 94, "weight": 0.024055}, {"source": 20, "target": 65, "weight": 0.002387}, {"source": 20, "target": 67, "weight": 0.003401}, {"source": 20, "target": 68, "weight": 0.004016}, {"source": 20, "target": 44, "weight": 0.077181}, {"source": 20, "target": 100, "weight": 0.003846}, {"source": 20, "target": 72, "weight": 0.007481}, {"source": 20, "target": 24, "weight": 0.011583}, {"source": 20, "target": 102, "weight": 0.005495}, {"source": 20, "target": 50, "weight": 0.003846}, {"source": 20, "target": 78, "weight": 0.007843}, {"source": 20, "target": 29, "weight": 0.021818}, {"source": 22, "target": 62, "weight": 0.005}, {"source": 22, "target": 31, "weight": 0.00369}, {"source": 22, "target": 82, "weight": 0.0181}, {"source": 22, "target": 84, "weight": 0.040268}, {"source": 22, "target": 58, "weight": 0.004348}, {"source": 22, "target": 38, "weight": 0.004608}, {"source": 22, "target": 59, "weight": 0.004329}, {"source": 22, "target": 65, "weight": 0.033613}, {"source": 22, "target": 86, "weight": 0.007246}, {"source": 22, "target": 53, "weight": 0.00813}, {"source": 23, "target": 24, "weight": 0.035088}, {"source": 23, "target": 62, "weight": 0.020833}, {"source": 23, "target": 31, "weight": 0.016949}, {"source": 23, "target": 84, "weight": 0.012821}, {"source": 23, "target": 65, "weight": 0.00463}, {"source": 23, "target": 86, "weight": 0.008}, {"source": 23, "target": 29, "weight": 0.083333}, {"source": 24, "target": 78, "weight": 0.02381}, {"source": 24, "target": 102, "weight": 0.006623}, {"source": 24, "target": 82, "weight": 0.127273}, {"source": 24, "target": 75, "weight": 0.035088}, {"source": 24, "target": 36, "weight": 0.00495}, {"source": 24, "target": 84, "weight": 0.006849}, {"source": 24, "target": 65, "weight": 0.004878}, {"source": 24, "target": 88, "weight": 0.011905}, {"source": 24, "target": 29, "weight": 0.015152}, {"source": 24, "target": 71, "weight": 0.026316}, {"source": 26, "target": 54, "weight": 0.016949}, {"source": 26, "target": 67, "weight": 0.045455}, {"source": 26, "target": 91, "weight": 0.041667}, {"source": 26, "target": 36, "weight": 0.005263}, {"source": 26, "target": 65, "weight": 0.015707}, {"source": 27, "target": 88, "weight": 0.014925}, {"source": 28, "target": 72, "weight": 0.005405}, {"source": 29, "target": 91, "weight": 0.0125}, {"source": 29, "target": 102, "weight": 0.005882}, {"source": 29, "target": 36, "weight": 0.004525}, {"source": 29, "target": 31, "weight": 0.007874}, {"source": 29, "target": 96, "weight": 0.059524}, {"source": 31, "target": 54, "weight": 0.007576}, {"source": 31, "target": 80, "weight": 0.006667}, {"source": 31, "target": 81, "weight": 0.008197}, {"source": 31, "target": 83, "weight": 0.004237}, {"source": 31, "target": 84, "weight": 0.004831}, {"source": 31, "target": 86, "weight": 0.181208}, {"source": 31, "target": 87, "weight": 0.005747}, {"source": 31, "target": 61, "weight": 0.007463}, {"source": 31, "target": 92, "weight": 0.010417}, {"source": 31, "target": 63, "weight": 0.005495}, {"source": 31, "target": 36, "weight": 0.011494}, {"source": 31, "target": 64, "weight": 0.244275}, {"source": 31, "target": 65, "weight": 0.003759}, {"source": 31, "target": 66, "weight": 0.026882}, {"source": 31, "target": 40, "weight": 0.015385}, {"source": 31, "target": 44, "weight": 0.005988}, {"source": 31, "target": 101, "weight": 0.010101}, {"source": 31, "target": 72, "weight": 0.012097}, {"source": 31, "target": 78, "weight": 0.009709}, {"source": 31, "target": 53, "weight": 0.013889}, {"source": 32, "target": 57, "weight": 0.013699}, {"source": 32, "target": 33, "weight": 0.005814}, {"source": 32, "target": 49, "weight": 0.006667}, {"source": 33, "target": 79, "weight": 0.008197}, {"source": 33, "target": 94, "weight": 0.005714}, {"source": 33, "target": 65, "weight": 0.006757}, {"source": 33, "target": 67, "weight": 0.005814}, {"source": 34, "target": 46, "weight": 0.40625}, {"source": 34, "target": 35, "weight": 0.055556}, {"source": 34, "target": 61, "weight": 0.014706}, {"source": 34, "target": 63, "weight": 0.008621}, {"source": 35, "target": 102, "weight": 0.012195}, {"source": 35, "target": 46, "weight": 0.04918}, {"source": 35, "target": 88, "weight": 0.020619}, {"source": 35, "target": 72, "weight": 0.004926}, {"source": 36, "target": 67, "weight": 0.004255}, {"source": 36, "target": 41, "weight": 0.004762}, {"source": 36, "target": 68, "weight": 0.005263}, {"source": 36, "target": 102, "weight": 0.006557}, {"source": 36, "target": 93, "weight": 0.005208}, {"source": 36, "target": 85, "weight": 0.005208}, {"source": 36, "target": 65, "weight": 0.002778}, {"source": 36, "target": 87, "weight": 0.011278}, {"source": 36, "target": 101, "weight": 0.005181}, {"source": 37, "target": 104, "weight": 0.020833}, {"source": 37, "target": 85, "weight": 0.043478}, {"source": 37, "target": 41, "weight": 0.02439}, {"source": 38, "target": 96, "weight": 0.013158}, {"source": 38, "target": 102, "weight": 0.006329}, {"source": 38, "target": 65, "weight": 0.009479}, {"source": 38, "target": 60, "weight": 0.285714}, {"source": 40, "target": 92, "weight": 0.017241}, {"source": 40, "target": 98, "weight": 0.018519}, {"source": 40, "target": 44, "weight": 0.007752}, {"source": 40, "target": 78, "weight": 0.03125}, {"source": 40, "target": 65, "weight": 0.004386}, {"source": 40, "target": 86, "weight": 0.022222}, {"source": 41, "target": 104, "weight": 0.775}, {"source": 41, "target": 63, "weight": 0.007752}, {"source": 41, "target": 85, "weight": 0.352941}, {"source": 41, "target": 72, "weight": 0.005076}, {"source": 42, "target": 44, "weight": 0.010526}, {"source": 43, "target": 102, "weight": 0.007042}, {"source": 43, "target": 50, "weight": 0.027027}, {"source": 43, "target": 65, "weight": 0.005102}, {"source": 44, "target": 54, "weight": 0.031496}, {"source": 44, "target": 80, "weight": 0.013605}, {"source": 44, "target": 92, "weight": 0.130952}, {"source": 44, "target": 64, "weight": 0.00625}, {"source": 44, "target": 84, "weight": 0.089947}, {"source": 44, "target": 61, "weight": 0.007576}, {"source": 44, "target": 65, "weight": 0.003788}, {"source": 44, "target": 78, "weight": 0.009901}, {"source": 44, "target": 66, "weight": 0.05}, {"source": 44, "target": 86, "weight": 0.00578}, {"source": 44, "target": 71, "weight": 0.010309}, {"source": 44, "target": 72, "weight": 0.004032}, {"source": 47, "target": 66, "weight": 0.013986}, {"source": 47, "target": 80, "weight": 0.105263}, {"source": 47, "target": 84, "weight": 0.006211}, {"source": 48, "target": 67, "weight": 0.014085}, {"source": 48, "target": 72, "weight": 0.005556}, {"source": 49, "target": 88, "weight": 0.006494}, {"source": 49, "target": 102, "weight": 0.009091}, {"source": 50, "target": 73, "weight": 0.017241}, {"source": 50, "target": 74, "weight": 0.026316}, {"source": 50, "target": 65, "weight": 0.004902}, {"source": 50, "target": 86, "weight": 0.055556}, {"source": 50, "target": 54, "weight": 0.028986}, {"source": 50, "target": 67, "weight": 0.025641}, {"source": 51, "target": 97, "weight": 0.526316}, {"source": 52, "target": 100, "weight": 0.1}, {"source": 53, "target": 90, "weight": 0.010989}, {"source": 53, "target": 69, "weight": 0.012048}, {"source": 53, "target": 94, "weight": 0.008333}, {"source": 53, "target": 58, "weight": 0.009615}, {"source": 53, "target": 83, "weight": 0.024038}, {"source": 53, "target": 84, "weight": 0.022222}, {"source": 53, "target": 55, "weight": 0.009615}, {"source": 53, "target": 59, "weight": 0.009524}, {"source": 53, "target": 65, "weight": 0.004132}, {"source": 53, "target": 88, "weight": 0.008264}, {"source": 53, "target": 66, "weight": 0.012121}, {"source": 53, "target": 86, "weight": 0.055556}, {"source": 53, "target": 101, "weight": 0.013333}, {"source": 54, "target": 67, "weight": 0.060606}, {"source": 54, "target": 92, "weight": 0.016949}, {"source": 54, "target": 84, "weight": 0.023952}, {"source": 54, "target": 94, "weight": 0.009346}, {"source": 54, "target": 65, "weight": 0.022222}, {"source": 54, "target": 78, "weight": 0.030769}, {"source": 54, "target": 86, "weight": 0.014599}, {"source": 55, "target": 65, "weight": 0.008929}, {"source": 55, "target": 94, "weight": 0.029703}, {"source": 55, "target": 102, "weight": 0.005848}, {"source": 55, "target": 72, "weight": 0.004785}, {"source": 56, "target": 65, "weight": 0.005155}, {"source": 58, "target": 63, "weight": 0.007092}, {"source": 58, "target": 59, "weight": 0.934783}, {"source": 58, "target": 72, "weight": 0.02439}, {"source": 59, "target": 63, "weight": 0.007042}, {"source": 59, "target": 72, "weight": 0.024272}, {"source": 60, "target": 102, "weight": 0.007092}, {"source": 61, "target": 93, "weight": 0.04918}, {"source": 61, "target": 84, "weight": 0.023669}, {"source": 61, "target": 65, "weight": 0.004329}, {"source": 61, "target": 100, "weight": 0.013889}, {"source": 61, "target": 72, "weight": 0.004651}, {"source": 62, "target": 65, "weight": 0.010309}, {"source": 63, "target": 102, "weight": 0.013453}, {"source": 63, "target": 64, "weight": 0.011494}, {"source": 63, "target": 65, "weight": 0.007194}, {"source": 63, "target": 86, "weight": 0.010695}, {"source": 63, "target": 72, "weight": 0.007634}, {"source": 64, "target": 68, "weight": 0.011236}, {"source": 64, "target": 86, "weight": 0.04321}, {"source": 64, "target": 72, "weight": 0.020921}, {"source": 65, "target": 83, "weight": 0.006024}, {"source": 65, "target": 84, "weight": 0.003289}, {"source": 65, "target": 88, "weight": 0.004132}, {"source": 65, "target": 86, "weight": 0.00738}, {"source": 65, "target": 67, "weight": 0.183168}, {"source": 65, "target": 96, "weight": 0.004405}, {"source": 65, "target": 97, "weight": 0.005025}, {"source": 65, "target": 73, "weight": 0.004608}, {"source": 65, "target": 102, "weight": 0.013072}, {"source": 65, "target": 105, "weight": 0.004405}, {"source": 66, "target": 102, "weight": 0.004292}, {"source": 66, "target": 92, "weight": 0.008547}, {"source": 66, "target": 98, "weight": 0.00885}, {"source": 66, "target": 84, "weight": 0.122549}, {"source": 66, "target": 78, "weight": 0.01626}, {"source": 66, "target": 86, "weight": 0.036842}, {"source": 66, "target": 87, "weight": 0.005128}, {"source": 66, "target": 71, "weight": 0.008333}, {"source": 66, "target": 72, "weight": 0.00369}, {"source": 67, "target": 102, "weight": 0.005435}, {"source": 67, "target": 86, "weight": 0.006803}, {"source": 67, "target": 87, "weight": 0.006849}, {"source": 68, "target": 86, "weight": 0.009804}, {"source": 70, "target": 89, "weight": 0.327273}, {"source": 70, "target": 87, "weight": 0.007634}, {"source": 71, "target": 84, "weight": 0.112903}, {"source": 72, "target": 80, "weight": 0.004329}, {"source": 72, "target": 83, "weight": 0.003155}, {"source": 72, "target": 84, "weight": 0.003472}, {"source": 72, "target": 85, "weight": 0.005587}, {"source": 72, "target": 88, "weight": 0.004425}, {"source": 72, "target": 86, "weight": 0.003906}, {"source": 72, "target": 87, "weight": 0.003922}, {"source": 72, "target": 94, "weight": 0.004444}, {"source": 72, "target": 99, "weight": 0.004926}, {"source": 72, "target": 102, "weight": 0.017301}, {"source": 72, "target": 104, "weight": 0.009852}, {"source": 73, "target": 74, "weight": 0.019608}, {"source": 73, "target": 102, "weight": 0.006135}, {"source": 74, "target": 99, "weight": 0.018868}, {"source": 75, "target": 89, "weight": 0.047619}, {"source": 75, "target": 82, "weight": 0.013889}, {"source": 76, "target": 87, "weight": 0.010526}, {"source": 77, "target": 86, "weight": 0.009901}, {"source": 78, "target": 80, "weight": 0.011905}, {"source": 78, "target": 96, "weight": 0.015625}, {"source": 78, "target": 92, "weight": 0.033333}, {"source": 78, "target": 84, "weight": 0.007092}, {"source": 78, "target": 86, "weight": 0.009174}, {"source": 80, "target": 102, "weight": 0.005181}, {"source": 80, "target": 92, "weight": 0.012987}, {"source": 80, "target": 94, "weight": 0.008}, {"source": 80, "target": 88, "weight": 0.007937}, {"source": 80, "target": 87, "weight": 0.019608}, {"source": 80, "target": 86, "weight": 0.00641}, {"source": 81, "target": 82, "weight": 0.013333}, {"source": 83, "target": 93, "weight": 0.0375}, {"source": 83, "target": 84, "weight": 0.00365}, {"source": 83, "target": 86, "weight": 0.025316}, {"source": 83, "target": 100, "weight": 0.023392}, {"source": 84, "target": 90, "weight": 0.006536}, {"source": 84, "target": 92, "weight": 0.015038}, {"source": 84, "target": 96, "weight": 0.005952}, {"source": 84, "target": 102, "weight": 0.008032}, {"source": 84, "target": 105, "weight": 0.005952}, {"source": 85, "target": 104, "weight": 0.292683}, {"source": 85, "target": 102, "weight": 0.007092}, {"source": 85, "target": 88, "weight": 0.013514}, {"source": 86, "target": 87, "weight": 0.005556}, {"source": 86, "target": 92, "weight": 0.009804}, {"source": 87, "target": 89, "weight": 0.008333}, {"source": 87, "target": 97, "weight": 0.018868}, {"source": 87, "target": 105, "weight": 0.014925}, {"source": 88, "target": 96, "weight": 0.009434}, {"source": 88, "target": 102, "weight": 0.219355}, {"source": 88, "target": 95, "weight": 0.306452}, {"source": 93, "target": 100, "weight": 0.027778}, {"source": 94, "target": 99, "weight": 0.010309}, {"source": 95, "target": 102, "weight": 0.013699}, {"source": 96, "target": 102, "weight": 0.00578}, {"source": 102, "target": 104, "weight": 0.012121}], "multigraph": false}