{"directed": false, "graph": {}, "nodes": [{"group": 0, "id": "cyclical", "degree": 0}, {"group": 1, "id": "cynical", "degree": 2}, {"group": 1, "id": "cyclic", "degree": 3}, {"group": 1, "id": "cytoplasm", "degree": 0}, {"group": 1, "id": "cyclonic", "degree": 0}, {"group": 1, "id": "cyanosis", "degree": 2}, {"group": 1, "id": "cynicism", "degree": 0}, {"group": 1, "id": "cyclone"}, {"group": 1, "id": "cyst", "degree": 0}, {"group": 1, "id": "cynic", "degree": 0}, {"group": 1, "id": "cycle"}], "links": [{"source": 0, "target": 2, "weight": 0.061538}, {"source": 1, "target": 10, "weight": 0.006329}, {"source": 1, "target": 9, "weight": 0.052632}, {"source": 2, "target": 4, "weight": 0.02439}, {"source": 2, "target": 10, "weight": 0.012739}, {"source": 5, "target": 7, "weight": 0.037037}, {"source": 5, "target": 8, "weight": 0.037975}], "multigraph": false}