{"directed": false, "graph": {}, "nodes": [{"group": 0, "id": "daintiness"}, {"group": 1, "id": "dance"}, {"group": 3, "id": "datum", "degree": 17}, {"group": 4, "id": "dawdle", "degree": 15}, {"group": 2, "id": "dainty", "degree": 11}, {"group": 1, "id": "dais", "degree": 2}, {"group": 5, "id": "dandruff"}, {"group": 5, "id": "daftness", "degree": 1}, {"group": 2, "id": "dauntless", "degree": 4}, {"group": 1, "id": "dairy"}, {"group": 5, "id": "daze", "degree": 26}, {"group": 0, "id": "dapple"}, {"group": 0, "id": "daedal", "degree": 19}, {"group": 6, "id": "daydreamer", "degree": 4}, {"group": 2, "id": "dandy", "degree": 35}, {"group": 7, "id": "daybook", "degree": 2}, {"group": 5, "id": "dab"}, {"group": 2, "id": "damsel"}, {"group": 5, "id": "dart"}, {"group": 0, "id": "dark", "degree": 21}, {"group": 0, "id": "darn"}, {"group": 1, "id": "dactyl", "degree": 7}, {"group": 2, "id": "dapper", "degree": 4}, {"group": 8, "id": "day"}, {"group": 1, "id": "dare", "degree": 10}, {"group": 3, "id": "daemon"}, {"group": 5, "id": "dampen"}, {"group": 6, "id": "daydream"}, {"group": 5, "id": "damper", "degree": 12}, {"group": 8, "id": "daylight"}, {"group": 0, "id": "damnation", "degree": 5}, {"group": 8, "id": "dawn", "degree": 17}, {"group": 0, "id": "darkness", "degree": 3}, {"group": 9, "id": "dago", "degree": 0}, {"group": 8, "id": "daytime"}, {"group": 2, "id": "darling"}, {"group": 10, "id": "dateless"}, {"group": 11, "id": "dangling", "degree": 3}, {"group": 0, "id": "daunted"}, {"group": 2, "id": "dashing", "degree": 12}, {"group": 4, "id": "dabbler", "degree": 6}, {"group": 4, "id": "dally", "degree": 20}, {"group": 10, "id": "daughter"}, {"group": 10, "id": "dated"}, {"group": 2, "id": "daisy"}, {"group": 0, "id": "darky", "degree": 3}, {"group": 8, "id": "daybreak", "degree": 5}, {"group": 5, "id": "dagger"}, {"group": 1, "id": "danger"}, {"group": 4, "id": "dawdler"}, {"group": 5, "id": "daub", "degree": 19}, {"group": 4, "id": "daffy"}, {"group": 5, "id": "damp"}, {"group": 3, "id": "dangle"}, {"group": 2, "id": "dazzling"}, {"group": 0, "id": "damn", "degree": 5}, {"group": 5, "id": "daunt"}, {"group": 0, "id": "damaging"}, {"group": 10, "id": "dame"}, {"group": 5, "id": "dampness"}, {"group": 11, "id": "dalliance"}, {"group": 11, "id": "dallying", "degree": 7}, {"group": 0, "id": "dado", "degree": 20}, {"group": 5, "id": "darken", "degree": 20}, {"group": 0, "id": "dangerous", "degree": 5}, {"group": 4, "id": "daft"}, {"group": 5, "id": "dank"}, {"group": 0, "id": "dazed"}, {"group": 10, "id": "daddy", "degree": 3}, {"group": 0, "id": "damned"}, {"group": 11, "id": "dawdling", "degree": 3}, {"group": 10, "id": "dad", "degree": 5}, {"group": 12, "id": "dacha", "degree": 0}, {"group": 5, "id": "dash", "degree": 31}, {"group": 2, "id": "dazzler"}, {"group": 5, "id": "darkening", "degree": 8}, {"group": 5, "id": "dazzle", "degree": 26}, {"group": 2, "id": "daring"}, {"group": 0, "id": "dancing"}, {"group": 0, "id": "dashed", "degree": 12}, {"group": 0, "id": "damage", "degree": 24}, {"group": 0, "id": "damages", "degree": 1}, {"group": 5, "id": "dam", "degree": 11}, {"group": 1, "id": "dale", "degree": 4}, {"group": 5, "id": "damnatory"}, {"group": 8, "id": "darkish", "degree": 10}, {"group": 0, "id": "damaged"}, {"group": 0, "id": "damnable"}, {"group": 0, "id": "dappled", "degree": 11}, {"group": 1, "id": "date", "degree": 19}, {"group": 3, "id": "data", "degree": 16}, {"group": 4, "id": "dabble"}, {"group": 7, "id": "daily", "degree": 0}, {"group": 2, "id": "daredevil", "degree": 1}, {"group": 8, "id": "darkened"}, {"group": 1, "id": "daresay"}], "links": [{"source": 0, "target": 79, "weight": 0.010101}, {"source": 0, "target": 80, "weight": 0.005882}, {"source": 0, "target": 30, "weight": 0.010204}, {"source": 0, "target": 4, "weight": 0.011299}, {"source": 1, "target": 14, "weight": 0.005291}, {"source": 1, "target": 62, "weight": 0.005263}, {"source": 1, "target": 63, "weight": 0.005128}, {"source": 1, "target": 82, "weight": 0.009852}, {"source": 1, "target": 76, "weight": 0.019417}, {"source": 1, "target": 50, "weight": 0.003891}, {"source": 1, "target": 10, "weight": 0.021459}, {"source": 1, "target": 28, "weight": 0.00625}, {"source": 1, "target": 89, "weight": 0.211957}, {"source": 1, "target": 21, "weight": 0.021583}, {"source": 1, "target": 41, "weight": 0.006289}, {"source": 1, "target": 90, "weight": 0.004902}, {"source": 1, "target": 73, "weight": 0.015267}, {"source": 1, "target": 24, "weight": 0.006897}, {"source": 2, "target": 73, "weight": 0.006148}, {"source": 2, "target": 25, "weight": 0.01087}, {"source": 2, "target": 63, "weight": 0.006494}, {"source": 2, "target": 47, "weight": 0.009709}, {"source": 2, "target": 77, "weight": 0.005747}, {"source": 2, "target": 16, "weight": 0.014085}, {"source": 2, "target": 90, "weight": 0.504587}, {"source": 2, "target": 53, "weight": 0.01875}, {"source": 2, "target": 18, "weight": 0.006369}, {"source": 2, "target": 50, "weight": 0.00463}, {"source": 2, "target": 29, "weight": 0.028571}, {"source": 2, "target": 46, "weight": 0.012195}, {"source": 2, "target": 4, "weight": 0.009852}, {"source": 2, "target": 11, "weight": 0.010526}, {"source": 2, "target": 95, "weight": 0.009009}, {"source": 2, "target": 31, "weight": 0.009174}, {"source": 2, "target": 23, "weight": 0.008333}, {"source": 3, "target": 70, "weight": 0.014706}, {"source": 3, "target": 73, "weight": 0.004283}, {"source": 3, "target": 91, "weight": 0.052632}, {"source": 3, "target": 26, "weight": 0.005435}, {"source": 3, "target": 60, "weight": 0.013158}, {"source": 3, "target": 82, "weight": 0.014286}, {"source": 3, "target": 49, "weight": 0.407407}, {"source": 3, "target": 53, "weight": 0.014388}, {"source": 3, "target": 16, "weight": 0.005181}, {"source": 3, "target": 50, "weight": 0.005155}, {"source": 3, "target": 52, "weight": 0.004049}, {"source": 3, "target": 28, "weight": 0.020833}, {"source": 3, "target": 40, "weight": 0.028986}, {"source": 3, "target": 41, "weight": 0.293333}, {"source": 3, "target": 61, "weight": 0.022989}, {"source": 4, "target": 45, "weight": 0.007143}, {"source": 4, "target": 46, "weight": 0.007299}, {"source": 4, "target": 29, "weight": 0.006173}, {"source": 4, "target": 31, "weight": 0.006098}, {"source": 4, "target": 52, "weight": 0.006192}, {"source": 4, "target": 54, "weight": 0.006369}, {"source": 4, "target": 81, "weight": 0.00641}, {"source": 4, "target": 35, "weight": 0.044693}, {"source": 4, "target": 12, "weight": 0.034314}, {"source": 4, "target": 14, "weight": 0.025126}, {"source": 4, "target": 16, "weight": 0.003704}, {"source": 4, "target": 37, "weight": 0.00625}, {"source": 4, "target": 18, "weight": 0.004717}, {"source": 4, "target": 38, "weight": 0.013072}, {"source": 4, "target": 39, "weight": 0.019608}, {"source": 4, "target": 22, "weight": 0.025478}, {"source": 4, "target": 90, "weight": 0.004587}, {"source": 4, "target": 19, "weight": 0.00542}, {"source": 4, "target": 64, "weight": 0.005882}, {"source": 4, "target": 66, "weight": 0.007092}, {"source": 5, "target": 73, "weight": 0.002288}, {"source": 5, "target": 10, "weight": 0.014085}, {"source": 5, "target": 24, "weight": 0.019608}, {"source": 5, "target": 23, "weight": 0.014925}, {"source": 6, "target": 50, "weight": 0.006098}, {"source": 6, "target": 75, "weight": 0.025641}, {"source": 6, "target": 63, "weight": 0.009804}, {"source": 6, "target": 80, "weight": 0.006944}, {"source": 6, "target": 10, "weight": 0.006944}, {"source": 7, "target": 10, "weight": 0.007246}, {"source": 8, "target": 14, "weight": 0.010417}, {"source": 8, "target": 77, "weight": 0.060345}, {"source": 8, "target": 73, "weight": 0.002283}, {"source": 8, "target": 93, "weight": 0.051282}, {"source": 8, "target": 39, "weight": 0.020202}, {"source": 8, "target": 24, "weight": 0.019231}, {"source": 9, "target": 89, "weight": 0.007692}, {"source": 10, "target": 47, "weight": 0.006667}, {"source": 10, "target": 50, "weight": 0.003802}, {"source": 10, "target": 29, "weight": 0.013072}, {"source": 10, "target": 30, "weight": 0.005848}, {"source": 10, "target": 31, "weight": 0.00641}, {"source": 10, "target": 76, "weight": 0.531915}, {"source": 10, "target": 32, "weight": 0.019737}, {"source": 10, "target": 78, "weight": 0.006289}, {"source": 10, "target": 79, "weight": 0.005814}, {"source": 10, "target": 52, "weight": 0.016026}, {"source": 10, "target": 53, "weight": 0.014493}, {"source": 10, "target": 34, "weight": 0.007752}, {"source": 10, "target": 23, "weight": 0.012048}, {"source": 10, "target": 55, "weight": 0.005435}, {"source": 10, "target": 56, "weight": 0.006098}, {"source": 10, "target": 11, "weight": 0.004202}, {"source": 10, "target": 13, "weight": 0.013605}, {"source": 10, "target": 85, "weight": 0.007576}, {"source": 10, "target": 18, "weight": 0.014851}, {"source": 10, "target": 19, "weight": 0.016807}, {"source": 10, "target": 20, "weight": 0.006897}, {"source": 10, "target": 21, "weight": 0.006803}, {"source": 10, "target": 90, "weight": 0.004762}, {"source": 10, "target": 35, "weight": 0.005618}, {"source": 10, "target": 24, "weight": 0.006623}, {"source": 10, "target": 73, "weight": 0.03861}, {"source": 10, "target": 62, "weight": 0.005102}, {"source": 10, "target": 63, "weight": 0.091892}, {"source": 10, "target": 26, "weight": 0.016}, {"source": 10, "target": 27, "weight": 0.012739}, {"source": 10, "target": 67, "weight": 0.005208}, {"source": 11, "target": 50, "weight": 0.088235}, {"source": 11, "target": 76, "weight": 0.014423}, {"source": 11, "target": 63, "weight": 0.026042}, {"source": 11, "target": 82, "weight": 0.014778}, {"source": 11, "target": 85, "weight": 0.024}, {"source": 11, "target": 62, "weight": 0.043478}, {"source": 11, "target": 80, "weight": 0.012712}, {"source": 11, "target": 19, "weight": 0.022857}, {"source": 11, "target": 88, "weight": 0.212329}, {"source": 11, "target": 28, "weight": 0.0125}, {"source": 11, "target": 90, "weight": 0.004878}, {"source": 11, "target": 73, "weight": 0.1174}, {"source": 11, "target": 12, "weight": 0.005076}, {"source": 12, "target": 14, "weight": 0.006494}, {"source": 12, "target": 62, "weight": 0.006452}, {"source": 12, "target": 77, "weight": 0.005556}, {"source": 12, "target": 79, "weight": 0.015385}, {"source": 12, "target": 88, "weight": 0.036765}, {"source": 12, "target": 54, "weight": 0.009259}, {"source": 12, "target": 18, "weight": 0.006135}, {"source": 12, "target": 19, "weight": 0.00625}, {"source": 12, "target": 39, "weight": 0.032468}, {"source": 12, "target": 65, "weight": 0.006536}, {"source": 12, "target": 20, "weight": 0.009615}, {"source": 12, "target": 67, "weight": 0.020134}, {"source": 12, "target": 51, "weight": 0.007042}, {"source": 12, "target": 73, "weight": 0.00404}, {"source": 12, "target": 95, "weight": 0.008547}, {"source": 12, "target": 22, "weight": 0.018182}, {"source": 12, "target": 50, "weight": 0.004505}, {"source": 13, "target": 14, "weight": 0.01}, {"source": 13, "target": 27, "weight": 0.306122}, {"source": 13, "target": 50, "weight": 0.005952}, {"source": 13, "target": 44, "weight": 0.023256}, {"source": 13, "target": 74, "weight": 0.02439}, {"source": 13, "target": 95, "weight": 0.015873}, {"source": 14, "target": 46, "weight": 0.012346}, {"source": 14, "target": 47, "weight": 0.009804}, {"source": 14, "target": 17, "weight": 0.009709}, {"source": 14, "target": 54, "weight": 0.030303}, {"source": 14, "target": 50, "weight": 0.004651}, {"source": 14, "target": 29, "weight": 0.009434}, {"source": 14, "target": 74, "weight": 0.047059}, {"source": 14, "target": 31, "weight": 0.009259}, {"source": 14, "target": 77, "weight": 0.00578}, {"source": 14, "target": 52, "weight": 0.003731}, {"source": 14, "target": 53, "weight": 0.0125}, {"source": 14, "target": 80, "weight": 0.005128}, {"source": 14, "target": 81, "weight": 0.01}, {"source": 14, "target": 56, "weight": 0.008621}, {"source": 14, "target": 35, "weight": 0.031496}, {"source": 14, "target": 57, "weight": 0.009709}, {"source": 14, "target": 73, "weight": 0.004098}, {"source": 14, "target": 16, "weight": 0.014151}, {"source": 14, "target": 19, "weight": 0.00639}, {"source": 14, "target": 39, "weight": 0.055556}, {"source": 14, "target": 89, "weight": 0.011173}, {"source": 14, "target": 40, "weight": 0.010989}, {"source": 14, "target": 22, "weight": 0.060606}, {"source": 14, "target": 41, "weight": 0.008547}, {"source": 14, "target": 87, "weight": 0.007937}, {"source": 14, "target": 91, "weight": 0.008333}, {"source": 14, "target": 26, "weight": 0.004878}, {"source": 14, "target": 27, "weight": 0.009091}, {"source": 14, "target": 64, "weight": 0.008772}, {"source": 14, "target": 44, "weight": 0.213333}, {"source": 14, "target": 58, "weight": 0.007576}, {"source": 14, "target": 95, "weight": 0.009091}, {"source": 15, "target": 50, "weight": 0.010753}, {"source": 15, "target": 92, "weight": 0.197531}, {"source": 16, "target": 46, "weight": 0.006757}, {"source": 16, "target": 73, "weight": 0.043071}, {"source": 16, "target": 30, "weight": 0.005263}, {"source": 16, "target": 75, "weight": 0.019355}, {"source": 16, "target": 31, "weight": 0.005714}, {"source": 16, "target": 76, "weight": 0.004274}, {"source": 16, "target": 32, "weight": 0.00578}, {"source": 16, "target": 80, "weight": 0.007663}, {"source": 16, "target": 55, "weight": 0.004926}, {"source": 16, "target": 82, "weight": 0.004367}, {"source": 16, "target": 89, "weight": 0.004049}, {"source": 16, "target": 40, "weight": 0.006329}, {"source": 16, "target": 41, "weight": 0.010929}, {"source": 16, "target": 90, "weight": 0.008772}, {"source": 16, "target": 24, "weight": 0.005882}, {"source": 16, "target": 50, "weight": 0.328638}, {"source": 16, "target": 63, "weight": 0.083333}, {"source": 16, "target": 28, "weight": 0.01087}, {"source": 18, "target": 83, "weight": 0.010526}, {"source": 18, "target": 62, "weight": 0.019355}, {"source": 18, "target": 63, "weight": 0.006173}, {"source": 18, "target": 79, "weight": 0.007519}, {"source": 18, "target": 76, "weight": 0.017241}, {"source": 18, "target": 73, "weight": 0.108889}, {"source": 18, "target": 46, "weight": 0.011111}, {"source": 18, "target": 31, "weight": 0.008547}, {"source": 18, "target": 90, "weight": 0.005848}, {"source": 19, "target": 45, "weight": 0.003984}, {"source": 19, "target": 50, "weight": 0.002618}, {"source": 19, "target": 29, "weight": 0.003663}, {"source": 19, "target": 75, "weight": 0.007813}, {"source": 19, "target": 31, "weight": 0.003636}, {"source": 19, "target": 76, "weight": 0.015152}, {"source": 19, "target": 32, "weight": 0.057915}, {"source": 19, "target": 79, "weight": 0.006897}, {"source": 19, "target": 52, "weight": 0.002299}, {"source": 19, "target": 80, "weight": 0.013966}, {"source": 19, "target": 34, "weight": 0.004032}, {"source": 19, "target": 55, "weight": 0.009967}, {"source": 19, "target": 57, "weight": 0.022642}, {"source": 19, "target": 84, "weight": 0.011236}, {"source": 19, "target": 82, "weight": 0.00304}, {"source": 19, "target": 85, "weight": 0.041322}, {"source": 19, "target": 87, "weight": 0.152941}, {"source": 19, "target": 88, "weight": 0.027304}, {"source": 19, "target": 23, "weight": 0.003497}, {"source": 19, "target": 38, "weight": 0.003774}, {"source": 19, "target": 62, "weight": 0.003175}, {"source": 19, "target": 63, "weight": 0.042208}, {"source": 19, "target": 26, "weight": 0.002688}, {"source": 19, "target": 64, "weight": 0.018051}, {"source": 19, "target": 94, "weight": 0.011811}, {"source": 19, "target": 67, "weight": 0.003215}, {"source": 19, "target": 69, "weight": 0.011628}, {"source": 20, "target": 73, "weight": 0.004566}, {"source": 20, "target": 76, "weight": 0.008547}, {"source": 20, "target": 30, "weight": 0.027778}, {"source": 20, "target": 79, "weight": 0.027397}, {"source": 20, "target": 80, "weight": 0.013889}, {"source": 20, "target": 50, "weight": 0.006061}, {"source": 20, "target": 55, "weight": 0.0875}, {"source": 20, "target": 89, "weight": 0.007692}, {"source": 20, "target": 41, "weight": 0.014925}, {"source": 21, "target": 62, "weight": 0.01}, {"source": 21, "target": 53, "weight": 0.00885}, {"source": 21, "target": 73, "weight": 0.004545}, {"source": 21, "target": 67, "weight": 0.010417}, {"source": 21, "target": 90, "weight": 0.008772}, {"source": 22, "target": 77, "weight": 0.039683}, {"source": 22, "target": 44, "weight": 0.021277}, {"source": 22, "target": 73, "weight": 0.004494}, {"source": 22, "target": 39, "weight": 0.379747}, {"source": 23, "target": 73, "weight": 0.002169}, {"source": 23, "target": 76, "weight": 0.014493}, {"source": 23, "target": 63, "weight": 0.008}, {"source": 23, "target": 85, "weight": 0.017857}, {"source": 23, "target": 46, "weight": 0.038462}, {"source": 23, "target": 89, "weight": 0.047945}, {"source": 23, "target": 31, "weight": 0.094595}, {"source": 24, "target": 73, "weight": 0.011338}, {"source": 24, "target": 62, "weight": 0.009615}, {"source": 24, "target": 77, "weight": 0.007752}, {"source": 24, "target": 48, "weight": 0.046512}, {"source": 24, "target": 82, "weight": 0.008475}, {"source": 24, "target": 50, "weight": 0.005848}, {"source": 24, "target": 39, "weight": 0.009346}, {"source": 24, "target": 89, "weight": 0.007353}, {"source": 24, "target": 95, "weight": 0.030769}, {"source": 25, "target": 73, "weight": 0.002309}, {"source": 25, "target": 90, "weight": 0.009434}, {"source": 26, "target": 62, "weight": 0.004854}, {"source": 26, "target": 63, "weight": 0.054726}, {"source": 26, "target": 82, "weight": 0.018433}, {"source": 26, "target": 80, "weight": 0.007937}, {"source": 26, "target": 76, "weight": 0.018018}, {"source": 26, "target": 88, "weight": 0.005236}, {"source": 26, "target": 28, "weight": 0.053571}, {"source": 26, "target": 31, "weight": 0.006024}, {"source": 26, "target": 41, "weight": 0.011494}, {"source": 26, "target": 73, "weight": 0.080868}, {"source": 26, "target": 50, "weight": 0.014815}, {"source": 27, "target": 50, "weight": 0.005618}, {"source": 27, "target": 75, "weight": 0.018868}, {"source": 28, "target": 91, "weight": 0.010989}, {"source": 28, "target": 63, "weight": 0.008065}, {"source": 28, "target": 47, "weight": 0.013699}, {"source": 28, "target": 82, "weight": 0.046875}, {"source": 28, "target": 59, "weight": 0.020833}, {"source": 28, "target": 53, "weight": 0.007576}, {"source": 28, "target": 80, "weight": 0.006024}, {"source": 28, "target": 73, "weight": 0.00655}, {"source": 28, "target": 66, "weight": 0.017857}, {"source": 28, "target": 56, "weight": 0.011494}, {"source": 28, "target": 41, "weight": 0.022989}, {"source": 28, "target": 90, "weight": 0.007519}, {"source": 28, "target": 52, "weight": 0.076233}, {"source": 29, "target": 76, "weight": 0.016}, {"source": 29, "target": 63, "weight": 0.018018}, {"source": 29, "target": 82, "weight": 0.008264}, {"source": 29, "target": 85, "weight": 0.023256}, {"source": 29, "target": 46, "weight": 0.205882}, {"source": 29, "target": 89, "weight": 0.007194}, {"source": 29, "target": 31, "weight": 0.236364}, {"source": 29, "target": 90, "weight": 0.02521}, {"source": 29, "target": 73, "weight": 0.004474}, {"source": 29, "target": 50, "weight": 0.005747}, {"source": 30, "target": 80, "weight": 0.055215}, {"source": 30, "target": 73, "weight": 0.00431}, {"source": 30, "target": 55, "weight": 0.107843}, {"source": 31, "target": 46, "weight": 0.162162}, {"source": 31, "target": 73, "weight": 0.002222}, {"source": 31, "target": 76, "weight": 0.007813}, {"source": 31, "target": 52, "weight": 0.004367}, {"source": 31, "target": 34, "weight": 0.194444}, {"source": 31, "target": 56, "weight": 0.012987}, {"source": 31, "target": 85, "weight": 0.022222}, {"source": 31, "target": 89, "weight": 0.007092}, {"source": 31, "target": 90, "weight": 0.016393}, {"source": 31, "target": 50, "weight": 0.005682}, {"source": 31, "target": 62, "weight": 0.009174}, {"source": 31, "target": 63, "weight": 0.008772}, {"source": 32, "target": 50, "weight": 0.005747}, {"source": 32, "target": 76, "weight": 0.016}, {"source": 32, "target": 63, "weight": 0.046296}, {"source": 32, "target": 87, "weight": 0.011765}, {"source": 32, "target": 85, "weight": 0.023256}, {"source": 32, "target": 54, "weight": 0.016667}, {"source": 32, "target": 75, "weight": 0.020408}, {"source": 34, "target": 76, "weight": 0.009901}, {"source": 34, "target": 63, "weight": 0.011494}, {"source": 34, "target": 85, "weight": 0.055556}, {"source": 34, "target": 46, "weight": 0.142857}, {"source": 34, "target": 89, "weight": 0.008772}, {"source": 35, "target": 76, "weight": 0.006667}, {"source": 35, "target": 73, "weight": 0.002119}, {"source": 35, "target": 89, "weight": 0.018634}, {"source": 35, "target": 41, "weight": 0.01}, {"source": 36, "target": 89, "weight": 0.007353}, {"source": 36, "target": 71, "weight": 0.016949}, {"source": 37, "target": 79, "weight": 0.012346}, {"source": 37, "target": 61, "weight": 0.030769}, {"source": 37, "target": 64, "weight": 0.014085}, {"source": 37, "target": 52, "weight": 0.004444}, {"source": 38, "target": 79, "weight": 0.013333}, {"source": 38, "target": 88, "weight": 0.011905}, {"source": 39, "target": 77, "weight": 0.126582}, {"source": 39, "target": 78, "weight": 0.017544}, {"source": 39, "target": 53, "weight": 0.006061}, {"source": 39, "target": 54, "weight": 0.009524}, {"source": 39, "target": 44, "weight": 0.010638}, {"source": 39, "target": 73, "weight": 0.012295}, {"source": 39, "target": 93, "weight": 0.021277}, {"source": 40, "target": 91, "weight": 0.048387}, {"source": 40, "target": 49, "weight": 0.051282}, {"source": 40, "target": 65, "weight": 0.011111}, {"source": 40, "target": 67, "weight": 0.011364}, {"source": 40, "target": 89, "weight": 0.008065}, {"source": 40, "target": 51, "weight": 0.012658}, {"source": 40, "target": 41, "weight": 0.050847}, {"source": 41, "target": 70, "weight": 0.016949}, {"source": 41, "target": 49, "weight": 0.015152}, {"source": 41, "target": 73, "weight": 0.006565}, {"source": 41, "target": 51, "weight": 0.009524}, {"source": 41, "target": 78, "weight": 0.012346}, {"source": 41, "target": 52, "weight": 0.008439}, {"source": 41, "target": 53, "weight": 0.015385}, {"source": 41, "target": 65, "weight": 0.008621}, {"source": 41, "target": 60, "weight": 0.014925}, {"source": 41, "target": 82, "weight": 0.015267}, {"source": 41, "target": 61, "weight": 0.012658}, {"source": 41, "target": 89, "weight": 0.013423}, {"source": 41, "target": 90, "weight": 0.007576}, {"source": 41, "target": 50, "weight": 0.005405}, {"source": 41, "target": 91, "weight": 0.22973}, {"source": 41, "target": 67, "weight": 0.008772}, {"source": 42, "target": 71, "weight": 0.019608}, {"source": 42, "target": 82, "weight": 0.009091}, {"source": 42, "target": 68, "weight": 0.029412}, {"source": 43, "target": 71, "weight": 0.013514}, {"source": 44, "target": 89, "weight": 0.016393}, {"source": 45, "target": 87, "weight": 0.015873}, {"source": 46, "target": 50, "weight": 0.006711}, {"source": 46, "target": 90, "weight": 0.010417}, {"source": 47, "target": 73, "weight": 0.00907}, {"source": 48, "target": 83, "weight": 0.037037}, {"source": 48, "target": 73, "weight": 0.002326}, {"source": 48, "target": 80, "weight": 0.007353}, {"source": 49, "target": 73, "weight": 0.002283}, {"source": 49, "target": 61, "weight": 0.017241}, {"source": 50, "target": 73, "weight": 0.044944}, {"source": 50, "target": 75, "weight": 0.019231}, {"source": 50, "target": 76, "weight": 0.008547}, {"source": 50, "target": 77, "weight": 0.004149}, {"source": 50, "target": 52, "weight": 0.018127}, {"source": 50, "target": 53, "weight": 0.008772}, {"source": 50, "target": 80, "weight": 0.007634}, {"source": 50, "target": 84, "weight": 0.005882}, {"source": 50, "target": 82, "weight": 0.004348}, {"source": 50, "target": 91, "weight": 0.032787}, {"source": 50, "target": 88, "weight": 0.004975}, {"source": 50, "target": 90, "weight": 0.004348}, {"source": 50, "target": 62, "weight": 0.009302}, {"source": 50, "target": 63, "weight": 0.138462}, {"source": 51, "target": 73, "weight": 0.002096}, {"source": 52, "target": 62, "weight": 0.003717}, {"source": 52, "target": 63, "weight": 0.05364}, {"source": 52, "target": 82, "weight": 0.021583}, {"source": 52, "target": 61, "weight": 0.004348}, {"source": 52, "target": 80, "weight": 0.006349}, {"source": 52, "target": 76, "weight": 0.017606}, {"source": 52, "target": 88, "weight": 0.003937}, {"source": 52, "target": 73, "weight": 0.07193}, {"source": 52, "target": 75, "weight": 0.004739}, {"source": 53, "target": 76, "weight": 0.011111}, {"source": 53, "target": 90, "weight": 0.017241}, {"source": 53, "target": 73, "weight": 0.026477}, {"source": 55, "target": 87, "weight": 0.045045}, {"source": 55, "target": 76, "weight": 0.00641}, {"source": 55, "target": 80, "weight": 0.039326}, {"source": 55, "target": 73, "weight": 0.008421}, {"source": 55, "target": 69, "weight": 0.064103}, {"source": 56, "target": 76, "weight": 0.007353}, {"source": 56, "target": 63, "weight": 0.025}, {"source": 56, "target": 82, "weight": 0.007634}, {"source": 56, "target": 80, "weight": 0.006098}, {"source": 56, "target": 73, "weight": 0.015487}, {"source": 57, "target": 80, "weight": 0.013333}, {"source": 57, "target": 64, "weight": 0.028986}, {"source": 58, "target": 73, "weight": 0.00211}, {"source": 58, "target": 82, "weight": 0.006803}, {"source": 58, "target": 71, "weight": 0.022989}, {"source": 59, "target": 73, "weight": 0.004785}, {"source": 59, "target": 63, "weight": 0.012048}, {"source": 60, "target": 70, "weight": 0.333333}, {"source": 60, "target": 73, "weight": 0.002278}, {"source": 60, "target": 61, "weight": 0.428571}, {"source": 61, "target": 70, "weight": 0.405405}, {"source": 61, "target": 78, "weight": 0.013699}, {"source": 61, "target": 73, "weight": 0.002217}, {"source": 62, "target": 76, "weight": 0.005952}, {"source": 62, "target": 80, "weight": 0.005102}, {"source": 62, "target": 83, "weight": 0.023256}, {"source": 62, "target": 82, "weight": 0.025}, {"source": 62, "target": 86, "weight": 0.015038}, {"source": 62, "target": 89, "weight": 0.005525}, {"source": 62, "target": 90, "weight": 0.006135}, {"source": 62, "target": 73, "weight": 0.022917}, {"source": 62, "target": 63, "weight": 0.006494}, {"source": 62, "target": 87, "weight": 0.007874}, {"source": 63, "target": 75, "weight": 0.043011}, {"source": 63, "target": 76, "weight": 0.10828}, {"source": 63, "target": 77, "weight": 0.005587}, {"source": 63, "target": 80, "weight": 0.01}, {"source": 63, "target": 84, "weight": 0.009259}, {"source": 63, "target": 82, "weight": 0.005952}, {"source": 63, "target": 85, "weight": 0.022472}, {"source": 63, "target": 91, "weight": 0.024194}, {"source": 63, "target": 88, "weight": 0.007194}, {"source": 63, "target": 90, "weight": 0.005952}, {"source": 63, "target": 73, "weight": 0.039832}, {"source": 63, "target": 66, "weight": 0.010989}, {"source": 64, "target": 86, "weight": 0.01}, {"source": 64, "target": 87, "weight": 0.010753}, {"source": 64, "target": 78, "weight": 0.025974}, {"source": 64, "target": 80, "weight": 0.006173}, {"source": 64, "target": 65, "weight": 0.00885}, {"source": 65, "target": 73, "weight": 0.002049}, {"source": 66, "target": 73, "weight": 0.004695}, {"source": 67, "target": 73, "weight": 0.004124}, {"source": 67, "target": 79, "weight": 0.016667}, {"source": 68, "target": 73, "weight": 0.002336}, {"source": 68, "target": 71, "weight": 0.387097}, {"source": 71, "target": 82, "weight": 0.008475}, {"source": 71, "target": 73, "weight": 0.002247}, {"source": 73, "target": 76, "weight": 0.051546}, {"source": 73, "target": 77, "weight": 0.057377}, {"source": 73, "target": 78, "weight": 0.002208}, {"source": 73, "target": 79, "weight": 0.006466}, {"source": 73, "target": 80, "weight": 0.020873}, {"source": 73, "target": 86, "weight": 0.004219}, {"source": 73, "target": 83, "weight": 0.002336}, {"source": 73, "target": 82, "weight": 0.005976}, {"source": 73, "target": 91, "weight": 0.064368}, {"source": 73, "target": 88, "weight": 0.004219}, {"source": 73, "target": 89, "weight": 0.005769}, {"source": 73, "target": 90, "weight": 0.003976}, {"source": 73, "target": 93, "weight": 0.002309}, {"source": 76, "target": 77, "weight": 0.015707}, {"source": 76, "target": 78, "weight": 0.007634}, {"source": 76, "target": 79, "weight": 0.006944}, {"source": 76, "target": 80, "weight": 0.004651}, {"source": 76, "target": 85, "weight": 0.009615}, {"source": 76, "target": 91, "weight": 0.014388}, {"source": 76, "target": 90, "weight": 0.005495}, {"source": 77, "target": 80, "weight": 0.004525}, {"source": 77, "target": 93, "weight": 0.12381}, {"source": 77, "target": 90, "weight": 0.005319}, {"source": 78, "target": 79, "weight": 0.011364}, {"source": 78, "target": 89, "weight": 0.006944}, {"source": 78, "target": 90, "weight": 0.007937}, {"source": 79, "target": 87, "weight": 0.019608}, {"source": 80, "target": 81, "weight": 0.020548}, {"source": 80, "target": 82, "weight": 0.004762}, {"source": 80, "target": 86, "weight": 0.005525}, {"source": 80, "target": 87, "weight": 0.017442}, {"source": 82, "target": 84, "weight": 0.008547}, {"source": 82, "target": 87, "weight": 0.007092}, {"source": 82, "target": 89, "weight": 0.005128}, {"source": 83, "target": 91, "weight": 0.016949}, {"source": 85, "target": 94, "weight": 0.038462}, {"source": 85, "target": 87, "weight": 0.015873}, {"source": 85, "target": 88, "weight": 0.044118}, {"source": 86, "target": 88, "weight": 0.016949}, {"source": 88, "target": 94, "weight": 0.013333}, {"source": 89, "target": 91, "weight": 0.006536}, {"source": 89, "target": 95, "weight": 0.006993}, {"source": 90, "target": 91, "weight": 0.007407}], "multigraph": false}