{"directed": false, "graph": {}, "nodes": [{"group": 0, "id": "doorstop", "degree": 9}, {"group": 1, "id": "dogged"}, {"group": 2, "id": "doped"}, {"group": 2, "id": "doughy", "degree": 12}, {"group": 3, "id": "dose"}, {"group": 4, "id": "dough"}, {"group": 5, "id": "doorpost", "degree": 13}, {"group": 6, "id": "doss", "degree": 3}, {"group": 4, "id": "downright", "degree": 44}, {"group": 6, "id": "domicile"}, {"group": 6, "id": "dockyard", "degree": 13}, {"group": 7, "id": "doggerel", "degree": 7}, {"group": 8, "id": "doyen"}, {"group": 9, "id": "dolly", "degree": 17}, {"group": 5, "id": "doorjamb", "degree": 10}, {"group": 12, "id": "doxy"}, {"group": 0, "id": "dodge"}, {"group": 9, "id": "do", "degree": 43}, {"group": 10, "id": "doubting", "degree": 3}, {"group": 11, "id": "doodad"}, {"group": 1, "id": "dominant"}, {"group": 8, "id": "dominate", "degree": 12}, {"group": 4, "id": "downpour"}, {"group": 9, "id": "dogie", "degree": 12}, {"group": 9, "id": "dope", "degree": 15}, {"group": 6, "id": "dock", "degree": 33}, {"group": 6, "id": "dockage"}, {"group": 6, "id": "downtime", "degree": 13}, {"group": 0, "id": "docile", "degree": 4}, {"group": 4, "id": "douche", "degree": 15}, {"group": 1, "id": "documented", "degree": 15}, {"group": 10, "id": "doubtful"}, {"group": 6, "id": "domestic", "degree": 5}, {"group": 0, "id": "dogwatch", "degree": 12}, {"group": 0, "id": "doubled", "degree": 2}, {"group": 9, "id": "dobbin"}, {"group": 12, "id": "donna", "degree": 3}, {"group": 1, "id": "dogmatic", "degree": 13}, {"group": 0, "id": "doubles"}, {"group": 4, "id": "downward"}, {"group": 1, "id": "doctrinaire"}, {"group": 0, "id": "doublet", "degree": 4}, {"group": 8, "id": "domain", "degree": 19}, {"group": 13, "id": "doctrine", "degree": 1}, {"group": 9, "id": "doll"}, {"group": 0, "id": "doing", "degree": 25}, {"group": 4, "id": "dotage", "degree": 5}, {"group": 3, "id": "dole", "degree": 39}, {"group": 0, "id": "doings", "degree": 25}, {"group": 7, "id": "doleful", "degree": 3}, {"group": 5, "id": "dogtrot"}, {"group": 4, "id": "doer", "degree": 1}, {"group": 9, "id": "dolt", "degree": 16}, {"group": 6, "id": "dormancy", "degree": 4}, {"group": 2, "id": "dowdy"}, {"group": 14, "id": "dormitory", "degree": 2}, {"group": 9, "id": "doormat", "degree": 7}, {"group": 4, "id": "downturn"}, {"group": 3, "id": "donate", "degree": 13}, {"group": 10, "id": "doting"}, {"group": 6, "id": "dovelike"}, {"group": 3, "id": "dolce"}, {"group": 9, "id": "dogging"}, {"group": 0, "id": "dome"}, {"group": 4, "id": "dodder"}, {"group": 4, "id": "downgrade", "degree": 27}, {"group": 6, "id": "doldrums"}, {"group": 9, "id": "dodger", "degree": 13}, {"group": 3, "id": "donation", "degree": 6}, {"group": 5, "id": "doorway"}, {"group": 8, "id": "dominion"}, {"group": 6, "id": "domesticate", "degree": 20}, {"group": 6, "id": "doze"}, {"group": 1, "id": "documentary", "degree": 14}, {"group": 2, "id": "doltish"}, {"group": 3, "id": "doxology", "degree": 4}, {"group": 0, "id": "doublethink"}, {"group": 1, "id": "dour", "degree": 17}, {"group": 4, "id": "down"}, {"group": 14, "id": "dorm"}, {"group": 4, "id": "done", "degree": 19}, {"group": 3, "id": "dong"}, {"group": 9, "id": "donnybrook"}, {"group": 4, "id": "downhill"}, {"group": 1, "id": "doubtless"}, {"group": 7, "id": "dolorous", "degree": 8}, {"group": 15, "id": "doughboy", "degree": 0}, {"group": 3, "id": "dovetail"}, {"group": 9, "id": "doodle"}, {"group": 13, "id": "dogmatics", "degree": 1}, {"group": 9, "id": "doubt", "degree": 11}, {"group": 4, "id": "douse"}, {"group": 1, "id": "doubtlessly", "degree": 2}, {"group": 1, "id": "dovetailing"}, {"group": 0, "id": "doubling", "degree": 4}, {"group": 9, "id": "downer", "degree": 14}, {"group": 2, "id": "dormant", "degree": 17}, {"group": 3, "id": "dogmatism", "degree": 0}, {"group": 7, "id": "doomed"}, {"group": 12, "id": "dowager"}, {"group": 7, "id": "downhearted"}, {"group": 13, "id": "dogma"}, {"group": 8, "id": "domination"}, {"group": 4, "id": "dote", "degree": 1}, {"group": 8, "id": "don", "degree": 7}, {"group": 3, "id": "doom", "degree": 45}, {"group": 9, "id": "dogmatist"}, {"group": 8, "id": "domineer"}, {"group": 11, "id": "dohickey", "degree": 6}, {"group": 4, "id": "doddering", "degree": 11}, {"group": 3, "id": "dowry"}, {"group": 3, "id": "doubloon"}, {"group": 3, "id": "dossier", "degree": 1}, {"group": 0, "id": "double", "degree": 25}, {"group": 3, "id": "dower", "degree": 8}, {"group": 8, "id": "dodo"}, {"group": 4, "id": "dousing"}, {"group": 0, "id": "dolmen", "degree": 10}, {"group": 9, "id": "donkey", "degree": 14}, {"group": 3, "id": "dollop"}, {"group": 4, "id": "downfall", "degree": 17}, {"group": 4, "id": "dolphin"}, {"group": 2, "id": "downy"}, {"group": 5, "id": "door"}, {"group": 9, "id": "doe", "degree": 8}, {"group": 4, "id": "downdraft", "degree": 4}, {"group": 16, "id": "dozen", "degree": 2}, {"group": 6, "id": "docking"}, {"group": 10, "id": "dotted"}, {"group": 8, "id": "doctor"}, {"group": 6, "id": "domesticated"}, {"group": 16, "id": "dotard"}, {"group": 9, "id": "donor", "degree": 2}, {"group": 2, "id": "dopey", "degree": 16}, {"group": 3, "id": "document", "degree": 25}, {"group": 8, "id": "dominance"}, {"group": 10, "id": "dotty", "degree": 8}, {"group": 11, "id": "dojigger"}, {"group": 6, "id": "downtrodden"}, {"group": 1, "id": "domineering", "degree": 8}, {"group": 9, "id": "dolittle"}, {"group": 17, "id": "doggedly", "degree": 0}, {"group": 9, "id": "dove"}, {"group": 2, "id": "dorsal", "degree": 16}, {"group": 0, "id": "dogleg"}, {"group": 7, "id": "doomful", "degree": 7}, {"group": 7, "id": "downbeat"}, {"group": 7, "id": "downcast", "degree": 11}, {"group": 3, "id": "documentation", "degree": 14}, {"group": 2, "id": "docked"}, {"group": 9, "id": "dog"}, {"group": 6, "id": "dollar"}, {"group": 4, "id": "doff", "degree": 9}, {"group": 3, "id": "dolor"}, {"group": 3, "id": "docket", "degree": 24}, {"group": 3, "id": "dot"}, {"group": 0, "id": "dodging"}], "links": [{"source": 0, "target": 33, "weight": 0.037037}, {"source": 0, "target": 119, "weight": 0.017241}, {"source": 0, "target": 87, "weight": 0.009346}, {"source": 0, "target": 62, "weight": 0.019231}, {"source": 0, "target": 9, "weight": 0.016949}, {"source": 0, "target": 150, "weight": 0.00495}, {"source": 0, "target": 47, "weight": 0.005263}, {"source": 0, "target": 78, "weight": 0.00346}, {"source": 0, "target": 50, "weight": 0.016949}, {"source": 0, "target": 27, "weight": 0.02439}, {"source": 0, "target": 154, "weight": 0.007092}, {"source": 0, "target": 155, "weight": 0.016484}, {"source": 0, "target": 95, "weight": 0.010101}, {"source": 1, "target": 37, "weight": 0.151724}, {"source": 1, "target": 77, "weight": 0.058065}, {"source": 1, "target": 3, "weight": 0.007519}, {"source": 2, "target": 96, "weight": 0.12381}, {"source": 2, "target": 95, "weight": 0.009009}, {"source": 2, "target": 3, "weight": 0.012987}, {"source": 2, "target": 80, "weight": 0.013699}, {"source": 2, "target": 13, "weight": 0.012048}, {"source": 2, "target": 133, "weight": 0.101124}, {"source": 2, "target": 8, "weight": 0.006024}, {"source": 2, "target": 143, "weight": 0.011111}, {"source": 3, "target": 96, "weight": 0.007407}, {"source": 3, "target": 77, "weight": 0.008}, {"source": 3, "target": 54, "weight": 0.028169}, {"source": 3, "target": 149, "weight": 0.010753}, {"source": 3, "target": 31, "weight": 0.006897}, {"source": 3, "target": 5, "weight": 0.00813}, {"source": 3, "target": 133, "weight": 0.008696}, {"source": 3, "target": 37, "weight": 0.007813}, {"source": 3, "target": 74, "weight": 0.014925}, {"source": 3, "target": 143, "weight": 0.028302}, {"source": 4, "target": 17, "weight": 0.011029}, {"source": 4, "target": 118, "weight": 0.011111}, {"source": 4, "target": 134, "weight": 0.007092}, {"source": 4, "target": 45, "weight": 0.006211}, {"source": 4, "target": 125, "weight": 0.014493}, {"source": 4, "target": 114, "weight": 0.011111}, {"source": 4, "target": 42, "weight": 0.015038}, {"source": 4, "target": 47, "weight": 0.069767}, {"source": 4, "target": 25, "weight": 0.004673}, {"source": 4, "target": 48, "weight": 0.007299}, {"source": 4, "target": 80, "weight": 0.01}, {"source": 4, "target": 58, "weight": 0.046729}, {"source": 4, "target": 71, "weight": 0.01}, {"source": 4, "target": 105, "weight": 0.009479}, {"source": 4, "target": 154, "weight": 0.005556}, {"source": 4, "target": 24, "weight": 0.032609}, {"source": 4, "target": 52, "weight": 0.010526}, {"source": 5, "target": 117, "weight": 0.008}, {"source": 5, "target": 118, "weight": 0.009174}, {"source": 5, "target": 67, "weight": 0.007246}, {"source": 5, "target": 120, "weight": 0.006803}, {"source": 5, "target": 147, "weight": 0.009524}, {"source": 5, "target": 80, "weight": 0.008403}, {"source": 5, "target": 65, "weight": 0.006667}, {"source": 5, "target": 30, "weight": 0.008333}, {"source": 5, "target": 8, "weight": 0.004717}, {"source": 6, "target": 123, "weight": 0.338983}, {"source": 6, "target": 88, "weight": 0.00885}, {"source": 6, "target": 63, "weight": 0.017391}, {"source": 6, "target": 10, "weight": 0.014085}, {"source": 6, "target": 25, "weight": 0.005319}, {"source": 6, "target": 69, "weight": 0.588235}, {"source": 6, "target": 26, "weight": 0.013699}, {"source": 6, "target": 50, "weight": 0.013889}, {"source": 6, "target": 20, "weight": 0.006579}, {"source": 6, "target": 14, "weight": 0.9375}, {"source": 6, "target": 8, "weight": 0.005988}, {"source": 6, "target": 154, "weight": 0.006494}, {"source": 6, "target": 155, "weight": 0.005076}, {"source": 7, "target": 9, "weight": 0.057692}, {"source": 7, "target": 47, "weight": 0.005405}, {"source": 7, "target": 25, "weight": 0.005882}, {"source": 7, "target": 72, "weight": 0.08}, {"source": 7, "target": 105, "weight": 0.005952}, {"source": 7, "target": 79, "weight": 0.035714}, {"source": 8, "target": 122, "weight": 0.010929}, {"source": 8, "target": 42, "weight": 0.004673}, {"source": 8, "target": 60, "weight": 0.006024}, {"source": 8, "target": 24, "weight": 0.007463}, {"source": 8, "target": 31, "weight": 0.004274}, {"source": 8, "target": 78, "weight": 0.01995}, {"source": 8, "target": 133, "weight": 0.014851}, {"source": 8, "target": 83, "weight": 0.02454}, {"source": 8, "target": 84, "weight": 0.018182}, {"source": 8, "target": 120, "weight": 0.009662}, {"source": 8, "target": 44, "weight": 0.008696}, {"source": 8, "target": 11, "weight": 0.006098}, {"source": 8, "target": 92, "weight": 0.006667}, {"source": 8, "target": 57, "weight": 0.009756}, {"source": 8, "target": 14, "weight": 0.005988}, {"source": 8, "target": 21, "weight": 0.012048}, {"source": 8, "target": 59, "weight": 0.00495}, {"source": 8, "target": 16, "weight": 0.003571}, {"source": 8, "target": 17, "weight": 0.008523}, {"source": 8, "target": 20, "weight": 0.011719}, {"source": 8, "target": 22, "weight": 0.010256}, {"source": 8, "target": 98, "weight": 0.006757}, {"source": 8, "target": 63, "weight": 0.004505}, {"source": 8, "target": 100, "weight": 0.006289}, {"source": 8, "target": 139, "weight": 0.010811}, {"source": 8, "target": 65, "weight": 0.019231}, {"source": 8, "target": 30, "weight": 0.04}, {"source": 8, "target": 143, "weight": 0.015385}, {"source": 8, "target": 96, "weight": 0.008969}, {"source": 8, "target": 144, "weight": 0.005051}, {"source": 8, "target": 146, "weight": 0.006061}, {"source": 8, "target": 147, "weight": 0.006024}, {"source": 8, "target": 149, "weight": 0.005495}, {"source": 8, "target": 150, "weight": 0.003115}, {"source": 8, "target": 152, "weight": 0.006061}, {"source": 8, "target": 70, "weight": 0.008}, {"source": 8, "target": 113, "weight": 0.002681}, {"source": 8, "target": 37, "weight": 0.018692}, {"source": 8, "target": 80, "weight": 0.022599}, {"source": 8, "target": 39, "weight": 0.022599}, {"source": 8, "target": 40, "weight": 0.011628}, {"source": 8, "target": 73, "weight": 0.033654}, {"source": 8, "target": 74, "weight": 0.012903}, {"source": 9, "target": 17, "weight": 0.003861}, {"source": 9, "target": 58, "weight": 0.010417}, {"source": 9, "target": 45, "weight": 0.006849}, {"source": 9, "target": 27, "weight": 0.015385}, {"source": 9, "target": 32, "weight": 0.018182}, {"source": 9, "target": 10, "weight": 0.024691}, {"source": 9, "target": 47, "weight": 0.00939}, {"source": 9, "target": 25, "weight": 0.020408}, {"source": 9, "target": 48, "weight": 0.008197}, {"source": 9, "target": 71, "weight": 0.075}, {"source": 9, "target": 67, "weight": 0.009615}, {"source": 9, "target": 154, "weight": 0.006061}, {"source": 10, "target": 16, "weight": 0.005435}, {"source": 10, "target": 123, "weight": 0.022989}, {"source": 10, "target": 44, "weight": 0.007407}, {"source": 10, "target": 45, "weight": 0.006897}, {"source": 10, "target": 151, "weight": 0.028571}, {"source": 10, "target": 129, "weight": 0.005988}, {"source": 10, "target": 69, "weight": 0.015873}, {"source": 10, "target": 47, "weight": 0.004695}, {"source": 10, "target": 78, "weight": 0.003205}, {"source": 10, "target": 25, "weight": 0.150289}, {"source": 10, "target": 48, "weight": 0.008264}, {"source": 10, "target": 26, "weight": 0.4}, {"source": 10, "target": 57, "weight": 0.009091}, {"source": 10, "target": 127, "weight": 0.018519}, {"source": 10, "target": 14, "weight": 0.014085}, {"source": 10, "target": 58, "weight": 0.010526}, {"source": 10, "target": 155, "weight": 0.004831}, {"source": 11, "target": 100, "weight": 0.02}, {"source": 11, "target": 77, "weight": 0.009524}, {"source": 11, "target": 147, "weight": 0.017544}, {"source": 11, "target": 78, "weight": 0.003344}, {"source": 11, "target": 57, "weight": 0.010309}, {"source": 11, "target": 74, "weight": 0.021277}, {"source": 11, "target": 143, "weight": 0.011364}, {"source": 12, "target": 17, "weight": 0.008621}, {"source": 12, "target": 139, "weight": 0.015385}, {"source": 12, "target": 67, "weight": 0.012821}, {"source": 12, "target": 104, "weight": 0.057143}, {"source": 12, "target": 21, "weight": 0.021739}, {"source": 13, "target": 117, "weight": 0.019608}, {"source": 13, "target": 100, "weight": 0.013158}, {"source": 13, "target": 118, "weight": 0.011494}, {"source": 13, "target": 113, "weight": 0.00692}, {"source": 13, "target": 44, "weight": 0.128788}, {"source": 13, "target": 35, "weight": 0.014706}, {"source": 13, "target": 23, "weight": 0.007634}, {"source": 13, "target": 24, "weight": 0.044693}, {"source": 13, "target": 62, "weight": 0.011364}, {"source": 13, "target": 150, "weight": 0.004202}, {"source": 13, "target": 63, "weight": 0.007194}, {"source": 13, "target": 78, "weight": 0.003077}, {"source": 13, "target": 71, "weight": 0.010309}, {"source": 13, "target": 65, "weight": 0.007813}, {"source": 13, "target": 57, "weight": 0.00813}, {"source": 13, "target": 95, "weight": 0.346535}, {"source": 13, "target": 52, "weight": 0.01087}, {"source": 14, "target": 123, "weight": 0.338983}, {"source": 14, "target": 50, "weight": 0.013889}, {"source": 14, "target": 88, "weight": 0.00885}, {"source": 14, "target": 63, "weight": 0.017391}, {"source": 14, "target": 25, "weight": 0.005319}, {"source": 14, "target": 69, "weight": 0.588235}, {"source": 14, "target": 26, "weight": 0.013699}, {"source": 14, "target": 20, "weight": 0.006579}, {"source": 14, "target": 154, "weight": 0.006494}, {"source": 14, "target": 155, "weight": 0.005076}, {"source": 15, "target": 36, "weight": 0.047619}, {"source": 16, "target": 42, "weight": 0.009091}, {"source": 16, "target": 75, "weight": 0.005952}, {"source": 16, "target": 45, "weight": 0.033195}, {"source": 16, "target": 47, "weight": 0.006349}, {"source": 16, "target": 48, "weight": 0.036866}, {"source": 16, "target": 133, "weight": 0.004739}, {"source": 16, "target": 53, "weight": 0.011111}, {"source": 16, "target": 58, "weight": 0.005051}, {"source": 16, "target": 17, "weight": 0.022599}, {"source": 16, "target": 18, "weight": 0.005495}, {"source": 16, "target": 24, "weight": 0.003623}, {"source": 16, "target": 25, "weight": 0.003322}, {"source": 16, "target": 28, "weight": 0.005263}, {"source": 16, "target": 105, "weight": 0.003344}, {"source": 16, "target": 96, "weight": 0.004329}, {"source": 16, "target": 108, "weight": 0.006289}, {"source": 16, "target": 33, "weight": 0.013158}, {"source": 16, "target": 113, "weight": 0.038147}, {"source": 16, "target": 124, "weight": 0.005525}, {"source": 16, "target": 71, "weight": 0.005348}, {"source": 16, "target": 37, "weight": 0.004464}, {"source": 16, "target": 67, "weight": 0.009756}, {"source": 17, "target": 118, "weight": 0.003984}, {"source": 17, "target": 75, "weight": 0.004132}, {"source": 17, "target": 45, "weight": 0.028662}, {"source": 17, "target": 121, "weight": 0.004386}, {"source": 17, "target": 42, "weight": 0.00339}, {"source": 17, "target": 47, "weight": 0.007732}, {"source": 17, "target": 78, "weight": 0.004098}, {"source": 17, "target": 48, "weight": 0.023973}, {"source": 17, "target": 80, "weight": 0.007692}, {"source": 17, "target": 58, "weight": 0.011111}, {"source": 17, "target": 152, "weight": 0.008163}, {"source": 17, "target": 52, "weight": 0.003906}, {"source": 17, "target": 87, "weight": 0.003257}, {"source": 17, "target": 129, "weight": 0.01173}, {"source": 17, "target": 82, "weight": 0.003472}, {"source": 17, "target": 88, "weight": 0.010067}, {"source": 17, "target": 91, "weight": 0.003846}, {"source": 17, "target": 93, "weight": 0.004132}, {"source": 17, "target": 94, "weight": 0.007299}, {"source": 17, "target": 134, "weight": 0.01}, {"source": 17, "target": 135, "weight": 0.007576}, {"source": 17, "target": 21, "weight": 0.004032}, {"source": 17, "target": 22, "weight": 0.00361}, {"source": 17, "target": 24, "weight": 0.083333}, {"source": 17, "target": 63, "weight": 0.006623}, {"source": 17, "target": 25, "weight": 0.005348}, {"source": 17, "target": 102, "weight": 0.009677}, {"source": 17, "target": 26, "weight": 0.003846}, {"source": 17, "target": 29, "weight": 0.006826}, {"source": 17, "target": 105, "weight": 0.002681}, {"source": 17, "target": 104, "weight": 0.004202}, {"source": 17, "target": 33, "weight": 0.004405}, {"source": 17, "target": 144, "weight": 0.003584}, {"source": 17, "target": 146, "weight": 0.008163}, {"source": 17, "target": 113, "weight": 0.027088}, {"source": 17, "target": 150, "weight": 0.025445}, {"source": 17, "target": 124, "weight": 0.003922}, {"source": 17, "target": 70, "weight": 0.006042}, {"source": 17, "target": 71, "weight": 0.011583}, {"source": 17, "target": 38, "weight": 0.013043}, {"source": 17, "target": 155, "weight": 0.007853}, {"source": 18, "target": 113, "weight": 0.003636}, {"source": 18, "target": 136, "weight": 0.017699}, {"source": 18, "target": 31, "weight": 0.161017}, {"source": 19, "target": 45, "weight": 0.016807}, {"source": 19, "target": 108, "weight": 0.882353}, {"source": 19, "target": 134, "weight": 0.01}, {"source": 19, "target": 48, "weight": 0.010417}, {"source": 20, "target": 117, "weight": 0.005848}, {"source": 20, "target": 77, "weight": 0.005025}, {"source": 20, "target": 75, "weight": 0.006849}, {"source": 20, "target": 45, "weight": 0.022523}, {"source": 20, "target": 47, "weight": 0.003401}, {"source": 20, "target": 48, "weight": 0.00495}, {"source": 20, "target": 133, "weight": 0.005291}, {"source": 20, "target": 125, "weight": 0.007463}, {"source": 20, "target": 85, "weight": 0.006173}, {"source": 20, "target": 55, "weight": 0.007246}, {"source": 20, "target": 134, "weight": 0.004854}, {"source": 20, "target": 139, "weight": 0.055215}, {"source": 20, "target": 30, "weight": 0.018293}, {"source": 20, "target": 105, "weight": 0.007246}, {"source": 20, "target": 143, "weight": 0.016667}, {"source": 20, "target": 96, "weight": 0.004785}, {"source": 20, "target": 21, "weight": 0.006579}, {"source": 20, "target": 104, "weight": 0.007042}, {"source": 20, "target": 73, "weight": 0.010101}, {"source": 20, "target": 113, "weight": 0.002793}, {"source": 20, "target": 37, "weight": 0.015}, {"source": 20, "target": 154, "weight": 0.004082}, {"source": 21, "target": 105, "weight": 0.005376}, {"source": 21, "target": 104, "weight": 0.019608}, {"source": 21, "target": 129, "weight": 0.006369}, {"source": 21, "target": 60, "weight": 0.016667}, {"source": 21, "target": 24, "weight": 0.012346}, {"source": 21, "target": 44, "weight": 0.008}, {"source": 21, "target": 63, "weight": 0.008621}, {"source": 21, "target": 78, "weight": 0.006645}, {"source": 21, "target": 102, "weight": 0.032787}, {"source": 21, "target": 70, "weight": 0.028169}, {"source": 21, "target": 135, "weight": 0.039474}, {"source": 21, "target": 107, "weight": 0.113208}, {"source": 22, "target": 58, "weight": 0.008772}, {"source": 22, "target": 120, "weight": 0.346939}, {"source": 22, "target": 45, "weight": 0.006098}, {"source": 22, "target": 147, "weight": 0.011236}, {"source": 22, "target": 47, "weight": 0.00431}, {"source": 22, "target": 152, "weight": 0.011364}, {"source": 22, "target": 65, "weight": 0.205357}, {"source": 22, "target": 80, "weight": 0.009709}, {"source": 22, "target": 113, "weight": 0.00678}, {"source": 22, "target": 37, "weight": 0.007143}, {"source": 22, "target": 30, "weight": 0.009615}, {"source": 22, "target": 125, "weight": 0.073529}, {"source": 23, "target": 95, "weight": 0.012658}, {"source": 23, "target": 77, "weight": 0.006452}, {"source": 23, "target": 44, "weight": 0.023669}, {"source": 23, "target": 35, "weight": 0.033333}, {"source": 23, "target": 24, "weight": 0.004762}, {"source": 23, "target": 118, "weight": 0.009009}, {"source": 23, "target": 150, "weight": 0.023346}, {"source": 23, "target": 139, "weight": 0.007874}, {"source": 23, "target": 107, "weight": 0.009524}, {"source": 23, "target": 124, "weight": 0.045045}, {"source": 23, "target": 140, "weight": 0.032609}, {"source": 23, "target": 67, "weight": 0.007143}, {"source": 23, "target": 142, "weight": 0.038462}, {"source": 23, "target": 106, "weight": 0.010309}, {"source": 23, "target": 74, "weight": 0.010309}, {"source": 23, "target": 52, "weight": 0.008621}, {"source": 24, "target": 56, "weight": 0.006452}, {"source": 24, "target": 118, "weight": 0.120805}, {"source": 24, "target": 119, "weight": 0.00578}, {"source": 24, "target": 73, "weight": 0.004762}, {"source": 24, "target": 75, "weight": 0.006369}, {"source": 24, "target": 45, "weight": 0.004219}, {"source": 24, "target": 48, "weight": 0.004695}, {"source": 24, "target": 133, "weight": 0.020305}, {"source": 24, "target": 52, "weight": 0.116883}, {"source": 24, "target": 129, "weight": 0.003861}, {"source": 24, "target": 88, "weight": 0.004651}, {"source": 24, "target": 44, "weight": 0.004405}, {"source": 24, "target": 91, "weight": 0.005714}, {"source": 24, "target": 134, "weight": 0.009259}, {"source": 24, "target": 59, "weight": 0.005051}, {"source": 24, "target": 95, "weight": 0.033654}, {"source": 24, "target": 123, "weight": 0.005556}, {"source": 24, "target": 106, "weight": 0.006579}, {"source": 24, "target": 96, "weight": 0.009132}, {"source": 24, "target": 112, "weight": 0.006757}, {"source": 24, "target": 113, "weight": 0.005435}, {"source": 24, "target": 148, "weight": 0.011111}, {"source": 24, "target": 150, "weight": 0.009524}, {"source": 24, "target": 152, "weight": 0.0125}, {"source": 24, "target": 146, "weight": 0.006211}, {"source": 24, "target": 69, "weight": 0.006452}, {"source": 24, "target": 155, "weight": 0.003344}, {"source": 24, "target": 154, "weight": 0.007843}, {"source": 24, "target": 74, "weight": 0.013245}, {"source": 25, "target": 117, "weight": 0.009709}, {"source": 25, "target": 42, "weight": 0.004255}, {"source": 25, "target": 119, "weight": 0.010152}, {"source": 25, "target": 44, "weight": 0.007968}, {"source": 25, "target": 45, "weight": 0.007663}, {"source": 25, "target": 47, "weight": 0.006079}, {"source": 25, "target": 78, "weight": 0.004673}, {"source": 25, "target": 48, "weight": 0.008439}, {"source": 25, "target": 50, "weight": 0.005025}, {"source": 25, "target": 127, "weight": 0.005848}, {"source": 25, "target": 87, "weight": 0.004049}, {"source": 25, "target": 129, "weight": 0.010638}, {"source": 25, "target": 91, "weight": 0.005}, {"source": 25, "target": 57, "weight": 0.004405}, {"source": 25, "target": 58, "weight": 0.009479}, {"source": 25, "target": 135, "weight": 0.004878}, {"source": 25, "target": 123, "weight": 0.009804}, {"source": 25, "target": 71, "weight": 0.01}, {"source": 25, "target": 63, "weight": 0.008264}, {"source": 25, "target": 102, "weight": 0.003968}, {"source": 25, "target": 26, "weight": 0.142045}, {"source": 25, "target": 65, "weight": 0.035556}, {"source": 25, "target": 113, "weight": 0.002538}, {"source": 25, "target": 149, "weight": 0.009901}, {"source": 25, "target": 150, "weight": 0.008824}, {"source": 25, "target": 69, "weight": 0.005556}, {"source": 25, "target": 70, "weight": 0.00738}, {"source": 25, "target": 153, "weight": 0.005435}, {"source": 25, "target": 154, "weight": 0.010753}, {"source": 25, "target": 155, "weight": 0.012461}, {"source": 26, "target": 45, "weight": 0.006803}, {"source": 26, "target": 47, "weight": 0.004651}, {"source": 26, "target": 48, "weight": 0.00813}, {"source": 26, "target": 80, "weight": 0.011628}, {"source": 26, "target": 58, "weight": 0.010309}, {"source": 27, "target": 66, "weight": 0.108108}, {"source": 27, "target": 53, "weight": 0.068966}, {"source": 27, "target": 146, "weight": 0.019231}, {"source": 27, "target": 113, "weight": 0.003846}, {"source": 27, "target": 47, "weight": 0.005102}, {"source": 27, "target": 78, "weight": 0.00339}, {"source": 27, "target": 65, "weight": 0.010204}, {"source": 27, "target": 71, "weight": 0.014925}, {"source": 27, "target": 72, "weight": 0.027027}, {"source": 27, "target": 105, "weight": 0.005587}, {"source": 27, "target": 64, "weight": 0.02439}, {"source": 27, "target": 155, "weight": 0.005263}, {"source": 27, "target": 107, "weight": 0.019608}, {"source": 28, "target": 38, "weight": 0.016393}, {"source": 28, "target": 129, "weight": 0.00578}, {"source": 28, "target": 34, "weight": 0.034483}, {"source": 28, "target": 93, "weight": 0.014085}, {"source": 29, "target": 56, "weight": 0.010101}, {"source": 29, "target": 123, "weight": 0.008065}, {"source": 29, "target": 50, "weight": 0.008475}, {"source": 29, "target": 88, "weight": 0.012658}, {"source": 29, "target": 121, "weight": 0.011494}, {"source": 29, "target": 150, "weight": 0.003831}, {"source": 29, "target": 116, "weight": 0.011111}, {"source": 29, "target": 59, "weight": 0.007042}, {"source": 29, "target": 78, "weight": 0.002874}, {"source": 29, "target": 47, "weight": 0.004016}, {"source": 29, "target": 103, "weight": 0.010753}, {"source": 29, "target": 65, "weight": 0.013333}, {"source": 29, "target": 58, "weight": 0.007634}, {"source": 29, "target": 129, "weight": 0.009901}, {"source": 29, "target": 155, "weight": 0.020921}, {"source": 29, "target": 91, "weight": 0.100917}, {"source": 30, "target": 84, "weight": 0.027027}, {"source": 30, "target": 100, "weight": 0.014925}, {"source": 30, "target": 120, "weight": 0.008621}, {"source": 30, "target": 45, "weight": 0.006711}, {"source": 30, "target": 147, "weight": 0.013514}, {"source": 30, "target": 78, "weight": 0.035948}, {"source": 30, "target": 65, "weight": 0.008403}, {"source": 30, "target": 139, "weight": 0.010638}, {"source": 30, "target": 57, "weight": 0.008772}, {"source": 30, "target": 37, "weight": 0.016129}, {"source": 30, "target": 80, "weight": 0.011364}, {"source": 30, "target": 39, "weight": 0.011364}, {"source": 30, "target": 73, "weight": 0.366667}, {"source": 30, "target": 83, "weight": 0.013514}, {"source": 31, "target": 77, "weight": 0.005714}, {"source": 31, "target": 105, "weight": 0.003953}, {"source": 31, "target": 145, "weight": 0.019868}, {"source": 31, "target": 113, "weight": 0.021341}, {"source": 31, "target": 90, "weight": 0.007813}, {"source": 31, "target": 136, "weight": 0.00578}, {"source": 31, "target": 109, "weight": 0.03125}, {"source": 31, "target": 143, "weight": 0.006329}, {"source": 32, "target": 96, "weight": 0.009901}, {"source": 32, "target": 60, "weight": 0.047619}, {"source": 32, "target": 129, "weight": 0.007143}, {"source": 32, "target": 71, "weight": 0.017544}, {"source": 32, "target": 47, "weight": 0.005376}, {"source": 32, "target": 133, "weight": 0.012346}, {"source": 32, "target": 138, "weight": 0.055556}, {"source": 32, "target": 130, "weight": 0.060606}, {"source": 33, "target": 119, "weight": 0.02}, {"source": 33, "target": 45, "weight": 0.008772}, {"source": 33, "target": 113, "weight": 0.008163}, {"source": 33, "target": 63, "weight": 0.021277}, {"source": 33, "target": 47, "weight": 0.005495}, {"source": 33, "target": 146, "weight": 0.026316}, {"source": 33, "target": 48, "weight": 0.011111}, {"source": 33, "target": 144, "weight": 0.028571}, {"source": 33, "target": 155, "weight": 0.005682}, {"source": 34, "target": 113, "weight": 0.008065}, {"source": 35, "target": 95, "weight": 0.010417}, {"source": 35, "target": 124, "weight": 0.039216}, {"source": 36, "target": 99, "weight": 0.357143}, {"source": 36, "target": 44, "weight": 0.038095}, {"source": 37, "target": 84, "weight": 0.142857}, {"source": 37, "target": 77, "weight": 0.06}, {"source": 37, "target": 40, "weight": 0.282609}, {"source": 37, "target": 59, "weight": 0.006849}, {"source": 37, "target": 139, "weight": 0.056452}, {"source": 37, "target": 136, "weight": 0.00641}, {"source": 37, "target": 92, "weight": 0.010638}, {"source": 37, "target": 73, "weight": 0.012739}, {"source": 37, "target": 106, "weight": 0.030612}, {"source": 38, "target": 45, "weight": 0.016949}, {"source": 38, "target": 113, "weight": 0.003984}, {"source": 38, "target": 48, "weight": 0.010526}, {"source": 38, "target": 90, "weight": 0.022222}, {"source": 38, "target": 134, "weight": 0.010101}, {"source": 38, "target": 41, "weight": 0.064516}, {"source": 39, "target": 105, "weight": 0.010101}, {"source": 39, "target": 120, "weight": 0.026549}, {"source": 39, "target": 45, "weight": 0.006757}, {"source": 39, "target": 147, "weight": 0.027778}, {"source": 39, "target": 109, "weight": 0.026316}, {"source": 39, "target": 80, "weight": 0.011494}, {"source": 39, "target": 65, "weight": 0.081818}, {"source": 39, "target": 134, "weight": 0.007813}, {"source": 39, "target": 143, "weight": 0.009615}, {"source": 40, "target": 77, "weight": 0.008772}, {"source": 40, "target": 118, "weight": 0.059701}, {"source": 40, "target": 139, "weight": 0.035714}, {"source": 40, "target": 136, "weight": 0.008929}, {"source": 41, "target": 63, "weight": 0.009709}, {"source": 41, "target": 87, "weight": 0.009346}, {"source": 41, "target": 113, "weight": 0.007905}, {"source": 42, "target": 117, "weight": 0.007874}, {"source": 42, "target": 45, "weight": 0.005495}, {"source": 42, "target": 47, "weight": 0.008032}, {"source": 42, "target": 78, "weight": 0.005747}, {"source": 42, "target": 80, "weight": 0.008264}, {"source": 42, "target": 50, "weight": 0.008403}, {"source": 42, "target": 127, "weight": 0.010989}, {"source": 42, "target": 88, "weight": 0.00625}, {"source": 42, "target": 90, "weight": 0.009259}, {"source": 42, "target": 135, "weight": 0.02439}, {"source": 42, "target": 63, "weight": 0.012346}, {"source": 42, "target": 102, "weight": 0.023669}, {"source": 42, "target": 105, "weight": 0.004292}, {"source": 42, "target": 110, "weight": 0.019048}, {"source": 42, "target": 146, "weight": 0.038835}, {"source": 42, "target": 113, "weight": 0.003185}, {"source": 42, "target": 114, "weight": 0.018182}, {"source": 42, "target": 148, "weight": 0.007937}, {"source": 42, "target": 150, "weight": 0.003817}, {"source": 42, "target": 70, "weight": 0.378571}, {"source": 42, "target": 155, "weight": 0.004098}, {"source": 43, "target": 101, "weight": 0.611111}, {"source": 43, "target": 89, "weight": 0.041667}, {"source": 43, "target": 105, "weight": 0.005814}, {"source": 44, "target": 56, "weight": 0.008547}, {"source": 44, "target": 118, "weight": 0.007813}, {"source": 44, "target": 117, "weight": 0.013986}, {"source": 44, "target": 47, "weight": 0.007519}, {"source": 44, "target": 58, "weight": 0.006711}, {"source": 44, "target": 52, "weight": 0.007519}, {"source": 44, "target": 132, "weight": 0.008403}, {"source": 44, "target": 134, "weight": 0.005587}, {"source": 44, "target": 95, "weight": 0.005682}, {"source": 44, "target": 103, "weight": 0.009009}, {"source": 44, "target": 65, "weight": 0.005917}, {"source": 44, "target": 143, "weight": 0.006452}, {"source": 44, "target": 113, "weight": 0.015291}, {"source": 44, "target": 124, "weight": 0.039063}, {"source": 44, "target": 71, "weight": 0.007246}, {"source": 45, "target": 47, "weight": 0.007246}, {"source": 45, "target": 78, "weight": 0.00266}, {"source": 45, "target": 48, "weight": 0.617391}, {"source": 45, "target": 125, "weight": 0.008547}, {"source": 45, "target": 88, "weight": 0.005348}, {"source": 45, "target": 90, "weight": 0.007407}, {"source": 45, "target": 134, "weight": 0.021505}, {"source": 45, "target": 137, "weight": 0.016807}, {"source": 45, "target": 123, "weight": 0.006579}, {"source": 45, "target": 71, "weight": 0.006757}, {"source": 45, "target": 63, "weight": 0.005263}, {"source": 45, "target": 102, "weight": 0.005025}, {"source": 45, "target": 105, "weight": 0.007722}, {"source": 45, "target": 108, "weight": 0.016807}, {"source": 45, "target": 144, "weight": 0.006024}, {"source": 45, "target": 146, "weight": 0.007519}, {"source": 45, "target": 113, "weight": 0.002933}, {"source": 45, "target": 150, "weight": 0.00346}, {"source": 45, "target": 70, "weight": 0.004566}, {"source": 45, "target": 153, "weight": 0.015385}, {"source": 45, "target": 73, "weight": 0.005495}, {"source": 45, "target": 155, "weight": 0.00369}, {"source": 46, "target": 64, "weight": 0.034483}, {"source": 46, "target": 57, "weight": 0.012346}, {"source": 46, "target": 65, "weight": 0.011628}, {"source": 46, "target": 83, "weight": 0.02439}, {"source": 46, "target": 120, "weight": 0.012048}, {"source": 47, "target": 119, "weight": 0.059406}, {"source": 47, "target": 75, "weight": 0.005076}, {"source": 47, "target": 151, "weight": 0.02}, {"source": 47, "target": 78, "weight": 0.004515}, {"source": 47, "target": 65, "weight": 0.004049}, {"source": 47, "target": 48, "weight": 0.003953}, {"source": 47, "target": 58, "weight": 0.181347}, {"source": 47, "target": 120, "weight": 0.004098}, {"source": 47, "target": 87, "weight": 0.003817}, {"source": 47, "target": 129, "weight": 0.013514}, {"source": 47, "target": 88, "weight": 0.003922}, {"source": 47, "target": 55, "weight": 0.005291}, {"source": 47, "target": 90, "weight": 0.004926}, {"source": 47, "target": 57, "weight": 0.004132}, {"source": 47, "target": 134, "weight": 0.011765}, {"source": 47, "target": 144, "weight": 0.004274}, {"source": 47, "target": 95, "weight": 0.007905}, {"source": 47, "target": 68, "weight": 0.073684}, {"source": 47, "target": 79, "weight": 0.005319}, {"source": 47, "target": 110, "weight": 0.015075}, {"source": 47, "target": 105, "weight": 0.018576}, {"source": 47, "target": 111, "weight": 0.005525}, {"source": 47, "target": 113, "weight": 0.002445}, {"source": 47, "target": 114, "weight": 0.014706}, {"source": 47, "target": 148, "weight": 0.004525}, {"source": 47, "target": 149, "weight": 0.004587}, {"source": 47, "target": 150, "weight": 0.005618}, {"source": 47, "target": 70, "weight": 0.006993}, {"source": 47, "target": 153, "weight": 0.010101}, {"source": 47, "target": 154, "weight": 0.010204}, {"source": 47, "target": 155, "weight": 0.148649}, {"source": 48, "target": 78, "weight": 0.002841}, {"source": 48, "target": 123, "weight": 0.007813}, {"source": 48, "target": 82, "weight": 0.006623}, {"source": 48, "target": 88, "weight": 0.006135}, {"source": 48, "target": 134, "weight": 0.012195}, {"source": 48, "target": 137, "weight": 0.010417}, {"source": 48, "target": 71, "weight": 0.008065}, {"source": 48, "target": 63, "weight": 0.006024}, {"source": 48, "target": 102, "weight": 0.005714}, {"source": 48, "target": 105, "weight": 0.004237}, {"source": 48, "target": 108, "weight": 0.010417}, {"source": 48, "target": 144, "weight": 0.007042}, {"source": 48, "target": 146, "weight": 0.009174}, {"source": 48, "target": 113, "weight": 0.003155}, {"source": 48, "target": 70, "weight": 0.005128}, {"source": 48, "target": 153, "weight": 0.018868}, {"source": 48, "target": 155, "weight": 0.004049}, {"source": 49, "target": 100, "weight": 0.037736}, {"source": 49, "target": 85, "weight": 0.520833}, {"source": 49, "target": 77, "weight": 0.018519}, {"source": 49, "target": 146, "weight": 0.016667}, {"source": 49, "target": 145, "weight": 0.035294}, {"source": 50, "target": 96, "weight": 0.007752}, {"source": 50, "target": 120, "weight": 0.00885}, {"source": 50, "target": 95, "weight": 0.00813}, {"source": 50, "target": 52, "weight": 0.0125}, {"source": 51, "target": 78, "weight": 0.003584}, {"source": 52, "target": 56, "weight": 0.016393}, {"source": 52, "target": 118, "weight": 0.327273}, {"source": 52, "target": 133, "weight": 0.009434}, {"source": 52, "target": 113, "weight": 0.003636}, {"source": 52, "target": 88, "weight": 0.016667}, {"source": 52, "target": 150, "weight": 0.004484}, {"source": 52, "target": 59, "weight": 0.019417}, {"source": 52, "target": 140, "weight": 0.037037}, {"source": 52, "target": 67, "weight": 0.009901}, {"source": 52, "target": 142, "weight": 0.045455}, {"source": 52, "target": 106, "weight": 0.017241}, {"source": 52, "target": 74, "weight": 0.017241}, {"source": 53, "target": 66, "weight": 0.122449}, {"source": 53, "target": 72, "weight": 0.019608}, {"source": 54, "target": 80, "weight": 0.014706}, {"source": 54, "target": 67, "weight": 0.011494}, {"source": 54, "target": 136, "weight": 0.01}, {"source": 54, "target": 124, "weight": 0.016129}, {"source": 55, "target": 79, "weight": 0.65}, {"source": 56, "target": 118, "weight": 0.017857}, {"source": 56, "target": 88, "weight": 0.019231}, {"source": 56, "target": 91, "weight": 0.015385}, {"source": 57, "target": 117, "weight": 0.008403}, {"source": 57, "target": 105, "weight": 0.004444}, {"source": 57, "target": 120, "weight": 0.234783}, {"source": 57, "target": 113, "weight": 0.003268}, {"source": 57, "target": 147, "weight": 0.020408}, {"source": 57, "target": 58, "weight": 0.008065}, {"source": 57, "target": 152, "weight": 0.010204}, {"source": 57, "target": 80, "weight": 0.00885}, {"source": 57, "target": 71, "weight": 0.00885}, {"source": 57, "target": 65, "weight": 0.25}, {"source": 57, "target": 95, "weight": 0.006623}, {"source": 57, "target": 143, "weight": 0.007692}, {"source": 58, "target": 78, "weight": 0.003067}, {"source": 58, "target": 87, "weight": 0.006944}, {"source": 58, "target": 120, "weight": 0.007937}, {"source": 58, "target": 134, "weight": 0.007194}, {"source": 58, "target": 68, "weight": 0.075}, {"source": 58, "target": 110, "weight": 0.012048}, {"source": 58, "target": 105, "weight": 0.014423}, {"source": 58, "target": 114, "weight": 0.047059}, {"source": 58, "target": 148, "weight": 0.009709}, {"source": 58, "target": 150, "weight": 0.004184}, {"source": 58, "target": 71, "weight": 0.010204}, {"source": 58, "target": 155, "weight": 0.004525}, {"source": 59, "target": 118, "weight": 0.010101}, {"source": 59, "target": 109, "weight": 0.041667}, {"source": 59, "target": 145, "weight": 0.008264}, {"source": 59, "target": 65, "weight": 0.007143}, {"source": 59, "target": 136, "weight": 0.100775}, {"source": 59, "target": 133, "weight": 0.022901}, {"source": 60, "target": 96, "weight": 0.017241}, {"source": 60, "target": 109, "weight": 0.015873}, {"source": 60, "target": 147, "weight": 0.016949}, {"source": 60, "target": 133, "weight": 0.010309}, {"source": 60, "target": 71, "weight": 0.027778}, {"source": 60, "target": 65, "weight": 0.009615}, {"source": 61, "target": 114, "weight": 0.02381}, {"source": 62, "target": 90, "weight": 0.015385}, {"source": 62, "target": 95, "weight": 0.181818}, {"source": 63, "target": 117, "weight": 0.079365}, {"source": 63, "target": 113, "weight": 0.015723}, {"source": 63, "target": 154, "weight": 0.004785}, {"source": 63, "target": 143, "weight": 0.006849}, {"source": 64, "target": 65, "weight": 0.01087}, {"source": 64, "target": 113, "weight": 0.003937}, {"source": 64, "target": 120, "weight": 0.011236}, {"source": 65, "target": 117, "weight": 0.008065}, {"source": 65, "target": 119, "weight": 0.008696}, {"source": 65, "target": 78, "weight": 0.108626}, {"source": 65, "target": 80, "weight": 0.008475}, {"source": 65, "target": 130, "weight": 0.010526}, {"source": 65, "target": 83, "weight": 0.22093}, {"source": 65, "target": 129, "weight": 0.01}, {"source": 65, "target": 113, "weight": 0.003215}, {"source": 65, "target": 120, "weight": 0.225}, {"source": 65, "target": 144, "weight": 0.007353}, {"source": 65, "target": 91, "weight": 0.026087}, {"source": 65, "target": 123, "weight": 0.008197}, {"source": 65, "target": 153, "weight": 0.009901}, {"source": 65, "target": 100, "weight": 0.010309}, {"source": 65, "target": 110, "weight": 0.009709}, {"source": 65, "target": 107, "weight": 0.009804}, {"source": 65, "target": 147, "weight": 0.019417}, {"source": 65, "target": 114, "weight": 0.009259}, {"source": 65, "target": 149, "weight": 0.008333}, {"source": 65, "target": 116, "weight": 0.022989}, {"source": 65, "target": 152, "weight": 0.009709}, {"source": 65, "target": 71, "weight": 0.017094}, {"source": 65, "target": 154, "weight": 0.005051}, {"source": 65, "target": 155, "weight": 0.008333}, {"source": 67, "target": 87, "weight": 0.006579}, {"source": 67, "target": 150, "weight": 0.012245}, {"source": 67, "target": 124, "weight": 0.01}, {"source": 67, "target": 78, "weight": 0.002994}, {"source": 67, "target": 140, "weight": 0.038961}, {"source": 67, "target": 94, "weight": 0.008333}, {"source": 67, "target": 154, "weight": 0.005376}, {"source": 68, "target": 110, "weight": 0.034483}, {"source": 68, "target": 75, "weight": 0.018182}, {"source": 68, "target": 114, "weight": 0.031746}, {"source": 68, "target": 105, "weight": 0.010811}, {"source": 68, "target": 155, "weight": 0.015385}, {"source": 69, "target": 154, "weight": 0.006849}, {"source": 70, "target": 105, "weight": 0.003704}, {"source": 70, "target": 120, "weight": 0.005376}, {"source": 70, "target": 114, "weight": 0.013605}, {"source": 70, "target": 148, "weight": 0.006135}, {"source": 70, "target": 139, "weight": 0.006098}, {"source": 70, "target": 80, "weight": 0.006329}, {"source": 70, "target": 154, "weight": 0.004202}, {"source": 70, "target": 134, "weight": 0.005025}, {"source": 71, "target": 117, "weight": 0.010753}, {"source": 71, "target": 78, "weight": 0.003175}, {"source": 71, "target": 133, "weight": 0.009009}, {"source": 71, "target": 130, "weight": 0.031746}, {"source": 71, "target": 129, "weight": 0.011834}, {"source": 71, "target": 107, "weight": 0.014085}, {"source": 71, "target": 96, "weight": 0.007634}, {"source": 71, "target": 134, "weight": 0.007813}, {"source": 72, "target": 105, "weight": 0.011905}, {"source": 73, "target": 84, "weight": 0.028302}, {"source": 73, "target": 117, "weight": 0.007874}, {"source": 73, "target": 88, "weight": 0.012579}, {"source": 73, "target": 149, "weight": 0.00813}, {"source": 73, "target": 78, "weight": 0.002865}, {"source": 73, "target": 139, "weight": 0.007874}, {"source": 73, "target": 113, "weight": 0.003185}, {"source": 73, "target": 155, "weight": 0.004098}, {"source": 74, "target": 96, "weight": 0.018868}, {"source": 74, "target": 118, "weight": 0.018868}, {"source": 74, "target": 143, "weight": 0.0125}, {"source": 74, "target": 133, "weight": 0.035294}, {"source": 75, "target": 134, "weight": 0.009174}, {"source": 75, "target": 153, "weight": 0.019608}, {"source": 75, "target": 105, "weight": 0.005556}, {"source": 76, "target": 113, "weight": 0.008065}, {"source": 76, "target": 94, "weight": 0.20339}, {"source": 77, "target": 85, "weight": 0.008475}, {"source": 77, "target": 118, "weight": 0.009009}, {"source": 77, "target": 109, "weight": 0.009009}, {"source": 77, "target": 145, "weight": 0.030769}, {"source": 77, "target": 146, "weight": 0.009434}, {"source": 77, "target": 100, "weight": 0.01}, {"source": 77, "target": 150, "weight": 0.003817}, {"source": 77, "target": 78, "weight": 0.002865}, {"source": 77, "target": 139, "weight": 0.024}, {"source": 77, "target": 147, "weight": 0.009346}, {"source": 77, "target": 106, "weight": 0.010309}, {"source": 77, "target": 143, "weight": 0.007246}, {"source": 78, "target": 117, "weight": 0.00625}, {"source": 78, "target": 120, "weight": 0.081761}, {"source": 78, "target": 147, "weight": 0.078571}, {"source": 78, "target": 80, "weight": 0.029316}, {"source": 78, "target": 133, "weight": 0.011905}, {"source": 78, "target": 152, "weight": 0.003333}, {"source": 78, "target": 85, "weight": 0.006431}, {"source": 78, "target": 113, "weight": 0.001969}, {"source": 78, "target": 95, "weight": 0.002833}, {"source": 78, "target": 139, "weight": 0.00625}, {"source": 78, "target": 104, "weight": 0.003425}, {"source": 78, "target": 105, "weight": 0.002342}, {"source": 78, "target": 143, "weight": 0.006042}, {"source": 78, "target": 96, "weight": 0.011236}, {"source": 78, "target": 109, "weight": 0.009901}, {"source": 78, "target": 145, "weight": 0.012346}, {"source": 78, "target": 148, "weight": 0.003125}, {"source": 78, "target": 124, "weight": 0.003236}, {"source": 78, "target": 154, "weight": 0.005076}, {"source": 80, "target": 120, "weight": 0.008696}, {"source": 80, "target": 133, "weight": 0.027523}, {"source": 80, "target": 83, "weight": 0.013699}, {"source": 80, "target": 100, "weight": 0.015152}, {"source": 80, "target": 93, "weight": 0.014706}, {"source": 80, "target": 96, "weight": 0.023256}, {"source": 80, "target": 146, "weight": 0.013889}, {"source": 80, "target": 147, "weight": 0.027778}, {"source": 80, "target": 150, "weight": 0.004386}, {"source": 81, "target": 105, "weight": 0.005814}, {"source": 82, "target": 90, "weight": 0.009901}, {"source": 82, "target": 95, "weight": 0.013245}, {"source": 83, "target": 109, "weight": 0.032258}, {"source": 83, "target": 120, "weight": 0.0625}, {"source": 83, "target": 147, "weight": 0.052632}, {"source": 83, "target": 152, "weight": 0.017241}, {"source": 84, "target": 92, "weight": 0.25}, {"source": 85, "target": 100, "weight": 0.032258}, {"source": 85, "target": 145, "weight": 0.021053}, {"source": 85, "target": 146, "weight": 0.014493}, {"source": 85, "target": 147, "weight": 0.014286}, {"source": 85, "target": 153, "weight": 0.014925}, {"source": 87, "target": 113, "weight": 0.006154}, {"source": 87, "target": 148, "weight": 0.007246}, {"source": 87, "target": 154, "weight": 0.014218}, {"source": 88, "target": 118, "weight": 0.017391}, {"source": 88, "target": 154, "weight": 0.004854}, {"source": 88, "target": 125, "weight": 0.010526}, {"source": 88, "target": 148, "weight": 0.007634}, {"source": 88, "target": 113, "weight": 0.015873}, {"source": 88, "target": 134, "weight": 0.012048}, {"source": 89, "target": 105, "weight": 0.006135}, {"source": 90, "target": 145, "weight": 0.011628}, {"source": 90, "target": 150, "weight": 0.004651}, {"source": 90, "target": 155, "weight": 0.005076}, {"source": 90, "target": 95, "weight": 0.008929}, {"source": 91, "target": 96, "weight": 0.015504}, {"source": 91, "target": 113, "weight": 0.003584}, {"source": 91, "target": 120, "weight": 0.026786}, {"source": 91, "target": 152, "weight": 0.058824}, {"source": 91, "target": 133, "weight": 0.009091}, {"source": 92, "target": 93, "weight": 0.026316}, {"source": 94, "target": 144, "weight": 0.016949}, {"source": 94, "target": 113, "weight": 0.072727}, {"source": 94, "target": 150, "weight": 0.004132}, {"source": 95, "target": 117, "weight": 0.007634}, {"source": 95, "target": 102, "weight": 0.011429}, {"source": 95, "target": 135, "weight": 0.007752}, {"source": 95, "target": 100, "weight": 0.009615}, {"source": 95, "target": 139, "weight": 0.007634}, {"source": 95, "target": 105, "weight": 0.008475}, {"source": 95, "target": 150, "weight": 0.007547}, {"source": 95, "target": 153, "weight": 0.018692}, {"source": 96, "target": 122, "weight": 0.007407}, {"source": 96, "target": 133, "weight": 0.56}, {"source": 96, "target": 123, "weight": 0.007407}, {"source": 96, "target": 130, "weight": 0.018692}, {"source": 96, "target": 100, "weight": 0.009091}, {"source": 96, "target": 143, "weight": 0.013605}, {"source": 96, "target": 109, "weight": 0.016667}, {"source": 96, "target": 110, "weight": 0.008621}, {"source": 96, "target": 147, "weight": 0.017241}, {"source": 96, "target": 114, "weight": 0.008264}, {"source": 97, "target": 105, "weight": 0.005952}, {"source": 98, "target": 145, "weight": 0.030303}, {"source": 100, "target": 145, "weight": 0.025974}, {"source": 100, "target": 147, "weight": 0.558824}, {"source": 100, "target": 120, "weight": 0.010638}, {"source": 100, "target": 133, "weight": 0.011111}, {"source": 100, "target": 143, "weight": 0.012048}, {"source": 101, "target": 105, "weight": 0.005988}, {"source": 102, "target": 120, "weight": 0.012121}, {"source": 102, "target": 114, "weight": 0.007813}, {"source": 102, "target": 139, "weight": 0.035714}, {"source": 102, "target": 105, "weight": 0.008032}, {"source": 102, "target": 154, "weight": 0.004587}, {"source": 104, "target": 129, "weight": 0.129771}, {"source": 104, "target": 113, "weight": 0.007813}, {"source": 104, "target": 115, "weight": 0.025641}, {"source": 105, "target": 117, "weight": 0.009804}, {"source": 105, "target": 119, "weight": 0.005102}, {"source": 105, "target": 129, "weight": 0.007117}, {"source": 105, "target": 120, "weight": 0.00885}, {"source": 105, "target": 134, "weight": 0.004167}, {"source": 105, "target": 135, "weight": 0.009901}, {"source": 105, "target": 123, "weight": 0.004926}, {"source": 105, "target": 144, "weight": 0.004608}, {"source": 105, "target": 110, "weight": 0.005435}, {"source": 105, "target": 113, "weight": 0.002551}, {"source": 105, "target": 114, "weight": 0.005291}, {"source": 105, "target": 148, "weight": 0.004902}, {"source": 105, "target": 150, "weight": 0.011869}, {"source": 105, "target": 116, "weight": 0.011905}, {"source": 105, "target": 152, "weight": 0.005435}, {"source": 105, "target": 153, "weight": 0.016667}, {"source": 105, "target": 154, "weight": 0.003584}, {"source": 105, "target": 155, "weight": 0.006231}, {"source": 106, "target": 118, "weight": 0.255814}, {"source": 107, "target": 124, "weight": 0.015385}, {"source": 108, "target": 137, "weight": 0.882353}, {"source": 108, "target": 134, "weight": 0.01}, {"source": 109, "target": 131, "weight": 0.020408}, {"source": 109, "target": 133, "weight": 0.02}, {"source": 109, "target": 143, "weight": 0.010638}, {"source": 110, "target": 114, "weight": 0.8}, {"source": 111, "target": 134, "weight": 0.010753}, {"source": 112, "target": 134, "weight": 0.174419}, {"source": 112, "target": 154, "weight": 0.12}, {"source": 112, "target": 148, "weight": 0.031746}, {"source": 113, "target": 118, "weight": 0.003704}, {"source": 113, "target": 120, "weight": 0.003247}, {"source": 113, "target": 116, "weight": 0.004}, {"source": 113, "target": 129, "weight": 0.00831}, {"source": 113, "target": 134, "weight": 0.012579}, {"source": 113, "target": 123, "weight": 0.003521}, {"source": 113, "target": 144, "weight": 0.15}, {"source": 113, "target": 142, "weight": 0.003759}, {"source": 113, "target": 146, "weight": 0.003774}, {"source": 113, "target": 148, "weight": 0.010601}, {"source": 113, "target": 149, "weight": 0.003546}, {"source": 113, "target": 150, "weight": 0.00716}, {"source": 113, "target": 155, "weight": 0.007481}, {"source": 113, "target": 154, "weight": 0.002778}, {"source": 113, "target": 156, "weight": 0.003937}, {"source": 114, "target": 135, "weight": 0.012346}, {"source": 114, "target": 155, "weight": 0.041451}, {"source": 115, "target": 148, "weight": 0.014925}, {"source": 116, "target": 117, "weight": 0.015873}, {"source": 117, "target": 154, "weight": 0.017544}, {"source": 117, "target": 148, "weight": 0.010204}, {"source": 117, "target": 150, "weight": 0.004274}, {"source": 118, "target": 124, "weight": 0.014085}, {"source": 118, "target": 150, "weight": 0.004587}, {"source": 118, "target": 133, "weight": 0.009901}, {"source": 119, "target": 154, "weight": 0.006098}, {"source": 119, "target": 134, "weight": 0.008}, {"source": 120, "target": 135, "weight": 0.008403}, {"source": 120, "target": 123, "weight": 0.016949}, {"source": 120, "target": 144, "weight": 0.007519}, {"source": 120, "target": 147, "weight": 0.02}, {"source": 120, "target": 152, "weight": 0.01}, {"source": 120, "target": 155, "weight": 0.004202}, {"source": 122, "target": 133, "weight": 0.008696}, {"source": 122, "target": 143, "weight": 0.018692}, {"source": 123, "target": 154, "weight": 0.005848}, {"source": 124, "target": 150, "weight": 0.02765}, {"source": 124, "target": 139, "weight": 0.011494}, {"source": 125, "target": 134, "weight": 0.010309}, {"source": 126, "target": 131, "weight": 0.181818}, {"source": 126, "target": 155, "weight": 0.005682}, {"source": 128, "target": 136, "weight": 0.2125}, {"source": 129, "target": 134, "weight": 0.004739}, {"source": 129, "target": 154, "weight": 0.004}, {"source": 130, "target": 147, "weight": 0.040816}, {"source": 130, "target": 133, "weight": 0.011364}, {"source": 132, "target": 142, "weight": 0.018519}, {"source": 133, "target": 143, "weight": 0.015748}, {"source": 133, "target": 147, "weight": 0.010309}, {"source": 133, "target": 136, "weight": 0.006993}, {"source": 134, "target": 137, "weight": 0.01}, {"source": 134, "target": 143, "weight": 0.006897}, {"source": 134, "target": 148, "weight": 0.03876}, {"source": 134, "target": 154, "weight": 0.088542}, {"source": 135, "target": 139, "weight": 0.010309}, {"source": 135, "target": 154, "weight": 0.005848}, {"source": 136, "target": 144, "weight": 0.007299}, {"source": 143, "target": 147, "weight": 0.011111}, {"source": 143, "target": 149, "weight": 0.009434}, {"source": 143, "target": 150, "weight": 0.004082}, {"source": 145, "target": 146, "weight": 0.024096}, {"source": 145, "target": 147, "weight": 0.02381}, {"source": 146, "target": 147, "weight": 0.017241}, {"source": 148, "target": 154, "weight": 0.08125}, {"source": 148, "target": 155, "weight": 0.014085}, {"source": 149, "target": 154, "weight": 0.005917}, {"source": 150, "target": 154, "weight": 0.006515}, {"source": 152, "target": 155, "weight": 0.005128}, {"source": 153, "target": 154, "weight": 0.006667}, {"source": 154, "target": 155, "weight": 0.031915}], "multigraph": false}