{"directed": false, "graph": {}, "nodes": [{"group": 0, "id": "drunken"}, {"group": 1, "id": "drying", "degree": 5}, {"group": 2, "id": "dryasdust"}, {"group": 3, "id": "droppings", "degree": 1}, {"group": 4, "id": "drawbridge"}, {"group": 5, "id": "dreamer"}, {"group": 2, "id": "dreadful"}, {"group": 6, "id": "drumbeat"}, {"group": 4, "id": "draughtsman", "degree": 2}, {"group": 4, "id": "dramatize"}, {"group": 3, "id": "dross", "degree": 14}, {"group": 2, "id": "dreadfully", "degree": 2}, {"group": 4, "id": "dressing", "degree": 22}, {"group": 7, "id": "drowsiness", "degree": 11}, {"group": 5, "id": "dreamy", "degree": 11}, {"group": 8, "id": "drunkard"}, {"group": 6, "id": "droning", "degree": 7}, {"group": 6, "id": "dramatic"}, {"group": 2, "id": "draggled", "degree": 7}, {"group": 5, "id": "drugged"}, {"group": 9, "id": "drop", "degree": 78}, {"group": 4, "id": "drake"}, {"group": 6, "id": "droll", "degree": 5}, {"group": 1, "id": "drainage", "degree": 15}, {"group": 5, "id": "dreamworld"}, {"group": 4, "id": "drier"}, {"group": 0, "id": "drenching"}, {"group": 4, "id": "driveway", "degree": 7}, {"group": 6, "id": "drizzle", "degree": 20}, {"group": 6, "id": "driving", "degree": 14}, {"group": 0, "id": "drenched", "degree": 13}, {"group": 4, "id": "dramatics", "degree": 9}, {"group": 4, "id": "drover"}, {"group": 2, "id": "drooping"}, {"group": 7, "id": "drudge"}, {"group": 8, "id": "drawn"}, {"group": 6, "id": "drawl", "degree": 19}, {"group": 5, "id": "drowse"}, {"group": 8, "id": "drifting", "degree": 8}, {"group": 4, "id": "driver"}, {"group": 7, "id": "drudgery", "degree": 17}, {"group": 4, "id": "druthers", "degree": 5}, {"group": 6, "id": "dramatist"}, {"group": 5, "id": "drowsy", "degree": 9}, {"group": 2, "id": "dry", "degree": 35}, {"group": 6, "id": "drumming"}, {"group": 6, "id": "drum", "degree": 32}, {"group": 6, "id": "drub"}, {"group": 3, "id": "drivel", "degree": 8}, {"group": 2, "id": "drug", "degree": 16}, {"group": 4, "id": "drama"}, {"group": 5, "id": "dreamlike"}, {"group": 0, "id": "drunk"}, {"group": 9, "id": "drown"}, {"group": 8, "id": "drifter", "degree": 7}, {"group": 0, "id": "drowned"}, {"group": 5, "id": "dreaming"}, {"group": 4, "id": "drove"}, {"group": 2, "id": "droopy"}, {"group": 4, "id": "droop", "degree": 23}, {"group": 1, "id": "drafting", "degree": 15}, {"group": 9, "id": "draft"}, {"group": 6, "id": "drumstick", "degree": 4}, {"group": 9, "id": "drench"}, {"group": 10, "id": "draper", "degree": 0}, {"group": 8, "id": "dropout", "degree": 2}, {"group": 2, "id": "dreary", "degree": 22}, {"group": 2, "id": "drain"}, {"group": 7, "id": "drunkenness"}, {"group": 3, "id": "drool"}, {"group": 9, "id": "dribble"}, {"group": 2, "id": "dromedary"}, {"group": 4, "id": "dredge"}, {"group": 4, "id": "droit", "degree": 3}, {"group": 4, "id": "drill"}, {"group": 3, "id": "dregs", "degree": 20}, {"group": 2, "id": "dried", "degree": 2}, {"group": 7, "id": "dropsy", "degree": 12}, {"group": 4, "id": "drive", "degree": 53}, {"group": 4, "id": "drawer", "degree": 5}, {"group": 1, "id": "draining"}, {"group": 4, "id": "dress", "degree": 31}, {"group": 7, "id": "dryness", "degree": 3}, {"group": 9, "id": "drypoint"}, {"group": 2, "id": "drained"}, {"group": 4, "id": "draggle", "degree": 33}, {"group": 5, "id": "drafty"}, {"group": 7, "id": "drawback"}, {"group": 4, "id": "drapery", "degree": 14}, {"group": 4, "id": "draw", "degree": 27}, {"group": 1, "id": "drayage"}, {"group": 9, "id": "draught", "degree": 4}, {"group": 9, "id": "drink", "degree": 34}, {"group": 4, "id": "drift", "degree": 45}, {"group": 4, "id": "dragnet", "degree": 12}, {"group": 6, "id": "dragoon"}, {"group": 4, "id": "drag"}, {"group": 2, "id": "drab", "degree": 18}, {"group": 9, "id": "dram"}, {"group": 6, "id": "drastic"}, {"group": 7, "id": "drought", "degree": 5}, {"group": 9, "id": "droplet"}, {"group": 4, "id": "drape", "degree": 19}, {"group": 9, "id": "driblet"}, {"group": 9, "id": "drip", "degree": 19}, {"group": 8, "id": "dragon", "degree": 10}, {"group": 6, "id": "drone"}, {"group": 7, "id": "dread"}, {"group": 5, "id": "dreamland", "degree": 10}, {"group": 5, "id": "dream", "degree": 23}, {"group": 1, "id": "drawing"}], "links": [{"source": 0, "target": 30, "weight": 0.352113}, {"source": 0, "target": 14, "weight": 0.009434}, {"source": 1, "target": 67, "weight": 0.016598}, {"source": 1, "target": 77, "weight": 0.02381}, {"source": 1, "target": 12, "weight": 0.018692}, {"source": 1, "target": 96, "weight": 0.003584}, {"source": 1, "target": 60, "weight": 0.019608}, {"source": 1, "target": 33, "weight": 0.014286}, {"source": 1, "target": 80, "weight": 0.028846}, {"source": 1, "target": 23, "weight": 0.086207}, {"source": 1, "target": 110, "weight": 0.007692}, {"source": 2, "target": 44, "weight": 0.207031}, {"source": 2, "target": 89, "weight": 0.005865}, {"source": 2, "target": 85, "weight": 0.009615}, {"source": 2, "target": 59, "weight": 0.010811}, {"source": 2, "target": 18, "weight": 0.008621}, {"source": 2, "target": 20, "weight": 0.006536}, {"source": 2, "target": 78, "weight": 0.002101}, {"source": 2, "target": 49, "weight": 0.007813}, {"source": 2, "target": 66, "weight": 0.323171}, {"source": 2, "target": 104, "weight": 0.072165}, {"source": 2, "target": 102, "weight": 0.006944}, {"source": 2, "target": 14, "weight": 0.006667}, {"source": 2, "target": 97, "weight": 0.07438}, {"source": 2, "target": 54, "weight": 0.009259}, {"source": 2, "target": 81, "weight": 0.003774}, {"source": 2, "target": 43, "weight": 0.01}, {"source": 3, "target": 93, "weight": 0.003663}, {"source": 3, "target": 78, "weight": 0.002415}, {"source": 3, "target": 48, "weight": 0.014706}, {"source": 3, "target": 10, "weight": 0.022222}, {"source": 3, "target": 12, "weight": 0.021505}, {"source": 3, "target": 75, "weight": 0.015385}, {"source": 4, "target": 89, "weight": 0.003247}, {"source": 4, "target": 102, "weight": 0.009091}, {"source": 4, "target": 29, "weight": 0.007752}, {"source": 4, "target": 20, "weight": 0.004695}, {"source": 4, "target": 93, "weight": 0.006667}, {"source": 4, "target": 78, "weight": 0.004535}, {"source": 4, "target": 79, "weight": 0.011905}, {"source": 4, "target": 40, "weight": 0.017544}, {"source": 4, "target": 27, "weight": 0.014085}, {"source": 4, "target": 81, "weight": 0.004329}, {"source": 4, "target": 88, "weight": 0.009174}, {"source": 5, "target": 14, "weight": 0.011364}, {"source": 5, "target": 109, "weight": 0.008696}, {"source": 6, "target": 46, "weight": 0.004878}, {"source": 6, "target": 18, "weight": 0.026667}, {"source": 6, "target": 20, "weight": 0.002008}, {"source": 6, "target": 78, "weight": 0.001949}, {"source": 6, "target": 66, "weight": 0.045267}, {"source": 6, "target": 11, "weight": 0.013793}, {"source": 7, "target": 46, "weight": 0.237113}, {"source": 7, "target": 59, "weight": 0.007299}, {"source": 7, "target": 29, "weight": 0.008772}, {"source": 7, "target": 78, "weight": 0.009434}, {"source": 7, "target": 62, "weight": 0.02}, {"source": 7, "target": 28, "weight": 0.095238}, {"source": 8, "target": 50, "weight": 0.011364}, {"source": 8, "target": 61, "weight": 0.003717}, {"source": 9, "target": 44, "weight": 0.003378}, {"source": 9, "target": 89, "weight": 0.012232}, {"source": 9, "target": 20, "weight": 0.004464}, {"source": 9, "target": 59, "weight": 0.017442}, {"source": 9, "target": 81, "weight": 0.003953}, {"source": 9, "target": 31, "weight": 0.072289}, {"source": 9, "target": 85, "weight": 0.021978}, {"source": 9, "target": 49, "weight": 0.008621}, {"source": 9, "target": 78, "weight": 0.002155}, {"source": 9, "target": 102, "weight": 0.015267}, {"source": 9, "target": 12, "weight": 0.006944}, {"source": 9, "target": 36, "weight": 0.007634}, {"source": 9, "target": 109, "weight": 0.006061}, {"source": 9, "target": 88, "weight": 0.007634}, {"source": 10, "target": 28, "weight": 0.036364}, {"source": 10, "target": 44, "weight": 0.007435}, {"source": 10, "target": 89, "weight": 0.003289}, {"source": 10, "target": 67, "weight": 0.007905}, {"source": 10, "target": 46, "weight": 0.007692}, {"source": 10, "target": 20, "weight": 0.002364}, {"source": 10, "target": 93, "weight": 0.017065}, {"source": 10, "target": 48, "weight": 0.01087}, {"source": 10, "target": 60, "weight": 0.016393}, {"source": 10, "target": 96, "weight": 0.00346}, {"source": 10, "target": 25, "weight": 0.014493}, {"source": 10, "target": 61, "weight": 0.0033}, {"source": 10, "target": 70, "weight": 0.009259}, {"source": 10, "target": 75, "weight": 0.323529}, {"source": 10, "target": 69, "weight": 0.010753}, {"source": 10, "target": 110, "weight": 0.007143}, {"source": 11, "target": 107, "weight": 0.007576}, {"source": 12, "target": 47, "weight": 0.005181}, {"source": 12, "target": 52, "weight": 0.005405}, {"source": 12, "target": 81, "weight": 0.121457}, {"source": 12, "target": 29, "weight": 0.005747}, {"source": 12, "target": 61, "weight": 0.002841}, {"source": 12, "target": 88, "weight": 0.210938}, {"source": 12, "target": 89, "weight": 0.005682}, {"source": 12, "target": 92, "weight": 0.005556}, {"source": 12, "target": 93, "weight": 0.00289}, {"source": 12, "target": 96, "weight": 0.01194}, {"source": 12, "target": 102, "weight": 0.054054}, {"source": 12, "target": 41, "weight": 0.009346}, {"source": 12, "target": 44, "weight": 0.006289}, {"source": 12, "target": 67, "weight": 0.016722}, {"source": 12, "target": 46, "weight": 0.005587}, {"source": 12, "target": 72, "weight": 0.012579}, {"source": 12, "target": 20, "weight": 0.006383}, {"source": 12, "target": 78, "weight": 0.004115}, {"source": 12, "target": 106, "weight": 0.004695}, {"source": 12, "target": 74, "weight": 0.021834}, {"source": 13, "target": 96, "weight": 0.00361}, {"source": 13, "target": 67, "weight": 0.004132}, {"source": 13, "target": 77, "weight": 0.02439}, {"source": 13, "target": 57, "weight": 0.017544}, {"source": 13, "target": 19, "weight": 0.008475}, {"source": 13, "target": 20, "weight": 0.002433}, {"source": 13, "target": 93, "weight": 0.003509}, {"source": 13, "target": 78, "weight": 0.002347}, {"source": 13, "target": 40, "weight": 0.02439}, {"source": 13, "target": 14, "weight": 0.01}, {"source": 13, "target": 107, "weight": 0.025862}, {"source": 13, "target": 36, "weight": 0.021739}, {"source": 13, "target": 82, "weight": 0.031746}, {"source": 13, "target": 43, "weight": 0.02}, {"source": 13, "target": 59, "weight": 0.014815}, {"source": 14, "target": 44, "weight": 0.003195}, {"source": 14, "target": 52, "weight": 0.005587}, {"source": 14, "target": 30, "weight": 0.006944}, {"source": 14, "target": 86, "weight": 0.011236}, {"source": 14, "target": 66, "weight": 0.004525}, {"source": 14, "target": 56, "weight": 0.282609}, {"source": 14, "target": 51, "weight": 0.1}, {"source": 14, "target": 33, "weight": 0.010363}, {"source": 14, "target": 19, "weight": 0.12987}, {"source": 14, "target": 109, "weight": 0.033898}, {"source": 14, "target": 43, "weight": 0.325}, {"source": 14, "target": 58, "weight": 0.04}, {"source": 15, "target": 44, "weight": 0.00361}, {"source": 15, "target": 20, "weight": 0.002326}, {"source": 15, "target": 38, "weight": 0.022472}, {"source": 15, "target": 30, "weight": 0.018692}, {"source": 15, "target": 65, "weight": 0.018519}, {"source": 15, "target": 92, "weight": 0.014599}, {"source": 15, "target": 93, "weight": 0.009934}, {"source": 15, "target": 66, "weight": 0.005405}, {"source": 15, "target": 105, "weight": 0.022989}, {"source": 15, "target": 54, "weight": 0.3}, {"source": 16, "target": 45, "weight": 0.009615}, {"source": 16, "target": 46, "weight": 0.008333}, {"source": 16, "target": 66, "weight": 0.005952}, {"source": 16, "target": 48, "weight": 0.0375}, {"source": 16, "target": 106, "weight": 0.107143}, {"source": 16, "target": 69, "weight": 0.037037}, {"source": 16, "target": 36, "weight": 0.032258}, {"source": 17, "target": 62, "weight": 0.013699}, {"source": 17, "target": 31, "weight": 0.013514}, {"source": 17, "target": 93, "weight": 0.003236}, {"source": 17, "target": 29, "weight": 0.014706}, {"source": 18, "target": 44, "weight": 0.007194}, {"source": 18, "target": 66, "weight": 0.005348}, {"source": 18, "target": 33, "weight": 0.025478}, {"source": 18, "target": 75, "weight": 0.010204}, {"source": 18, "target": 58, "weight": 0.02069}, {"source": 19, "target": 44, "weight": 0.034268}, {"source": 19, "target": 77, "weight": 0.00641}, {"source": 19, "target": 92, "weight": 0.005208}, {"source": 19, "target": 66, "weight": 0.043478}, {"source": 19, "target": 49, "weight": 0.020134}, {"source": 19, "target": 97, "weight": 0.026846}, {"source": 19, "target": 20, "weight": 0.002066}, {"source": 19, "target": 43, "weight": 0.158879}, {"source": 19, "target": 59, "weight": 0.004785}, {"source": 20, "target": 24, "weight": 0.002488}, {"source": 20, "target": 31, "weight": 0.002404}, {"source": 20, "target": 77, "weight": 0.004464}, {"source": 20, "target": 52, "weight": 0.006148}, {"source": 20, "target": 62, "weight": 0.00241}, {"source": 20, "target": 69, "weight": 0.002237}, {"source": 20, "target": 54, "weight": 0.002358}, {"source": 20, "target": 48, "weight": 0.002242}, {"source": 20, "target": 79, "weight": 0.004619}, {"source": 20, "target": 80, "weight": 0.008565}, {"source": 20, "target": 26, "weight": 0.00495}, {"source": 20, "target": 57, "weight": 0.002364}, {"source": 20, "target": 81, "weight": 0.021053}, {"source": 20, "target": 28, "weight": 0.017327}, {"source": 20, "target": 83, "weight": 0.002545}, {"source": 20, "target": 102, "weight": 0.026726}, {"source": 20, "target": 25, "weight": 0.002364}, {"source": 20, "target": 59, "weight": 0.098253}, {"source": 20, "target": 84, "weight": 0.006494}, {"source": 20, "target": 53, "weight": 0.015945}, {"source": 20, "target": 30, "weight": 0.002198}, {"source": 20, "target": 85, "weight": 0.01937}, {"source": 20, "target": 34, "weight": 0.011933}, {"source": 20, "target": 60, "weight": 0.00241}, {"source": 20, "target": 33, "weight": 0.020161}, {"source": 20, "target": 87, "weight": 0.010941}, {"source": 20, "target": 61, "weight": 0.049442}, {"source": 20, "target": 35, "weight": 0.002398}, {"source": 20, "target": 36, "weight": 0.008772}, {"source": 20, "target": 88, "weight": 0.013216}, {"source": 20, "target": 82, "weight": 0.002326}, {"source": 20, "target": 71, "weight": 0.002433}, {"source": 20, "target": 89, "weight": 0.02648}, {"source": 20, "target": 92, "weight": 0.058824}, {"source": 20, "target": 90, "weight": 0.004831}, {"source": 20, "target": 50, "weight": 0.006329}, {"source": 20, "target": 91, "weight": 0.005115}, {"source": 20, "target": 93, "weight": 0.031646}, {"source": 20, "target": 44, "weight": 0.009693}, {"source": 20, "target": 96, "weight": 0.05401}, {"source": 20, "target": 66, "weight": 0.007561}, {"source": 20, "target": 94, "weight": 0.00463}, {"source": 20, "target": 104, "weight": 0.052632}, {"source": 20, "target": 40, "weight": 0.009901}, {"source": 20, "target": 45, "weight": 0.012959}, {"source": 20, "target": 68, "weight": 0.002439}, {"source": 20, "target": 97, "weight": 0.004505}, {"source": 20, "target": 98, "weight": 0.105386}, {"source": 20, "target": 41, "weight": 0.004866}, {"source": 20, "target": 100, "weight": 0.002415}, {"source": 20, "target": 70, "weight": 0.091981}, {"source": 20, "target": 63, "weight": 0.069915}, {"source": 20, "target": 101, "weight": 0.071429}, {"source": 20, "target": 67, "weight": 0.053633}, {"source": 20, "target": 46, "weight": 0.014644}, {"source": 20, "target": 103, "weight": 0.048426}, {"source": 20, "target": 72, "weight": 0.019694}, {"source": 20, "target": 47, "weight": 0.016293}, {"source": 20, "target": 78, "weight": 0.027202}, {"source": 20, "target": 21, "weight": 0.002375}, {"source": 20, "target": 105, "weight": 0.002299}, {"source": 20, "target": 58, "weight": 0.00818}, {"source": 20, "target": 106, "weight": 0.007767}, {"source": 20, "target": 107, "weight": 0.002066}, {"source": 20, "target": 74, "weight": 0.016981}, {"source": 20, "target": 23, "weight": 0.004706}, {"source": 20, "target": 75, "weight": 0.009091}, {"source": 20, "target": 108, "weight": 0.002375}, {"source": 20, "target": 109, "weight": 0.004065}, {"source": 20, "target": 110, "weight": 0.004057}, {"source": 21, "target": 48, "weight": 0.011111}, {"source": 21, "target": 93, "weight": 0.00339}, {"source": 21, "target": 78, "weight": 0.013921}, {"source": 21, "target": 97, "weight": 0.011236}, {"source": 22, "target": 44, "weight": 0.007067}, {"source": 22, "target": 29, "weight": 0.014493}, {"source": 22, "target": 52, "weight": 0.006667}, {"source": 22, "target": 66, "weight": 0.005208}, {"source": 22, "target": 87, "weight": 0.008264}, {"source": 22, "target": 99, "weight": 0.026667}, {"source": 22, "target": 36, "weight": 0.008403}, {"source": 22, "target": 42, "weight": 0.013158}, {"source": 23, "target": 63, "weight": 0.006536}, {"source": 23, "target": 44, "weight": 0.007353}, {"source": 23, "target": 89, "weight": 0.006536}, {"source": 23, "target": 67, "weight": 0.044534}, {"source": 23, "target": 90, "weight": 0.015625}, {"source": 23, "target": 93, "weight": 0.010067}, {"source": 23, "target": 96, "weight": 0.006873}, {"source": 23, "target": 60, "weight": 0.203704}, {"source": 23, "target": 50, "weight": 0.008}, {"source": 23, "target": 80, "weight": 0.237113}, {"source": 23, "target": 61, "weight": 0.013201}, {"source": 23, "target": 33, "weight": 0.013072}, {"source": 23, "target": 109, "weight": 0.007042}, {"source": 23, "target": 110, "weight": 0.090909}, {"source": 24, "target": 93, "weight": 0.003623}, {"source": 24, "target": 78, "weight": 0.002398}, {"source": 24, "target": 48, "weight": 0.014085}, {"source": 24, "target": 108, "weight": 0.382353}, {"source": 24, "target": 109, "weight": 0.122642}, {"source": 25, "target": 44, "weight": 0.003704}, {"source": 25, "target": 89, "weight": 0.013289}, {"source": 25, "target": 102, "weight": 0.009434}, {"source": 25, "target": 93, "weight": 0.003367}, {"source": 25, "target": 60, "weight": 0.016393}, {"source": 25, "target": 81, "weight": 0.00885}, {"source": 25, "target": 88, "weight": 0.009524}, {"source": 26, "target": 30, "weight": 0.02439}, {"source": 26, "target": 78, "weight": 0.002381}, {"source": 26, "target": 92, "weight": 0.017857}, {"source": 26, "target": 104, "weight": 0.021277}, {"source": 27, "target": 89, "weight": 0.003311}, {"source": 27, "target": 72, "weight": 0.018519}, {"source": 27, "target": 93, "weight": 0.00339}, {"source": 27, "target": 78, "weight": 0.079012}, {"source": 27, "target": 96, "weight": 0.024911}, {"source": 27, "target": 106, "weight": 0.006173}, {"source": 27, "target": 74, "weight": 0.01105}, {"source": 27, "target": 57, "weight": 0.014925}, {"source": 28, "target": 47, "weight": 0.023256}, {"source": 28, "target": 52, "weight": 0.00813}, {"source": 28, "target": 104, "weight": 0.019231}, {"source": 28, "target": 48, "weight": 0.012658}, {"source": 28, "target": 59, "weight": 0.014925}, {"source": 28, "target": 30, "weight": 0.011364}, {"source": 28, "target": 85, "weight": 0.038462}, {"source": 28, "target": 61, "weight": 0.00692}, {"source": 28, "target": 62, "weight": 0.020833}, {"source": 28, "target": 92, "weight": 0.008475}, {"source": 28, "target": 93, "weight": 0.003521}, {"source": 28, "target": 96, "weight": 0.007273}, {"source": 28, "target": 45, "weight": 0.051546}, {"source": 28, "target": 69, "weight": 0.0125}, {"source": 28, "target": 98, "weight": 0.009615}, {"source": 28, "target": 70, "weight": 0.021277}, {"source": 28, "target": 63, "weight": 0.007299}, {"source": 28, "target": 101, "weight": 0.019231}, {"source": 28, "target": 67, "weight": 0.004149}, {"source": 28, "target": 46, "weight": 0.134615}, {"source": 28, "target": 72, "weight": 0.03125}, {"source": 28, "target": 78, "weight": 0.002353}, {"source": 28, "target": 102, "weight": 0.021739}, {"source": 28, "target": 53, "weight": 0.025974}, {"source": 28, "target": 74, "weight": 0.005848}, {"source": 28, "target": 75, "weight": 0.026667}, {"source": 29, "target": 52, "weight": 0.005208}, {"source": 29, "target": 80, "weight": 0.011696}, {"source": 29, "target": 81, "weight": 0.003534}, {"source": 29, "target": 33, "weight": 0.004831}, {"source": 29, "target": 61, "weight": 0.002786}, {"source": 29, "target": 34, "weight": 0.008}, {"source": 29, "target": 38, "weight": 0.014493}, {"source": 29, "target": 39, "weight": 0.006944}, {"source": 29, "target": 93, "weight": 0.005682}, {"source": 29, "target": 66, "weight": 0.008584}, {"source": 29, "target": 40, "weight": 0.009174}, {"source": 29, "target": 99, "weight": 0.025862}, {"source": 29, "target": 44, "weight": 0.003067}, {"source": 29, "target": 45, "weight": 0.03012}, {"source": 29, "target": 46, "weight": 0.005376}, {"source": 29, "target": 47, "weight": 0.005}, {"source": 29, "target": 78, "weight": 0.01227}, {"source": 29, "target": 50, "weight": 0.005618}, {"source": 29, "target": 74, "weight": 0.008368}, {"source": 30, "target": 63, "weight": 0.022346}, {"source": 30, "target": 92, "weight": 0.006135}, {"source": 30, "target": 52, "weight": 0.181818}, {"source": 30, "target": 53, "weight": 0.00813}, {"source": 30, "target": 56, "weight": 0.009434}, {"source": 30, "target": 55, "weight": 0.232877}, {"source": 30, "target": 98, "weight": 0.006711}, {"source": 30, "target": 61, "weight": 0.002985}, {"source": 31, "target": 47, "weight": 0.007299}, {"source": 31, "target": 78, "weight": 0.00232}, {"source": 31, "target": 50, "weight": 0.035714}, {"source": 31, "target": 61, "weight": 0.003378}, {"source": 31, "target": 45, "weight": 0.009346}, {"source": 31, "target": 81, "weight": 0.004545}, {"source": 31, "target": 110, "weight": 0.015152}, {"source": 32, "target": 93, "weight": 0.003521}, {"source": 32, "target": 78, "weight": 0.009479}, {"source": 33, "target": 44, "weight": 0.017291}, {"source": 33, "target": 85, "weight": 0.013605}, {"source": 33, "target": 77, "weight": 0.00565}, {"source": 33, "target": 38, "weight": 0.044025}, {"source": 33, "target": 93, "weight": 0.007958}, {"source": 33, "target": 66, "weight": 0.023529}, {"source": 33, "target": 49, "weight": 0.005814}, {"source": 33, "target": 60, "weight": 0.006993}, {"source": 33, "target": 102, "weight": 0.016129}, {"source": 33, "target": 88, "weight": 0.005348}, {"source": 33, "target": 97, "weight": 0.00578}, {"source": 33, "target": 75, "weight": 0.005848}, {"source": 33, "target": 43, "weight": 0.013986}, {"source": 33, "target": 59, "weight": 0.022124}, {"source": 34, "target": 92, "weight": 0.007634}, {"source": 34, "target": 46, "weight": 0.007692}, {"source": 34, "target": 78, "weight": 0.016204}, {"source": 34, "target": 94, "weight": 0.012658}, {"source": 34, "target": 40, "weight": 0.2}, {"source": 34, "target": 81, "weight": 0.017857}, {"source": 35, "target": 89, "weight": 0.010135}, {"source": 35, "target": 81, "weight": 0.009091}, {"source": 35, "target": 97, "weight": 0.011765}, {"source": 35, "target": 38, "weight": 0.012987}, {"source": 36, "target": 63, "weight": 0.005376}, {"source": 36, "target": 46, "weight": 0.063694}, {"source": 36, "target": 59, "weight": 0.016484}, {"source": 36, "target": 52, "weight": 0.005814}, {"source": 36, "target": 72, "weight": 0.006803}, {"source": 36, "target": 93, "weight": 0.006024}, {"source": 36, "target": 78, "weight": 0.006356}, {"source": 36, "target": 96, "weight": 0.003077}, {"source": 36, "target": 106, "weight": 0.041451}, {"source": 36, "target": 61, "weight": 0.00295}, {"source": 36, "target": 98, "weight": 0.006536}, {"source": 36, "target": 99, "weight": 0.010204}, {"source": 36, "target": 57, "weight": 0.009524}, {"source": 36, "target": 109, "weight": 0.011494}, {"source": 36, "target": 92, "weight": 0.012048}, {"source": 37, "target": 108, "weight": 0.236842}, {"source": 37, "target": 109, "weight": 0.008475}, {"source": 38, "target": 45, "weight": 0.007813}, {"source": 38, "target": 93, "weight": 0.033113}, {"source": 38, "target": 54, "weight": 0.024096}, {"source": 38, "target": 80, "weight": 0.023438}, {"source": 39, "target": 81, "weight": 0.004065}, {"source": 39, "target": 78, "weight": 0.008811}, {"source": 40, "target": 67, "weight": 0.008439}, {"source": 40, "target": 77, "weight": 0.012658}, {"source": 40, "target": 78, "weight": 0.014388}, {"source": 40, "target": 104, "weight": 0.020408}, {"source": 40, "target": 50, "weight": 0.009434}, {"source": 40, "target": 106, "weight": 0.006757}, {"source": 40, "target": 61, "weight": 0.003484}, {"source": 40, "target": 74, "weight": 0.005952}, {"source": 40, "target": 47, "weight": 0.015748}, {"source": 40, "target": 45, "weight": 0.020619}, {"source": 40, "target": 81, "weight": 0.009524}, {"source": 40, "target": 70, "weight": 0.01087}, {"source": 40, "target": 59, "weight": 0.007576}, {"source": 41, "target": 89, "weight": 0.006849}, {"source": 41, "target": 85, "weight": 0.018182}, {"source": 41, "target": 59, "weight": 0.007299}, {"source": 41, "target": 81, "weight": 0.00463}, {"source": 41, "target": 93, "weight": 0.014134}, {"source": 41, "target": 78, "weight": 0.002342}, {"source": 41, "target": 96, "weight": 0.01087}, {"source": 41, "target": 102, "weight": 0.010526}, {"source": 41, "target": 61, "weight": 0.006873}, {"source": 41, "target": 97, "weight": 0.0125}, {"source": 41, "target": 100, "weight": 0.020408}, {"source": 41, "target": 87, "weight": 0.010417}, {"source": 41, "target": 109, "weight": 0.007813}, {"source": 41, "target": 82, "weight": 0.015385}, {"source": 41, "target": 88, "weight": 0.010638}, {"source": 42, "target": 93, "weight": 0.003448}, {"source": 43, "target": 44, "weight": 0.003802}, {"source": 43, "target": 66, "weight": 0.005848}, {"source": 43, "target": 56, "weight": 0.046154}, {"source": 43, "target": 58, "weight": 0.056}, {"source": 44, "target": 47, "weight": 0.002899}, {"source": 44, "target": 52, "weight": 0.005952}, {"source": 44, "target": 54, "weight": 0.00369}, {"source": 44, "target": 80, "weight": 0.003155}, {"source": 44, "target": 76, "weight": 0.012146}, {"source": 44, "target": 81, "weight": 0.004684}, {"source": 44, "target": 82, "weight": 0.00361}, {"source": 44, "target": 58, "weight": 0.039755}, {"source": 44, "target": 59, "weight": 0.023392}, {"source": 44, "target": 84, "weight": 0.114286}, {"source": 44, "target": 87, "weight": 0.003247}, {"source": 44, "target": 61, "weight": 0.012024}, {"source": 44, "target": 88, "weight": 0.003268}, {"source": 44, "target": 71, "weight": 0.003876}, {"source": 44, "target": 89, "weight": 0.016064}, {"source": 44, "target": 92, "weight": 0.009091}, {"source": 44, "target": 93, "weight": 0.002008}, {"source": 44, "target": 66, "weight": 0.165644}, {"source": 44, "target": 96, "weight": 0.008214}, {"source": 44, "target": 97, "weight": 0.039007}, {"source": 44, "target": 99, "weight": 0.007634}, {"source": 44, "target": 63, "weight": 0.011494}, {"source": 44, "target": 67, "weight": 0.112195}, {"source": 44, "target": 72, "weight": 0.003205}, {"source": 44, "target": 78, "weight": 0.003135}, {"source": 44, "target": 49, "weight": 0.010381}, {"source": 44, "target": 106, "weight": 0.005495}, {"source": 44, "target": 74, "weight": 0.002597}, {"source": 44, "target": 75, "weight": 0.003448}, {"source": 44, "target": 104, "weight": 0.007547}, {"source": 44, "target": 110, "weight": 0.002933}, {"source": 45, "target": 89, "weight": 0.005747}, {"source": 45, "target": 85, "weight": 0.009009}, {"source": 45, "target": 46, "weight": 0.173333}, {"source": 45, "target": 59, "weight": 0.015707}, {"source": 45, "target": 93, "weight": 0.005865}, {"source": 45, "target": 78, "weight": 0.025424}, {"source": 45, "target": 102, "weight": 0.006623}, {"source": 45, "target": 97, "weight": 0.007353}, {"source": 45, "target": 62, "weight": 0.009434}, {"source": 45, "target": 81, "weight": 0.00738}, {"source": 45, "target": 92, "weight": 0.005682}, {"source": 46, "target": 53, "weight": 0.006579}, {"source": 46, "target": 104, "weight": 0.016}, {"source": 46, "target": 48, "weight": 0.013158}, {"source": 46, "target": 59, "weight": 0.019417}, {"source": 46, "target": 84, "weight": 0.005848}, {"source": 46, "target": 85, "weight": 0.015873}, {"source": 46, "target": 60, "weight": 0.008197}, {"source": 46, "target": 61, "weight": 0.008287}, {"source": 46, "target": 62, "weight": 0.051282}, {"source": 46, "target": 89, "weight": 0.005495}, {"source": 46, "target": 92, "weight": 0.005208}, {"source": 46, "target": 93, "weight": 0.002793}, {"source": 46, "target": 94, "weight": 0.007143}, {"source": 46, "target": 95, "weight": 0.008696}, {"source": 46, "target": 96, "weight": 0.008621}, {"source": 46, "target": 69, "weight": 0.013072}, {"source": 46, "target": 98, "weight": 0.005618}, {"source": 46, "target": 70, "weight": 0.017964}, {"source": 46, "target": 67, "weight": 0.012821}, {"source": 46, "target": 72, "weight": 0.017647}, {"source": 46, "target": 47, "weight": 0.045685}, {"source": 46, "target": 78, "weight": 0.010101}, {"source": 46, "target": 102, "weight": 0.012048}, {"source": 46, "target": 106, "weight": 0.018018}, {"source": 46, "target": 74, "weight": 0.008197}, {"source": 46, "target": 75, "weight": 0.006667}, {"source": 46, "target": 109, "weight": 0.01005}, {"source": 47, "target": 89, "weight": 0.005291}, {"source": 47, "target": 85, "weight": 0.014286}, {"source": 47, "target": 88, "weight": 0.011173}, {"source": 47, "target": 93, "weight": 0.005391}, {"source": 47, "target": 78, "weight": 0.03006}, {"source": 47, "target": 102, "weight": 0.011111}, {"source": 47, "target": 97, "weight": 0.006024}, {"source": 47, "target": 81, "weight": 0.016779}, {"source": 47, "target": 92, "weight": 0.004854}, {"source": 47, "target": 59, "weight": 0.022831}, {"source": 48, "target": 103, "weight": 0.009901}, {"source": 48, "target": 70, "weight": 0.081967}, {"source": 48, "target": 93, "weight": 0.00627}, {"source": 48, "target": 78, "weight": 0.008734}, {"source": 48, "target": 104, "weight": 0.011364}, {"source": 48, "target": 98, "weight": 0.007143}, {"source": 48, "target": 106, "weight": 0.016216}, {"source": 48, "target": 74, "weight": 0.004831}, {"source": 48, "target": 75, "weight": 0.027273}, {"source": 48, "target": 69, "weight": 0.887097}, {"source": 48, "target": 108, "weight": 0.011111}, {"source": 48, "target": 109, "weight": 0.012422}, {"source": 49, "target": 89, "weight": 0.003077}, {"source": 49, "target": 67, "weight": 0.007299}, {"source": 49, "target": 72, "weight": 0.007576}, {"source": 49, "target": 66, "weight": 0.005025}, {"source": 49, "target": 96, "weight": 0.006472}, {"source": 49, "target": 61, "weight": 0.006192}, {"source": 49, "target": 74, "weight": 0.004878}, {"source": 49, "target": 97, "weight": 0.008929}, {"source": 49, "target": 98, "weight": 0.007246}, {"source": 49, "target": 81, "weight": 0.020492}, {"source": 49, "target": 58, "weight": 0.012658}, {"source": 50, "target": 89, "weight": 0.014164}, {"source": 50, "target": 85, "weight": 0.008403}, {"source": 50, "target": 59, "weight": 0.004975}, {"source": 50, "target": 78, "weight": 0.004082}, {"source": 50, "target": 60, "weight": 0.017699}, {"source": 50, "target": 102, "weight": 0.006289}, {"source": 50, "target": 81, "weight": 0.007168}, {"source": 52, "target": 92, "weight": 0.025773}, {"source": 52, "target": 93, "weight": 0.002747}, {"source": 52, "target": 54, "weight": 0.007299}, {"source": 52, "target": 97, "weight": 0.006329}, {"source": 53, "target": 89, "weight": 0.003067}, {"source": 53, "target": 92, "weight": 0.026667}, {"source": 53, "target": 59, "weight": 0.017857}, {"source": 53, "target": 93, "weight": 0.006289}, {"source": 53, "target": 78, "weight": 0.002174}, {"source": 54, "target": 63, "weight": 0.006623}, {"source": 54, "target": 92, "weight": 0.015267}, {"source": 54, "target": 93, "weight": 0.013559}, {"source": 54, "target": 66, "weight": 0.005587}, {"source": 54, "target": 105, "weight": 0.012195}, {"source": 54, "target": 106, "weight": 0.018405}, {"source": 54, "target": 61, "weight": 0.003289}, {"source": 54, "target": 98, "weight": 0.008475}, {"source": 56, "target": 78, "weight": 0.002257}, {"source": 56, "target": 108, "weight": 0.028169}, {"source": 56, "target": 109, "weight": 0.115385}, {"source": 57, "target": 89, "weight": 0.003289}, {"source": 57, "target": 93, "weight": 0.0681}, {"source": 57, "target": 78, "weight": 0.07335}, {"source": 57, "target": 60, "weight": 0.016393}, {"source": 57, "target": 109, "weight": 0.007194}, {"source": 57, "target": 108, "weight": 0.014925}, {"source": 58, "target": 85, "weight": 0.014925}, {"source": 58, "target": 59, "weight": 0.023474}, {"source": 58, "target": 66, "weight": 0.046414}, {"source": 58, "target": 102, "weight": 0.011494}, {"source": 58, "target": 97, "weight": 0.025478}, {"source": 58, "target": 75, "weight": 0.006329}, {"source": 59, "target": 77, "weight": 0.011561}, {"source": 59, "target": 104, "weight": 0.021127}, {"source": 59, "target": 79, "weight": 0.006289}, {"source": 59, "target": 80, "weight": 0.005128}, {"source": 59, "target": 76, "weight": 0.007874}, {"source": 59, "target": 81, "weight": 0.009868}, {"source": 59, "target": 84, "weight": 0.005291}, {"source": 59, "target": 85, "weight": 0.149606}, {"source": 59, "target": 82, "weight": 0.006452}, {"source": 59, "target": 87, "weight": 0.005376}, {"source": 59, "target": 61, "weight": 0.010554}, {"source": 59, "target": 88, "weight": 0.005435}, {"source": 59, "target": 63, "weight": 0.022222}, {"source": 59, "target": 89, "weight": 0.015873}, {"source": 59, "target": 92, "weight": 0.004762}, {"source": 59, "target": 93, "weight": 0.018919}, {"source": 59, "target": 66, "weight": 0.011765}, {"source": 59, "target": 96, "weight": 0.182692}, {"source": 59, "target": 94, "weight": 0.006329}, {"source": 59, "target": 67, "weight": 0.053628}, {"source": 59, "target": 97, "weight": 0.011834}, {"source": 59, "target": 98, "weight": 0.005102}, {"source": 59, "target": 70, "weight": 0.010753}, {"source": 59, "target": 101, "weight": 0.006944}, {"source": 59, "target": 102, "weight": 0.120482}, {"source": 59, "target": 72, "weight": 0.010582}, {"source": 59, "target": 78, "weight": 0.015686}, {"source": 59, "target": 106, "weight": 0.004115}, {"source": 59, "target": 74, "weight": 0.019305}, {"source": 59, "target": 75, "weight": 0.005952}, {"source": 59, "target": 109, "weight": 0.004587}, {"source": 60, "target": 63, "weight": 0.007042}, {"source": 60, "target": 89, "weight": 0.00678}, {"source": 60, "target": 92, "weight": 0.00813}, {"source": 60, "target": 90, "weight": 0.038462}, {"source": 60, "target": 78, "weight": 0.002326}, {"source": 60, "target": 80, "weight": 0.112245}, {"source": 60, "target": 67, "weight": 0.016461}, {"source": 60, "target": 61, "weight": 0.053381}, {"source": 60, "target": 96, "weight": 0.007143}, {"source": 60, "target": 98, "weight": 0.009174}, {"source": 60, "target": 109, "weight": 0.007634}, {"source": 60, "target": 110, "weight": 0.117647}, {"source": 61, "target": 73, "weight": 0.003534}, {"source": 61, "target": 81, "weight": 0.022124}, {"source": 61, "target": 85, "weight": 0.027304}, {"source": 61, "target": 89, "weight": 0.106776}, {"source": 61, "target": 91, "weight": 0.011111}, {"source": 61, "target": 65, "weight": 0.003559}, {"source": 61, "target": 92, "weight": 0.10241}, {"source": 61, "target": 93, "weight": 0.013333}, {"source": 61, "target": 66, "weight": 0.002427}, {"source": 61, "target": 97, "weight": 0.003077}, {"source": 61, "target": 102, "weight": 0.011869}, {"source": 61, "target": 78, "weight": 0.019697}, {"source": 61, "target": 75, "weight": 0.003096}, {"source": 61, "target": 104, "weight": 0.010101}, {"source": 61, "target": 109, "weight": 0.005376}, {"source": 62, "target": 67, "weight": 0.004065}, {"source": 62, "target": 93, "weight": 0.00346}, {"source": 62, "target": 94, "weight": 0.014085}, {"source": 63, "target": 89, "weight": 0.023873}, {"source": 63, "target": 85, "weight": 0.02069}, {"source": 63, "target": 91, "weight": 0.025641}, {"source": 63, "target": 93, "weight": 0.002646}, {"source": 63, "target": 78, "weight": 0.023622}, {"source": 63, "target": 104, "weight": 0.035211}, {"source": 63, "target": 102, "weight": 0.010753}, {"source": 63, "target": 88, "weight": 0.005376}, {"source": 63, "target": 75, "weight": 0.005882}, {"source": 63, "target": 81, "weight": 0.016447}, {"source": 63, "target": 92, "weight": 0.20339}, {"source": 66, "target": 77, "weight": 0.004902}, {"source": 66, "target": 80, "weight": 0.008929}, {"source": 66, "target": 84, "weight": 0.037736}, {"source": 66, "target": 89, "weight": 0.002421}, {"source": 66, "target": 96, "weight": 0.005038}, {"source": 66, "target": 97, "weight": 0.069149}, {"source": 66, "target": 99, "weight": 0.005848}, {"source": 66, "target": 101, "weight": 0.005747}, {"source": 66, "target": 67, "weight": 0.01676}, {"source": 66, "target": 78, "weight": 0.001828}, {"source": 66, "target": 106, "weight": 0.01107}, {"source": 66, "target": 107, "weight": 0.012658}, {"source": 66, "target": 104, "weight": 0.011561}, {"source": 67, "target": 77, "weight": 0.003571}, {"source": 67, "target": 104, "weight": 0.016194}, {"source": 67, "target": 79, "weight": 0.003774}, {"source": 67, "target": 73, "weight": 0.004274}, {"source": 67, "target": 76, "weight": 0.004292}, {"source": 67, "target": 81, "weight": 0.014742}, {"source": 67, "target": 85, "weight": 0.012048}, {"source": 67, "target": 88, "weight": 0.003448}, {"source": 67, "target": 89, "weight": 0.060606}, {"source": 67, "target": 92, "weight": 0.049669}, {"source": 67, "target": 93, "weight": 0.016842}, {"source": 67, "target": 97, "weight": 0.003623}, {"source": 67, "target": 102, "weight": 0.010381}, {"source": 67, "target": 78, "weight": 0.016287}, {"source": 67, "target": 75, "weight": 0.007326}, {"source": 67, "target": 109, "weight": 0.006192}, {"source": 68, "target": 77, "weight": 0.024691}, {"source": 68, "target": 92, "weight": 0.008475}, {"source": 69, "target": 92, "weight": 0.006452}, {"source": 69, "target": 93, "weight": 0.00625}, {"source": 69, "target": 78, "weight": 0.008715}, {"source": 69, "target": 104, "weight": 0.011236}, {"source": 69, "target": 75, "weight": 0.027027}, {"source": 69, "target": 108, "weight": 0.010989}, {"source": 69, "target": 109, "weight": 0.012346}, {"source": 70, "target": 89, "weight": 0.005848}, {"source": 70, "target": 85, "weight": 0.009524}, {"source": 70, "target": 81, "weight": 0.003759}, {"source": 70, "target": 93, "weight": 0.002976}, {"source": 70, "target": 78, "weight": 0.006316}, {"source": 70, "target": 102, "weight": 0.006897}, {"source": 70, "target": 75, "weight": 0.007813}, {"source": 70, "target": 104, "weight": 0.235294}, {"source": 70, "target": 109, "weight": 0.005618}, {"source": 70, "target": 92, "weight": 0.017857}, {"source": 71, "target": 78, "weight": 0.002347}, {"source": 71, "target": 97, "weight": 0.012658}, {"source": 72, "target": 89, "weight": 0.064417}, {"source": 72, "target": 85, "weight": 0.018692}, {"source": 72, "target": 93, "weight": 0.00295}, {"source": 72, "target": 78, "weight": 0.06181}, {"source": 72, "target": 104, "weight": 0.009346}, {"source": 72, "target": 75, "weight": 0.007634}, {"source": 72, "target": 81, "weight": 0.018868}, {"source": 72, "target": 92, "weight": 0.029586}, {"source": 73, "target": 96, "weight": 0.003717}, {"source": 73, "target": 78, "weight": 0.007212}, {"source": 74, "target": 89, "weight": 0.037037}, {"source": 74, "target": 85, "weight": 0.005525}, {"source": 74, "target": 81, "weight": 0.026946}, {"source": 74, "target": 93, "weight": 0.00978}, {"source": 74, "target": 78, "weight": 0.065385}, {"source": 74, "target": 104, "weight": 0.005556}, {"source": 74, "target": 109, "weight": 0.003937}, {"source": 74, "target": 92, "weight": 0.008163}, {"source": 75, "target": 84, "weight": 0.007692}, {"source": 75, "target": 89, "weight": 0.003086}, {"source": 75, "target": 92, "weight": 0.006623}, {"source": 75, "target": 93, "weight": 0.019231}, {"source": 75, "target": 96, "weight": 0.003236}, {"source": 75, "target": 98, "weight": 0.007299}, {"source": 77, "target": 96, "weight": 0.003175}, {"source": 77, "target": 89, "weight": 0.00303}, {"source": 77, "target": 93, "weight": 0.003096}, {"source": 77, "target": 80, "weight": 0.007042}, {"source": 77, "target": 94, "weight": 0.009524}, {"source": 77, "target": 107, "weight": 0.00641}, {"source": 78, "target": 79, "weight": 0.002227}, {"source": 78, "target": 81, "weight": 0.011864}, {"source": 78, "target": 102, "weight": 0.004219}, {"source": 78, "target": 84, "weight": 0.002088}, {"source": 78, "target": 85, "weight": 0.013953}, {"source": 78, "target": 89, "weight": 0.032159}, {"source": 78, "target": 92, "weight": 0.012121}, {"source": 78, "target": 90, "weight": 0.002326}, {"source": 78, "target": 93, "weight": 0.060413}, {"source": 78, "target": 96, "weight": 0.047695}, {"source": 78, "target": 94, "weight": 0.015837}, {"source": 78, "target": 95, "weight": 0.002364}, {"source": 78, "target": 98, "weight": 0.012474}, {"source": 78, "target": 100, "weight": 0.004673}, {"source": 78, "target": 103, "weight": 0.002237}, {"source": 78, "target": 104, "weight": 0.004619}, {"source": 78, "target": 105, "weight": 0.004454}, {"source": 78, "target": 106, "weight": 0.009452}, {"source": 78, "target": 107, "weight": 0.006036}, {"source": 78, "target": 108, "weight": 0.002294}, {"source": 78, "target": 109, "weight": 0.005929}, {"source": 78, "target": 110, "weight": 0.003937}, {"source": 79, "target": 93, "weight": 0.009804}, {"source": 79, "target": 94, "weight": 0.011111}, {"source": 79, "target": 96, "weight": 0.003333}, {"source": 79, "target": 106, "weight": 0.005714}, {"source": 79, "target": 81, "weight": 0.004202}, {"source": 80, "target": 93, "weight": 0.005831}, {"source": 80, "target": 109, "weight": 0.005376}, {"source": 81, "target": 85, "weight": 0.008969}, {"source": 81, "target": 104, "weight": 0.004484}, {"source": 81, "target": 84, "weight": 0.003731}, {"source": 81, "target": 87, "weight": 0.003774}, {"source": 81, "target": 88, "weight": 0.128205}, {"source": 81, "target": 89, "weight": 0.015351}, {"source": 81, "target": 92, "weight": 0.00346}, {"source": 81, "target": 93, "weight": 0.006623}, {"source": 81, "target": 96, "weight": 0.044289}, {"source": 81, "target": 97, "weight": 0.004016}, {"source": 81, "target": 98, "weight": 0.010989}, {"source": 81, "target": 103, "weight": 0.004237}, {"source": 81, "target": 102, "weight": 0.108787}, {"source": 81, "target": 106, "weight": 0.006231}, {"source": 81, "target": 110, "weight": 0.003356}, {"source": 82, "target": 96, "weight": 0.003378}, {"source": 82, "target": 107, "weight": 0.014706}, {"source": 82, "target": 100, "weight": 0.152542}, {"source": 84, "target": 97, "weight": 0.007576}, {"source": 85, "target": 104, "weight": 0.032787}, {"source": 85, "target": 102, "weight": 0.223529}, {"source": 85, "target": 88, "weight": 0.009804}, {"source": 85, "target": 89, "weight": 0.044983}, {"source": 85, "target": 90, "weight": 0.017241}, {"source": 85, "target": 92, "weight": 0.007813}, {"source": 85, "target": 93, "weight": 0.017241}, {"source": 85, "target": 94, "weight": 0.013158}, {"source": 85, "target": 96, "weight": 0.121094}, {"source": 85, "target": 97, "weight": 0.022989}, {"source": 85, "target": 98, "weight": 0.008772}, {"source": 85, "target": 105, "weight": 0.012821}, {"source": 85, "target": 106, "weight": 0.006211}, {"source": 85, "target": 110, "weight": 0.007299}, {"source": 87, "target": 89, "weight": 0.023881}, {"source": 87, "target": 102, "weight": 0.006944}, {"source": 87, "target": 94, "weight": 0.008547}, {"source": 87, "target": 100, "weight": 0.03125}, {"source": 87, "target": 88, "weight": 0.006993}, {"source": 88, "target": 102, "weight": 0.276786}, {"source": 88, "target": 106, "weight": 0.005}, {"source": 88, "target": 105, "weight": 0.008547}, {"source": 88, "target": 96, "weight": 0.006173}, {"source": 89, "target": 104, "weight": 0.010067}, {"source": 89, "target": 102, "weight": 0.011834}, {"source": 89, "target": 90, "weight": 0.013652}, {"source": 89, "target": 92, "weight": 0.011019}, {"source": 89, "target": 93, "weight": 0.003766}, {"source": 89, "target": 94, "weight": 0.019417}, {"source": 89, "target": 96, "weight": 0.067073}, {"source": 89, "target": 97, "weight": 0.003067}, {"source": 89, "target": 98, "weight": 0.008571}, {"source": 89, "target": 105, "weight": 0.003165}, {"source": 89, "target": 106, "weight": 0.002506}, {"source": 89, "target": 107, "weight": 0.005495}, {"source": 89, "target": 109, "weight": 0.01626}, {"source": 89, "target": 110, "weight": 0.041551}, {"source": 90, "target": 93, "weight": 0.006944}, {"source": 90, "target": 92, "weight": 0.016393}, {"source": 91, "target": 98, "weight": 0.035714}, {"source": 91, "target": 92, "weight": 0.020202}, {"source": 92, "target": 93, "weight": 0.002786}, {"source": 92, "target": 96, "weight": 0.017341}, {"source": 92, "target": 97, "weight": 0.006536}, {"source": 92, "target": 98, "weight": 0.208054}, {"source": 92, "target": 101, "weight": 0.007874}, {"source": 92, "target": 103, "weight": 0.014388}, {"source": 92, "target": 102, "weight": 0.005952}, {"source": 92, "target": 106, "weight": 0.004425}, {"source": 92, "target": 104, "weight": 0.007874}, {"source": 92, "target": 110, "weight": 0.00995}, {"source": 93, "target": 94, "weight": 0.003257}, {"source": 93, "target": 96, "weight": 0.040161}, {"source": 93, "target": 97, "weight": 0.006289}, {"source": 93, "target": 98, "weight": 0.005814}, {"source": 93, "target": 101, "weight": 0.003413}, {"source": 93, "target": 103, "weight": 0.003268}, {"source": 93, "target": 102, "weight": 0.009036}, {"source": 93, "target": 106, "weight": 0.020779}, {"source": 93, "target": 108, "weight": 0.00339}, {"source": 93, "target": 109, "weight": 0.010989}, {"source": 93, "target": 110, "weight": 0.002717}, {"source": 94, "target": 96, "weight": 0.013514}, {"source": 94, "target": 107, "weight": 0.007143}, {"source": 96, "target": 104, "weight": 0.028777}, {"source": 96, "target": 97, "weight": 0.012987}, {"source": 96, "target": 102, "weight": 0.065147}, {"source": 96, "target": 105, "weight": 0.003322}, {"source": 96, "target": 108, "weight": 0.003484}, {"source": 96, "target": 109, "weight": 0.005587}, {"source": 97, "target": 102, "weight": 0.007813}, {"source": 97, "target": 104, "weight": 0.011494}, {"source": 97, "target": 105, "weight": 0.019608}, {"source": 97, "target": 106, "weight": 0.010811}, {"source": 98, "target": 104, "weight": 0.017857}, {"source": 98, "target": 102, "weight": 0.006494}, {"source": 98, "target": 109, "weight": 0.005348}, {"source": 99, "target": 105, "weight": 0.027397}, {"source": 100, "target": 107, "weight": 0.008264}, {"source": 101, "target": 104, "weight": 0.016393}, {"source": 102, "target": 104, "weight": 0.019802}, {"source": 102, "target": 105, "weight": 0.008475}, {"source": 102, "target": 106, "weight": 0.004975}, {"source": 103, "target": 104, "weight": 0.013514}, {"source": 103, "target": 109, "weight": 0.006757}, {"source": 104, "target": 106, "weight": 0.00625}, {"source": 105, "target": 107, "weight": 0.007042}, {"source": 106, "target": 109, "weight": 0.004274}, {"source": 107, "target": 109, "weight": 0.015152}, {"source": 108, "target": 109, "weight": 0.112903}, {"source": 109, "target": 110, "weight": 0.009569}], "multigraph": false}