{"directed": false, "graph": {}, "nodes": [{"group": 0, "id": "duty", "degree": 12}, {"group": 1, "id": "duke", "degree": 4}, {"group": 2, "id": "dunce", "degree": 5}, {"group": 1, "id": "ducky"}, {"group": 1, "id": "dump", "degree": 12}, {"group": 0, "id": "dulcet", "degree": 3}, {"group": 1, "id": "duct", "degree": 2}, {"group": 2, "id": "dud", "degree": 8}, {"group": 0, "id": "dumbfounded"}, {"group": 1, "id": "dulcify", "degree": 10}, {"group": 3, "id": "duet"}, {"group": 0, "id": "dubious", "degree": 11}, {"group": 3, "id": "dupe"}, {"group": 1, "id": "dumbness"}, {"group": 0, "id": "dumbstruck"}, {"group": 1, "id": "dudgeon", "degree": 3}, {"group": 0, "id": "dumb"}, {"group": 1, "id": "dugout"}, {"group": 3, "id": "dual"}, {"group": 1, "id": "duck"}, {"group": 4, "id": "duration", "degree": 6}, {"group": 1, "id": "duce", "degree": 1}, {"group": 2, "id": "dumbbell", "degree": 10}, {"group": 3, "id": "duplex", "degree": 10}, {"group": 3, "id": "duplicated"}, {"group": 1, "id": "duenna", "degree": 3}, {"group": 1, "id": "duff", "degree": 3}, {"group": 0, "id": "dun", "degree": 13}, {"group": 3, "id": "duo"}, {"group": 7, "id": "duplicity"}, {"group": 5, "id": "dub", "degree": 11}, {"group": 4, "id": "durability"}, {"group": 1, "id": "dude", "degree": 3}, {"group": 0, "id": "due"}, {"group": 1, "id": "dumpling", "degree": 2}, {"group": 3, "id": "dualistic"}, {"group": 3, "id": "duplicate", "degree": 14}, {"group": 6, "id": "duteous", "degree": 2}, {"group": 1, "id": "duffel"}, {"group": 5, "id": "duds"}, {"group": 0, "id": "dullness"}, {"group": 0, "id": "duress"}, {"group": 1, "id": "dunk"}, {"group": 7, "id": "dualism", "degree": 5}, {"group": 6, "id": "ductile"}, {"group": 1, "id": "dumbfound", "degree": 6}, {"group": 0, "id": "dusk"}, {"group": 0, "id": "duly", "degree": 3}, {"group": 0, "id": "dung"}, {"group": 0, "id": "durable"}, {"group": 2, "id": "duologue", "degree": 5}, {"group": 1, "id": "ducal"}, {"group": 1, "id": "dune", "degree": 8}, {"group": 0, "id": "dust", "degree": 14}, {"group": 6, "id": "dutiful", "degree": 5}, {"group": 0, "id": "dupable"}, {"group": 0, "id": "dull", "degree": 24}, {"group": 0, "id": "duodenum", "degree": 1}, {"group": 8, "id": "dukedom"}, {"group": 2, "id": "dummy"}, {"group": 1, "id": "duel", "degree": 4}, {"group": 1, "id": "dunking"}, {"group": 5, "id": "duffer", "degree": 2}, {"group": 0, "id": "dusty"}, {"group": 9, "id": "durables", "degree": 0}, {"group": 1, "id": "duckling", "degree": 10}, {"group": 2, "id": "ducat"}, {"group": 0, "id": "dunning", "degree": 1}, {"group": 2, "id": "dunderhead", "degree": 4}, {"group": 0, "id": "dusky"}, {"group": 0, "id": "dulling"}, {"group": 0, "id": "dumpy", "degree": 6}, {"group": 7, "id": "duplication"}, {"group": 8, "id": "duchy", "degree": 4}, {"group": 0, "id": "dues", "degree": 5}, {"group": 2, "id": "dullard"}, {"group": 1, "id": "duelist"}], "links": [{"source": 0, "target": 58, "weight": 0.006061}, {"source": 0, "target": 59, "weight": 0.002681}, {"source": 0, "target": 72, "weight": 0.004739}, {"source": 0, "target": 45, "weight": 0.006024}, {"source": 0, "target": 27, "weight": 0.005263}, {"source": 0, "target": 46, "weight": 0.01227}, {"source": 0, "target": 73, "weight": 0.005405}, {"source": 0, "target": 30, "weight": 0.005682}, {"source": 0, "target": 50, "weight": 0.011628}, {"source": 0, "target": 33, "weight": 0.008097}, {"source": 0, "target": 74, "weight": 0.025478}, {"source": 0, "target": 12, "weight": 0.003584}, {"source": 0, "target": 4, "weight": 0.006098}, {"source": 0, "target": 69, "weight": 0.013072}, {"source": 0, "target": 19, "weight": 0.006061}, {"source": 0, "target": 22, "weight": 0.00641}, {"source": 0, "target": 56, "weight": 0.003697}, {"source": 0, "target": 41, "weight": 0.016575}, {"source": 1, "target": 25, "weight": 0.043478}, {"source": 1, "target": 51, "weight": 0.058824}, {"source": 1, "target": 32, "weight": 0.026316}, {"source": 1, "target": 3, "weight": 0.021277}, {"source": 1, "target": 52, "weight": 0.021277}, {"source": 2, "target": 59, "weight": 0.079051}, {"source": 2, "target": 72, "weight": 0.009091}, {"source": 2, "target": 68, "weight": 0.043478}, {"source": 2, "target": 75, "weight": 0.558824}, {"source": 2, "target": 7, "weight": 0.016949}, {"source": 2, "target": 12, "weight": 0.011299}, {"source": 2, "target": 16, "weight": 0.0125}, {"source": 2, "target": 53, "weight": 0.005952}, {"source": 2, "target": 22, "weight": 0.513514}, {"source": 2, "target": 56, "weight": 0.004545}, {"source": 3, "target": 9, "weight": 0.016393}, {"source": 3, "target": 32, "weight": 0.046512}, {"source": 3, "target": 56, "weight": 0.006881}, {"source": 3, "target": 52, "weight": 0.018868}, {"source": 4, "target": 31, "weight": 0.004219}, {"source": 4, "target": 6, "weight": 0.004566}, {"source": 4, "target": 12, "weight": 0.011628}, {"source": 4, "target": 16, "weight": 0.00303}, {"source": 4, "target": 19, "weight": 0.010101}, {"source": 4, "target": 26, "weight": 0.004975}, {"source": 4, "target": 27, "weight": 0.003876}, {"source": 4, "target": 23, "weight": 0.004566}, {"source": 4, "target": 49, "weight": 0.00365}, {"source": 4, "target": 33, "weight": 0.003165}, {"source": 4, "target": 17, "weight": 0.029661}, {"source": 4, "target": 38, "weight": 0.008929}, {"source": 4, "target": 42, "weight": 0.009132}, {"source": 4, "target": 46, "weight": 0.00431}, {"source": 4, "target": 52, "weight": 0.022624}, {"source": 4, "target": 53, "weight": 0.002967}, {"source": 4, "target": 56, "weight": 0.008251}, {"source": 4, "target": 59, "weight": 0.004545}, {"source": 4, "target": 60, "weight": 0.004274}, {"source": 4, "target": 63, "weight": 0.003086}, {"source": 4, "target": 74, "weight": 0.004386}, {"source": 5, "target": 47, "weight": 0.017544}, {"source": 5, "target": 65, "weight": 0.009259}, {"source": 5, "target": 33, "weight": 0.018405}, {"source": 5, "target": 11, "weight": 0.006061}, {"source": 5, "target": 63, "weight": 0.011628}, {"source": 5, "target": 19, "weight": 0.004032}, {"source": 5, "target": 56, "weight": 0.004367}, {"source": 6, "target": 17, "weight": 0.048387}, {"source": 7, "target": 59, "weight": 0.041985}, {"source": 7, "target": 72, "weight": 0.009091}, {"source": 7, "target": 75, "weight": 0.019231}, {"source": 7, "target": 50, "weight": 0.042857}, {"source": 7, "target": 12, "weight": 0.017045}, {"source": 7, "target": 19, "weight": 0.004348}, {"source": 7, "target": 22, "weight": 0.018182}, {"source": 7, "target": 56, "weight": 0.002268}, {"source": 8, "target": 56, "weight": 0.006637}, {"source": 9, "target": 51, "weight": 0.020408}, {"source": 9, "target": 45, "weight": 0.044118}, {"source": 9, "target": 49, "weight": 0.009091}, {"source": 9, "target": 65, "weight": 0.021277}, {"source": 9, "target": 16, "weight": 0.006024}, {"source": 9, "target": 19, "weight": 0.008547}, {"source": 9, "target": 53, "weight": 0.00578}, {"source": 9, "target": 30, "weight": 0.025316}, {"source": 9, "target": 56, "weight": 0.025229}, {"source": 10, "target": 20, "weight": 0.012658}, {"source": 10, "target": 23, "weight": 0.015625}, {"source": 10, "target": 36, "weight": 0.006623}, {"source": 11, "target": 59, "weight": 0.002778}, {"source": 11, "target": 46, "weight": 0.006623}, {"source": 11, "target": 33, "weight": 0.004255}, {"source": 11, "target": 56, "weight": 0.005693}, {"source": 11, "target": 37, "weight": 0.006993}, {"source": 11, "target": 69, "weight": 0.014286}, {"source": 11, "target": 19, "weight": 0.003145}, {"source": 11, "target": 16, "weight": 0.008065}, {"source": 11, "target": 54, "weight": 0.006329}, {"source": 11, "target": 71, "weight": 0.005556}, {"source": 12, "target": 43, "weight": 0.005882}, {"source": 12, "target": 65, "weight": 0.014493}, {"source": 12, "target": 26, "weight": 0.006623}, {"source": 12, "target": 27, "weight": 0.004808}, {"source": 12, "target": 25, "weight": 0.005714}, {"source": 12, "target": 23, "weight": 0.024096}, {"source": 12, "target": 50, "weight": 0.005236}, {"source": 12, "target": 30, "weight": 0.015625}, {"source": 12, "target": 62, "weight": 0.012422}, {"source": 12, "target": 36, "weight": 0.112554}, {"source": 12, "target": 22, "weight": 0.005747}, {"source": 12, "target": 56, "weight": 0.005376}, {"source": 13, "target": 45, "weight": 0.020408}, {"source": 14, "target": 56, "weight": 0.006667}, {"source": 15, "target": 65, "weight": 0.013889}, {"source": 15, "target": 56, "weight": 0.002364}, {"source": 15, "target": 19, "weight": 0.004717}, {"source": 16, "target": 60, "weight": 0.005988}, {"source": 16, "target": 45, "weight": 0.005988}, {"source": 16, "target": 71, "weight": 0.015625}, {"source": 16, "target": 22, "weight": 0.006369}, {"source": 16, "target": 56, "weight": 0.040153}, {"source": 17, "target": 53, "weight": 0.005495}, {"source": 17, "target": 36, "weight": 0.006623}, {"source": 17, "target": 56, "weight": 0.002198}, {"source": 18, "target": 23, "weight": 0.73913}, {"source": 18, "target": 36, "weight": 0.094828}, {"source": 18, "target": 30, "weight": 0.015625}, {"source": 19, "target": 25, "weight": 0.004405}, {"source": 19, "target": 60, "weight": 0.004237}, {"source": 19, "target": 65, "weight": 0.196347}, {"source": 19, "target": 45, "weight": 0.004237}, {"source": 19, "target": 23, "weight": 0.004525}, {"source": 19, "target": 32, "weight": 0.009217}, {"source": 19, "target": 30, "weight": 0.008163}, {"source": 19, "target": 52, "weight": 0.004405}, {"source": 19, "target": 36, "weight": 0.009804}, {"source": 19, "target": 53, "weight": 0.008902}, {"source": 19, "target": 71, "weight": 0.003802}, {"source": 19, "target": 56, "weight": 0.004918}, {"source": 20, "target": 28, "weight": 0.018182}, {"source": 20, "target": 30, "weight": 0.012346}, {"source": 20, "target": 31, "weight": 0.271186}, {"source": 20, "target": 40, "weight": 0.007407}, {"source": 20, "target": 56, "weight": 0.002237}, {"source": 21, "target": 25, "weight": 0.019608}, {"source": 22, "target": 59, "weight": 0.089069}, {"source": 22, "target": 68, "weight": 0.023256}, {"source": 22, "target": 75, "weight": 0.814815}, {"source": 22, "target": 53, "weight": 0.006098}, {"source": 22, "target": 72, "weight": 0.009434}, {"source": 22, "target": 56, "weight": 0.004587}, {"source": 22, "target": 41, "weight": 0.012821}, {"source": 23, "target": 59, "weight": 0.007634}, {"source": 23, "target": 28, "weight": 0.025}, {"source": 23, "target": 30, "weight": 0.015152}, {"source": 23, "target": 36, "weight": 0.09322}, {"source": 23, "target": 35, "weight": 0.5}, {"source": 23, "target": 72, "weight": 0.02}, {"source": 23, "target": 24, "weight": 0.384615}, {"source": 24, "target": 36, "weight": 0.051282}, {"source": 24, "target": 30, "weight": 0.016667}, {"source": 25, "target": 59, "weight": 0.003717}, {"source": 25, "target": 65, "weight": 0.011494}, {"source": 25, "target": 36, "weight": 0.007463}, {"source": 26, "target": 59, "weight": 0.004082}, {"source": 27, "target": 67, "weight": 0.013699}, {"source": 27, "target": 46, "weight": 0.010753}, {"source": 27, "target": 63, "weight": 0.016393}, {"source": 27, "target": 30, "weight": 0.009524}, {"source": 27, "target": 65, "weight": 0.008333}, {"source": 27, "target": 33, "weight": 0.011364}, {"source": 27, "target": 56, "weight": 0.012876}, {"source": 27, "target": 69, "weight": 0.037037}, {"source": 27, "target": 40, "weight": 0.006289}, {"source": 27, "target": 74, "weight": 0.022727}, {"source": 27, "target": 41, "weight": 0.018018}, {"source": 28, "target": 36, "weight": 0.007874}, {"source": 29, "target": 43, "weight": 0.3}, {"source": 29, "target": 36, "weight": 0.014706}, {"source": 30, "target": 42, "weight": 0.014925}, {"source": 30, "target": 62, "weight": 0.2}, {"source": 30, "target": 59, "weight": 0.003472}, {"source": 30, "target": 33, "weight": 0.018634}, {"source": 30, "target": 52, "weight": 0.013889}, {"source": 30, "target": 36, "weight": 0.006536}, {"source": 30, "target": 35, "weight": 0.017544}, {"source": 30, "target": 39, "weight": 0.025641}, {"source": 30, "target": 72, "weight": 0.007937}, {"source": 30, "target": 56, "weight": 0.002188}, {"source": 31, "target": 53, "weight": 0.00565}, {"source": 31, "target": 56, "weight": 0.002222}, {"source": 32, "target": 60, "weight": 0.018868}, {"source": 32, "target": 65, "weight": 0.012821}, {"source": 32, "target": 52, "weight": 0.022727}, {"source": 32, "target": 34, "weight": 0.05}, {"source": 32, "target": 76, "weight": 0.02}, {"source": 33, "target": 47, "weight": 0.015873}, {"source": 33, "target": 73, "weight": 0.005814}, {"source": 33, "target": 56, "weight": 0.007605}, {"source": 33, "target": 71, "weight": 0.005556}, {"source": 33, "target": 74, "weight": 0.072464}, {"source": 34, "target": 59, "weight": 0.004082}, {"source": 35, "target": 36, "weight": 0.061947}, {"source": 36, "target": 43, "weight": 0.015625}, {"source": 36, "target": 59, "weight": 0.041543}, {"source": 36, "target": 72, "weight": 0.125}, {"source": 37, "target": 54, "weight": 0.595238}, {"source": 37, "target": 44, "weight": 0.032258}, {"source": 37, "target": 49, "weight": 0.009901}, {"source": 38, "target": 65, "weight": 0.011494}, {"source": 40, "target": 56, "weight": 0.009862}, {"source": 40, "target": 57, "weight": 0.008}, {"source": 41, "target": 73, "weight": 0.009346}, {"source": 41, "target": 67, "weight": 0.015152}, {"source": 41, "target": 74, "weight": 0.024691}, {"source": 42, "target": 65, "weight": 0.012195}, {"source": 42, "target": 45, "weight": 0.017544}, {"source": 43, "target": 59, "weight": 0.003788}, {"source": 43, "target": 72, "weight": 0.131868}, {"source": 44, "target": 54, "weight": 0.025974}, {"source": 44, "target": 56, "weight": 0.002227}, {"source": 45, "target": 56, "weight": 0.011287}, {"source": 46, "target": 56, "weight": 0.013636}, {"source": 47, "target": 56, "weight": 0.002375}, {"source": 48, "target": 53, "weight": 0.006452}, {"source": 49, "target": 56, "weight": 0.018789}, {"source": 49, "target": 53, "weight": 0.004673}, {"source": 49, "target": 71, "weight": 0.007246}, {"source": 49, "target": 54, "weight": 0.008621}, {"source": 50, "target": 59, "weight": 0.003509}, {"source": 50, "target": 66, "weight": 0.019608}, {"source": 52, "target": 65, "weight": 0.011494}, {"source": 52, "target": 53, "weight": 0.006061}, {"source": 53, "target": 58, "weight": 0.00578}, {"source": 53, "target": 59, "weight": 0.007916}, {"source": 53, "target": 63, "weight": 0.015326}, {"source": 53, "target": 73, "weight": 0.010417}, {"source": 53, "target": 56, "weight": 0.009158}, {"source": 53, "target": 75, "weight": 0.006211}, {"source": 54, "target": 63, "weight": 0.006024}, {"source": 54, "target": 56, "weight": 0.002212}, {"source": 55, "target": 56, "weight": 0.004739}, {"source": 56, "target": 68, "weight": 0.002331}, {"source": 56, "target": 75, "weight": 0.004619}, {"source": 56, "target": 59, "weight": 0.007692}, {"source": 56, "target": 63, "weight": 0.164502}, {"source": 56, "target": 65, "weight": 0.002119}, {"source": 56, "target": 69, "weight": 0.016317}, {"source": 56, "target": 70, "weight": 0.002268}, {"source": 56, "target": 71, "weight": 0.00211}, {"source": 58, "target": 73, "weight": 0.47541}, {"source": 59, "target": 68, "weight": 0.007722}, {"source": 59, "target": 73, "weight": 0.003367}, {"source": 59, "target": 65, "weight": 0.0033}, {"source": 61, "target": 65, "weight": 0.011628}, {"source": 68, "target": 75, "weight": 0.025}, {"source": 71, "target": 72, "weight": 0.006993}], "multigraph": false}