{"directed": false, "graph": {}, "nodes": [{"group": 0, "id": "dwelling"}, {"group": 1, "id": "dwarf"}, {"group": 1, "id": "dweller", "degree": 2}, {"group": 1, "id": "dwindle", "degree": 1}, {"group": 1, "id": "dwarfed", "degree": 2}, {"group": 1, "id": "dwell"}, {"group": 1, "id": "dwindling", "degree": 1}], "links": [{"source": 0, "target": 2, "weight": 0.027778}, {"source": 1, "target": 4, "weight": 0.117647}, {"source": 2, "target": 5, "weight": 0.02}, {"source": 3, "target": 5, "weight": 0.009346}, {"source": 3, "target": 6, "weight": 0.070423}, {"source": 4, "target": 5, "weight": 0.009434}], "multigraph": false}