{"directed": false, "graph": {}, "nodes": [{"group": 0, "id": "dysentery"}, {"group": 0, "id": "dyspepsia", "degree": 1}, {"group": 1, "id": "dying", "degree": 0}, {"group": 2, "id": "dysphasia", "degree": 0}, {"group": 1, "id": "dynamic", "degree": 1}, {"group": 3, "id": "dyke", "degree": 0}, {"group": 4, "id": "dybbuk"}, {"group": 5, "id": "dyspeptic", "degree": 0}, {"group": 4, "id": "dye", "degree": 1}, {"group": 6, "id": "dyad", "degree": 0}, {"group": 1, "id": "dynamics", "degree": 3}], "links": [{"source": 0, "target": 10, "weight": 0.009009}, {"source": 0, "target": 1, "weight": 0.553191}, {"source": 2, "target": 10, "weight": 0.007143}, {"source": 2, "target": 4, "weight": 0.005464}, {"source": 4, "target": 10, "weight": 0.0125}, {"source": 6, "target": 8, "weight": 0.018018}], "multigraph": false}