{"directed": false, "graph": {}, "nodes": [{"group": 0, "id": "earthwork", "degree": 3}, {"group": 1, "id": "earthshaker", "degree": 3}, {"group": 0, "id": "eagerness", "degree": 4}, {"group": 0, "id": "earnestness", "degree": 4}, {"group": 2, "id": "earthiness", "degree": 0}, {"group": 1, "id": "earth", "degree": 7}, {"group": 3, "id": "earliness", "degree": 0}, {"group": 0, "id": "eardrum"}, {"group": 5, "id": "earthenware", "degree": 0}, {"group": 1, "id": "earthbound", "degree": 5}, {"group": 6, "id": "ease"}, {"group": 1, "id": "earthy"}, {"group": 7, "id": "eagerly", "degree": 1}, {"group": 10, "id": "earthquake", "degree": 0}, {"group": 0, "id": "eager"}, {"group": 0, "id": "earnings"}, {"group": 8, "id": "easy", "degree": 8}, {"group": 0, "id": "eagle"}, {"group": 1, "id": "earthshaking", "degree": 2}, {"group": 8, "id": "easygoing"}, {"group": 0, "id": "eavesdrop", "degree": 2}, {"group": 4, "id": "earphone", "degree": 0}, {"group": 9, "id": "earlier"}, {"group": 9, "id": "early", "degree": 3}, {"group": 0, "id": "earnest", "degree": 9}, {"group": 1, "id": "earthly"}, {"group": 0, "id": "ear"}, {"group": 0, "id": "eat"}, {"group": 11, "id": "earl", "degree": 0}, {"group": 7, "id": "easily"}, {"group": 1, "id": "earn"}, {"group": 1, "id": "easel"}, {"group": 0, "id": "earmark", "degree": 11}, {"group": 12, "id": "eaves", "degree": 0}, {"group": 6, "id": "easement"}, {"group": 13, "id": "eavesdropper", "degree": 0}, {"group": 1, "id": "earthling"}, {"group": 14, "id": "each", "degree": 0}, {"group": 6, "id": "easing", "degree": 3}], "links": [{"source": 0, "target": 17, "weight": 0.005435}, {"source": 0, "target": 26, "weight": 0.006993}, {"source": 0, "target": 32, "weight": 0.005747}, {"source": 0, "target": 15, "weight": 0.009615}, {"source": 1, "target": 17, "weight": 0.006993}, {"source": 1, "target": 30, "weight": 0.026316}, {"source": 1, "target": 36, "weight": 0.02381}, {"source": 2, "target": 32, "weight": 0.004651}, {"source": 2, "target": 14, "weight": 0.010695}, {"source": 2, "target": 3, "weight": 0.042553}, {"source": 2, "target": 10, "weight": 0.012384}, {"source": 2, "target": 24, "weight": 0.004673}, {"source": 2, "target": 27, "weight": 0.007194}, {"source": 3, "target": 17, "weight": 0.005435}, {"source": 3, "target": 20, "weight": 0.016129}, {"source": 3, "target": 10, "weight": 0.003509}, {"source": 3, "target": 7, "weight": 0.014706}, {"source": 3, "target": 24, "weight": 0.011628}, {"source": 3, "target": 5, "weight": 0.006711}, {"source": 3, "target": 32, "weight": 0.005747}, {"source": 3, "target": 26, "weight": 0.133858}, {"source": 5, "target": 31, "weight": 0.008772}, {"source": 5, "target": 32, "weight": 0.009217}, {"source": 5, "target": 16, "weight": 0.003086}, {"source": 5, "target": 9, "weight": 0.025641}, {"source": 5, "target": 36, "weight": 0.015873}, {"source": 5, "target": 11, "weight": 0.024691}, {"source": 5, "target": 18, "weight": 0.008065}, {"source": 5, "target": 25, "weight": 0.033898}, {"source": 5, "target": 19, "weight": 0.00431}, {"source": 9, "target": 36, "weight": 0.018868}, {"source": 9, "target": 10, "weight": 0.003922}, {"source": 9, "target": 11, "weight": 0.057471}, {"source": 9, "target": 24, "weight": 0.006993}, {"source": 9, "target": 25, "weight": 0.090909}, {"source": 10, "target": 24, "weight": 0.008547}, {"source": 10, "target": 16, "weight": 0.01766}, {"source": 10, "target": 38, "weight": 0.065693}, {"source": 10, "target": 32, "weight": 0.002825}, {"source": 11, "target": 18, "weight": 0.021053}, {"source": 11, "target": 16, "weight": 0.013652}, {"source": 12, "target": 29, "weight": 0.03125}, {"source": 14, "target": 23, "weight": 0.006494}, {"source": 14, "target": 24, "weight": 0.043478}, {"source": 14, "target": 16, "weight": 0.009375}, {"source": 16, "target": 17, "weight": 0.002786}, {"source": 16, "target": 30, "weight": 0.003937}, {"source": 16, "target": 32, "weight": 0.002865}, {"source": 16, "target": 19, "weight": 0.29078}, {"source": 16, "target": 24, "weight": 0.005764}, {"source": 16, "target": 29, "weight": 0.007937}, {"source": 16, "target": 38, "weight": 0.003497}, {"source": 17, "target": 32, "weight": 0.016}, {"source": 18, "target": 25, "weight": 0.039216}, {"source": 19, "target": 23, "weight": 0.005128}, {"source": 20, "target": 26, "weight": 0.01}, {"source": 22, "target": 23, "weight": 0.371429}, {"source": 24, "target": 34, "weight": 0.006061}, {"source": 24, "target": 32, "weight": 0.004132}, {"source": 24, "target": 26, "weight": 0.004739}, {"source": 26, "target": 32, "weight": 0.019139}, {"source": 27, "target": 32, "weight": 0.012048}, {"source": 30, "target": 32, "weight": 0.006757}, {"source": 32, "target": 36, "weight": 0.006579}, {"source": 34, "target": 38, "weight": 0.223529}], "multigraph": false}