{"directed": false, "graph": {}, "nodes": [{"group": 0, "id": "echoing"}, {"group": 1, "id": "economizing"}, {"group": 2, "id": "ectoplasmic"}, {"group": 0, "id": "echo", "degree": 5}, {"group": 0, "id": "ecstasy", "degree": 1}, {"group": 1, "id": "economic", "degree": 3}, {"group": 3, "id": "ecosphere", "degree": 0}, {"group": 4, "id": "eczema", "degree": 0}, {"group": 0, "id": "eclat", "degree": 5}, {"group": 2, "id": "ecclesiastic"}, {"group": 2, "id": "ecclesiastical", "degree": 2}, {"group": 0, "id": "ecumenical", "degree": 1}, {"group": 1, "id": "economical", "degree": 1}, {"group": 0, "id": "eclectic", "degree": 2}, {"group": 1, "id": "economy", "degree": 2}, {"group": 0, "id": "eccentric"}, {"group": 0, "id": "ecliptic"}, {"group": 0, "id": "eccentricity", "degree": 3}, {"group": 0, "id": "echelon"}, {"group": 0, "id": "eclampsia"}, {"group": 5, "id": "economics", "degree": 0}, {"group": 0, "id": "eclipse"}, {"group": 6, "id": "economically", "degree": 0}, {"group": 0, "id": "eclair"}, {"group": 0, "id": "ecru", "degree": 1}, {"group": 0, "id": "echoic"}], "links": [{"source": 0, "target": 3, "weight": 0.024242}, {"source": 1, "target": 5, "weight": 0.416667}, {"source": 1, "target": 12, "weight": 0.333333}, {"source": 1, "target": 14, "weight": 0.12766}, {"source": 2, "target": 10, "weight": 0.066667}, {"source": 3, "target": 16, "weight": 0.005714}, {"source": 3, "target": 21, "weight": 0.004386}, {"source": 3, "target": 25, "weight": 0.027322}, {"source": 3, "target": 8, "weight": 0.009479}, {"source": 4, "target": 17, "weight": 0.006711}, {"source": 4, "target": 8, "weight": 0.008197}, {"source": 4, "target": 19, "weight": 0.024691}, {"source": 5, "target": 12, "weight": 0.34375}, {"source": 5, "target": 14, "weight": 0.422222}, {"source": 8, "target": 15, "weight": 0.004292}, {"source": 8, "target": 21, "weight": 0.007092}, {"source": 8, "target": 23, "weight": 0.013158}, {"source": 8, "target": 17, "weight": 0.006579}, {"source": 9, "target": 10, "weight": 0.047619}, {"source": 11, "target": 13, "weight": 0.013158}, {"source": 12, "target": 14, "weight": 0.125}, {"source": 13, "target": 15, "weight": 0.004202}, {"source": 13, "target": 25, "weight": 0.009524}, {"source": 15, "target": 17, "weight": 0.007722}, {"source": 17, "target": 18, "weight": 0.008772}, {"source": 21, "target": 24, "weight": 0.008929}], "multigraph": false}