{"directed": false, "graph": {}, "nodes": [{"group": 0, "id": "edict", "degree": 2}, {"group": 0, "id": "educational", "degree": 3}, {"group": 0, "id": "educated"}, {"group": 0, "id": "edifying", "degree": 2}, {"group": 1, "id": "edify"}, {"group": 1, "id": "edema"}, {"group": 2, "id": "edit", "degree": 6}, {"group": 4, "id": "education"}, {"group": 1, "id": "educate", "degree": 4}, {"group": 3, "id": "edgy", "degree": 0}, {"group": 2, "id": "edition", "degree": 1}, {"group": 2, "id": "eddy", "degree": 2}, {"group": 2, "id": "edge"}, {"group": 1, "id": "editor", "degree": 4}, {"group": 0, "id": "editorial"}, {"group": 1, "id": "educator"}, {"group": 2, "id": "edulcorate", "degree": 0}, {"group": 2, "id": "editorialize"}, {"group": 2, "id": "educe", "degree": 1}, {"group": 4, "id": "edification", "degree": 1}], "links": [{"source": 0, "target": 12, "weight": 0.004902}, {"source": 0, "target": 14, "weight": 0.028571}, {"source": 1, "target": 2, "weight": 0.018519}, {"source": 1, "target": 3, "weight": 0.75}, {"source": 1, "target": 14, "weight": 0.051282}, {"source": 2, "target": 3, "weight": 0.019608}, {"source": 3, "target": 14, "weight": 0.055556}, {"source": 4, "target": 6, "weight": 0.025974}, {"source": 4, "target": 8, "weight": 0.795918}, {"source": 4, "target": 13, "weight": 0.012821}, {"source": 5, "target": 8, "weight": 0.019231}, {"source": 5, "target": 11, "weight": 0.006289}, {"source": 6, "target": 8, "weight": 0.024691}, {"source": 6, "target": 10, "weight": 0.031746}, {"source": 6, "target": 13, "weight": 0.013699}, {"source": 6, "target": 14, "weight": 0.017241}, {"source": 6, "target": 16, "weight": 0.015625}, {"source": 6, "target": 17, "weight": 0.021277}, {"source": 7, "target": 19, "weight": 0.538462}, {"source": 8, "target": 13, "weight": 0.012195}, {"source": 8, "target": 15, "weight": 0.015873}, {"source": 8, "target": 17, "weight": 0.017857}, {"source": 10, "target": 12, "weight": 0.005495}, {"source": 11, "target": 12, "weight": 0.004975}, {"source": 12, "target": 18, "weight": 0.005917}, {"source": 13, "target": 15, "weight": 0.018519}], "multigraph": false}