{"directed": false, "graph": {}, "nodes": [{"group": 0, "id": "effectuate"}, {"group": 0, "id": "effigy", "degree": 2}, {"group": 0, "id": "effeminize", "degree": 1}, {"group": 0, "id": "effervesce"}, {"group": 1, "id": "effectively", "degree": 0}, {"group": 2, "id": "effortless", "degree": 4}, {"group": 2, "id": "effervescent", "degree": 5}, {"group": 2, "id": "effervescence"}, {"group": 2, "id": "effete", "degree": 0}, {"group": 3, "id": "efficient"}, {"group": 0, "id": "effectiveness"}, {"group": 1, "id": "effortlessly", "degree": 2}, {"group": 3, "id": "efficacious", "degree": 6}, {"group": 0, "id": "effect"}, {"group": 0, "id": "efficiency", "degree": 2}, {"group": 0, "id": "effort", "degree": 8}, {"group": 1, "id": "efficiently", "degree": 1}, {"group": 0, "id": "effluvium"}, {"group": 3, "id": "effective", "degree": 6}, {"group": 2, "id": "effusive"}, {"group": 2, "id": "effeminate", "degree": 3}, {"group": 3, "id": "effectual", "degree": 3}, {"group": 2, "id": "effuse"}], "links": [{"source": 0, "target": 15, "weight": 0.0125}, {"source": 1, "target": 17, "weight": 0.017241}, {"source": 1, "target": 13, "weight": 0.011905}, {"source": 2, "target": 17, "weight": 0.023256}, {"source": 3, "target": 15, "weight": 0.006993}, {"source": 4, "target": 11, "weight": 0.083333}, {"source": 4, "target": 16, "weight": 0.222222}, {"source": 5, "target": 20, "weight": 0.037037}, {"source": 5, "target": 19, "weight": 0.0375}, {"source": 5, "target": 13, "weight": 0.003021}, {"source": 5, "target": 8, "weight": 0.006211}, {"source": 6, "target": 7, "weight": 0.014706}, {"source": 6, "target": 12, "weight": 0.009901}, {"source": 6, "target": 18, "weight": 0.014184}, {"source": 6, "target": 20, "weight": 0.009901}, {"source": 6, "target": 19, "weight": 0.015748}, {"source": 6, "target": 21, "weight": 0.007092}, {"source": 6, "target": 9, "weight": 0.011236}, {"source": 6, "target": 22, "weight": 0.007299}, {"source": 7, "target": 15, "weight": 0.00578}, {"source": 8, "target": 20, "weight": 0.011236}, {"source": 9, "target": 21, "weight": 0.228916}, {"source": 9, "target": 18, "weight": 0.22619}, {"source": 9, "target": 12, "weight": 0.265306}, {"source": 10, "target": 14, "weight": 0.08209}, {"source": 10, "target": 15, "weight": 0.016575}, {"source": 11, "target": 16, "weight": 0.05}, {"source": 12, "target": 18, "weight": 0.4375}, {"source": 12, "target": 19, "weight": 0.01}, {"source": 12, "target": 21, "weight": 0.443038}, {"source": 12, "target": 22, "weight": 0.009174}, {"source": 13, "target": 20, "weight": 0.002865}, {"source": 13, "target": 14, "weight": 0.013514}, {"source": 13, "target": 15, "weight": 0.024752}, {"source": 14, "target": 15, "weight": 0.006173}, {"source": 15, "target": 18, "weight": 0.005618}, {"source": 15, "target": 21, "weight": 0.00565}, {"source": 15, "target": 22, "weight": 0.00578}, {"source": 18, "target": 22, "weight": 0.006667}, {"source": 18, "target": 19, "weight": 0.007092}, {"source": 18, "target": 21, "weight": 0.383929}, {"source": 19, "target": 21, "weight": 0.007143}, {"source": 21, "target": 22, "weight": 0.006711}], "multigraph": false}