{"directed": false, "graph": {}, "nodes": [{"group": 0, "id": "egocentric", "degree": 2}, {"group": 0, "id": "egotist"}, {"group": 0, "id": "egotistic"}, {"group": 1, "id": "egotism", "degree": 1}, {"group": 2, "id": "eggbeater", "degree": 0}, {"group": 1, "id": "ego", "degree": 0}, {"group": 3, "id": "egest", "degree": 0}, {"group": 0, "id": "egotistical", "degree": 3}], "links": [{"source": 0, "target": 2, "weight": 0.181818}, {"source": 0, "target": 1, "weight": 0.214286}, {"source": 0, "target": 7, "weight": 0.2}, {"source": 1, "target": 7, "weight": 0.045455}, {"source": 2, "target": 7, "weight": 0.117647}, {"source": 3, "target": 5, "weight": 0.043478}], "multigraph": false}