{"directed": false, "graph": {}, "nodes": [{"group": 0, "id": "ejaculation", "degree": 3}, {"group": 0, "id": "ejection"}, {"group": 1, "id": "ejaculatory", "degree": 0}, {"group": 2, "id": "ejaculate", "degree": 2}, {"group": 2, "id": "eject"}], "links": [{"source": 0, "target": 1, "weight": 0.148148}, {"source": 0, "target": 3, "weight": 0.121212}, {"source": 0, "target": 4, "weight": 0.020202}, {"source": 1, "target": 3, "weight": 0.016129}, {"source": 3, "target": 4, "weight": 0.073684}], "multigraph": false}