{"directed": false, "graph": {}, "nodes": [{"group": 0, "id": "electorate"}, {"group": 1, "id": "el"}, {"group": 2, "id": "elopement"}, {"group": 3, "id": "elect"}, {"group": 4, "id": "elegiac"}, {"group": 13, "id": "elliptical"}, {"group": 10, "id": "elemental", "degree": 7}, {"group": 4, "id": "elegize"}, {"group": 0, "id": "elasticity"}, {"group": 3, "id": "elderly"}, {"group": 2, "id": "elude"}, {"group": 0, "id": "elevate", "degree": 7}, {"group": 0, "id": "elan", "degree": 4}, {"group": 5, "id": "electrostatic"}, {"group": 0, "id": "elaborateness", "degree": 5}, {"group": 1, "id": "elevated"}, {"group": 3, "id": "elitist", "degree": 0}, {"group": 6, "id": "elephantine"}, {"group": 0, "id": "elate", "degree": 3}, {"group": 3, "id": "elder", "degree": 12}, {"group": 2, "id": "ellipse", "degree": 2}, {"group": 1, "id": "elsewhere", "degree": 1}, {"group": 6, "id": "elk"}, {"group": 10, "id": "elastic"}, {"group": 2, "id": "ell", "degree": 3}, {"group": 3, "id": "eleven"}, {"group": 2, "id": "electrify"}, {"group": 9, "id": "eloquent", "degree": 6}, {"group": 10, "id": "elf"}, {"group": 11, "id": "electrolyze"}, {"group": 0, "id": "elegance", "degree": 12}, {"group": 3, "id": "election", "degree": 8}, {"group": 0, "id": "elation"}, {"group": 12, "id": "elision", "degree": 5}, {"group": 11, "id": "eliminate", "degree": 7}, {"group": 13, "id": "elliptic"}, {"group": 7, "id": "electroplating", "degree": 3}, {"group": 12, "id": "ellipsis", "degree": 6}, {"group": 10, "id": "elfin", "degree": 4}, {"group": 3, "id": "elements"}, {"group": 0, "id": "elevation"}, {"group": 1, "id": "electric", "degree": 5}, {"group": 3, "id": "elbowroom"}, {"group": 3, "id": "eleemosynary"}, {"group": 11, "id": "elucidate", "degree": 5}, {"group": 6, "id": "elephant", "degree": 3}, {"group": 5, "id": "electrified", "degree": 1}, {"group": 10, "id": "elementary"}, {"group": 3, "id": "elapsed", "degree": 7}, {"group": 11, "id": "elimination"}, {"group": 2, "id": "elbow", "degree": 14}, {"group": 7, "id": "electron", "degree": 3}, {"group": 10, "id": "elixir"}, {"group": 14, "id": "elucidative", "degree": 0}, {"group": 3, "id": "else"}, {"group": 3, "id": "elite"}, {"group": 9, "id": "elocution", "degree": 2}, {"group": 15, "id": "electromagnetism", "degree": 0}, {"group": 1, "id": "elated", "degree": 6}, {"group": 2, "id": "elapse", "degree": 6}, {"group": 7, "id": "electrolysis"}, {"group": 8, "id": "ellipsoid", "degree": 0}, {"group": 2, "id": "elope", "degree": 3}, {"group": 16, "id": "elegant", "degree": 13}, {"group": 3, "id": "elected", "degree": 3}, {"group": 16, "id": "elaborate"}, {"group": 3, "id": "eligible"}, {"group": 11, "id": "elide", "degree": 6}, {"group": 2, "id": "elicit", "degree": 2}, {"group": 7, "id": "element"}, {"group": 9, "id": "eloquence", "degree": 0}, {"group": 6, "id": "electricity"}, {"group": 10, "id": "elfish", "degree": 1}, {"group": 3, "id": "elective", "degree": 7}, {"group": 2, "id": "elusion", "degree": 2}, {"group": 13, "id": "elongate"}, {"group": 12, "id": "elaboration"}, {"group": 5, "id": "electrifying", "degree": 4}, {"group": 17, "id": "elegist", "degree": 0}, {"group": 13, "id": "elongated", "degree": 4}, {"group": 4, "id": "elegy", "degree": 2}], "links": [{"source": 0, "target": 30, "weight": 0.009174}, {"source": 0, "target": 14, "weight": 0.021277}, {"source": 1, "target": 50, "weight": 0.007299}, {"source": 1, "target": 58, "weight": 0.011236}, {"source": 1, "target": 77, "weight": 0.014493}, {"source": 1, "target": 41, "weight": 0.404255}, {"source": 2, "target": 62, "weight": 0.043478}, {"source": 3, "target": 11, "weight": 0.007246}, {"source": 3, "target": 19, "weight": 0.015}, {"source": 3, "target": 63, "weight": 0.008439}, {"source": 3, "target": 6, "weight": 0.007634}, {"source": 3, "target": 30, "weight": 0.006944}, {"source": 3, "target": 48, "weight": 0.011494}, {"source": 3, "target": 64, "weight": 0.164179}, {"source": 3, "target": 73, "weight": 0.00885}, {"source": 3, "target": 14, "weight": 0.012195}, {"source": 3, "target": 34, "weight": 0.006993}, {"source": 3, "target": 31, "weight": 0.019417}, {"source": 4, "target": 58, "weight": 0.016393}, {"source": 4, "target": 80, "weight": 0.054054}, {"source": 5, "target": 79, "weight": 0.111111}, {"source": 6, "target": 23, "weight": 0.009174}, {"source": 6, "target": 38, "weight": 0.022472}, {"source": 6, "target": 27, "weight": 0.011494}, {"source": 6, "target": 28, "weight": 0.018018}, {"source": 6, "target": 69, "weight": 0.062069}, {"source": 6, "target": 19, "weight": 0.00495}, {"source": 6, "target": 73, "weight": 0.00885}, {"source": 6, "target": 52, "weight": 0.025}, {"source": 6, "target": 47, "weight": 0.593407}, {"source": 6, "target": 55, "weight": 0.008065}, {"source": 6, "target": 31, "weight": 0.009615}, {"source": 7, "target": 80, "weight": 0.102564}, {"source": 8, "target": 30, "weight": 0.010101}, {"source": 9, "target": 19, "weight": 0.006494}, {"source": 9, "target": 48, "weight": 0.025641}, {"source": 10, "target": 50, "weight": 0.006329}, {"source": 10, "target": 74, "weight": 0.038961}, {"source": 10, "target": 12, "weight": 0.010204}, {"source": 10, "target": 34, "weight": 0.007299}, {"source": 10, "target": 62, "weight": 0.014085}, {"source": 11, "target": 59, "weight": 0.022472}, {"source": 11, "target": 76, "weight": 0.013158}, {"source": 11, "target": 40, "weight": 0.044118}, {"source": 11, "target": 44, "weight": 0.010526}, {"source": 11, "target": 65, "weight": 0.018018}, {"source": 11, "target": 15, "weight": 0.007663}, {"source": 11, "target": 34, "weight": 0.006667}, {"source": 11, "target": 50, "weight": 0.005848}, {"source": 11, "target": 18, "weight": 0.051948}, {"source": 12, "target": 32, "weight": 0.032258}, {"source": 12, "target": 30, "weight": 0.008547}, {"source": 12, "target": 52, "weight": 0.010526}, {"source": 13, "target": 77, "weight": 0.15625}, {"source": 13, "target": 41, "weight": 0.03125}, {"source": 13, "target": 46, "weight": 0.333333}, {"source": 14, "target": 40, "weight": 0.019481}, {"source": 14, "target": 65, "weight": 0.005917}, {"source": 14, "target": 30, "weight": 0.2}, {"source": 14, "target": 63, "weight": 0.005291}, {"source": 14, "target": 55, "weight": 0.013333}, {"source": 15, "target": 58, "weight": 0.016878}, {"source": 15, "target": 41, "weight": 0.101523}, {"source": 15, "target": 27, "weight": 0.019231}, {"source": 15, "target": 63, "weight": 0.052174}, {"source": 15, "target": 50, "weight": 0.003472}, {"source": 15, "target": 77, "weight": 0.004545}, {"source": 15, "target": 79, "weight": 0.009804}, {"source": 16, "target": 19, "weight": 0.013699}, {"source": 17, "target": 63, "weight": 0.007605}, {"source": 17, "target": 45, "weight": 0.026316}, {"source": 17, "target": 34, "weight": 0.005917}, {"source": 17, "target": 48, "weight": 0.00885}, {"source": 18, "target": 32, "weight": 0.015625}, {"source": 18, "target": 40, "weight": 0.013699}, {"source": 19, "target": 40, "weight": 0.010949}, {"source": 19, "target": 66, "weight": 0.006667}, {"source": 19, "target": 63, "weight": 0.003236}, {"source": 19, "target": 30, "weight": 0.004651}, {"source": 19, "target": 48, "weight": 0.006329}, {"source": 19, "target": 25, "weight": 0.025641}, {"source": 19, "target": 73, "weight": 0.005435}, {"source": 19, "target": 47, "weight": 0.004651}, {"source": 19, "target": 55, "weight": 0.010309}, {"source": 20, "target": 50, "weight": 0.017544}, {"source": 20, "target": 55, "weight": 0.013333}, {"source": 20, "target": 24, "weight": 0.042553}, {"source": 21, "target": 58, "weight": 0.041667}, {"source": 21, "target": 35, "weight": 0.015152}, {"source": 22, "target": 50, "weight": 0.008772}, {"source": 22, "target": 45, "weight": 0.108108}, {"source": 23, "target": 63, "weight": 0.00463}, {"source": 24, "target": 50, "weight": 0.247619}, {"source": 24, "target": 74, "weight": 0.019608}, {"source": 24, "target": 40, "weight": 0.017751}, {"source": 24, "target": 69, "weight": 0.008403}, {"source": 25, "target": 34, "weight": 0.01}, {"source": 26, "target": 50, "weight": 0.02027}, {"source": 26, "target": 68, "weight": 0.052632}, {"source": 27, "target": 70, "weight": 0.033333}, {"source": 27, "target": 63, "weight": 0.010363}, {"source": 27, "target": 35, "weight": 0.015625}, {"source": 27, "target": 47, "weight": 0.01}, {"source": 27, "target": 56, "weight": 0.051282}, {"source": 28, "target": 72, "weight": 0.015873}, {"source": 28, "target": 38, "weight": 0.058824}, {"source": 29, "target": 67, "weight": 0.016949}, {"source": 30, "target": 59, "weight": 0.010417}, {"source": 30, "target": 76, "weight": 0.012658}, {"source": 30, "target": 40, "weight": 0.023364}, {"source": 30, "target": 63, "weight": 0.008}, {"source": 30, "target": 65, "weight": 0.008696}, {"source": 30, "target": 49, "weight": 0.007092}, {"source": 30, "target": 52, "weight": 0.007407}, {"source": 30, "target": 55, "weight": 0.007299}, {"source": 31, "target": 39, "weight": 0.015625}, {"source": 31, "target": 63, "weight": 0.004739}, {"source": 31, "target": 73, "weight": 0.023529}, {"source": 31, "target": 47, "weight": 0.008547}, {"source": 31, "target": 40, "weight": 0.017045}, {"source": 31, "target": 55, "weight": 0.020833}, {"source": 33, "target": 76, "weight": 0.030303}, {"source": 33, "target": 60, "weight": 0.028571}, {"source": 33, "target": 67, "weight": 0.03125}, {"source": 33, "target": 34, "weight": 0.010204}, {"source": 33, "target": 35, "weight": 0.015873}, {"source": 33, "target": 37, "weight": 0.909091}, {"source": 34, "target": 59, "weight": 0.010526}, {"source": 34, "target": 44, "weight": 0.01}, {"source": 34, "target": 65, "weight": 0.004348}, {"source": 34, "target": 67, "weight": 0.23}, {"source": 34, "target": 49, "weight": 0.052239}, {"source": 34, "target": 63, "weight": 0.004}, {"source": 34, "target": 35, "weight": 0.008333}, {"source": 34, "target": 37, "weight": 0.010204}, {"source": 35, "target": 67, "weight": 0.023256}, {"source": 35, "target": 63, "weight": 0.004651}, {"source": 35, "target": 37, "weight": 0.015873}, {"source": 35, "target": 79, "weight": 0.035088}, {"source": 36, "target": 51, "weight": 0.058824}, {"source": 36, "target": 60, "weight": 0.222222}, {"source": 36, "target": 69, "weight": 0.032609}, {"source": 37, "target": 76, "weight": 0.030303}, {"source": 37, "target": 60, "weight": 0.028571}, {"source": 37, "target": 67, "weight": 0.03125}, {"source": 38, "target": 47, "weight": 0.019608}, {"source": 38, "target": 72, "weight": 0.076923}, {"source": 40, "target": 59, "weight": 0.006369}, {"source": 40, "target": 62, "weight": 0.006623}, {"source": 40, "target": 50, "weight": 0.008439}, {"source": 41, "target": 58, "weight": 0.012987}, {"source": 41, "target": 46, "weight": 0.051282}, {"source": 41, "target": 54, "weight": 0.017241}, {"source": 42, "target": 73, "weight": 0.016393}, {"source": 43, "target": 63, "weight": 0.005236}, {"source": 43, "target": 73, "weight": 0.030769}, {"source": 44, "target": 63, "weight": 0.005128}, {"source": 44, "target": 65, "weight": 0.011494}, {"source": 44, "target": 67, "weight": 0.014925}, {"source": 45, "target": 71, "weight": 0.032258}, {"source": 46, "target": 77, "weight": 0.125}, {"source": 47, "target": 63, "weight": 0.020243}, {"source": 47, "target": 73, "weight": 0.007937}, {"source": 48, "target": 64, "weight": 0.030303}, {"source": 48, "target": 63, "weight": 0.005155}, {"source": 48, "target": 54, "weight": 0.018868}, {"source": 49, "target": 59, "weight": 0.0125}, {"source": 49, "target": 67, "weight": 0.018868}, {"source": 50, "target": 59, "weight": 0.008621}, {"source": 50, "target": 62, "weight": 0.009091}, {"source": 50, "target": 69, "weight": 0.005376}, {"source": 50, "target": 74, "weight": 0.008475}, {"source": 50, "target": 55, "weight": 0.006369}, {"source": 51, "target": 69, "weight": 0.042105}, {"source": 51, "target": 52, "weight": 0.014925}, {"source": 51, "target": 60, "weight": 0.04}, {"source": 52, "target": 68, "weight": 0.011905}, {"source": 54, "target": 63, "weight": 0.004902}, {"source": 55, "target": 64, "weight": 0.075758}, {"source": 55, "target": 63, "weight": 0.008696}, {"source": 56, "target": 70, "weight": 0.272727}, {"source": 58, "target": 63, "weight": 0.004484}, {"source": 59, "target": 76, "weight": 0.010204}, {"source": 59, "target": 62, "weight": 0.071429}, {"source": 59, "target": 74, "weight": 0.027027}, {"source": 59, "target": 75, "weight": 0.029412}, {"source": 63, "target": 64, "weight": 0.005435}, {"source": 63, "target": 76, "weight": 0.003953}, {"source": 63, "target": 65, "weight": 0.189781}, {"source": 63, "target": 67, "weight": 0.009259}, {"source": 63, "target": 73, "weight": 0.004545}, {"source": 67, "target": 76, "weight": 0.016129}, {"source": 69, "target": 73, "weight": 0.022556}, {"source": 75, "target": 79, "weight": 0.1}], "multigraph": false}