{"directed": false, "graph": {}, "nodes": [{"group": 0, "id": "emotion"}, {"group": 1, "id": "embolism", "degree": 2}, {"group": 2, "id": "emblazon", "degree": 12}, {"group": 3, "id": "embezzlement", "degree": 3}, {"group": 1, "id": "embassy", "degree": 10}, {"group": 3, "id": "embezzle", "degree": 6}, {"group": 1, "id": "emulsion"}, {"group": 4, "id": "emaciated", "degree": 4}, {"group": 0, "id": "embittered"}, {"group": 5, "id": "empiricism", "degree": 2}, {"group": 5, "id": "employer", "degree": 3}, {"group": 2, "id": "emend"}, {"group": 3, "id": "employee"}, {"group": 3, "id": "employed", "degree": 3}, {"group": 0, "id": "embossed"}, {"group": 6, "id": "emphatically", "degree": 1}, {"group": 1, "id": "emergency", "degree": 9}, {"group": 1, "id": "embark"}, {"group": 7, "id": "emergence"}, {"group": 2, "id": "embroider", "degree": 7}, {"group": 1, "id": "embankment", "degree": 6}, {"group": 4, "id": "embryonic"}, {"group": 8, "id": "emote"}, {"group": 7, "id": "emanate", "degree": 4}, {"group": 5, "id": "empire", "degree": 3}, {"group": 7, "id": "emptiness", "degree": 11}, {"group": 3, "id": "employment"}, {"group": 2, "id": "emetic"}, {"group": 1, "id": "embodied", "degree": 1}, {"group": 2, "id": "embellishment"}, {"group": 0, "id": "eminent", "degree": 10}, {"group": 9, "id": "emphysema", "degree": 1}, {"group": 10, "id": "empathize", "degree": 0}, {"group": 2, "id": "embroidery"}, {"group": 3, "id": "emplacement", "degree": 8}, {"group": 1, "id": "embroilment"}, {"group": 6, "id": "eminently"}, {"group": 1, "id": "empower"}, {"group": 1, "id": "embarrassment", "degree": 20}, {"group": 1, "id": "emulsify"}, {"group": 1, "id": "embarrass"}, {"group": 3, "id": "emigrant", "degree": 2}, {"group": 9, "id": "emasculate"}, {"group": 3, "id": "empathy", "degree": 9}, {"group": 5, "id": "emperor"}, {"group": 1, "id": "emcee"}, {"group": 1, "id": "emporium", "degree": 7}, {"group": 7, "id": "emerge", "degree": 9}, {"group": 0, "id": "emotive"}, {"group": 4, "id": "embarrassed", "degree": 5}, {"group": 5, "id": "embossment"}, {"group": 5, "id": "eminence", "degree": 10}, {"group": 3, "id": "emigrate"}, {"group": 0, "id": "empathetic"}, {"group": 7, "id": "embalming", "degree": 2}, {"group": 7, "id": "empty"}, {"group": 1, "id": "emblem"}, {"group": 1, "id": "embattle", "degree": 6}, {"group": 7, "id": "emission", "degree": 5}, {"group": 2, "id": "embellish", "degree": 15}, {"group": 7, "id": "emergent"}, {"group": 9, "id": "emasculated", "degree": 4}, {"group": 1, "id": "emeritus"}, {"group": 7, "id": "emancipate", "degree": 6}, {"group": 1, "id": "embargo"}, {"group": 11, "id": "embolden", "degree": 0}, {"group": 3, "id": "ember", "degree": 0}, {"group": 5, "id": "empirical"}, {"group": 3, "id": "employ", "degree": 19}, {"group": 1, "id": "embody", "degree": 17}, {"group": 0, "id": "emotional", "degree": 3}, {"group": 1, "id": "embed"}, {"group": 5, "id": "emir"}, {"group": 7, "id": "emit", "degree": 16}, {"group": 7, "id": "embarrassing", "degree": 1}, {"group": 7, "id": "emanation", "degree": 15}, {"group": 2, "id": "embrocate"}, {"group": 12, "id": "embroidered", "degree": 3}, {"group": 1, "id": "embrace", "degree": 20}, {"group": 8, "id": "emotionalize", "degree": 7}, {"group": 7, "id": "emptying"}, {"group": 1, "id": "embodiment"}, {"group": 3, "id": "employable"}, {"group": 3, "id": "emotionalism"}, {"group": 7, "id": "emancipated"}, {"group": 0, "id": "empowered"}, {"group": 5, "id": "emphasis"}, {"group": 9, "id": "emotionless", "degree": 3}, {"group": 8, "id": "emphasize", "degree": 3}, {"group": 0, "id": "emphatic", "degree": 3}, {"group": 12, "id": "embellished", "degree": 4}, {"group": 2, "id": "embitter"}, {"group": 3, "id": "emulate"}, {"group": 7, "id": "embalm"}, {"group": 1, "id": "emissary", "degree": 3}, {"group": 4, "id": "emaciate"}, {"group": 13, "id": "embracing", "degree": 0}], "links": [{"source": 0, "target": 34, "weight": 0.013158}, {"source": 0, "target": 69, "weight": 0.007407}, {"source": 0, "target": 43, "weight": 0.013514}, {"source": 0, "target": 70, "weight": 0.016949}, {"source": 1, "target": 64, "weight": 0.028169}, {"source": 1, "target": 38, "weight": 0.014925}, {"source": 1, "target": 71, "weight": 0.018519}, {"source": 1, "target": 57, "weight": 0.030303}, {"source": 1, "target": 20, "weight": 0.023438}, {"source": 2, "target": 29, "weight": 0.041667}, {"source": 2, "target": 91, "weight": 0.006452}, {"source": 2, "target": 76, "weight": 0.027523}, {"source": 2, "target": 59, "weight": 0.244444}, {"source": 2, "target": 73, "weight": 0.005525}, {"source": 2, "target": 11, "weight": 0.007143}, {"source": 2, "target": 33, "weight": 0.045045}, {"source": 2, "target": 69, "weight": 0.066327}, {"source": 2, "target": 78, "weight": 0.010601}, {"source": 2, "target": 71, "weight": 0.007576}, {"source": 2, "target": 21, "weight": 0.00495}, {"source": 2, "target": 19, "weight": 0.258065}, {"source": 2, "target": 27, "weight": 0.008}, {"source": 3, "target": 5, "weight": 0.024691}, {"source": 3, "target": 83, "weight": 0.015152}, {"source": 3, "target": 18, "weight": 0.012658}, {"source": 4, "target": 46, "weight": 0.023529}, {"source": 4, "target": 34, "weight": 0.008547}, {"source": 4, "target": 18, "weight": 0.009091}, {"source": 4, "target": 94, "weight": 0.011494}, {"source": 4, "target": 24, "weight": 0.024793}, {"source": 4, "target": 93, "weight": 0.011111}, {"source": 4, "target": 37, "weight": 0.041237}, {"source": 4, "target": 71, "weight": 0.01}, {"source": 4, "target": 63, "weight": 0.013158}, {"source": 4, "target": 38, "weight": 0.005525}, {"source": 4, "target": 17, "weight": 0.023256}, {"source": 4, "target": 20, "weight": 0.005682}, {"source": 4, "target": 69, "weight": 0.011429}, {"source": 4, "target": 81, "weight": 0.010753}, {"source": 4, "target": 51, "weight": 0.006098}, {"source": 4, "target": 26, "weight": 0.012821}, {"source": 4, "target": 73, "weight": 0.013514}, {"source": 5, "target": 16, "weight": 0.011236}, {"source": 5, "target": 82, "weight": 0.013333}, {"source": 5, "target": 59, "weight": 0.008403}, {"source": 5, "target": 68, "weight": 0.016667}, {"source": 5, "target": 38, "weight": 0.006061}, {"source": 5, "target": 78, "weight": 0.004219}, {"source": 5, "target": 11, "weight": 0.021978}, {"source": 5, "target": 51, "weight": 0.006757}, {"source": 5, "target": 26, "weight": 0.014286}, {"source": 5, "target": 19, "weight": 0.009346}, {"source": 6, "target": 38, "weight": 0.007874}, {"source": 6, "target": 78, "weight": 0.005025}, {"source": 7, "target": 49, "weight": 0.019231}, {"source": 7, "target": 95, "weight": 0.040816}, {"source": 7, "target": 21, "weight": 0.007246}, {"source": 7, "target": 55, "weight": 0.00823}, {"source": 8, "target": 49, "weight": 0.007576}, {"source": 8, "target": 89, "weight": 0.011111}, {"source": 8, "target": 30, "weight": 0.005291}, {"source": 8, "target": 90, "weight": 0.006897}, {"source": 9, "target": 51, "weight": 0.008696}, {"source": 9, "target": 25, "weight": 0.009091}, {"source": 9, "target": 67, "weight": 0.045455}, {"source": 9, "target": 24, "weight": 0.013514}, {"source": 10, "target": 72, "weight": 0.035714}, {"source": 10, "target": 51, "weight": 0.008197}, {"source": 10, "target": 50, "weight": 0.015385}, {"source": 10, "target": 44, "weight": 0.088235}, {"source": 11, "target": 30, "weight": 0.00578}, {"source": 11, "target": 59, "weight": 0.026786}, {"source": 11, "target": 78, "weight": 0.008658}, {"source": 11, "target": 51, "weight": 0.021277}, {"source": 11, "target": 73, "weight": 0.007813}, {"source": 11, "target": 19, "weight": 0.019802}, {"source": 12, "target": 13, "weight": 0.025641}, {"source": 12, "target": 24, "weight": 0.011364}, {"source": 12, "target": 41, "weight": 0.020833}, {"source": 13, "target": 68, "weight": 0.012195}, {"source": 13, "target": 26, "weight": 0.009804}, {"source": 13, "target": 55, "weight": 0.004525}, {"source": 14, "target": 78, "weight": 0.004739}, {"source": 14, "target": 30, "weight": 0.006579}, {"source": 15, "target": 36, "weight": 0.756098}, {"source": 16, "target": 29, "weight": 0.010753}, {"source": 16, "target": 60, "weight": 0.013699}, {"source": 16, "target": 68, "weight": 0.00885}, {"source": 16, "target": 38, "weight": 0.060403}, {"source": 16, "target": 86, "weight": 0.011111}, {"source": 16, "target": 78, "weight": 0.017699}, {"source": 16, "target": 88, "weight": 0.018868}, {"source": 16, "target": 51, "weight": 0.007143}, {"source": 16, "target": 73, "weight": 0.008}, {"source": 17, "target": 46, "weight": 0.022727}, {"source": 17, "target": 94, "weight": 0.045455}, {"source": 17, "target": 38, "weight": 0.007194}, {"source": 17, "target": 69, "weight": 0.007463}, {"source": 17, "target": 73, "weight": 0.009346}, {"source": 18, "target": 47, "weight": 0.030303}, {"source": 18, "target": 75, "weight": 0.077922}, {"source": 18, "target": 58, "weight": 0.098361}, {"source": 18, "target": 23, "weight": 0.012821}, {"source": 18, "target": 63, "weight": 0.054545}, {"source": 18, "target": 51, "weight": 0.013889}, {"source": 18, "target": 25, "weight": 0.007143}, {"source": 18, "target": 73, "weight": 0.023438}, {"source": 19, "target": 29, "weight": 0.056604}, {"source": 19, "target": 91, "weight": 0.017241}, {"source": 19, "target": 76, "weight": 0.013699}, {"source": 19, "target": 59, "weight": 0.756757}, {"source": 19, "target": 69, "weight": 0.011834}, {"source": 19, "target": 50, "weight": 0.009901}, {"source": 19, "target": 78, "weight": 0.004049}, {"source": 19, "target": 33, "weight": 0.068493}, {"source": 19, "target": 40, "weight": 0.007519}, {"source": 19, "target": 73, "weight": 0.006993}, {"source": 20, "target": 34, "weight": 0.006098}, {"source": 20, "target": 64, "weight": 0.006061}, {"source": 20, "target": 81, "weight": 0.004274}, {"source": 20, "target": 57, "weight": 0.024194}, {"source": 20, "target": 30, "weight": 0.004149}, {"source": 20, "target": 23, "weight": 0.006944}, {"source": 20, "target": 68, "weight": 0.005435}, {"source": 20, "target": 38, "weight": 0.004386}, {"source": 20, "target": 39, "weight": 0.006623}, {"source": 20, "target": 78, "weight": 0.006689}, {"source": 20, "target": 71, "weight": 0.006803}, {"source": 20, "target": 26, "weight": 0.014851}, {"source": 21, "target": 49, "weight": 0.005618}, {"source": 22, "target": 68, "weight": 0.011364}, {"source": 22, "target": 47, "weight": 0.027027}, {"source": 22, "target": 79, "weight": 0.882353}, {"source": 22, "target": 69, "weight": 0.007874}, {"source": 22, "target": 88, "weight": 0.035714}, {"source": 23, "target": 47, "weight": 0.25}, {"source": 23, "target": 75, "weight": 0.044776}, {"source": 23, "target": 58, "weight": 0.038462}, {"source": 23, "target": 25, "weight": 0.015873}, {"source": 23, "target": 73, "weight": 0.053571}, {"source": 23, "target": 55, "weight": 0.004098}, {"source": 24, "target": 34, "weight": 0.009009}, {"source": 24, "target": 78, "weight": 0.004049}, {"source": 24, "target": 51, "weight": 0.046053}, {"source": 24, "target": 44, "weight": 0.028169}, {"source": 24, "target": 26, "weight": 0.006623}, {"source": 25, "target": 34, "weight": 0.006803}, {"source": 25, "target": 47, "weight": 0.008621}, {"source": 25, "target": 91, "weight": 0.006536}, {"source": 25, "target": 35, "weight": 0.019048}, {"source": 25, "target": 83, "weight": 0.007874}, {"source": 25, "target": 38, "weight": 0.004739}, {"source": 25, "target": 86, "weight": 0.006944}, {"source": 25, "target": 26, "weight": 0.010753}, {"source": 25, "target": 73, "weight": 0.005587}, {"source": 25, "target": 55, "weight": 0.003268}, {"source": 26, "target": 46, "weight": 0.008772}, {"source": 26, "target": 34, "weight": 0.020979}, {"source": 26, "target": 43, "weight": 0.006993}, {"source": 26, "target": 94, "weight": 0.008696}, {"source": 26, "target": 68, "weight": 0.257576}, {"source": 26, "target": 38, "weight": 0.009615}, {"source": 26, "target": 79, "weight": 0.018692}, {"source": 28, "target": 69, "weight": 0.00885}, {"source": 29, "target": 75, "weight": 0.011236}, {"source": 29, "target": 59, "weight": 0.050847}, {"source": 29, "target": 54, "weight": 0.014706}, {"source": 29, "target": 69, "weight": 0.01227}, {"source": 30, "target": 51, "weight": 0.013216}, {"source": 30, "target": 85, "weight": 0.26087}, {"source": 30, "target": 73, "weight": 0.004673}, {"source": 30, "target": 50, "weight": 0.005814}, {"source": 30, "target": 89, "weight": 0.00625}, {"source": 30, "target": 55, "weight": 0.002933}, {"source": 31, "target": 61, "weight": 0.026316}, {"source": 31, "target": 87, "weight": 0.033333}, {"source": 31, "target": 55, "weight": 0.004444}, {"source": 33, "target": 69, "weight": 0.015504}, {"source": 33, "target": 59, "weight": 0.058824}, {"source": 33, "target": 75, "weight": 0.018182}, {"source": 34, "target": 66, "weight": 0.012821}, {"source": 34, "target": 38, "weight": 0.005917}, {"source": 35, "target": 43, "weight": 0.011905}, {"source": 35, "target": 75, "weight": 0.006452}, {"source": 35, "target": 57, "weight": 0.007519}, {"source": 35, "target": 49, "weight": 0.005236}, {"source": 35, "target": 38, "weight": 0.063063}, {"source": 35, "target": 73, "weight": 0.004926}, {"source": 37, "target": 46, "weight": 0.017544}, {"source": 37, "target": 94, "weight": 0.035088}, {"source": 37, "target": 57, "weight": 0.02}, {"source": 37, "target": 38, "weight": 0.006579}, {"source": 37, "target": 78, "weight": 0.008969}, {"source": 37, "target": 63, "weight": 0.021277}, {"source": 38, "target": 49, "weight": 0.005291}, {"source": 38, "target": 78, "weight": 0.013245}, {"source": 38, "target": 51, "weight": 0.00463}, {"source": 38, "target": 81, "weight": 0.004184}, {"source": 38, "target": 86, "weight": 0.006024}, {"source": 38, "target": 55, "weight": 0.003049}, {"source": 38, "target": 91, "weight": 0.005714}, {"source": 38, "target": 93, "weight": 0.007042}, {"source": 38, "target": 40, "weight": 0.122807}, {"source": 38, "target": 42, "weight": 0.013793}, {"source": 38, "target": 39, "weight": 0.019481}, {"source": 38, "target": 68, "weight": 0.005291}, {"source": 38, "target": 69, "weight": 0.004386}, {"source": 38, "target": 71, "weight": 0.02}, {"source": 38, "target": 73, "weight": 0.004975}, {"source": 39, "target": 68, "weight": 0.008929}, {"source": 39, "target": 69, "weight": 0.070423}, {"source": 39, "target": 78, "weight": 0.022321}, {"source": 40, "target": 49, "weight": 0.006803}, {"source": 40, "target": 43, "weight": 0.008}, {"source": 40, "target": 59, "weight": 0.006897}, {"source": 40, "target": 68, "weight": 0.02069}, {"source": 40, "target": 61, "weight": 0.010101}, {"source": 40, "target": 78, "weight": 0.003802}, {"source": 40, "target": 69, "weight": 0.010811}, {"source": 41, "target": 68, "weight": 0.010989}, {"source": 41, "target": 52, "weight": 0.074074}, {"source": 42, "target": 61, "weight": 0.037736}, {"source": 42, "target": 73, "weight": 0.008772}, {"source": 43, "target": 81, "weight": 0.023529}, {"source": 43, "target": 83, "weight": 0.02439}, {"source": 43, "target": 68, "weight": 0.00813}, {"source": 43, "target": 86, "weight": 0.01}, {"source": 43, "target": 78, "weight": 0.004184}, {"source": 43, "target": 53, "weight": 0.011494}, {"source": 44, "target": 51, "weight": 0.017857}, {"source": 45, "target": 78, "weight": 0.004651}, {"source": 46, "target": 47, "weight": 0.023256}, {"source": 46, "target": 94, "weight": 0.022727}, {"source": 46, "target": 69, "weight": 0.007519}, {"source": 47, "target": 75, "weight": 0.017241}, {"source": 47, "target": 51, "weight": 0.008264}, {"source": 47, "target": 58, "weight": 0.02381}, {"source": 47, "target": 59, "weight": 0.01087}, {"source": 47, "target": 73, "weight": 0.028846}, {"source": 47, "target": 69, "weight": 0.022901}, {"source": 47, "target": 79, "weight": 0.027027}, {"source": 48, "target": 70, "weight": 0.177778}, {"source": 50, "target": 75, "weight": 0.012658}, {"source": 50, "target": 58, "weight": 0.015873}, {"source": 50, "target": 59, "weight": 0.017857}, {"source": 50, "target": 51, "weight": 0.067164}, {"source": 51, "target": 75, "weight": 0.007353}, {"source": 51, "target": 69, "weight": 0.004739}, {"source": 51, "target": 58, "weight": 0.008333}, {"source": 51, "target": 86, "weight": 0.071429}, {"source": 51, "target": 78, "weight": 0.006969}, {"source": 51, "target": 73, "weight": 0.010929}, {"source": 52, "target": 69, "weight": 0.008264}, {"source": 53, "target": 70, "weight": 0.106061}, {"source": 53, "target": 90, "weight": 0.008197}, {"source": 54, "target": 75, "weight": 0.019231}, {"source": 55, "target": 74, "weight": 0.004367}, {"source": 55, "target": 75, "weight": 0.008097}, {"source": 55, "target": 77, "weight": 0.003774}, {"source": 55, "target": 61, "weight": 0.004237}, {"source": 55, "target": 87, "weight": 0.008811}, {"source": 55, "target": 63, "weight": 0.004484}, {"source": 55, "target": 58, "weight": 0.02193}, {"source": 55, "target": 79, "weight": 0.004405}, {"source": 55, "target": 73, "weight": 0.034843}, {"source": 55, "target": 90, "weight": 0.003367}, {"source": 56, "target": 68, "weight": 0.009901}, {"source": 56, "target": 69, "weight": 0.007143}, {"source": 56, "target": 78, "weight": 0.004608}, {"source": 57, "target": 64, "weight": 0.014706}, {"source": 57, "target": 71, "weight": 0.02}, {"source": 58, "target": 75, "weight": 0.115385}, {"source": 58, "target": 80, "weight": 0.023256}, {"source": 58, "target": 60, "weight": 0.018868}, {"source": 58, "target": 63, "weight": 0.03125}, {"source": 58, "target": 69, "weight": 0.007576}, {"source": 58, "target": 73, "weight": 0.039216}, {"source": 59, "target": 93, "weight": 0.010417}, {"source": 59, "target": 91, "weight": 0.015625}, {"source": 59, "target": 76, "weight": 0.011765}, {"source": 59, "target": 69, "weight": 0.016667}, {"source": 59, "target": 78, "weight": 0.003861}, {"source": 59, "target": 73, "weight": 0.006452}, {"source": 60, "target": 75, "weight": 0.014493}, {"source": 61, "target": 87, "weight": 0.05}, {"source": 62, "target": 78, "weight": 0.005102}, {"source": 63, "target": 75, "weight": 0.020833}, {"source": 63, "target": 73, "weight": 0.031915}, {"source": 63, "target": 84, "weight": 0.076923}, {"source": 66, "target": 73, "weight": 0.009091}, {"source": 68, "target": 92, "weight": 0.012346}, {"source": 68, "target": 69, "weight": 0.005435}, {"source": 68, "target": 95, "weight": 0.011111}, {"source": 68, "target": 86, "weight": 0.016529}, {"source": 68, "target": 78, "weight": 0.007692}, {"source": 68, "target": 79, "weight": 0.011364}, {"source": 68, "target": 73, "weight": 0.006369}, {"source": 69, "target": 75, "weight": 0.006757}, {"source": 69, "target": 78, "weight": 0.106618}, {"source": 69, "target": 79, "weight": 0.007874}, {"source": 69, "target": 81, "weight": 0.030702}, {"source": 69, "target": 88, "weight": 0.01626}, {"source": 69, "target": 94, "weight": 0.007463}, {"source": 69, "target": 71, "weight": 0.027778}, {"source": 69, "target": 73, "weight": 0.020725}, {"source": 70, "target": 89, "weight": 0.063492}, {"source": 71, "target": 78, "weight": 0.036866}, {"source": 73, "target": 75, "weight": 0.033898}, {"source": 73, "target": 78, "weight": 0.01107}, {"source": 73, "target": 84, "weight": 0.01}, {"source": 73, "target": 93, "weight": 0.04717}, {"source": 73, "target": 94, "weight": 0.009346}, {"source": 75, "target": 93, "weight": 0.032787}, {"source": 75, "target": 88, "weight": 0.020408}, {"source": 77, "target": 81, "weight": 0.005682}, {"source": 77, "target": 90, "weight": 0.609195}, {"source": 78, "target": 81, "weight": 0.016287}, {"source": 78, "target": 92, "weight": 0.005076}, {"source": 79, "target": 81, "weight": 0.007246}, {"source": 79, "target": 88, "weight": 0.035714}, {"source": 81, "target": 90, "weight": 0.004808}, {"source": 85, "target": 89, "weight": 0.013514}, {"source": 86, "target": 88, "weight": 0.032787}], "multigraph": false}