{"directed": false, "graph": {}, "nodes": [{"group": 0, "id": "epidermal"}, {"group": 1, "id": "epistemology", "degree": 1}, {"group": 6, "id": "epidemiology", "degree": 0}, {"group": 2, "id": "epilepsy"}, {"group": 2, "id": "episode", "degree": 5}, {"group": 3, "id": "episodic"}, {"group": 3, "id": "epochal", "degree": 1}, {"group": 0, "id": "ephemeral", "degree": 0}, {"group": 0, "id": "epidermis", "degree": 2}, {"group": 5, "id": "epithet", "degree": 2}, {"group": 0, "id": "epiphany", "degree": 0}, {"group": 0, "id": "epidemic"}, {"group": 4, "id": "episcopal"}, {"group": 4, "id": "epigram", "degree": 6}, {"group": 7, "id": "epigrammatic", "degree": 0}, {"group": 0, "id": "epitomize", "degree": 1}, {"group": 5, "id": "epigraph"}, {"group": 0, "id": "epitome", "degree": 5}, {"group": 4, "id": "epic"}, {"group": 2, "id": "epilogue", "degree": 2}, {"group": 1, "id": "epicureanism", "degree": 0}], "links": [{"source": 0, "target": 8, "weight": 0.020833}, {"source": 1, "target": 20, "weight": 0.058824}, {"source": 3, "target": 19, "weight": 0.009009}, {"source": 4, "target": 16, "weight": 0.009615}, {"source": 4, "target": 19, "weight": 0.038961}, {"source": 4, "target": 10, "weight": 0.009009}, {"source": 4, "target": 18, "weight": 0.009174}, {"source": 4, "target": 9, "weight": 0.009091}, {"source": 5, "target": 6, "weight": 0.019608}, {"source": 7, "target": 17, "weight": 0.010638}, {"source": 8, "target": 17, "weight": 0.011628}, {"source": 9, "target": 16, "weight": 0.137255}, {"source": 9, "target": 19, "weight": 0.008929}, {"source": 9, "target": 13, "weight": 0.03125}, {"source": 10, "target": 13, "weight": 0.010101}, {"source": 10, "target": 17, "weight": 0.011364}, {"source": 11, "target": 17, "weight": 0.007519}, {"source": 11, "target": 19, "weight": 0.006329}, {"source": 12, "target": 13, "weight": 0.013333}, {"source": 13, "target": 16, "weight": 0.021978}, {"source": 13, "target": 17, "weight": 0.008197}, {"source": 13, "target": 18, "weight": 0.306667}, {"source": 15, "target": 17, "weight": 0.043478}, {"source": 16, "target": 17, "weight": 0.025}, {"source": 17, "target": 19, "weight": 0.007353}], "multigraph": false}