{"directed": false, "graph": {}, "nodes": [{"group": 0, "id": "equally", "degree": 4}, {"group": 1, "id": "equinox", "degree": 1}, {"group": 1, "id": "equator"}, {"group": 2, "id": "equip", "degree": 5}, {"group": 3, "id": "equipoise", "degree": 10}, {"group": 2, "id": "equipage"}, {"group": 3, "id": "equanimity", "degree": 11}, {"group": 0, "id": "equivocate", "degree": 4}, {"group": 3, "id": "equivalence"}, {"group": 2, "id": "equipment", "degree": 7}, {"group": 0, "id": "equate"}, {"group": 3, "id": "equity", "degree": 8}, {"group": 4, "id": "equerry"}, {"group": 3, "id": "equilibrium", "degree": 10}, {"group": 0, "id": "equalizing", "degree": 10}, {"group": 0, "id": "equivocal", "degree": 4}, {"group": 0, "id": "equivalent"}, {"group": 2, "id": "equipped", "degree": 1}, {"group": 0, "id": "equidistant"}, {"group": 0, "id": "equitable"}, {"group": 0, "id": "equatorial", "degree": 3}, {"group": 0, "id": "equilateral", "degree": 9}, {"group": 0, "id": "equivocation"}, {"group": 3, "id": "equality"}, {"group": 4, "id": "equine"}, {"group": 3, "id": "equation"}, {"group": 0, "id": "equispaced", "degree": 10}, {"group": 0, "id": "equal"}, {"group": 2, "id": "equalize"}, {"group": 0, "id": "equable"}, {"group": 4, "id": "equestrian", "degree": 2}], "links": [{"source": 0, "target": 29, "weight": 0.015152}, {"source": 0, "target": 19, "weight": 0.016393}, {"source": 0, "target": 16, "weight": 0.006061}, {"source": 0, "target": 27, "weight": 0.017341}, {"source": 1, "target": 2, "weight": 0.181818}, {"source": 2, "target": 26, "weight": 0.015385}, {"source": 2, "target": 20, "weight": 0.057471}, {"source": 3, "target": 5, "weight": 0.050847}, {"source": 3, "target": 9, "weight": 0.045045}, {"source": 3, "target": 10, "weight": 0.030769}, {"source": 3, "target": 28, "weight": 0.067416}, {"source": 3, "target": 19, "weight": 0.014286}, {"source": 3, "target": 12, "weight": 0.020408}, {"source": 4, "target": 23, "weight": 0.302326}, {"source": 4, "target": 14, "weight": 0.047619}, {"source": 4, "target": 6, "weight": 0.128205}, {"source": 4, "target": 25, "weight": 0.454545}, {"source": 4, "target": 8, "weight": 0.205479}, {"source": 4, "target": 27, "weight": 0.017045}, {"source": 4, "target": 10, "weight": 0.070175}, {"source": 4, "target": 28, "weight": 0.047059}, {"source": 4, "target": 11, "weight": 0.288462}, {"source": 4, "target": 16, "weight": 0.049689}, {"source": 4, "target": 13, "weight": 0.228571}, {"source": 5, "target": 9, "weight": 0.255319}, {"source": 6, "target": 23, "weight": 0.155556}, {"source": 6, "target": 16, "weight": 0.006098}, {"source": 6, "target": 25, "weight": 0.128205}, {"source": 6, "target": 8, "weight": 0.135135}, {"source": 6, "target": 27, "weight": 0.005747}, {"source": 6, "target": 10, "weight": 0.036364}, {"source": 6, "target": 28, "weight": 0.024096}, {"source": 6, "target": 11, "weight": 0.086207}, {"source": 6, "target": 29, "weight": 0.015385}, {"source": 6, "target": 13, "weight": 0.301587}, {"source": 7, "target": 16, "weight": 0.010753}, {"source": 7, "target": 22, "weight": 0.028302}, {"source": 7, "target": 27, "weight": 0.010204}, {"source": 7, "target": 15, "weight": 0.008264}, {"source": 8, "target": 14, "weight": 0.012048}, {"source": 8, "target": 11, "weight": 0.163043}, {"source": 8, "target": 13, "weight": 0.326316}, {"source": 9, "target": 25, "weight": 0.009174}, {"source": 9, "target": 10, "weight": 0.008197}, {"source": 9, "target": 28, "weight": 0.006667}, {"source": 9, "target": 19, "weight": 0.007937}, {"source": 9, "target": 14, "weight": 0.009524}, {"source": 10, "target": 21, "weight": 0.043478}, {"source": 10, "target": 14, "weight": 0.017857}, {"source": 10, "target": 26, "weight": 0.042553}, {"source": 10, "target": 11, "weight": 0.038961}, {"source": 10, "target": 13, "weight": 0.03125}, {"source": 11, "target": 23, "weight": 0.209677}, {"source": 11, "target": 14, "weight": 0.016129}, {"source": 11, "target": 16, "weight": 0.016216}, {"source": 11, "target": 25, "weight": 0.288462}, {"source": 11, "target": 27, "weight": 0.010204}, {"source": 11, "target": 28, "weight": 0.038462}, {"source": 11, "target": 19, "weight": 0.012048}, {"source": 11, "target": 13, "weight": 0.166667}, {"source": 12, "target": 30, "weight": 0.042553}, {"source": 13, "target": 23, "weight": 0.342857}, {"source": 13, "target": 14, "weight": 0.012346}, {"source": 13, "target": 16, "weight": 0.014706}, {"source": 13, "target": 25, "weight": 0.211268}, {"source": 13, "target": 27, "weight": 0.009302}, {"source": 13, "target": 28, "weight": 0.03252}, {"source": 13, "target": 29, "weight": 0.018868}, {"source": 14, "target": 21, "weight": 0.068966}, {"source": 14, "target": 15, "weight": 0.010204}, {"source": 14, "target": 16, "weight": 0.085526}, {"source": 14, "target": 25, "weight": 0.128205}, {"source": 14, "target": 26, "weight": 0.066667}, {"source": 14, "target": 27, "weight": 0.080247}, {"source": 14, "target": 18, "weight": 0.038462}, {"source": 14, "target": 28, "weight": 0.024096}, {"source": 14, "target": 29, "weight": 0.03125}, {"source": 14, "target": 19, "weight": 0.033898}, {"source": 15, "target": 16, "weight": 0.004484}, {"source": 15, "target": 22, "weight": 0.006944}, {"source": 15, "target": 27, "weight": 0.004292}, {"source": 16, "target": 21, "weight": 0.04}, {"source": 16, "target": 26, "weight": 0.039735}, {"source": 17, "target": 28, "weight": 0.011765}, {"source": 18, "target": 20, "weight": 0.44}, {"source": 18, "target": 21, "weight": 0.071429}, {"source": 18, "target": 26, "weight": 0.243243}, {"source": 19, "target": 21, "weight": 0.061224}, {"source": 19, "target": 26, "weight": 0.039216}, {"source": 20, "target": 26, "weight": 0.020408}, {"source": 20, "target": 27, "weight": 0.005208}, {"source": 21, "target": 26, "weight": 0.15}, {"source": 21, "target": 27, "weight": 0.057325}, {"source": 21, "target": 28, "weight": 0.041096}, {"source": 21, "target": 29, "weight": 0.096154}, {"source": 24, "target": 30, "weight": 0.288889}, {"source": 26, "target": 27, "weight": 0.063694}, {"source": 26, "target": 28, "weight": 0.026667}, {"source": 26, "target": 29, "weight": 0.035714}], "multigraph": false}