{"directed": false, "graph": {}, "nodes": [{"group": 0, "id": "eroticism", "degree": 0}, {"group": 1, "id": "erroneous"}, {"group": 2, "id": "erudite", "degree": 0}, {"group": 3, "id": "ermine", "degree": 4}, {"group": 3, "id": "erase", "degree": 5}, {"group": 1, "id": "errand", "degree": 2}, {"group": 4, "id": "erstwhile", "degree": 2}, {"group": 5, "id": "erect"}, {"group": 6, "id": "errancy"}, {"group": 4, "id": "ergo", "degree": 0}, {"group": 3, "id": "erosion", "degree": 3}, {"group": 1, "id": "errant"}, {"group": 3, "id": "erasure"}, {"group": 3, "id": "erode"}, {"group": 1, "id": "ersatz"}, {"group": 7, "id": "erogenous", "degree": 2}, {"group": 5, "id": "eruption"}, {"group": 8, "id": "eroded", "degree": 0}, {"group": 1, "id": "erection"}, {"group": 6, "id": "err"}, {"group": 6, "id": "erratum", "degree": 2}, {"group": 9, "id": "eruptive", "degree": 0}, {"group": 7, "id": "erotic"}, {"group": 1, "id": "erratic", "degree": 5}, {"group": 4, "id": "ere", "degree": 0}, {"group": 5, "id": "erupt", "degree": 4}, {"group": 6, "id": "error", "degree": 7}, {"group": 1, "id": "errantry"}, {"group": 10, "id": "errata", "degree": 0}, {"group": 5, "id": "eruct"}, {"group": 3, "id": "eradicate", "degree": 6}], "links": [{"source": 1, "target": 4, "weight": 0.007353}, {"source": 1, "target": 23, "weight": 0.024911}, {"source": 1, "target": 26, "weight": 0.005376}, {"source": 3, "target": 4, "weight": 0.026549}, {"source": 3, "target": 27, "weight": 0.008621}, {"source": 3, "target": 13, "weight": 0.011494}, {"source": 3, "target": 5, "weight": 0.010309}, {"source": 3, "target": 30, "weight": 0.008696}, {"source": 4, "target": 12, "weight": 0.086022}, {"source": 4, "target": 13, "weight": 0.152318}, {"source": 4, "target": 25, "weight": 0.010417}, {"source": 4, "target": 10, "weight": 0.066038}, {"source": 4, "target": 11, "weight": 0.007576}, {"source": 4, "target": 30, "weight": 0.036364}, {"source": 5, "target": 18, "weight": 0.009615}, {"source": 5, "target": 14, "weight": 0.007519}, {"source": 6, "target": 24, "weight": 0.172414}, {"source": 6, "target": 9, "weight": 0.030303}, {"source": 7, "target": 25, "weight": 0.012987}, {"source": 7, "target": 15, "weight": 0.007407}, {"source": 7, "target": 30, "weight": 0.005814}, {"source": 8, "target": 20, "weight": 0.058824}, {"source": 8, "target": 26, "weight": 0.165138}, {"source": 10, "target": 12, "weight": 0.265823}, {"source": 10, "target": 13, "weight": 0.054878}, {"source": 11, "target": 23, "weight": 0.131474}, {"source": 11, "target": 26, "weight": 0.01105}, {"source": 12, "target": 26, "weight": 0.006667}, {"source": 13, "target": 25, "weight": 0.012903}, {"source": 13, "target": 30, "weight": 0.029586}, {"source": 14, "target": 23, "weight": 0.01}, {"source": 15, "target": 22, "weight": 0.413043}, {"source": 16, "target": 25, "weight": 0.090909}, {"source": 19, "target": 20, "weight": 0.020833}, {"source": 19, "target": 23, "weight": 0.004167}, {"source": 19, "target": 26, "weight": 0.076923}, {"source": 20, "target": 26, "weight": 0.138889}, {"source": 23, "target": 26, "weight": 0.003185}, {"source": 23, "target": 27, "weight": 0.031008}, {"source": 25, "target": 29, "weight": 0.380952}, {"source": 25, "target": 30, "weight": 0.021053}, {"source": 29, "target": 30, "weight": 0.027397}], "multigraph": false}