{"directed": false, "graph": {}, "nodes": [{"group": 0, "id": "essay", "degree": 10}, {"group": 0, "id": "escalation"}, {"group": 0, "id": "estate", "degree": 14}, {"group": 0, "id": "essence", "degree": 10}, {"group": 0, "id": "esplanade"}, {"group": 1, "id": "espousal", "degree": 1}, {"group": 2, "id": "espy"}, {"group": 1, "id": "esteem"}, {"group": 3, "id": "escape", "degree": 6}, {"group": 0, "id": "estop", "degree": 1}, {"group": 0, "id": "establish"}, {"group": 0, "id": "eschatology"}, {"group": 4, "id": "established"}, {"group": 5, "id": "esoterica", "degree": 2}, {"group": 3, "id": "estuary", "degree": 3}, {"group": 0, "id": "esprit"}, {"group": 0, "id": "escarpment", "degree": 6}, {"group": 4, "id": "esquire"}, {"group": 5, "id": "esoterics"}, {"group": 0, "id": "escutcheon"}, {"group": 4, "id": "esteemed"}, {"group": 1, "id": "estrange"}, {"group": 0, "id": "establishment", "degree": 4}, {"group": 2, "id": "espionage", "degree": 5}, {"group": 4, "id": "especial"}, {"group": 0, "id": "escalate", "degree": 5}, {"group": 3, "id": "escapism", "degree": 5}, {"group": 3, "id": "eschew", "degree": 2}, {"group": 4, "id": "esoteric", "degree": 3}, {"group": 0, "id": "escrow", "degree": 0}, {"group": 6, "id": "ester", "degree": 0}, {"group": 1, "id": "estimate", "degree": 20}, {"group": 2, "id": "espial"}, {"group": 7, "id": "essentially", "degree": 2}, {"group": 8, "id": "estuarine", "degree": 0}, {"group": 7, "id": "especially", "degree": 1}, {"group": 4, "id": "estimable", "degree": 7}, {"group": 0, "id": "espouse"}, {"group": 1, "id": "estimation"}, {"group": 0, "id": "escapade"}, {"group": 0, "id": "essential", "degree": 5}], "links": [{"source": 0, "target": 32, "weight": 0.013986}, {"source": 0, "target": 12, "weight": 0.004717}, {"source": 0, "target": 10, "weight": 0.021008}, {"source": 0, "target": 22, "weight": 0.014286}, {"source": 0, "target": 29, "weight": 0.008403}, {"source": 0, "target": 16, "weight": 0.006944}, {"source": 0, "target": 3, "weight": 0.026022}, {"source": 0, "target": 31, "weight": 0.017778}, {"source": 0, "target": 38, "weight": 0.010526}, {"source": 0, "target": 39, "weight": 0.007813}, {"source": 0, "target": 40, "weight": 0.004608}, {"source": 0, "target": 23, "weight": 0.007874}, {"source": 1, "target": 25, "weight": 0.027027}, {"source": 1, "target": 31, "weight": 0.007519}, {"source": 1, "target": 22, "weight": 0.008547}, {"source": 2, "target": 32, "weight": 0.007299}, {"source": 2, "target": 12, "weight": 0.009804}, {"source": 2, "target": 24, "weight": 0.007752}, {"source": 2, "target": 15, "weight": 0.00885}, {"source": 2, "target": 3, "weight": 0.015094}, {"source": 2, "target": 36, "weight": 0.004219}, {"source": 2, "target": 4, "weight": 0.007463}, {"source": 2, "target": 19, "weight": 0.013514}, {"source": 2, "target": 6, "weight": 0.008065}, {"source": 2, "target": 37, "weight": 0.007752}, {"source": 2, "target": 31, "weight": 0.023041}, {"source": 2, "target": 38, "weight": 0.022099}, {"source": 2, "target": 10, "weight": 0.021645}, {"source": 2, "target": 22, "weight": 0.009804}, {"source": 2, "target": 21, "weight": 0.007519}, {"source": 3, "target": 32, "weight": 0.004902}, {"source": 3, "target": 33, "weight": 0.005236}, {"source": 3, "target": 14, "weight": 0.004717}, {"source": 3, "target": 26, "weight": 0.004878}, {"source": 3, "target": 15, "weight": 0.020761}, {"source": 3, "target": 4, "weight": 0.004975}, {"source": 3, "target": 16, "weight": 0.004902}, {"source": 3, "target": 6, "weight": 0.005236}, {"source": 3, "target": 7, "weight": 0.013841}, {"source": 3, "target": 8, "weight": 0.007576}, {"source": 3, "target": 31, "weight": 0.006969}, {"source": 3, "target": 38, "weight": 0.003984}, {"source": 3, "target": 10, "weight": 0.01}, {"source": 3, "target": 40, "weight": 0.153527}, {"source": 3, "target": 22, "weight": 0.01487}, {"source": 3, "target": 11, "weight": 0.004695}, {"source": 4, "target": 40, "weight": 0.006993}, {"source": 5, "target": 7, "weight": 0.007634}, {"source": 6, "target": 31, "weight": 0.013986}, {"source": 6, "target": 23, "weight": 0.023256}, {"source": 7, "target": 35, "weight": 0.006897}, {"source": 7, "target": 25, "weight": 0.006711}, {"source": 7, "target": 31, "weight": 0.123288}, {"source": 7, "target": 23, "weight": 0.013986}, {"source": 8, "target": 14, "weight": 0.201681}, {"source": 8, "target": 26, "weight": 0.283019}, {"source": 8, "target": 16, "weight": 0.007463}, {"source": 8, "target": 27, "weight": 0.046296}, {"source": 8, "target": 31, "weight": 0.004587}, {"source": 8, "target": 22, "weight": 0.00495}, {"source": 8, "target": 10, "weight": 0.00431}, {"source": 8, "target": 40, "weight": 0.004831}, {"source": 8, "target": 21, "weight": 0.007692}, {"source": 9, "target": 19, "weight": 0.014706}, {"source": 10, "target": 25, "weight": 0.012658}, {"source": 10, "target": 26, "weight": 0.005814}, {"source": 10, "target": 16, "weight": 0.005848}, {"source": 10, "target": 31, "weight": 0.003922}, {"source": 10, "target": 22, "weight": 0.012658}, {"source": 10, "target": 40, "weight": 0.004098}, {"source": 11, "target": 16, "weight": 0.012195}, {"source": 11, "target": 31, "weight": 0.006024}, {"source": 12, "target": 31, "weight": 0.004444}, {"source": 12, "target": 36, "weight": 0.012552}, {"source": 12, "target": 28, "weight": 0.033333}, {"source": 13, "target": 28, "weight": 0.008197}, {"source": 13, "target": 18, "weight": 0.133333}, {"source": 14, "target": 26, "weight": 0.0375}, {"source": 14, "target": 36, "weight": 0.005525}, {"source": 14, "target": 16, "weight": 0.012346}, {"source": 14, "target": 31, "weight": 0.006061}, {"source": 14, "target": 22, "weight": 0.006711}, {"source": 14, "target": 40, "weight": 0.006494}, {"source": 15, "target": 31, "weight": 0.00813}, {"source": 15, "target": 23, "weight": 0.006849}, {"source": 15, "target": 40, "weight": 0.012821}, {"source": 17, "target": 36, "weight": 0.005525}, {"source": 19, "target": 40, "weight": 0.006329}, {"source": 20, "target": 36, "weight": 0.225166}, {"source": 20, "target": 28, "weight": 0.025641}, {"source": 21, "target": 31, "weight": 0.013158}, {"source": 22, "target": 32, "weight": 0.007092}, {"source": 22, "target": 31, "weight": 0.004444}, {"source": 22, "target": 38, "weight": 0.005319}, {"source": 23, "target": 32, "weight": 0.5}, {"source": 23, "target": 31, "weight": 0.014388}, {"source": 23, "target": 38, "weight": 0.029703}, {"source": 24, "target": 36, "weight": 0.024691}, {"source": 24, "target": 28, "weight": 0.236842}, {"source": 25, "target": 36, "weight": 0.006211}, {"source": 25, "target": 37, "weight": 0.018868}, {"source": 26, "target": 31, "weight": 0.006329}, {"source": 26, "target": 40, "weight": 0.006803}, {"source": 27, "target": 40, "weight": 0.008065}, {"source": 28, "target": 36, "weight": 0.020492}, {"source": 28, "target": 40, "weight": 0.013699}, {"source": 31, "target": 36, "weight": 0.003891}, {"source": 31, "target": 32, "weight": 0.019355}, {"source": 31, "target": 37, "weight": 0.006711}, {"source": 31, "target": 38, "weight": 0.375839}, {"source": 33, "target": 35, "weight": 0.097561}, {"source": 36, "target": 40, "weight": 0.016461}], "multigraph": false}