{"directed": false, "graph": {}, "nodes": [{"group": 0, "id": "ethics", "degree": 1}, {"group": 0, "id": "etiquette", "degree": 1}, {"group": 1, "id": "etching"}, {"group": 2, "id": "etherize"}, {"group": 3, "id": "ethical", "degree": 2}, {"group": 3, "id": "eternal", "degree": 0}, {"group": 2, "id": "ether", "degree": 4}, {"group": 0, "id": "etiology", "degree": 1}, {"group": 4, "id": "etymology", "degree": 0}, {"group": 5, "id": "ethane", "degree": 3}, {"group": 2, "id": "ethereal"}, {"group": 1, "id": "etude", "degree": 3}, {"group": 1, "id": "etch", "degree": 4}, {"group": 5, "id": "ethyl"}, {"group": 0, "id": "ethos"}, {"group": 1, "id": "etched"}], "links": [{"source": 0, "target": 7, "weight": 0.019608}, {"source": 0, "target": 14, "weight": 0.008929}, {"source": 1, "target": 14, "weight": 0.016807}, {"source": 2, "target": 11, "weight": 0.012195}, {"source": 2, "target": 12, "weight": 0.069444}, {"source": 3, "target": 9, "weight": 0.016393}, {"source": 3, "target": 6, "weight": 0.021739}, {"source": 4, "target": 5, "weight": 0.016807}, {"source": 4, "target": 10, "weight": 0.005376}, {"source": 6, "target": 14, "weight": 0.007299}, {"source": 6, "target": 9, "weight": 0.013699}, {"source": 6, "target": 10, "weight": 0.015873}, {"source": 6, "target": 13, "weight": 0.016667}, {"source": 7, "target": 12, "weight": 0.016393}, {"source": 9, "target": 13, "weight": 0.16}, {"source": 11, "target": 12, "weight": 0.012346}, {"source": 11, "target": 14, "weight": 0.007813}, {"source": 12, "target": 14, "weight": 0.008197}, {"source": 12, "target": 15, "weight": 0.018868}], "multigraph": false}