{"directed": false, "graph": {}, "nodes": [{"group": 0, "id": "euphoria"}, {"group": 1, "id": "eulogize", "degree": 1}, {"group": 1, "id": "eulogy"}, {"group": 0, "id": "euphoric", "degree": 2}, {"group": 2, "id": "eugenics", "degree": 0}, {"group": 1, "id": "euphony", "degree": 2}, {"group": 3, "id": "euthanasia", "degree": 0}, {"group": 1, "id": "eurythmics"}, {"group": 0, "id": "eupeptic", "degree": 1}, {"group": 0, "id": "euphonious", "degree": 2}], "links": [{"source": 0, "target": 8, "weight": 0.010417}, {"source": 0, "target": 3, "weight": 0.010989}, {"source": 1, "target": 2, "weight": 0.041667}, {"source": 2, "target": 5, "weight": 0.0125}, {"source": 3, "target": 8, "weight": 0.862745}, {"source": 3, "target": 9, "weight": 0.013889}, {"source": 5, "target": 7, "weight": 0.102564}, {"source": 8, "target": 9, "weight": 0.012987}], "multigraph": false}