{"directed": false, "graph": {}, "nodes": [{"group": 0, "id": "everyone", "degree": 2}, {"group": 1, "id": "evenhanded"}, {"group": 2, "id": "evolve", "degree": 10}, {"group": 3, "id": "evangelist", "degree": 0}, {"group": 2, "id": "evidence", "degree": 8}, {"group": 2, "id": "evince"}, {"group": 1, "id": "ever"}, {"group": 5, "id": "evocative", "degree": 1}, {"group": 6, "id": "everyday"}, {"group": 1, "id": "even"}, {"group": 1, "id": "evermore", "degree": 2}, {"group": 7, "id": "evasion"}, {"group": 7, "id": "evacuee", "degree": 1}, {"group": 8, "id": "event", "degree": 5}, {"group": 0, "id": "everything"}, {"group": 1, "id": "evenness", "degree": 4}, {"group": 7, "id": "evasive"}, {"group": 5, "id": "eventual", "degree": 2}, {"group": 7, "id": "eviscerate"}, {"group": 1, "id": "everlasting", "degree": 6}, {"group": 5, "id": "evangelistic", "degree": 3}, {"group": 0, "id": "everybody", "degree": 1}, {"group": 1, "id": "evergreen", "degree": 3}, {"group": 5, "id": "eventually"}, {"group": 6, "id": "evolving", "degree": 3}, {"group": 9, "id": "evening"}, {"group": 7, "id": "evanescent", "degree": 3}, {"group": 9, "id": "evensong", "degree": 3}, {"group": 6, "id": "evaluate"}, {"group": 7, "id": "evacuation"}, {"group": 7, "id": "evaporate", "degree": 8}, {"group": 6, "id": "evisceration"}, {"group": 7, "id": "evacuate", "degree": 5}, {"group": 5, "id": "evil"}, {"group": 5, "id": "eventful", "degree": 1}, {"group": 5, "id": "evidential", "degree": 6}, {"group": 8, "id": "eventuality"}, {"group": 5, "id": "evangelical"}, {"group": 6, "id": "evolution", "degree": 7}, {"group": 7, "id": "evulsion", "degree": 3}, {"group": 5, "id": "evident"}, {"group": 7, "id": "evaporation", "degree": 6}, {"group": 6, "id": "evaluation", "degree": 3}, {"group": 7, "id": "evade"}, {"group": 1, "id": "everted", "degree": 1}, {"group": 4, "id": "eviction", "degree": 0}, {"group": 2, "id": "evoke"}, {"group": 9, "id": "eventide"}, {"group": 1, "id": "everywhere"}, {"group": 7, "id": "evaporated"}, {"group": 2, "id": "evict", "degree": 0}, {"group": 1, "id": "evenly", "degree": 3}], "links": [{"source": 0, "target": 21, "weight": 0.913043}, {"source": 0, "target": 14, "weight": 0.037037}, {"source": 1, "target": 19, "weight": 0.018182}, {"source": 1, "target": 13, "weight": 0.010309}, {"source": 1, "target": 51, "weight": 0.032787}, {"source": 2, "target": 9, "weight": 0.002564}, {"source": 2, "target": 24, "weight": 0.018182}, {"source": 2, "target": 32, "weight": 0.015267}, {"source": 2, "target": 38, "weight": 0.016667}, {"source": 2, "target": 30, "weight": 0.005464}, {"source": 2, "target": 4, "weight": 0.013453}, {"source": 2, "target": 5, "weight": 0.027778}, {"source": 2, "target": 15, "weight": 0.006494}, {"source": 2, "target": 50, "weight": 0.009709}, {"source": 2, "target": 46, "weight": 0.035294}, {"source": 4, "target": 9, "weight": 0.002315}, {"source": 4, "target": 36, "weight": 0.005208}, {"source": 4, "target": 40, "weight": 0.011364}, {"source": 4, "target": 28, "weight": 0.005435}, {"source": 4, "target": 41, "weight": 0.004926}, {"source": 4, "target": 5, "weight": 0.357143}, {"source": 4, "target": 46, "weight": 0.023474}, {"source": 4, "target": 11, "weight": 0.004902}, {"source": 4, "target": 35, "weight": 0.005236}, {"source": 4, "target": 39, "weight": 0.006993}, {"source": 6, "target": 10, "weight": 0.15}, {"source": 6, "target": 51, "weight": 0.046512}, {"source": 7, "target": 34, "weight": 0.066667}, {"source": 7, "target": 35, "weight": 0.014925}, {"source": 8, "target": 42, "weight": 0.010526}, {"source": 9, "target": 22, "weight": 0.013587}, {"source": 9, "target": 38, "weight": 0.003049}, {"source": 9, "target": 19, "weight": 0.030303}, {"source": 9, "target": 26, "weight": 0.005666}, {"source": 9, "target": 27, "weight": 0.003155}, {"source": 9, "target": 44, "weight": 0.003311}, {"source": 9, "target": 15, "weight": 0.016854}, {"source": 9, "target": 35, "weight": 0.005634}, {"source": 9, "target": 13, "weight": 0.005587}, {"source": 9, "target": 51, "weight": 0.012461}, {"source": 10, "target": 48, "weight": 0.076923}, {"source": 11, "target": 39, "weight": 0.0125}, {"source": 11, "target": 32, "weight": 0.018182}, {"source": 11, "target": 41, "weight": 0.007143}, {"source": 11, "target": 15, "weight": 0.015152}, {"source": 11, "target": 13, "weight": 0.007634}, {"source": 12, "target": 26, "weight": 0.015625}, {"source": 13, "target": 38, "weight": 0.011111}, {"source": 13, "target": 36, "weight": 0.348315}, {"source": 13, "target": 24, "weight": 0.0125}, {"source": 13, "target": 30, "weight": 0.006579}, {"source": 13, "target": 46, "weight": 0.013986}, {"source": 14, "target": 21, "weight": 0.037037}, {"source": 15, "target": 38, "weight": 0.01087}, {"source": 15, "target": 25, "weight": 0.012658}, {"source": 16, "target": 26, "weight": 0.009091}, {"source": 17, "target": 23, "weight": 0.071429}, {"source": 17, "target": 35, "weight": 0.014925}, {"source": 18, "target": 19, "weight": 0.010101}, {"source": 18, "target": 32, "weight": 0.015385}, {"source": 18, "target": 30, "weight": 0.008621}, {"source": 19, "target": 22, "weight": 0.049296}, {"source": 19, "target": 30, "weight": 0.006024}, {"source": 19, "target": 48, "weight": 0.036585}, {"source": 19, "target": 33, "weight": 0.003571}, {"source": 20, "target": 37, "weight": 0.065217}, {"source": 20, "target": 35, "weight": 0.013333}, {"source": 20, "target": 33, "weight": 0.004484}, {"source": 20, "target": 40, "weight": 0.016393}, {"source": 22, "target": 35, "weight": 0.007634}, {"source": 22, "target": 26, "weight": 0.015625}, {"source": 24, "target": 38, "weight": 0.219512}, {"source": 24, "target": 36, "weight": 0.012821}, {"source": 24, "target": 41, "weight": 0.011236}, {"source": 25, "target": 38, "weight": 0.021739}, {"source": 25, "target": 27, "weight": 0.2}, {"source": 26, "target": 30, "weight": 0.006803}, {"source": 26, "target": 41, "weight": 0.032787}, {"source": 26, "target": 29, "weight": 0.010101}, {"source": 27, "target": 47, "weight": 0.238095}, {"source": 28, "target": 42, "weight": 0.036145}, {"source": 29, "target": 32, "weight": 0.075949}, {"source": 29, "target": 39, "weight": 0.038462}, {"source": 29, "target": 30, "weight": 0.007407}, {"source": 29, "target": 41, "weight": 0.045872}, {"source": 30, "target": 40, "weight": 0.007407}, {"source": 30, "target": 43, "weight": 0.0125}, {"source": 30, "target": 41, "weight": 0.018868}, {"source": 30, "target": 32, "weight": 0.090164}, {"source": 30, "target": 49, "weight": 0.009524}, {"source": 31, "target": 38, "weight": 0.02439}, {"source": 31, "target": 41, "weight": 0.012346}, {"source": 32, "target": 40, "weight": 0.011905}, {"source": 32, "target": 43, "weight": 0.009091}, {"source": 32, "target": 41, "weight": 0.009091}, {"source": 35, "target": 37, "weight": 0.011364}, {"source": 35, "target": 40, "weight": 0.02}, {"source": 36, "target": 38, "weight": 0.011364}, {"source": 38, "target": 41, "weight": 0.010101}, {"source": 38, "target": 42, "weight": 0.015625}], "multigraph": false}