{"directed": false, "graph": {}, "nodes": [{"group": 0, "id": "eyeglass"}, {"group": 1, "id": "eyesight"}, {"group": 0, "id": "eye", "degree": 4}, {"group": 0, "id": "eyeball"}, {"group": 1, "id": "eyesore"}, {"group": 1, "id": "eyeful", "degree": 5}, {"group": 0, "id": "eyelet", "degree": 4}, {"group": 2, "id": "eyestrain", "degree": 0}, {"group": 3, "id": "eyewash", "degree": 0}, {"group": 1, "id": "eyewitness"}], "links": [{"source": 0, "target": 2, "weight": 0.005747}, {"source": 1, "target": 6, "weight": 0.023256}, {"source": 1, "target": 2, "weight": 0.09816}, {"source": 1, "target": 5, "weight": 0.15625}, {"source": 2, "target": 3, "weight": 0.1}, {"source": 2, "target": 4, "weight": 0.005128}, {"source": 2, "target": 5, "weight": 0.04878}, {"source": 2, "target": 6, "weight": 0.132911}, {"source": 3, "target": 6, "weight": 0.025}, {"source": 3, "target": 5, "weight": 0.096774}, {"source": 4, "target": 5, "weight": 0.018868}, {"source": 5, "target": 6, "weight": 0.027778}, {"source": 5, "target": 9, "weight": 0.034483}], "multigraph": false}