{"directed": false, "graph": {}, "nodes": [{"group": 0, "id": "fawn", "degree": 27}, {"group": 1, "id": "fanged", "degree": 1}, {"group": 2, "id": "fatuity", "degree": 5}, {"group": 3, "id": "faddish"}, {"group": 3, "id": "fabricated", "degree": 13}, {"group": 4, "id": "farmhand"}, {"group": 5, "id": "facilities"}, {"group": 6, "id": "fateful", "degree": 20}, {"group": 7, "id": "farther", "degree": 5}, {"group": 3, "id": "faultfinding", "degree": 13}, {"group": 5, "id": "fable", "degree": 26}, {"group": 7, "id": "facts"}, {"group": 5, "id": "faddist", "degree": 12}, {"group": 8, "id": "fairway"}, {"group": 6, "id": "factious"}, {"group": 2, "id": "falsity"}, {"group": 5, "id": "father", "degree": 40}, {"group": 9, "id": "famished", "degree": 1}, {"group": 0, "id": "failed", "degree": 8}, {"group": 0, "id": "fade"}, {"group": 7, "id": "factor"}, {"group": 0, "id": "falter", "degree": 17}, {"group": 6, "id": "factual"}, {"group": 3, "id": "fancied"}, {"group": 5, "id": "fatigues"}, {"group": 1, "id": "fasces", "degree": 13}, {"group": 6, "id": "fate"}, {"group": 1, "id": "fatherly", "degree": 3}, {"group": 4, "id": "far"}, {"group": 8, "id": "familiar", "degree": 35}, {"group": 8, "id": "famously"}, {"group": 8, "id": "facetious"}, {"group": 8, "id": "fat", "degree": 28}, {"group": 8, "id": "famous"}, {"group": 5, "id": "fan"}, {"group": 3, "id": "fatuous", "degree": 34}, {"group": 1, "id": "fantail", "degree": 5}, {"group": 0, "id": "fall"}, {"group": 8, "id": "fab", "degree": 7}, {"group": 0, "id": "fag"}, {"group": 5, "id": "fad", "degree": 18}, {"group": 0, "id": "fallible"}, {"group": 5, "id": "facilitate", "degree": 13}, {"group": 7, "id": "facia"}, {"group": 1, "id": "fagot", "degree": 5}, {"group": 1, "id": "fanny", "degree": 5}, {"group": 7, "id": "facing"}, {"group": 4, "id": "faraway", "degree": 9}, {"group": 3, "id": "facsimile"}, {"group": 10, "id": "fairy"}, {"group": 5, "id": "fanaticism"}, {"group": 8, "id": "favoring", "degree": 20}, {"group": 2, "id": "falsehood", "degree": 18}, {"group": 1, "id": "farthest"}, {"group": 8, "id": "fair", "degree": 65}, {"group": 5, "id": "fairness", "degree": 15}, {"group": 2, "id": "famine", "degree": 6}, {"group": 3, "id": "fabulous", "degree": 25}, {"group": 1, "id": "falsetto"}, {"group": 0, "id": "fail"}, {"group": 8, "id": "fain", "degree": 12}, {"group": 7, "id": "fanfare", "degree": 14}, {"group": 1, "id": "fang", "degree": 9}, {"group": 8, "id": "fascinated"}, {"group": 8, "id": "farsighted"}, {"group": 7, "id": "familiarity", "degree": 9}, {"group": 5, "id": "fathom", "degree": 30}, {"group": 5, "id": "favor", "degree": 68}, {"group": 0, "id": "falling", "degree": 10}, {"group": 5, "id": "falsify"}, {"group": 1, "id": "fascist", "degree": 4}, {"group": 8, "id": "favored", "degree": 17}, {"group": 8, "id": "fathomable", "degree": 8}, {"group": 5, "id": "fantasize", "degree": 10}, {"group": 6, "id": "fatality"}, {"group": 10, "id": "faggot"}, {"group": 11, "id": "fairyland", "degree": 0}, {"group": 1, "id": "faith"}, {"group": 1, "id": "faucet"}, {"group": 12, "id": "farmland", "degree": 2}, {"group": 8, "id": "farcical"}, {"group": 5, "id": "fascism"}, {"group": 2, "id": "fault", "degree": 44}, {"group": 8, "id": "favorite"}, {"group": 7, "id": "facet", "degree": 30}, {"group": 8, "id": "falsified"}, {"group": 8, "id": "fabled", "degree": 12}, {"group": 5, "id": "fatten", "degree": 30}, {"group": 8, "id": "fastened"}, {"group": 2, "id": "fallacy"}, {"group": 3, "id": "fantastic"}, {"group": 0, "id": "faltering"}, {"group": 5, "id": "family"}, {"group": 5, "id": "facility"}, {"group": 8, "id": "factitious"}, {"group": 5, "id": "fancy", "degree": 54}, {"group": 5, "id": "fantasy"}, {"group": 0, "id": "fagged", "degree": 10}, {"group": 5, "id": "fake"}, {"group": 7, "id": "fakery"}, {"group": 5, "id": "favoritism", "degree": 11}, {"group": 5, "id": "familiarize"}, {"group": 8, "id": "fawning", "degree": 18}, {"group": 5, "id": "fabric", "degree": 34}, {"group": 6, "id": "fated"}, {"group": 0, "id": "faint", "degree": 24}, {"group": 8, "id": "faithfully", "degree": 18}, {"group": 8, "id": "fast"}, {"group": 8, "id": "farcer", "degree": 2}, {"group": 11, "id": "faerie", "degree": 3}, {"group": 8, "id": "faithworthy"}, {"group": 12, "id": "farming"}, {"group": 5, "id": "fastball"}, {"group": 10, "id": "farina"}, {"group": 8, "id": "fanatical", "degree": 10}, {"group": 5, "id": "fanatic", "degree": 29}, {"group": 5, "id": "fascination", "degree": 28}, {"group": 8, "id": "favorably"}, {"group": 4, "id": "farmer", "degree": 4}, {"group": 8, "id": "farinaceous", "degree": 14}, {"group": 2, "id": "failure"}, {"group": 8, "id": "favorable", "degree": 24}, {"group": 0, "id": "fallen", "degree": 34}, {"group": 0, "id": "fatiguing", "degree": 7}, {"group": 6, "id": "fatal", "degree": 22}, {"group": 3, "id": "falsehearted", "degree": 12}, {"group": 8, "id": "farseeing"}, {"group": 5, "id": "fabricate"}, {"group": 5, "id": "fakir"}, {"group": 1, "id": "fascia"}, {"group": 8, "id": "facile", "degree": 25}, {"group": 0, "id": "fallow", "degree": 36}, {"group": 0, "id": "faded", "degree": 14}, {"group": 8, "id": "fauna"}, {"group": 3, "id": "fallacious", "degree": 43}, {"group": 7, "id": "fanfaronade"}, {"group": 5, "id": "fashion", "degree": 61}, {"group": 3, "id": "false"}, {"group": 2, "id": "falseness"}, {"group": 10, "id": "fay", "degree": 3}, {"group": 3, "id": "fanciful"}, {"group": 5, "id": "fatherhood", "degree": 3}, {"group": 7, "id": "facade"}, {"group": 0, "id": "fading"}, {"group": 5, "id": "factory", "degree": 6}, {"group": 12, "id": "farmstead", "degree": 7}, {"group": 8, "id": "faithful"}, {"group": 1, "id": "farce"}, {"group": 8, "id": "fashionable", "degree": 13}, {"group": 5, "id": "fasthold"}, {"group": 5, "id": "fame", "degree": 10}, {"group": 3, "id": "falsely"}, {"group": 3, "id": "faulty"}, {"group": 0, "id": "failing", "degree": 50}, {"group": 5, "id": "fare"}, {"group": 8, "id": "fairly"}, {"group": 8, "id": "fastidious"}, {"group": 8, "id": "fatty", "degree": 14}, {"group": 5, "id": "faculty"}, {"group": 5, "id": "faction"}, {"group": 12, "id": "farm", "degree": 28}, {"group": 1, "id": "fart"}, {"group": 0, "id": "fatigue", "degree": 22}, {"group": 0, "id": "fainthearted", "degree": 15}, {"group": 5, "id": "fabrication", "degree": 19}, {"group": 3, "id": "fascinating", "degree": 15}, {"group": 9, "id": "fasting", "degree": 3}, {"group": 8, "id": "faultless"}, {"group": 5, "id": "fascinate"}, {"group": 1, "id": "farthing", "degree": 21}, {"group": 1, "id": "faze", "degree": 8}, {"group": 2, "id": "falsification", "degree": 7}, {"group": 5, "id": "fatherless"}, {"group": 3, "id": "faithless"}, {"group": 7, "id": "face", "degree": 62}, {"group": 1, "id": "fastener", "degree": 6}, {"group": 1, "id": "fasten"}, {"group": 0, "id": "fallback", "degree": 5}, {"group": 10, "id": "fallout", "degree": 3}, {"group": 7, "id": "fact"}, {"group": 0, "id": "fatigued"}], "links": [{"source": 0, "target": 136, "weight": 0.003559}, {"source": 0, "target": 93, "weight": 0.004608}, {"source": 0, "target": 4, "weight": 0.009259}, {"source": 0, "target": 6, "weight": 0.009259}, {"source": 0, "target": 59, "weight": 0.006452}, {"source": 0, "target": 61, "weight": 0.008333}, {"source": 0, "target": 143, "weight": 0.005076}, {"source": 0, "target": 105, "weight": 0.008097}, {"source": 0, "target": 16, "weight": 0.004739}, {"source": 0, "target": 66, "weight": 0.005952}, {"source": 0, "target": 67, "weight": 0.002342}, {"source": 0, "target": 19, "weight": 0.007353}, {"source": 0, "target": 21, "weight": 0.005051}, {"source": 0, "target": 112, "weight": 0.020202}, {"source": 0, "target": 159, "weight": 0.005464}, {"source": 0, "target": 161, "weight": 0.010526}, {"source": 0, "target": 162, "weight": 0.013889}, {"source": 0, "target": 37, "weight": 0.009259}, {"source": 0, "target": 39, "weight": 0.012987}, {"source": 0, "target": 120, "weight": 0.003279}, {"source": 0, "target": 127, "weight": 0.006993}, {"source": 0, "target": 153, "weight": 0.004695}, {"source": 0, "target": 174, "weight": 0.00277}, {"source": 0, "target": 131, "weight": 0.014218}, {"source": 0, "target": 132, "weight": 0.008197}, {"source": 0, "target": 176, "weight": 0.006667}, {"source": 0, "target": 135, "weight": 0.006944}, {"source": 1, "target": 62, "weight": 0.052632}, {"source": 2, "target": 153, "weight": 0.005882}, {"source": 2, "target": 147, "weight": 0.010204}, {"source": 2, "target": 120, "weight": 0.023346}, {"source": 2, "target": 82, "weight": 0.004717}, {"source": 2, "target": 105, "weight": 0.009804}, {"source": 2, "target": 174, "weight": 0.003145}, {"source": 2, "target": 56, "weight": 0.017544}, {"source": 2, "target": 169, "weight": 0.008065}, {"source": 2, "target": 162, "weight": 0.011494}, {"source": 2, "target": 37, "weight": 0.003534}, {"source": 2, "target": 135, "weight": 0.009901}, {"source": 2, "target": 143, "weight": 0.006494}, {"source": 3, "target": 136, "weight": 0.004566}, {"source": 3, "target": 54, "weight": 0.003226}, {"source": 3, "target": 165, "weight": 0.020202}, {"source": 3, "target": 130, "weight": 0.012658}, {"source": 3, "target": 35, "weight": 0.007937}, {"source": 3, "target": 84, "weight": 0.009524}, {"source": 3, "target": 124, "weight": 0.007813}, {"source": 4, "target": 90, "weight": 0.072368}, {"source": 4, "target": 136, "weight": 0.008584}, {"source": 4, "target": 137, "weight": 0.011561}, {"source": 4, "target": 165, "weight": 0.017544}, {"source": 4, "target": 95, "weight": 0.002632}, {"source": 4, "target": 57, "weight": 0.094828}, {"source": 4, "target": 140, "weight": 0.071429}, {"source": 4, "target": 98, "weight": 0.009569}, {"source": 4, "target": 54, "weight": 0.003077}, {"source": 4, "target": 67, "weight": 0.002632}, {"source": 4, "target": 112, "weight": 0.018868}, {"source": 4, "target": 23, "weight": 0.275}, {"source": 4, "target": 159, "weight": 0.007353}, {"source": 4, "target": 156, "weight": 0.009804}, {"source": 4, "target": 33, "weight": 0.019802}, {"source": 4, "target": 86, "weight": 0.047619}, {"source": 4, "target": 119, "weight": 0.016949}, {"source": 4, "target": 146, "weight": 0.004132}, {"source": 4, "target": 127, "weight": 0.010417}, {"source": 4, "target": 134, "weight": 0.008264}, {"source": 4, "target": 174, "weight": 0.003185}, {"source": 4, "target": 85, "weight": 0.014085}, {"source": 5, "target": 160, "weight": 0.011765}, {"source": 5, "target": 16, "weight": 0.013423}, {"source": 5, "target": 118, "weight": 0.421053}, {"source": 6, "target": 136, "weight": 0.004274}, {"source": 6, "target": 160, "weight": 0.010101}, {"source": 6, "target": 144, "weight": 0.021277}, {"source": 6, "target": 174, "weight": 0.003185}, {"source": 6, "target": 87, "weight": 0.009174}, {"source": 7, "target": 90, "weight": 0.009569}, {"source": 7, "target": 165, "weight": 0.012346}, {"source": 7, "target": 95, "weight": 0.002336}, {"source": 7, "target": 57, "weight": 0.017442}, {"source": 7, "target": 143, "weight": 0.010152}, {"source": 7, "target": 146, "weight": 0.024648}, {"source": 7, "target": 104, "weight": 0.227723}, {"source": 7, "target": 14, "weight": 0.009259}, {"source": 7, "target": 105, "weight": 0.012146}, {"source": 7, "target": 107, "weight": 0.009091}, {"source": 7, "target": 18, "weight": 0.010309}, {"source": 7, "target": 19, "weight": 0.007326}, {"source": 7, "target": 68, "weight": 0.015625}, {"source": 7, "target": 124, "weight": 0.297297}, {"source": 7, "target": 157, "weight": 0.01}, {"source": 7, "target": 32, "weight": 0.010239}, {"source": 7, "target": 33, "weight": 0.006667}, {"source": 7, "target": 86, "weight": 0.010989}, {"source": 7, "target": 38, "weight": 0.019231}, {"source": 7, "target": 110, "weight": 0.009434}, {"source": 7, "target": 22, "weight": 0.026846}, {"source": 7, "target": 120, "weight": 0.003268}, {"source": 7, "target": 82, "weight": 0.003906}, {"source": 7, "target": 153, "weight": 0.014151}, {"source": 7, "target": 162, "weight": 0.004566}, {"source": 7, "target": 122, "weight": 0.004566}, {"source": 8, "target": 92, "weight": 0.007874}, {"source": 8, "target": 54, "weight": 0.00304}, {"source": 8, "target": 148, "weight": 0.014925}, {"source": 8, "target": 156, "weight": 0.009434}, {"source": 8, "target": 84, "weight": 0.008065}, {"source": 8, "target": 67, "weight": 0.002604}, {"source": 8, "target": 20, "weight": 0.007576}, {"source": 8, "target": 42, "weight": 0.016129}, {"source": 8, "target": 179, "weight": 0.011494}, {"source": 9, "target": 90, "weight": 0.009302}, {"source": 9, "target": 169, "weight": 0.005747}, {"source": 9, "target": 147, "weight": 0.006757}, {"source": 9, "target": 159, "weight": 0.010582}, {"source": 9, "target": 14, "weight": 0.008772}, {"source": 9, "target": 156, "weight": 0.00641}, {"source": 9, "target": 95, "weight": 0.002304}, {"source": 9, "target": 120, "weight": 0.003205}, {"source": 9, "target": 140, "weight": 0.012739}, {"source": 9, "target": 21, "weight": 0.004878}, {"source": 9, "target": 176, "weight": 0.006369}, {"source": 9, "target": 124, "weight": 0.005076}, {"source": 9, "target": 40, "weight": 0.008333}, {"source": 10, "target": 52, "weight": 0.051948}, {"source": 10, "target": 136, "weight": 0.039526}, {"source": 10, "target": 92, "weight": 0.006623}, {"source": 10, "target": 15, "weight": 0.029851}, {"source": 10, "target": 95, "weight": 0.014888}, {"source": 10, "target": 96, "weight": 0.09697}, {"source": 10, "target": 98, "weight": 0.004202}, {"source": 10, "target": 142, "weight": 0.0125}, {"source": 10, "target": 150, "weight": 0.009804}, {"source": 10, "target": 99, "weight": 0.018868}, {"source": 10, "target": 100, "weight": 0.012987}, {"source": 10, "target": 103, "weight": 0.024242}, {"source": 10, "target": 116, "weight": 0.008264}, {"source": 10, "target": 67, "weight": 0.004914}, {"source": 10, "target": 109, "weight": 0.013514}, {"source": 10, "target": 69, "weight": 0.029703}, {"source": 10, "target": 26, "weight": 0.01105}, {"source": 10, "target": 159, "weight": 0.006098}, {"source": 10, "target": 160, "weight": 0.007874}, {"source": 10, "target": 120, "weight": 0.007018}, {"source": 10, "target": 37, "weight": 0.006536}, {"source": 10, "target": 164, "weight": 0.101449}, {"source": 10, "target": 40, "weight": 0.010638}, {"source": 10, "target": 77, "weight": 0.005525}, {"source": 10, "target": 127, "weight": 0.02459}, {"source": 10, "target": 82, "weight": 0.004237}, {"source": 10, "target": 174, "weight": 0.008824}, {"source": 10, "target": 84, "weight": 0.020548}, {"source": 10, "target": 179, "weight": 0.018182}, {"source": 11, "target": 136, "weight": 0.007813}, {"source": 11, "target": 54, "weight": 0.005764}, {"source": 11, "target": 130, "weight": 0.008547}, {"source": 11, "target": 29, "weight": 0.005348}, {"source": 11, "target": 65, "weight": 0.160494}, {"source": 11, "target": 66, "weight": 0.006944}, {"source": 11, "target": 35, "weight": 0.006098}, {"source": 11, "target": 174, "weight": 0.005952}, {"source": 11, "target": 84, "weight": 0.021277}, {"source": 11, "target": 67, "weight": 0.012531}, {"source": 11, "target": 150, "weight": 0.020833}, {"source": 12, "target": 90, "weight": 0.006579}, {"source": 12, "target": 136, "weight": 0.008969}, {"source": 12, "target": 137, "weight": 0.006098}, {"source": 12, "target": 168, "weight": 0.011905}, {"source": 12, "target": 115, "weight": 0.151515}, {"source": 12, "target": 116, "weight": 0.037037}, {"source": 12, "target": 134, "weight": 0.009009}, {"source": 12, "target": 153, "weight": 0.00641}, {"source": 12, "target": 95, "weight": 0.008152}, {"source": 12, "target": 96, "weight": 0.021429}, {"source": 12, "target": 140, "weight": 0.010638}, {"source": 12, "target": 40, "weight": 0.096154}, {"source": 12, "target": 19, "weight": 0.00463}, {"source": 12, "target": 118, "weight": 0.017544}, {"source": 12, "target": 59, "weight": 0.010204}, {"source": 12, "target": 34, "weight": 0.056497}, {"source": 12, "target": 82, "weight": 0.010152}, {"source": 12, "target": 120, "weight": 0.004032}, {"source": 12, "target": 50, "weight": 0.012048}, {"source": 13, "target": 82, "weight": 0.004854}, {"source": 13, "target": 136, "weight": 0.00431}, {"source": 13, "target": 29, "weight": 0.006173}, {"source": 14, "target": 29, "weight": 0.006135}, {"source": 14, "target": 115, "weight": 0.008197}, {"source": 14, "target": 32, "weight": 0.004065}, {"source": 14, "target": 57, "weight": 0.008}, {"source": 14, "target": 95, "weight": 0.002639}, {"source": 14, "target": 124, "weight": 0.007042}, {"source": 15, "target": 84, "weight": 0.03681}, {"source": 15, "target": 52, "weight": 0.202381}, {"source": 15, "target": 136, "weight": 0.017986}, {"source": 15, "target": 54, "weight": 0.002681}, {"source": 15, "target": 134, "weight": 0.011905}, {"source": 15, "target": 153, "weight": 0.00939}, {"source": 15, "target": 95, "weight": 0.011792}, {"source": 15, "target": 174, "weight": 0.113497}, {"source": 15, "target": 116, "weight": 0.007092}, {"source": 15, "target": 67, "weight": 0.007042}, {"source": 15, "target": 131, "weight": 0.004673}, {"source": 15, "target": 171, "weight": 0.076923}, {"source": 15, "target": 82, "weight": 0.088983}, {"source": 15, "target": 61, "weight": 0.008264}, {"source": 15, "target": 164, "weight": 0.036145}, {"source": 15, "target": 40, "weight": 0.008772}, {"source": 16, "target": 90, "weight": 0.003774}, {"source": 16, "target": 136, "weight": 0.021148}, {"source": 16, "target": 54, "weight": 0.004684}, {"source": 16, "target": 95, "weight": 0.010438}, {"source": 16, "target": 96, "weight": 0.003922}, {"source": 16, "target": 57, "weight": 0.004367}, {"source": 16, "target": 98, "weight": 0.00641}, {"source": 16, "target": 59, "weight": 0.009524}, {"source": 16, "target": 150, "weight": 0.028902}, {"source": 16, "target": 73, "weight": 0.033333}, {"source": 16, "target": 101, "weight": 0.005882}, {"source": 16, "target": 103, "weight": 0.004115}, {"source": 16, "target": 162, "weight": 0.00365}, {"source": 16, "target": 66, "weight": 0.027397}, {"source": 16, "target": 39, "weight": 0.004739}, {"source": 16, "target": 67, "weight": 0.006237}, {"source": 16, "target": 19, "weight": 0.00304}, {"source": 16, "target": 118, "weight": 0.011834}, {"source": 16, "target": 120, "weight": 0.00277}, {"source": 16, "target": 154, "weight": 0.008097}, {"source": 16, "target": 155, "weight": 0.005848}, {"source": 16, "target": 92, "weight": 0.013393}, {"source": 16, "target": 26, "weight": 0.003891}, {"source": 16, "target": 27, "weight": 0.014388}, {"source": 16, "target": 160, "weight": 0.00995}, {"source": 16, "target": 29, "weight": 0.003745}, {"source": 16, "target": 20, "weight": 0.0131}, {"source": 16, "target": 33, "weight": 0.004878}, {"source": 16, "target": 86, "weight": 0.006849}, {"source": 16, "target": 158, "weight": 0.005405}, {"source": 16, "target": 164, "weight": 0.004425}, {"source": 16, "target": 77, "weight": 0.003906}, {"source": 16, "target": 161, "weight": 0.006623}, {"source": 16, "target": 127, "weight": 0.06383}, {"source": 16, "target": 135, "weight": 0.005}, {"source": 16, "target": 174, "weight": 0.004808}, {"source": 16, "target": 84, "weight": 0.009009}, {"source": 16, "target": 131, "weight": 0.003717}, {"source": 16, "target": 163, "weight": 0.006173}, {"source": 16, "target": 87, "weight": 0.009479}, {"source": 16, "target": 179, "weight": 0.005376}, {"source": 17, "target": 134, "weight": 0.009091}, {"source": 17, "target": 102, "weight": 0.014286}, {"source": 17, "target": 19, "weight": 0.004651}, {"source": 17, "target": 35, "weight": 0.007692}, {"source": 17, "target": 166, "weight": 0.272727}, {"source": 18, "target": 82, "weight": 0.005102}, {"source": 18, "target": 153, "weight": 0.076389}, {"source": 18, "target": 35, "weight": 0.048387}, {"source": 18, "target": 120, "weight": 0.012295}, {"source": 18, "target": 131, "weight": 0.013072}, {"source": 18, "target": 37, "weight": 0.003745}, {"source": 18, "target": 68, "weight": 0.014493}, {"source": 18, "target": 124, "weight": 0.007634}, {"source": 18, "target": 122, "weight": 0.025641}, {"source": 18, "target": 143, "weight": 0.007246}, {"source": 19, "target": 136, "weight": 0.002506}, {"source": 19, "target": 54, "weight": 0.018672}, {"source": 19, "target": 35, "weight": 0.03367}, {"source": 19, "target": 57, "weight": 0.003436}, {"source": 19, "target": 122, "weight": 0.012012}, {"source": 19, "target": 62, "weight": 0.004444}, {"source": 19, "target": 105, "weight": 0.092262}, {"source": 19, "target": 66, "weight": 0.003497}, {"source": 19, "target": 106, "weight": 0.00885}, {"source": 19, "target": 21, "weight": 0.046205}, {"source": 19, "target": 68, "weight": 0.004065}, {"source": 19, "target": 124, "weight": 0.003247}, {"source": 19, "target": 95, "weight": 0.001835}, {"source": 19, "target": 157, "weight": 0.004608}, {"source": 19, "target": 114, "weight": 0.004115}, {"source": 19, "target": 29, "weight": 0.064516}, {"source": 19, "target": 32, "weight": 0.012255}, {"source": 19, "target": 162, "weight": 0.027439}, {"source": 19, "target": 119, "weight": 0.004464}, {"source": 19, "target": 163, "weight": 0.008969}, {"source": 19, "target": 38, "weight": 0.004505}, {"source": 19, "target": 40, "weight": 0.004329}, {"source": 19, "target": 166, "weight": 0.004608}, {"source": 19, "target": 170, "weight": 0.004695}, {"source": 19, "target": 134, "weight": 0.007018}, {"source": 19, "target": 153, "weight": 0.031056}, {"source": 19, "target": 174, "weight": 0.006289}, {"source": 19, "target": 130, "weight": 0.003861}, {"source": 19, "target": 131, "weight": 0.064103}, {"source": 19, "target": 132, "weight": 0.061674}, {"source": 19, "target": 97, "weight": 0.013953}, {"source": 19, "target": 177, "weight": 0.029557}, {"source": 19, "target": 82, "weight": 0.010811}, {"source": 19, "target": 87, "weight": 0.00365}, {"source": 20, "target": 136, "weight": 0.02027}, {"source": 20, "target": 103, "weight": 0.009709}, {"source": 20, "target": 169, "weight": 0.010753}, {"source": 20, "target": 115, "weight": 0.010582}, {"source": 20, "target": 70, "weight": 0.008065}, {"source": 20, "target": 29, "weight": 0.004329}, {"source": 20, "target": 153, "weight": 0.004292}, {"source": 20, "target": 66, "weight": 0.032787}, {"source": 20, "target": 95, "weight": 0.004484}, {"source": 20, "target": 174, "weight": 0.013263}, {"source": 20, "target": 84, "weight": 0.112426}, {"source": 20, "target": 67, "weight": 0.009009}, {"source": 20, "target": 65, "weight": 0.007299}, {"source": 20, "target": 119, "weight": 0.007937}, {"source": 20, "target": 55, "weight": 0.012987}, {"source": 20, "target": 124, "weight": 0.004762}, {"source": 20, "target": 150, "weight": 0.007092}, {"source": 21, "target": 136, "weight": 0.003086}, {"source": 21, "target": 92, "weight": 0.004695}, {"source": 21, "target": 37, "weight": 0.045198}, {"source": 21, "target": 58, "weight": 0.019868}, {"source": 21, "target": 59, "weight": 0.025773}, {"source": 21, "target": 174, "weight": 0.007463}, {"source": 21, "target": 143, "weight": 0.004167}, {"source": 21, "target": 105, "weight": 0.010381}, {"source": 21, "target": 39, "weight": 0.015306}, {"source": 21, "target": 67, "weight": 0.004264}, {"source": 21, "target": 91, "weight": 0.023121}, {"source": 21, "target": 112, "weight": 0.014085}, {"source": 21, "target": 154, "weight": 0.008547}, {"source": 21, "target": 25, "weight": 0.011696}, {"source": 21, "target": 116, "weight": 0.005464}, {"source": 21, "target": 161, "weight": 0.007246}, {"source": 21, "target": 162, "weight": 0.011583}, {"source": 21, "target": 158, "weight": 0.005814}, {"source": 21, "target": 177, "weight": 0.030769}, {"source": 21, "target": 49, "weight": 0.005714}, {"source": 21, "target": 169, "weight": 0.004762}, {"source": 21, "target": 170, "weight": 0.007246}, {"source": 21, "target": 153, "weight": 0.003906}, {"source": 21, "target": 44, "weight": 0.013986}, {"source": 21, "target": 69, "weight": 0.006061}, {"source": 21, "target": 163, "weight": 0.006711}, {"source": 21, "target": 75, "weight": 0.007299}, {"source": 22, "target": 103, "weight": 0.005464}, {"source": 22, "target": 165, "weight": 0.006329}, {"source": 22, "target": 71, "weight": 0.009804}, {"source": 22, "target": 29, "weight": 0.004831}, {"source": 22, "target": 32, "weight": 0.003448}, {"source": 22, "target": 70, "weight": 0.01}, {"source": 22, "target": 121, "weight": 0.009479}, {"source": 22, "target": 124, "weight": 0.010811}, {"source": 22, "target": 122, "weight": 0.004673}, {"source": 22, "target": 54, "weight": 0.010959}, {"source": 23, "target": 165, "weight": 0.029412}, {"source": 23, "target": 134, "weight": 0.04717}, {"source": 23, "target": 105, "weight": 0.005263}, {"source": 23, "target": 35, "weight": 0.039683}, {"source": 23, "target": 57, "weight": 0.115385}, {"source": 23, "target": 86, "weight": 0.064516}, {"source": 23, "target": 95, "weight": 0.00271}, {"source": 24, "target": 25, "weight": 0.012658}, {"source": 24, "target": 136, "weight": 0.131707}, {"source": 24, "target": 103, "weight": 0.014706}, {"source": 24, "target": 169, "weight": 0.008547}, {"source": 24, "target": 87, "weight": 0.009434}, {"source": 24, "target": 95, "weight": 0.002653}, {"source": 24, "target": 174, "weight": 0.006452}, {"source": 24, "target": 84, "weight": 0.026087}, {"source": 24, "target": 67, "weight": 0.008}, {"source": 24, "target": 131, "weight": 0.006135}, {"source": 24, "target": 162, "weight": 0.005952}, {"source": 24, "target": 61, "weight": 0.014286}, {"source": 24, "target": 164, "weight": 0.008333}, {"source": 24, "target": 40, "weight": 0.015873}, {"source": 25, "target": 154, "weight": 0.006024}, {"source": 25, "target": 77, "weight": 0.005747}, {"source": 25, "target": 78, "weight": 0.014706}, {"source": 25, "target": 136, "weight": 0.003922}, {"source": 25, "target": 147, "weight": 0.017544}, {"source": 25, "target": 26, "weight": 0.005714}, {"source": 25, "target": 159, "weight": 0.012821}, {"source": 25, "target": 144, "weight": 0.014706}, {"source": 25, "target": 44, "weight": 0.288136}, {"source": 25, "target": 174, "weight": 0.002985}, {"source": 25, "target": 169, "weight": 0.014286}, {"source": 25, "target": 175, "weight": 0.014493}, {"source": 25, "target": 131, "weight": 0.005348}, {"source": 25, "target": 98, "weight": 0.004329}, {"source": 25, "target": 176, "weight": 0.033058}, {"source": 25, "target": 87, "weight": 0.007692}, {"source": 25, "target": 129, "weight": 0.024691}, {"source": 26, "target": 136, "weight": 0.009231}, {"source": 26, "target": 100, "weight": 0.007042}, {"source": 26, "target": 169, "weight": 0.014218}, {"source": 26, "target": 116, "weight": 0.005376}, {"source": 26, "target": 82, "weight": 0.006667}, {"source": 26, "target": 153, "weight": 0.003861}, {"source": 26, "target": 66, "weight": 0.004673}, {"source": 26, "target": 44, "weight": 0.006803}, {"source": 26, "target": 84, "weight": 0.009434}, {"source": 26, "target": 67, "weight": 0.004237}, {"source": 26, "target": 131, "weight": 0.003861}, {"source": 26, "target": 95, "weight": 0.002114}, {"source": 26, "target": 29, "weight": 0.007813}, {"source": 26, "target": 105, "weight": 0.003401}, {"source": 26, "target": 124, "weight": 0.021552}, {"source": 27, "target": 70, "weight": 0.030303}, {"source": 27, "target": 161, "weight": 0.041667}, {"source": 27, "target": 146, "weight": 0.013889}, {"source": 28, "target": 47, "weight": 0.243243}, {"source": 28, "target": 105, "weight": 0.005464}, {"source": 28, "target": 165, "weight": 0.010309}, {"source": 29, "target": 136, "weight": 0.005952}, {"source": 29, "target": 54, "weight": 0.014184}, {"source": 29, "target": 93, "weight": 0.007353}, {"source": 29, "target": 65, "weight": 0.00578}, {"source": 29, "target": 95, "weight": 0.00207}, {"source": 29, "target": 158, "weight": 0.005405}, {"source": 29, "target": 35, "weight": 0.00823}, {"source": 29, "target": 57, "weight": 0.004367}, {"source": 29, "target": 97, "weight": 0.006452}, {"source": 29, "target": 87, "weight": 0.004717}, {"source": 29, "target": 159, "weight": 0.004184}, {"source": 29, "target": 59, "weight": 0.004739}, {"source": 29, "target": 122, "weight": 0.00365}, {"source": 29, "target": 148, "weight": 0.018293}, {"source": 29, "target": 105, "weight": 0.006601}, {"source": 29, "target": 107, "weight": 0.018382}, {"source": 29, "target": 67, "weight": 0.008333}, {"source": 29, "target": 106, "weight": 0.006061}, {"source": 29, "target": 91, "weight": 0.010638}, {"source": 29, "target": 92, "weight": 0.013393}, {"source": 29, "target": 115, "weight": 0.004425}, {"source": 29, "target": 71, "weight": 0.01875}, {"source": 29, "target": 117, "weight": 0.006849}, {"source": 29, "target": 156, "weight": 0.004878}, {"source": 29, "target": 32, "weight": 0.011527}, {"source": 29, "target": 33, "weight": 0.009804}, {"source": 29, "target": 86, "weight": 0.013793}, {"source": 29, "target": 180, "weight": 0.005917}, {"source": 29, "target": 37, "weight": 0.002618}, {"source": 29, "target": 38, "weight": 0.00625}, {"source": 29, "target": 146, "weight": 0.026706}, {"source": 29, "target": 34, "weight": 0.027397}, {"source": 29, "target": 77, "weight": 0.003906}, {"source": 29, "target": 152, "weight": 0.004219}, {"source": 29, "target": 88, "weight": 0.012821}, {"source": 29, "target": 130, "weight": 0.020619}, {"source": 29, "target": 134, "weight": 0.004464}, {"source": 29, "target": 172, "weight": 0.006329}, {"source": 29, "target": 83, "weight": 0.018405}, {"source": 29, "target": 174, "weight": 0.002398}, {"source": 29, "target": 46, "weight": 0.005682}, {"source": 29, "target": 132, "weight": 0.005618}, {"source": 29, "target": 124, "weight": 0.004065}, {"source": 29, "target": 176, "weight": 0.009756}, {"source": 29, "target": 133, "weight": 0.007194}, {"source": 29, "target": 42, "weight": 0.0125}, {"source": 29, "target": 121, "weight": 0.011111}, {"source": 30, "target": 106, "weight": 0.014925}, {"source": 30, "target": 95, "weight": 0.002597}, {"source": 30, "target": 119, "weight": 0.015625}, {"source": 30, "target": 54, "weight": 0.006079}, {"source": 30, "target": 121, "weight": 0.011561}, {"source": 31, "target": 125, "weight": 0.016949}, {"source": 31, "target": 148, "weight": 0.017241}, {"source": 31, "target": 130, "weight": 0.011236}, {"source": 31, "target": 95, "weight": 0.005348}, {"source": 31, "target": 38, "weight": 0.019231}, {"source": 31, "target": 108, "weight": 0.029412}, {"source": 32, "target": 90, "weight": 0.005764}, {"source": 32, "target": 137, "weight": 0.00838}, {"source": 32, "target": 54, "weight": 0.03854}, {"source": 32, "target": 35, "weight": 0.018634}, {"source": 32, "target": 142, "weight": 0.006289}, {"source": 32, "target": 57, "weight": 0.003205}, {"source": 32, "target": 87, "weight": 0.017182}, {"source": 32, "target": 59, "weight": 0.003401}, {"source": 32, "target": 146, "weight": 0.004684}, {"source": 32, "target": 46, "weight": 0.007752}, {"source": 32, "target": 102, "weight": 0.022901}, {"source": 32, "target": 122, "weight": 0.008451}, {"source": 32, "target": 147, "weight": 0.003571}, {"source": 32, "target": 148, "weight": 0.004016}, {"source": 32, "target": 105, "weight": 0.007792}, {"source": 32, "target": 66, "weight": 0.003257}, {"source": 32, "target": 39, "weight": 0.003401}, {"source": 32, "target": 67, "weight": 0.005319}, {"source": 32, "target": 106, "weight": 0.004032}, {"source": 32, "target": 124, "weight": 0.009174}, {"source": 32, "target": 120, "weight": 0.002252}, {"source": 32, "target": 50, "weight": 0.003584}, {"source": 32, "target": 155, "weight": 0.003937}, {"source": 32, "target": 95, "weight": 0.014311}, {"source": 32, "target": 157, "weight": 0.071749}, {"source": 32, "target": 160, "weight": 0.003509}, {"source": 32, "target": 156, "weight": 0.003472}, {"source": 32, "target": 169, "weight": 0.003268}, {"source": 32, "target": 41, "weight": 0.004032}, {"source": 32, "target": 34, "weight": 0.007895}, {"source": 32, "target": 121, "weight": 0.011364}, {"source": 32, "target": 167, "weight": 0.003891}, {"source": 32, "target": 37, "weight": 0.002151}, {"source": 32, "target": 38, "weight": 0.008264}, {"source": 32, "target": 75, "weight": 0.004292}, {"source": 32, "target": 165, "weight": 0.003322}, {"source": 32, "target": 103, "weight": 0.003067}, {"source": 32, "target": 125, "weight": 0.004}, {"source": 32, "target": 168, "weight": 0.007168}, {"source": 32, "target": 33, "weight": 0.014035}, {"source": 32, "target": 130, "weight": 0.007168}, {"source": 32, "target": 134, "weight": 0.003257}, {"source": 32, "target": 174, "weight": 0.006024}, {"source": 32, "target": 84, "weight": 0.006557}, {"source": 32, "target": 51, "weight": 0.007692}, {"source": 32, "target": 131, "weight": 0.008571}, {"source": 32, "target": 48, "weight": 0.004082}, {"source": 32, "target": 132, "weight": 0.003831}, {"source": 32, "target": 140, "weight": 0.00692}, {"source": 32, "target": 49, "weight": 0.00369}, {"source": 32, "target": 42, "weight": 0.012397}, {"source": 32, "target": 152, "weight": 0.003125}, {"source": 33, "target": 95, "weight": 0.034314}, {"source": 33, "target": 130, "weight": 0.014925}, {"source": 33, "target": 54, "weight": 0.105422}, {"source": 33, "target": 148, "weight": 0.019417}, {"source": 33, "target": 71, "weight": 0.030612}, {"source": 33, "target": 66, "weight": 0.006173}, {"source": 33, "target": 174, "weight": 0.002817}, {"source": 33, "target": 72, "weight": 0.011628}, {"source": 33, "target": 57, "weight": 0.043478}, {"source": 33, "target": 86, "weight": 0.164384}, {"source": 33, "target": 119, "weight": 0.01}, {"source": 33, "target": 38, "weight": 0.020619}, {"source": 33, "target": 60, "weight": 0.010204}, {"source": 33, "target": 124, "weight": 0.005435}, {"source": 33, "target": 51, "weight": 0.063636}, {"source": 33, "target": 121, "weight": 0.19209}, {"source": 34, "target": 102, "weight": 0.00463}, {"source": 34, "target": 54, "weight": 0.002174}, {"source": 34, "target": 115, "weight": 0.065844}, {"source": 34, "target": 116, "weight": 0.004386}, {"source": 34, "target": 82, "weight": 0.002915}, {"source": 34, "target": 51, "weight": 0.004762}, {"source": 34, "target": 153, "weight": 0.003322}, {"source": 34, "target": 95, "weight": 0.005848}, {"source": 34, "target": 174, "weight": 0.006711}, {"source": 34, "target": 67, "weight": 0.009785}, {"source": 34, "target": 131, "weight": 0.003322}, {"source": 34, "target": 162, "weight": 0.003268}, {"source": 34, "target": 40, "weight": 0.01}, {"source": 34, "target": 36, "weight": 0.00565}, {"source": 34, "target": 118, "weight": 0.00995}, {"source": 34, "target": 68, "weight": 0.00463}, {"source": 34, "target": 87, "weight": 0.00823}, {"source": 34, "target": 45, "weight": 0.005714}, {"source": 35, "target": 90, "weight": 0.042918}, {"source": 35, "target": 136, "weight": 0.003185}, {"source": 35, "target": 137, "weight": 0.024096}, {"source": 35, "target": 54, "weight": 0.007444}, {"source": 35, "target": 94, "weight": 0.007874}, {"source": 35, "target": 59, "weight": 0.005319}, {"source": 35, "target": 57, "weight": 0.004854}, {"source": 35, "target": 140, "weight": 0.107784}, {"source": 35, "target": 98, "weight": 0.003448}, {"source": 35, "target": 105, "weight": 0.014388}, {"source": 35, "target": 143, "weight": 0.008734}, {"source": 35, "target": 165, "weight": 0.005128}, {"source": 35, "target": 147, "weight": 0.005747}, {"source": 35, "target": 63, "weight": 0.01227}, {"source": 35, "target": 91, "weight": 0.012121}, {"source": 35, "target": 68, "weight": 0.006211}, {"source": 35, "target": 152, "weight": 0.018957}, {"source": 35, "target": 114, "weight": 0.019231}, {"source": 35, "target": 156, "weight": 0.005495}, {"source": 35, "target": 120, "weight": 0.002959}, {"source": 35, "target": 119, "weight": 0.007194}, {"source": 35, "target": 37, "weight": 0.002786}, {"source": 35, "target": 146, "weight": 0.009375}, {"source": 35, "target": 166, "weight": 0.007576}, {"source": 35, "target": 41, "weight": 0.007042}, {"source": 35, "target": 80, "weight": 0.016129}, {"source": 35, "target": 169, "weight": 0.005}, {"source": 35, "target": 130, "weight": 0.005747}, {"source": 35, "target": 134, "weight": 0.046632}, {"source": 35, "target": 153, "weight": 0.037815}, {"source": 35, "target": 84, "weight": 0.005}, {"source": 35, "target": 47, "weight": 0.006993}, {"source": 35, "target": 131, "weight": 0.029167}, {"source": 35, "target": 85, "weight": 0.006623}, {"source": 35, "target": 180, "weight": 0.006849}, {"source": 36, "target": 39, "weight": 0.011236}, {"source": 36, "target": 53, "weight": 0.037037}, {"source": 36, "target": 44, "weight": 0.028571}, {"source": 36, "target": 174, "weight": 0.00339}, {"source": 36, "target": 161, "weight": 0.034483}, {"source": 36, "target": 45, "weight": 0.1}, {"source": 37, "target": 136, "weight": 0.011161}, {"source": 37, "target": 54, "weight": 0.00369}, {"source": 37, "target": 61, "weight": 0.003436}, {"source": 37, "target": 102, "weight": 0.003344}, {"source": 37, "target": 122, "weight": 0.010363}, {"source": 37, "target": 62, "weight": 0.003597}, {"source": 37, "target": 67, "weight": 0.011824}, {"source": 37, "target": 105, "weight": 0.034483}, {"source": 37, "target": 66, "weight": 0.00295}, {"source": 37, "target": 118, "weight": 0.003509}, {"source": 37, "target": 68, "weight": 0.030928}, {"source": 37, "target": 95, "weight": 0.005034}, {"source": 37, "target": 100, "weight": 0.003745}, {"source": 37, "target": 116, "weight": 0.003215}, {"source": 37, "target": 162, "weight": 0.020942}, {"source": 37, "target": 121, "weight": 0.002584}, {"source": 37, "target": 40, "weight": 0.003521}, {"source": 37, "target": 82, "weight": 0.019093}, {"source": 37, "target": 153, "weight": 0.081461}, {"source": 37, "target": 174, "weight": 0.003766}, {"source": 37, "target": 84, "weight": 0.002959}, {"source": 37, "target": 131, "weight": 0.013158}, {"source": 37, "target": 177, "weight": 0.003831}, {"source": 37, "target": 87, "weight": 0.003058}, {"source": 38, "target": 95, "weight": 0.005333}, {"source": 38, "target": 157, "weight": 0.020833}, {"source": 38, "target": 54, "weight": 0.003115}, {"source": 38, "target": 148, "weight": 0.016949}, {"source": 38, "target": 105, "weight": 0.005076}, {"source": 38, "target": 114, "weight": 0.013514}, {"source": 38, "target": 110, "weight": 0.018519}, {"source": 38, "target": 107, "weight": 0.011905}, {"source": 38, "target": 124, "weight": 0.007194}, {"source": 38, "target": 146, "weight": 0.008439}, {"source": 39, "target": 139, "weight": 0.010989}, {"source": 39, "target": 102, "weight": 0.007813}, {"source": 39, "target": 62, "weight": 0.009346}, {"source": 39, "target": 131, "weight": 0.009434}, {"source": 39, "target": 66, "weight": 0.011976}, {"source": 39, "target": 150, "weight": 0.008264}, {"source": 39, "target": 162, "weight": 0.190217}, {"source": 39, "target": 136, "weight": 0.007143}, {"source": 39, "target": 97, "weight": 0.020408}, {"source": 39, "target": 95, "weight": 0.004695}, {"source": 39, "target": 163, "weight": 0.009434}, {"source": 39, "target": 105, "weight": 0.033195}, {"source": 39, "target": 122, "weight": 0.009217}, {"source": 39, "target": 164, "weight": 0.005882}, {"source": 40, "target": 52, "weight": 0.017544}, {"source": 40, "target": 136, "weight": 0.025641}, {"source": 40, "target": 138, "weight": 0.008696}, {"source": 40, "target": 95, "weight": 0.048913}, {"source": 40, "target": 93, "weight": 0.005714}, {"source": 40, "target": 96, "weight": 0.120567}, {"source": 40, "target": 57, "weight": 0.007634}, {"source": 40, "target": 59, "weight": 0.00885}, {"source": 40, "target": 61, "weight": 0.012821}, {"source": 40, "target": 150, "weight": 0.012658}, {"source": 40, "target": 147, "weight": 0.020408}, {"source": 40, "target": 148, "weight": 0.014706}, {"source": 40, "target": 67, "weight": 0.007833}, {"source": 40, "target": 123, "weight": 0.019608}, {"source": 40, "target": 124, "weight": 0.006757}, {"source": 40, "target": 120, "weight": 0.015385}, {"source": 40, "target": 50, "weight": 0.010204}, {"source": 40, "target": 115, "weight": 0.02381}, {"source": 40, "target": 116, "weight": 0.03125}, {"source": 40, "target": 169, "weight": 0.008}, {"source": 40, "target": 73, "weight": 0.017857}, {"source": 40, "target": 168, "weight": 0.010101}, {"source": 40, "target": 161, "weight": 0.018868}, {"source": 40, "target": 127, "weight": 0.009901}, {"source": 40, "target": 82, "weight": 0.009434}, {"source": 40, "target": 153, "weight": 0.005848}, {"source": 40, "target": 174, "weight": 0.003135}, {"source": 40, "target": 84, "weight": 0.008}, {"source": 40, "target": 135, "weight": 0.019802}, {"source": 40, "target": 89, "weight": 0.011364}, {"source": 41, "target": 54, "weight": 0.003067}, {"source": 41, "target": 134, "weight": 0.051282}, {"source": 41, "target": 153, "weight": 0.090909}, {"source": 41, "target": 131, "weight": 0.005988}, {"source": 41, "target": 122, "weight": 0.005814}, {"source": 42, "target": 93, "weight": 0.012048}, {"source": 42, "target": 95, "weight": 0.002653}, {"source": 42, "target": 59, "weight": 0.019231}, {"source": 42, "target": 102, "weight": 0.039474}, {"source": 42, "target": 105, "weight": 0.005051}, {"source": 42, "target": 65, "weight": 0.014925}, {"source": 42, "target": 66, "weight": 0.008475}, {"source": 42, "target": 107, "weight": 0.005882}, {"source": 42, "target": 67, "weight": 0.044199}, {"source": 42, "target": 152, "weight": 0.007634}, {"source": 42, "target": 112, "weight": 0.02}, {"source": 42, "target": 157, "weight": 0.020408}, {"source": 42, "target": 116, "weight": 0.011111}, {"source": 42, "target": 121, "weight": 0.006024}, {"source": 42, "target": 130, "weight": 0.010989}, {"source": 42, "target": 134, "weight": 0.008475}, {"source": 42, "target": 174, "weight": 0.003215}, {"source": 42, "target": 46, "weight": 0.014286}, {"source": 42, "target": 87, "weight": 0.04902}, {"source": 43, "target": 84, "weight": 0.208791}, {"source": 43, "target": 67, "weight": 0.005435}, {"source": 43, "target": 136, "weight": 0.004484}, {"source": 43, "target": 174, "weight": 0.066667}, {"source": 44, "target": 154, "weight": 0.007246}, {"source": 44, "target": 159, "weight": 0.007752}, {"source": 44, "target": 174, "weight": 0.003257}, {"source": 44, "target": 98, "weight": 0.004926}, {"source": 44, "target": 176, "weight": 0.010417}, {"source": 45, "target": 62, "weight": 0.025641}, {"source": 45, "target": 53, "weight": 0.04}, {"source": 45, "target": 115, "weight": 0.009804}, {"source": 46, "target": 87, "weight": 0.008264}, {"source": 46, "target": 174, "weight": 0.03481}, {"source": 46, "target": 84, "weight": 0.023077}, {"source": 46, "target": 67, "weight": 0.002551}, {"source": 46, "target": 121, "weight": 0.011111}, {"source": 46, "target": 51, "weight": 0.011494}, {"source": 47, "target": 90, "weight": 0.006098}, {"source": 47, "target": 137, "weight": 0.005682}, {"source": 47, "target": 146, "weight": 0.00823}, {"source": 47, "target": 165, "weight": 0.008547}, {"source": 47, "target": 134, "weight": 0.00813}, {"source": 47, "target": 63, "weight": 0.011628}, {"source": 47, "target": 105, "weight": 0.004926}, {"source": 47, "target": 96, "weight": 0.033333}, {"source": 48, "target": 136, "weight": 0.00431}, {"source": 48, "target": 125, "weight": 0.016129}, {"source": 48, "target": 174, "weight": 0.003205}, {"source": 48, "target": 67, "weight": 0.002646}, {"source": 48, "target": 95, "weight": 0.002646}, {"source": 48, "target": 51, "weight": 0.013699}, {"source": 49, "target": 139, "weight": 0.232143}, {"source": 49, "target": 169, "weight": 0.028369}, {"source": 49, "target": 105, "weight": 0.008929}, {"source": 49, "target": 174, "weight": 0.005935}, {"source": 49, "target": 67, "weight": 0.002475}, {"source": 49, "target": 131, "weight": 0.005263}, {"source": 49, "target": 162, "weight": 0.005128}, {"source": 49, "target": 95, "weight": 0.002475}, {"source": 49, "target": 178, "weight": 0.014493}, {"source": 49, "target": 163, "weight": 0.012048}, {"source": 49, "target": 68, "weight": 0.009524}, {"source": 49, "target": 122, "weight": 0.005128}, {"source": 50, "target": 136, "weight": 0.003759}, {"source": 50, "target": 116, "weight": 0.05}, {"source": 50, "target": 95, "weight": 0.007317}, {"source": 50, "target": 122, "weight": 0.004926}, {"source": 51, "target": 137, "weight": 0.038462}, {"source": 51, "target": 54, "weight": 0.046154}, {"source": 51, "target": 94, "weight": 0.068966}, {"source": 51, "target": 95, "weight": 0.007653}, {"source": 51, "target": 98, "weight": 0.056338}, {"source": 51, "target": 60, "weight": 0.014085}, {"source": 51, "target": 99, "weight": 0.010753}, {"source": 51, "target": 102, "weight": 0.010526}, {"source": 51, "target": 147, "weight": 0.018692}, {"source": 51, "target": 67, "weight": 0.01023}, {"source": 51, "target": 69, "weight": 0.011236}, {"source": 51, "target": 155, "weight": 0.012195}, {"source": 51, "target": 71, "weight": 0.057143}, {"source": 51, "target": 117, "weight": 0.017544}, {"source": 51, "target": 156, "weight": 0.017391}, {"source": 51, "target": 73, "weight": 0.03125}, {"source": 51, "target": 121, "weight": 0.121951}, {"source": 51, "target": 130, "weight": 0.009259}, {"source": 51, "target": 87, "weight": 0.00813}, {"source": 51, "target": 83, "weight": 0.013158}, {"source": 51, "target": 174, "weight": 0.003049}, {"source": 51, "target": 127, "weight": 0.018349}, {"source": 51, "target": 131, "weight": 0.005556}, {"source": 51, "target": 85, "weight": 0.088608}, {"source": 52, "target": 136, "weight": 0.008929}, {"source": 52, "target": 137, "weight": 0.006061}, {"source": 52, "target": 103, "weight": 0.007634}, {"source": 52, "target": 120, "weight": 0.008065}, {"source": 52, "target": 82, "weight": 0.030928}, {"source": 52, "target": 98, "weight": 0.004975}, {"source": 52, "target": 95, "weight": 0.005405}, {"source": 52, "target": 164, "weight": 0.045455}, {"source": 52, "target": 96, "weight": 0.014085}, {"source": 52, "target": 138, "weight": 0.0625}, {"source": 52, "target": 171, "weight": 0.108108}, {"source": 52, "target": 142, "weight": 0.008065}, {"source": 52, "target": 174, "weight": 0.003279}, {"source": 52, "target": 69, "weight": 0.030769}, {"source": 52, "target": 99, "weight": 0.014286}, {"source": 52, "target": 89, "weight": 0.071429}, {"source": 53, "target": 124, "weight": 0.015748}, {"source": 53, "target": 95, "weight": 0.00274}, {"source": 53, "target": 57, "weight": 0.009009}, {"source": 54, "target": 98, "weight": 0.006356}, {"source": 54, "target": 90, "weight": 0.002347}, {"source": 54, "target": 136, "weight": 0.004024}, {"source": 54, "target": 138, "weight": 0.002674}, {"source": 54, "target": 92, "weight": 0.002584}, {"source": 54, "target": 158, "weight": 0.005797}, {"source": 54, "target": 110, "weight": 0.006231}, {"source": 54, "target": 55, "weight": 0.002841}, {"source": 54, "target": 59, "weight": 0.002688}, {"source": 54, "target": 105, "weight": 0.015251}, {"source": 54, "target": 60, "weight": 0.00625}, {"source": 54, "target": 61, "weight": 0.005952}, {"source": 54, "target": 99, "weight": 0.002915}, {"source": 54, "target": 102, "weight": 0.002899}, {"source": 54, "target": 103, "weight": 0.002475}, {"source": 54, "target": 104, "weight": 0.00295}, {"source": 54, "target": 64, "weight": 0.003049}, {"source": 54, "target": 66, "weight": 0.005208}, {"source": 54, "target": 107, "weight": 0.006897}, {"source": 54, "target": 70, "weight": 0.003115}, {"source": 54, "target": 106, "weight": 0.015528}, {"source": 54, "target": 117, "weight": 0.009836}, {"source": 54, "target": 91, "weight": 0.005731}, {"source": 54, "target": 120, "weight": 0.001916}, {"source": 54, "target": 154, "weight": 0.004902}, {"source": 54, "target": 155, "weight": 0.027778}, {"source": 54, "target": 95, "weight": 0.022187}, {"source": 54, "target": 80, "weight": 0.003236}, {"source": 54, "target": 157, "weight": 0.006349}, {"source": 54, "target": 114, "weight": 0.002924}, {"source": 54, "target": 159, "weight": 0.0025}, {"source": 54, "target": 71, "weight": 0.0125}, {"source": 54, "target": 156, "weight": 0.089021}, {"source": 54, "target": 72, "weight": 0.006494}, {"source": 54, "target": 86, "weight": 0.003257}, {"source": 54, "target": 119, "weight": 0.003096}, {"source": 54, "target": 167, "weight": 0.056604}, {"source": 54, "target": 165, "weight": 0.005291}, {"source": 54, "target": 146, "weight": 0.018072}, {"source": 54, "target": 142, "weight": 0.002519}, {"source": 54, "target": 152, "weight": 0.002513}, {"source": 54, "target": 88, "weight": 0.003145}, {"source": 54, "target": 126, "weight": 0.003086}, {"source": 54, "target": 130, "weight": 0.022792}, {"source": 54, "target": 135, "weight": 0.008357}, {"source": 54, "target": 153, "weight": 0.002326}, {"source": 54, "target": 124, "weight": 0.002457}, {"source": 54, "target": 174, "weight": 0.005208}, {"source": 54, "target": 84, "weight": 0.002604}, {"source": 54, "target": 131, "weight": 0.018913}, {"source": 54, "target": 127, "weight": 0.002778}, {"source": 54, "target": 132, "weight": 0.017964}, {"source": 54, "target": 87, "weight": 0.002681}, {"source": 54, "target": 179, "weight": 0.002882}, {"source": 54, "target": 121, "weight": 0.176152}, {"source": 55, "target": 77, "weight": 0.011173}, {"source": 55, "target": 156, "weight": 0.007752}, {"source": 55, "target": 92, "weight": 0.006667}, {"source": 55, "target": 115, "weight": 0.006667}, {"source": 55, "target": 82, "weight": 0.004255}, {"source": 55, "target": 153, "weight": 0.005181}, {"source": 55, "target": 66, "weight": 0.006757}, {"source": 55, "target": 95, "weight": 0.002457}, {"source": 55, "target": 174, "weight": 0.005882}, {"source": 55, "target": 93, "weight": 0.005076}, {"source": 55, "target": 67, "weight": 0.02}, {"source": 55, "target": 131, "weight": 0.010417}, {"source": 55, "target": 162, "weight": 0.020513}, {"source": 55, "target": 159, "weight": 0.006135}, {"source": 55, "target": 132, "weight": 0.009804}, {"source": 55, "target": 59, "weight": 0.007407}, {"source": 55, "target": 105, "weight": 0.004386}, {"source": 55, "target": 150, "weight": 0.030303}, {"source": 55, "target": 120, "weight": 0.003509}, {"source": 56, "target": 67, "weight": 0.002688}, {"source": 56, "target": 82, "weight": 0.020305}, {"source": 56, "target": 153, "weight": 0.019231}, {"source": 56, "target": 95, "weight": 0.005391}, {"source": 56, "target": 96, "weight": 0.013986}, {"source": 56, "target": 162, "weight": 0.006135}, {"source": 56, "target": 59, "weight": 0.020202}, {"source": 56, "target": 120, "weight": 0.028689}, {"source": 57, "target": 90, "weight": 0.325581}, {"source": 57, "target": 137, "weight": 0.012658}, {"source": 57, "target": 165, "weight": 0.167742}, {"source": 57, "target": 96, "weight": 0.004608}, {"source": 57, "target": 98, "weight": 0.007299}, {"source": 57, "target": 73, "weight": 0.008621}, {"source": 57, "target": 146, "weight": 0.006536}, {"source": 57, "target": 172, "weight": 0.008333}, {"source": 57, "target": 107, "weight": 0.008439}, {"source": 57, "target": 67, "weight": 0.002247}, {"source": 57, "target": 152, "weight": 0.005025}, {"source": 57, "target": 116, "weight": 0.006329}, {"source": 57, "target": 72, "weight": 0.009091}, {"source": 57, "target": 86, "weight": 0.038095}, {"source": 57, "target": 95, "weight": 0.074699}, {"source": 57, "target": 124, "weight": 0.014563}, {"source": 57, "target": 127, "weight": 0.006211}, {"source": 57, "target": 134, "weight": 0.016304}, {"source": 57, "target": 104, "weight": 0.007143}, {"source": 57, "target": 174, "weight": 0.002639}, {"source": 57, "target": 85, "weight": 0.007353}, {"source": 57, "target": 58, "weight": 0.007813}, {"source": 57, "target": 140, "weight": 0.082803}, {"source": 57, "target": 122, "weight": 0.004237}, {"source": 58, "target": 136, "weight": 0.004237}, {"source": 58, "target": 170, "weight": 0.02}, {"source": 58, "target": 95, "weight": 0.005249}, {"source": 58, "target": 174, "weight": 0.003165}, {"source": 58, "target": 67, "weight": 0.002618}, {"source": 59, "target": 136, "weight": 0.007143}, {"source": 59, "target": 97, "weight": 0.010101}, {"source": 59, "target": 73, "weight": 0.010204}, {"source": 59, "target": 62, "weight": 0.009346}, {"source": 59, "target": 105, "weight": 0.06867}, {"source": 59, "target": 66, "weight": 0.005952}, {"source": 59, "target": 67, "weight": 0.014218}, {"source": 59, "target": 162, "weight": 0.037915}, {"source": 59, "target": 95, "weight": 0.004695}, {"source": 59, "target": 170, "weight": 0.010526}, {"source": 59, "target": 82, "weight": 0.015873}, {"source": 59, "target": 153, "weight": 0.038835}, {"source": 59, "target": 174, "weight": 0.008357}, {"source": 59, "target": 84, "weight": 0.005988}, {"source": 59, "target": 131, "weight": 0.014218}, {"source": 59, "target": 132, "weight": 0.008197}, {"source": 59, "target": 163, "weight": 0.009434}, {"source": 60, "target": 95, "weight": 0.005333}, {"source": 60, "target": 126, "weight": 0.017857}, {"source": 60, "target": 130, "weight": 0.109756}, {"source": 60, "target": 63, "weight": 0.0125}, {"source": 60, "target": 64, "weight": 0.016667}, {"source": 60, "target": 107, "weight": 0.011905}, {"source": 60, "target": 114, "weight": 0.027397}, {"source": 60, "target": 121, "weight": 0.185714}, {"source": 60, "target": 133, "weight": 0.03125}, {"source": 60, "target": 146, "weight": 0.021368}, {"source": 61, "target": 77, "weight": 0.006061}, {"source": 61, "target": 136, "weight": 0.008163}, {"source": 61, "target": 138, "weight": 0.008197}, {"source": 61, "target": 120, "weight": 0.003704}, {"source": 61, "target": 135, "weight": 0.235955}, {"source": 61, "target": 95, "weight": 0.002551}, {"source": 61, "target": 174, "weight": 0.003067}, {"source": 61, "target": 67, "weight": 0.005115}, {"source": 61, "target": 142, "weight": 0.006897}, {"source": 61, "target": 87, "weight": 0.008264}, {"source": 61, "target": 99, "weight": 0.010989}, {"source": 62, "target": 78, "weight": 0.021739}, {"source": 62, "target": 112, "weight": 0.019231}, {"source": 62, "target": 169, "weight": 0.008403}, {"source": 62, "target": 120, "weight": 0.003891}, {"source": 62, "target": 82, "weight": 0.004831}, {"source": 62, "target": 153, "weight": 0.006061}, {"source": 62, "target": 174, "weight": 0.003195}, {"source": 62, "target": 96, "weight": 0.006623}, {"source": 62, "target": 131, "weight": 0.012195}, {"source": 63, "target": 95, "weight": 0.002481}, {"source": 63, "target": 114, "weight": 0.030303}, {"source": 63, "target": 153, "weight": 0.005291}, {"source": 63, "target": 121, "weight": 0.005208}, {"source": 63, "target": 122, "weight": 0.020942}, {"source": 64, "target": 114, "weight": 0.025}, {"source": 64, "target": 71, "weight": 0.016129}, {"source": 64, "target": 95, "weight": 0.002611}, {"source": 64, "target": 130, "weight": 0.010309}, {"source": 64, "target": 121, "weight": 0.017647}, {"source": 65, "target": 77, "weight": 0.01875}, {"source": 65, "target": 136, "weight": 0.004115}, {"source": 65, "target": 159, "weight": 0.006897}, {"source": 65, "target": 116, "weight": 0.009804}, {"source": 65, "target": 93, "weight": 0.022727}, {"source": 65, "target": 120, "weight": 0.003745}, {"source": 65, "target": 66, "weight": 0.007692}, {"source": 65, "target": 95, "weight": 0.002571}, {"source": 65, "target": 174, "weight": 0.006211}, {"source": 65, "target": 84, "weight": 0.007752}, {"source": 65, "target": 67, "weight": 0.012987}, {"source": 65, "target": 179, "weight": 0.044944}, {"source": 66, "target": 136, "weight": 0.003401}, {"source": 66, "target": 93, "weight": 0.004348}, {"source": 66, "target": 98, "weight": 0.003704}, {"source": 66, "target": 95, "weight": 0.018476}, {"source": 66, "target": 73, "weight": 0.018182}, {"source": 66, "target": 92, "weight": 0.005464}, {"source": 66, "target": 107, "weight": 0.004292}, {"source": 66, "target": 67, "weight": 0.011468}, {"source": 66, "target": 106, "weight": 0.008197}, {"source": 66, "target": 154, "weight": 0.014778}, {"source": 66, "target": 110, "weight": 0.008475}, {"source": 66, "target": 162, "weight": 0.004329}, {"source": 66, "target": 121, "weight": 0.004367}, {"source": 66, "target": 146, "weight": 0.003311}, {"source": 66, "target": 168, "weight": 0.019737}, {"source": 66, "target": 120, "weight": 0.009494}, {"source": 66, "target": 127, "weight": 0.012903}, {"source": 66, "target": 82, "weight": 0.007491}, {"source": 66, "target": 153, "weight": 0.008889}, {"source": 66, "target": 174, "weight": 0.010782}, {"source": 66, "target": 175, "weight": 0.009259}, {"source": 66, "target": 131, "weight": 0.008889}, {"source": 66, "target": 176, "weight": 0.006135}, {"source": 67, "target": 142, "weight": 0.013423}, {"source": 67, "target": 136, "weight": 0.033582}, {"source": 67, "target": 137, "weight": 0.002028}, {"source": 67, "target": 83, "weight": 0.002625}, {"source": 67, "target": 95, "weight": 0.065449}, {"source": 67, "target": 149, "weight": 0.00271}, {"source": 67, "target": 96, "weight": 0.010707}, {"source": 67, "target": 93, "weight": 0.022965}, {"source": 67, "target": 158, "weight": 0.017722}, {"source": 67, "target": 174, "weight": 0.06734}, {"source": 67, "target": 150, "weight": 0.018088}, {"source": 67, "target": 99, "weight": 0.007576}, {"source": 67, "target": 100, "weight": 0.027855}, {"source": 67, "target": 101, "weight": 0.005195}, {"source": 67, "target": 102, "weight": 0.005013}, {"source": 67, "target": 169, "weight": 0.002278}, {"source": 67, "target": 92, "weight": 0.002262}, {"source": 67, "target": 147, "weight": 0.002421}, {"source": 67, "target": 159, "weight": 0.00885}, {"source": 67, "target": 116, "weight": 0.056266}, {"source": 67, "target": 112, "weight": 0.008108}, {"source": 67, "target": 154, "weight": 0.00432}, {"source": 67, "target": 155, "weight": 0.002584}, {"source": 67, "target": 98, "weight": 0.017274}, {"source": 67, "target": 160, "weight": 0.007212}, {"source": 67, "target": 113, "weight": 0.002725}, {"source": 67, "target": 115, "weight": 0.002262}, {"source": 67, "target": 71, "weight": 0.002646}, {"source": 67, "target": 84, "weight": 0.023256}, {"source": 67, "target": 73, "weight": 0.00542}, {"source": 67, "target": 120, "weight": 0.003472}, {"source": 67, "target": 81, "weight": 0.002688}, {"source": 67, "target": 162, "weight": 0.002041}, {"source": 67, "target": 121, "weight": 0.004107}, {"source": 67, "target": 77, "weight": 0.028261}, {"source": 67, "target": 168, "weight": 0.007299}, {"source": 67, "target": 170, "weight": 0.002725}, {"source": 67, "target": 135, "weight": 0.004819}, {"source": 67, "target": 69, "weight": 0.005089}, {"source": 67, "target": 131, "weight": 0.002062}, {"source": 67, "target": 127, "weight": 0.009709}, {"source": 67, "target": 94, "weight": 0.002732}, {"source": 67, "target": 85, "weight": 0.002564}, {"source": 67, "target": 87, "weight": 0.075188}, {"source": 67, "target": 179, "weight": 0.010025}, {"source": 68, "target": 91, "weight": 0.019048}, {"source": 68, "target": 105, "weight": 0.023041}, {"source": 68, "target": 146, "weight": 0.003817}, {"source": 68, "target": 120, "weight": 0.00722}, {"source": 68, "target": 130, "weight": 0.008772}, {"source": 68, "target": 82, "weight": 0.004386}, {"source": 68, "target": 153, "weight": 0.147239}, {"source": 68, "target": 162, "weight": 0.005236}, {"source": 68, "target": 97, "weight": 0.042857}, {"source": 68, "target": 180, "weight": 0.048193}, {"source": 68, "target": 123, "weight": 0.015152}, {"source": 68, "target": 124, "weight": 0.012346}, {"source": 68, "target": 122, "weight": 0.005236}, {"source": 68, "target": 143, "weight": 0.171233}, {"source": 69, "target": 136, "weight": 0.012195}, {"source": 69, "target": 100, "weight": 0.015873}, {"source": 69, "target": 82, "weight": 0.00905}, {"source": 69, "target": 174, "weight": 0.018576}, {"source": 69, "target": 84, "weight": 0.015038}, {"source": 69, "target": 73, "weight": 0.03125}, {"source": 70, "target": 114, "weight": 0.013514}, {"source": 70, "target": 167, "weight": 0.014925}, {"source": 71, "target": 90, "weight": 0.00625}, {"source": 71, "target": 126, "weight": 0.017241}, {"source": 71, "target": 148, "weight": 0.016393}, {"source": 71, "target": 87, "weight": 0.009346}, {"source": 71, "target": 83, "weight": 0.150943}, {"source": 71, "target": 86, "weight": 0.05}, {"source": 71, "target": 121, "weight": 0.030675}, {"source": 71, "target": 98, "weight": 0.004808}, {"source": 71, "target": 140, "weight": 0.009804}, {"source": 71, "target": 122, "weight": 0.005917}, {"source": 71, "target": 146, "weight": 0.012605}, {"source": 72, "target": 90, "weight": 0.006849}, {"source": 72, "target": 146, "weight": 0.004425}, {"source": 72, "target": 107, "weight": 0.006369}, {"source": 72, "target": 121, "weight": 0.006536}, {"source": 72, "target": 110, "weight": 0.02381}, {"source": 73, "target": 136, "weight": 0.036866}, {"source": 73, "target": 137, "weight": 0.01227}, {"source": 73, "target": 94, "weight": 0.027027}, {"source": 73, "target": 95, "weight": 0.042135}, {"source": 73, "target": 96, "weight": 0.014184}, {"source": 73, "target": 87, "weight": 0.010101}, {"source": 73, "target": 98, "weight": 0.041451}, {"source": 73, "target": 103, "weight": 0.023438}, {"source": 73, "target": 116, "weight": 0.012048}, {"source": 73, "target": 160, "weight": 0.011236}, {"source": 73, "target": 164, "weight": 0.027027}, {"source": 73, "target": 127, "weight": 0.298507}, {"source": 73, "target": 85, "weight": 0.033333}, {"source": 73, "target": 84, "weight": 0.009091}, {"source": 74, "target": 124, "weight": 0.014599}, {"source": 75, "target": 139, "weight": 0.033333}, {"source": 75, "target": 105, "weight": 0.005348}, {"source": 75, "target": 162, "weight": 0.006369}, {"source": 75, "target": 163, "weight": 0.022222}, {"source": 76, "target": 109, "weight": 0.470588}, {"source": 77, "target": 136, "weight": 0.012384}, {"source": 77, "target": 178, "weight": 0.007299}, {"source": 77, "target": 103, "weight": 0.00431}, {"source": 77, "target": 100, "weight": 0.007092}, {"source": 77, "target": 116, "weight": 0.01087}, {"source": 77, "target": 95, "weight": 0.028261}, {"source": 77, "target": 174, "weight": 0.007426}, {"source": 77, "target": 175, "weight": 0.021739}, {"source": 77, "target": 141, "weight": 0.007042}, {"source": 78, "target": 170, "weight": 0.029412}, {"source": 78, "target": 169, "weight": 0.009434}, {"source": 78, "target": 150, "weight": 0.016667}, {"source": 79, "target": 145, "weight": 0.642857}, {"source": 79, "target": 103, "weight": 0.007463}, {"source": 79, "target": 160, "weight": 0.236842}, {"source": 79, "target": 105, "weight": 0.005128}, {"source": 79, "target": 174, "weight": 0.003247}, {"source": 79, "target": 131, "weight": 0.125874}, {"source": 79, "target": 132, "weight": 0.014493}, {"source": 79, "target": 111, "weight": 0.028571}, {"source": 79, "target": 87, "weight": 0.019608}, {"source": 80, "target": 136, "weight": 0.004587}, {"source": 80, "target": 130, "weight": 0.012821}, {"source": 80, "target": 84, "weight": 0.009615}, {"source": 80, "target": 108, "weight": 0.043478}, {"source": 81, "target": 100, "weight": 0.02439}, {"source": 82, "target": 136, "weight": 0.007916}, {"source": 82, "target": 137, "weight": 0.003115}, {"source": 82, "target": 138, "weight": 0.088608}, {"source": 82, "target": 95, "weight": 0.013436}, {"source": 82, "target": 96, "weight": 0.016949}, {"source": 82, "target": 174, "weight": 0.008734}, {"source": 82, "target": 143, "weight": 0.010169}, {"source": 82, "target": 99, "weight": 0.008889}, {"source": 82, "target": 101, "weight": 0.004673}, {"source": 82, "target": 100, "weight": 0.005102}, {"source": 82, "target": 105, "weight": 0.002874}, {"source": 82, "target": 116, "weight": 0.012605}, {"source": 82, "target": 151, "weight": 0.005435}, {"source": 82, "target": 152, "weight": 0.007143}, {"source": 82, "target": 112, "weight": 0.005}, {"source": 82, "target": 154, "weight": 0.003425}, {"source": 82, "target": 115, "weight": 0.003704}, {"source": 82, "target": 160, "weight": 0.004065}, {"source": 82, "target": 120, "weight": 0.21194}, {"source": 82, "target": 162, "weight": 0.003145}, {"source": 82, "target": 142, "weight": 0.007168}, {"source": 82, "target": 168, "weight": 0.008333}, {"source": 82, "target": 134, "weight": 0.003731}, {"source": 82, "target": 153, "weight": 0.086505}, {"source": 82, "target": 129, "weight": 0.004808}, {"source": 82, "target": 84, "weight": 0.003745}, {"source": 82, "target": 175, "weight": 0.005128}, {"source": 82, "target": 131, "weight": 0.003195}, {"source": 82, "target": 171, "weight": 0.026042}, {"source": 82, "target": 89, "weight": 0.094787}, {"source": 83, "target": 100, "weight": 0.02}, {"source": 83, "target": 169, "weight": 0.008264}, {"source": 83, "target": 148, "weight": 0.015625}, {"source": 83, "target": 95, "weight": 0.005263}, {"source": 83, "target": 116, "weight": 0.010638}, {"source": 83, "target": 86, "weight": 0.046512}, {"source": 84, "target": 90, "weight": 0.004525}, {"source": 84, "target": 136, "weight": 0.126437}, {"source": 84, "target": 137, "weight": 0.004292}, {"source": 84, "target": 138, "weight": 0.017964}, {"source": 84, "target": 98, "weight": 0.015038}, {"source": 84, "target": 93, "weight": 0.004367}, {"source": 84, "target": 96, "weight": 0.024155}, {"source": 84, "target": 95, "weight": 0.018519}, {"source": 84, "target": 150, "weight": 0.007519}, {"source": 84, "target": 99, "weight": 0.05303}, {"source": 84, "target": 103, "weight": 0.030928}, {"source": 84, "target": 159, "weight": 0.010309}, {"source": 84, "target": 124, "weight": 0.00495}, {"source": 84, "target": 92, "weight": 0.005495}, {"source": 84, "target": 100, "weight": 0.009259}, {"source": 84, "target": 115, "weight": 0.005495}, {"source": 84, "target": 156, "weight": 0.006211}, {"source": 84, "target": 169, "weight": 0.011236}, {"source": 84, "target": 121, "weight": 0.004386}, {"source": 84, "target": 164, "weight": 0.016667}, {"source": 84, "target": 142, "weight": 0.304054}, {"source": 84, "target": 130, "weight": 0.006536}, {"source": 84, "target": 134, "weight": 0.005556}, {"source": 84, "target": 174, "weight": 0.150769}, {"source": 84, "target": 127, "weight": 0.019608}, {"source": 84, "target": 135, "weight": 0.019481}, {"source": 84, "target": 179, "weight": 0.144}, {"source": 85, "target": 134, "weight": 0.047619}, {"source": 85, "target": 174, "weight": 0.003086}, {"source": 85, "target": 95, "weight": 0.007732}, {"source": 86, "target": 90, "weight": 0.028369}, {"source": 86, "target": 148, "weight": 0.022222}, {"source": 86, "target": 104, "weight": 0.017544}, {"source": 86, "target": 121, "weight": 0.006623}, {"source": 86, "target": 140, "weight": 0.023529}, {"source": 86, "target": 124, "weight": 0.008}, {"source": 87, "target": 136, "weight": 0.014337}, {"source": 87, "target": 95, "weight": 0.004684}, {"source": 87, "target": 98, "weight": 0.003876}, {"source": 87, "target": 101, "weight": 0.008696}, {"source": 87, "target": 145, "weight": 0.020408}, {"source": 87, "target": 103, "weight": 0.021622}, {"source": 87, "target": 149, "weight": 0.010204}, {"source": 87, "target": 116, "weight": 0.007092}, {"source": 87, "target": 111, "weight": 0.022727}, {"source": 87, "target": 129, "weight": 0.009174}, {"source": 87, "target": 154, "weight": 0.010417}, {"source": 87, "target": 92, "weight": 0.005848}, {"source": 87, "target": 160, "weight": 0.080292}, {"source": 87, "target": 157, "weight": 0.01}, {"source": 87, "target": 121, "weight": 0.004608}, {"source": 87, "target": 164, "weight": 0.005848}, {"source": 87, "target": 168, "weight": 0.007042}, {"source": 87, "target": 127, "weight": 0.035714}, {"source": 87, "target": 174, "weight": 0.00554}, {"source": 87, "target": 131, "weight": 0.02381}, {"source": 87, "target": 176, "weight": 0.006623}, {"source": 87, "target": 135, "weight": 0.006897}, {"source": 88, "target": 136, "weight": 0.004405}, {"source": 88, "target": 122, "weight": 0.01227}, {"source": 89, "target": 171, "weight": 0.058824}, {"source": 89, "target": 116, "weight": 0.017544}, {"source": 89, "target": 134, "weight": 0.006993}, {"source": 89, "target": 153, "weight": 0.010695}, {"source": 89, "target": 95, "weight": 0.015113}, {"source": 89, "target": 174, "weight": 0.008982}, {"source": 89, "target": 164, "weight": 0.006897}, {"source": 90, "target": 136, "weight": 0.002985}, {"source": 90, "target": 165, "weight": 0.148148}, {"source": 90, "target": 124, "weight": 0.016598}, {"source": 90, "target": 95, "weight": 0.025532}, {"source": 90, "target": 114, "weight": 0.005587}, {"source": 90, "target": 115, "weight": 0.008969}, {"source": 90, "target": 119, "weight": 0.00625}, {"source": 90, "target": 125, "weight": 0.006061}, {"source": 90, "target": 134, "weight": 0.126263}, {"source": 90, "target": 174, "weight": 0.00241}, {"source": 90, "target": 122, "weight": 0.011111}, {"source": 90, "target": 121, "weight": 0.003704}, {"source": 91, "target": 102, "weight": 0.009434}, {"source": 91, "target": 130, "weight": 0.008403}, {"source": 91, "target": 171, "weight": 0.013514}, {"source": 91, "target": 153, "weight": 0.010526}, {"source": 91, "target": 131, "weight": 0.005236}, {"source": 91, "target": 97, "weight": 0.026316}, {"source": 91, "target": 123, "weight": 0.014085}, {"source": 91, "target": 163, "weight": 0.011905}, {"source": 91, "target": 105, "weight": 0.022523}, {"source": 92, "target": 136, "weight": 0.013652}, {"source": 92, "target": 103, "weight": 0.00495}, {"source": 92, "target": 160, "weight": 0.0125}, {"source": 92, "target": 153, "weight": 0.004386}, {"source": 92, "target": 174, "weight": 0.008021}, {"source": 92, "target": 141, "weight": 0.056075}, {"source": 92, "target": 164, "weight": 0.005405}, {"source": 92, "target": 121, "weight": 0.004329}, {"source": 93, "target": 136, "weight": 0.011765}, {"source": 93, "target": 125, "weight": 0.00578}, {"source": 93, "target": 103, "weight": 0.012146}, {"source": 93, "target": 160, "weight": 0.004808}, {"source": 93, "target": 95, "weight": 0.010309}, {"source": 93, "target": 144, "weight": 0.00641}, {"source": 93, "target": 121, "weight": 0.003597}, {"source": 93, "target": 164, "weight": 0.013043}, {"source": 94, "target": 125, "weight": 0.02}, {"source": 94, "target": 134, "weight": 0.028571}, {"source": 94, "target": 174, "weight": 0.003333}, {"source": 95, "target": 124, "weight": 0.002165}, {"source": 95, "target": 169, "weight": 0.002278}, {"source": 95, "target": 153, "weight": 0.006211}, {"source": 95, "target": 134, "weight": 0.004556}, {"source": 95, "target": 96, "weight": 0.131894}, {"source": 95, "target": 98, "weight": 0.025145}, {"source": 95, "target": 99, "weight": 0.007576}, {"source": 95, "target": 103, "weight": 0.006565}, {"source": 95, "target": 107, "weight": 0.006122}, {"source": 95, "target": 100, "weight": 0.025}, {"source": 95, "target": 115, "weight": 0.006818}, {"source": 95, "target": 116, "weight": 0.048223}, {"source": 95, "target": 117, "weight": 0.002762}, {"source": 95, "target": 156, "weight": 0.016867}, {"source": 95, "target": 120, "weight": 0.006969}, {"source": 95, "target": 119, "weight": 0.002646}, {"source": 95, "target": 167, "weight": 0.002564}, {"source": 95, "target": 125, "weight": 0.002611}, {"source": 95, "target": 126, "weight": 0.002639}, {"source": 95, "target": 127, "weight": 0.04}, {"source": 95, "target": 135, "weight": 0.004819}, {"source": 95, "target": 136, "weight": 0.031657}, {"source": 95, "target": 137, "weight": 0.004065}, {"source": 95, "target": 138, "weight": 0.016548}, {"source": 95, "target": 140, "weight": 0.016787}, {"source": 95, "target": 142, "weight": 0.008909}, {"source": 95, "target": 150, "weight": 0.007673}, {"source": 95, "target": 146, "weight": 0.005367}, {"source": 95, "target": 147, "weight": 0.004854}, {"source": 95, "target": 172, "weight": 0.002674}, {"source": 95, "target": 149, "weight": 0.00271}, {"source": 95, "target": 152, "weight": 0.002208}, {"source": 95, "target": 154, "weight": 0.00432}, {"source": 95, "target": 155, "weight": 0.002584}, {"source": 95, "target": 157, "weight": 0.005405}, {"source": 95, "target": 159, "weight": 0.002198}, {"source": 95, "target": 160, "weight": 0.004796}, {"source": 95, "target": 162, "weight": 0.002041}, {"source": 95, "target": 158, "weight": 0.007519}, {"source": 95, "target": 164, "weight": 0.018391}, {"source": 95, "target": 165, "weight": 0.004619}, {"source": 95, "target": 168, "weight": 0.004854}, {"source": 95, "target": 130, "weight": 0.017199}, {"source": 95, "target": 148, "weight": 0.002618}, {"source": 95, "target": 173, "weight": 0.002558}, {"source": 95, "target": 174, "weight": 0.024233}, {"source": 95, "target": 175, "weight": 0.002725}, {"source": 95, "target": 179, "weight": 0.004988}, {"source": 95, "target": 121, "weight": 0.023013}, {"source": 96, "target": 136, "weight": 0.01875}, {"source": 96, "target": 150, "weight": 0.006061}, {"source": 96, "target": 103, "weight": 0.008696}, {"source": 96, "target": 109, "weight": 0.007299}, {"source": 96, "target": 115, "weight": 0.00939}, {"source": 96, "target": 116, "weight": 0.039326}, {"source": 96, "target": 169, "weight": 0.004739}, {"source": 96, "target": 164, "weight": 0.038647}, {"source": 96, "target": 134, "weight": 0.004717}, {"source": 96, "target": 153, "weight": 0.003891}, {"source": 96, "target": 174, "weight": 0.017544}, {"source": 96, "target": 177, "weight": 0.007463}, {"source": 97, "target": 153, "weight": 0.03268}, {"source": 97, "target": 143, "weight": 0.014286}, {"source": 97, "target": 131, "weight": 0.012821}, {"source": 97, "target": 162, "weight": 0.01875}, {"source": 97, "target": 180, "weight": 0.567568}, {"source": 97, "target": 132, "weight": 0.046875}, {"source": 97, "target": 163, "weight": 0.040816}, {"source": 97, "target": 105, "weight": 0.115607}, {"source": 97, "target": 122, "weight": 0.025157}, {"source": 98, "target": 136, "weight": 0.024}, {"source": 98, "target": 144, "weight": 0.005102}, {"source": 98, "target": 103, "weight": 0.00346}, {"source": 98, "target": 160, "weight": 0.004032}, {"source": 98, "target": 169, "weight": 0.003717}, {"source": 98, "target": 162, "weight": 0.003125}, {"source": 98, "target": 121, "weight": 0.003145}, {"source": 98, "target": 164, "weight": 0.00738}, {"source": 98, "target": 125, "weight": 0.014218}, {"source": 98, "target": 134, "weight": 0.026515}, {"source": 98, "target": 174, "weight": 0.022026}, {"source": 99, "target": 136, "weight": 0.020161}, {"source": 99, "target": 134, "weight": 0.007194}, {"source": 99, "target": 174, "weight": 0.125}, {"source": 99, "target": 131, "weight": 0.005435}, {"source": 99, "target": 171, "weight": 0.014925}, {"source": 99, "target": 164, "weight": 0.007092}, {"source": 100, "target": 136, "weight": 0.004505}, {"source": 100, "target": 168, "weight": 0.012195}, {"source": 100, "target": 159, "weight": 0.033058}, {"source": 100, "target": 116, "weight": 0.123288}, {"source": 100, "target": 158, "weight": 0.028986}, {"source": 100, "target": 162, "weight": 0.006289}, {"source": 101, "target": 136, "weight": 0.012605}, {"source": 101, "target": 105, "weight": 0.009709}, {"source": 101, "target": 150, "weight": 0.0125}, {"source": 102, "target": 137, "weight": 0.020942}, {"source": 102, "target": 143, "weight": 0.005882}, {"source": 102, "target": 122, "weight": 0.005236}, {"source": 102, "target": 105, "weight": 0.009091}, {"source": 102, "target": 157, "weight": 0.057971}, {"source": 102, "target": 116, "weight": 0.00885}, {"source": 102, "target": 120, "weight": 0.003597}, {"source": 102, "target": 125, "weight": 0.011905}, {"source": 102, "target": 130, "weight": 0.008772}, {"source": 102, "target": 134, "weight": 0.007092}, {"source": 102, "target": 173, "weight": 0.01087}, {"source": 102, "target": 162, "weight": 0.010526}, {"source": 103, "target": 136, "weight": 0.141818}, {"source": 103, "target": 142, "weight": 0.004717}, {"source": 103, "target": 145, "weight": 0.007692}, {"source": 103, "target": 115, "weight": 0.00495}, {"source": 103, "target": 149, "weight": 0.007752}, {"source": 103, "target": 154, "weight": 0.008969}, {"source": 103, "target": 159, "weight": 0.004651}, {"source": 103, "target": 160, "weight": 0.104938}, {"source": 103, "target": 164, "weight": 0.237805}, {"source": 103, "target": 111, "weight": 0.008333}, {"source": 103, "target": 127, "weight": 0.066667}, {"source": 103, "target": 122, "weight": 0.004}, {"source": 103, "target": 174, "weight": 0.007673}, {"source": 103, "target": 131, "weight": 0.004082}, {"source": 103, "target": 171, "weight": 0.007813}, {"source": 103, "target": 179, "weight": 0.012422}, {"source": 104, "target": 165, "weight": 0.007752}, {"source": 104, "target": 124, "weight": 0.206107}, {"source": 105, "target": 150, "weight": 0.004673}, {"source": 105, "target": 145, "weight": 0.005236}, {"source": 105, "target": 122, "weight": 0.029703}, {"source": 105, "target": 143, "weight": 0.024648}, {"source": 105, "target": 106, "weight": 0.00495}, {"source": 105, "target": 157, "weight": 0.005208}, {"source": 105, "target": 160, "weight": 0.004184}, {"source": 105, "target": 156, "weight": 0.004132}, {"source": 105, "target": 120, "weight": 0.010127}, {"source": 105, "target": 162, "weight": 0.057627}, {"source": 105, "target": 119, "weight": 0.005025}, {"source": 105, "target": 163, "weight": 0.058201}, {"source": 105, "target": 146, "weight": 0.002618}, {"source": 105, "target": 130, "weight": 0.017316}, {"source": 105, "target": 140, "weight": 0.004098}, {"source": 105, "target": 153, "weight": 0.047782}, {"source": 105, "target": 131, "weight": 0.137037}, {"source": 105, "target": 132, "weight": 0.206704}, {"source": 105, "target": 180, "weight": 0.125}, {"source": 106, "target": 167, "weight": 0.042857}, {"source": 106, "target": 146, "weight": 0.016667}, {"source": 106, "target": 158, "weight": 0.012048}, {"source": 106, "target": 107, "weight": 0.005747}, {"source": 106, "target": 131, "weight": 0.005988}, {"source": 106, "target": 180, "weight": 0.014925}, {"source": 106, "target": 132, "weight": 0.013158}, {"source": 106, "target": 176, "weight": 0.009615}, {"source": 106, "target": 122, "weight": 0.005814}, {"source": 106, "target": 110, "weight": 0.016949}, {"source": 106, "target": 121, "weight": 0.005882}, {"source": 107, "target": 136, "weight": 0.00289}, {"source": 107, "target": 122, "weight": 0.010676}, {"source": 107, "target": 148, "weight": 0.005714}, {"source": 107, "target": 124, "weight": 0.003922}, {"source": 107, "target": 114, "weight": 0.005263}, {"source": 107, "target": 121, "weight": 0.010753}, {"source": 107, "target": 166, "weight": 0.01227}, {"source": 107, "target": 130, "weight": 0.004854}, {"source": 107, "target": 134, "weight": 0.004292}, {"source": 107, "target": 131, "weight": 0.003597}, {"source": 107, "target": 177, "weight": 0.006452}, {"source": 109, "target": 116, "weight": 0.025974}, {"source": 109, "target": 120, "weight": 0.004115}, {"source": 110, "target": 121, "weight": 0.006024}, {"source": 111, "target": 145, "weight": 0.032258}, {"source": 111, "target": 160, "weight": 0.038961}, {"source": 111, "target": 131, "weight": 0.013793}, {"source": 111, "target": 164, "weight": 0.009709}, {"source": 112, "target": 136, "weight": 0.004425}, {"source": 112, "target": 115, "weight": 0.008696}, {"source": 112, "target": 174, "weight": 0.003268}, {"source": 113, "target": 119, "weight": 0.021739}, {"source": 113, "target": 178, "weight": 0.5}, {"source": 113, "target": 174, "weight": 0.003322}, {"source": 114, "target": 169, "weight": 0.007299}, {"source": 114, "target": 146, "weight": 0.015625}, {"source": 114, "target": 115, "weight": 0.014388}, {"source": 114, "target": 160, "weight": 0.008621}, {"source": 114, "target": 134, "weight": 0.007246}, {"source": 114, "target": 140, "weight": 0.008264}, {"source": 114, "target": 137, "weight": 0.005236}, {"source": 114, "target": 121, "weight": 0.010811}, {"source": 115, "target": 136, "weight": 0.003378}, {"source": 115, "target": 137, "weight": 0.004237}, {"source": 115, "target": 140, "weight": 0.006024}, {"source": 115, "target": 150, "weight": 0.007353}, {"source": 115, "target": 172, "weight": 0.008547}, {"source": 115, "target": 118, "weight": 0.007752}, {"source": 115, "target": 116, "weight": 0.006452}, {"source": 115, "target": 120, "weight": 0.003125}, {"source": 115, "target": 146, "weight": 0.003289}, {"source": 115, "target": 168, "weight": 0.00641}, {"source": 115, "target": 134, "weight": 0.005464}, {"source": 115, "target": 128, "weight": 0.009804}, {"source": 115, "target": 153, "weight": 0.004386}, {"source": 115, "target": 174, "weight": 0.005333}, {"source": 115, "target": 131, "weight": 0.004386}, {"source": 115, "target": 179, "weight": 0.006897}, {"source": 116, "target": 136, "weight": 0.011364}, {"source": 116, "target": 138, "weight": 0.021429}, {"source": 116, "target": 159, "weight": 0.011976}, {"source": 116, "target": 120, "weight": 0.00692}, {"source": 116, "target": 158, "weight": 0.026786}, {"source": 116, "target": 168, "weight": 0.03252}, {"source": 116, "target": 170, "weight": 0.0125}, {"source": 116, "target": 153, "weight": 0.005051}, {"source": 116, "target": 174, "weight": 0.005797}, {"source": 116, "target": 127, "weight": 0.007813}, {"source": 117, "target": 121, "weight": 0.020134}, {"source": 118, "target": 160, "weight": 0.019231}, {"source": 119, "target": 146, "weight": 0.004167}, {"source": 119, "target": 156, "weight": 0.01}, {"source": 119, "target": 131, "weight": 0.006098}, {"source": 119, "target": 140, "weight": 0.009804}, {"source": 119, "target": 121, "weight": 0.005988}, {"source": 119, "target": 132, "weight": 0.013699}, {"source": 120, "target": 136, "weight": 0.00232}, {"source": 120, "target": 171, "weight": 0.008163}, {"source": 120, "target": 160, "weight": 0.003378}, {"source": 120, "target": 169, "weight": 0.003155}, {"source": 120, "target": 162, "weight": 0.013736}, {"source": 120, "target": 164, "weight": 0.003125}, {"source": 120, "target": 134, "weight": 0.003145}, {"source": 120, "target": 153, "weight": 0.155556}, {"source": 120, "target": 174, "weight": 0.001957}, {"source": 120, "target": 175, "weight": 0.004082}, {"source": 120, "target": 131, "weight": 0.002755}, {"source": 120, "target": 122, "weight": 0.002717}, {"source": 121, "target": 136, "weight": 0.002924}, {"source": 121, "target": 158, "weight": 0.005263}, {"source": 121, "target": 155, "weight": 0.005682}, {"source": 121, "target": 156, "weight": 0.024272}, {"source": 121, "target": 167, "weight": 0.011236}, {"source": 121, "target": 146, "weight": 0.038462}, {"source": 121, "target": 126, "weight": 0.018072}, {"source": 121, "target": 130, "weight": 0.074074}, {"source": 121, "target": 174, "weight": 0.007143}, {"source": 121, "target": 131, "weight": 0.00365}, {"source": 121, "target": 133, "weight": 0.006944}, {"source": 122, "target": 137, "weight": 0.003521}, {"source": 122, "target": 165, "weight": 0.004444}, {"source": 122, "target": 143, "weight": 0.003846}, {"source": 122, "target": 163, "weight": 0.017964}, {"source": 122, "target": 162, "weight": 0.007143}, {"source": 122, "target": 180, "weight": 0.041176}, {"source": 122, "target": 152, "weight": 0.004098}, {"source": 122, "target": 140, "weight": 0.00939}, {"source": 122, "target": 153, "weight": 0.018382}, {"source": 122, "target": 124, "weight": 0.011952}, {"source": 122, "target": 173, "weight": 0.02809}, {"source": 122, "target": 174, "weight": 0.002358}, {"source": 122, "target": 131, "weight": 0.010949}, {"source": 122, "target": 132, "weight": 0.016393}, {"source": 123, "target": 153, "weight": 0.006623}, {"source": 123, "target": 171, "weight": 0.029412}, {"source": 123, "target": 162, "weight": 0.00641}, {"source": 123, "target": 124, "weight": 0.007813}, {"source": 123, "target": 143, "weight": 0.007407}, {"source": 124, "target": 143, "weight": 0.013043}, {"source": 124, "target": 165, "weight": 0.005076}, {"source": 124, "target": 159, "weight": 0.004587}, {"source": 124, "target": 157, "weight": 0.007463}, {"source": 124, "target": 162, "weight": 0.003953}, {"source": 124, "target": 146, "weight": 0.012461}, {"source": 124, "target": 130, "weight": 0.005682}, {"source": 124, "target": 140, "weight": 0.005376}, {"source": 124, "target": 153, "weight": 0.012195}, {"source": 124, "target": 179, "weight": 0.006061}, {"source": 125, "target": 137, "weight": 0.194631}, {"source": 125, "target": 157, "weight": 0.018182}, {"source": 125, "target": 134, "weight": 0.033058}, {"source": 125, "target": 173, "weight": 0.1875}, {"source": 125, "target": 152, "weight": 0.007299}, {"source": 125, "target": 138, "weight": 0.00885}, {"source": 126, "target": 130, "weight": 0.010753}, {"source": 127, "target": 136, "weight": 0.144068}, {"source": 127, "target": 160, "weight": 0.038462}, {"source": 127, "target": 144, "weight": 0.012195}, {"source": 127, "target": 174, "weight": 0.002865}, {"source": 127, "target": 164, "weight": 0.074324}, {"source": 129, "target": 131, "weight": 0.006024}, {"source": 129, "target": 174, "weight": 0.00639}, {"source": 130, "target": 136, "weight": 0.003745}, {"source": 130, "target": 146, "weight": 0.014706}, {"source": 130, "target": 157, "weight": 0.011765}, {"source": 130, "target": 156, "weight": 0.030303}, {"source": 130, "target": 167, "weight": 0.009615}, {"source": 130, "target": 163, "weight": 0.021978}, {"source": 131, "target": 136, "weight": 0.008902}, {"source": 131, "target": 137, "weight": 0.003584}, {"source": 131, "target": 142, "weight": 0.004202}, {"source": 131, "target": 145, "weight": 0.129496}, {"source": 131, "target": 147, "weight": 0.005025}, {"source": 131, "target": 172, "weight": 0.00625}, {"source": 131, "target": 160, "weight": 0.108108}, {"source": 131, "target": 156, "weight": 0.004831}, {"source": 131, "target": 162, "weight": 0.007273}, {"source": 131, "target": 169, "weight": 0.004444}, {"source": 131, "target": 134, "weight": 0.004425}, {"source": 131, "target": 153, "weight": 0.022556}, {"source": 131, "target": 174, "weight": 0.004785}, {"source": 131, "target": 132, "weight": 0.248276}, {"source": 131, "target": 163, "weight": 0.018519}, {"source": 131, "target": 152, "weight": 0.004184}, {"source": 131, "target": 180, "weight": 0.036145}, {"source": 132, "target": 156, "weight": 0.017391}, {"source": 132, "target": 145, "weight": 0.015385}, {"source": 132, "target": 160, "weight": 0.00885}, {"source": 132, "target": 153, "weight": 0.011173}, {"source": 132, "target": 162, "weight": 0.005405}, {"source": 132, "target": 163, "weight": 0.027778}, {"source": 132, "target": 180, "weight": 0.051948}, {"source": 134, "target": 136, "weight": 0.003401}, {"source": 134, "target": 137, "weight": 0.366279}, {"source": 134, "target": 138, "weight": 0.011834}, {"source": 134, "target": 165, "weight": 0.023256}, {"source": 134, "target": 140, "weight": 0.057692}, {"source": 134, "target": 142, "weight": 0.005181}, {"source": 134, "target": 172, "weight": 0.008696}, {"source": 134, "target": 151, "weight": 0.031579}, {"source": 134, "target": 152, "weight": 0.335616}, {"source": 134, "target": 166, "weight": 0.008929}, {"source": 134, "target": 153, "weight": 0.013393}, {"source": 134, "target": 173, "weight": 0.031008}, {"source": 134, "target": 174, "weight": 0.002674}, {"source": 135, "target": 136, "weight": 0.011194}, {"source": 135, "target": 174, "weight": 0.017391}, {"source": 135, "target": 150, "weight": 0.018349}, {"source": 136, "target": 137, "weight": 0.002882}, {"source": 136, "target": 138, "weight": 0.010676}, {"source": 136, "target": 158, "weight": 0.007874}, {"source": 136, "target": 144, "weight": 0.004545}, {"source": 136, "target": 174, "weight": 0.042735}, {"source": 136, "target": 150, "weight": 0.00813}, {"source": 136, "target": 171, "weight": 0.004505}, {"source": 136, "target": 169, "weight": 0.003413}, {"source": 136, "target": 147, "weight": 0.007519}, {"source": 136, "target": 148, "weight": 0.004237}, {"source": 136, "target": 159, "weight": 0.016393}, {"source": 136, "target": 154, "weight": 0.015924}, {"source": 136, "target": 160, "weight": 0.018657}, {"source": 136, "target": 164, "weight": 0.146718}, {"source": 136, "target": 142, "weight": 0.03367}, {"source": 136, "target": 162, "weight": 0.005831}, {"source": 136, "target": 176, "weight": 0.010949}, {"source": 136, "target": 179, "weight": 0.019841}, {"source": 137, "target": 165, "weight": 0.017778}, {"source": 137, "target": 157, "weight": 0.012195}, {"source": 137, "target": 153, "weight": 0.007194}, {"source": 137, "target": 174, "weight": 0.004695}, {"source": 138, "target": 153, "weight": 0.009346}, {"source": 138, "target": 174, "weight": 0.019608}, {"source": 138, "target": 171, "weight": 0.03125}, {"source": 138, "target": 164, "weight": 0.005814}, {"source": 139, "target": 169, "weight": 0.009709}, {"source": 140, "target": 165, "weight": 0.05298}, {"source": 141, "target": 159, "weight": 0.008}, {"source": 142, "target": 174, "weight": 0.264706}, {"source": 142, "target": 171, "weight": 0.008264}, {"source": 143, "target": 153, "weight": 0.24878}, {"source": 143, "target": 162, "weight": 0.007722}, {"source": 143, "target": 163, "weight": 0.006757}, {"source": 145, "target": 160, "weight": 0.25}, {"source": 145, "target": 174, "weight": 0.003289}, {"source": 146, "target": 153, "weight": 0.002882}, {"source": 146, "target": 163, "weight": 0.004167}, {"source": 147, "target": 169, "weight": 0.305085}, {"source": 147, "target": 174, "weight": 0.00578}, {"source": 149, "target": 169, "weight": 0.009174}, {"source": 149, "target": 160, "weight": 0.011364}, {"source": 150, "target": 174, "weight": 0.009231}, {"source": 150, "target": 162, "weight": 0.005435}, {"source": 152, "target": 153, "weight": 0.066667}, {"source": 152, "target": 165, "weight": 0.005319}, {"source": 153, "target": 159, "weight": 0.004149}, {"source": 153, "target": 155, "weight": 0.00578}, {"source": 153, "target": 162, "weight": 0.010949}, {"source": 153, "target": 180, "weight": 0.04878}, {"source": 153, "target": 168, "weight": 0.005025}, {"source": 153, "target": 175, "weight": 0.006536}, {"source": 153, "target": 163, "weight": 0.018519}, {"source": 154, "target": 160, "weight": 0.016575}, {"source": 154, "target": 174, "weight": 0.005038}, {"source": 154, "target": 162, "weight": 0.003922}, {"source": 154, "target": 164, "weight": 0.004831}, {"source": 158, "target": 174, "weight": 0.009009}, {"source": 159, "target": 164, "weight": 0.005051}, {"source": 159, "target": 174, "weight": 0.007752}, {"source": 160, "target": 164, "weight": 0.025316}, {"source": 160, "target": 174, "weight": 0.002841}, {"source": 161, "target": 169, "weight": 0.009346}, {"source": 161, "target": 162, "weight": 0.006329}, {"source": 162, "target": 180, "weight": 0.017241}, {"source": 162, "target": 163, "weight": 0.005917}, {"source": 162, "target": 164, "weight": 0.004292}, {"source": 163, "target": 180, "weight": 0.031746}, {"source": 165, "target": 167, "weight": 0.008}, {"source": 168, "target": 174, "weight": 0.002882}, {"source": 168, "target": 175, "weight": 0.012346}, {"source": 169, "target": 174, "weight": 0.010811}, {"source": 169, "target": 176, "weight": 0.012422}, {"source": 169, "target": 179, "weight": 0.014184}, {"source": 170, "target": 174, "weight": 0.003322}, {"source": 171, "target": 174, "weight": 0.003311}, {"source": 174, "target": 176, "weight": 0.002809}, {"source": 174, "target": 179, "weight": 0.01506}, {"source": 175, "target": 176, "weight": 0.022472}], "multigraph": false}