{"directed": false, "graph": {}, "nodes": [{"group": 1, "id": "festal"}, {"group": 2, "id": "fetter", "degree": 10}, {"group": 3, "id": "feedback"}, {"group": 0, "id": "federalese", "degree": 1}, {"group": 3, "id": "fecal", "degree": 6}, {"group": 4, "id": "fecund", "degree": 8}, {"group": 5, "id": "felon"}, {"group": 4, "id": "festooned"}, {"group": 6, "id": "fear"}, {"group": 0, "id": "feat", "degree": 16}, {"group": 2, "id": "fend"}, {"group": 0, "id": "feathered"}, {"group": 7, "id": "federalize"}, {"group": 0, "id": "fenestra", "degree": 5}, {"group": 6, "id": "fervor", "degree": 12}, {"group": 7, "id": "federation", "degree": 10}, {"group": 2, "id": "featherbedding", "degree": 5}, {"group": 0, "id": "ferret", "degree": 3}, {"group": 0, "id": "fetlock", "degree": 4}, {"group": 8, "id": "federalistic", "degree": 4}, {"group": 0, "id": "feeder", "degree": 12}, {"group": 9, "id": "feeble"}, {"group": 3, "id": "feral", "degree": 9}, {"group": 10, "id": "feverish"}, {"group": 1, "id": "feast", "degree": 9}, {"group": 9, "id": "feckless"}, {"group": 0, "id": "feigned", "degree": 9}, {"group": 11, "id": "feudalism"}, {"group": 2, "id": "fertility"}, {"group": 9, "id": "feathery"}, {"group": 0, "id": "feathers", "degree": 8}, {"group": 2, "id": "feasibility", "degree": 2}, {"group": 0, "id": "felonious"}, {"group": 12, "id": "feculence", "degree": 2}, {"group": 8, "id": "federal"}, {"group": 0, "id": "feline", "degree": 15}, {"group": 8, "id": "feudal", "degree": 4}, {"group": 7, "id": "fellowship"}, {"group": 0, "id": "fearless"}, {"group": 0, "id": "fetish"}, {"group": 3, "id": "ferocious", "degree": 12}, {"group": 1, "id": "festive", "degree": 6}, {"group": 9, "id": "felony", "degree": 2}, {"group": 2, "id": "feisty"}, {"group": 13, "id": "femininity", "degree": 0}, {"group": 6, "id": "fealty"}, {"group": 5, "id": "festering", "degree": 16}, {"group": 8, "id": "federalist"}, {"group": 10, "id": "fervid", "degree": 7}, {"group": 1, "id": "feasible"}, {"group": 11, "id": "federalism", "degree": 2}, {"group": 1, "id": "feed"}, {"group": 5, "id": "fester", "degree": 12}, {"group": 0, "id": "feign", "degree": 5}, {"group": 4, "id": "fertile", "degree": 12}, {"group": 0, "id": "features", "degree": 8}, {"group": 0, "id": "feel", "degree": 18}, {"group": 1, "id": "felicitous"}, {"group": 9, "id": "featly", "degree": 4}, {"group": 14, "id": "female", "degree": 1}, {"group": 12, "id": "fern"}, {"group": 0, "id": "featheredge"}, {"group": 8, "id": "fed", "degree": 4}, {"group": 2, "id": "fee"}, {"group": 2, "id": "fence", "degree": 19}, {"group": 4, "id": "featureless"}, {"group": 1, "id": "festival", "degree": 10}, {"group": 9, "id": "few", "degree": 6}, {"group": 0, "id": "feather"}, {"group": 2, "id": "ferocity"}, {"group": 0, "id": "fey"}, {"group": 1, "id": "festivity"}, {"group": 9, "id": "featherbrained"}, {"group": 2, "id": "fetishism"}, {"group": 0, "id": "feint", "degree": 15}, {"group": 14, "id": "feminine", "degree": 2}, {"group": 3, "id": "fearful"}, {"group": 6, "id": "feeler", "degree": 5}, {"group": 0, "id": "ferry"}, {"group": 0, "id": "feeling"}, {"group": 0, "id": "fetch"}, {"group": 6, "id": "fermentation"}, {"group": 2, "id": "felicity", "degree": 15}, {"group": 7, "id": "federate", "degree": 5}, {"group": 7, "id": "fellow"}, {"group": 3, "id": "fearsome"}, {"group": 0, "id": "fencing"}, {"group": 10, "id": "febrile", "degree": 13}, {"group": 0, "id": "feature"}, {"group": 1, "id": "fete", "degree": 19}, {"group": 6, "id": "ferment", "degree": 20}, {"group": 6, "id": "fever"}, {"group": 0, "id": "felt"}, {"group": 3, "id": "fetid"}, {"group": 3, "id": "fell", "degree": 25}, {"group": 15, "id": "ferociously", "degree": 0}, {"group": 9, "id": "featherweight", "degree": 7}, {"group": 10, "id": "fervent"}, {"group": 7, "id": "federated"}, {"group": 0, "id": "fecundate", "degree": 0}, {"group": 0, "id": "festoon", "degree": 4}, {"group": 0, "id": "fertilize", "degree": 10}, {"group": 2, "id": "feud", "degree": 10}, {"group": 12, "id": "feces", "degree": 2}, {"group": 2, "id": "fender", "degree": 9}, {"group": 4, "id": "fetal"}], "links": [{"source": 0, "target": 66, "weight": 0.068966}, {"source": 0, "target": 89, "weight": 0.014925}, {"source": 0, "target": 35, "weight": 0.009259}, {"source": 0, "target": 24, "weight": 0.044776}, {"source": 0, "target": 41, "weight": 0.478261}, {"source": 1, "target": 51, "weight": 0.019608}, {"source": 1, "target": 10, "weight": 0.023438}, {"source": 1, "target": 45, "weight": 0.028037}, {"source": 1, "target": 64, "weight": 0.012605}, {"source": 1, "target": 21, "weight": 0.005236}, {"source": 1, "target": 102, "weight": 0.006135}, {"source": 1, "target": 13, "weight": 0.010204}, {"source": 1, "target": 82, "weight": 0.006369}, {"source": 1, "target": 27, "weight": 0.010204}, {"source": 1, "target": 68, "weight": 0.008772}, {"source": 1, "target": 20, "weight": 0.00641}, {"source": 1, "target": 80, "weight": 0.004405}, {"source": 1, "target": 94, "weight": 0.003906}, {"source": 2, "target": 90, "weight": 0.005464}, {"source": 2, "target": 40, "weight": 0.009615}, {"source": 2, "target": 22, "weight": 0.01}, {"source": 3, "target": 86, "weight": 0.047619}, {"source": 4, "target": 46, "weight": 0.031008}, {"source": 4, "target": 40, "weight": 0.006579}, {"source": 4, "target": 76, "weight": 0.007092}, {"source": 4, "target": 93, "weight": 0.428571}, {"source": 4, "target": 32, "weight": 0.008475}, {"source": 4, "target": 70, "weight": 0.009091}, {"source": 5, "target": 54, "weight": 0.492958}, {"source": 5, "target": 65, "weight": 0.015152}, {"source": 5, "target": 23, "weight": 0.007042}, {"source": 5, "target": 87, "weight": 0.01087}, {"source": 5, "target": 35, "weight": 0.015038}, {"source": 5, "target": 57, "weight": 0.007092}, {"source": 5, "target": 48, "weight": 0.01}, {"source": 5, "target": 7, "weight": 0.027397}, {"source": 5, "target": 28, "weight": 0.010753}, {"source": 5, "target": 97, "weight": 0.008197}, {"source": 5, "target": 105, "weight": 0.054054}, {"source": 6, "target": 46, "weight": 0.31}, {"source": 6, "target": 52, "weight": 0.27193}, {"source": 6, "target": 56, "weight": 0.010638}, {"source": 6, "target": 20, "weight": 0.007143}, {"source": 6, "target": 100, "weight": 0.012987}, {"source": 6, "target": 89, "weight": 0.009346}, {"source": 6, "target": 90, "weight": 0.004367}, {"source": 7, "target": 56, "weight": 0.006098}, {"source": 7, "target": 26, "weight": 0.041667}, {"source": 7, "target": 54, "weight": 0.021505}, {"source": 7, "target": 14, "weight": 0.009804}, {"source": 8, "target": 52, "weight": 0.006452}, {"source": 8, "target": 64, "weight": 0.004255}, {"source": 8, "target": 56, "weight": 0.005}, {"source": 8, "target": 31, "weight": 0.011628}, {"source": 8, "target": 94, "weight": 0.003984}, {"source": 8, "target": 14, "weight": 0.014599}, {"source": 8, "target": 90, "weight": 0.057018}, {"source": 9, "target": 51, "weight": 0.005747}, {"source": 9, "target": 53, "weight": 0.018519}, {"source": 9, "target": 84, "weight": 0.003817}, {"source": 9, "target": 55, "weight": 0.012048}, {"source": 9, "target": 64, "weight": 0.004831}, {"source": 9, "target": 56, "weight": 0.005814}, {"source": 9, "target": 101, "weight": 0.015385}, {"source": 9, "target": 24, "weight": 0.01087}, {"source": 9, "target": 88, "weight": 0.004184}, {"source": 9, "target": 74, "weight": 0.021429}, {"source": 9, "target": 82, "weight": 0.008065}, {"source": 9, "target": 78, "weight": 0.009174}, {"source": 9, "target": 90, "weight": 0.004717}, {"source": 9, "target": 39, "weight": 0.018868}, {"source": 9, "target": 68, "weight": 0.005102}, {"source": 9, "target": 79, "weight": 0.005236}, {"source": 9, "target": 80, "weight": 0.026316}, {"source": 10, "target": 64, "weight": 0.158974}, {"source": 10, "target": 104, "weight": 0.076923}, {"source": 10, "target": 74, "weight": 0.018987}, {"source": 10, "target": 102, "weight": 0.006757}, {"source": 10, "target": 13, "weight": 0.012048}, {"source": 11, "target": 26, "weight": 0.015873}, {"source": 12, "target": 83, "weight": 0.485714}, {"source": 12, "target": 15, "weight": 0.019608}, {"source": 13, "target": 80, "weight": 0.005556}, {"source": 13, "target": 65, "weight": 0.008621}, {"source": 13, "target": 78, "weight": 0.043478}, {"source": 14, "target": 51, "weight": 0.014778}, {"source": 14, "target": 45, "weight": 0.090909}, {"source": 14, "target": 37, "weight": 0.014218}, {"source": 14, "target": 94, "weight": 0.003937}, {"source": 14, "target": 88, "weight": 0.011194}, {"source": 14, "target": 91, "weight": 0.03352}, {"source": 14, "target": 84, "weight": 0.010309}, {"source": 14, "target": 56, "weight": 0.009901}, {"source": 14, "target": 82, "weight": 0.006452}, {"source": 14, "target": 79, "weight": 0.022936}, {"source": 14, "target": 90, "weight": 0.029536}, {"source": 14, "target": 81, "weight": 0.007194}, {"source": 15, "target": 71, "weight": 0.005618}, {"source": 15, "target": 69, "weight": 0.009174}, {"source": 15, "target": 84, "weight": 0.006515}, {"source": 15, "target": 83, "weight": 0.034483}, {"source": 15, "target": 20, "weight": 0.005917}, {"source": 15, "target": 37, "weight": 0.156566}, {"source": 15, "target": 89, "weight": 0.007353}, {"source": 15, "target": 27, "weight": 0.009009}, {"source": 15, "target": 78, "weight": 0.006452}, {"source": 15, "target": 74, "weight": 0.005319}, {"source": 15, "target": 80, "weight": 0.008368}, {"source": 16, "target": 28, "weight": 0.0625}, {"source": 16, "target": 68, "weight": 0.00578}, {"source": 16, "target": 82, "weight": 0.009901}, {"source": 16, "target": 54, "weight": 0.012658}, {"source": 16, "target": 104, "weight": 0.014286}, {"source": 17, "target": 78, "weight": 0.011364}, {"source": 17, "target": 35, "weight": 0.009091}, {"source": 17, "target": 84, "weight": 0.004149}, {"source": 17, "target": 20, "weight": 0.009804}, {"source": 18, "target": 56, "weight": 0.006452}, {"source": 18, "target": 104, "weight": 0.013158}, {"source": 18, "target": 35, "weight": 0.008772}, {"source": 18, "target": 61, "weight": 0.021277}, {"source": 18, "target": 68, "weight": 0.011236}, {"source": 18, "target": 96, "weight": 0.015873}, {"source": 18, "target": 80, "weight": 0.00565}, {"source": 19, "target": 34, "weight": 0.481481}, {"source": 19, "target": 62, "weight": 0.030303}, {"source": 19, "target": 47, "weight": 0.928571}, {"source": 19, "target": 36, "weight": 0.12069}, {"source": 19, "target": 57, "weight": 0.008}, {"source": 20, "target": 71, "weight": 0.005682}, {"source": 20, "target": 55, "weight": 0.015873}, {"source": 20, "target": 64, "weight": 0.008}, {"source": 20, "target": 35, "weight": 0.023256}, {"source": 20, "target": 89, "weight": 0.007463}, {"source": 20, "target": 88, "weight": 0.021583}, {"source": 20, "target": 36, "weight": 0.008264}, {"source": 20, "target": 37, "weight": 0.004425}, {"source": 20, "target": 78, "weight": 0.006536}, {"source": 20, "target": 68, "weight": 0.016878}, {"source": 20, "target": 84, "weight": 0.009868}, {"source": 20, "target": 61, "weight": 0.009259}, {"source": 21, "target": 64, "weight": 0.007018}, {"source": 21, "target": 101, "weight": 0.006944}, {"source": 21, "target": 35, "weight": 0.004762}, {"source": 21, "target": 67, "weight": 0.006536}, {"source": 21, "target": 96, "weight": 0.025641}, {"source": 22, "target": 91, "weight": 0.004926}, {"source": 22, "target": 40, "weight": 0.586207}, {"source": 22, "target": 23, "weight": 0.032609}, {"source": 22, "target": 76, "weight": 0.011696}, {"source": 22, "target": 87, "weight": 0.044776}, {"source": 22, "target": 25, "weight": 0.007874}, {"source": 22, "target": 93, "weight": 0.013761}, {"source": 22, "target": 48, "weight": 0.02069}, {"source": 22, "target": 94, "weight": 0.136929}, {"source": 22, "target": 84, "weight": 0.003205}, {"source": 22, "target": 97, "weight": 0.017964}, {"source": 22, "target": 70, "weight": 0.007092}, {"source": 23, "target": 46, "weight": 0.017544}, {"source": 23, "target": 54, "weight": 0.006173}, {"source": 23, "target": 41, "weight": 0.008621}, {"source": 23, "target": 87, "weight": 0.485149}, {"source": 23, "target": 67, "weight": 0.015038}, {"source": 23, "target": 48, "weight": 0.295082}, {"source": 23, "target": 90, "weight": 0.011111}, {"source": 23, "target": 40, "weight": 0.037433}, {"source": 24, "target": 51, "weight": 0.153374}, {"source": 24, "target": 71, "weight": 0.168}, {"source": 24, "target": 84, "weight": 0.003636}, {"source": 24, "target": 41, "weight": 0.029412}, {"source": 24, "target": 66, "weight": 0.240741}, {"source": 24, "target": 63, "weight": 0.016807}, {"source": 24, "target": 61, "weight": 0.012987}, {"source": 24, "target": 37, "weight": 0.005128}, {"source": 24, "target": 89, "weight": 0.130435}, {"source": 24, "target": 82, "weight": 0.007299}, {"source": 24, "target": 57, "weight": 0.006623}, {"source": 24, "target": 80, "weight": 0.009709}, {"source": 24, "target": 94, "weight": 0.004237}, {"source": 25, "target": 40, "weight": 0.007634}, {"source": 25, "target": 87, "weight": 0.011494}, {"source": 25, "target": 96, "weight": 0.039474}, {"source": 26, "target": 53, "weight": 0.054545}, {"source": 26, "target": 84, "weight": 0.003774}, {"source": 26, "target": 93, "weight": 0.00578}, {"source": 26, "target": 32, "weight": 0.009804}, {"source": 26, "target": 74, "weight": 0.006897}, {"source": 26, "target": 68, "weight": 0.005025}, {"source": 26, "target": 70, "weight": 0.032609}, {"source": 27, "target": 102, "weight": 0.008621}, {"source": 27, "target": 50, "weight": 0.333333}, {"source": 27, "target": 82, "weight": 0.009091}, {"source": 28, "target": 54, "weight": 0.017857}, {"source": 28, "target": 64, "weight": 0.004587}, {"source": 28, "target": 102, "weight": 0.007092}, {"source": 28, "target": 82, "weight": 0.038168}, {"source": 29, "target": 58, "weight": 0.025}, {"source": 29, "target": 96, "weight": 0.015873}, {"source": 30, "target": 53, "weight": 0.021739}, {"source": 30, "target": 92, "weight": 0.020408}, {"source": 30, "target": 55, "weight": 0.027027}, {"source": 30, "target": 101, "weight": 0.017544}, {"source": 30, "target": 35, "weight": 0.00813}, {"source": 30, "target": 88, "weight": 0.017544}, {"source": 30, "target": 74, "weight": 0.015038}, {"source": 30, "target": 68, "weight": 0.027174}, {"source": 31, "target": 82, "weight": 0.04}, {"source": 32, "target": 46, "weight": 0.015152}, {"source": 32, "target": 52, "weight": 0.006803}, {"source": 32, "target": 64, "weight": 0.004405}, {"source": 32, "target": 42, "weight": 0.010526}, {"source": 32, "target": 35, "weight": 0.034014}, {"source": 33, "target": 68, "weight": 0.005988}, {"source": 33, "target": 103, "weight": 0.285714}, {"source": 34, "target": 62, "weight": 0.323944}, {"source": 34, "target": 36, "weight": 0.083333}, {"source": 35, "target": 54, "weight": 0.013072}, {"source": 35, "target": 55, "weight": 0.007407}, {"source": 35, "target": 65, "weight": 0.005495}, {"source": 35, "target": 84, "weight": 0.003185}, {"source": 35, "target": 49, "weight": 0.006623}, {"source": 35, "target": 75, "weight": 0.009615}, {"source": 35, "target": 94, "weight": 0.003636}, {"source": 35, "target": 59, "weight": 0.009804}, {"source": 35, "target": 68, "weight": 0.004032}, {"source": 35, "target": 57, "weight": 0.015957}, {"source": 35, "target": 105, "weight": 0.007937}, {"source": 36, "target": 45, "weight": 0.013514}, {"source": 36, "target": 88, "weight": 0.004219}, {"source": 36, "target": 47, "weight": 0.12069}, {"source": 37, "target": 83, "weight": 0.017241}, {"source": 37, "target": 55, "weight": 0.005376}, {"source": 37, "target": 100, "weight": 0.006135}, {"source": 37, "target": 66, "weight": 0.00641}, {"source": 37, "target": 104, "weight": 0.005102}, {"source": 37, "target": 56, "weight": 0.003636}, {"source": 37, "target": 89, "weight": 0.010417}, {"source": 37, "target": 82, "weight": 0.004405}, {"source": 37, "target": 50, "weight": 0.013245}, {"source": 38, "target": 74, "weight": 0.008333}, {"source": 40, "target": 91, "weight": 0.004831}, {"source": 40, "target": 76, "weight": 0.005682}, {"source": 40, "target": 87, "weight": 0.043478}, {"source": 40, "target": 48, "weight": 0.020134}, {"source": 40, "target": 93, "weight": 0.0181}, {"source": 40, "target": 94, "weight": 0.139344}, {"source": 40, "target": 97, "weight": 0.023529}, {"source": 40, "target": 70, "weight": 0.006897}, {"source": 41, "target": 71, "weight": 0.018519}, {"source": 41, "target": 66, "weight": 0.033333}, {"source": 41, "target": 87, "weight": 0.015152}, {"source": 41, "target": 48, "weight": 0.013514}, {"source": 41, "target": 89, "weight": 0.014925}, {"source": 41, "target": 97, "weight": 0.010417}, {"source": 42, "target": 94, "weight": 0.004566}, {"source": 42, "target": 96, "weight": 0.013158}, {"source": 43, "target": 64, "weight": 0.005208}, {"source": 45, "target": 94, "weight": 0.004545}, {"source": 45, "target": 77, "weight": 0.015152}, {"source": 46, "target": 71, "weight": 0.006024}, {"source": 46, "target": 102, "weight": 0.006098}, {"source": 46, "target": 63, "weight": 0.007092}, {"source": 46, "target": 65, "weight": 0.006098}, {"source": 46, "target": 52, "weight": 0.255814}, {"source": 46, "target": 56, "weight": 0.009756}, {"source": 46, "target": 87, "weight": 0.024793}, {"source": 46, "target": 48, "weight": 0.015385}, {"source": 46, "target": 91, "weight": 0.027322}, {"source": 46, "target": 93, "weight": 0.025}, {"source": 46, "target": 89, "weight": 0.008065}, {"source": 46, "target": 90, "weight": 0.004065}, {"source": 46, "target": 79, "weight": 0.008929}, {"source": 46, "target": 97, "weight": 0.013158}, {"source": 46, "target": 81, "weight": 0.007042}, {"source": 47, "target": 62, "weight": 0.030303}, {"source": 48, "target": 91, "weight": 0.02994}, {"source": 48, "target": 54, "weight": 0.008333}, {"source": 48, "target": 76, "weight": 0.007143}, {"source": 48, "target": 87, "weight": 0.5}, {"source": 48, "target": 57, "weight": 0.00641}, {"source": 48, "target": 81, "weight": 0.016}, {"source": 48, "target": 90, "weight": 0.008734}, {"source": 48, "target": 97, "weight": 0.586207}, {"source": 48, "target": 94, "weight": 0.004149}, {"source": 49, "target": 56, "weight": 0.005208}, {"source": 49, "target": 90, "weight": 0.00431}, {"source": 49, "target": 89, "weight": 0.009091}, {"source": 49, "target": 74, "weight": 0.006173}, {"source": 51, "target": 52, "weight": 0.013636}, {"source": 51, "target": 55, "weight": 0.005618}, {"source": 51, "target": 64, "weight": 0.006645}, {"source": 51, "target": 66, "weight": 0.013605}, {"source": 51, "target": 101, "weight": 0.018987}, {"source": 51, "target": 74, "weight": 0.004219}, {"source": 51, "target": 56, "weight": 0.02682}, {"source": 51, "target": 89, "weight": 0.016393}, {"source": 51, "target": 82, "weight": 0.004566}, {"source": 51, "target": 58, "weight": 0.006579}, {"source": 51, "target": 90, "weight": 0.009836}, {"source": 51, "target": 94, "weight": 0.012698}, {"source": 52, "target": 60, "weight": 0.008621}, {"source": 52, "target": 56, "weight": 0.013761}, {"source": 52, "target": 101, "weight": 0.017857}, {"source": 52, "target": 71, "weight": 0.005556}, {"source": 52, "target": 88, "weight": 0.010526}, {"source": 52, "target": 91, "weight": 0.020202}, {"source": 52, "target": 74, "weight": 0.010582}, {"source": 52, "target": 89, "weight": 0.007246}, {"source": 52, "target": 94, "weight": 0.00369}, {"source": 52, "target": 90, "weight": 0.015564}, {"source": 52, "target": 68, "weight": 0.004098}, {"source": 52, "target": 79, "weight": 0.004184}, {"source": 52, "target": 80, "weight": 0.008299}, {"source": 52, "target": 81, "weight": 0.00641}, {"source": 53, "target": 56, "weight": 0.006803}, {"source": 53, "target": 88, "weight": 0.004673}, {"source": 53, "target": 74, "weight": 0.026087}, {"source": 53, "target": 79, "weight": 0.006024}, {"source": 53, "target": 80, "weight": 0.005917}, {"source": 54, "target": 91, "weight": 0.005682}, {"source": 54, "target": 87, "weight": 0.008929}, {"source": 54, "target": 57, "weight": 0.006211}, {"source": 54, "target": 94, "weight": 0.004065}, {"source": 54, "target": 97, "weight": 0.007042}, {"source": 54, "target": 105, "weight": 0.042553}, {"source": 55, "target": 74, "weight": 0.035211}, {"source": 55, "target": 56, "weight": 0.005682}, {"source": 55, "target": 88, "weight": 0.124424}, {"source": 55, "target": 82, "weight": 0.007813}, {"source": 55, "target": 68, "weight": 0.02551}, {"source": 55, "target": 79, "weight": 0.026178}, {"source": 55, "target": 61, "weight": 0.014706}, {"source": 56, "target": 57, "weight": 0.004329}, {"source": 56, "target": 63, "weight": 0.005}, {"source": 56, "target": 88, "weight": 0.024615}, {"source": 56, "target": 89, "weight": 0.005464}, {"source": 56, "target": 68, "weight": 0.006944}, {"source": 56, "target": 71, "weight": 0.004444}, {"source": 56, "target": 92, "weight": 0.02027}, {"source": 56, "target": 74, "weight": 0.017241}, {"source": 56, "target": 84, "weight": 0.002817}, {"source": 56, "target": 102, "weight": 0.004484}, {"source": 56, "target": 82, "weight": 0.013953}, {"source": 56, "target": 77, "weight": 0.006173}, {"source": 56, "target": 79, "weight": 0.168033}, {"source": 56, "target": 80, "weight": 0.024911}, {"source": 57, "target": 66, "weight": 0.008929}, {"source": 57, "target": 87, "weight": 0.006757}, {"source": 57, "target": 74, "weight": 0.004975}, {"source": 57, "target": 89, "weight": 0.013514}, {"source": 57, "target": 94, "weight": 0.003546}, {"source": 57, "target": 90, "weight": 0.00369}, {"source": 58, "target": 72, "weight": 0.027027}, {"source": 58, "target": 88, "weight": 0.004608}, {"source": 59, "target": 75, "weight": 0.5}, {"source": 60, "target": 103, "weight": 0.016129}, {"source": 61, "target": 64, "weight": 0.010471}, {"source": 61, "target": 101, "weight": 0.02}, {"source": 62, "target": 88, "weight": 0.004167}, {"source": 63, "target": 64, "weight": 0.004255}, {"source": 63, "target": 102, "weight": 0.039216}, {"source": 63, "target": 94, "weight": 0.003984}, {"source": 63, "target": 77, "weight": 0.010309}, {"source": 64, "target": 85, "weight": 0.005025}, {"source": 64, "target": 65, "weight": 0.003876}, {"source": 64, "target": 86, "weight": 0.005464}, {"source": 64, "target": 104, "weight": 0.062201}, {"source": 64, "target": 89, "weight": 0.009217}, {"source": 64, "target": 90, "weight": 0.011869}, {"source": 64, "target": 68, "weight": 0.003086}, {"source": 64, "target": 69, "weight": 0.005236}, {"source": 64, "target": 71, "weight": 0.007722}, {"source": 64, "target": 74, "weight": 0.018797}, {"source": 64, "target": 94, "weight": 0.002849}, {"source": 64, "target": 84, "weight": 0.005141}, {"source": 64, "target": 76, "weight": 0.004}, {"source": 64, "target": 101, "weight": 0.005181}, {"source": 64, "target": 102, "weight": 0.126087}, {"source": 64, "target": 80, "weight": 0.012539}, {"source": 65, "target": 94, "weight": 0.00365}, {"source": 66, "target": 71, "weight": 0.138298}, {"source": 66, "target": 89, "weight": 0.226415}, {"source": 66, "target": 84, "weight": 0.004237}, {"source": 66, "target": 80, "weight": 0.005952}, {"source": 67, "target": 72, "weight": 0.037736}, {"source": 67, "target": 88, "weight": 0.004274}, {"source": 67, "target": 84, "weight": 0.003891}, {"source": 67, "target": 68, "weight": 0.005236}, {"source": 68, "target": 104, "weight": 0.009569}, {"source": 68, "target": 103, "weight": 0.010582}, {"source": 68, "target": 74, "weight": 0.007752}, {"source": 68, "target": 100, "weight": 0.00565}, {"source": 68, "target": 96, "weight": 0.005076}, {"source": 68, "target": 101, "weight": 0.005495}, {"source": 68, "target": 90, "weight": 0.01227}, {"source": 68, "target": 94, "weight": 0.014881}, {"source": 69, "target": 102, "weight": 0.008772}, {"source": 70, "target": 94, "weight": 0.004255}, {"source": 71, "target": 104, "weight": 0.013793}, {"source": 71, "target": 102, "weight": 0.005464}, {"source": 71, "target": 89, "weight": 0.531915}, {"source": 71, "target": 82, "weight": 0.017143}, {"source": 71, "target": 90, "weight": 0.007576}, {"source": 71, "target": 74, "weight": 0.010309}, {"source": 73, "target": 82, "weight": 0.008475}, {"source": 74, "target": 84, "weight": 0.009288}, {"source": 74, "target": 86, "weight": 0.017094}, {"source": 74, "target": 104, "weight": 0.012903}, {"source": 74, "target": 88, "weight": 0.030612}, {"source": 74, "target": 90, "weight": 0.003636}, {"source": 74, "target": 100, "weight": 0.00813}, {"source": 74, "target": 101, "weight": 0.007813}, {"source": 74, "target": 78, "weight": 0.005814}, {"source": 74, "target": 79, "weight": 0.003937}, {"source": 74, "target": 80, "weight": 0.18894}, {"source": 76, "target": 87, "weight": 0.015267}, {"source": 76, "target": 94, "weight": 0.019084}, {"source": 76, "target": 96, "weight": 0.00813}, {"source": 77, "target": 80, "weight": 0.005435}, {"source": 77, "target": 88, "weight": 0.004367}, {"source": 79, "target": 82, "weight": 0.012821}, {"source": 79, "target": 90, "weight": 0.003086}, {"source": 80, "target": 100, "weight": 0.005714}, {"source": 80, "target": 101, "weight": 0.011173}, {"source": 80, "target": 89, "weight": 0.004878}, {"source": 80, "target": 83, "weight": 0.005319}, {"source": 80, "target": 82, "weight": 0.004184}, {"source": 80, "target": 90, "weight": 0.009231}, {"source": 80, "target": 94, "weight": 0.01497}, {"source": 81, "target": 87, "weight": 0.017094}, {"source": 81, "target": 102, "weight": 0.012658}, {"source": 81, "target": 90, "weight": 0.382857}, {"source": 82, "target": 88, "weight": 0.007067}, {"source": 83, "target": 104, "weight": 0.011494}, {"source": 83, "target": 98, "weight": 0.045455}, {"source": 83, "target": 84, "weight": 0.019841}, {"source": 84, "target": 89, "weight": 0.003663}, {"source": 84, "target": 94, "weight": 0.002463}, {"source": 85, "target": 94, "weight": 0.014085}, {"source": 87, "target": 91, "weight": 0.025}, {"source": 87, "target": 90, "weight": 0.00905}, {"source": 87, "target": 97, "weight": 0.397849}, {"source": 88, "target": 101, "weight": 0.004444}, {"source": 88, "target": 102, "weight": 0.003448}, {"source": 89, "target": 104, "weight": 0.009615}, {"source": 89, "target": 102, "weight": 0.007092}, {"source": 89, "target": 90, "weight": 0.009009}, {"source": 90, "target": 91, "weight": 0.23176}, {"source": 90, "target": 94, "weight": 0.005634}, {"source": 90, "target": 97, "weight": 0.007968}, {"source": 90, "target": 101, "weight": 0.005051}, {"source": 90, "target": 102, "weight": 0.023256}, {"source": 91, "target": 102, "weight": 0.009852}, {"source": 91, "target": 94, "weight": 0.006757}, {"source": 93, "target": 94, "weight": 0.036184}, {"source": 94, "target": 97, "weight": 0.003802}, {"source": 94, "target": 103, "weight": 0.004608}, {"source": 94, "target": 105, "weight": 0.004587}, {"source": 99, "target": 101, "weight": 0.037037}], "multigraph": false}