{"directed": false, "graph": {}, "nodes": [{"group": 0, "id": "fife", "degree": 4}, {"group": 1, "id": "firebrick", "degree": 6}, {"group": 2, "id": "fizzy"}, {"group": 2, "id": "fini"}, {"group": 1, "id": "fink", "degree": 1}, {"group": 8, "id": "fission", "degree": 15}, {"group": 3, "id": "fidelity", "degree": 17}, {"group": 2, "id": "fine"}, {"group": 1, "id": "find", "degree": 20}, {"group": 1, "id": "fifth", "degree": 4}, {"group": 1, "id": "fit", "degree": 73}, {"group": 1, "id": "fix"}, {"group": 1, "id": "firewood", "degree": 6}, {"group": 1, "id": "fib", "degree": 5}, {"group": 1, "id": "fingernails"}, {"group": 4, "id": "fickle", "degree": 11}, {"group": 6, "id": "fig"}, {"group": 7, "id": "fiend"}, {"group": 1, "id": "fixings"}, {"group": 6, "id": "fin", "degree": 7}, {"group": 4, "id": "fiendish", "degree": 7}, {"group": 2, "id": "finer", "degree": 6}, {"group": 3, "id": "fixative"}, {"group": 1, "id": "finance"}, {"group": 5, "id": "finalize", "degree": 10}, {"group": 8, "id": "fixation"}, {"group": 1, "id": "fiesta"}, {"group": 1, "id": "figment"}, {"group": 9, "id": "firedamp", "degree": 4}, {"group": 1, "id": "fictionalize", "degree": 13}, {"group": 1, "id": "five"}, {"group": 1, "id": "fingerprint", "degree": 6}, {"group": 10, "id": "fireplace"}, {"group": 2, "id": "finite", "degree": 13}, {"group": 6, "id": "fixer"}, {"group": 1, "id": "filiation", "degree": 28}, {"group": 5, "id": "finitude", "degree": 2}, {"group": 6, "id": "fiddle", "degree": 13}, {"group": 6, "id": "fitness"}, {"group": 5, "id": "finishing"}, {"group": 2, "id": "fixed", "degree": 43}, {"group": 3, "id": "fishing"}, {"group": 6, "id": "firefly"}, {"group": 2, "id": "fired"}, {"group": 6, "id": "fish"}, {"group": 1, "id": "fishpond"}, {"group": 1, "id": "fixture"}, {"group": 2, "id": "fireproof"}, {"group": 1, "id": "fingering", "degree": 12}, {"group": 7, "id": "fist", "degree": 7}, {"group": 0, "id": "fiduciary"}, {"group": 11, "id": "filial", "degree": 7}, {"group": 9, "id": "filtration", "degree": 6}, {"group": 6, "id": "fingerboard"}, {"group": 7, "id": "filler"}, {"group": 0, "id": "firecracker"}, {"group": 6, "id": "filling"}, {"group": 1, "id": "fillet", "degree": 11}, {"group": 7, "id": "fishmonger", "degree": 4}, {"group": 1, "id": "finger", "degree": 27}, {"group": 0, "id": "fiord", "degree": 4}, {"group": 2, "id": "filled"}, {"group": 6, "id": "fireplug"}, {"group": 1, "id": "fiber", "degree": 17}, {"group": 5, "id": "filings"}, {"group": 4, "id": "fidgety"}, {"group": 1, "id": "figurehead"}, {"group": 6, "id": "fidgets", "degree": 17}, {"group": 8, "id": "fiefdom", "degree": 6}, {"group": 2, "id": "finicky", "degree": 13}, {"group": 1, "id": "fiat"}, {"group": 2, "id": "figured", "degree": 13}, {"group": 8, "id": "fissure"}, {"group": 3, "id": "firing", "degree": 17}, {"group": 9, "id": "filter", "degree": 20}, {"group": 8, "id": "figurer"}, {"group": 2, "id": "first", "degree": 23}, {"group": 9, "id": "filtering"}, {"group": 11, "id": "figmental"}, {"group": 6, "id": "filigree"}, {"group": 4, "id": "fixable"}, {"group": 1, "id": "fiction"}, {"group": 7, "id": "firearm", "degree": 3}, {"group": 6, "id": "fishhook", "degree": 4}, {"group": 4, "id": "fitful", "degree": 9}, {"group": 8, "id": "filth"}, {"group": 5, "id": "finally", "degree": 4}, {"group": 4, "id": "fight"}, {"group": 2, "id": "figurative"}, {"group": 2, "id": "filmy"}, {"group": 1, "id": "fibrillation", "degree": 3}, {"group": 4, "id": "fiery"}, {"group": 0, "id": "firth"}, {"group": 5, "id": "financer", "degree": 2}, {"group": 1, "id": "finances"}, {"group": 5, "id": "filibuster", "degree": 16}, {"group": 2, "id": "firm", "degree": 53}, {"group": 5, "id": "finisher"}, {"group": 3, "id": "fire"}, {"group": 2, "id": "fibrous", "degree": 11}, {"group": 5, "id": "finis"}, {"group": 3, "id": "fireworks", "degree": 4}, {"group": 6, "id": "finery", "degree": 8}, {"group": 2, "id": "finished", "degree": 25}, {"group": 6, "id": "fidget", "degree": 16}, {"group": 4, "id": "fishy"}, {"group": 2, "id": "filed"}, {"group": 4, "id": "fighter"}, {"group": 1, "id": "figuration", "degree": 21}, {"group": 1, "id": "financing"}, {"group": 2, "id": "fissile", "degree": 7}, {"group": 2, "id": "final", "degree": 21}, {"group": 0, "id": "fiducial", "degree": 14}, {"group": 7, "id": "fishwife", "degree": 6}, {"group": 8, "id": "fizz"}, {"group": 3, "id": "firepower"}, {"group": 1, "id": "figure"}, {"group": 10, "id": "fireside"}, {"group": 11, "id": "fictional", "degree": 7}, {"group": 1, "id": "file", "degree": 38}, {"group": 2, "id": "finespun"}, {"group": 1, "id": "film"}, {"group": 1, "id": "fill", "degree": 38}, {"group": 1, "id": "field", "degree": 45}, {"group": 1, "id": "fitting"}, {"group": 1, "id": "figurine"}, {"group": 6, "id": "fillip", "degree": 22}, {"group": 1, "id": "finding"}, {"group": 0, "id": "firmly", "degree": 6}, {"group": 1, "id": "finagle"}, {"group": 1, "id": "firmament"}, {"group": 5, "id": "finish", "degree": 51}, {"group": 7, "id": "fireman"}, {"group": 2, "id": "firsthand", "degree": 14}, {"group": 10, "id": "fireguard", "degree": 5}, {"group": 5, "id": "finale", "degree": 27}, {"group": 1, "id": "filch", "degree": 9}, {"group": 5, "id": "finality"}, {"group": 4, "id": "fierce", "degree": 16}, {"group": 4, "id": "filthy", "degree": 12}, {"group": 1, "id": "finesse"}, {"group": 2, "id": "figural", "degree": 11}, {"group": 7, "id": "firebrand"}, {"group": 7, "id": "filly", "degree": 14}, {"group": 4, "id": "fighting", "degree": 9}, {"group": 6, "id": "fisherman"}, {"group": 11, "id": "fictitious"}, {"group": 8, "id": "fizzle", "degree": 18}, {"group": 8, "id": "fief"}, {"group": 1, "id": "financier", "degree": 1}, {"group": 8, "id": "fiasco", "degree": 8}, {"group": 3, "id": "fireball", "degree": 9}, {"group": 5, "id": "filing", "degree": 13}, {"group": 1, "id": "fitted"}], "links": [{"source": 0, "target": 96, "weight": 0.003597}, {"source": 0, "target": 10, "weight": 0.002841}, {"source": 0, "target": 55, "weight": 0.027778}, {"source": 0, "target": 147, "weight": 0.019608}, {"source": 0, "target": 112, "weight": 0.022727}, {"source": 0, "target": 150, "weight": 0.019231}, {"source": 0, "target": 60, "weight": 0.037037}, {"source": 0, "target": 92, "weight": 0.037037}, {"source": 0, "target": 7, "weight": 0.003067}, {"source": 0, "target": 114, "weight": 0.013158}, {"source": 1, "target": 96, "weight": 0.003546}, {"source": 1, "target": 116, "weight": 0.002252}, {"source": 1, "target": 98, "weight": 0.005634}, {"source": 1, "target": 11, "weight": 0.002304}, {"source": 1, "target": 12, "weight": 0.016129}, {"source": 1, "target": 123, "weight": 0.003968}, {"source": 1, "target": 79, "weight": 0.010101}, {"source": 1, "target": 40, "weight": 0.003268}, {"source": 2, "target": 40, "weight": 0.006969}, {"source": 3, "target": 96, "weight": 0.007463}, {"source": 3, "target": 131, "weight": 0.003788}, {"source": 3, "target": 24, "weight": 0.028571}, {"source": 3, "target": 103, "weight": 0.108108}, {"source": 3, "target": 21, "weight": 0.02439}, {"source": 3, "target": 40, "weight": 0.010309}, {"source": 3, "target": 111, "weight": 0.014184}, {"source": 3, "target": 122, "weight": 0.005155}, {"source": 4, "target": 136, "weight": 0.019608}, {"source": 5, "target": 98, "weight": 0.002538}, {"source": 5, "target": 131, "weight": 0.019355}, {"source": 5, "target": 85, "weight": 0.010101}, {"source": 5, "target": 72, "weight": 0.038043}, {"source": 5, "target": 116, "weight": 0.004158}, {"source": 5, "target": 54, "weight": 0.009615}, {"source": 5, "target": 11, "weight": 0.002119}, {"source": 5, "target": 73, "weight": 0.006993}, {"source": 5, "target": 67, "weight": 0.007194}, {"source": 5, "target": 35, "weight": 0.005587}, {"source": 5, "target": 123, "weight": 0.003448}, {"source": 5, "target": 147, "weight": 0.013889}, {"source": 5, "target": 104, "weight": 0.010101}, {"source": 5, "target": 119, "weight": 0.019108}, {"source": 5, "target": 122, "weight": 0.008197}, {"source": 5, "target": 138, "weight": 0.009302}, {"source": 5, "target": 114, "weight": 0.017094}, {"source": 5, "target": 7, "weight": 0.00545}, {"source": 5, "target": 142, "weight": 0.008065}, {"source": 5, "target": 126, "weight": 0.007576}, {"source": 5, "target": 75, "weight": 0.0125}, {"source": 6, "target": 77, "weight": 0.0125}, {"source": 6, "target": 116, "weight": 0.002088}, {"source": 6, "target": 46, "weight": 0.009091}, {"source": 6, "target": 63, "weight": 0.008197}, {"source": 6, "target": 115, "weight": 0.012658}, {"source": 6, "target": 7, "weight": 0.00274}, {"source": 6, "target": 52, "weight": 0.0125}, {"source": 6, "target": 10, "weight": 0.002558}, {"source": 6, "target": 11, "weight": 0.002132}, {"source": 6, "target": 25, "weight": 0.007813}, {"source": 6, "target": 124, "weight": 0.005348}, {"source": 6, "target": 127, "weight": 0.007299}, {"source": 6, "target": 96, "weight": 0.006329}, {"source": 6, "target": 131, "weight": 0.009677}, {"source": 6, "target": 98, "weight": 0.053763}, {"source": 6, "target": 100, "weight": 0.009709}, {"source": 6, "target": 101, "weight": 0.013333}, {"source": 6, "target": 66, "weight": 0.006024}, {"source": 6, "target": 135, "weight": 0.00813}, {"source": 6, "target": 137, "weight": 0.009524}, {"source": 6, "target": 140, "weight": 0.021858}, {"source": 6, "target": 73, "weight": 0.007143}, {"source": 6, "target": 35, "weight": 0.011429}, {"source": 6, "target": 68, "weight": 0.011765}, {"source": 6, "target": 39, "weight": 0.010204}, {"source": 6, "target": 153, "weight": 0.009174}, {"source": 7, "target": 63, "weight": 0.008427}, {"source": 7, "target": 119, "weight": 0.005455}, {"source": 7, "target": 51, "weight": 0.003115}, {"source": 7, "target": 128, "weight": 0.00304}, {"source": 7, "target": 84, "weight": 0.002315}, {"source": 7, "target": 10, "weight": 0.036304}, {"source": 7, "target": 69, "weight": 0.093656}, {"source": 7, "target": 15, "weight": 0.007026}, {"source": 7, "target": 123, "weight": 0.005758}, {"source": 7, "target": 86, "weight": 0.003205}, {"source": 7, "target": 59, "weight": 0.005666}, {"source": 7, "target": 60, "weight": 0.003311}, {"source": 7, "target": 33, "weight": 0.017442}, {"source": 7, "target": 19, "weight": 0.003021}, {"source": 7, "target": 111, "weight": 0.009456}, {"source": 7, "target": 21, "weight": 0.009288}, {"source": 7, "target": 96, "weight": 0.02214}, {"source": 7, "target": 131, "weight": 0.003656}, {"source": 7, "target": 133, "weight": 0.005479}, {"source": 7, "target": 99, "weight": 0.009174}, {"source": 7, "target": 103, "weight": 0.029885}, {"source": 7, "target": 29, "weight": 0.003058}, {"source": 7, "target": 104, "weight": 0.003012}, {"source": 7, "target": 138, "weight": 0.0181}, {"source": 7, "target": 139, "weight": 0.004854}, {"source": 7, "target": 108, "weight": 0.005195}, {"source": 7, "target": 71, "weight": 0.017341}, {"source": 7, "target": 141, "weight": 0.008547}, {"source": 7, "target": 110, "weight": 0.009646}, {"source": 7, "target": 74, "weight": 0.002874}, {"source": 7, "target": 112, "weight": 0.003135}, {"source": 7, "target": 40, "weight": 0.0194}, {"source": 7, "target": 76, "weight": 0.007916}, {"source": 8, "target": 116, "weight": 0.025641}, {"source": 8, "target": 121, "weight": 0.004202}, {"source": 8, "target": 79, "weight": 0.017442}, {"source": 8, "target": 48, "weight": 0.006993}, {"source": 8, "target": 119, "weight": 0.005634}, {"source": 8, "target": 126, "weight": 0.005917}, {"source": 8, "target": 122, "weight": 0.092664}, {"source": 8, "target": 74, "weight": 0.006579}, {"source": 8, "target": 10, "weight": 0.016471}, {"source": 8, "target": 11, "weight": 0.040816}, {"source": 8, "target": 81, "weight": 0.005208}, {"source": 8, "target": 123, "weight": 0.003058}, {"source": 8, "target": 59, "weight": 0.012739}, {"source": 8, "target": 127, "weight": 0.171053}, {"source": 8, "target": 94, "weight": 0.016393}, {"source": 8, "target": 95, "weight": 0.006536}, {"source": 8, "target": 96, "weight": 0.002801}, {"source": 8, "target": 70, "weight": 0.015625}, {"source": 8, "target": 131, "weight": 0.020231}, {"source": 8, "target": 22, "weight": 0.007353}, {"source": 8, "target": 23, "weight": 0.038462}, {"source": 8, "target": 24, "weight": 0.00813}, {"source": 8, "target": 98, "weight": 0.006993}, {"source": 8, "target": 100, "weight": 0.006993}, {"source": 8, "target": 135, "weight": 0.006135}, {"source": 8, "target": 27, "weight": 0.007463}, {"source": 8, "target": 137, "weight": 0.006897}, {"source": 8, "target": 64, "weight": 0.006173}, {"source": 8, "target": 108, "weight": 0.005263}, {"source": 8, "target": 109, "weight": 0.00885}, {"source": 8, "target": 29, "weight": 0.015385}, {"source": 8, "target": 72, "weight": 0.004405}, {"source": 8, "target": 35, "weight": 0.00463}, {"source": 8, "target": 56, "weight": 0.006452}, {"source": 8, "target": 38, "weight": 0.005917}, {"source": 9, "target": 63, "weight": 0.014085}, {"source": 9, "target": 72, "weight": 0.007353}, {"source": 9, "target": 119, "weight": 0.003774}, {"source": 9, "target": 31, "weight": 0.025641}, {"source": 10, "target": 43, "weight": 0.002825}, {"source": 10, "target": 116, "weight": 0.017833}, {"source": 10, "target": 25, "weight": 0.007732}, {"source": 10, "target": 21, "weight": 0.002849}, {"source": 10, "target": 45, "weight": 0.002933}, {"source": 10, "target": 63, "weight": 0.005222}, {"source": 10, "target": 133, "weight": 0.002551}, {"source": 10, "target": 119, "weight": 0.008711}, {"source": 10, "target": 97, "weight": 0.00295}, {"source": 10, "target": 87, "weight": 0.009259}, {"source": 10, "target": 121, "weight": 0.002174}, {"source": 10, "target": 122, "weight": 0.022267}, {"source": 10, "target": 35, "weight": 0.006881}, {"source": 10, "target": 72, "weight": 0.004464}, {"source": 10, "target": 11, "weight": 0.076471}, {"source": 10, "target": 89, "weight": 0.002564}, {"source": 10, "target": 49, "weight": 0.002882}, {"source": 10, "target": 81, "weight": 0.002415}, {"source": 10, "target": 88, "weight": 0.004728}, {"source": 10, "target": 123, "weight": 0.012891}, {"source": 10, "target": 124, "weight": 0.2}, {"source": 10, "target": 90, "weight": 0.010417}, {"source": 10, "target": 16, "weight": 0.010309}, {"source": 10, "target": 17, "weight": 0.002451}, {"source": 10, "target": 127, "weight": 0.007557}, {"source": 10, "target": 60, "weight": 0.003049}, {"source": 10, "target": 92, "weight": 0.003049}, {"source": 10, "target": 33, "weight": 0.005348}, {"source": 10, "target": 129, "weight": 0.002639}, {"source": 10, "target": 114, "weight": 0.005319}, {"source": 10, "target": 96, "weight": 0.021127}, {"source": 10, "target": 131, "weight": 0.021314}, {"source": 10, "target": 120, "weight": 0.005277}, {"source": 10, "target": 64, "weight": 0.002604}, {"source": 10, "target": 24, "weight": 0.005814}, {"source": 10, "target": 98, "weight": 0.023474}, {"source": 10, "target": 26, "weight": 0.005917}, {"source": 10, "target": 100, "weight": 0.00274}, {"source": 10, "target": 135, "weight": 0.007833}, {"source": 10, "target": 66, "weight": 0.007042}, {"source": 10, "target": 67, "weight": 0.041775}, {"source": 10, "target": 126, "weight": 0.010309}, {"source": 10, "target": 102, "weight": 0.002907}, {"source": 10, "target": 103, "weight": 0.010661}, {"source": 10, "target": 29, "weight": 0.011429}, {"source": 10, "target": 137, "weight": 0.002725}, {"source": 10, "target": 104, "weight": 0.005602}, {"source": 10, "target": 94, "weight": 0.002899}, {"source": 10, "target": 106, "weight": 0.002849}, {"source": 10, "target": 138, "weight": 0.002105}, {"source": 10, "target": 140, "weight": 0.004474}, {"source": 10, "target": 69, "weight": 0.007792}, {"source": 10, "target": 108, "weight": 0.00978}, {"source": 10, "target": 136, "weight": 0.002809}, {"source": 10, "target": 71, "weight": 0.002653}, {"source": 10, "target": 107, "weight": 0.00266}, {"source": 10, "target": 141, "weight": 0.002639}, {"source": 10, "target": 142, "weight": 0.002611}, {"source": 10, "target": 73, "weight": 0.004988}, {"source": 10, "target": 144, "weight": 0.002597}, {"source": 10, "target": 111, "weight": 0.002212}, {"source": 10, "target": 74, "weight": 0.002674}, {"source": 10, "target": 147, "weight": 0.004963}, {"source": 10, "target": 112, "weight": 0.008746}, {"source": 10, "target": 38, "weight": 0.015544}, {"source": 10, "target": 113, "weight": 0.002801}, {"source": 10, "target": 40, "weight": 0.004992}, {"source": 10, "target": 153, "weight": 0.107143}, {"source": 10, "target": 76, "weight": 0.002457}, {"source": 11, "target": 49, "weight": 0.002353}, {"source": 11, "target": 63, "weight": 0.008715}, {"source": 11, "target": 48, "weight": 0.002257}, {"source": 11, "target": 119, "weight": 0.039557}, {"source": 11, "target": 126, "weight": 0.006424}, {"source": 11, "target": 128, "weight": 0.002309}, {"source": 11, "target": 35, "weight": 0.011742}, {"source": 11, "target": 69, "weight": 0.002151}, {"source": 11, "target": 12, "weight": 0.004587}, {"source": 11, "target": 13, "weight": 0.002353}, {"source": 11, "target": 123, "weight": 0.026144}, {"source": 11, "target": 59, "weight": 0.022272}, {"source": 11, "target": 37, "weight": 0.004598}, {"source": 11, "target": 122, "weight": 0.031858}, {"source": 11, "target": 19, "weight": 0.002299}, {"source": 11, "target": 95, "weight": 0.004425}, {"source": 11, "target": 96, "weight": 0.013867}, {"source": 11, "target": 131, "weight": 0.029968}, {"source": 11, "target": 24, "weight": 0.004739}, {"source": 11, "target": 135, "weight": 0.004329}, {"source": 11, "target": 67, "weight": 0.008457}, {"source": 11, "target": 136, "weight": 0.004619}, {"source": 11, "target": 103, "weight": 0.009141}, {"source": 11, "target": 29, "weight": 0.006993}, {"source": 11, "target": 31, "weight": 0.009368}, {"source": 11, "target": 139, "weight": 0.005825}, {"source": 11, "target": 33, "weight": 0.002208}, {"source": 11, "target": 108, "weight": 0.040254}, {"source": 11, "target": 71, "weight": 0.002198}, {"source": 11, "target": 74, "weight": 0.004435}, {"source": 11, "target": 147, "weight": 0.008351}, {"source": 11, "target": 112, "weight": 0.002364}, {"source": 11, "target": 150, "weight": 0.004651}, {"source": 11, "target": 40, "weight": 0.008876}, {"source": 11, "target": 152, "weight": 0.002217}, {"source": 12, "target": 96, "weight": 0.003509}, {"source": 12, "target": 22, "weight": 0.015625}, {"source": 12, "target": 121, "weight": 0.030864}, {"source": 12, "target": 98, "weight": 0.002786}, {"source": 12, "target": 73, "weight": 0.009259}, {"source": 12, "target": 57, "weight": 0.047619}, {"source": 12, "target": 129, "weight": 0.011765}, {"source": 12, "target": 123, "weight": 0.003922}, {"source": 12, "target": 104, "weight": 0.015625}, {"source": 12, "target": 119, "weight": 0.010638}, {"source": 12, "target": 87, "weight": 0.007092}, {"source": 12, "target": 126, "weight": 0.010309}, {"source": 13, "target": 27, "weight": 0.040816}, {"source": 13, "target": 140, "weight": 0.007042}, {"source": 13, "target": 129, "weight": 0.027778}, {"source": 13, "target": 81, "weight": 0.135417}, {"source": 14, "target": 136, "weight": 0.026316}, {"source": 14, "target": 59, "weight": 0.016129}, {"source": 15, "target": 84, "weight": 0.298507}, {"source": 15, "target": 120, "weight": 0.016667}, {"source": 15, "target": 105, "weight": 0.027473}, {"source": 15, "target": 116, "weight": 0.001842}, {"source": 15, "target": 65, "weight": 0.023392}, {"source": 15, "target": 110, "weight": 0.021583}, {"source": 15, "target": 142, "weight": 0.005405}, {"source": 15, "target": 118, "weight": 0.006667}, {"source": 15, "target": 98, "weight": 0.002198}, {"source": 15, "target": 89, "weight": 0.005208}, {"source": 15, "target": 146, "weight": 0.01087}, {"source": 15, "target": 91, "weight": 0.008403}, {"source": 15, "target": 138, "weight": 0.00361}, {"source": 15, "target": 80, "weight": 0.006993}, {"source": 15, "target": 33, "weight": 0.011364}, {"source": 16, "target": 108, "weight": 0.013423}, {"source": 16, "target": 63, "weight": 0.016529}, {"source": 16, "target": 102, "weight": 0.024691}, {"source": 16, "target": 69, "weight": 0.008}, {"source": 16, "target": 135, "weight": 0.00813}, {"source": 16, "target": 35, "weight": 0.005682}, {"source": 16, "target": 123, "weight": 0.003484}, {"source": 16, "target": 103, "weight": 0.004739}, {"source": 16, "target": 37, "weight": 0.031915}, {"source": 16, "target": 104, "weight": 0.010417}, {"source": 16, "target": 119, "weight": 0.006349}, {"source": 16, "target": 19, "weight": 0.010526}, {"source": 16, "target": 152, "weight": 0.018182}, {"source": 16, "target": 126, "weight": 0.015625}, {"source": 16, "target": 122, "weight": 0.004132}, {"source": 17, "target": 96, "weight": 0.002994}, {"source": 17, "target": 63, "weight": 0.007194}, {"source": 17, "target": 133, "weight": 0.006803}, {"source": 17, "target": 99, "weight": 0.009091}, {"source": 17, "target": 20, "weight": 0.016393}, {"source": 17, "target": 73, "weight": 0.006369}, {"source": 17, "target": 143, "weight": 0.014286}, {"source": 17, "target": 144, "weight": 0.007143}, {"source": 17, "target": 138, "weight": 0.017621}, {"source": 17, "target": 113, "weight": 0.07619}, {"source": 17, "target": 76, "weight": 0.006173}, {"source": 18, "target": 35, "weight": 0.007874}, {"source": 18, "target": 123, "weight": 0.004202}, {"source": 18, "target": 119, "weight": 0.003745}, {"source": 19, "target": 123, "weight": 0.007937}, {"source": 19, "target": 119, "weight": 0.007117}, {"source": 19, "target": 44, "weight": 0.175}, {"source": 19, "target": 121, "weight": 0.006098}, {"source": 20, "target": 98, "weight": 0.002717}, {"source": 20, "target": 142, "weight": 0.020619}, {"source": 20, "target": 144, "weight": 0.074468}, {"source": 20, "target": 91, "weight": 0.006579}, {"source": 20, "target": 138, "weight": 0.216561}, {"source": 20, "target": 139, "weight": 0.02649}, {"source": 21, "target": 33, "weight": 0.013699}, {"source": 21, "target": 120, "weight": 0.012821}, {"source": 21, "target": 141, "weight": 0.012987}, {"source": 21, "target": 88, "weight": 0.008197}, {"source": 21, "target": 123, "weight": 0.004049}, {"source": 21, "target": 103, "weight": 0.005848}, {"source": 21, "target": 39, "weight": 0.017241}, {"source": 21, "target": 40, "weight": 0.003322}, {"source": 21, "target": 76, "weight": 0.009524}, {"source": 22, "target": 131, "weight": 0.003584}, {"source": 22, "target": 73, "weight": 0.009346}, {"source": 22, "target": 74, "weight": 0.012658}, {"source": 22, "target": 123, "weight": 0.007905}, {"source": 22, "target": 119, "weight": 0.003534}, {"source": 22, "target": 151, "weight": 0.016949}, {"source": 22, "target": 126, "weight": 0.010417}, {"source": 23, "target": 96, "weight": 0.003546}, {"source": 23, "target": 123, "weight": 0.003968}, {"source": 23, "target": 93, "weight": 0.022727}, {"source": 23, "target": 122, "weight": 0.024631}, {"source": 24, "target": 64, "weight": 0.013158}, {"source": 24, "target": 131, "weight": 0.072289}, {"source": 24, "target": 122, "weight": 0.005102}, {"source": 24, "target": 116, "weight": 0.002309}, {"source": 24, "target": 98, "weight": 0.002899}, {"source": 24, "target": 135, "weight": 0.04}, {"source": 24, "target": 123, "weight": 0.004149}, {"source": 24, "target": 103, "weight": 0.006061}, {"source": 24, "target": 137, "weight": 0.034483}, {"source": 24, "target": 119, "weight": 0.003704}, {"source": 24, "target": 127, "weight": 0.010989}, {"source": 24, "target": 97, "weight": 0.103448}, {"source": 24, "target": 39, "weight": 0.039216}, {"source": 24, "target": 40, "weight": 0.006803}, {"source": 24, "target": 100, "weight": 0.035714}, {"source": 24, "target": 111, "weight": 0.013986}, {"source": 24, "target": 95, "weight": 0.014925}, {"source": 25, "target": 96, "weight": 0.006349}, {"source": 25, "target": 131, "weight": 0.003215}, {"source": 25, "target": 67, "weight": 0.007407}, {"source": 25, "target": 123, "weight": 0.003497}, {"source": 25, "target": 147, "weight": 0.007092}, {"source": 25, "target": 150, "weight": 0.011111}, {"source": 25, "target": 68, "weight": 0.024096}, {"source": 27, "target": 108, "weight": 0.008696}, {"source": 27, "target": 71, "weight": 0.0125}, {"source": 27, "target": 29, "weight": 0.036364}, {"source": 27, "target": 147, "weight": 0.009346}, {"source": 28, "target": 74, "weight": 0.016129}, {"source": 28, "target": 98, "weight": 0.005882}, {"source": 28, "target": 131, "weight": 0.003817}, {"source": 28, "target": 67, "weight": 0.011628}, {"source": 28, "target": 121, "weight": 0.006757}, {"source": 29, "target": 108, "weight": 0.018018}, {"source": 29, "target": 71, "weight": 0.012987}, {"source": 29, "target": 140, "weight": 0.013605}, {"source": 29, "target": 116, "weight": 0.009132}, {"source": 29, "target": 98, "weight": 0.005682}, {"source": 29, "target": 81, "weight": 0.017699}, {"source": 29, "target": 88, "weight": 0.008065}, {"source": 29, "target": 63, "weight": 0.011905}, {"source": 29, "target": 59, "weight": 0.0125}, {"source": 29, "target": 38, "weight": 0.010989}, {"source": 29, "target": 129, "weight": 0.025641}, {"source": 29, "target": 122, "weight": 0.0199}, {"source": 30, "target": 96, "weight": 0.003774}, {"source": 30, "target": 108, "weight": 0.010204}, {"source": 30, "target": 63, "weight": 0.014286}, {"source": 30, "target": 35, "weight": 0.008065}, {"source": 30, "target": 37, "weight": 0.022727}, {"source": 30, "target": 119, "weight": 0.015326}, {"source": 30, "target": 122, "weight": 0.005263}, {"source": 31, "target": 108, "weight": 0.018182}, {"source": 31, "target": 131, "weight": 0.003663}, {"source": 31, "target": 107, "weight": 0.013333}, {"source": 31, "target": 64, "weight": 0.012048}, {"source": 31, "target": 116, "weight": 0.009153}, {"source": 31, "target": 98, "weight": 0.002841}, {"source": 31, "target": 143, "weight": 0.011765}, {"source": 31, "target": 63, "weight": 0.012048}, {"source": 31, "target": 122, "weight": 0.004926}, {"source": 32, "target": 123, "weight": 0.004202}, {"source": 32, "target": 134, "weight": 0.285714}, {"source": 33, "target": 116, "weight": 0.00216}, {"source": 33, "target": 121, "weight": 0.005495}, {"source": 33, "target": 124, "weight": 0.005848}, {"source": 33, "target": 88, "weight": 0.235294}, {"source": 33, "target": 89, "weight": 0.008929}, {"source": 33, "target": 91, "weight": 0.006289}, {"source": 33, "target": 111, "weight": 0.005747}, {"source": 33, "target": 96, "weight": 0.003322}, {"source": 33, "target": 131, "weight": 0.003378}, {"source": 33, "target": 120, "weight": 0.019802}, {"source": 33, "target": 98, "weight": 0.002667}, {"source": 33, "target": 103, "weight": 0.005128}, {"source": 33, "target": 69, "weight": 0.009174}, {"source": 33, "target": 71, "weight": 0.010101}, {"source": 33, "target": 141, "weight": 0.378378}, {"source": 33, "target": 110, "weight": 0.016393}, {"source": 33, "target": 118, "weight": 0.014286}, {"source": 33, "target": 146, "weight": 0.009524}, {"source": 33, "target": 40, "weight": 0.012422}, {"source": 33, "target": 153, "weight": 0.010753}, {"source": 33, "target": 76, "weight": 0.015625}, {"source": 34, "target": 37, "weight": 0.025641}, {"source": 35, "target": 77, "weight": 0.007874}, {"source": 35, "target": 116, "weight": 0.005725}, {"source": 35, "target": 72, "weight": 0.004274}, {"source": 35, "target": 46, "weight": 0.019355}, {"source": 35, "target": 63, "weight": 0.005917}, {"source": 35, "target": 119, "weight": 0.126935}, {"source": 35, "target": 121, "weight": 0.012346}, {"source": 35, "target": 122, "weight": 0.006944}, {"source": 35, "target": 52, "weight": 0.007874}, {"source": 35, "target": 87, "weight": 0.004545}, {"source": 35, "target": 123, "weight": 0.018237}, {"source": 35, "target": 111, "weight": 0.004219}, {"source": 35, "target": 61, "weight": 0.007634}, {"source": 35, "target": 114, "weight": 0.006173}, {"source": 35, "target": 96, "weight": 0.002747}, {"source": 35, "target": 131, "weight": 0.002786}, {"source": 35, "target": 98, "weight": 0.006881}, {"source": 35, "target": 135, "weight": 0.005882}, {"source": 35, "target": 66, "weight": 0.014218}, {"source": 35, "target": 67, "weight": 0.005464}, {"source": 35, "target": 103, "weight": 0.003876}, {"source": 35, "target": 139, "weight": 0.004464}, {"source": 35, "target": 108, "weight": 0.005076}, {"source": 35, "target": 53, "weight": 0.007576}, {"source": 35, "target": 74, "weight": 0.006289}, {"source": 35, "target": 37, "weight": 0.006993}, {"source": 35, "target": 56, "weight": 0.006173}, {"source": 35, "target": 147, "weight": 0.005291}, {"source": 35, "target": 40, "weight": 0.002577}, {"source": 36, "target": 100, "weight": 0.021739}, {"source": 36, "target": 135, "weight": 0.015152}, {"source": 36, "target": 137, "weight": 0.020833}, {"source": 36, "target": 131, "weight": 0.003922}, {"source": 37, "target": 116, "weight": 0.002242}, {"source": 37, "target": 44, "weight": 0.032609}, {"source": 37, "target": 119, "weight": 0.010676}, {"source": 37, "target": 126, "weight": 0.010417}, {"source": 37, "target": 122, "weight": 0.004785}, {"source": 37, "target": 53, "weight": 0.232558}, {"source": 37, "target": 81, "weight": 0.016949}, {"source": 37, "target": 123, "weight": 0.003937}, {"source": 37, "target": 129, "weight": 0.024096}, {"source": 37, "target": 59, "weight": 0.011765}, {"source": 37, "target": 66, "weight": 0.007519}, {"source": 37, "target": 136, "weight": 0.016393}, {"source": 37, "target": 104, "weight": 0.04918}, {"source": 37, "target": 140, "weight": 0.006536}, {"source": 37, "target": 72, "weight": 0.006494}, {"source": 37, "target": 40, "weight": 0.003247}, {"source": 37, "target": 152, "weight": 0.012821}, {"source": 38, "target": 96, "weight": 0.006329}, {"source": 38, "target": 108, "weight": 0.006667}, {"source": 38, "target": 131, "weight": 0.012945}, {"source": 38, "target": 73, "weight": 0.007143}, {"source": 38, "target": 103, "weight": 0.004739}, {"source": 38, "target": 104, "weight": 0.010417}, {"source": 38, "target": 119, "weight": 0.003165}, {"source": 38, "target": 63, "weight": 0.008197}, {"source": 38, "target": 126, "weight": 0.015625}, {"source": 38, "target": 122, "weight": 0.004132}, {"source": 39, "target": 96, "weight": 0.003497}, {"source": 39, "target": 131, "weight": 0.064151}, {"source": 39, "target": 133, "weight": 0.020408}, {"source": 39, "target": 135, "weight": 0.134146}, {"source": 39, "target": 111, "weight": 0.045752}, {"source": 39, "target": 123, "weight": 0.003906}, {"source": 39, "target": 86, "weight": 0.022222}, {"source": 39, "target": 128, "weight": 0.016129}, {"source": 39, "target": 40, "weight": 0.00974}, {"source": 39, "target": 69, "weight": 0.010638}, {"source": 39, "target": 152, "weight": 0.038462}, {"source": 39, "target": 76, "weight": 0.008772}, {"source": 40, "target": 116, "weight": 0.002899}, {"source": 40, "target": 78, "weight": 0.006944}, {"source": 40, "target": 47, "weight": 0.003425}, {"source": 40, "target": 119, "weight": 0.005703}, {"source": 40, "target": 128, "weight": 0.016611}, {"source": 40, "target": 74, "weight": 0.003086}, {"source": 40, "target": 87, "weight": 0.002597}, {"source": 40, "target": 88, "weight": 0.005362}, {"source": 40, "target": 123, "weight": 0.006036}, {"source": 40, "target": 89, "weight": 0.002941}, {"source": 40, "target": 59, "weight": 0.00303}, {"source": 40, "target": 91, "weight": 0.005181}, {"source": 40, "target": 122, "weight": 0.002203}, {"source": 40, "target": 129, "weight": 0.00304}, {"source": 40, "target": 61, "weight": 0.00678}, {"source": 40, "target": 96, "weight": 0.167401}, {"source": 40, "target": 131, "weight": 0.009615}, {"source": 40, "target": 65, "weight": 0.003106}, {"source": 40, "target": 133, "weight": 0.023881}, {"source": 40, "target": 99, "weight": 0.009901}, {"source": 40, "target": 67, "weight": 0.002874}, {"source": 40, "target": 103, "weight": 0.029126}, {"source": 40, "target": 106, "weight": 0.030717}, {"source": 40, "target": 138, "weight": 0.002353}, {"source": 40, "target": 69, "weight": 0.033639}, {"source": 40, "target": 108, "weight": 0.002762}, {"source": 40, "target": 71, "weight": 0.025}, {"source": 40, "target": 141, "weight": 0.006098}, {"source": 40, "target": 118, "weight": 0.006734}, {"source": 40, "target": 111, "weight": 0.122563}, {"source": 40, "target": 146, "weight": 0.006024}, {"source": 40, "target": 112, "weight": 0.031359}, {"source": 40, "target": 153, "weight": 0.003115}, {"source": 41, "target": 73, "weight": 0.011765}, {"source": 41, "target": 111, "weight": 0.007407}, {"source": 42, "target": 102, "weight": 0.028571}, {"source": 42, "target": 147, "weight": 0.010526}, {"source": 43, "target": 69, "weight": 0.011364}, {"source": 44, "target": 143, "weight": 0.008197}, {"source": 44, "target": 123, "weight": 0.007042}, {"source": 44, "target": 104, "weight": 0.010638}, {"source": 44, "target": 119, "weight": 0.00639}, {"source": 44, "target": 83, "weight": 0.037975}, {"source": 45, "target": 96, "weight": 0.003745}, {"source": 45, "target": 122, "weight": 0.005208}, {"source": 46, "target": 96, "weight": 0.013559}, {"source": 46, "target": 131, "weight": 0.003413}, {"source": 46, "target": 136, "weight": 0.013333}, {"source": 46, "target": 135, "weight": 0.009615}, {"source": 46, "target": 123, "weight": 0.003731}, {"source": 46, "target": 122, "weight": 0.004484}, {"source": 47, "target": 96, "weight": 0.018939}, {"source": 47, "target": 99, "weight": 0.022727}, {"source": 47, "target": 128, "weight": 0.022727}, {"source": 48, "target": 108, "weight": 0.02459}, {"source": 48, "target": 109, "weight": 0.021277}, {"source": 48, "target": 140, "weight": 0.012579}, {"source": 48, "target": 116, "weight": 0.006652}, {"source": 48, "target": 141, "weight": 0.010989}, {"source": 48, "target": 88, "weight": 0.007353}, {"source": 48, "target": 126, "weight": 0.009709}, {"source": 48, "target": 127, "weight": 0.009009}, {"source": 48, "target": 121, "weight": 0.005814}, {"source": 48, "target": 59, "weight": 0.01087}, {"source": 49, "target": 108, "weight": 0.009434}, {"source": 49, "target": 116, "weight": 0.002299}, {"source": 49, "target": 132, "weight": 0.021739}, {"source": 49, "target": 54, "weight": 0.017544}, {"source": 49, "target": 81, "weight": 0.028302}, {"source": 49, "target": 98, "weight": 0.002882}, {"source": 49, "target": 59, "weight": 0.013514}, {"source": 49, "target": 119, "weight": 0.00738}, {"source": 50, "target": 96, "weight": 0.015209}, {"source": 50, "target": 133, "weight": 0.012658}, {"source": 50, "target": 112, "weight": 0.03125}, {"source": 50, "target": 111, "weight": 0.007194}, {"source": 51, "target": 96, "weight": 0.007353}, {"source": 51, "target": 141, "weight": 0.013699}, {"source": 51, "target": 118, "weight": 0.02381}, {"source": 51, "target": 88, "weight": 0.008475}, {"source": 51, "target": 146, "weight": 0.012987}, {"source": 51, "target": 91, "weight": 0.023256}, {"source": 52, "target": 77, "weight": 0.882353}, {"source": 52, "target": 140, "weight": 0.007299}, {"source": 52, "target": 74, "weight": 0.032258}, {"source": 52, "target": 131, "weight": 0.003802}, {"source": 53, "target": 104, "weight": 0.039216}, {"source": 53, "target": 119, "weight": 0.00738}, {"source": 53, "target": 138, "weight": 0.005917}, {"source": 53, "target": 76, "weight": 0.009901}, {"source": 53, "target": 122, "weight": 0.005051}, {"source": 54, "target": 108, "weight": 0.008197}, {"source": 54, "target": 131, "weight": 0.003521}, {"source": 54, "target": 58, "weight": 0.018519}, {"source": 54, "target": 143, "weight": 0.010417}, {"source": 54, "target": 123, "weight": 0.003861}, {"source": 54, "target": 138, "weight": 0.005405}, {"source": 54, "target": 113, "weight": 0.014925}, {"source": 54, "target": 126, "weight": 0.030303}, {"source": 54, "target": 122, "weight": 0.014151}, {"source": 55, "target": 147, "weight": 0.011364}, {"source": 56, "target": 131, "weight": 0.003356}, {"source": 56, "target": 102, "weight": 0.061538}, {"source": 56, "target": 126, "weight": 0.148515}, {"source": 56, "target": 122, "weight": 0.008811}, {"source": 57, "target": 63, "weight": 0.011111}, {"source": 57, "target": 116, "weight": 0.002237}, {"source": 57, "target": 98, "weight": 0.002786}, {"source": 57, "target": 142, "weight": 0.011236}, {"source": 57, "target": 66, "weight": 0.015038}, {"source": 57, "target": 143, "weight": 0.01087}, {"source": 57, "target": 123, "weight": 0.015873}, {"source": 57, "target": 79, "weight": 0.009804}, {"source": 57, "target": 119, "weight": 0.021505}, {"source": 57, "target": 121, "weight": 0.02454}, {"source": 58, "target": 113, "weight": 0.53125}, {"source": 58, "target": 72, "weight": 0.007143}, {"source": 58, "target": 132, "weight": 0.023256}, {"source": 59, "target": 119, "weight": 0.013245}, {"source": 59, "target": 116, "weight": 0.028509}, {"source": 59, "target": 79, "weight": 0.00813}, {"source": 59, "target": 126, "weight": 0.025862}, {"source": 59, "target": 122, "weight": 0.008696}, {"source": 59, "target": 72, "weight": 0.005682}, {"source": 59, "target": 81, "weight": 0.007092}, {"source": 59, "target": 123, "weight": 0.007273}, {"source": 59, "target": 125, "weight": 0.014085}, {"source": 59, "target": 121, "weight": 0.010753}, {"source": 59, "target": 127, "weight": 0.007937}, {"source": 59, "target": 129, "weight": 0.009434}, {"source": 59, "target": 131, "weight": 0.003322}, {"source": 59, "target": 98, "weight": 0.002632}, {"source": 59, "target": 66, "weight": 0.006452}, {"source": 59, "target": 136, "weight": 0.012048}, {"source": 59, "target": 104, "weight": 0.011765}, {"source": 59, "target": 108, "weight": 0.007194}, {"source": 59, "target": 140, "weight": 0.011494}, {"source": 59, "target": 111, "weight": 0.005587}, {"source": 60, "target": 96, "weight": 0.003937}, {"source": 60, "target": 72, "weight": 0.008065}, {"source": 60, "target": 112, "weight": 0.05}, {"source": 60, "target": 92, "weight": 1.0}, {"source": 61, "target": 96, "weight": 0.01487}, {"source": 61, "target": 123, "weight": 0.004132}, {"source": 61, "target": 103, "weight": 0.006024}, {"source": 61, "target": 119, "weight": 0.00369}, {"source": 61, "target": 69, "weight": 0.0125}, {"source": 61, "target": 111, "weight": 0.006897}, {"source": 61, "target": 122, "weight": 0.005076}, {"source": 62, "target": 138, "weight": 0.006369}, {"source": 62, "target": 83, "weight": 0.037037}, {"source": 62, "target": 122, "weight": 0.005376}, {"source": 63, "target": 116, "weight": 0.030501}, {"source": 63, "target": 79, "weight": 0.015873}, {"source": 63, "target": 119, "weight": 0.009772}, {"source": 63, "target": 83, "weight": 0.013158}, {"source": 63, "target": 81, "weight": 0.006897}, {"source": 63, "target": 123, "weight": 0.007168}, {"source": 63, "target": 89, "weight": 0.008264}, {"source": 63, "target": 129, "weight": 0.009091}, {"source": 63, "target": 96, "weight": 0.003226}, {"source": 63, "target": 131, "weight": 0.003279}, {"source": 63, "target": 120, "weight": 0.009009}, {"source": 63, "target": 98, "weight": 0.013158}, {"source": 63, "target": 108, "weight": 0.043478}, {"source": 63, "target": 140, "weight": 0.011236}, {"source": 63, "target": 142, "weight": 0.008772}, {"source": 63, "target": 73, "weight": 0.007519}, {"source": 63, "target": 121, "weight": 0.005236}, {"source": 63, "target": 68, "weight": 0.012821}, {"source": 64, "target": 96, "weight": 0.003226}, {"source": 64, "target": 131, "weight": 0.006579}, {"source": 64, "target": 135, "weight": 0.008621}, {"source": 65, "target": 96, "weight": 0.003356}, {"source": 65, "target": 84, "weight": 0.065868}, {"source": 65, "target": 131, "weight": 0.003413}, {"source": 65, "target": 110, "weight": 0.017241}, {"source": 65, "target": 67, "weight": 0.053571}, {"source": 65, "target": 144, "weight": 0.009615}, {"source": 65, "target": 138, "weight": 0.010363}, {"source": 65, "target": 69, "weight": 0.009434}, {"source": 66, "target": 108, "weight": 0.016216}, {"source": 66, "target": 102, "weight": 0.008403}, {"source": 66, "target": 141, "weight": 0.006494}, {"source": 66, "target": 143, "weight": 0.006211}, {"source": 66, "target": 111, "weight": 0.004405}, {"source": 66, "target": 123, "weight": 0.018809}, {"source": 66, "target": 103, "weight": 0.008097}, {"source": 66, "target": 147, "weight": 0.005587}, {"source": 66, "target": 119, "weight": 0.020173}, {"source": 66, "target": 152, "weight": 0.006757}, {"source": 66, "target": 126, "weight": 0.006024}, {"source": 66, "target": 76, "weight": 0.01105}, {"source": 67, "target": 84, "weight": 0.009901}, {"source": 67, "target": 131, "weight": 0.003135}, {"source": 67, "target": 119, "weight": 0.003096}, {"source": 67, "target": 98, "weight": 0.015267}, {"source": 67, "target": 73, "weight": 0.013699}, {"source": 67, "target": 87, "weight": 0.016854}, {"source": 67, "target": 102, "weight": 0.011236}, {"source": 67, "target": 90, "weight": 0.007576}, {"source": 67, "target": 147, "weight": 0.034483}, {"source": 67, "target": 104, "weight": 0.072165}, {"source": 67, "target": 91, "weight": 0.01105}, {"source": 67, "target": 121, "weight": 0.004878}, {"source": 67, "target": 114, "weight": 0.042373}, {"source": 68, "target": 96, "weight": 0.003663}, {"source": 68, "target": 116, "weight": 0.002299}, {"source": 68, "target": 87, "weight": 0.007752}, {"source": 68, "target": 148, "weight": 0.12}, {"source": 68, "target": 122, "weight": 0.010152}, {"source": 69, "target": 119, "weight": 0.003205}, {"source": 69, "target": 128, "weight": 0.011236}, {"source": 69, "target": 124, "weight": 0.010989}, {"source": 69, "target": 87, "weight": 0.005917}, {"source": 69, "target": 123, "weight": 0.003534}, {"source": 69, "target": 89, "weight": 0.033058}, {"source": 69, "target": 91, "weight": 0.017751}, {"source": 69, "target": 96, "weight": 0.022801}, {"source": 69, "target": 131, "weight": 0.003247}, {"source": 69, "target": 120, "weight": 0.055046}, {"source": 69, "target": 103, "weight": 0.004831}, {"source": 69, "target": 138, "weight": 0.014493}, {"source": 69, "target": 110, "weight": 0.013699}, {"source": 70, "target": 123, "weight": 0.004049}, {"source": 70, "target": 95, "weight": 0.013699}, {"source": 70, "target": 76, "weight": 0.009524}, {"source": 71, "target": 96, "weight": 0.0033}, {"source": 71, "target": 108, "weight": 0.007353}, {"source": 71, "target": 116, "weight": 0.002151}, {"source": 71, "target": 141, "weight": 0.019608}, {"source": 71, "target": 81, "weight": 0.007246}, {"source": 71, "target": 88, "weight": 0.164063}, {"source": 71, "target": 146, "weight": 0.028571}, {"source": 71, "target": 119, "weight": 0.003311}, {"source": 71, "target": 106, "weight": 0.013333}, {"source": 72, "target": 119, "weight": 0.01626}, {"source": 72, "target": 126, "weight": 0.010753}, {"source": 72, "target": 122, "weight": 0.006689}, {"source": 72, "target": 74, "weight": 0.005882}, {"source": 72, "target": 123, "weight": 0.005814}, {"source": 72, "target": 147, "weight": 0.005}, {"source": 72, "target": 95, "weight": 0.005848}, {"source": 72, "target": 131, "weight": 0.00542}, {"source": 72, "target": 134, "weight": 0.007042}, {"source": 72, "target": 135, "weight": 0.011111}, {"source": 72, "target": 108, "weight": 0.004808}, {"source": 72, "target": 73, "weight": 0.005051}, {"source": 72, "target": 113, "weight": 0.006536}, {"source": 73, "target": 116, "weight": 0.002041}, {"source": 73, "target": 115, "weight": 0.109756}, {"source": 73, "target": 121, "weight": 0.004785}, {"source": 73, "target": 123, "weight": 0.003356}, {"source": 73, "target": 124, "weight": 0.005051}, {"source": 73, "target": 90, "weight": 0.007353}, {"source": 73, "target": 126, "weight": 0.014388}, {"source": 73, "target": 91, "weight": 0.010811}, {"source": 73, "target": 131, "weight": 0.006211}, {"source": 73, "target": 98, "weight": 0.052219}, {"source": 73, "target": 101, "weight": 0.115385}, {"source": 73, "target": 108, "weight": 0.006211}, {"source": 73, "target": 142, "weight": 0.007576}, {"source": 73, "target": 74, "weight": 0.00813}, {"source": 73, "target": 151, "weight": 0.268293}, {"source": 74, "target": 77, "weight": 0.032258}, {"source": 74, "target": 116, "weight": 0.002165}, {"source": 74, "target": 79, "weight": 0.026087}, {"source": 74, "target": 121, "weight": 0.005525}, {"source": 74, "target": 89, "weight": 0.009009}, {"source": 74, "target": 111, "weight": 0.00578}, {"source": 74, "target": 114, "weight": 0.010204}, {"source": 74, "target": 131, "weight": 0.00339}, {"source": 74, "target": 98, "weight": 0.008065}, {"source": 74, "target": 103, "weight": 0.005155}, {"source": 74, "target": 147, "weight": 0.008}, {"source": 74, "target": 151, "weight": 0.013333}, {"source": 75, "target": 135, "weight": 0.014085}, {"source": 76, "target": 116, "weight": 0.004049}, {"source": 76, "target": 133, "weight": 0.027972}, {"source": 76, "target": 119, "weight": 0.003012}, {"source": 76, "target": 121, "weight": 0.004673}, {"source": 76, "target": 81, "weight": 0.005952}, {"source": 76, "target": 88, "weight": 0.011299}, {"source": 76, "target": 123, "weight": 0.0033}, {"source": 76, "target": 91, "weight": 0.005236}, {"source": 76, "target": 127, "weight": 0.006536}, {"source": 76, "target": 111, "weight": 0.004854}, {"source": 76, "target": 98, "weight": 0.004926}, {"source": 76, "target": 138, "weight": 0.004367}, {"source": 76, "target": 141, "weight": 0.015152}, {"source": 76, "target": 143, "weight": 0.007143}, {"source": 76, "target": 95, "weight": 0.007752}, {"source": 76, "target": 152, "weight": 0.007874}, {"source": 77, "target": 131, "weight": 0.003802}, {"source": 78, "target": 118, "weight": 0.521739}, {"source": 79, "target": 108, "weight": 0.006452}, {"source": 79, "target": 131, "weight": 0.003155}, {"source": 79, "target": 102, "weight": 0.023256}, {"source": 79, "target": 123, "weight": 0.010345}, {"source": 79, "target": 119, "weight": 0.012579}, {"source": 79, "target": 83, "weight": 0.022989}, {"source": 79, "target": 126, "weight": 0.115702}, {"source": 79, "target": 122, "weight": 0.004049}, {"source": 81, "target": 108, "weight": 0.023529}, {"source": 81, "target": 133, "weight": 0.006536}, {"source": 81, "target": 143, "weight": 0.006803}, {"source": 81, "target": 123, "weight": 0.003226}, {"source": 81, "target": 147, "weight": 0.012195}, {"source": 81, "target": 119, "weight": 0.024096}, {"source": 81, "target": 82, "weight": 0.009709}, {"source": 81, "target": 104, "weight": 0.008403}, {"source": 82, "target": 98, "weight": 0.005865}, {"source": 82, "target": 143, "weight": 0.013333}, {"source": 83, "target": 98, "weight": 0.002899}, {"source": 83, "target": 136, "weight": 0.042553}, {"source": 83, "target": 104, "weight": 0.02}, {"source": 83, "target": 126, "weight": 0.02439}, {"source": 83, "target": 122, "weight": 0.005102}, {"source": 84, "target": 120, "weight": 0.005405}, {"source": 84, "target": 105, "weight": 0.010638}, {"source": 84, "target": 116, "weight": 0.001832}, {"source": 84, "target": 89, "weight": 0.010309}, {"source": 84, "target": 144, "weight": 0.005263}, {"source": 84, "target": 103, "weight": 0.003597}, {"source": 84, "target": 91, "weight": 0.008299}, {"source": 84, "target": 138, "weight": 0.01444}, {"source": 84, "target": 107, "weight": 0.005525}, {"source": 85, "target": 150, "weight": 0.017241}, {"source": 86, "target": 131, "weight": 0.003861}, {"source": 86, "target": 100, "weight": 0.02}, {"source": 86, "target": 135, "weight": 0.014286}, {"source": 86, "target": 137, "weight": 0.019231}, {"source": 86, "target": 111, "weight": 0.007299}, {"source": 87, "target": 96, "weight": 0.00277}, {"source": 87, "target": 131, "weight": 0.005634}, {"source": 87, "target": 122, "weight": 0.007018}, {"source": 87, "target": 102, "weight": 0.007937}, {"source": 87, "target": 144, "weight": 0.12}, {"source": 87, "target": 123, "weight": 0.003021}, {"source": 87, "target": 147, "weight": 0.005376}, {"source": 87, "target": 119, "weight": 0.005571}, {"source": 87, "target": 150, "weight": 0.007407}, {"source": 87, "target": 111, "weight": 0.008584}, {"source": 87, "target": 126, "weight": 0.00578}, {"source": 87, "target": 128, "weight": 0.007299}, {"source": 88, "target": 96, "weight": 0.005731}, {"source": 88, "target": 141, "weight": 0.525253}, {"source": 88, "target": 133, "weight": 0.031447}, {"source": 88, "target": 118, "weight": 0.008403}, {"source": 88, "target": 103, "weight": 0.004098}, {"source": 88, "target": 112, "weight": 0.008621}, {"source": 88, "target": 111, "weight": 0.027523}, {"source": 89, "target": 110, "weight": 0.026667}, {"source": 89, "target": 99, "weight": 0.021978}, {"source": 89, "target": 123, "weight": 0.003497}, {"source": 89, "target": 103, "weight": 0.039409}, {"source": 89, "target": 119, "weight": 0.003175}, {"source": 89, "target": 139, "weight": 0.005682}, {"source": 89, "target": 111, "weight": 0.005291}, {"source": 90, "target": 98, "weight": 0.002584}, {"source": 90, "target": 124, "weight": 0.005464}, {"source": 90, "target": 91, "weight": 0.005848}, {"source": 91, "target": 96, "weight": 0.011111}, {"source": 91, "target": 151, "weight": 0.014599}, {"source": 91, "target": 141, "weight": 0.006135}, {"source": 91, "target": 133, "weight": 0.005682}, {"source": 91, "target": 99, "weight": 0.007194}, {"source": 91, "target": 144, "weight": 0.005917}, {"source": 91, "target": 103, "weight": 0.003891}, {"source": 91, "target": 147, "weight": 0.010695}, {"source": 91, "target": 138, "weight": 0.061224}, {"source": 91, "target": 139, "weight": 0.004484}, {"source": 92, "target": 96, "weight": 0.003937}, {"source": 92, "target": 112, "weight": 0.05}, {"source": 93, "target": 97, "weight": 0.037037}, {"source": 94, "target": 96, "weight": 0.007407}, {"source": 94, "target": 131, "weight": 0.003759}, {"source": 94, "target": 95, "weight": 0.014925}, {"source": 94, "target": 122, "weight": 0.010256}, {"source": 95, "target": 131, "weight": 0.00678}, {"source": 95, "target": 140, "weight": 0.005882}, {"source": 95, "target": 116, "weight": 0.004329}, {"source": 95, "target": 98, "weight": 0.005348}, {"source": 95, "target": 135, "weight": 0.018868}, {"source": 95, "target": 144, "weight": 0.009346}, {"source": 95, "target": 111, "weight": 0.005747}, {"source": 95, "target": 137, "weight": 0.011236}, {"source": 95, "target": 119, "weight": 0.006689}, {"source": 95, "target": 127, "weight": 0.008264}, {"source": 95, "target": 122, "weight": 0.008889}, {"source": 95, "target": 100, "weight": 0.011494}, {"source": 95, "target": 152, "weight": 0.090909}, {"source": 95, "target": 121, "weight": 0.005495}, {"source": 96, "target": 116, "weight": 0.001499}, {"source": 96, "target": 133, "weight": 0.015924}, {"source": 96, "target": 119, "weight": 0.01}, {"source": 96, "target": 126, "weight": 0.003155}, {"source": 96, "target": 128, "weight": 0.018051}, {"source": 96, "target": 123, "weight": 0.004219}, {"source": 96, "target": 124, "weight": 0.013477}, {"source": 96, "target": 122, "weight": 0.004662}, {"source": 96, "target": 129, "weight": 0.003279}, {"source": 96, "target": 131, "weight": 0.006024}, {"source": 96, "target": 98, "weight": 0.001727}, {"source": 96, "target": 99, "weight": 0.032967}, {"source": 96, "target": 103, "weight": 0.010101}, {"source": 96, "target": 138, "weight": 0.01005}, {"source": 96, "target": 140, "weight": 0.002674}, {"source": 96, "target": 108, "weight": 0.002959}, {"source": 96, "target": 107, "weight": 0.003311}, {"source": 96, "target": 141, "weight": 0.003279}, {"source": 96, "target": 142, "weight": 0.003236}, {"source": 96, "target": 111, "weight": 0.024324}, {"source": 96, "target": 112, "weight": 0.066667}, {"source": 96, "target": 153, "weight": 0.006757}, {"source": 97, "target": 131, "weight": 0.015564}, {"source": 97, "target": 135, "weight": 0.028571}, {"source": 97, "target": 123, "weight": 0.004255}, {"source": 97, "target": 119, "weight": 0.003788}, {"source": 97, "target": 122, "weight": 0.005263}, {"source": 98, "target": 119, "weight": 0.010471}, {"source": 98, "target": 126, "weight": 0.039788}, {"source": 98, "target": 122, "weight": 0.016097}, {"source": 98, "target": 123, "weight": 0.00365}, {"source": 98, "target": 131, "weight": 0.010545}, {"source": 98, "target": 133, "weight": 0.002551}, {"source": 98, "target": 134, "weight": 0.00289}, {"source": 98, "target": 101, "weight": 0.027356}, {"source": 98, "target": 135, "weight": 0.002597}, {"source": 98, "target": 136, "weight": 0.002809}, {"source": 98, "target": 104, "weight": 0.014124}, {"source": 98, "target": 138, "weight": 0.004219}, {"source": 98, "target": 108, "weight": 0.007317}, {"source": 98, "target": 141, "weight": 0.002639}, {"source": 98, "target": 111, "weight": 0.002212}, {"source": 98, "target": 147, "weight": 0.020151}, {"source": 98, "target": 150, "weight": 0.002833}, {"source": 98, "target": 113, "weight": 0.002801}, {"source": 98, "target": 151, "weight": 0.002825}, {"source": 98, "target": 152, "weight": 0.002681}, {"source": 99, "target": 120, "weight": 0.0375}, {"source": 99, "target": 142, "weight": 0.011765}, {"source": 99, "target": 103, "weight": 0.005714}, {"source": 99, "target": 138, "weight": 0.00565}, {"source": 99, "target": 107, "weight": 0.012821}, {"source": 100, "target": 131, "weight": 0.15261}, {"source": 100, "target": 135, "weight": 0.633333}, {"source": 100, "target": 111, "weight": 0.01227}, {"source": 101, "target": 151, "weight": 0.026316}, {"source": 101, "target": 115, "weight": 0.529412}, {"source": 102, "target": 116, "weight": 0.006977}, {"source": 102, "target": 146, "weight": 0.027397}, {"source": 102, "target": 126, "weight": 0.012195}, {"source": 103, "target": 116, "weight": 0.001783}, {"source": 103, "target": 119, "weight": 0.002513}, {"source": 103, "target": 122, "weight": 0.003086}, {"source": 103, "target": 123, "weight": 0.00271}, {"source": 103, "target": 124, "weight": 0.003717}, {"source": 103, "target": 125, "weight": 0.006098}, {"source": 103, "target": 111, "weight": 0.01487}, {"source": 103, "target": 131, "weight": 0.015424}, {"source": 103, "target": 120, "weight": 0.02551}, {"source": 103, "target": 105, "weight": 0.004902}, {"source": 103, "target": 106, "weight": 0.005848}, {"source": 103, "target": 108, "weight": 0.00431}, {"source": 103, "target": 141, "weight": 0.005025}, {"source": 103, "target": 112, "weight": 0.006061}, {"source": 103, "target": 153, "weight": 0.010526}, {"source": 104, "target": 140, "weight": 0.006536}, {"source": 104, "target": 116, "weight": 0.002242}, {"source": 104, "target": 123, "weight": 0.003937}, {"source": 104, "target": 145, "weight": 0.020408}, {"source": 105, "target": 118, "weight": 0.012658}, {"source": 105, "target": 119, "weight": 0.003236}, {"source": 105, "target": 138, "weight": 0.004854}, {"source": 105, "target": 139, "weight": 0.011834}, {"source": 105, "target": 111, "weight": 0.005464}, {"source": 106, "target": 131, "weight": 0.003676}, {"source": 106, "target": 133, "weight": 0.011111}, {"source": 106, "target": 111, "weight": 0.006667}, {"source": 107, "target": 144, "weight": 0.018692}, {"source": 107, "target": 138, "weight": 0.020513}, {"source": 108, "target": 119, "weight": 0.021148}, {"source": 108, "target": 116, "weight": 0.120805}, {"source": 108, "target": 121, "weight": 0.009174}, {"source": 108, "target": 122, "weight": 0.003802}, {"source": 108, "target": 123, "weight": 0.013115}, {"source": 108, "target": 124, "weight": 0.004808}, {"source": 108, "target": 125, "weight": 0.029703}, {"source": 108, "target": 129, "weight": 0.007246}, {"source": 108, "target": 131, "weight": 0.006024}, {"source": 108, "target": 135, "weight": 0.006944}, {"source": 108, "target": 140, "weight": 0.014634}, {"source": 109, "target": 122, "weight": 0.005376}, {"source": 110, "target": 120, "weight": 0.046875}, {"source": 111, "target": 116, "weight": 0.001852}, {"source": 111, "target": 119, "weight": 0.002653}, {"source": 111, "target": 121, "weight": 0.003861}, {"source": 111, "target": 122, "weight": 0.0033}, {"source": 111, "target": 123, "weight": 0.002874}, {"source": 111, "target": 131, "weight": 0.021858}, {"source": 111, "target": 133, "weight": 0.207547}, {"source": 111, "target": 135, "weight": 0.010929}, {"source": 111, "target": 137, "weight": 0.012121}, {"source": 111, "target": 138, "weight": 0.00365}, {"source": 111, "target": 141, "weight": 0.034682}, {"source": 111, "target": 112, "weight": 0.006944}, {"source": 111, "target": 153, "weight": 0.005882}, {"source": 112, "target": 131, "weight": 0.003759}, {"source": 112, "target": 133, "weight": 0.011905}, {"source": 112, "target": 128, "weight": 0.066667}, {"source": 113, "target": 132, "weight": 0.017857}, {"source": 113, "target": 142, "weight": 0.1}, {"source": 113, "target": 143, "weight": 0.034091}, {"source": 114, "target": 131, "weight": 0.006734}, {"source": 114, "target": 147, "weight": 0.6125}, {"source": 114, "target": 119, "weight": 0.003311}, {"source": 114, "target": 150, "weight": 0.012987}, {"source": 115, "target": 151, "weight": 0.02381}, {"source": 116, "target": 119, "weight": 0.038941}, {"source": 116, "target": 126, "weight": 0.012658}, {"source": 116, "target": 122, "weight": 0.010221}, {"source": 116, "target": 123, "weight": 0.022436}, {"source": 116, "target": 131, "weight": 0.02}, {"source": 116, "target": 135, "weight": 0.021552}, {"source": 116, "target": 138, "weight": 0.001776}, {"source": 116, "target": 139, "weight": 0.001898}, {"source": 116, "target": 141, "weight": 0.002141}, {"source": 116, "target": 143, "weight": 0.00211}, {"source": 116, "target": 147, "weight": 0.00818}, {"source": 116, "target": 149, "weight": 0.007109}, {"source": 116, "target": 150, "weight": 0.004545}, {"source": 116, "target": 152, "weight": 0.002169}, {"source": 117, "target": 123, "weight": 0.004202}, {"source": 117, "target": 134, "weight": 0.285714}, {"source": 118, "target": 141, "weight": 0.013514}, {"source": 118, "target": 146, "weight": 0.274194}, {"source": 119, "target": 130, "weight": 0.003817}, {"source": 119, "target": 126, "weight": 0.009554}, {"source": 119, "target": 122, "weight": 0.011765}, {"source": 119, "target": 123, "weight": 0.139089}, {"source": 119, "target": 124, "weight": 0.002674}, {"source": 119, "target": 127, "weight": 0.003086}, {"source": 119, "target": 131, "weight": 0.01833}, {"source": 119, "target": 135, "weight": 0.003226}, {"source": 119, "target": 139, "weight": 0.002747}, {"source": 119, "target": 142, "weight": 0.003247}, {"source": 119, "target": 143, "weight": 0.003215}, {"source": 119, "target": 121, "weight": 0.04607}, {"source": 119, "target": 147, "weight": 0.00304}, {"source": 119, "target": 152, "weight": 0.020478}, {"source": 121, "target": 126, "weight": 0.010152}, {"source": 121, "target": 122, "weight": 0.016287}, {"source": 121, "target": 123, "weight": 0.017094}, {"source": 121, "target": 131, "weight": 0.007916}, {"source": 121, "target": 133, "weight": 0.005025}, {"source": 121, "target": 135, "weight": 0.005208}, {"source": 121, "target": 141, "weight": 0.005376}, {"source": 121, "target": 143, "weight": 0.005181}, {"source": 121, "target": 151, "weight": 0.006211}, {"source": 122, "target": 123, "weight": 0.012626}, {"source": 122, "target": 124, "weight": 0.003333}, {"source": 122, "target": 127, "weight": 0.012097}, {"source": 122, "target": 129, "weight": 0.004348}, {"source": 122, "target": 131, "weight": 0.016706}, {"source": 122, "target": 132, "weight": 0.004926}, {"source": 122, "target": 136, "weight": 0.004831}, {"source": 122, "target": 139, "weight": 0.003448}, {"source": 122, "target": 140, "weight": 0.006711}, {"source": 123, "target": 130, "weight": 0.004292}, {"source": 123, "target": 128, "weight": 0.003984}, {"source": 123, "target": 124, "weight": 0.002899}, {"source": 123, "target": 129, "weight": 0.007299}, {"source": 123, "target": 131, "weight": 0.023913}, {"source": 123, "target": 135, "weight": 0.003559}, {"source": 123, "target": 136, "weight": 0.003968}, {"source": 123, "target": 140, "weight": 0.01173}, {"source": 123, "target": 151, "weight": 0.004}, {"source": 124, "target": 136, "weight": 0.006579}, {"source": 124, "target": 131, "weight": 0.002703}, {"source": 124, "target": 135, "weight": 0.005525}, {"source": 124, "target": 126, "weight": 0.005348}, {"source": 125, "target": 147, "weight": 0.010526}, {"source": 125, "target": 143, "weight": 0.012987}, {"source": 126, "target": 127, "weight": 0.007299}, {"source": 126, "target": 153, "weight": 0.009174}, {"source": 127, "target": 131, "weight": 0.019048}, {"source": 127, "target": 135, "weight": 0.03125}, {"source": 128, "target": 131, "weight": 0.003623}, {"source": 129, "target": 136, "weight": 0.0375}, {"source": 129, "target": 143, "weight": 0.008929}, {"source": 130, "target": 136, "weight": 0.025}, {"source": 131, "target": 135, "weight": 0.149813}, {"source": 131, "target": 136, "weight": 0.00361}, {"source": 131, "target": 137, "weight": 0.151394}, {"source": 131, "target": 150, "weight": 0.00365}, {"source": 131, "target": 140, "weight": 0.016484}, {"source": 131, "target": 147, "weight": 0.009288}, {"source": 131, "target": 152, "weight": 0.003401}, {"source": 132, "target": 134, "weight": 0.022222}, {"source": 133, "target": 141, "weight": 0.04386}, {"source": 133, "target": 153, "weight": 0.009091}, {"source": 133, "target": 142, "weight": 0.008197}, {"source": 133, "target": 143, "weight": 0.016129}, {"source": 135, "target": 137, "weight": 0.612903}, {"source": 135, "target": 152, "weight": 0.009524}, {"source": 136, "target": 153, "weight": 0.013514}, {"source": 138, "target": 139, "weight": 0.023438}, {"source": 138, "target": 142, "weight": 0.019802}, {"source": 138, "target": 144, "weight": 0.142857}, {"source": 139, "target": 144, "weight": 0.005848}, {"source": 139, "target": 146, "weight": 0.005917}, {"source": 141, "target": 146, "weight": 0.009174}, {"source": 142, "target": 143, "weight": 0.017391}, {"source": 142, "target": 144, "weight": 0.008696}, {"source": 142, "target": 151, "weight": 0.011905}, {"source": 144, "target": 152, "weight": 0.009524}, {"source": 147, "target": 150, "weight": 0.22093}], "multigraph": false}