{"directed": false, "graph": {}, "nodes": [{"group": 11, "id": "from"}, {"group": 0, "id": "friction"}, {"group": 0, "id": "frailty", "degree": 12}, {"group": 2, "id": "freight"}, {"group": 0, "id": "frostbite"}, {"group": 3, "id": "friable"}, {"group": 4, "id": "freckled"}, {"group": 5, "id": "friendless", "degree": 7}, {"group": 3, "id": "frondeur"}, {"group": 6, "id": "frisky", "degree": 7}, {"group": 4, "id": "frowsy"}, {"group": 3, "id": "frugality"}, {"group": 6, "id": "fruitful", "degree": 5}, {"group": 6, "id": "friendly", "degree": 19}, {"group": 4, "id": "froward"}, {"group": 1, "id": "frown"}, {"group": 2, "id": "frond"}, {"group": 1, "id": "frontal"}, {"group": 5, "id": "freezing"}, {"group": 4, "id": "frowning", "degree": 6}, {"group": 1, "id": "framework"}, {"group": 5, "id": "frigid", "degree": 31}, {"group": 1, "id": "front", "degree": 42}, {"group": 7, "id": "fretting", "degree": 18}, {"group": 7, "id": "frightening", "degree": 3}, {"group": 8, "id": "fryer"}, {"group": 1, "id": "frontage", "degree": 17}, {"group": 4, "id": "frayed", "degree": 10}, {"group": 5, "id": "frustrated", "degree": 5}, {"group": 3, "id": "fragile"}, {"group": 9, "id": "frantically", "degree": 0}, {"group": 2, "id": "friar"}, {"group": 10, "id": "friendship"}, {"group": 0, "id": "fritter"}, {"group": 2, "id": "fragrant", "degree": 3}, {"group": 1, "id": "frame"}, {"group": 0, "id": "fragility"}, {"group": 5, "id": "frosted"}, {"group": 0, "id": "freeze", "degree": 30}, {"group": 3, "id": "frequency"}, {"group": 11, "id": "frankfurter", "degree": 1}, {"group": 3, "id": "freehand"}, {"group": 12, "id": "fraught"}, {"group": 1, "id": "frontier", "degree": 15}, {"group": 10, "id": "frankness", "degree": 5}, {"group": 12, "id": "fretted", "degree": 2}, {"group": 11, "id": "freed", "degree": 9}, {"group": 12, "id": "fricassee"}, {"group": 3, "id": "franc", "degree": 2}, {"group": 3, "id": "froufrou", "degree": 8}, {"group": 11, "id": "frank", "degree": 31}, {"group": 11, "id": "free", "degree": 25}, {"group": 11, "id": "freeborn"}, {"group": 7, "id": "fretfulness"}, {"group": 10, "id": "franchise"}, {"group": 2, "id": "freeloader", "degree": 9}, {"group": 2, "id": "frosting", "degree": 7}, {"group": 0, "id": "fret"}, {"group": 6, "id": "frolicsome"}, {"group": 10, "id": "freedom", "degree": 10}, {"group": 1, "id": "fringe", "degree": 23}, {"group": 7, "id": "frightful", "degree": 8}, {"group": 2, "id": "fraternity"}, {"group": 12, "id": "frizzle", "degree": 14}, {"group": 6, "id": "frequent", "degree": 7}, {"group": 3, "id": "fractious"}, {"group": 10, "id": "freeing", "degree": 14}, {"group": 4, "id": "frumpish"}, {"group": 3, "id": "freakish", "degree": 18}, {"group": 5, "id": "fro"}, {"group": 0, "id": "fretwork", "degree": 14}, {"group": 0, "id": "frontiersman", "degree": 3}, {"group": 1, "id": "freemasonry"}, {"group": 5, "id": "frosty", "degree": 22}, {"group": 13, "id": "frenetic"}, {"group": 7, "id": "frightened"}, {"group": 0, "id": "frazzle"}, {"group": 8, "id": "frogman", "degree": 3}, {"group": 4, "id": "frazzled"}, {"group": 0, "id": "fright"}, {"group": 1, "id": "fructify"}, {"group": 3, "id": "frill", "degree": 23}, {"group": 8, "id": "frog", "degree": 2}, {"group": 11, "id": "freebie", "degree": 7}, {"group": 0, "id": "frustration", "degree": 10}, {"group": 12, "id": "fry", "degree": 28}, {"group": 14, "id": "fratricide", "degree": 0}, {"group": 6, "id": "friend"}, {"group": 2, "id": "frith", "degree": 6}, {"group": 0, "id": "fractionate", "degree": 7}, {"group": 10, "id": "frisk"}, {"group": 0, "id": "frost", "degree": 22}, {"group": 0, "id": "freehold"}, {"group": 4, "id": "frump", "degree": 3}, {"group": 0, "id": "frenzy"}, {"group": 15, "id": "freethinking", "degree": 2}, {"group": 4, "id": "frowsty", "degree": 8}, {"group": 7, "id": "fretful"}, {"group": 15, "id": "freewheeling"}, {"group": 1, "id": "fraud"}, {"group": 1, "id": "frock", "degree": 5}, {"group": 11, "id": "frankly"}, {"group": 5, "id": "frozen"}, {"group": 3, "id": "frugal", "degree": 12}, {"group": 8, "id": "froggy", "degree": 1}, {"group": 11, "id": "freely", "degree": 3}, {"group": 12, "id": "fried", "degree": 8}, {"group": 15, "id": "freethinker", "degree": 5}, {"group": 2, "id": "fruity", "degree": 14}, {"group": 2, "id": "fraternization"}, {"group": 4, "id": "frowzy", "degree": 16}, {"group": 3, "id": "freak"}, {"group": 0, "id": "froth"}, {"group": 0, "id": "frighten", "degree": 7}, {"group": 10, "id": "frivolity"}, {"group": 13, "id": "frantic", "degree": 15}, {"group": 6, "id": "fructuous", "degree": 2}, {"group": 0, "id": "freshen", "degree": 26}, {"group": 0, "id": "fragrance"}, {"group": 6, "id": "fraternal", "degree": 7}, {"group": 13, "id": "frenzied"}, {"group": 0, "id": "freckle"}, {"group": 3, "id": "frothy", "degree": 12}, {"group": 3, "id": "fribble"}, {"group": 2, "id": "fruitlike"}, {"group": 10, "id": "fruition"}, {"group": 2, "id": "frequenter"}, {"group": 12, "id": "freighted"}, {"group": 0, "id": "fragment"}, {"group": 6, "id": "frictionless"}, {"group": 0, "id": "fracture", "degree": 21}, {"group": 3, "id": "frail", "degree": 29}, {"group": 2, "id": "freighter", "degree": 3}, {"group": 10, "id": "frolic", "degree": 11}, {"group": 3, "id": "frivolous", "degree": 13}, {"group": 2, "id": "fruitarian", "degree": 3}, {"group": 3, "id": "fruitless"}, {"group": 3, "id": "frilly", "degree": 10}, {"group": 2, "id": "freeboot", "degree": 3}, {"group": 3, "id": "frippery", "degree": 18}, {"group": 1, "id": "fresco", "degree": 10}, {"group": 0, "id": "frustrate"}, {"group": 1, "id": "fruit", "degree": 17}, {"group": 0, "id": "fracas", "degree": 21}, {"group": 8, "id": "freshman", "degree": 2}, {"group": 3, "id": "frangible"}, {"group": 0, "id": "fray"}, {"group": 0, "id": "fraudulence"}, {"group": 11, "id": "frightfully", "degree": 3}, {"group": 2, "id": "freeway", "degree": 4}, {"group": 1, "id": "fraction"}, {"group": 4, "id": "fraudulent"}, {"group": 1, "id": "frontispiece"}, {"group": 11, "id": "fresh"}], "links": [{"source": 0, "target": 60, "weight": 0.010417}, {"source": 0, "target": 51, "weight": 0.01049}, {"source": 1, "target": 22, "weight": 0.00625}, {"source": 1, "target": 113, "weight": 0.011905}, {"source": 1, "target": 91, "weight": 0.028846}, {"source": 1, "target": 84, "weight": 0.010204}, {"source": 1, "target": 143, "weight": 0.031496}, {"source": 2, "target": 136, "weight": 0.009009}, {"source": 2, "target": 121, "weight": 0.041667}, {"source": 2, "target": 111, "weight": 0.012048}, {"source": 2, "target": 84, "weight": 0.010753}, {"source": 2, "target": 79, "weight": 0.036145}, {"source": 2, "target": 36, "weight": 0.283019}, {"source": 2, "target": 114, "weight": 0.010638}, {"source": 2, "target": 130, "weight": 0.034884}, {"source": 2, "target": 131, "weight": 0.010582}, {"source": 2, "target": 22, "weight": 0.003165}, {"source": 2, "target": 57, "weight": 0.008547}, {"source": 2, "target": 146, "weight": 0.013245}, {"source": 2, "target": 76, "weight": 0.013158}, {"source": 3, "target": 26, "weight": 0.005814}, {"source": 3, "target": 138, "weight": 0.00625}, {"source": 3, "target": 50, "weight": 0.015267}, {"source": 3, "target": 51, "weight": 0.00241}, {"source": 3, "target": 38, "weight": 0.004132}, {"source": 3, "target": 103, "weight": 0.004762}, {"source": 3, "target": 142, "weight": 0.00885}, {"source": 3, "target": 143, "weight": 0.004717}, {"source": 3, "target": 22, "weight": 0.007481}, {"source": 3, "target": 132, "weight": 0.124183}, {"source": 3, "target": 56, "weight": 0.006369}, {"source": 3, "target": 106, "weight": 0.005848}, {"source": 3, "target": 117, "weight": 0.005025}, {"source": 4, "target": 91, "weight": 0.163934}, {"source": 4, "target": 38, "weight": 0.086957}, {"source": 4, "target": 61, "weight": 0.015873}, {"source": 4, "target": 21, "weight": 0.007576}, {"source": 4, "target": 130, "weight": 0.013793}, {"source": 4, "target": 117, "weight": 0.025}, {"source": 4, "target": 24, "weight": 0.026316}, {"source": 4, "target": 73, "weight": 0.008621}, {"source": 5, "target": 7, "weight": 0.019608}, {"source": 5, "target": 63, "weight": 0.020408}, {"source": 5, "target": 81, "weight": 0.02439}, {"source": 5, "target": 73, "weight": 0.009174}, {"source": 5, "target": 122, "weight": 0.013158}, {"source": 5, "target": 131, "weight": 0.085106}, {"source": 5, "target": 134, "weight": 0.008929}, {"source": 5, "target": 21, "weight": 0.008}, {"source": 6, "target": 27, "weight": 0.029412}, {"source": 6, "target": 108, "weight": 0.013889}, {"source": 6, "target": 68, "weight": 0.007813}, {"source": 7, "target": 136, "weight": 0.010309}, {"source": 7, "target": 120, "weight": 0.010101}, {"source": 7, "target": 29, "weight": 0.009524}, {"source": 7, "target": 51, "weight": 0.016129}, {"source": 7, "target": 52, "weight": 0.02}, {"source": 7, "target": 115, "weight": 0.009615}, {"source": 7, "target": 73, "weight": 0.030769}, {"source": 7, "target": 131, "weight": 0.005682}, {"source": 7, "target": 145, "weight": 0.015625}, {"source": 7, "target": 46, "weight": 0.018868}, {"source": 7, "target": 21, "weight": 0.027397}, {"source": 8, "target": 68, "weight": 0.006993}, {"source": 9, "target": 58, "weight": 0.4}, {"source": 9, "target": 137, "weight": 0.012195}, {"source": 9, "target": 122, "weight": 0.019417}, {"source": 9, "target": 68, "weight": 0.006667}, {"source": 9, "target": 18, "weight": 0.020202}, {"source": 9, "target": 51, "weight": 0.003145}, {"source": 9, "target": 12, "weight": 0.014925}, {"source": 9, "target": 21, "weight": 0.013158}, {"source": 9, "target": 90, "weight": 0.009615}, {"source": 9, "target": 153, "weight": 0.019608}, {"source": 9, "target": 133, "weight": 0.011364}, {"source": 9, "target": 13, "weight": 0.008621}, {"source": 10, "target": 27, "weight": 0.05}, {"source": 10, "target": 110, "weight": 0.050633}, {"source": 10, "target": 93, "weight": 0.047619}, {"source": 10, "target": 96, "weight": 0.066667}, {"source": 11, "target": 103, "weight": 0.053763}, {"source": 11, "target": 44, "weight": 0.018519}, {"source": 11, "target": 21, "weight": 0.007299}, {"source": 12, "target": 58, "weight": 0.021739}, {"source": 12, "target": 137, "weight": 0.030769}, {"source": 12, "target": 51, "weight": 0.006645}, {"source": 12, "target": 108, "weight": 0.012821}, {"source": 12, "target": 116, "weight": 0.035714}, {"source": 12, "target": 13, "weight": 0.01}, {"source": 13, "target": 58, "weight": 0.010526}, {"source": 13, "target": 137, "weight": 0.008696}, {"source": 13, "target": 119, "weight": 0.224719}, {"source": 13, "target": 116, "weight": 0.019048}, {"source": 13, "target": 50, "weight": 0.041237}, {"source": 13, "target": 35, "weight": 0.002933}, {"source": 13, "target": 51, "weight": 0.026239}, {"source": 13, "target": 103, "weight": 0.006849}, {"source": 13, "target": 94, "weight": 0.004878}, {"source": 13, "target": 64, "weight": 0.009434}, {"source": 13, "target": 95, "weight": 0.011628}, {"source": 13, "target": 130, "weight": 0.005}, {"source": 13, "target": 22, "weight": 0.008902}, {"source": 13, "target": 153, "weight": 0.003425}, {"source": 13, "target": 107, "weight": 0.011765}, {"source": 13, "target": 87, "weight": 0.021505}, {"source": 13, "target": 129, "weight": 0.070588}, {"source": 14, "target": 110, "weight": 0.010417}, {"source": 14, "target": 68, "weight": 0.015748}, {"source": 14, "target": 131, "weight": 0.006329}, {"source": 14, "target": 51, "weight": 0.003378}, {"source": 14, "target": 19, "weight": 0.020408}, {"source": 14, "target": 96, "weight": 0.016393}, {"source": 14, "target": 23, "weight": 0.012048}, {"source": 15, "target": 139, "weight": 0.010638}, {"source": 15, "target": 100, "weight": 0.02381}, {"source": 15, "target": 143, "weight": 0.01}, {"source": 15, "target": 91, "weight": 0.013158}, {"source": 15, "target": 140, "weight": 0.009901}, {"source": 15, "target": 38, "weight": 0.007692}, {"source": 15, "target": 130, "weight": 0.006579}, {"source": 15, "target": 22, "weight": 0.006897}, {"source": 15, "target": 85, "weight": 0.009524}, {"source": 16, "target": 55, "weight": 0.019608}, {"source": 16, "target": 142, "weight": 0.008475}, {"source": 16, "target": 89, "weight": 0.018868}, {"source": 16, "target": 60, "weight": 0.008772}, {"source": 17, "target": 26, "weight": 0.408163}, {"source": 17, "target": 60, "weight": 0.043478}, {"source": 17, "target": 43, "weight": 0.197917}, {"source": 17, "target": 91, "weight": 0.011905}, {"source": 17, "target": 140, "weight": 0.028037}, {"source": 17, "target": 22, "weight": 0.075269}, {"source": 18, "target": 50, "weight": 0.01087}, {"source": 18, "target": 91, "weight": 0.009259}, {"source": 18, "target": 81, "weight": 0.015748}, {"source": 18, "target": 38, "weight": 0.006173}, {"source": 18, "target": 61, "weight": 0.009901}, {"source": 18, "target": 73, "weight": 0.068966}, {"source": 18, "target": 24, "weight": 0.013158}, {"source": 18, "target": 131, "weight": 0.010204}, {"source": 18, "target": 117, "weight": 0.008403}, {"source": 18, "target": 28, "weight": 0.02439}, {"source": 18, "target": 21, "weight": 0.285714}, {"source": 19, "target": 68, "weight": 0.007246}, {"source": 19, "target": 50, "weight": 0.00641}, {"source": 19, "target": 103, "weight": 0.009901}, {"source": 19, "target": 151, "weight": 0.012048}, {"source": 19, "target": 65, "weight": 0.007353}, {"source": 20, "target": 26, "weight": 0.012987}, {"source": 20, "target": 70, "weight": 0.012821}, {"source": 20, "target": 60, "weight": 0.040323}, {"source": 20, "target": 81, "weight": 0.00885}, {"source": 20, "target": 38, "weight": 0.006803}, {"source": 20, "target": 149, "weight": 0.013158}, {"source": 20, "target": 122, "weight": 0.009434}, {"source": 20, "target": 131, "weight": 0.005495}, {"source": 20, "target": 22, "weight": 0.016447}, {"source": 20, "target": 134, "weight": 0.007042}, {"source": 21, "target": 136, "weight": 0.005848}, {"source": 21, "target": 69, "weight": 0.008475}, {"source": 21, "target": 37, "weight": 0.268657}, {"source": 21, "target": 38, "weight": 0.014085}, {"source": 21, "target": 73, "weight": 0.529412}, {"source": 21, "target": 117, "weight": 0.011696}, {"source": 21, "target": 43, "weight": 0.005236}, {"source": 21, "target": 81, "weight": 0.005525}, {"source": 21, "target": 131, "weight": 0.004}, {"source": 21, "target": 28, "weight": 0.053846}, {"source": 21, "target": 46, "weight": 0.007874}, {"source": 21, "target": 128, "weight": 0.004255}, {"source": 21, "target": 50, "weight": 0.021368}, {"source": 21, "target": 91, "weight": 0.006211}, {"source": 21, "target": 51, "weight": 0.005168}, {"source": 21, "target": 52, "weight": 0.008065}, {"source": 21, "target": 145, "weight": 0.007246}, {"source": 21, "target": 98, "weight": 0.008475}, {"source": 21, "target": 99, "weight": 0.004651}, {"source": 21, "target": 102, "weight": 0.213115}, {"source": 21, "target": 29, "weight": 0.005587}, {"source": 21, "target": 61, "weight": 0.006494}, {"source": 21, "target": 103, "weight": 0.010989}, {"source": 21, "target": 151, "weight": 0.006061}, {"source": 21, "target": 153, "weight": 0.021672}, {"source": 21, "target": 107, "weight": 0.008197}, {"source": 22, "target": 76, "weight": 0.002732}, {"source": 22, "target": 110, "weight": 0.00885}, {"source": 22, "target": 111, "weight": 0.002632}, {"source": 22, "target": 112, "weight": 0.005731}, {"source": 22, "target": 125, "weight": 0.00339}, {"source": 22, "target": 69, "weight": 0.00369}, {"source": 22, "target": 35, "weight": 0.011407}, {"source": 22, "target": 70, "weight": 0.003344}, {"source": 22, "target": 71, "weight": 0.010204}, {"source": 22, "target": 38, "weight": 0.00545}, {"source": 22, "target": 54, "weight": 0.003195}, {"source": 22, "target": 39, "weight": 0.006826}, {"source": 22, "target": 73, "weight": 0.002778}, {"source": 22, "target": 117, "weight": 0.003077}, {"source": 22, "target": 139, "weight": 0.003012}, {"source": 22, "target": 122, "weight": 0.006135}, {"source": 22, "target": 78, "weight": 0.0033}, {"source": 22, "target": 123, "weight": 0.002747}, {"source": 22, "target": 42, "weight": 0.003597}, {"source": 22, "target": 43, "weight": 0.048632}, {"source": 22, "target": 81, "weight": 0.002994}, {"source": 22, "target": 37, "weight": 0.006231}, {"source": 22, "target": 103, "weight": 0.00597}, {"source": 22, "target": 130, "weight": 0.007732}, {"source": 22, "target": 131, "weight": 0.004975}, {"source": 22, "target": 85, "weight": 0.002915}, {"source": 22, "target": 133, "weight": 0.003215}, {"source": 22, "target": 134, "weight": 0.002755}, {"source": 22, "target": 109, "weight": 0.003311}, {"source": 22, "target": 137, "weight": 0.003279}, {"source": 22, "target": 150, "weight": 0.006734}, {"source": 22, "target": 121, "weight": 0.002584}, {"source": 22, "target": 49, "weight": 0.003559}, {"source": 22, "target": 50, "weight": 0.01292}, {"source": 22, "target": 29, "weight": 0.006042}, {"source": 22, "target": 91, "weight": 0.00639}, {"source": 22, "target": 140, "weight": 0.02719}, {"source": 22, "target": 92, "weight": 0.003289}, {"source": 22, "target": 51, "weight": 0.007435}, {"source": 22, "target": 141, "weight": 0.014793}, {"source": 22, "target": 142, "weight": 0.005682}, {"source": 22, "target": 94, "weight": 0.005076}, {"source": 22, "target": 143, "weight": 0.002959}, {"source": 22, "target": 96, "weight": 0.009868}, {"source": 22, "target": 145, "weight": 0.003436}, {"source": 22, "target": 146, "weight": 0.00274}, {"source": 22, "target": 57, "weight": 0.008897}, {"source": 22, "target": 26, "weight": 0.041812}, {"source": 22, "target": 99, "weight": 0.125}, {"source": 22, "target": 100, "weight": 0.003571}, {"source": 22, "target": 60, "weight": 0.076923}, {"source": 22, "target": 72, "weight": 0.003401}, {"source": 22, "target": 149, "weight": 0.003367}, {"source": 22, "target": 114, "weight": 0.003257}, {"source": 22, "target": 151, "weight": 0.003145}, {"source": 22, "target": 152, "weight": 0.041958}, {"source": 22, "target": 62, "weight": 0.006231}, {"source": 22, "target": 153, "weight": 0.01046}, {"source": 22, "target": 106, "weight": 0.003367}, {"source": 22, "target": 147, "weight": 0.007117}, {"source": 22, "target": 116, "weight": 0.003378}, {"source": 23, "target": 112, "weight": 0.006711}, {"source": 23, "target": 68, "weight": 0.011696}, {"source": 23, "target": 70, "weight": 0.010204}, {"source": 23, "target": 115, "weight": 0.007692}, {"source": 23, "target": 75, "weight": 0.0375}, {"source": 23, "target": 76, "weight": 0.044025}, {"source": 23, "target": 121, "weight": 0.005376}, {"source": 23, "target": 130, "weight": 0.027027}, {"source": 23, "target": 131, "weight": 0.00495}, {"source": 23, "target": 85, "weight": 0.014184}, {"source": 23, "target": 47, "weight": 0.010204}, {"source": 23, "target": 53, "weight": 0.136364}, {"source": 23, "target": 94, "weight": 0.010363}, {"source": 23, "target": 65, "weight": 0.011834}, {"source": 23, "target": 97, "weight": 0.134021}, {"source": 23, "target": 24, "weight": 0.012346}, {"source": 23, "target": 146, "weight": 0.044304}, {"source": 23, "target": 57, "weight": 0.036827}, {"source": 23, "target": 29, "weight": 0.007634}, {"source": 23, "target": 61, "weight": 0.009434}, {"source": 23, "target": 63, "weight": 0.010101}, {"source": 24, "target": 61, "weight": 0.297872}, {"source": 24, "target": 75, "weight": 0.057143}, {"source": 25, "target": 144, "weight": 0.038961}, {"source": 25, "target": 91, "weight": 0.010638}, {"source": 25, "target": 142, "weight": 0.007519}, {"source": 25, "target": 82, "weight": 0.031746}, {"source": 26, "target": 91, "weight": 0.012048}, {"source": 26, "target": 99, "weight": 0.022222}, {"source": 26, "target": 111, "weight": 0.006711}, {"source": 26, "target": 112, "weight": 0.008403}, {"source": 26, "target": 43, "weight": 0.2}, {"source": 26, "target": 35, "weight": 0.013468}, {"source": 26, "target": 60, "weight": 0.04386}, {"source": 26, "target": 125, "weight": 0.015625}, {"source": 26, "target": 142, "weight": 0.008197}, {"source": 26, "target": 152, "weight": 0.395833}, {"source": 26, "target": 140, "weight": 0.009259}, {"source": 26, "target": 117, "weight": 0.010638}, {"source": 26, "target": 57, "weight": 0.002985}, {"source": 27, "target": 99, "weight": 0.008475}, {"source": 27, "target": 78, "weight": 0.35}, {"source": 27, "target": 67, "weight": 0.181818}, {"source": 27, "target": 29, "weight": 0.012195}, {"source": 27, "target": 103, "weight": 0.023529}, {"source": 27, "target": 110, "weight": 0.082353}, {"source": 27, "target": 131, "weight": 0.006536}, {"source": 27, "target": 145, "weight": 0.02439}, {"source": 28, "target": 136, "weight": 0.011905}, {"source": 28, "target": 110, "weight": 0.02}, {"source": 28, "target": 102, "weight": 0.015038}, {"source": 28, "target": 37, "weight": 0.024691}, {"source": 28, "target": 96, "weight": 0.030769}, {"source": 28, "target": 107, "weight": 0.028571}, {"source": 28, "target": 98, "weight": 0.032258}, {"source": 28, "target": 73, "weight": 0.016807}, {"source": 29, "target": 68, "weight": 0.05988}, {"source": 29, "target": 81, "weight": 0.007299}, {"source": 29, "target": 51, "weight": 0.002907}, {"source": 29, "target": 103, "weight": 0.021898}, {"source": 29, "target": 110, "weight": 0.006944}, {"source": 29, "target": 73, "weight": 0.006135}, {"source": 29, "target": 122, "weight": 0.039683}, {"source": 29, "target": 131, "weight": 0.478571}, {"source": 29, "target": 134, "weight": 0.030864}, {"source": 31, "target": 55, "weight": 0.032258}, {"source": 31, "target": 103, "weight": 0.012346}, {"source": 31, "target": 135, "weight": 0.04}, {"source": 31, "target": 50, "weight": 0.007353}, {"source": 32, "target": 44, "weight": 0.026316}, {"source": 33, "target": 117, "weight": 0.015385}, {"source": 33, "target": 84, "weight": 0.021739}, {"source": 34, "target": 110, "weight": 0.033708}, {"source": 34, "target": 137, "weight": 0.018182}, {"source": 34, "target": 124, "weight": 0.038462}, {"source": 34, "target": 96, "weight": 0.055556}, {"source": 34, "target": 153, "weight": 0.00431}, {"source": 34, "target": 56, "weight": 0.030303}, {"source": 34, "target": 108, "weight": 0.214286}, {"source": 35, "target": 91, "weight": 0.003165}, {"source": 35, "target": 60, "weight": 0.1}, {"source": 35, "target": 100, "weight": 0.010714}, {"source": 35, "target": 140, "weight": 0.00885}, {"source": 35, "target": 117, "weight": 0.006135}, {"source": 35, "target": 70, "weight": 0.016835}, {"source": 35, "target": 50, "weight": 0.005102}, {"source": 35, "target": 59, "weight": 0.003165}, {"source": 35, "target": 81, "weight": 0.01506}, {"source": 35, "target": 43, "weight": 0.01462}, {"source": 35, "target": 38, "weight": 0.008152}, {"source": 35, "target": 137, "weight": 0.003257}, {"source": 35, "target": 142, "weight": 0.028902}, {"source": 35, "target": 130, "weight": 0.002551}, {"source": 35, "target": 63, "weight": 0.006645}, {"source": 35, "target": 132, "weight": 0.003344}, {"source": 35, "target": 85, "weight": 0.011696}, {"source": 35, "target": 119, "weight": 0.003333}, {"source": 36, "target": 131, "weight": 0.006494}, {"source": 37, "target": 50, "weight": 0.016484}, {"source": 37, "target": 91, "weight": 0.038462}, {"source": 37, "target": 51, "weight": 0.002994}, {"source": 37, "target": 38, "weight": 0.025316}, {"source": 37, "target": 113, "weight": 0.011765}, {"source": 37, "target": 117, "weight": 0.017094}, {"source": 37, "target": 73, "weight": 0.439252}, {"source": 38, "target": 136, "weight": 0.006135}, {"source": 38, "target": 79, "weight": 0.022222}, {"source": 38, "target": 113, "weight": 0.064516}, {"source": 38, "target": 73, "weight": 0.015228}, {"source": 38, "target": 117, "weight": 0.024845}, {"source": 38, "target": 76, "weight": 0.019802}, {"source": 38, "target": 139, "weight": 0.005848}, {"source": 38, "target": 123, "weight": 0.004926}, {"source": 38, "target": 118, "weight": 0.008065}, {"source": 38, "target": 131, "weight": 0.004132}, {"source": 38, "target": 85, "weight": 0.005495}, {"source": 38, "target": 88, "weight": 0.007813}, {"source": 38, "target": 89, "weight": 0.032258}, {"source": 38, "target": 121, "weight": 0.008889}, {"source": 38, "target": 128, "weight": 0.00885}, {"source": 38, "target": 50, "weight": 0.013158}, {"source": 38, "target": 91, "weight": 0.092199}, {"source": 38, "target": 92, "weight": 0.006993}, {"source": 38, "target": 51, "weight": 0.002632}, {"source": 38, "target": 141, "weight": 0.028249}, {"source": 38, "target": 84, "weight": 0.013889}, {"source": 38, "target": 94, "weight": 0.008584}, {"source": 38, "target": 143, "weight": 0.00565}, {"source": 38, "target": 56, "weight": 0.008197}, {"source": 38, "target": 146, "weight": 0.0199}, {"source": 38, "target": 57, "weight": 0.027848}, {"source": 38, "target": 102, "weight": 0.023923}, {"source": 38, "target": 59, "weight": 0.013158}, {"source": 38, "target": 60, "weight": 0.005319}, {"source": 38, "target": 130, "weight": 0.022222}, {"source": 38, "target": 153, "weight": 0.003115}, {"source": 39, "target": 68, "weight": 0.007246}, {"source": 39, "target": 91, "weight": 0.012658}, {"source": 39, "target": 140, "weight": 0.009615}, {"source": 39, "target": 122, "weight": 0.01087}, {"source": 39, "target": 131, "weight": 0.005952}, {"source": 39, "target": 134, "weight": 0.007813}, {"source": 40, "target": 50, "weight": 0.054688}, {"source": 40, "target": 51, "weight": 0.003521}, {"source": 41, "target": 137, "weight": 0.021739}, {"source": 42, "target": 106, "weight": 0.021739}, {"source": 42, "target": 73, "weight": 0.009174}, {"source": 43, "target": 111, "weight": 0.005128}, {"source": 43, "target": 112, "weight": 0.006061}, {"source": 43, "target": 68, "weight": 0.005319}, {"source": 43, "target": 70, "weight": 0.008772}, {"source": 43, "target": 73, "weight": 0.005714}, {"source": 43, "target": 121, "weight": 0.015}, {"source": 43, "target": 81, "weight": 0.006711}, {"source": 43, "target": 130, "weight": 0.004878}, {"source": 43, "target": 128, "weight": 0.004926}, {"source": 43, "target": 91, "weight": 0.007752}, {"source": 43, "target": 140, "weight": 0.006494}, {"source": 43, "target": 97, "weight": 0.008}, {"source": 43, "target": 146, "weight": 0.005556}, {"source": 43, "target": 57, "weight": 0.002625}, {"source": 43, "target": 99, "weight": 0.010989}, {"source": 43, "target": 60, "weight": 0.057692}, {"source": 43, "target": 152, "weight": 0.202128}, {"source": 43, "target": 153, "weight": 0.003367}, {"source": 44, "target": 139, "weight": 0.021053}, {"source": 44, "target": 59, "weight": 0.161765}, {"source": 44, "target": 81, "weight": 0.020619}, {"source": 44, "target": 54, "weight": 0.012987}, {"source": 45, "target": 106, "weight": 0.019231}, {"source": 45, "target": 57, "weight": 0.003115}, {"source": 46, "target": 51, "weight": 0.053957}, {"source": 46, "target": 110, "weight": 0.01087}, {"source": 46, "target": 67, "weight": 0.019231}, {"source": 46, "target": 50, "weight": 0.007042}, {"source": 46, "target": 52, "weight": 0.705882}, {"source": 46, "target": 73, "weight": 0.009009}, {"source": 46, "target": 105, "weight": 0.034483}, {"source": 46, "target": 153, "weight": 0.004292}, {"source": 46, "target": 83, "weight": 0.041667}, {"source": 47, "target": 89, "weight": 0.017241}, {"source": 47, "target": 91, "weight": 0.011905}, {"source": 47, "target": 143, "weight": 0.009259}, {"source": 47, "target": 63, "weight": 0.775}, {"source": 47, "target": 85, "weight": 0.373494}, {"source": 47, "target": 106, "weight": 0.014925}, {"source": 47, "target": 117, "weight": 0.010526}, {"source": 48, "target": 128, "weight": 0.007634}, {"source": 48, "target": 139, "weight": 0.027027}, {"source": 48, "target": 123, "weight": 0.018868}, {"source": 49, "target": 139, "weight": 0.214286}, {"source": 49, "target": 99, "weight": 0.043103}, {"source": 49, "target": 112, "weight": 0.009804}, {"source": 49, "target": 123, "weight": 0.017391}, {"source": 49, "target": 81, "weight": 0.048193}, {"source": 49, "target": 114, "weight": 0.016949}, {"source": 49, "target": 94, "weight": 0.013699}, {"source": 49, "target": 143, "weight": 0.022472}, {"source": 49, "target": 57, "weight": 0.006309}, {"source": 50, "target": 110, "weight": 0.004926}, {"source": 50, "target": 79, "weight": 0.00625}, {"source": 50, "target": 68, "weight": 0.004255}, {"source": 50, "target": 70, "weight": 0.006211}, {"source": 50, "target": 73, "weight": 0.013636}, {"source": 50, "target": 119, "weight": 0.00625}, {"source": 50, "target": 121, "weight": 0.004016}, {"source": 50, "target": 122, "weight": 0.005291}, {"source": 50, "target": 123, "weight": 0.004425}, {"source": 50, "target": 83, "weight": 0.007407}, {"source": 50, "target": 130, "weight": 0.003968}, {"source": 50, "target": 131, "weight": 0.003774}, {"source": 50, "target": 132, "weight": 0.006289}, {"source": 50, "target": 134, "weight": 0.004444}, {"source": 50, "target": 135, "weight": 0.007042}, {"source": 50, "target": 136, "weight": 0.005376}, {"source": 50, "target": 84, "weight": 0.005952}, {"source": 50, "target": 51, "weight": 0.131653}, {"source": 50, "target": 52, "weight": 0.007194}, {"source": 50, "target": 96, "weight": 0.005952}, {"source": 50, "target": 57, "weight": 0.004684}, {"source": 50, "target": 99, "weight": 0.004348}, {"source": 50, "target": 102, "weight": 0.017167}, {"source": 50, "target": 105, "weight": 0.007143}, {"source": 50, "target": 103, "weight": 0.031088}, {"source": 50, "target": 153, "weight": 0.02071}, {"source": 50, "target": 64, "weight": 0.006329}, {"source": 51, "target": 66, "weight": 0.022222}, {"source": 51, "target": 110, "weight": 0.011429}, {"source": 51, "target": 67, "weight": 0.012903}, {"source": 51, "target": 68, "weight": 0.013123}, {"source": 51, "target": 54, "weight": 0.009288}, {"source": 51, "target": 115, "weight": 0.005848}, {"source": 51, "target": 73, "weight": 0.005391}, {"source": 51, "target": 117, "weight": 0.005952}, {"source": 51, "target": 74, "weight": 0.003268}, {"source": 51, "target": 119, "weight": 0.006472}, {"source": 51, "target": 122, "weight": 0.011905}, {"source": 51, "target": 123, "weight": 0.005333}, {"source": 51, "target": 152, "weight": 0.003236}, {"source": 51, "target": 125, "weight": 0.006536}, {"source": 51, "target": 83, "weight": 0.021429}, {"source": 51, "target": 130, "weight": 0.002488}, {"source": 51, "target": 131, "weight": 0.00241}, {"source": 51, "target": 134, "weight": 0.005348}, {"source": 51, "target": 136, "weight": 0.00597}, {"source": 51, "target": 137, "weight": 0.009524}, {"source": 51, "target": 120, "weight": 0.005935}, {"source": 51, "target": 128, "weight": 0.010076}, {"source": 51, "target": 140, "weight": 0.002849}, {"source": 51, "target": 141, "weight": 0.002825}, {"source": 51, "target": 142, "weight": 0.00274}, {"source": 51, "target": 95, "weight": 0.003472}, {"source": 51, "target": 52, "weight": 0.043165}, {"source": 51, "target": 98, "weight": 0.007092}, {"source": 51, "target": 99, "weight": 0.002632}, {"source": 51, "target": 58, "weight": 0.003367}, {"source": 51, "target": 102, "weight": 0.013089}, {"source": 51, "target": 59, "weight": 0.009259}, {"source": 51, "target": 103, "weight": 0.002874}, {"source": 51, "target": 105, "weight": 0.003448}, {"source": 51, "target": 153, "weight": 0.010204}, {"source": 51, "target": 107, "weight": 0.006993}, {"source": 51, "target": 65, "weight": 0.002611}, {"source": 52, "target": 110, "weight": 0.011236}, {"source": 52, "target": 105, "weight": 0.038462}, {"source": 52, "target": 83, "weight": 0.047619}, {"source": 52, "target": 73, "weight": 0.009259}, {"source": 53, "target": 85, "weight": 0.022727}, {"source": 53, "target": 63, "weight": 0.021739}, {"source": 54, "target": 66, "weight": 0.021739}, {"source": 54, "target": 59, "weight": 0.151163}, {"source": 54, "target": 140, "weight": 0.00813}, {"source": 55, "target": 112, "weight": 0.018868}, {"source": 55, "target": 128, "weight": 0.006897}, {"source": 55, "target": 126, "weight": 0.16129}, {"source": 55, "target": 62, "weight": 0.012658}, {"source": 55, "target": 85, "weight": 0.01}, {"source": 55, "target": 57, "weight": 0.003096}, {"source": 55, "target": 109, "weight": 0.016949}, {"source": 55, "target": 76, "weight": 0.00813}, {"source": 56, "target": 112, "weight": 0.019417}, {"source": 56, "target": 140, "weight": 0.021739}, {"source": 56, "target": 153, "weight": 0.004237}, {"source": 56, "target": 108, "weight": 0.014085}, {"source": 57, "target": 66, "weight": 0.00289}, {"source": 57, "target": 113, "weight": 0.01227}, {"source": 57, "target": 70, "weight": 0.112211}, {"source": 57, "target": 117, "weight": 0.011142}, {"source": 57, "target": 139, "weight": 0.005435}, {"source": 57, "target": 81, "weight": 0.00813}, {"source": 57, "target": 130, "weight": 0.126316}, {"source": 57, "target": 131, "weight": 0.002273}, {"source": 57, "target": 85, "weight": 0.026954}, {"source": 57, "target": 89, "weight": 0.006173}, {"source": 57, "target": 84, "weight": 0.008798}, {"source": 57, "target": 91, "weight": 0.02029}, {"source": 57, "target": 140, "weight": 0.00266}, {"source": 57, "target": 142, "weight": 0.002564}, {"source": 57, "target": 143, "weight": 0.027322}, {"source": 57, "target": 60, "weight": 0.005195}, {"source": 57, "target": 149, "weight": 0.002994}, {"source": 57, "target": 63, "weight": 0.008955}, {"source": 57, "target": 64, "weight": 0.006024}, {"source": 58, "target": 137, "weight": 0.016393}, {"source": 58, "target": 122, "weight": 0.012048}, {"source": 58, "target": 133, "weight": 0.014925}, {"source": 59, "target": 66, "weight": 0.010638}, {"source": 59, "target": 123, "weight": 0.006711}, {"source": 59, "target": 60, "weight": 0.007463}, {"source": 59, "target": 125, "weight": 0.0125}, {"source": 59, "target": 149, "weight": 0.012195}, {"source": 59, "target": 114, "weight": 0.01087}, {"source": 59, "target": 116, "weight": 0.012346}, {"source": 59, "target": 90, "weight": 0.008929}, {"source": 59, "target": 133, "weight": 0.010417}, {"source": 60, "target": 76, "weight": 0.005376}, {"source": 60, "target": 139, "weight": 0.006579}, {"source": 60, "target": 122, "weight": 0.006803}, {"source": 60, "target": 81, "weight": 0.091549}, {"source": 60, "target": 130, "weight": 0.004762}, {"source": 60, "target": 133, "weight": 0.007634}, {"source": 60, "target": 134, "weight": 0.005464}, {"source": 60, "target": 90, "weight": 0.006803}, {"source": 60, "target": 121, "weight": 0.009709}, {"source": 60, "target": 91, "weight": 0.007463}, {"source": 60, "target": 140, "weight": 0.012658}, {"source": 60, "target": 92, "weight": 0.008065}, {"source": 60, "target": 94, "weight": 0.004651}, {"source": 60, "target": 146, "weight": 0.005405}, {"source": 60, "target": 99, "weight": 0.021622}, {"source": 60, "target": 100, "weight": 0.01}, {"source": 60, "target": 123, "weight": 0.005435}, {"source": 60, "target": 152, "weight": 0.035088}, {"source": 61, "target": 65, "weight": 0.006711}, {"source": 61, "target": 110, "weight": 0.025641}, {"source": 61, "target": 120, "weight": 0.009615}, {"source": 61, "target": 148, "weight": 0.013699}, {"source": 61, "target": 115, "weight": 0.009174}, {"source": 61, "target": 73, "weight": 0.007246}, {"source": 61, "target": 96, "weight": 0.036585}, {"source": 61, "target": 153, "weight": 0.003846}, {"source": 61, "target": 97, "weight": 0.011364}, {"source": 61, "target": 75, "weight": 0.033333}, {"source": 63, "target": 89, "weight": 0.016949}, {"source": 63, "target": 91, "weight": 0.011765}, {"source": 63, "target": 81, "weight": 0.009524}, {"source": 63, "target": 94, "weight": 0.02454}, {"source": 63, "target": 143, "weight": 0.009174}, {"source": 63, "target": 85, "weight": 0.369048}, {"source": 63, "target": 106, "weight": 0.014706}, {"source": 63, "target": 117, "weight": 0.010417}, {"source": 63, "target": 146, "weight": 0.007353}, {"source": 64, "target": 123, "weight": 0.007634}, {"source": 64, "target": 102, "weight": 0.014286}, {"source": 64, "target": 87, "weight": 0.019608}, {"source": 64, "target": 122, "weight": 0.010638}, {"source": 64, "target": 134, "weight": 0.007692}, {"source": 65, "target": 68, "weight": 0.014085}, {"source": 65, "target": 103, "weight": 0.005618}, {"source": 65, "target": 115, "weight": 0.011628}, {"source": 65, "target": 73, "weight": 0.015}, {"source": 66, "target": 99, "weight": 0.006757}, {"source": 66, "target": 130, "weight": 0.011834}, {"source": 66, "target": 84, "weight": 0.011628}, {"source": 66, "target": 125, "weight": 0.013333}, {"source": 66, "target": 103, "weight": 0.008621}, {"source": 66, "target": 142, "weight": 0.007519}, {"source": 66, "target": 95, "weight": 0.017857}, {"source": 66, "target": 117, "weight": 0.009524}, {"source": 66, "target": 146, "weight": 0.006897}, {"source": 66, "target": 76, "weight": 0.006849}, {"source": 67, "target": 131, "weight": 0.005714}, {"source": 67, "target": 103, "weight": 0.018692}, {"source": 67, "target": 110, "weight": 0.425}, {"source": 67, "target": 96, "weight": 0.012821}, {"source": 68, "target": 111, "weight": 0.066351}, {"source": 68, "target": 115, "weight": 0.011494}, {"source": 68, "target": 110, "weight": 0.005405}, {"source": 68, "target": 123, "weight": 0.004808}, {"source": 68, "target": 122, "weight": 0.011765}, {"source": 68, "target": 131, "weight": 0.055319}, {"source": 68, "target": 137, "weight": 0.013514}, {"source": 68, "target": 142, "weight": 0.005076}, {"source": 68, "target": 96, "weight": 0.006667}, {"source": 68, "target": 97, "weight": 0.02649}, {"source": 68, "target": 108, "weight": 0.045161}, {"source": 68, "target": 151, "weight": 0.006173}, {"source": 68, "target": 134, "weight": 0.083333}, {"source": 69, "target": 73, "weight": 0.009804}, {"source": 70, "target": 121, "weight": 0.006369}, {"source": 70, "target": 84, "weight": 0.013158}, {"source": 70, "target": 128, "weight": 0.006329}, {"source": 70, "target": 81, "weight": 0.009615}, {"source": 70, "target": 130, "weight": 0.00625}, {"source": 70, "target": 146, "weight": 0.014925}, {"source": 70, "target": 76, "weight": 0.014815}, {"source": 71, "target": 128, "weight": 0.006452}, {"source": 71, "target": 121, "weight": 0.006494}, {"source": 73, "target": 117, "weight": 0.012903}, {"source": 73, "target": 121, "weight": 0.004587}, {"source": 73, "target": 131, "weight": 0.004274}, {"source": 73, "target": 91, "weight": 0.028169}, {"source": 73, "target": 145, "weight": 0.008197}, {"source": 73, "target": 102, "weight": 0.233533}, {"source": 73, "target": 103, "weight": 0.012048}, {"source": 73, "target": 153, "weight": 0.012903}, {"source": 74, "target": 115, "weight": 0.426471}, {"source": 76, "target": 91, "weight": 0.020134}, {"source": 76, "target": 130, "weight": 0.349112}, {"source": 76, "target": 84, "weight": 0.021277}, {"source": 76, "target": 113, "weight": 0.015625}, {"source": 76, "target": 142, "weight": 0.005263}, {"source": 76, "target": 143, "weight": 0.017341}, {"source": 76, "target": 85, "weight": 0.016854}, {"source": 76, "target": 117, "weight": 0.006173}, {"source": 77, "target": 128, "weight": 0.007463}, {"source": 77, "target": 144, "weight": 0.069767}, {"source": 77, "target": 134, "weight": 0.009174}, {"source": 77, "target": 82, "weight": 0.033333}, {"source": 78, "target": 103, "weight": 0.018349}, {"source": 78, "target": 110, "weight": 0.06422}, {"source": 78, "target": 131, "weight": 0.040936}, {"source": 79, "target": 93, "weight": 0.041667}, {"source": 79, "target": 130, "weight": 0.006289}, {"source": 79, "target": 113, "weight": 0.148148}, {"source": 80, "target": 142, "weight": 0.038835}, {"source": 80, "target": 100, "weight": 0.030303}, {"source": 81, "target": 117, "weight": 0.007692}, {"source": 81, "target": 121, "weight": 0.010471}, {"source": 81, "target": 123, "weight": 0.005917}, {"source": 81, "target": 125, "weight": 0.01}, {"source": 81, "target": 90, "weight": 0.007576}, {"source": 81, "target": 131, "weight": 0.004808}, {"source": 81, "target": 133, "weight": 0.008621}, {"source": 81, "target": 139, "weight": 0.140496}, {"source": 81, "target": 94, "weight": 0.005}, {"source": 81, "target": 145, "weight": 0.010417}, {"source": 81, "target": 153, "weight": 0.006993}, {"source": 82, "target": 85, "weight": 0.010204}, {"source": 82, "target": 104, "weight": 0.074074}, {"source": 83, "target": 105, "weight": 0.045455}, {"source": 83, "target": 153, "weight": 0.004425}, {"source": 83, "target": 134, "weight": 0.009346}, {"source": 84, "target": 141, "weight": 0.071429}, {"source": 84, "target": 121, "weight": 0.01227}, {"source": 84, "target": 91, "weight": 0.010989}, {"source": 84, "target": 94, "weight": 0.017647}, {"source": 84, "target": 130, "weight": 0.012048}, {"source": 84, "target": 113, "weight": 0.014493}, {"source": 84, "target": 117, "weight": 0.009804}, {"source": 84, "target": 146, "weight": 0.021429}, {"source": 85, "target": 112, "weight": 0.006098}, {"source": 85, "target": 117, "weight": 0.007194}, {"source": 85, "target": 121, "weight": 0.01}, {"source": 85, "target": 123, "weight": 0.005618}, {"source": 85, "target": 130, "weight": 0.014851}, {"source": 85, "target": 133, "weight": 0.008}, {"source": 85, "target": 89, "weight": 0.009804}, {"source": 85, "target": 91, "weight": 0.007813}, {"source": 85, "target": 140, "weight": 0.006536}, {"source": 85, "target": 141, "weight": 0.00641}, {"source": 85, "target": 142, "weight": 0.005988}, {"source": 85, "target": 94, "weight": 0.02439}, {"source": 85, "target": 143, "weight": 0.013245}, {"source": 85, "target": 146, "weight": 0.022727}, {"source": 85, "target": 153, "weight": 0.010204}, {"source": 85, "target": 106, "weight": 0.009009}, {"source": 88, "target": 138, "weight": 0.021739}, {"source": 88, "target": 149, "weight": 0.017544}, {"source": 88, "target": 130, "weight": 0.006667}, {"source": 88, "target": 153, "weight": 0.004132}, {"source": 88, "target": 135, "weight": 0.025}, {"source": 89, "target": 112, "weight": 0.028037}, {"source": 89, "target": 128, "weight": 0.006803}, {"source": 89, "target": 94, "weight": 0.006494}, {"source": 89, "target": 118, "weight": 0.046512}, {"source": 89, "target": 117, "weight": 0.024096}, {"source": 90, "target": 93, "weight": 0.012821}, {"source": 90, "target": 138, "weight": 0.011905}, {"source": 90, "target": 117, "weight": 0.00813}, {"source": 90, "target": 133, "weight": 0.309524}, {"source": 91, "target": 111, "weight": 0.006061}, {"source": 91, "target": 112, "weight": 0.007407}, {"source": 91, "target": 117, "weight": 0.04717}, {"source": 91, "target": 139, "weight": 0.008547}, {"source": 91, "target": 123, "weight": 0.006711}, {"source": 91, "target": 130, "weight": 0.035294}, {"source": 91, "target": 121, "weight": 0.011696}, {"source": 91, "target": 128, "weight": 0.00578}, {"source": 91, "target": 146, "weight": 0.02027}, {"source": 91, "target": 102, "weight": 0.012658}, {"source": 91, "target": 152, "weight": 0.012195}, {"source": 91, "target": 153, "weight": 0.007519}, {"source": 92, "target": 117, "weight": 0.01}, {"source": 92, "target": 143, "weight": 0.00885}, {"source": 94, "target": 139, "weight": 0.010152}, {"source": 94, "target": 130, "weight": 0.003906}, {"source": 94, "target": 117, "weight": 0.015873}, {"source": 94, "target": 113, "weight": 0.012739}, {"source": 94, "target": 149, "weight": 0.006135}, {"source": 94, "target": 115, "weight": 0.010204}, {"source": 94, "target": 116, "weight": 0.006173}, {"source": 94, "target": 143, "weight": 0.120219}, {"source": 94, "target": 119, "weight": 0.006098}, {"source": 95, "target": 99, "weight": 0.008696}, {"source": 95, "target": 107, "weight": 0.210526}, {"source": 96, "target": 110, "weight": 0.525641}, {"source": 96, "target": 151, "weight": 0.010526}, {"source": 96, "target": 106, "weight": 0.013514}, {"source": 96, "target": 108, "weight": 0.010638}, {"source": 97, "target": 137, "weight": 0.011628}, {"source": 97, "target": 115, "weight": 0.027273}, {"source": 97, "target": 131, "weight": 0.005435}, {"source": 97, "target": 134, "weight": 0.006944}, {"source": 98, "target": 107, "weight": 0.2}, {"source": 99, "target": 139, "weight": 0.02994}, {"source": 99, "target": 140, "weight": 0.034682}, {"source": 99, "target": 103, "weight": 0.005714}, {"source": 99, "target": 110, "weight": 0.005556}, {"source": 99, "target": 143, "weight": 0.00565}, {"source": 99, "target": 133, "weight": 0.006667}, {"source": 100, "target": 112, "weight": 0.009901}, {"source": 101, "target": 105, "weight": 0.052632}, {"source": 101, "target": 148, "weight": 0.027778}, {"source": 102, "target": 131, "weight": 0.004032}, {"source": 102, "target": 117, "weight": 0.017857}, {"source": 103, "target": 110, "weight": 0.013605}, {"source": 103, "target": 136, "weight": 0.007634}, {"source": 103, "target": 123, "weight": 0.011765}, {"source": 103, "target": 122, "weight": 0.015038}, {"source": 103, "target": 131, "weight": 0.034314}, {"source": 103, "target": 132, "weight": 0.009615}, {"source": 103, "target": 134, "weight": 0.011834}, {"source": 103, "target": 135, "weight": 0.011494}, {"source": 103, "target": 145, "weight": 0.020619}, {"source": 103, "target": 153, "weight": 0.006944}, {"source": 105, "target": 148, "weight": 0.022727}, {"source": 106, "target": 110, "weight": 0.009174}, {"source": 106, "target": 127, "weight": 0.022222}, {"source": 106, "target": 132, "weight": 0.015385}, {"source": 107, "target": 111, "weight": 0.007937}, {"source": 108, "target": 110, "weight": 0.007752}, {"source": 108, "target": 111, "weight": 0.005952}, {"source": 108, "target": 120, "weight": 0.008772}, {"source": 108, "target": 124, "weight": 0.203704}, {"source": 108, "target": 137, "weight": 0.021739}, {"source": 108, "target": 115, "weight": 0.008403}, {"source": 108, "target": 134, "weight": 0.006623}, {"source": 108, "target": 122, "weight": 0.008696}, {"source": 108, "target": 153, "weight": 0.003704}, {"source": 108, "target": 135, "weight": 0.014706}, {"source": 110, "target": 131, "weight": 0.004651}, {"source": 110, "target": 145, "weight": 0.009709}, {"source": 110, "target": 151, "weight": 0.007692}, {"source": 111, "target": 139, "weight": 0.005464}, {"source": 111, "target": 137, "weight": 0.019481}, {"source": 111, "target": 142, "weight": 0.004902}, {"source": 111, "target": 115, "weight": 0.005495}, {"source": 111, "target": 130, "weight": 0.004149}, {"source": 111, "target": 117, "weight": 0.005682}, {"source": 111, "target": 133, "weight": 0.006173}, {"source": 111, "target": 134, "weight": 0.00939}, {"source": 112, "target": 139, "weight": 0.019868}, {"source": 112, "target": 122, "weight": 0.006757}, {"source": 112, "target": 142, "weight": 0.011561}, {"source": 112, "target": 130, "weight": 0.004739}, {"source": 112, "target": 131, "weight": 0.004464}, {"source": 112, "target": 117, "weight": 0.027972}, {"source": 113, "target": 141, "weight": 0.009524}, {"source": 114, "target": 139, "weight": 0.018349}, {"source": 114, "target": 133, "weight": 0.046512}, {"source": 115, "target": 120, "weight": 0.897059}, {"source": 115, "target": 137, "weight": 0.009346}, {"source": 115, "target": 153, "weight": 0.003521}, {"source": 115, "target": 134, "weight": 0.006061}, {"source": 116, "target": 119, "weight": 0.047619}, {"source": 117, "target": 126, "weight": 0.013514}, {"source": 117, "target": 118, "weight": 0.012346}, {"source": 117, "target": 141, "weight": 0.007246}, {"source": 117, "target": 143, "weight": 0.007463}, {"source": 117, "target": 153, "weight": 0.01087}, {"source": 118, "target": 142, "weight": 0.009174}, {"source": 119, "target": 129, "weight": 0.111111}, {"source": 119, "target": 131, "weight": 0.005814}, {"source": 121, "target": 142, "weight": 0.004739}, {"source": 121, "target": 130, "weight": 0.064103}, {"source": 121, "target": 140, "weight": 0.020619}, {"source": 122, "target": 139, "weight": 0.007692}, {"source": 122, "target": 123, "weight": 0.189781}, {"source": 122, "target": 131, "weight": 0.041237}, {"source": 122, "target": 134, "weight": 0.227273}, {"source": 122, "target": 136, "weight": 0.069565}, {"source": 122, "target": 137, "weight": 0.223529}, {"source": 122, "target": 141, "weight": 0.007143}, {"source": 122, "target": 145, "weight": 0.046512}, {"source": 122, "target": 153, "weight": 0.007168}, {"source": 123, "target": 139, "weight": 0.272727}, {"source": 123, "target": 137, "weight": 0.014388}, {"source": 123, "target": 134, "weight": 0.150289}, {"source": 123, "target": 130, "weight": 0.004444}, {"source": 123, "target": 131, "weight": 0.021368}, {"source": 123, "target": 133, "weight": 0.013793}, {"source": 124, "target": 135, "weight": 0.037037}, {"source": 125, "target": 139, "weight": 0.010204}, {"source": 125, "target": 142, "weight": 0.016949}, {"source": 125, "target": 133, "weight": 0.026316}, {"source": 128, "target": 130, "weight": 0.041667}, {"source": 128, "target": 139, "weight": 0.015873}, {"source": 128, "target": 140, "weight": 0.010152}, {"source": 128, "target": 142, "weight": 0.004717}, {"source": 128, "target": 143, "weight": 0.005076}, {"source": 130, "target": 139, "weight": 0.005181}, {"source": 130, "target": 141, "weight": 0.014925}, {"source": 130, "target": 143, "weight": 0.005025}, {"source": 130, "target": 146, "weight": 0.35119}, {"source": 130, "target": 149, "weight": 0.006329}, {"source": 130, "target": 153, "weight": 0.008798}, {"source": 131, "target": 136, "weight": 0.020513}, {"source": 131, "target": 137, "weight": 0.005587}, {"source": 131, "target": 145, "weight": 0.185714}, {"source": 131, "target": 134, "weight": 0.034783}, {"source": 131, "target": 153, "weight": 0.008475}, {"source": 133, "target": 143, "weight": 0.008333}, {"source": 134, "target": 136, "weight": 0.05298}, {"source": 134, "target": 137, "weight": 0.007194}, {"source": 134, "target": 139, "weight": 0.006024}, {"source": 134, "target": 145, "weight": 0.02439}, {"source": 134, "target": 153, "weight": 0.01278}, {"source": 137, "target": 141, "weight": 0.008475}, {"source": 138, "target": 141, "weight": 0.010101}, {"source": 139, "target": 143, "weight": 0.014286}, {"source": 140, "target": 142, "weight": 0.006135}, {"source": 140, "target": 152, "weight": 0.009346}, {"source": 141, "target": 143, "weight": 0.006623}, {"source": 143, "target": 147, "weight": 0.010989}, {"source": 143, "target": 146, "weight": 0.09375}, {"source": 143, "target": 149, "weight": 0.009434}, {"source": 144, "target": 153, "weight": 0.007968}, {"source": 146, "target": 149, "weight": 0.007519}], "multigraph": false}