{"directed": false, "graph": {}, "nodes": [{"group": 0, "id": "funereal"}, {"group": 1, "id": "funnyman", "degree": 2}, {"group": 2, "id": "fume"}, {"group": 3, "id": "fulcrum", "degree": 10}, {"group": 4, "id": "fullness", "degree": 10}, {"group": 1, "id": "fuddled"}, {"group": 5, "id": "furuncle", "degree": 5}, {"group": 6, "id": "furry", "degree": 2}, {"group": 0, "id": "fulsome", "degree": 10}, {"group": 4, "id": "futurity"}, {"group": 5, "id": "fuel", "degree": 5}, {"group": 1, "id": "fumbled"}, {"group": 5, "id": "fustigate"}, {"group": 4, "id": "fusion", "degree": 2}, {"group": 1, "id": "furtiveness"}, {"group": 3, "id": "furniture", "degree": 7}, {"group": 5, "id": "furrowed"}, {"group": 7, "id": "fully"}, {"group": 6, "id": "furbished", "degree": 4}, {"group": 5, "id": "fusillade"}, {"group": 4, "id": "fuzz"}, {"group": 1, "id": "furcate"}, {"group": 1, "id": "furtive", "degree": 4}, {"group": 8, "id": "furbish"}, {"group": 7, "id": "furtherance"}, {"group": 7, "id": "further", "degree": 4}, {"group": 4, "id": "functioning", "degree": 5}, {"group": 4, "id": "fundamentally"}, {"group": 4, "id": "fugleman", "degree": 2}, {"group": 7, "id": "furthermore", "degree": 2}, {"group": 9, "id": "furfuraceous"}, {"group": 0, "id": "fusty", "degree": 7}, {"group": 4, "id": "full", "degree": 30}, {"group": 2, "id": "fugue", "degree": 2}, {"group": 6, "id": "funeral"}, {"group": 10, "id": "fugitive"}, {"group": 4, "id": "fulfill"}, {"group": 5, "id": "fulminate"}, {"group": 0, "id": "funky", "degree": 8}, {"group": 5, "id": "funebrial"}, {"group": 10, "id": "fugacious", "degree": 3}, {"group": 2, "id": "fuddle"}, {"group": 2, "id": "furore"}, {"group": 4, "id": "functional", "degree": 6}, {"group": 3, "id": "furnishing", "degree": 9}, {"group": 5, "id": "fused"}, {"group": 8, "id": "futility"}, {"group": 1, "id": "futile", "degree": 7}, {"group": 2, "id": "furor", "degree": 12}, {"group": 4, "id": "fumble"}, {"group": 4, "id": "function"}, {"group": 4, "id": "funnel", "degree": 12}, {"group": 3, "id": "funds"}, {"group": 3, "id": "fund", "degree": 12}, {"group": 0, "id": "fumigation", "degree": 1}, {"group": 6, "id": "fuzzy"}, {"group": 0, "id": "funk"}, {"group": 5, "id": "furrow", "degree": 22}, {"group": 4, "id": "fur", "degree": 13}, {"group": 3, "id": "furnishings"}, {"group": 6, "id": "funicular", "degree": 7}, {"group": 5, "id": "fud", "degree": 5}, {"group": 1, "id": "future"}, {"group": 9, "id": "fundament", "degree": 4}, {"group": 4, "id": "fun"}, {"group": 2, "id": "fumigate", "degree": 7}, {"group": 5, "id": "fundamentalist"}, {"group": 2, "id": "fury"}, {"group": 4, "id": "fulfillment", "degree": 6}, {"group": 11, "id": "fundamentalism", "degree": 0}, {"group": 5, "id": "furbelow", "degree": 4}, {"group": 1, "id": "funny", "degree": 14}, {"group": 0, "id": "fuming", "degree": 7}, {"group": 4, "id": "furnace"}, {"group": 8, "id": "fudge", "degree": 13}, {"group": 5, "id": "fust", "degree": 5}, {"group": 0, "id": "furiously", "degree": 1}, {"group": 2, "id": "fuss"}, {"group": 4, "id": "furrier", "degree": 2}, {"group": 5, "id": "fungus"}, {"group": 4, "id": "fuse", "degree": 19}, {"group": 8, "id": "fustian", "degree": 7}, {"group": 9, "id": "furthest"}, {"group": 5, "id": "furlough", "degree": 14}, {"group": 9, "id": "fundamental", "degree": 17}, {"group": 0, "id": "furious"}, {"group": 4, "id": "functionary", "degree": 5}, {"group": 3, "id": "furnish"}, {"group": 4, "id": "fussy"}], "links": [{"source": 0, "target": 38, "weight": 0.010309}, {"source": 0, "target": 32, "weight": 0.003257}, {"source": 0, "target": 8, "weight": 0.008065}, {"source": 0, "target": 57, "weight": 0.005435}, {"source": 1, "target": 67, "weight": 0.006667}, {"source": 1, "target": 71, "weight": 0.029126}, {"source": 2, "target": 71, "weight": 0.00361}, {"source": 2, "target": 75, "weight": 0.009662}, {"source": 2, "target": 58, "weight": 0.010676}, {"source": 2, "target": 6, "weight": 0.004219}, {"source": 2, "target": 31, "weight": 0.003817}, {"source": 2, "target": 80, "weight": 0.005865}, {"source": 2, "target": 65, "weight": 0.129353}, {"source": 2, "target": 84, "weight": 0.005764}, {"source": 2, "target": 48, "weight": 0.144578}, {"source": 2, "target": 10, "weight": 0.009479}, {"source": 2, "target": 81, "weight": 0.004184}, {"source": 2, "target": 74, "weight": 0.006623}, {"source": 2, "target": 70, "weight": 0.004831}, {"source": 2, "target": 15, "weight": 0.004386}, {"source": 3, "target": 51, "weight": 0.009259}, {"source": 3, "target": 58, "weight": 0.006897}, {"source": 3, "target": 59, "weight": 0.011494}, {"source": 3, "target": 35, "weight": 0.007092}, {"source": 3, "target": 53, "weight": 0.028777}, {"source": 3, "target": 21, "weight": 0.011494}, {"source": 3, "target": 84, "weight": 0.004762}, {"source": 3, "target": 41, "weight": 0.007194}, {"source": 3, "target": 15, "weight": 0.011111}, {"source": 3, "target": 12, "weight": 0.010204}, {"source": 3, "target": 74, "weight": 0.006061}, {"source": 3, "target": 87, "weight": 0.028302}, {"source": 3, "target": 44, "weight": 0.012821}, {"source": 4, "target": 32, "weight": 0.028571}, {"source": 4, "target": 77, "weight": 0.003268}, {"source": 4, "target": 6, "weight": 0.015152}, {"source": 4, "target": 52, "weight": 0.017391}, {"source": 4, "target": 34, "weight": 0.008696}, {"source": 4, "target": 53, "weight": 0.005682}, {"source": 4, "target": 13, "weight": 0.017241}, {"source": 4, "target": 80, "weight": 0.008439}, {"source": 4, "target": 68, "weight": 0.007519}, {"source": 4, "target": 84, "weight": 0.004098}, {"source": 4, "target": 64, "weight": 0.012903}, {"source": 4, "target": 36, "weight": 0.007092}, {"source": 4, "target": 87, "weight": 0.007042}, {"source": 4, "target": 88, "weight": 0.005814}, {"source": 5, "target": 71, "weight": 0.029412}, {"source": 5, "target": 32, "weight": 0.016901}, {"source": 5, "target": 60, "weight": 0.008264}, {"source": 5, "target": 8, "weight": 0.006645}, {"source": 5, "target": 31, "weight": 0.006289}, {"source": 5, "target": 38, "weight": 0.006667}, {"source": 5, "target": 47, "weight": 0.283019}, {"source": 5, "target": 74, "weight": 0.005}, {"source": 6, "target": 83, "weight": 0.011236}, {"source": 6, "target": 77, "weight": 0.003846}, {"source": 6, "target": 35, "weight": 0.007752}, {"source": 6, "target": 79, "weight": 0.06383}, {"source": 6, "target": 65, "weight": 0.013158}, {"source": 6, "target": 12, "weight": 0.011628}, {"source": 6, "target": 70, "weight": 0.017544}, {"source": 6, "target": 57, "weight": 0.005263}, {"source": 7, "target": 60, "weight": 0.054545}, {"source": 7, "target": 18, "weight": 0.02439}, {"source": 7, "target": 30, "weight": 0.021739}, {"source": 7, "target": 32, "weight": 0.003378}, {"source": 7, "target": 55, "weight": 0.178571}, {"source": 8, "target": 71, "weight": 0.00339}, {"source": 8, "target": 32, "weight": 0.010482}, {"source": 8, "target": 72, "weight": 0.015686}, {"source": 8, "target": 60, "weight": 0.004132}, {"source": 8, "target": 23, "weight": 0.003731}, {"source": 8, "target": 30, "weight": 0.004329}, {"source": 8, "target": 55, "weight": 0.006349}, {"source": 8, "target": 38, "weight": 0.133333}, {"source": 8, "target": 31, "weight": 0.137652}, {"source": 8, "target": 47, "weight": 0.003086}, {"source": 8, "target": 84, "weight": 0.002732}, {"source": 8, "target": 63, "weight": 0.004115}, {"source": 8, "target": 85, "weight": 0.012195}, {"source": 8, "target": 81, "weight": 0.007813}, {"source": 8, "target": 11, "weight": 0.004525}, {"source": 8, "target": 88, "weight": 0.013746}, {"source": 8, "target": 39, "weight": 0.004274}, {"source": 8, "target": 57, "weight": 0.002793}, {"source": 9, "target": 51, "weight": 0.014286}, {"source": 10, "target": 58, "weight": 0.009259}, {"source": 10, "target": 37, "weight": 0.193548}, {"source": 10, "target": 44, "weight": 0.02439}, {"source": 10, "target": 87, "weight": 0.014085}, {"source": 11, "target": 47, "weight": 0.008197}, {"source": 12, "target": 83, "weight": 0.011364}, {"source": 12, "target": 80, "weight": 0.005236}, {"source": 12, "target": 48, "weight": 0.007519}, {"source": 12, "target": 58, "weight": 0.007576}, {"source": 12, "target": 74, "weight": 0.006579}, {"source": 12, "target": 57, "weight": 0.005291}, {"source": 13, "target": 35, "weight": 0.005814}, {"source": 13, "target": 43, "weight": 0.007143}, {"source": 13, "target": 80, "weight": 0.030568}, {"source": 13, "target": 26, "weight": 0.007634}, {"source": 13, "target": 15, "weight": 0.008264}, {"source": 14, "target": 22, "weight": 0.019608}, {"source": 15, "target": 79, "weight": 0.011111}, {"source": 15, "target": 77, "weight": 0.003984}, {"source": 15, "target": 19, "weight": 0.008333}, {"source": 15, "target": 44, "weight": 0.035714}, {"source": 15, "target": 84, "weight": 0.005291}, {"source": 15, "target": 87, "weight": 0.035294}, {"source": 15, "target": 59, "weight": 0.595238}, {"source": 16, "target": 80, "weight": 0.005464}, {"source": 16, "target": 83, "weight": 0.0125}, {"source": 16, "target": 57, "weight": 0.011111}, {"source": 17, "target": 25, "weight": 0.013158}, {"source": 17, "target": 29, "weight": 0.021277}, {"source": 17, "target": 32, "weight": 0.010204}, {"source": 18, "target": 60, "weight": 0.022222}, {"source": 18, "target": 55, "weight": 0.025641}, {"source": 18, "target": 23, "weight": 0.028571}, {"source": 19, "target": 26, "weight": 0.015504}, {"source": 19, "target": 32, "weight": 0.00565}, {"source": 19, "target": 83, "weight": 0.015385}, {"source": 19, "target": 72, "weight": 0.007576}, {"source": 19, "target": 61, "weight": 0.009615}, {"source": 19, "target": 80, "weight": 0.004274}, {"source": 19, "target": 65, "weight": 0.008475}, {"source": 19, "target": 68, "weight": 0.015625}, {"source": 19, "target": 58, "weight": 0.005714}, {"source": 19, "target": 57, "weight": 0.017467}, {"source": 20, "target": 86, "weight": 0.013699}, {"source": 20, "target": 51, "weight": 0.030928}, {"source": 20, "target": 58, "weight": 0.062016}, {"source": 20, "target": 48, "weight": 0.007299}, {"source": 21, "target": 71, "weight": 0.026549}, {"source": 21, "target": 51, "weight": 0.011905}, {"source": 21, "target": 58, "weight": 0.008264}, {"source": 21, "target": 22, "weight": 0.014085}, {"source": 22, "target": 71, "weight": 0.00813}, {"source": 22, "target": 60, "weight": 0.014286}, {"source": 22, "target": 62, "weight": 0.009901}, {"source": 22, "target": 85, "weight": 0.006289}, {"source": 23, "target": 58, "weight": 0.020833}, {"source": 23, "target": 74, "weight": 0.037267}, {"source": 24, "target": 25, "weight": 0.021277}, {"source": 24, "target": 32, "weight": 0.003175}, {"source": 24, "target": 26, "weight": 0.011111}, {"source": 24, "target": 43, "weight": 0.010101}, {"source": 24, "target": 57, "weight": 0.005208}, {"source": 25, "target": 83, "weight": 0.010526}, {"source": 25, "target": 77, "weight": 0.003759}, {"source": 25, "target": 29, "weight": 0.365385}, {"source": 25, "target": 53, "weight": 0.014815}, {"source": 25, "target": 84, "weight": 0.004902}, {"source": 26, "target": 50, "weight": 0.125}, {"source": 26, "target": 51, "weight": 0.010309}, {"source": 26, "target": 72, "weight": 0.010989}, {"source": 26, "target": 43, "weight": 0.137931}, {"source": 26, "target": 80, "weight": 0.005181}, {"source": 26, "target": 68, "weight": 0.034884}, {"source": 26, "target": 36, "weight": 0.010417}, {"source": 26, "target": 64, "weight": 0.018182}, {"source": 26, "target": 86, "weight": 0.014085}, {"source": 27, "target": 32, "weight": 0.003484}, {"source": 28, "target": 50, "weight": 0.005}, {"source": 28, "target": 58, "weight": 0.006452}, {"source": 28, "target": 53, "weight": 0.006579}, {"source": 28, "target": 84, "weight": 0.009132}, {"source": 28, "target": 64, "weight": 0.007576}, {"source": 28, "target": 86, "weight": 0.01087}, {"source": 30, "target": 71, "weight": 0.009709}, {"source": 30, "target": 31, "weight": 0.011364}, {"source": 30, "target": 47, "weight": 0.007576}, {"source": 30, "target": 84, "weight": 0.005747}, {"source": 30, "target": 63, "weight": 0.019608}, {"source": 31, "target": 71, "weight": 0.006579}, {"source": 31, "target": 75, "weight": 0.012048}, {"source": 31, "target": 32, "weight": 0.01194}, {"source": 31, "target": 72, "weight": 0.017544}, {"source": 31, "target": 51, "weight": 0.008264}, {"source": 31, "target": 52, "weight": 0.010526}, {"source": 31, "target": 53, "weight": 0.006452}, {"source": 31, "target": 38, "weight": 0.329897}, {"source": 31, "target": 62, "weight": 0.007692}, {"source": 31, "target": 47, "weight": 0.011111}, {"source": 31, "target": 61, "weight": 0.011494}, {"source": 31, "target": 87, "weight": 0.008264}, {"source": 31, "target": 88, "weight": 0.006623}, {"source": 32, "target": 66, "weight": 0.006536}, {"source": 32, "target": 81, "weight": 0.003175}, {"source": 32, "target": 71, "weight": 0.002833}, {"source": 32, "target": 38, "weight": 0.006098}, {"source": 32, "target": 47, "weight": 0.007895}, {"source": 32, "target": 52, "weight": 0.003378}, {"source": 32, "target": 50, "weight": 0.002475}, {"source": 32, "target": 51, "weight": 0.003106}, {"source": 32, "target": 33, "weight": 0.003521}, {"source": 32, "target": 85, "weight": 0.012987}, {"source": 32, "target": 39, "weight": 0.003425}, {"source": 32, "target": 55, "weight": 0.005362}, {"source": 32, "target": 57, "weight": 0.004819}, {"source": 32, "target": 60, "weight": 0.003333}, {"source": 32, "target": 61, "weight": 0.003472}, {"source": 32, "target": 62, "weight": 0.006061}, {"source": 32, "target": 84, "weight": 0.002358}, {"source": 32, "target": 64, "weight": 0.002976}, {"source": 32, "target": 36, "weight": 0.00625}, {"source": 32, "target": 88, "weight": 0.041298}, {"source": 33, "target": 41, "weight": 0.010204}, {"source": 33, "target": 77, "weight": 0.004329}, {"source": 34, "target": 60, "weight": 0.017857}, {"source": 34, "target": 80, "weight": 0.005747}, {"source": 34, "target": 57, "weight": 0.005814}, {"source": 35, "target": 43, "weight": 0.007194}, {"source": 35, "target": 40, "weight": 0.390805}, {"source": 36, "target": 51, "weight": 0.009615}, {"source": 36, "target": 83, "weight": 0.010309}, {"source": 36, "target": 53, "weight": 0.02963}, {"source": 36, "target": 80, "weight": 0.015152}, {"source": 36, "target": 68, "weight": 0.043478}, {"source": 36, "target": 86, "weight": 0.012821}, {"source": 36, "target": 57, "weight": 0.005051}, {"source": 37, "target": 83, "weight": 0.04918}, {"source": 37, "target": 61, "weight": 0.027778}, {"source": 37, "target": 68, "weight": 0.016393}, {"source": 37, "target": 48, "weight": 0.009259}, {"source": 37, "target": 57, "weight": 0.006098}, {"source": 38, "target": 72, "weight": 0.019048}, {"source": 38, "target": 47, "weight": 0.005814}, {"source": 38, "target": 55, "weight": 0.006098}, {"source": 38, "target": 56, "weight": 0.018349}, {"source": 39, "target": 57, "weight": 0.005917}, {"source": 40, "target": 85, "weight": 0.019737}, {"source": 40, "target": 43, "weight": 0.011364}, {"source": 41, "target": 80, "weight": 0.008658}, {"source": 41, "target": 84, "weight": 0.004202}, {"source": 41, "target": 63, "weight": 0.008696}, {"source": 41, "target": 48, "weight": 0.041667}, {"source": 41, "target": 74, "weight": 0.010417}, {"source": 41, "target": 70, "weight": 0.010309}, {"source": 41, "target": 57, "weight": 0.004348}, {"source": 42, "target": 48, "weight": 0.140187}, {"source": 43, "target": 50, "weight": 0.027174}, {"source": 43, "target": 44, "weight": 0.013158}, {"source": 43, "target": 84, "weight": 0.004808}, {"source": 43, "target": 86, "weight": 0.025316}, {"source": 43, "target": 88, "weight": 0.007353}, {"source": 44, "target": 77, "weight": 0.004184}, {"source": 44, "target": 67, "weight": 0.006623}, {"source": 44, "target": 52, "weight": 0.020408}, {"source": 44, "target": 53, "weight": 0.009174}, {"source": 44, "target": 68, "weight": 0.015152}, {"source": 44, "target": 48, "weight": 0.00885}, {"source": 44, "target": 87, "weight": 0.027027}, {"source": 44, "target": 59, "weight": 0.037736}, {"source": 45, "target": 57, "weight": 0.006135}, {"source": 46, "target": 81, "weight": 0.012987}, {"source": 46, "target": 74, "weight": 0.007092}, {"source": 47, "target": 71, "weight": 0.036842}, {"source": 47, "target": 75, "weight": 0.007874}, {"source": 47, "target": 72, "weight": 0.006289}, {"source": 47, "target": 67, "weight": 0.004149}, {"source": 47, "target": 85, "weight": 0.017467}, {"source": 47, "target": 81, "weight": 0.012739}, {"source": 47, "target": 74, "weight": 0.004505}, {"source": 48, "target": 64, "weight": 0.012821}, {"source": 48, "target": 83, "weight": 0.007353}, {"source": 48, "target": 77, "weight": 0.144981}, {"source": 48, "target": 67, "weight": 0.47651}, {"source": 48, "target": 79, "weight": 0.006849}, {"source": 48, "target": 85, "weight": 0.009569}, {"source": 48, "target": 65, "weight": 0.00813}, {"source": 48, "target": 84, "weight": 0.012346}, {"source": 48, "target": 87, "weight": 0.006993}, {"source": 49, "target": 58, "weight": 0.007407}, {"source": 49, "target": 80, "weight": 0.020942}, {"source": 49, "target": 74, "weight": 0.006452}, {"source": 49, "target": 78, "weight": 0.015385}, {"source": 49, "target": 57, "weight": 0.005208}, {"source": 50, "target": 80, "weight": 0.010676}, {"source": 50, "target": 68, "weight": 0.017045}, {"source": 50, "target": 84, "weight": 0.00346}, {"source": 50, "target": 57, "weight": 0.010753}, {"source": 51, "target": 58, "weight": 0.007042}, {"source": 51, "target": 60, "weight": 0.012048}, {"source": 51, "target": 80, "weight": 0.015075}, {"source": 51, "target": 62, "weight": 0.008772}, {"source": 51, "target": 84, "weight": 0.009709}, {"source": 51, "target": 57, "weight": 0.015228}, {"source": 51, "target": 88, "weight": 0.007407}, {"source": 52, "target": 84, "weight": 0.005525}, {"source": 52, "target": 53, "weight": 0.2}, {"source": 52, "target": 57, "weight": 0.00578}, {"source": 53, "target": 67, "weight": 0.004651}, {"source": 53, "target": 62, "weight": 0.006757}, {"source": 53, "target": 84, "weight": 0.004149}, {"source": 53, "target": 87, "weight": 0.206897}, {"source": 53, "target": 57, "weight": 0.008621}, {"source": 54, "target": 72, "weight": 0.036364}, {"source": 55, "target": 58, "weight": 0.005155}, {"source": 55, "target": 60, "weight": 0.038168}, {"source": 55, "target": 84, "weight": 0.003861}, {"source": 56, "target": 74, "weight": 0.00625}, {"source": 56, "target": 58, "weight": 0.007143}, {"source": 56, "target": 65, "weight": 0.012048}, {"source": 57, "target": 74, "weight": 0.011811}, {"source": 57, "target": 77, "weight": 0.002755}, {"source": 57, "target": 80, "weight": 0.00339}, {"source": 57, "target": 83, "weight": 0.010471}, {"source": 57, "target": 84, "weight": 0.003322}, {"source": 57, "target": 86, "weight": 0.00578}, {"source": 58, "target": 73, "weight": 0.009259}, {"source": 58, "target": 77, "weight": 0.003268}, {"source": 58, "target": 68, "weight": 0.007519}, {"source": 58, "target": 80, "weight": 0.008439}, {"source": 58, "target": 74, "weight": 0.010101}, {"source": 60, "target": 88, "weight": 0.00885}, {"source": 61, "target": 66, "weight": 0.017857}, {"source": 61, "target": 77, "weight": 0.004255}, {"source": 62, "target": 71, "weight": 0.006897}, {"source": 63, "target": 82, "weight": 0.025}, {"source": 63, "target": 84, "weight": 0.140244}, {"source": 64, "target": 71, "weight": 0.02027}, {"source": 64, "target": 68, "weight": 0.057143}, {"source": 65, "target": 77, "weight": 0.008065}, {"source": 65, "target": 67, "weight": 0.006211}, {"source": 65, "target": 80, "weight": 0.005525}, {"source": 67, "target": 71, "weight": 0.004717}, {"source": 67, "target": 83, "weight": 0.005747}, {"source": 67, "target": 78, "weight": 0.006757}, {"source": 67, "target": 72, "weight": 0.005714}, {"source": 67, "target": 84, "weight": 0.010676}, {"source": 68, "target": 83, "weight": 0.011236}, {"source": 70, "target": 77, "weight": 0.004348}, {"source": 71, "target": 72, "weight": 0.007692}, {"source": 71, "target": 85, "weight": 0.014925}, {"source": 71, "target": 88, "weight": 0.006024}, {"source": 72, "target": 85, "weight": 0.050314}, {"source": 72, "target": 81, "weight": 0.01087}, {"source": 73, "target": 74, "weight": 0.007813}, {"source": 73, "target": 84, "weight": 0.00578}, {"source": 74, "target": 77, "weight": 0.012384}, {"source": 74, "target": 80, "weight": 0.011719}, {"source": 74, "target": 81, "weight": 0.248}, {"source": 75, "target": 83, "weight": 0.016667}, {"source": 75, "target": 79, "weight": 0.014286}, {"source": 75, "target": 80, "weight": 0.006135}, {"source": 76, "target": 85, "weight": 0.013889}, {"source": 77, "target": 83, "weight": 0.003817}, {"source": 77, "target": 80, "weight": 0.005495}, {"source": 77, "target": 81, "weight": 0.015444}, {"source": 80, "target": 83, "weight": 0.005155}, {"source": 80, "target": 86, "weight": 0.005714}, {"source": 82, "target": 84, "weight": 0.006135}, {"source": 84, "target": 85, "weight": 0.00365}], "multigraph": false}