{"directed": false, "graph": {}, "nodes": [{"group": 0, "id": "gastritis"}, {"group": 3, "id": "ganglion"}, {"group": 0, "id": "gauge"}, {"group": 0, "id": "gang", "degree": 31}, {"group": 1, "id": "gaucherie", "degree": 12}, {"group": 0, "id": "galaxy"}, {"group": 0, "id": "gamut"}, {"group": 3, "id": "garbage", "degree": 9}, {"group": 1, "id": "gainsay", "degree": 7}, {"group": 2, "id": "gamely", "degree": 0}, {"group": 0, "id": "garden", "degree": 9}, {"group": 4, "id": "gasser", "degree": 13}, {"group": 5, "id": "gadget"}, {"group": 0, "id": "gauging"}, {"group": 6, "id": "gaslit"}, {"group": 5, "id": "gamy", "degree": 9}, {"group": 7, "id": "gadfly", "degree": 6}, {"group": 5, "id": "game"}, {"group": 3, "id": "gangrene"}, {"group": 8, "id": "gaslike", "degree": 4}, {"group": 6, "id": "galloping"}, {"group": 1, "id": "garrote"}, {"group": 0, "id": "gatehouse", "degree": 3}, {"group": 1, "id": "gallows", "degree": 13}, {"group": 3, "id": "gangplank"}, {"group": 6, "id": "gamecock", "degree": 9}, {"group": 4, "id": "gammon"}, {"group": 1, "id": "gargoyle"}, {"group": 4, "id": "gasify", "degree": 0}, {"group": 1, "id": "gargle"}, {"group": 4, "id": "gardening"}, {"group": 3, "id": "gape", "degree": 24}, {"group": 13, "id": "garment", "degree": 5}, {"group": 9, "id": "galvanic"}, {"group": 6, "id": "gangster"}, {"group": 6, "id": "gallant"}, {"group": 10, "id": "gawky", "degree": 3}, {"group": 0, "id": "gatepost"}, {"group": 1, "id": "gage", "degree": 9}, {"group": 4, "id": "gaga"}, {"group": 4, "id": "gazette", "degree": 3}, {"group": 3, "id": "gazebo"}, {"group": 11, "id": "gardener", "degree": 2}, {"group": 12, "id": "gaily", "degree": 0}, {"group": 0, "id": "gathered"}, {"group": 3, "id": "gawk"}, {"group": 0, "id": "gaol", "degree": 1}, {"group": 1, "id": "garnishment"}, {"group": 0, "id": "gambrel", "degree": 4}, {"group": 1, "id": "gauntlet", "degree": 4}, {"group": 3, "id": "galleon"}, {"group": 6, "id": "garnished", "degree": 2}, {"group": 4, "id": "gazetteer", "degree": 1}, {"group": 9, "id": "galling", "degree": 1}, {"group": 10, "id": "gaunt", "degree": 4}, {"group": 6, "id": "galore", "degree": 5}, {"group": 1, "id": "gainer", "degree": 4}, {"group": 5, "id": "gambit", "degree": 27}, {"group": 0, "id": "gauze", "degree": 10}, {"group": 7, "id": "gambler"}, {"group": 1, "id": "gazelle"}, {"group": 13, "id": "garb"}, {"group": 4, "id": "gastronome", "degree": 3}, {"group": 0, "id": "garner"}, {"group": 4, "id": "gaiety", "degree": 25}, {"group": 0, "id": "gateway", "degree": 5}, {"group": 8, "id": "gauzy"}, {"group": 5, "id": "gambling"}, {"group": 11, "id": "galoot"}, {"group": 4, "id": "gasbag"}, {"group": 1, "id": "galley", "degree": 3}, {"group": 1, "id": "ganja"}, {"group": 5, "id": "galled"}, {"group": 3, "id": "gaze"}, {"group": 6, "id": "gainful"}, {"group": 5, "id": "galvanize", "degree": 4}, {"group": 4, "id": "gaggle", "degree": 19}, {"group": 4, "id": "garnish"}, {"group": 5, "id": "gangrened", "degree": 5}, {"group": 4, "id": "garble", "degree": 18}, {"group": 6, "id": "gaudy", "degree": 17}, {"group": 8, "id": "gaseous", "degree": 15}, {"group": 6, "id": "gay"}, {"group": 3, "id": "gat", "degree": 12}, {"group": 4, "id": "gas"}, {"group": 1, "id": "gander", "degree": 6}, {"group": 7, "id": "gait"}, {"group": 13, "id": "garments"}, {"group": 0, "id": "gam"}, {"group": 1, "id": "gal", "degree": 5}, {"group": 0, "id": "gain", "degree": 36}, {"group": 4, "id": "gag"}, {"group": 7, "id": "gad", "degree": 10}, {"group": 4, "id": "gab"}, {"group": 7, "id": "gallivant"}, {"group": 10, "id": "gauche"}, {"group": 4, "id": "gallantry", "degree": 1}, {"group": 8, "id": "gassy"}, {"group": 6, "id": "gaucho", "degree": 2}, {"group": 6, "id": "gasoline"}, {"group": 5, "id": "gamesmanship", "degree": 3}, {"group": 10, "id": "gangling"}, {"group": 0, "id": "garrison", "degree": 21}, {"group": 4, "id": "gambol"}, {"group": 0, "id": "gathering", "degree": 27}, {"group": 0, "id": "gallop"}, {"group": 6, "id": "garbled"}, {"group": 4, "id": "gasconade", "degree": 13}, {"group": 8, "id": "garrulous", "degree": 4}, {"group": 4, "id": "gale"}, {"group": 8, "id": "gabby"}, {"group": 6, "id": "gala", "degree": 3}, {"group": 3, "id": "gasket"}, {"group": 3, "id": "gall", "degree": 22}, {"group": 0, "id": "gains", "degree": 10}, {"group": 0, "id": "gaffer"}, {"group": 4, "id": "gaudiness"}, {"group": 0, "id": "gate", "degree": 22}, {"group": 3, "id": "gaping", "degree": 7}, {"group": 5, "id": "gamble"}, {"group": 6, "id": "garish", "degree": 13}, {"group": 3, "id": "gash"}, {"group": 5, "id": "games", "degree": 6}, {"group": 0, "id": "garland", "degree": 25}, {"group": 4, "id": "gasp", "degree": 29}, {"group": 3, "id": "gap", "degree": 21}, {"group": 3, "id": "gallery", "degree": 29}, {"group": 14, "id": "gastric", "degree": 0}, {"group": 7, "id": "gamin", "degree": 7}, {"group": 6, "id": "gamesome", "degree": 8}, {"group": 0, "id": "gather", "degree": 25}, {"group": 4, "id": "gabble"}, {"group": 3, "id": "gangway"}, {"group": 7, "id": "gadabout"}], "links": [{"source": 0, "target": 104, "weight": 0.015306}, {"source": 1, "target": 113, "weight": 0.004255}, {"source": 2, "target": 104, "weight": 0.011111}, {"source": 2, "target": 92, "weight": 0.006897}, {"source": 2, "target": 52, "weight": 0.007813}, {"source": 2, "target": 10, "weight": 0.00625}, {"source": 2, "target": 123, "weight": 0.013889}, {"source": 2, "target": 76, "weight": 0.006993}, {"source": 2, "target": 130, "weight": 0.020067}, {"source": 2, "target": 83, "weight": 0.007143}, {"source": 2, "target": 15, "weight": 0.006757}, {"source": 2, "target": 125, "weight": 0.009217}, {"source": 2, "target": 31, "weight": 0.005}, {"source": 2, "target": 122, "weight": 0.016667}, {"source": 2, "target": 3, "weight": 0.009217}, {"source": 2, "target": 113, "weight": 0.00304}, {"source": 2, "target": 102, "weight": 0.005848}, {"source": 2, "target": 57, "weight": 0.012048}, {"source": 2, "target": 126, "weight": 0.004464}, {"source": 2, "target": 90, "weight": 0.023256}, {"source": 3, "target": 104, "weight": 0.031579}, {"source": 3, "target": 58, "weight": 0.013889}, {"source": 3, "target": 31, "weight": 0.004525}, {"source": 3, "target": 105, "weight": 0.016484}, {"source": 3, "target": 76, "weight": 0.024845}, {"source": 3, "target": 61, "weight": 0.005236}, {"source": 3, "target": 111, "weight": 0.006757}, {"source": 3, "target": 4, "weight": 0.007194}, {"source": 3, "target": 113, "weight": 0.008621}, {"source": 3, "target": 5, "weight": 0.031847}, {"source": 3, "target": 6, "weight": 0.017751}, {"source": 3, "target": 75, "weight": 0.012195}, {"source": 3, "target": 117, "weight": 0.004717}, {"source": 3, "target": 44, "weight": 0.005525}, {"source": 3, "target": 119, "weight": 0.005952}, {"source": 3, "target": 121, "weight": 0.00542}, {"source": 3, "target": 123, "weight": 0.004184}, {"source": 3, "target": 12, "weight": 0.006757}, {"source": 3, "target": 13, "weight": 0.006623}, {"source": 3, "target": 84, "weight": 0.004292}, {"source": 3, "target": 86, "weight": 0.017964}, {"source": 3, "target": 17, "weight": 0.019718}, {"source": 3, "target": 90, "weight": 0.010638}, {"source": 3, "target": 92, "weight": 0.018293}, {"source": 3, "target": 125, "weight": 0.004184}, {"source": 3, "target": 126, "weight": 0.016529}, {"source": 3, "target": 20, "weight": 0.006993}, {"source": 3, "target": 94, "weight": 0.02069}, {"source": 3, "target": 130, "weight": 0.041534}, {"source": 3, "target": 88, "weight": 0.150794}, {"source": 3, "target": 131, "weight": 0.004505}, {"source": 3, "target": 122, "weight": 0.007042}, {"source": 3, "target": 102, "weight": 0.096591}, {"source": 3, "target": 57, "weight": 0.021622}, {"source": 3, "target": 103, "weight": 0.006289}, {"source": 4, "target": 27, "weight": 0.027027}, {"source": 4, "target": 38, "weight": 0.017241}, {"source": 4, "target": 105, "weight": 0.011905}, {"source": 4, "target": 70, "weight": 0.03125}, {"source": 4, "target": 88, "weight": 0.022727}, {"source": 4, "target": 71, "weight": 0.02439}, {"source": 4, "target": 17, "weight": 0.003831}, {"source": 4, "target": 89, "weight": 0.02}, {"source": 4, "target": 91, "weight": 0.013423}, {"source": 4, "target": 18, "weight": 0.017544}, {"source": 4, "target": 103, "weight": 0.016949}, {"source": 4, "target": 79, "weight": 0.021505}, {"source": 5, "target": 104, "weight": 0.014085}, {"source": 5, "target": 123, "weight": 0.0125}, {"source": 5, "target": 76, "weight": 0.011628}, {"source": 5, "target": 130, "weight": 0.024793}, {"source": 5, "target": 90, "weight": 0.004854}, {"source": 5, "target": 25, "weight": 0.036145}, {"source": 5, "target": 117, "weight": 0.007463}, {"source": 5, "target": 102, "weight": 0.017699}, {"source": 6, "target": 104, "weight": 0.013453}, {"source": 6, "target": 92, "weight": 0.010204}, {"source": 6, "target": 123, "weight": 0.02381}, {"source": 6, "target": 32, "weight": 0.015152}, {"source": 6, "target": 130, "weight": 0.003891}, {"source": 6, "target": 15, "weight": 0.009901}, {"source": 6, "target": 125, "weight": 0.005848}, {"source": 6, "target": 117, "weight": 0.006944}, {"source": 6, "target": 113, "weight": 0.007117}, {"source": 6, "target": 124, "weight": 0.005525}, {"source": 6, "target": 102, "weight": 0.033058}, {"source": 6, "target": 126, "weight": 0.017143}, {"source": 6, "target": 90, "weight": 0.014019}, {"source": 7, "target": 121, "weight": 0.086792}, {"source": 7, "target": 29, "weight": 0.01087}, {"source": 7, "target": 31, "weight": 0.007246}, {"source": 7, "target": 84, "weight": 0.013423}, {"source": 7, "target": 54, "weight": 0.011364}, {"source": 7, "target": 131, "weight": 0.014493}, {"source": 7, "target": 26, "weight": 0.024194}, {"source": 7, "target": 113, "weight": 0.007519}, {"source": 7, "target": 18, "weight": 0.071429}, {"source": 7, "target": 125, "weight": 0.00641}, {"source": 7, "target": 50, "weight": 0.026316}, {"source": 8, "target": 23, "weight": 0.021277}, {"source": 8, "target": 123, "weight": 0.006536}, {"source": 8, "target": 38, "weight": 0.013889}, {"source": 8, "target": 113, "weight": 0.003788}, {"source": 8, "target": 17, "weight": 0.003636}, {"source": 8, "target": 122, "weight": 0.017857}, {"source": 8, "target": 91, "weight": 0.006098}, {"source": 8, "target": 49, "weight": 0.026316}, {"source": 8, "target": 79, "weight": 0.009259}, {"source": 10, "target": 80, "weight": 0.006579}, {"source": 10, "target": 104, "weight": 0.012876}, {"source": 10, "target": 95, "weight": 0.008547}, {"source": 10, "target": 123, "weight": 0.083333}, {"source": 10, "target": 99, "weight": 0.010989}, {"source": 10, "target": 44, "weight": 0.00813}, {"source": 10, "target": 130, "weight": 0.011321}, {"source": 10, "target": 84, "weight": 0.005714}, {"source": 10, "target": 64, "weight": 0.006849}, {"source": 10, "target": 90, "weight": 0.008889}, {"source": 10, "target": 126, "weight": 0.010753}, {"source": 10, "target": 51, "weight": 0.012195}, {"source": 11, "target": 67, "weight": 0.018868}, {"source": 11, "target": 29, "weight": 0.009804}, {"source": 11, "target": 116, "weight": 0.025}, {"source": 11, "target": 114, "weight": 0.012048}, {"source": 11, "target": 99, "weight": 0.013158}, {"source": 11, "target": 83, "weight": 0.011364}, {"source": 11, "target": 84, "weight": 0.052288}, {"source": 11, "target": 131, "weight": 0.006711}, {"source": 11, "target": 103, "weight": 0.011628}, {"source": 11, "target": 64, "weight": 0.007634}, {"source": 11, "target": 17, "weight": 0.01049}, {"source": 11, "target": 89, "weight": 0.012987}, {"source": 11, "target": 90, "weight": 0.009524}, {"source": 11, "target": 40, "weight": 0.028571}, {"source": 11, "target": 91, "weight": 0.022989}, {"source": 11, "target": 117, "weight": 0.007194}, {"source": 11, "target": 26, "weight": 0.007353}, {"source": 11, "target": 57, "weight": 0.008696}, {"source": 11, "target": 93, "weight": 0.009804}, {"source": 11, "target": 119, "weight": 0.010526}, {"source": 11, "target": 111, "weight": 0.013333}, {"source": 12, "target": 104, "weight": 0.00995}, {"source": 12, "target": 57, "weight": 0.031579}, {"source": 12, "target": 123, "weight": 0.006757}, {"source": 13, "target": 104, "weight": 0.004878}, {"source": 13, "target": 90, "weight": 0.005102}, {"source": 14, "target": 51, "weight": 0.088235}, {"source": 15, "target": 120, "weight": 0.009009}, {"source": 15, "target": 80, "weight": 0.014388}, {"source": 15, "target": 81, "weight": 0.021978}, {"source": 15, "target": 82, "weight": 0.005405}, {"source": 15, "target": 129, "weight": 0.014493}, {"source": 15, "target": 106, "weight": 0.007752}, {"source": 15, "target": 97, "weight": 0.027027}, {"source": 15, "target": 17, "weight": 0.042857}, {"source": 15, "target": 119, "weight": 0.010204}, {"source": 15, "target": 25, "weight": 0.010753}, {"source": 15, "target": 122, "weight": 0.013889}, {"source": 15, "target": 102, "weight": 0.008197}, {"source": 15, "target": 57, "weight": 0.008475}, {"source": 15, "target": 19, "weight": 0.03125}, {"source": 15, "target": 78, "weight": 0.075758}, {"source": 16, "target": 35, "weight": 0.008403}, {"source": 16, "target": 121, "weight": 0.003745}, {"source": 16, "target": 94, "weight": 0.022727}, {"source": 16, "target": 75, "weight": 0.016129}, {"source": 16, "target": 133, "weight": 0.068966}, {"source": 16, "target": 113, "weight": 0.00813}, {"source": 16, "target": 124, "weight": 0.006849}, {"source": 16, "target": 92, "weight": 0.163636}, {"source": 17, "target": 104, "weight": 0.012165}, {"source": 17, "target": 31, "weight": 0.002915}, {"source": 17, "target": 76, "weight": 0.003497}, {"source": 17, "target": 23, "weight": 0.003922}, {"source": 17, "target": 64, "weight": 0.003067}, {"source": 17, "target": 70, "weight": 0.003937}, {"source": 17, "target": 38, "weight": 0.007168}, {"source": 17, "target": 75, "weight": 0.003484}, {"source": 17, "target": 117, "weight": 0.002994}, {"source": 17, "target": 118, "weight": 0.006431}, {"source": 17, "target": 78, "weight": 0.003817}, {"source": 17, "target": 123, "weight": 0.00277}, {"source": 17, "target": 125, "weight": 0.00277}, {"source": 17, "target": 90, "weight": 0.004938}, {"source": 17, "target": 124, "weight": 0.002695}, {"source": 17, "target": 96, "weight": 0.003788}, {"source": 17, "target": 128, "weight": 0.00365}, {"source": 17, "target": 129, "weight": 0.003831}, {"source": 17, "target": 130, "weight": 0.011287}, {"source": 17, "target": 100, "weight": 0.019531}, {"source": 17, "target": 122, "weight": 0.081633}, {"source": 17, "target": 25, "weight": 0.007042}, {"source": 17, "target": 102, "weight": 0.003185}, {"source": 17, "target": 57, "weight": 0.139194}, {"source": 17, "target": 111, "weight": 0.003704}, {"source": 18, "target": 113, "weight": 0.011278}, {"source": 18, "target": 104, "weight": 0.009524}, {"source": 18, "target": 78, "weight": 0.017241}, {"source": 19, "target": 81, "weight": 0.340909}, {"source": 19, "target": 97, "weight": 0.230769}, {"source": 19, "target": 110, "weight": 0.026316}, {"source": 19, "target": 108, "weight": 0.025641}, {"source": 19, "target": 66, "weight": 0.025974}, {"source": 20, "target": 129, "weight": 0.023256}, {"source": 21, "target": 113, "weight": 0.007692}, {"source": 21, "target": 124, "weight": 0.032051}, {"source": 21, "target": 23, "weight": 0.046512}, {"source": 22, "target": 46, "weight": 0.033333}, {"source": 22, "target": 41, "weight": 0.025}, {"source": 22, "target": 126, "weight": 0.007246}, {"source": 22, "target": 63, "weight": 0.028571}, {"source": 23, "target": 121, "weight": 0.003788}, {"source": 23, "target": 29, "weight": 0.014493}, {"source": 23, "target": 123, "weight": 0.015152}, {"source": 23, "target": 89, "weight": 0.022727}, {"source": 23, "target": 38, "weight": 0.019231}, {"source": 23, "target": 71, "weight": 0.028571}, {"source": 23, "target": 113, "weight": 0.004098}, {"source": 23, "target": 47, "weight": 0.025}, {"source": 23, "target": 56, "weight": 0.043478}, {"source": 23, "target": 91, "weight": 0.006944}, {"source": 23, "target": 124, "weight": 0.006993}, {"source": 23, "target": 119, "weight": 0.016129}, {"source": 24, "target": 104, "weight": 0.005051}, {"source": 24, "target": 130, "weight": 0.013158}, {"source": 24, "target": 31, "weight": 0.03252}, {"source": 24, "target": 83, "weight": 0.030769}, {"source": 24, "target": 125, "weight": 0.028369}, {"source": 24, "target": 90, "weight": 0.010638}, {"source": 24, "target": 117, "weight": 0.017241}, {"source": 24, "target": 57, "weight": 0.010753}, {"source": 24, "target": 126, "weight": 0.06338}, {"source": 24, "target": 114, "weight": 0.016393}, {"source": 25, "target": 35, "weight": 0.088889}, {"source": 25, "target": 80, "weight": 0.007463}, {"source": 25, "target": 82, "weight": 0.011236}, {"source": 25, "target": 123, "weight": 0.006135}, {"source": 25, "target": 106, "weight": 0.00813}, {"source": 25, "target": 98, "weight": 0.030769}, {"source": 25, "target": 107, "weight": 0.014286}, {"source": 25, "target": 34, "weight": 0.028986}, {"source": 25, "target": 119, "weight": 0.01087}, {"source": 26, "target": 76, "weight": 0.007463}, {"source": 26, "target": 107, "weight": 0.035398}, {"source": 26, "target": 130, "weight": 0.00339}, {"source": 26, "target": 85, "weight": 0.007937}, {"source": 26, "target": 64, "weight": 0.011561}, {"source": 26, "target": 90, "weight": 0.003937}, {"source": 26, "target": 117, "weight": 0.005495}, {"source": 26, "target": 48, "weight": 0.009804}, {"source": 26, "target": 57, "weight": 0.019231}, {"source": 26, "target": 79, "weight": 0.03125}, {"source": 27, "target": 113, "weight": 0.004032}, {"source": 27, "target": 90, "weight": 0.005495}, {"source": 27, "target": 85, "weight": 0.018519}, {"source": 28, "target": 124, "weight": 0.013158}, {"source": 28, "target": 123, "weight": 0.006993}, {"source": 29, "target": 58, "weight": 0.012346}, {"source": 29, "target": 123, "weight": 0.005714}, {"source": 29, "target": 32, "weight": 0.014286}, {"source": 29, "target": 70, "weight": 0.014706}, {"source": 29, "target": 55, "weight": 0.009524}, {"source": 29, "target": 56, "weight": 0.015385}, {"source": 29, "target": 117, "weight": 0.006757}, {"source": 29, "target": 113, "weight": 0.014134}, {"source": 29, "target": 124, "weight": 0.016393}, {"source": 29, "target": 57, "weight": 0.008065}, {"source": 30, "target": 124, "weight": 0.014815}, {"source": 30, "target": 107, "weight": 0.030303}, {"source": 30, "target": 130, "weight": 0.009479}, {"source": 30, "target": 123, "weight": 0.016}, {"source": 31, "target": 104, "weight": 0.003636}, {"source": 31, "target": 76, "weight": 0.006849}, {"source": 31, "target": 64, "weight": 0.005376}, {"source": 31, "target": 112, "weight": 0.007874}, {"source": 31, "target": 113, "weight": 0.03096}, {"source": 31, "target": 38, "weight": 0.007143}, {"source": 31, "target": 116, "weight": 0.007353}, {"source": 31, "target": 71, "weight": 0.00813}, {"source": 31, "target": 73, "weight": 0.12381}, {"source": 31, "target": 117, "weight": 0.015625}, {"source": 31, "target": 118, "weight": 0.048485}, {"source": 31, "target": 119, "weight": 0.02027}, {"source": 31, "target": 121, "weight": 0.20068}, {"source": 31, "target": 81, "weight": 0.006944}, {"source": 31, "target": 44, "weight": 0.006135}, {"source": 31, "target": 83, "weight": 0.210084}, {"source": 31, "target": 45, "weight": 0.147287}, {"source": 31, "target": 125, "weight": 0.5}, {"source": 31, "target": 90, "weight": 0.003759}, {"source": 31, "target": 91, "weight": 0.00431}, {"source": 31, "target": 126, "weight": 0.055556}, {"source": 31, "target": 94, "weight": 0.015625}, {"source": 31, "target": 130, "weight": 0.006536}, {"source": 31, "target": 132, "weight": 0.03252}, {"source": 31, "target": 57, "weight": 0.011834}, {"source": 32, "target": 61, "weight": 0.144737}, {"source": 32, "target": 87, "weight": 0.35}, {"source": 32, "target": 40, "weight": 0.025641}, {"source": 32, "target": 77, "weight": 0.029412}, {"source": 33, "target": 53, "weight": 0.038961}, {"source": 34, "target": 104, "weight": 0.005}, {"source": 35, "target": 120, "weight": 0.018519}, {"source": 35, "target": 80, "weight": 0.015707}, {"source": 35, "target": 128, "weight": 0.007407}, {"source": 35, "target": 129, "weight": 0.008197}, {"source": 35, "target": 98, "weight": 0.032787}, {"source": 35, "target": 125, "weight": 0.004505}, {"source": 35, "target": 113, "weight": 0.003003}, {"source": 35, "target": 75, "weight": 0.006757}, {"source": 35, "target": 90, "weight": 0.003745}, {"source": 35, "target": 123, "weight": 0.004505}, {"source": 35, "target": 124, "weight": 0.008658}, {"source": 35, "target": 102, "weight": 0.005714}, {"source": 35, "target": 42, "weight": 0.00885}, {"source": 35, "target": 111, "weight": 0.007634}, {"source": 36, "target": 101, "weight": 0.320755}, {"source": 36, "target": 95, "weight": 0.328947}, {"source": 36, "target": 128, "weight": 0.012987}, {"source": 36, "target": 54, "weight": 0.2125}, {"source": 37, "target": 114, "weight": 0.014925}, {"source": 37, "target": 126, "weight": 0.00641}, {"source": 37, "target": 117, "weight": 0.192308}, {"source": 37, "target": 48, "weight": 0.023256}, {"source": 37, "target": 102, "weight": 0.009709}, {"source": 37, "target": 65, "weight": 0.625}, {"source": 38, "target": 121, "weight": 0.006944}, {"source": 38, "target": 104, "weight": 0.004717}, {"source": 38, "target": 44, "weight": 0.01}, {"source": 38, "target": 130, "weight": 0.00823}, {"source": 38, "target": 125, "weight": 0.006329}, {"source": 38, "target": 71, "weight": 0.525}, {"source": 38, "target": 91, "weight": 0.005917}, {"source": 38, "target": 113, "weight": 0.007463}, {"source": 38, "target": 123, "weight": 0.006329}, {"source": 38, "target": 48, "weight": 0.019608}, {"source": 38, "target": 49, "weight": 0.1}, {"source": 38, "target": 77, "weight": 0.010753}, {"source": 38, "target": 57, "weight": 0.009346}, {"source": 38, "target": 119, "weight": 0.011494}, {"source": 39, "target": 76, "weight": 0.00885}, {"source": 39, "target": 118, "weight": 0.007194}, {"source": 39, "target": 81, "weight": 0.009009}, {"source": 40, "target": 104, "weight": 0.005051}, {"source": 41, "target": 102, "weight": 0.01}, {"source": 41, "target": 126, "weight": 0.124088}, {"source": 41, "target": 130, "weight": 0.008621}, {"source": 42, "target": 102, "weight": 0.012048}, {"source": 42, "target": 68, "weight": 0.045455}, {"source": 44, "target": 104, "weight": 0.012876}, {"source": 44, "target": 58, "weight": 0.011494}, {"source": 44, "target": 130, "weight": 0.011321}, {"source": 44, "target": 125, "weight": 0.005525}, {"source": 44, "target": 122, "weight": 0.011905}, {"source": 44, "target": 117, "weight": 0.006494}, {"source": 45, "target": 104, "weight": 0.004566}, {"source": 45, "target": 130, "weight": 0.003984}, {"source": 45, "target": 83, "weight": 0.011494}, {"source": 45, "target": 125, "weight": 0.006061}, {"source": 45, "target": 64, "weight": 0.007692}, {"source": 45, "target": 113, "weight": 0.003623}, {"source": 45, "target": 118, "weight": 0.008621}, {"source": 46, "target": 102, "weight": 0.011111}, {"source": 46, "target": 63, "weight": 0.025}, {"source": 47, "target": 104, "weight": 0.005}, {"source": 47, "target": 107, "weight": 0.018868}, {"source": 47, "target": 130, "weight": 0.00431}, {"source": 47, "target": 64, "weight": 0.009009}, {"source": 47, "target": 113, "weight": 0.003891}, {"source": 47, "target": 79, "weight": 0.009901}, {"source": 48, "target": 91, "weight": 0.006993}, {"source": 49, "target": 71, "weight": 0.038462}, {"source": 49, "target": 119, "weight": 0.018868}, {"source": 51, "target": 120, "weight": 0.012195}, {"source": 51, "target": 80, "weight": 0.009009}, {"source": 51, "target": 106, "weight": 0.01}, {"source": 52, "target": 79, "weight": 0.009615}, {"source": 54, "target": 121, "weight": 0.003311}, {"source": 54, "target": 95, "weight": 0.009346}, {"source": 54, "target": 81, "weight": 0.010638}, {"source": 54, "target": 89, "weight": 0.012195}, {"source": 54, "target": 101, "weight": 0.283333}, {"source": 54, "target": 66, "weight": 0.008772}, {"source": 55, "target": 120, "weight": 0.009009}, {"source": 55, "target": 80, "weight": 0.007143}, {"source": 55, "target": 129, "weight": 0.014493}, {"source": 55, "target": 82, "weight": 0.016393}, {"source": 55, "target": 97, "weight": 0.017857}, {"source": 55, "target": 74, "weight": 0.032787}, {"source": 55, "target": 124, "weight": 0.005587}, {"source": 55, "target": 118, "weight": 0.008333}, {"source": 56, "target": 124, "weight": 0.007194}, {"source": 56, "target": 126, "weight": 0.007407}, {"source": 56, "target": 60, "weight": 0.017857}, {"source": 57, "target": 105, "weight": 0.007519}, {"source": 57, "target": 107, "weight": 0.010526}, {"source": 57, "target": 64, "weight": 0.006536}, {"source": 57, "target": 113, "weight": 0.006711}, {"source": 57, "target": 60, "weight": 0.008696}, {"source": 57, "target": 75, "weight": 0.017699}, {"source": 57, "target": 67, "weight": 0.027027}, {"source": 57, "target": 119, "weight": 0.026087}, {"source": 57, "target": 121, "weight": 0.009464}, {"source": 57, "target": 123, "weight": 0.005319}, {"source": 57, "target": 83, "weight": 0.009091}, {"source": 57, "target": 86, "weight": 0.017094}, {"source": 57, "target": 90, "weight": 0.012987}, {"source": 57, "target": 91, "weight": 0.015228}, {"source": 57, "target": 125, "weight": 0.010695}, {"source": 57, "target": 126, "weight": 0.010363}, {"source": 57, "target": 130, "weight": 0.011029}, {"source": 57, "target": 100, "weight": 0.035294}, {"source": 57, "target": 122, "weight": 0.033708}, {"source": 57, "target": 132, "weight": 0.010753}, {"source": 57, "target": 103, "weight": 0.009259}, {"source": 58, "target": 61, "weight": 0.020833}, {"source": 58, "target": 130, "weight": 0.008696}, {"source": 58, "target": 84, "weight": 0.007194}, {"source": 58, "target": 107, "weight": 0.019231}, {"source": 58, "target": 131, "weight": 0.007813}, {"source": 58, "target": 112, "weight": 0.019608}, {"source": 58, "target": 117, "weight": 0.008475}, {"source": 58, "target": 126, "weight": 0.006623}, {"source": 59, "target": 128, "weight": 0.021739}, {"source": 60, "target": 124, "weight": 0.005682}, {"source": 60, "target": 123, "weight": 0.006024}, {"source": 60, "target": 85, "weight": 0.02439}, {"source": 61, "target": 130, "weight": 0.00361}, {"source": 61, "target": 64, "weight": 0.00641}, {"source": 61, "target": 117, "weight": 0.006098}, {"source": 61, "target": 113, "weight": 0.01}, {"source": 61, "target": 124, "weight": 0.004975}, {"source": 61, "target": 126, "weight": 0.005076}, {"source": 61, "target": 79, "weight": 0.006849}, {"source": 62, "target": 107, "weight": 0.025}, {"source": 62, "target": 93, "weight": 0.014493}, {"source": 62, "target": 131, "weight": 0.008621}, {"source": 63, "target": 114, "weight": 0.016949}, {"source": 63, "target": 76, "weight": 0.014925}, {"source": 63, "target": 130, "weight": 0.050459}, {"source": 63, "target": 104, "weight": 0.010256}, {"source": 63, "target": 90, "weight": 0.021739}, {"source": 63, "target": 102, "weight": 0.021277}, {"source": 64, "target": 104, "weight": 0.003876}, {"source": 64, "target": 105, "weight": 0.006711}, {"source": 64, "target": 106, "weight": 0.01227}, {"source": 64, "target": 111, "weight": 0.017857}, {"source": 64, "target": 116, "weight": 0.090909}, {"source": 64, "target": 82, "weight": 0.004545}, {"source": 64, "target": 73, "weight": 0.01}, {"source": 64, "target": 77, "weight": 0.007194}, {"source": 64, "target": 79, "weight": 0.006289}, {"source": 64, "target": 120, "weight": 0.006849}, {"source": 64, "target": 121, "weight": 0.002985}, {"source": 64, "target": 123, "weight": 0.004902}, {"source": 64, "target": 126, "weight": 0.004762}, {"source": 64, "target": 96, "weight": 0.009346}, {"source": 64, "target": 131, "weight": 0.010753}, {"source": 64, "target": 103, "weight": 0.02459}, {"source": 65, "target": 121, "weight": 0.00369}, {"source": 65, "target": 114, "weight": 0.017544}, {"source": 65, "target": 105, "weight": 0.011765}, {"source": 65, "target": 86, "weight": 0.014286}, {"source": 65, "target": 93, "weight": 0.013158}, {"source": 65, "target": 117, "weight": 0.212766}, {"source": 65, "target": 126, "weight": 0.006849}, {"source": 66, "target": 81, "weight": 0.152174}, {"source": 66, "target": 90, "weight": 0.004405}, {"source": 66, "target": 108, "weight": 0.011628}, {"source": 68, "target": 102, "weight": 0.011905}, {"source": 68, "target": 126, "weight": 0.007299}, {"source": 69, "target": 107, "weight": 0.047619}, {"source": 69, "target": 70, "weight": 0.034483}, {"source": 69, "target": 90, "weight": 0.005525}, {"source": 70, "target": 89, "weight": 0.023256}, {"source": 71, "target": 123, "weight": 0.007092}, {"source": 71, "target": 130, "weight": 0.004405}, {"source": 71, "target": 125, "weight": 0.007092}, {"source": 71, "target": 113, "weight": 0.007968}, {"source": 72, "target": 120, "weight": 0.011236}, {"source": 72, "target": 80, "weight": 0.008475}, {"source": 72, "target": 104, "weight": 0.01}, {"source": 72, "target": 78, "weight": 0.020833}, {"source": 72, "target": 113, "weight": 0.003876}, {"source": 73, "target": 118, "weight": 0.011628}, {"source": 73, "target": 83, "weight": 0.017544}, {"source": 73, "target": 125, "weight": 0.007407}, {"source": 75, "target": 82, "weight": 0.005525}, {"source": 75, "target": 123, "weight": 0.006061}, {"source": 75, "target": 113, "weight": 0.007273}, {"source": 75, "target": 124, "weight": 0.005714}, {"source": 76, "target": 104, "weight": 0.004587}, {"source": 76, "target": 105, "weight": 0.018519}, {"source": 76, "target": 107, "weight": 0.014085}, {"source": 76, "target": 113, "weight": 0.003636}, {"source": 76, "target": 119, "weight": 0.010753}, {"source": 76, "target": 84, "weight": 0.025806}, {"source": 76, "target": 85, "weight": 0.012346}, {"source": 76, "target": 86, "weight": 0.010638}, {"source": 76, "target": 88, "weight": 0.014493}, {"source": 76, "target": 90, "weight": 0.004785}, {"source": 76, "target": 124, "weight": 0.047904}, {"source": 76, "target": 93, "weight": 0.041237}, {"source": 76, "target": 130, "weight": 0.008032}, {"source": 76, "target": 131, "weight": 0.275862}, {"source": 76, "target": 103, "weight": 0.049383}, {"source": 77, "target": 104, "weight": 0.008811}, {"source": 77, "target": 123, "weight": 0.011561}, {"source": 77, "target": 107, "weight": 0.012346}, {"source": 77, "target": 130, "weight": 0.003846}, {"source": 77, "target": 126, "weight": 0.005556}, {"source": 77, "target": 79, "weight": 0.031746}, {"source": 78, "target": 104, "weight": 0.005155}, {"source": 79, "target": 93, "weight": 0.007692}, {"source": 79, "target": 121, "weight": 0.006173}, {"source": 79, "target": 86, "weight": 0.008065}, {"source": 79, "target": 82, "weight": 0.004762}, {"source": 79, "target": 105, "weight": 0.007194}, {"source": 79, "target": 106, "weight": 0.013072}, {"source": 79, "target": 107, "weight": 0.009901}, {"source": 79, "target": 84, "weight": 0.005319}, {"source": 79, "target": 131, "weight": 0.028902}, {"source": 79, "target": 113, "weight": 0.013245}, {"source": 79, "target": 91, "weight": 0.004878}, {"source": 80, "target": 120, "weight": 0.53}, {"source": 80, "target": 95, "weight": 0.006849}, {"source": 80, "target": 82, "weight": 0.022523}, {"source": 80, "target": 106, "weight": 0.011834}, {"source": 80, "target": 99, "weight": 0.008333}, {"source": 80, "target": 84, "weight": 0.004902}, {"source": 80, "target": 97, "weight": 0.047297}, {"source": 80, "target": 90, "weight": 0.003922}, {"source": 80, "target": 117, "weight": 0.005464}, {"source": 80, "target": 101, "weight": 0.008696}, {"source": 80, "target": 114, "weight": 0.007874}, {"source": 81, "target": 121, "weight": 0.003413}, {"source": 81, "target": 97, "weight": 0.175824}, {"source": 81, "target": 106, "weight": 0.008197}, {"source": 81, "target": 130, "weight": 0.004032}, {"source": 81, "target": 125, "weight": 0.006173}, {"source": 81, "target": 108, "weight": 0.030769}, {"source": 81, "target": 113, "weight": 0.003663}, {"source": 81, "target": 110, "weight": 0.03125}, {"source": 81, "target": 118, "weight": 0.00885}, {"source": 82, "target": 120, "weight": 0.042105}, {"source": 82, "target": 129, "weight": 0.130435}, {"source": 82, "target": 90, "weight": 0.003333}, {"source": 82, "target": 111, "weight": 0.071429}, {"source": 82, "target": 124, "weight": 0.003774}, {"source": 83, "target": 121, "weight": 0.046429}, {"source": 83, "target": 89, "weight": 0.013889}, {"source": 83, "target": 125, "weight": 0.182482}, {"source": 83, "target": 113, "weight": 0.00738}, {"source": 83, "target": 91, "weight": 0.005814}, {"source": 83, "target": 132, "weight": 0.030769}, {"source": 83, "target": 118, "weight": 0.036697}, {"source": 83, "target": 126, "weight": 0.02439}, {"source": 84, "target": 120, "weight": 0.005714}, {"source": 84, "target": 114, "weight": 0.006667}, {"source": 84, "target": 107, "weight": 0.014388}, {"source": 84, "target": 85, "weight": 0.006667}, {"source": 84, "target": 90, "weight": 0.014545}, {"source": 84, "target": 113, "weight": 0.002907}, {"source": 84, "target": 124, "weight": 0.012448}, {"source": 85, "target": 131, "weight": 0.014493}, {"source": 85, "target": 89, "weight": 0.014925}, {"source": 85, "target": 113, "weight": 0.003745}, {"source": 85, "target": 117, "weight": 0.007752}, {"source": 86, "target": 92, "weight": 0.031915}, {"source": 86, "target": 123, "weight": 0.005917}, {"source": 86, "target": 107, "weight": 0.013158}, {"source": 86, "target": 130, "weight": 0.003922}, {"source": 86, "target": 117, "weight": 0.007042}, {"source": 86, "target": 113, "weight": 0.007168}, {"source": 86, "target": 124, "weight": 0.005587}, {"source": 86, "target": 126, "weight": 0.005714}, {"source": 86, "target": 90, "weight": 0.004673}, {"source": 88, "target": 104, "weight": 0.010152}, {"source": 88, "target": 102, "weight": 0.020833}, {"source": 88, "target": 130, "weight": 0.004348}, {"source": 88, "target": 113, "weight": 0.003922}, {"source": 88, "target": 92, "weight": 0.014085}, {"source": 89, "target": 103, "weight": 0.014286}, {"source": 90, "target": 104, "weight": 0.01194}, {"source": 90, "target": 105, "weight": 0.017699}, {"source": 90, "target": 113, "weight": 0.002532}, {"source": 90, "target": 116, "weight": 0.005025}, {"source": 90, "target": 93, "weight": 0.004545}, {"source": 90, "target": 121, "weight": 0.007264}, {"source": 90, "target": 117, "weight": 0.057377}, {"source": 90, "target": 114, "weight": 0.16763}, {"source": 90, "target": 124, "weight": 0.003401}, {"source": 90, "target": 125, "weight": 0.003521}, {"source": 90, "target": 126, "weight": 0.003448}, {"source": 90, "target": 130, "weight": 0.053977}, {"source": 90, "target": 131, "weight": 0.003745}, {"source": 90, "target": 132, "weight": 0.010638}, {"source": 90, "target": 103, "weight": 0.004902}, {"source": 91, "target": 104, "weight": 0.003289}, {"source": 91, "target": 130, "weight": 0.00597}, {"source": 91, "target": 124, "weight": 0.027559}, {"source": 91, "target": 113, "weight": 0.005556}, {"source": 91, "target": 125, "weight": 0.004}, {"source": 91, "target": 126, "weight": 0.003906}, {"source": 92, "target": 121, "weight": 0.003367}, {"source": 92, "target": 128, "weight": 0.052632}, {"source": 92, "target": 105, "weight": 0.018182}, {"source": 92, "target": 133, "weight": 0.270833}, {"source": 92, "target": 113, "weight": 0.007246}, {"source": 92, "target": 94, "weight": 0.442308}, {"source": 93, "target": 104, "weight": 0.004367}, {"source": 93, "target": 107, "weight": 0.024691}, {"source": 93, "target": 117, "weight": 0.006757}, {"source": 93, "target": 124, "weight": 0.01087}, {"source": 94, "target": 128, "weight": 0.070175}, {"source": 95, "target": 120, "weight": 0.008547}, {"source": 95, "target": 128, "weight": 0.011364}, {"source": 97, "target": 120, "weight": 0.058824}, {"source": 97, "target": 108, "weight": 0.333333}, {"source": 99, "target": 120, "weight": 0.010989}, {"source": 100, "target": 113, "weight": 0.004016}, {"source": 101, "target": 120, "weight": 0.011628}, {"source": 102, "target": 121, "weight": 0.003096}, {"source": 102, "target": 104, "weight": 0.008163}, {"source": 102, "target": 123, "weight": 0.005208}, {"source": 102, "target": 130, "weight": 0.003597}, {"source": 102, "target": 113, "weight": 0.0033}, {"source": 102, "target": 117, "weight": 0.018405}, {"source": 102, "target": 126, "weight": 0.015306}, {"source": 103, "target": 104, "weight": 0.004695}, {"source": 103, "target": 123, "weight": 0.012658}, {"source": 103, "target": 129, "weight": 0.016949}, {"source": 103, "target": 107, "weight": 0.030769}, {"source": 103, "target": 130, "weight": 0.004082}, {"source": 103, "target": 124, "weight": 0.024096}, {"source": 104, "target": 113, "weight": 0.027919}, {"source": 104, "target": 117, "weight": 0.003759}, {"source": 104, "target": 121, "weight": 0.011905}, {"source": 104, "target": 123, "weight": 0.006849}, {"source": 104, "target": 125, "weight": 0.003413}, {"source": 104, "target": 124, "weight": 0.0033}, {"source": 104, "target": 126, "weight": 0.016949}, {"source": 104, "target": 130, "weight": 0.043956}, {"source": 104, "target": 122, "weight": 0.015464}, {"source": 104, "target": 119, "weight": 0.004505}, {"source": 104, "target": 132, "weight": 0.005051}, {"source": 104, "target": 111, "weight": 0.015}, {"source": 105, "target": 114, "weight": 0.009901}, {"source": 105, "target": 123, "weight": 0.005435}, {"source": 105, "target": 107, "weight": 0.010989}, {"source": 105, "target": 130, "weight": 0.003704}, {"source": 105, "target": 125, "weight": 0.005435}, {"source": 105, "target": 117, "weight": 0.012821}, {"source": 105, "target": 113, "weight": 0.010239}, {"source": 105, "target": 124, "weight": 0.010363}, {"source": 105, "target": 126, "weight": 0.005263}, {"source": 106, "target": 120, "weight": 0.014286}, {"source": 106, "target": 123, "weight": 0.005025}, {"source": 107, "target": 130, "weight": 0.026432}, {"source": 107, "target": 109, "weight": 0.037037}, {"source": 107, "target": 124, "weight": 0.019481}, {"source": 107, "target": 131, "weight": 0.065574}, {"source": 108, "target": 110, "weight": 0.88}, {"source": 109, "target": 124, "weight": 0.019231}, {"source": 109, "target": 130, "weight": 0.021739}, {"source": 109, "target": 125, "weight": 0.006757}, {"source": 111, "target": 129, "weight": 0.020833}, {"source": 112, "target": 123, "weight": 0.006897}, {"source": 112, "target": 113, "weight": 0.003906}, {"source": 112, "target": 117, "weight": 0.008475}, {"source": 112, "target": 126, "weight": 0.013333}, {"source": 113, "target": 115, "weight": 0.003788}, {"source": 113, "target": 117, "weight": 0.006211}, {"source": 113, "target": 118, "weight": 0.010033}, {"source": 113, "target": 119, "weight": 0.003584}, {"source": 113, "target": 121, "weight": 0.15311}, {"source": 113, "target": 123, "weight": 0.014451}, {"source": 113, "target": 125, "weight": 0.044643}, {"source": 113, "target": 124, "weight": 0.011204}, {"source": 113, "target": 130, "weight": 0.013921}, {"source": 114, "target": 130, "weight": 0.0125}, {"source": 114, "target": 117, "weight": 0.160714}, {"source": 114, "target": 132, "weight": 0.016393}, {"source": 115, "target": 123, "weight": 0.006536}, {"source": 117, "target": 126, "weight": 0.018605}, {"source": 117, "target": 121, "weight": 0.014749}, {"source": 117, "target": 123, "weight": 0.004717}, {"source": 117, "target": 125, "weight": 0.014286}, {"source": 117, "target": 124, "weight": 0.004505}, {"source": 117, "target": 130, "weight": 0.006734}, {"source": 117, "target": 132, "weight": 0.017241}, {"source": 118, "target": 121, "weight": 0.022222}, {"source": 118, "target": 130, "weight": 0.003623}, {"source": 118, "target": 125, "weight": 0.043716}, {"source": 119, "target": 130, "weight": 0.003937}, {"source": 119, "target": 125, "weight": 0.011976}, {"source": 119, "target": 122, "weight": 0.014085}, {"source": 119, "target": 126, "weight": 0.005747}, {"source": 120, "target": 123, "weight": 0.005525}, {"source": 121, "target": 123, "weight": 0.00542}, {"source": 121, "target": 125, "weight": 0.228477}, {"source": 121, "target": 124, "weight": 0.018717}, {"source": 121, "target": 126, "weight": 0.024457}, {"source": 121, "target": 130, "weight": 0.013304}, {"source": 122, "target": 130, "weight": 0.013274}, {"source": 123, "target": 124, "weight": 0.004016}, {"source": 123, "target": 130, "weight": 0.003077}, {"source": 124, "target": 130, "weight": 0.018182}, {"source": 124, "target": 131, "weight": 0.063927}, {"source": 125, "target": 126, "weight": 0.051282}, {"source": 125, "target": 130, "weight": 0.006173}, {"source": 125, "target": 132, "weight": 0.028369}, {"source": 126, "target": 130, "weight": 0.009119}, {"source": 126, "target": 132, "weight": 0.06338}, {"source": 130, "target": 132, "weight": 0.013158}], "multigraph": false}