{"directed": false, "graph": {}, "nodes": [{"group": 0, "id": "gestate", "degree": 5}, {"group": 1, "id": "genial"}, {"group": 0, "id": "geminate"}, {"group": 1, "id": "gee", "degree": 4}, {"group": 2, "id": "generality"}, {"group": 3, "id": "generation", "degree": 3}, {"group": 3, "id": "gentry"}, {"group": 0, "id": "gerrymander", "degree": 3}, {"group": 1, "id": "gently"}, {"group": 5, "id": "generalization"}, {"group": 1, "id": "general"}, {"group": 1, "id": "gentle", "degree": 20}, {"group": 7, "id": "genital", "degree": 5}, {"group": 1, "id": "genteel"}, {"group": 6, "id": "geodetics"}, {"group": 4, "id": "genuflection", "degree": 2}, {"group": 7, "id": "generative", "degree": 7}, {"group": 2, "id": "germ"}, {"group": 3, "id": "geoponics", "degree": 2}, {"group": 5, "id": "getup", "degree": 14}, {"group": 6, "id": "geography"}, {"group": 3, "id": "gentility", "degree": 6}, {"group": 5, "id": "geyser"}, {"group": 3, "id": "genetics"}, {"group": 5, "id": "genotype", "degree": 11}, {"group": 0, "id": "generator"}, {"group": 7, "id": "gentile"}, {"group": 1, "id": "generic"}, {"group": 6, "id": "geology", "degree": 3}, {"group": 1, "id": "gentleman"}, {"group": 1, "id": "generously", "degree": 1}, {"group": 0, "id": "gelding", "degree": 2}, {"group": 2, "id": "germicide", "degree": 1}, {"group": 5, "id": "genius"}, {"group": 7, "id": "genetic"}, {"group": 1, "id": "gerontic"}, {"group": 1, "id": "geld", "degree": 0}, {"group": 0, "id": "germinate", "degree": 4}, {"group": 5, "id": "gesticulation"}, {"group": 0, "id": "gelded"}, {"group": 5, "id": "gestalt"}, {"group": 1, "id": "gentlemanly", "degree": 6}, {"group": 5, "id": "gear", "degree": 12}, {"group": 0, "id": "get", "degree": 33}, {"group": 1, "id": "germane", "degree": 3}, {"group": 3, "id": "generalship", "degree": 0}, {"group": 7, "id": "germinal"}, {"group": 0, "id": "genitor"}, {"group": 1, "id": "geared", "degree": 3}, {"group": 8, "id": "gelatin", "degree": 6}, {"group": 3, "id": "gentleness"}, {"group": 6, "id": "geophysics", "degree": 3}, {"group": 1, "id": "gelid"}, {"group": 5, "id": "genie", "degree": 1}, {"group": 5, "id": "genre", "degree": 19}, {"group": 1, "id": "genuine", "degree": 7}, {"group": 1, "id": "gendarme", "degree": 2}, {"group": 0, "id": "generate", "degree": 11}, {"group": 5, "id": "gem"}, {"group": 8, "id": "gel", "degree": 7}, {"group": 0, "id": "genitals"}, {"group": 5, "id": "gerrymandering", "degree": 0}, {"group": 5, "id": "genus", "degree": 12}, {"group": 8, "id": "gelt"}, {"group": 3, "id": "geniality", "degree": 4}, {"group": 2, "id": "getaway", "degree": 5}, {"group": 8, "id": "gelatinous"}, {"group": 5, "id": "gens"}, {"group": 3, "id": "genesis", "degree": 15}, {"group": 0, "id": "geezer", "degree": 2}, {"group": 3, "id": "generosity", "degree": 7}, {"group": 4, "id": "genuflect", "degree": 1}, {"group": 1, "id": "generous"}, {"group": 2, "id": "genocide", "degree": 1}, {"group": 5, "id": "gewgaw", "degree": 7}, {"group": 0, "id": "gest"}, {"group": 3, "id": "gene", "degree": 7}, {"group": 4, "id": "gesture"}], "links": [{"source": 0, "target": 25, "weight": 0.041667}, {"source": 0, "target": 43, "weight": 0.048077}, {"source": 0, "target": 67, "weight": 0.032787}, {"source": 0, "target": 47, "weight": 0.04878}, {"source": 0, "target": 11, "weight": 0.004329}, {"source": 0, "target": 40, "weight": 0.010526}, {"source": 0, "target": 54, "weight": 0.031579}, {"source": 0, "target": 75, "weight": 0.012048}, {"source": 0, "target": 62, "weight": 0.02439}, {"source": 0, "target": 57, "weight": 0.363636}, {"source": 0, "target": 19, "weight": 0.009259}, {"source": 0, "target": 59, "weight": 0.012821}, {"source": 1, "target": 11, "weight": 0.04811}, {"source": 1, "target": 62, "weight": 0.00641}, {"source": 1, "target": 55, "weight": 0.016043}, {"source": 1, "target": 42, "weight": 0.005051}, {"source": 1, "target": 49, "weight": 0.00625}, {"source": 1, "target": 43, "weight": 0.002506}, {"source": 1, "target": 16, "weight": 0.015385}, {"source": 1, "target": 48, "weight": 0.015873}, {"source": 1, "target": 70, "weight": 0.005882}, {"source": 1, "target": 54, "weight": 0.005882}, {"source": 1, "target": 12, "weight": 0.018349}, {"source": 1, "target": 41, "weight": 0.024194}, {"source": 2, "target": 37, "weight": 0.021739}, {"source": 2, "target": 57, "weight": 0.012987}, {"source": 3, "target": 55, "weight": 0.010101}, {"source": 3, "target": 29, "weight": 0.148148}, {"source": 3, "target": 42, "weight": 0.009259}, {"source": 3, "target": 58, "weight": 0.011905}, {"source": 4, "target": 70, "weight": 0.009524}, {"source": 4, "target": 49, "weight": 0.010526}, {"source": 4, "target": 24, "weight": 0.014286}, {"source": 4, "target": 65, "weight": 0.012048}, {"source": 4, "target": 43, "weight": 0.002994}, {"source": 5, "target": 21, "weight": 0.037037}, {"source": 5, "target": 23, "weight": 0.016393}, {"source": 5, "target": 33, "weight": 0.004975}, {"source": 5, "target": 54, "weight": 0.010101}, {"source": 5, "target": 50, "weight": 0.010417}, {"source": 5, "target": 76, "weight": 0.022222}, {"source": 5, "target": 68, "weight": 0.119403}, {"source": 5, "target": 19, "weight": 0.027778}, {"source": 6, "target": 21, "weight": 0.068182}, {"source": 6, "target": 43, "weight": 0.003135}, {"source": 7, "target": 75, "weight": 0.014493}, {"source": 7, "target": 40, "weight": 0.012346}, {"source": 7, "target": 57, "weight": 0.013333}, {"source": 7, "target": 25, "weight": 0.016667}, {"source": 7, "target": 43, "weight": 0.003205}, {"source": 8, "target": 11, "weight": 0.023256}, {"source": 8, "target": 42, "weight": 0.00885}, {"source": 9, "target": 19, "weight": 0.010638}, {"source": 10, "target": 56, "weight": 0.023256}, {"source": 10, "target": 55, "weight": 0.022321}, {"source": 10, "target": 42, "weight": 0.004219}, {"source": 10, "target": 43, "weight": 0.002283}, {"source": 10, "target": 11, "weight": 0.011765}, {"source": 10, "target": 68, "weight": 0.005435}, {"source": 11, "target": 67, "weight": 0.004274}, {"source": 11, "target": 16, "weight": 0.004348}, {"source": 11, "target": 19, "weight": 0.003571}, {"source": 11, "target": 72, "weight": 0.066456}, {"source": 11, "target": 50, "weight": 0.011364}, {"source": 11, "target": 27, "weight": 0.004587}, {"source": 11, "target": 29, "weight": 0.008032}, {"source": 11, "target": 33, "weight": 0.002695}, {"source": 11, "target": 34, "weight": 0.003937}, {"source": 11, "target": 35, "weight": 0.013699}, {"source": 11, "target": 40, "weight": 0.003745}, {"source": 11, "target": 68, "weight": 0.004098}, {"source": 11, "target": 42, "weight": 0.006757}, {"source": 11, "target": 43, "weight": 0.004024}, {"source": 11, "target": 49, "weight": 0.007752}, {"source": 11, "target": 52, "weight": 0.004115}, {"source": 11, "target": 54, "weight": 0.003717}, {"source": 11, "target": 12, "weight": 0.004785}, {"source": 11, "target": 57, "weight": 0.003831}, {"source": 11, "target": 59, "weight": 0.004}, {"source": 11, "target": 41, "weight": 0.086538}, {"source": 11, "target": 65, "weight": 0.004049}, {"source": 11, "target": 13, "weight": 0.070039}, {"source": 11, "target": 36, "weight": 0.009479}, {"source": 11, "target": 62, "weight": 0.003922}, {"source": 12, "target": 44, "weight": 0.033333}, {"source": 12, "target": 26, "weight": 0.045455}, {"source": 12, "target": 46, "weight": 0.066667}, {"source": 12, "target": 34, "weight": 0.051724}, {"source": 12, "target": 72, "weight": 0.014184}, {"source": 12, "target": 16, "weight": 0.088235}, {"source": 13, "target": 44, "weight": 0.010526}, {"source": 13, "target": 41, "weight": 0.227848}, {"source": 13, "target": 48, "weight": 0.076923}, {"source": 13, "target": 42, "weight": 0.011976}, {"source": 14, "target": 51, "weight": 0.137931}, {"source": 14, "target": 28, "weight": 0.235294}, {"source": 15, "target": 71, "weight": 0.478261}, {"source": 15, "target": 77, "weight": 0.014706}, {"source": 16, "target": 55, "weight": 0.008696}, {"source": 16, "target": 24, "weight": 0.016393}, {"source": 16, "target": 26, "weight": 0.023256}, {"source": 16, "target": 46, "weight": 0.393443}, {"source": 16, "target": 34, "weight": 0.389831}, {"source": 16, "target": 72, "weight": 0.025}, {"source": 16, "target": 68, "weight": 0.028571}, {"source": 17, "target": 62, "weight": 0.012821}, {"source": 17, "target": 43, "weight": 0.003115}, {"source": 17, "target": 32, "weight": 0.021277}, {"source": 17, "target": 54, "weight": 0.01087}, {"source": 17, "target": 37, "weight": 0.018868}, {"source": 17, "target": 19, "weight": 0.009709}, {"source": 18, "target": 21, "weight": 0.068966}, {"source": 18, "target": 50, "weight": 0.028571}, {"source": 19, "target": 23, "weight": 0.009259}, {"source": 19, "target": 24, "weight": 0.009009}, {"source": 19, "target": 43, "weight": 0.008043}, {"source": 19, "target": 33, "weight": 0.028926}, {"source": 19, "target": 65, "weight": 0.008065}, {"source": 19, "target": 40, "weight": 0.035714}, {"source": 19, "target": 54, "weight": 0.097015}, {"source": 19, "target": 75, "weight": 0.023077}, {"source": 19, "target": 62, "weight": 0.031008}, {"source": 19, "target": 57, "weight": 0.022059}, {"source": 19, "target": 42, "weight": 0.047904}, {"source": 20, "target": 51, "weight": 0.142857}, {"source": 20, "target": 28, "weight": 0.25}, {"source": 21, "target": 64, "weight": 0.058824}, {"source": 21, "target": 23, "weight": 0.018868}, {"source": 21, "target": 33, "weight": 0.010417}, {"source": 21, "target": 50, "weight": 0.072289}, {"source": 21, "target": 76, "weight": 0.027027}, {"source": 21, "target": 68, "weight": 0.015152}, {"source": 21, "target": 58, "weight": 0.010526}, {"source": 22, "target": 70, "weight": 0.012195}, {"source": 22, "target": 74, "weight": 0.014286}, {"source": 23, "target": 62, "weight": 0.02439}, {"source": 23, "target": 24, "weight": 0.032787}, {"source": 23, "target": 51, "weight": 0.021277}, {"source": 23, "target": 54, "weight": 0.010309}, {"source": 23, "target": 76, "weight": 0.375}, {"source": 23, "target": 68, "weight": 0.013889}, {"source": 24, "target": 62, "weight": 0.191781}, {"source": 24, "target": 43, "weight": 0.006098}, {"source": 24, "target": 33, "weight": 0.00995}, {"source": 24, "target": 26, "weight": 0.021277}, {"source": 24, "target": 67, "weight": 0.081967}, {"source": 24, "target": 34, "weight": 0.02381}, {"source": 24, "target": 40, "weight": 0.010204}, {"source": 24, "target": 54, "weight": 0.10989}, {"source": 24, "target": 55, "weight": 0.008403}, {"source": 24, "target": 46, "weight": 0.011364}, {"source": 24, "target": 76, "weight": 0.021739}, {"source": 24, "target": 68, "weight": 0.013333}, {"source": 25, "target": 69, "weight": 0.017241}, {"source": 25, "target": 57, "weight": 0.039604}, {"source": 25, "target": 43, "weight": 0.011834}, {"source": 26, "target": 62, "weight": 0.014706}, {"source": 26, "target": 43, "weight": 0.003215}, {"source": 27, "target": 55, "weight": 0.009709}, {"source": 27, "target": 42, "weight": 0.008929}, {"source": 28, "target": 51, "weight": 0.263158}, {"source": 29, "target": 41, "weight": 0.057971}, {"source": 29, "target": 42, "weight": 0.006944}, {"source": 30, "target": 72, "weight": 0.011494}, {"source": 31, "target": 39, "weight": 0.017241}, {"source": 31, "target": 43, "weight": 0.003165}, {"source": 32, "target": 73, "weight": 0.196721}, {"source": 33, "target": 64, "weight": 0.005025}, {"source": 33, "target": 62, "weight": 0.056604}, {"source": 33, "target": 55, "weight": 0.003906}, {"source": 33, "target": 43, "weight": 0.008639}, {"source": 33, "target": 57, "weight": 0.004367}, {"source": 33, "target": 74, "weight": 0.004444}, {"source": 33, "target": 54, "weight": 0.067265}, {"source": 33, "target": 53, "weight": 0.064327}, {"source": 33, "target": 76, "weight": 0.016575}, {"source": 33, "target": 68, "weight": 0.009479}, {"source": 33, "target": 42, "weight": 0.011407}, {"source": 34, "target": 55, "weight": 0.021898}, {"source": 34, "target": 43, "weight": 0.002865}, {"source": 34, "target": 62, "weight": 0.009434}, {"source": 34, "target": 68, "weight": 0.021277}, {"source": 36, "target": 43, "weight": 0.003257}, {"source": 37, "target": 68, "weight": 0.014085}, {"source": 37, "target": 43, "weight": 0.006173}, {"source": 37, "target": 70, "weight": 0.010417}, {"source": 37, "target": 57, "weight": 0.047059}, {"source": 38, "target": 54, "weight": 0.0125}, {"source": 38, "target": 42, "weight": 0.018692}, {"source": 39, "target": 43, "weight": 0.002985}, {"source": 40, "target": 43, "weight": 0.00554}, {"source": 40, "target": 54, "weight": 0.089431}, {"source": 40, "target": 62, "weight": 0.034483}, {"source": 40, "target": 57, "weight": 0.008}, {"source": 40, "target": 42, "weight": 0.018868}, {"source": 41, "target": 56, "weight": 0.017544}, {"source": 41, "target": 42, "weight": 0.008403}, {"source": 41, "target": 72, "weight": 0.039216}, {"source": 42, "target": 62, "weight": 0.006711}, {"source": 42, "target": 43, "weight": 0.005115}, {"source": 42, "target": 72, "weight": 0.004348}, {"source": 42, "target": 48, "weight": 0.008333}, {"source": 42, "target": 74, "weight": 0.006623}, {"source": 42, "target": 77, "weight": 0.014085}, {"source": 42, "target": 54, "weight": 0.018634}, {"source": 42, "target": 75, "weight": 0.013514}, {"source": 43, "target": 67, "weight": 0.015385}, {"source": 43, "target": 47, "weight": 0.006494}, {"source": 43, "target": 48, "weight": 0.003115}, {"source": 43, "target": 52, "weight": 0.002959}, {"source": 43, "target": 75, "weight": 0.011527}, {"source": 43, "target": 54, "weight": 0.00551}, {"source": 43, "target": 57, "weight": 0.081818}, {"source": 43, "target": 58, "weight": 0.008197}, {"source": 43, "target": 60, "weight": 0.003165}, {"source": 43, "target": 65, "weight": 0.002924}, {"source": 43, "target": 70, "weight": 0.00551}, {"source": 43, "target": 73, "weight": 0.00289}, {"source": 43, "target": 53, "weight": 0.003247}, {"source": 43, "target": 62, "weight": 0.008621}, {"source": 43, "target": 77, "weight": 0.002907}, {"source": 44, "target": 48, "weight": 0.116279}, {"source": 45, "target": 70, "weight": 0.012195}, {"source": 46, "target": 55, "weight": 0.007042}, {"source": 46, "target": 68, "weight": 0.020619}, {"source": 47, "target": 69, "weight": 0.038462}, {"source": 47, "target": 49, "weight": 0.014286}, {"source": 47, "target": 57, "weight": 0.028169}, {"source": 47, "target": 59, "weight": 0.016393}, {"source": 49, "target": 63, "weight": 0.013889}, {"source": 49, "target": 70, "weight": 0.008}, {"source": 49, "target": 66, "weight": 0.011494}, {"source": 49, "target": 59, "weight": 0.465753}, {"source": 50, "target": 64, "weight": 0.032609}, {"source": 50, "target": 70, "weight": 0.015267}, {"source": 54, "target": 74, "weight": 0.00813}, {"source": 54, "target": 72, "weight": 0.00495}, {"source": 54, "target": 57, "weight": 0.024}, {"source": 54, "target": 58, "weight": 0.014493}, {"source": 54, "target": 59, "weight": 0.008621}, {"source": 54, "target": 76, "weight": 0.012346}, {"source": 54, "target": 67, "weight": 0.10989}, {"source": 54, "target": 75, "weight": 0.008264}, {"source": 54, "target": 62, "weight": 0.487805}, {"source": 54, "target": 77, "weight": 0.008696}, {"source": 55, "target": 72, "weight": 0.018349}, {"source": 55, "target": 68, "weight": 0.007752}, {"source": 57, "target": 62, "weight": 0.017857}, {"source": 57, "target": 67, "weight": 0.01087}, {"source": 57, "target": 75, "weight": 0.00885}, {"source": 58, "target": 74, "weight": 0.015873}, {"source": 58, "target": 62, "weight": 0.008}, {"source": 59, "target": 63, "weight": 0.015873}, {"source": 59, "target": 66, "weight": 0.012821}, {"source": 61, "target": 74, "weight": 0.014286}, {"source": 62, "target": 67, "weight": 0.16}, {"source": 62, "target": 72, "weight": 0.005319}, {"source": 62, "target": 74, "weight": 0.009174}, {"source": 62, "target": 76, "weight": 0.030303}, {"source": 64, "target": 70, "weight": 0.053763}, {"source": 65, "target": 73, "weight": 0.010526}, {"source": 65, "target": 68, "weight": 0.011364}, {"source": 67, "target": 68, "weight": 0.027027}, {"source": 68, "target": 76, "weight": 0.017857}, {"source": 70, "target": 72, "weight": 0.015}, {"source": 71, "target": 77, "weight": 0.016667}, {"source": 74, "target": 77, "weight": 0.009709}], "multigraph": false}