{"directed": false, "graph": {}, "nodes": [{"group": 0, "id": "ghost"}, {"group": 0, "id": "ghostwrite", "degree": 2}, {"group": 1, "id": "ghoulish"}, {"group": 1, "id": "ghastly", "degree": 2}, {"group": 1, "id": "ghostly"}, {"group": 2, "id": "ghettoize", "degree": 0}, {"group": 0, "id": "ghoul", "degree": 2}], "links": [{"source": 0, "target": 1, "weight": 0.120805}, {"source": 0, "target": 6, "weight": 0.107784}, {"source": 1, "target": 6, "weight": 0.018182}, {"source": 2, "target": 3, "weight": 0.224299}, {"source": 3, "target": 4, "weight": 0.153153}, {"source": 4, "target": 6, "weight": 0.012048}], "multigraph": false}