{"directed": false, "graph": {}, "nodes": [{"group": 0, "id": "gizzard", "degree": 2}, {"group": 1, "id": "gigolo", "degree": 0}, {"group": 2, "id": "give", "degree": 14}, {"group": 0, "id": "ginger"}, {"group": 2, "id": "girlish"}, {"group": 3, "id": "gird", "degree": 3}, {"group": 2, "id": "girl"}, {"group": 4, "id": "gimmick", "degree": 7}, {"group": 4, "id": "gizmo"}, {"group": 2, "id": "giddy", "degree": 3}, {"group": 5, "id": "gilded"}, {"group": 4, "id": "given"}, {"group": 2, "id": "giving", "degree": 4}, {"group": 6, "id": "gingerly", "degree": 0}, {"group": 4, "id": "gig", "degree": 3}, {"group": 4, "id": "gin"}, {"group": 3, "id": "giver", "degree": 0}, {"group": 2, "id": "gill", "degree": 4}, {"group": 3, "id": "gibe", "degree": 3}, {"group": 0, "id": "gist", "degree": 7}, {"group": 5, "id": "gild"}, {"group": 7, "id": "giant"}, {"group": 8, "id": "giraffe", "degree": 0}, {"group": 2, "id": "giveaway"}, {"group": 5, "id": "gilt", "degree": 13}, {"group": 4, "id": "gimcrack"}, {"group": 9, "id": "gibber"}, {"group": 7, "id": "gigantic", "degree": 1}, {"group": 2, "id": "gift"}, {"group": 3, "id": "girdle", "degree": 9}, {"group": 4, "id": "gifted", "degree": 1}, {"group": 9, "id": "gibbering", "degree": 2}, {"group": 5, "id": "gingerbread"}, {"group": 9, "id": "gibberish"}, {"group": 3, "id": "girth"}, {"group": 0, "id": "giblets", "degree": 1}], "links": [{"source": 0, "target": 19, "weight": 0.013699}, {"source": 0, "target": 3, "weight": 0.013889}, {"source": 0, "target": 35, "weight": 0.518519}, {"source": 2, "target": 17, "weight": 0.005}, {"source": 2, "target": 19, "weight": 0.007576}, {"source": 2, "target": 28, "weight": 0.169903}, {"source": 2, "target": 20, "weight": 0.004184}, {"source": 2, "target": 29, "weight": 0.010909}, {"source": 2, "target": 5, "weight": 0.009217}, {"source": 2, "target": 3, "weight": 0.010582}, {"source": 2, "target": 14, "weight": 0.005155}, {"source": 2, "target": 12, "weight": 0.019685}, {"source": 2, "target": 31, "weight": 0.005682}, {"source": 2, "target": 23, "weight": 0.004695}, {"source": 2, "target": 24, "weight": 0.003676}, {"source": 2, "target": 25, "weight": 0.004367}, {"source": 2, "target": 7, "weight": 0.007326}, {"source": 2, "target": 26, "weight": 0.004184}, {"source": 2, "target": 6, "weight": 0.004673}, {"source": 2, "target": 34, "weight": 0.003891}, {"source": 3, "target": 14, "weight": 0.016949}, {"source": 3, "target": 35, "weight": 0.015625}, {"source": 3, "target": 19, "weight": 0.007692}, {"source": 4, "target": 9, "weight": 0.006289}, {"source": 4, "target": 12, "weight": 0.006757}, {"source": 5, "target": 18, "weight": 0.046296}, {"source": 5, "target": 29, "weight": 0.257353}, {"source": 5, "target": 24, "weight": 0.006061}, {"source": 5, "target": 25, "weight": 0.008197}, {"source": 5, "target": 34, "weight": 0.188976}, {"source": 6, "target": 17, "weight": 0.046512}, {"source": 6, "target": 29, "weight": 0.012121}, {"source": 7, "target": 17, "weight": 0.006711}, {"source": 7, "target": 11, "weight": 0.012346}, {"source": 7, "target": 19, "weight": 0.018957}, {"source": 7, "target": 20, "weight": 0.021622}, {"source": 7, "target": 25, "weight": 0.065476}, {"source": 7, "target": 14, "weight": 0.006993}, {"source": 7, "target": 32, "weight": 0.006944}, {"source": 7, "target": 24, "weight": 0.018349}, {"source": 7, "target": 15, "weight": 0.00641}, {"source": 7, "target": 34, "weight": 0.004854}, {"source": 7, "target": 8, "weight": 0.230088}, {"source": 8, "target": 19, "weight": 0.007752}, {"source": 9, "target": 24, "weight": 0.00463}, {"source": 9, "target": 27, "weight": 0.005495}, {"source": 9, "target": 25, "weight": 0.00578}, {"source": 10, "target": 24, "weight": 0.162393}, {"source": 11, "target": 12, "weight": 0.006803}, {"source": 11, "target": 30, "weight": 0.014706}, {"source": 12, "target": 27, "weight": 0.005848}, {"source": 12, "target": 28, "weight": 0.011628}, {"source": 14, "target": 15, "weight": 0.026667}, {"source": 15, "target": 29, "weight": 0.006289}, {"source": 16, "target": 29, "weight": 0.007874}, {"source": 17, "target": 23, "weight": 0.011364}, {"source": 18, "target": 29, "weight": 0.005848}, {"source": 18, "target": 23, "weight": 0.009346}, {"source": 18, "target": 25, "weight": 0.016393}, {"source": 18, "target": 34, "weight": 0.006623}, {"source": 19, "target": 28, "weight": 0.005556}, {"source": 19, "target": 35, "weight": 0.014493}, {"source": 19, "target": 24, "weight": 0.004717}, {"source": 19, "target": 34, "weight": 0.025907}, {"source": 20, "target": 24, "weight": 0.033149}, {"source": 21, "target": 27, "weight": 0.333333}, {"source": 23, "target": 24, "weight": 0.00625}, {"source": 24, "target": 25, "weight": 0.017241}, {"source": 24, "target": 32, "weight": 0.117188}, {"source": 24, "target": 33, "weight": 0.019355}, {"source": 24, "target": 26, "weight": 0.016304}, {"source": 24, "target": 34, "weight": 0.004902}, {"source": 26, "target": 31, "weight": 0.166667}, {"source": 28, "target": 29, "weight": 0.005208}, {"source": 29, "target": 35, "weight": 0.006623}, {"source": 29, "target": 34, "weight": 0.22093}, {"source": 31, "target": 33, "weight": 0.050847}], "multigraph": false}