{"directed": false, "graph": {}, "nodes": [{"group": 0, "id": "glaze"}, {"group": 1, "id": "glut"}, {"group": 2, "id": "global", "degree": 15}, {"group": 3, "id": "glaucous"}, {"group": 1, "id": "glue", "degree": 13}, {"group": 3, "id": "glabrous"}, {"group": 4, "id": "glen", "degree": 3}, {"group": 0, "id": "glimpse"}, {"group": 3, "id": "glide"}, {"group": 5, "id": "glee", "degree": 7}, {"group": 2, "id": "glowing", "degree": 27}, {"group": 0, "id": "glandular"}, {"group": 2, "id": "gluttonous", "degree": 6}, {"group": 1, "id": "gleet"}, {"group": 0, "id": "glowworm", "degree": 9}, {"group": 5, "id": "glorify", "degree": 11}, {"group": 6, "id": "gluey"}, {"group": 1, "id": "glyphic", "degree": 0}, {"group": 5, "id": "gloomy"}, {"group": 3, "id": "glazed"}, {"group": 6, "id": "glutted", "degree": 6}, {"group": 5, "id": "gloom"}, {"group": 2, "id": "gluttony", "degree": 4}, {"group": 5, "id": "glory"}, {"group": 4, "id": "globule", "degree": 5}, {"group": 3, "id": "glasses"}, {"group": 3, "id": "glassy"}, {"group": 5, "id": "glare", "degree": 27}, {"group": 4, "id": "globe", "degree": 3}, {"group": 5, "id": "gladness"}, {"group": 3, "id": "glottal", "degree": 17}, {"group": 5, "id": "gloominess"}, {"group": 6, "id": "gladiator", "degree": 1}, {"group": 5, "id": "glamorize", "degree": 6}, {"group": 0, "id": "glistening"}, {"group": 3, "id": "glissade", "degree": 14}, {"group": 5, "id": "gladden", "degree": 5}, {"group": 1, "id": "glacial"}, {"group": 3, "id": "glibness"}, {"group": 5, "id": "gloat"}, {"group": 5, "id": "glorification"}, {"group": 1, "id": "gleaning", "degree": 1}, {"group": 5, "id": "glaucoma", "degree": 3}, {"group": 4, "id": "glade", "degree": 4}, {"group": 3, "id": "glissando", "degree": 7}, {"group": 2, "id": "gleeful"}, {"group": 7, "id": "glossematics", "degree": 0}, {"group": 2, "id": "glorious"}, {"group": 0, "id": "glittering"}, {"group": 2, "id": "gladsome"}, {"group": 6, "id": "glutinous", "degree": 11}, {"group": 5, "id": "gloaming", "degree": 2}, {"group": 2, "id": "gleaming"}, {"group": 0, "id": "glance", "degree": 27}, {"group": 0, "id": "glitter"}, {"group": 8, "id": "globate", "degree": 2}, {"group": 0, "id": "glisten"}, {"group": 0, "id": "gleam"}, {"group": 1, "id": "glean", "degree": 4}, {"group": 0, "id": "gloss"}, {"group": 0, "id": "glimmering"}, {"group": 0, "id": "glimmer", "degree": 17}, {"group": 3, "id": "glace"}, {"group": 3, "id": "glib"}, {"group": 1, "id": "gluten"}, {"group": 3, "id": "glacis", "degree": 2}, {"group": 5, "id": "glamour", "degree": 11}, {"group": 3, "id": "glass", "degree": 23}, {"group": 9, "id": "glyptic", "degree": 2}, {"group": 10, "id": "glockenspiel", "degree": 0}, {"group": 2, "id": "glad"}, {"group": 2, "id": "glamorous"}, {"group": 2, "id": "glorified"}, {"group": 0, "id": "glossary"}, {"group": 3, "id": "glossal"}, {"group": 3, "id": "glossy"}, {"group": 2, "id": "gland", "degree": 1}, {"group": 9, "id": "glyph", "degree": 2}, {"group": 3, "id": "glacier"}, {"group": 0, "id": "glint", "degree": 20}, {"group": 8, "id": "globular", "degree": 0}, {"group": 1, "id": "glair", "degree": 11}, {"group": 3, "id": "glassware", "degree": 13}, {"group": 2, "id": "glaring", "degree": 17}, {"group": 6, "id": "gloppy", "degree": 3}, {"group": 1, "id": "glop"}, {"group": 3, "id": "glim"}, {"group": 0, "id": "glow", "degree": 21}, {"group": 5, "id": "glower", "degree": 10}, {"group": 11, "id": "glasshouse", "degree": 0}, {"group": 3, "id": "glancing", "degree": 3}, {"group": 2, "id": "glutton", "degree": 1}], "links": [{"source": 0, "target": 15, "weight": 0.006173}, {"source": 0, "target": 27, "weight": 0.02451}, {"source": 0, "target": 88, "weight": 0.007092}, {"source": 0, "target": 79, "weight": 0.041958}, {"source": 0, "target": 35, "weight": 0.014815}, {"source": 0, "target": 43, "weight": 0.007143}, {"source": 0, "target": 66, "weight": 0.005882}, {"source": 0, "target": 67, "weight": 0.105882}, {"source": 0, "target": 81, "weight": 0.019481}, {"source": 0, "target": 44, "weight": 0.007246}, {"source": 0, "target": 68, "weight": 0.014599}, {"source": 0, "target": 61, "weight": 0.0125}, {"source": 0, "target": 53, "weight": 0.081731}, {"source": 0, "target": 4, "weight": 0.019417}, {"source": 0, "target": 82, "weight": 0.007874}, {"source": 0, "target": 87, "weight": 0.040984}, {"source": 1, "target": 81, "weight": 0.01}, {"source": 1, "target": 4, "weight": 0.006536}, {"source": 1, "target": 22, "weight": 0.009009}, {"source": 1, "target": 20, "weight": 0.011111}, {"source": 1, "target": 87, "weight": 0.005076}, {"source": 2, "target": 63, "weight": 0.008065}, {"source": 2, "target": 16, "weight": 0.007634}, {"source": 2, "target": 23, "weight": 0.004673}, {"source": 2, "target": 8, "weight": 0.008889}, {"source": 2, "target": 74, "weight": 0.007463}, {"source": 2, "target": 59, "weight": 0.003195}, {"source": 2, "target": 80, "weight": 0.04}, {"source": 2, "target": 28, "weight": 0.008547}, {"source": 2, "target": 5, "weight": 0.011628}, {"source": 2, "target": 67, "weight": 0.006803}, {"source": 2, "target": 30, "weight": 0.006667}, {"source": 2, "target": 47, "weight": 0.009259}, {"source": 2, "target": 12, "weight": 0.007194}, {"source": 2, "target": 83, "weight": 0.104575}, {"source": 2, "target": 55, "weight": 0.04}, {"source": 2, "target": 20, "weight": 0.009434}, {"source": 2, "target": 75, "weight": 0.009709}, {"source": 3, "target": 67, "weight": 0.025862}, {"source": 3, "target": 81, "weight": 0.023256}, {"source": 3, "target": 30, "weight": 0.008264}, {"source": 3, "target": 82, "weight": 0.017241}, {"source": 3, "target": 4, "weight": 0.007143}, {"source": 3, "target": 87, "weight": 0.010929}, {"source": 4, "target": 63, "weight": 0.006849}, {"source": 4, "target": 16, "weight": 0.013158}, {"source": 4, "target": 59, "weight": 0.005988}, {"source": 4, "target": 64, "weight": 0.350515}, {"source": 4, "target": 28, "weight": 0.007194}, {"source": 4, "target": 58, "weight": 0.04065}, {"source": 4, "target": 50, "weight": 0.015504}, {"source": 4, "target": 67, "weight": 0.011905}, {"source": 4, "target": 24, "weight": 0.008547}, {"source": 4, "target": 81, "weight": 0.32381}, {"source": 4, "target": 38, "weight": 0.008772}, {"source": 4, "target": 85, "weight": 0.314815}, {"source": 4, "target": 13, "weight": 0.008621}, {"source": 4, "target": 68, "weight": 0.008333}, {"source": 5, "target": 67, "weight": 0.035714}, {"source": 5, "target": 30, "weight": 0.011236}, {"source": 5, "target": 83, "weight": 0.009346}, {"source": 6, "target": 28, "weight": 0.017857}, {"source": 6, "target": 43, "weight": 0.025641}, {"source": 6, "target": 8, "weight": 0.006061}, {"source": 7, "target": 15, "weight": 0.012658}, {"source": 7, "target": 27, "weight": 0.02439}, {"source": 7, "target": 79, "weight": 0.03125}, {"source": 7, "target": 14, "weight": 0.042553}, {"source": 7, "target": 61, "weight": 0.067568}, {"source": 7, "target": 53, "weight": 0.075758}, {"source": 7, "target": 87, "weight": 0.017857}, {"source": 8, "target": 15, "weight": 0.004975}, {"source": 8, "target": 27, "weight": 0.004049}, {"source": 8, "target": 67, "weight": 0.013393}, {"source": 8, "target": 79, "weight": 0.005348}, {"source": 8, "target": 28, "weight": 0.005102}, {"source": 8, "target": 50, "weight": 0.010753}, {"source": 8, "target": 35, "weight": 0.142857}, {"source": 8, "target": 12, "weight": 0.004587}, {"source": 8, "target": 24, "weight": 0.005747}, {"source": 8, "target": 10, "weight": 0.003175}, {"source": 8, "target": 44, "weight": 0.059524}, {"source": 8, "target": 30, "weight": 0.493506}, {"source": 8, "target": 90, "weight": 0.005988}, {"source": 8, "target": 53, "weight": 0.015385}, {"source": 8, "target": 83, "weight": 0.004049}, {"source": 8, "target": 82, "weight": 0.006024}, {"source": 8, "target": 87, "weight": 0.006873}, {"source": 9, "target": 27, "weight": 0.007407}, {"source": 9, "target": 23, "weight": 0.01676}, {"source": 9, "target": 29, "weight": 0.510638}, {"source": 9, "target": 66, "weight": 0.010309}, {"source": 9, "target": 38, "weight": 0.016949}, {"source": 9, "target": 39, "weight": 0.034483}, {"source": 9, "target": 36, "weight": 0.033333}, {"source": 9, "target": 54, "weight": 0.011905}, {"source": 9, "target": 40, "weight": 0.043478}, {"source": 10, "target": 49, "weight": 0.169399}, {"source": 10, "target": 26, "weight": 0.021164}, {"source": 10, "target": 27, "weight": 0.003891}, {"source": 10, "target": 52, "weight": 0.094972}, {"source": 10, "target": 54, "weight": 0.004854}, {"source": 10, "target": 34, "weight": 0.035088}, {"source": 10, "target": 79, "weight": 0.005076}, {"source": 10, "target": 59, "weight": 0.004988}, {"source": 10, "target": 60, "weight": 0.009346}, {"source": 10, "target": 62, "weight": 0.022727}, {"source": 10, "target": 12, "weight": 0.008811}, {"source": 10, "target": 83, "weight": 0.044534}, {"source": 10, "target": 15, "weight": 0.004739}, {"source": 10, "target": 86, "weight": 0.005747}, {"source": 10, "target": 18, "weight": 0.004082}, {"source": 10, "target": 19, "weight": 0.011364}, {"source": 10, "target": 37, "weight": 0.009756}, {"source": 10, "target": 70, "weight": 0.214286}, {"source": 10, "target": 87, "weight": 0.016779}, {"source": 10, "target": 71, "weight": 0.105263}, {"source": 10, "target": 23, "weight": 0.0033}, {"source": 10, "target": 72, "weight": 0.030769}, {"source": 10, "target": 88, "weight": 0.005263}, {"source": 10, "target": 74, "weight": 0.004484}, {"source": 10, "target": 75, "weight": 0.021164}, {"source": 10, "target": 45, "weight": 0.045198}, {"source": 10, "target": 30, "weight": 0.004184}, {"source": 10, "target": 47, "weight": 0.108303}, {"source": 10, "target": 48, "weight": 0.015957}, {"source": 11, "target": 53, "weight": 0.008264}, {"source": 12, "target": 22, "weight": 0.025641}, {"source": 12, "target": 72, "weight": 0.009709}, {"source": 12, "target": 74, "weight": 0.007937}, {"source": 12, "target": 49, "weight": 0.008621}, {"source": 12, "target": 76, "weight": 0.014085}, {"source": 12, "target": 30, "weight": 0.007042}, {"source": 12, "target": 70, "weight": 0.00813}, {"source": 12, "target": 91, "weight": 0.021053}, {"source": 12, "target": 83, "weight": 0.018987}, {"source": 12, "target": 47, "weight": 0.02439}, {"source": 13, "target": 81, "weight": 0.015873}, {"source": 13, "target": 87, "weight": 0.00625}, {"source": 14, "target": 27, "weight": 0.008929}, {"source": 14, "target": 56, "weight": 0.666667}, {"source": 14, "target": 87, "weight": 0.019355}, {"source": 14, "target": 79, "weight": 0.152174}, {"source": 14, "target": 60, "weight": 0.290909}, {"source": 14, "target": 61, "weight": 0.32}, {"source": 14, "target": 57, "weight": 0.216216}, {"source": 14, "target": 34, "weight": 0.142857}, {"source": 14, "target": 53, "weight": 0.04878}, {"source": 14, "target": 83, "weight": 0.008929}, {"source": 14, "target": 54, "weight": 0.347826}, {"source": 14, "target": 48, "weight": 0.095238}, {"source": 15, "target": 27, "weight": 0.006993}, {"source": 15, "target": 72, "weight": 0.011628}, {"source": 15, "target": 59, "weight": 0.003472}, {"source": 15, "target": 71, "weight": 0.008621}, {"source": 15, "target": 23, "weight": 0.027027}, {"source": 15, "target": 36, "weight": 0.029412}, {"source": 15, "target": 53, "weight": 0.012658}, {"source": 15, "target": 33, "weight": 0.327273}, {"source": 15, "target": 47, "weight": 0.005208}, {"source": 15, "target": 40, "weight": 0.038961}, {"source": 16, "target": 50, "weight": 0.576271}, {"source": 16, "target": 81, "weight": 0.01}, {"source": 16, "target": 84, "weight": 0.022222}, {"source": 16, "target": 30, "weight": 0.030534}, {"source": 16, "target": 20, "weight": 0.05814}, {"source": 16, "target": 32, "weight": 0.011111}, {"source": 17, "target": 58, "weight": 0.020408}, {"source": 18, "target": 30, "weight": 0.006289}, {"source": 18, "target": 50, "weight": 0.008547}, {"source": 18, "target": 27, "weight": 0.011364}, {"source": 19, "target": 67, "weight": 0.011364}, {"source": 19, "target": 53, "weight": 0.016129}, {"source": 19, "target": 35, "weight": 0.027027}, {"source": 20, "target": 49, "weight": 0.012048}, {"source": 20, "target": 47, "weight": 0.011429}, {"source": 20, "target": 70, "weight": 0.011111}, {"source": 21, "target": 88, "weight": 0.09375}, {"source": 21, "target": 42, "weight": 0.021277}, {"source": 21, "target": 27, "weight": 0.070313}, {"source": 21, "target": 51, "weight": 0.043478}, {"source": 21, "target": 87, "weight": 0.005525}, {"source": 22, "target": 54, "weight": 0.010309}, {"source": 22, "target": 27, "weight": 0.006757}, {"source": 22, "target": 90, "weight": 0.014706}, {"source": 23, "target": 66, "weight": 0.076087}, {"source": 23, "target": 27, "weight": 0.072727}, {"source": 23, "target": 67, "weight": 0.004673}, {"source": 23, "target": 88, "weight": 0.005952}, {"source": 23, "target": 79, "weight": 0.017341}, {"source": 23, "target": 28, "weight": 0.010929}, {"source": 23, "target": 24, "weight": 0.006173}, {"source": 23, "target": 30, "weight": 0.004608}, {"source": 23, "target": 36, "weight": 0.0125}, {"source": 23, "target": 53, "weight": 0.012048}, {"source": 23, "target": 87, "weight": 0.072519}, {"source": 23, "target": 82, "weight": 0.006494}, {"source": 23, "target": 33, "weight": 0.006098}, {"source": 24, "target": 67, "weight": 0.010526}, {"source": 24, "target": 28, "weight": 0.346939}, {"source": 25, "target": 67, "weight": 0.012048}, {"source": 26, "target": 67, "weight": 0.009709}, {"source": 26, "target": 53, "weight": 0.014388}, {"source": 26, "target": 35, "weight": 0.019231}, {"source": 26, "target": 82, "weight": 0.023256}, {"source": 27, "target": 59, "weight": 0.030769}, {"source": 27, "target": 29, "weight": 0.02459}, {"source": 27, "target": 31, "weight": 0.009615}, {"source": 27, "target": 54, "weight": 0.177966}, {"source": 27, "target": 53, "weight": 0.107527}, {"source": 27, "target": 56, "weight": 0.044643}, {"source": 27, "target": 57, "weight": 0.089286}, {"source": 27, "target": 60, "weight": 0.006803}, {"source": 27, "target": 61, "weight": 0.028777}, {"source": 27, "target": 87, "weight": 0.124402}, {"source": 27, "target": 86, "weight": 0.009434}, {"source": 27, "target": 66, "weight": 0.062937}, {"source": 27, "target": 39, "weight": 0.085714}, {"source": 27, "target": 40, "weight": 0.008}, {"source": 27, "target": 88, "weight": 0.217822}, {"source": 27, "target": 79, "weight": 0.181818}, {"source": 28, "target": 67, "weight": 0.008547}, {"source": 28, "target": 60, "weight": 0.010417}, {"source": 28, "target": 61, "weight": 0.010989}, {"source": 29, "target": 36, "weight": 0.040816}, {"source": 29, "target": 66, "weight": 0.035714}, {"source": 29, "target": 87, "weight": 0.005917}, {"source": 30, "target": 49, "weight": 0.007874}, {"source": 30, "target": 50, "weight": 0.018182}, {"source": 30, "target": 57, "weight": 0.009709}, {"source": 30, "target": 59, "weight": 0.01278}, {"source": 30, "target": 35, "weight": 0.010101}, {"source": 30, "target": 82, "weight": 0.011111}, {"source": 30, "target": 83, "weight": 0.005848}, {"source": 30, "target": 63, "weight": 0.015873}, {"source": 30, "target": 86, "weight": 0.011364}, {"source": 30, "target": 67, "weight": 0.013423}, {"source": 30, "target": 70, "weight": 0.007463}, {"source": 30, "target": 87, "weight": 0.00463}, {"source": 30, "target": 72, "weight": 0.008772}, {"source": 30, "target": 74, "weight": 0.769231}, {"source": 30, "target": 44, "weight": 0.009901}, {"source": 30, "target": 90, "weight": 0.010989}, {"source": 30, "target": 47, "weight": 0.004545}, {"source": 31, "target": 88, "weight": 0.055556}, {"source": 31, "target": 42, "weight": 0.066667}, {"source": 32, "target": 50, "weight": 0.014925}, {"source": 33, "target": 66, "weight": 0.0125}, {"source": 33, "target": 36, "weight": 0.022727}, {"source": 33, "target": 40, "weight": 0.018519}, {"source": 33, "target": 87, "weight": 0.006135}, {"source": 34, "target": 61, "weight": 0.068966}, {"source": 35, "target": 63, "weight": 0.013699}, {"source": 35, "target": 74, "weight": 0.012048}, {"source": 35, "target": 59, "weight": 0.003817}, {"source": 35, "target": 67, "weight": 0.010417}, {"source": 35, "target": 44, "weight": 0.263158}, {"source": 35, "target": 52, "weight": 0.018182}, {"source": 35, "target": 75, "weight": 0.039216}, {"source": 35, "target": 62, "weight": 0.025641}, {"source": 35, "target": 53, "weight": 0.022901}, {"source": 36, "target": 39, "weight": 0.025641}, {"source": 37, "target": 41, "weight": 0.019608}, {"source": 37, "target": 84, "weight": 0.012987}, {"source": 37, "target": 83, "weight": 0.007246}, {"source": 37, "target": 67, "weight": 0.008547}, {"source": 38, "target": 81, "weight": 0.016393}, {"source": 38, "target": 44, "weight": 0.023256}, {"source": 39, "target": 88, "weight": 0.175}, {"source": 39, "target": 79, "weight": 0.018868}, {"source": 39, "target": 66, "weight": 0.013333}, {"source": 39, "target": 61, "weight": 0.015152}, {"source": 39, "target": 53, "weight": 0.015625}, {"source": 39, "target": 87, "weight": 0.006329}, {"source": 40, "target": 66, "weight": 0.023256}, {"source": 40, "target": 87, "weight": 0.005882}, {"source": 41, "target": 58, "weight": 0.052632}, {"source": 42, "target": 83, "weight": 0.01}, {"source": 43, "target": 63, "weight": 0.012987}, {"source": 43, "target": 59, "weight": 0.003759}, {"source": 43, "target": 85, "weight": 0.013889}, {"source": 43, "target": 83, "weight": 0.008264}, {"source": 44, "target": 74, "weight": 0.011765}, {"source": 44, "target": 67, "weight": 0.010204}, {"source": 44, "target": 53, "weight": 0.007407}, {"source": 44, "target": 75, "weight": 0.018519}, {"source": 47, "target": 83, "weight": 0.043668}, {"source": 47, "target": 87, "weight": 0.003534}, {"source": 48, "target": 83, "weight": 0.016529}, {"source": 48, "target": 61, "weight": 0.055556}, {"source": 49, "target": 83, "weight": 0.006897}, {"source": 50, "target": 64, "weight": 0.014493}, {"source": 50, "target": 74, "weight": 0.021277}, {"source": 50, "target": 84, "weight": 0.029851}, {"source": 50, "target": 81, "weight": 0.012987}, {"source": 50, "target": 85, "weight": 0.0125}, {"source": 51, "target": 87, "weight": 0.013889}, {"source": 52, "target": 67, "weight": 0.009434}, {"source": 52, "target": 53, "weight": 0.014085}, {"source": 53, "target": 54, "weight": 0.099291}, {"source": 53, "target": 56, "weight": 0.081301}, {"source": 53, "target": 78, "weight": 0.008333}, {"source": 53, "target": 79, "weight": 0.237288}, {"source": 53, "target": 59, "weight": 0.063636}, {"source": 53, "target": 60, "weight": 0.100671}, {"source": 53, "target": 61, "weight": 0.119718}, {"source": 53, "target": 75, "weight": 0.014388}, {"source": 53, "target": 63, "weight": 0.006211}, {"source": 53, "target": 62, "weight": 0.015873}, {"source": 53, "target": 65, "weight": 0.006667}, {"source": 53, "target": 66, "weight": 0.005988}, {"source": 53, "target": 67, "weight": 0.005435}, {"source": 53, "target": 86, "weight": 0.008197}, {"source": 53, "target": 87, "weight": 0.100877}, {"source": 53, "target": 73, "weight": 0.007813}, {"source": 53, "target": 88, "weight": 0.014599}, {"source": 53, "target": 90, "weight": 0.016129}, {"source": 53, "target": 57, "weight": 0.140496}, {"source": 54, "target": 88, "weight": 0.014085}, {"source": 54, "target": 79, "weight": 0.19697}, {"source": 54, "target": 66, "weight": 0.020202}, {"source": 54, "target": 61, "weight": 0.277778}, {"source": 54, "target": 83, "weight": 0.007246}, {"source": 54, "target": 87, "weight": 0.069767}, {"source": 55, "target": 80, "weight": 0.6}, {"source": 56, "target": 79, "weight": 0.1875}, {"source": 56, "target": 61, "weight": 0.4}, {"source": 56, "target": 83, "weight": 0.008621}, {"source": 56, "target": 87, "weight": 0.045161}, {"source": 57, "target": 88, "weight": 0.037736}, {"source": 57, "target": 79, "weight": 0.319149}, {"source": 57, "target": 67, "weight": 0.01}, {"source": 57, "target": 61, "weight": 0.209677}, {"source": 57, "target": 82, "weight": 0.025}, {"source": 57, "target": 87, "weight": 0.091503}, {"source": 58, "target": 88, "weight": 0.016949}, {"source": 59, "target": 87, "weight": 0.041096}, {"source": 59, "target": 88, "weight": 0.007519}, {"source": 59, "target": 79, "weight": 0.049618}, {"source": 59, "target": 66, "weight": 0.003378}, {"source": 59, "target": 67, "weight": 0.019481}, {"source": 59, "target": 81, "weight": 0.007117}, {"source": 59, "target": 68, "weight": 0.01145}, {"source": 59, "target": 61, "weight": 0.006993}, {"source": 59, "target": 82, "weight": 0.003953}, {"source": 59, "target": 77, "weight": 0.004049}, {"source": 60, "target": 88, "weight": 0.0125}, {"source": 60, "target": 79, "weight": 0.1}, {"source": 60, "target": 61, "weight": 0.741379}, {"source": 60, "target": 83, "weight": 0.006803}, {"source": 60, "target": 87, "weight": 0.015789}, {"source": 61, "target": 87, "weight": 0.032967}, {"source": 61, "target": 88, "weight": 0.013333}, {"source": 61, "target": 79, "weight": 0.106667}, {"source": 61, "target": 83, "weight": 0.007042}, {"source": 62, "target": 67, "weight": 0.011111}, {"source": 63, "target": 83, "weight": 0.013889}, {"source": 63, "target": 66, "weight": 0.009346}, {"source": 63, "target": 67, "weight": 0.008065}, {"source": 63, "target": 82, "weight": 0.015625}, {"source": 63, "target": 87, "weight": 0.005263}, {"source": 64, "target": 67, "weight": 0.009259}, {"source": 64, "target": 81, "weight": 0.772727}, {"source": 65, "target": 90, "weight": 0.018519}, {"source": 66, "target": 71, "weight": 0.008065}, {"source": 66, "target": 88, "weight": 0.024096}, {"source": 66, "target": 79, "weight": 0.010989}, {"source": 66, "target": 87, "weight": 0.026042}, {"source": 67, "target": 78, "weight": 0.02439}, {"source": 67, "target": 79, "weight": 0.009259}, {"source": 67, "target": 81, "weight": 0.017391}, {"source": 67, "target": 82, "weight": 0.047619}, {"source": 67, "target": 86, "weight": 0.011765}, {"source": 67, "target": 85, "weight": 0.008403}, {"source": 67, "target": 87, "weight": 0.009434}, {"source": 67, "target": 74, "weight": 0.015038}, {"source": 67, "target": 75, "weight": 0.019608}, {"source": 68, "target": 77, "weight": 0.03125}, {"source": 70, "target": 83, "weight": 0.006579}, {"source": 71, "target": 83, "weight": 0.044872}, {"source": 73, "target": 79, "weight": 0.019231}, {"source": 73, "target": 87, "weight": 0.006369}, {"source": 74, "target": 90, "weight": 0.013333}, {"source": 74, "target": 82, "weight": 0.013514}, {"source": 74, "target": 83, "weight": 0.006452}, {"source": 74, "target": 87, "weight": 0.005}, {"source": 75, "target": 83, "weight": 0.008065}, {"source": 78, "target": 79, "weight": 0.022727}, {"source": 79, "target": 86, "weight": 0.021739}, {"source": 79, "target": 87, "weight": 0.174497}, {"source": 79, "target": 88, "weight": 0.032787}, {"source": 81, "target": 85, "weight": 0.618182}, {"source": 82, "target": 86, "weight": 0.04}, {"source": 82, "target": 87, "weight": 0.006536}, {"source": 83, "target": 84, "weight": 0.007813}, {"source": 86, "target": 87, "weight": 0.020134}, {"source": 87, "target": 88, "weight": 0.030675}], "multigraph": false}