{"directed": false, "graph": {}, "nodes": [{"group": 0, "id": "gnat", "degree": 1}, {"group": 1, "id": "gnomic"}, {"group": 1, "id": "gnaw", "degree": 4}, {"group": 1, "id": "gnash", "degree": 2}, {"group": 0, "id": "gnome", "degree": 1}, {"group": 1, "id": "gnawing"}, {"group": 0, "id": "gnarl", "degree": 1}], "links": [{"source": 0, "target": 4, "weight": 0.0125}, {"source": 1, "target": 2, "weight": 0.00885}, {"source": 2, "target": 3, "weight": 0.149425}, {"source": 2, "target": 5, "weight": 0.059701}, {"source": 2, "target": 6, "weight": 0.017751}, {"source": 3, "target": 5, "weight": 0.02381}, {"source": 3, "target": 6, "weight": 0.008696}, {"source": 4, "target": 6, "weight": 0.006667}, {"source": 5, "target": 6, "weight": 0.006369}], "multigraph": false}