{"directed": false, "graph": {}, "nodes": [{"group": 0, "id": "goldbrick", "degree": 11}, {"group": 3, "id": "golden", "degree": 14}, {"group": 2, "id": "gong"}, {"group": 2, "id": "goggled", "degree": 1}, {"group": 3, "id": "gold"}, {"group": 1, "id": "gone"}, {"group": 4, "id": "gout", "degree": 0}, {"group": 1, "id": "goddamn", "degree": 2}, {"group": 5, "id": "govern", "degree": 8}, {"group": 1, "id": "goosy"}, {"group": 5, "id": "goatherd", "degree": 5}, {"group": 2, "id": "gonads", "degree": 2}, {"group": 0, "id": "goose", "degree": 6}, {"group": 5, "id": "goggles"}, {"group": 6, "id": "gobbling"}, {"group": 5, "id": "goaltender"}, {"group": 7, "id": "goodness", "degree": 2}, {"group": 8, "id": "gorge"}, {"group": 8, "id": "go", "degree": 24}, {"group": 2, "id": "gossip"}, {"group": 8, "id": "godforsaken", "degree": 1}, {"group": 8, "id": "gormandize", "degree": 6}, {"group": 1, "id": "golem", "degree": 3}, {"group": 9, "id": "goo"}, {"group": 3, "id": "godsend", "degree": 3}, {"group": 8, "id": "goal", "degree": 10}, {"group": 5, "id": "gourmet"}, {"group": 7, "id": "god", "degree": 2}, {"group": 1, "id": "godless", "degree": 2}, {"group": 1, "id": "gossamer", "degree": 15}, {"group": 8, "id": "goad"}, {"group": 1, "id": "gooey", "degree": 8}, {"group": 8, "id": "gob"}, {"group": 3, "id": "governmental", "degree": 2}, {"group": 8, "id": "going"}, {"group": 3, "id": "gorgeous", "degree": 4}, {"group": 8, "id": "goat", "degree": 6}, {"group": 10, "id": "gory", "degree": 1}, {"group": 5, "id": "goalie", "degree": 5}, {"group": 3, "id": "godlike", "degree": 5}, {"group": 11, "id": "goof", "degree": 5}, {"group": 3, "id": "good"}, {"group": 8, "id": "goffer"}, {"group": 8, "id": "gonorrhea", "degree": 1}, {"group": 2, "id": "goober"}, {"group": 5, "id": "government", "degree": 7}, {"group": 0, "id": "gobbler"}, {"group": 10, "id": "goon", "degree": 7}, {"group": 3, "id": "godly", "degree": 2}, {"group": 2, "id": "goer", "degree": 4}, {"group": 9, "id": "gook"}, {"group": 8, "id": "gouge"}, {"group": 3, "id": "governing"}, {"group": 8, "id": "gobbet", "degree": 16}, {"group": 6, "id": "godawful"}, {"group": 3, "id": "goodly", "degree": 10}, {"group": 2, "id": "gore"}, {"group": 9, "id": "goop", "degree": 6}, {"group": 1, "id": "gossamery"}, {"group": 8, "id": "goblin"}, {"group": 10, "id": "goblet"}, {"group": 7, "id": "goddess"}, {"group": 8, "id": "goods"}, {"group": 11, "id": "gown"}, {"group": 5, "id": "goodwill"}, {"group": 2, "id": "goggle", "degree": 9}, {"group": 3, "id": "goody", "degree": 4}, {"group": 5, "id": "governor"}, {"group": 7, "id": "godliness", "degree": 2}, {"group": 6, "id": "goatish", "degree": 2}, {"group": 10, "id": "gorilla"}, {"group": 0, "id": "gosling"}, {"group": 1, "id": "goofy", "degree": 5}, {"group": 12, "id": "gondolier", "degree": 0}, {"group": 2, "id": "gorged"}, {"group": 3, "id": "governess", "degree": 2}, {"group": 8, "id": "gobble"}, {"group": 3, "id": "gospel"}, {"group": 11, "id": "goofball"}], "links": [{"source": 0, "target": 5, "weight": 0.005682}, {"source": 0, "target": 51, "weight": 0.009569}, {"source": 0, "target": 40, "weight": 0.010526}, {"source": 0, "target": 46, "weight": 0.011628}, {"source": 0, "target": 42, "weight": 0.011236}, {"source": 0, "target": 67, "weight": 0.007194}, {"source": 0, "target": 32, "weight": 0.010638}, {"source": 0, "target": 12, "weight": 0.012346}, {"source": 0, "target": 71, "weight": 0.010753}, {"source": 0, "target": 54, "weight": 0.014493}, {"source": 0, "target": 53, "weight": 0.006711}, {"source": 0, "target": 18, "weight": 0.002959}, {"source": 0, "target": 17, "weight": 0.00578}, {"source": 0, "target": 13, "weight": 0.010417}, {"source": 1, "target": 39, "weight": 0.046154}, {"source": 1, "target": 23, "weight": 0.007299}, {"source": 1, "target": 41, "weight": 0.056306}, {"source": 1, "target": 4, "weight": 0.305085}, {"source": 1, "target": 45, "weight": 0.005814}, {"source": 1, "target": 48, "weight": 0.024194}, {"source": 1, "target": 29, "weight": 0.005291}, {"source": 1, "target": 50, "weight": 0.007246}, {"source": 1, "target": 57, "weight": 0.007874}, {"source": 1, "target": 55, "weight": 0.071856}, {"source": 1, "target": 35, "weight": 0.079137}, {"source": 1, "target": 18, "weight": 0.00266}, {"source": 1, "target": 8, "weight": 0.006757}, {"source": 1, "target": 78, "weight": 0.007246}, {"source": 2, "target": 40, "weight": 0.012821}, {"source": 2, "target": 55, "weight": 0.00813}, {"source": 2, "target": 49, "weight": 0.013889}, {"source": 3, "target": 65, "weight": 0.157895}, {"source": 3, "target": 74, "weight": 0.025641}, {"source": 4, "target": 45, "weight": 0.007042}, {"source": 4, "target": 57, "weight": 0.010309}, {"source": 4, "target": 29, "weight": 0.006289}, {"source": 4, "target": 35, "weight": 0.008403}, {"source": 4, "target": 18, "weight": 0.005797}, {"source": 4, "target": 8, "weight": 0.008475}, {"source": 4, "target": 24, "weight": 0.012346}, {"source": 5, "target": 22, "weight": 0.007576}, {"source": 5, "target": 25, "weight": 0.004831}, {"source": 5, "target": 28, "weight": 0.007246}, {"source": 5, "target": 29, "weight": 0.004545}, {"source": 5, "target": 31, "weight": 0.012195}, {"source": 5, "target": 12, "weight": 0.006667}, {"source": 5, "target": 72, "weight": 0.005435}, {"source": 5, "target": 55, "weight": 0.004785}, {"source": 7, "target": 76, "weight": 0.010638}, {"source": 7, "target": 28, "weight": 0.05}, {"source": 8, "target": 45, "weight": 0.053435}, {"source": 8, "target": 30, "weight": 0.007752}, {"source": 8, "target": 67, "weight": 0.021429}, {"source": 8, "target": 13, "weight": 0.010101}, {"source": 8, "target": 52, "weight": 0.018182}, {"source": 8, "target": 18, "weight": 0.017857}, {"source": 8, "target": 17, "weight": 0.005682}, {"source": 8, "target": 38, "weight": 0.015152}, {"source": 8, "target": 10, "weight": 0.012821}, {"source": 8, "target": 15, "weight": 0.015152}, {"source": 9, "target": 29, "weight": 0.014493}, {"source": 10, "target": 47, "weight": 0.008929}, {"source": 10, "target": 30, "weight": 0.021505}, {"source": 10, "target": 67, "weight": 0.018868}, {"source": 10, "target": 70, "weight": 0.008772}, {"source": 10, "target": 13, "weight": 0.015625}, {"source": 11, "target": 65, "weight": 0.017857}, {"source": 11, "target": 44, "weight": 0.041667}, {"source": 11, "target": 32, "weight": 0.006452}, {"source": 12, "target": 51, "weight": 0.005435}, {"source": 12, "target": 46, "weight": 0.525}, {"source": 12, "target": 71, "weight": 0.446809}, {"source": 12, "target": 72, "weight": 0.011236}, {"source": 13, "target": 55, "weight": 0.007752}, {"source": 13, "target": 38, "weight": 0.019231}, {"source": 14, "target": 69, "weight": 0.059701}, {"source": 15, "target": 47, "weight": 0.01}, {"source": 15, "target": 38, "weight": 0.818182}, {"source": 16, "target": 41, "weight": 0.002342}, {"source": 16, "target": 64, "weight": 0.031579}, {"source": 16, "target": 68, "weight": 0.207547}, {"source": 17, "target": 21, "weight": 0.099174}, {"source": 17, "target": 65, "weight": 0.00641}, {"source": 17, "target": 25, "weight": 0.014851}, {"source": 17, "target": 47, "weight": 0.004762}, {"source": 17, "target": 57, "weight": 0.006452}, {"source": 17, "target": 53, "weight": 0.004651}, {"source": 17, "target": 18, "weight": 0.007463}, {"source": 17, "target": 36, "weight": 0.006173}, {"source": 18, "target": 42, "weight": 0.003125}, {"source": 18, "target": 65, "weight": 0.003115}, {"source": 18, "target": 23, "weight": 0.00303}, {"source": 18, "target": 25, "weight": 0.016484}, {"source": 18, "target": 30, "weight": 0.022857}, {"source": 18, "target": 32, "weight": 0.007177}, {"source": 18, "target": 34, "weight": 0.030227}, {"source": 18, "target": 49, "weight": 0.003125}, {"source": 18, "target": 36, "weight": 0.003058}, {"source": 18, "target": 40, "weight": 0.003067}, {"source": 18, "target": 41, "weight": 0.006079}, {"source": 18, "target": 45, "weight": 0.005495}, {"source": 18, "target": 46, "weight": 0.003155}, {"source": 18, "target": 57, "weight": 0.003125}, {"source": 18, "target": 53, "weight": 0.005277}, {"source": 18, "target": 50, "weight": 0.003021}, {"source": 18, "target": 51, "weight": 0.013761}, {"source": 18, "target": 52, "weight": 0.00295}, {"source": 18, "target": 56, "weight": 0.00289}, {"source": 18, "target": 67, "weight": 0.002703}, {"source": 18, "target": 76, "weight": 0.010782}, {"source": 19, "target": 65, "weight": 0.007692}, {"source": 19, "target": 53, "weight": 0.005291}, {"source": 19, "target": 49, "weight": 0.015625}, {"source": 20, "target": 76, "weight": 0.008475}, {"source": 21, "target": 62, "weight": 0.020833}, {"source": 21, "target": 47, "weight": 0.009709}, {"source": 21, "target": 30, "weight": 0.011765}, {"source": 21, "target": 70, "weight": 0.009524}, {"source": 21, "target": 76, "weight": 0.131868}, {"source": 22, "target": 41, "weight": 0.002591}, {"source": 22, "target": 72, "weight": 0.014085}, {"source": 23, "target": 29, "weight": 0.006993}, {"source": 23, "target": 31, "weight": 0.011364}, {"source": 23, "target": 57, "weight": 0.744681}, {"source": 24, "target": 66, "weight": 0.019608}, {"source": 24, "target": 41, "weight": 0.010178}, {"source": 25, "target": 51, "weight": 0.012552}, {"source": 25, "target": 42, "weight": 0.008333}, {"source": 25, "target": 30, "weight": 0.006369}, {"source": 25, "target": 32, "weight": 0.009132}, {"source": 25, "target": 34, "weight": 0.039801}, {"source": 25, "target": 56, "weight": 0.006849}, {"source": 25, "target": 76, "weight": 0.005747}, {"source": 25, "target": 53, "weight": 0.011173}, {"source": 25, "target": 36, "weight": 0.024}, {"source": 26, "target": 45, "weight": 0.009009}, {"source": 27, "target": 61, "weight": 0.444444}, {"source": 27, "target": 41, "weight": 0.002604}, {"source": 27, "target": 68, "weight": 0.05}, {"source": 28, "target": 41, "weight": 0.002551}, {"source": 29, "target": 50, "weight": 0.006944}, {"source": 29, "target": 62, "weight": 0.007519}, {"source": 29, "target": 66, "weight": 0.007752}, {"source": 29, "target": 57, "weight": 0.007519}, {"source": 29, "target": 32, "weight": 0.008621}, {"source": 29, "target": 41, "weight": 0.006356}, {"source": 29, "target": 55, "weight": 0.010929}, {"source": 29, "target": 40, "weight": 0.007194}, {"source": 29, "target": 53, "weight": 0.021053}, {"source": 29, "target": 58, "weight": 0.307692}, {"source": 29, "target": 59, "weight": 0.008929}, {"source": 30, "target": 45, "weight": 0.006536}, {"source": 30, "target": 57, "weight": 0.009259}, {"source": 30, "target": 53, "weight": 0.005952}, {"source": 30, "target": 36, "weight": 0.017544}, {"source": 31, "target": 47, "weight": 0.007519}, {"source": 31, "target": 50, "weight": 0.011236}, {"source": 31, "target": 70, "weight": 0.007407}, {"source": 31, "target": 72, "weight": 0.029412}, {"source": 31, "target": 57, "weight": 0.012821}, {"source": 31, "target": 58, "weight": 0.023256}, {"source": 32, "target": 40, "weight": 0.011364}, {"source": 32, "target": 65, "weight": 0.005814}, {"source": 32, "target": 47, "weight": 0.004425}, {"source": 32, "target": 66, "weight": 0.005988}, {"source": 32, "target": 43, "weight": 0.007042}, {"source": 32, "target": 53, "weight": 0.318182}, {"source": 32, "target": 36, "weight": 0.005618}, {"source": 33, "target": 41, "weight": 0.009926}, {"source": 33, "target": 52, "weight": 0.075949}, {"source": 34, "target": 39, "weight": 0.005988}, {"source": 34, "target": 45, "weight": 0.004902}, {"source": 34, "target": 53, "weight": 0.004566}, {"source": 35, "target": 39, "weight": 0.0625}, {"source": 35, "target": 41, "weight": 0.016355}, {"source": 35, "target": 48, "weight": 0.021978}, {"source": 35, "target": 55, "weight": 0.013986}, {"source": 36, "target": 62, "weight": 0.012821}, {"source": 36, "target": 46, "weight": 0.041096}, {"source": 36, "target": 71, "weight": 0.012195}, {"source": 36, "target": 72, "weight": 0.009615}, {"source": 36, "target": 53, "weight": 0.007246}, {"source": 37, "target": 70, "weight": 0.009804}, {"source": 38, "target": 47, "weight": 0.01}, {"source": 38, "target": 67, "weight": 0.032258}, {"source": 39, "target": 41, "weight": 0.042079}, {"source": 39, "target": 48, "weight": 0.385965}, {"source": 39, "target": 52, "weight": 0.020619}, {"source": 39, "target": 55, "weight": 0.023438}, {"source": 39, "target": 77, "weight": 0.0125}, {"source": 40, "target": 63, "weight": 0.016129}, {"source": 40, "target": 51, "weight": 0.005051}, {"source": 40, "target": 53, "weight": 0.007299}, {"source": 40, "target": 78, "weight": 0.126582}, {"source": 41, "target": 66, "weight": 0.004914}, {"source": 41, "target": 55, "weight": 0.174684}, {"source": 41, "target": 53, "weight": 0.002119}, {"source": 41, "target": 48, "weight": 0.048346}, {"source": 42, "target": 53, "weight": 0.007634}, {"source": 45, "target": 64, "weight": 0.04065}, {"source": 45, "target": 52, "weight": 0.007407}, {"source": 47, "target": 63, "weight": 0.009009}, {"source": 47, "target": 60, "weight": 0.01087}, {"source": 47, "target": 70, "weight": 0.642857}, {"source": 47, "target": 76, "weight": 0.005556}, {"source": 48, "target": 66, "weight": 0.030769}, {"source": 48, "target": 55, "weight": 0.016667}, {"source": 48, "target": 77, "weight": 0.014085}, {"source": 49, "target": 65, "weight": 0.013889}, {"source": 50, "target": 57, "weight": 0.729167}, {"source": 51, "target": 65, "weight": 0.010417}, {"source": 51, "target": 53, "weight": 0.016064}, {"source": 52, "target": 55, "weight": 0.021583}, {"source": 53, "target": 65, "weight": 0.007576}, {"source": 53, "target": 66, "weight": 0.007874}, {"source": 53, "target": 59, "weight": 0.009091}, {"source": 53, "target": 78, "weight": 0.007042}, {"source": 54, "target": 69, "weight": 0.017544}, {"source": 55, "target": 67, "weight": 0.005814}, {"source": 55, "target": 58, "weight": 0.005714}, {"source": 56, "target": 65, "weight": 0.010204}, {"source": 57, "target": 67, "weight": 0.008264}, {"source": 58, "target": 72, "weight": 0.006667}, {"source": 58, "target": 66, "weight": 0.008333}, {"source": 65, "target": 67, "weight": 0.008197}, {"source": 65, "target": 74, "weight": 0.014493}, {"source": 66, "target": 75, "weight": 0.02439}, {"source": 67, "target": 75, "weight": 0.010526}, {"source": 69, "target": 72, "weight": 0.009709}, {"source": 72, "target": 76, "weight": 0.006623}], "multigraph": false}