{"directed": false, "graph": {}, "nodes": [{"group": 0, "id": "gudgeon", "degree": 5}, {"group": 1, "id": "gunshot"}, {"group": 2, "id": "gully"}, {"group": 3, "id": "gumption", "degree": 6}, {"group": 1, "id": "guttersnipe", "degree": 5}, {"group": 0, "id": "gull"}, {"group": 5, "id": "guerrilla", "degree": 1}, {"group": 3, "id": "gusto", "degree": 6}, {"group": 4, "id": "guaranty", "degree": 7}, {"group": 4, "id": "guarding"}, {"group": 4, "id": "guard"}, {"group": 5, "id": "guzzle"}, {"group": 1, "id": "gunman", "degree": 5}, {"group": 4, "id": "guidebook"}, {"group": 5, "id": "guillotine", "degree": 3}, {"group": 1, "id": "gunner", "degree": 11}, {"group": 5, "id": "gurgle", "degree": 9}, {"group": 6, "id": "gumbo"}, {"group": 0, "id": "gutless"}, {"group": 7, "id": "guess", "degree": 11}, {"group": 1, "id": "gunfight"}, {"group": 6, "id": "gunk", "degree": 7}, {"group": 2, "id": "gulf", "degree": 20}, {"group": 4, "id": "guru", "degree": 6}, {"group": 0, "id": "guinea"}, {"group": 4, "id": "guidance"}, {"group": 3, "id": "guts", "degree": 9}, {"group": 4, "id": "guaranteed"}, {"group": 4, "id": "guideline", "degree": 4}, {"group": 5, "id": "gulp", "degree": 15}, {"group": 6, "id": "gutsy", "degree": 4}, {"group": 2, "id": "gurge"}, {"group": 4, "id": "guarantee", "degree": 11}, {"group": 4, "id": "guidepost"}, {"group": 8, "id": "guywire", "degree": 8}, {"group": 6, "id": "guttural"}, {"group": 1, "id": "gunsel"}, {"group": 6, "id": "gummy", "degree": 4}, {"group": 4, "id": "guarded", "degree": 5}, {"group": 1, "id": "gunnery", "degree": 1}, {"group": 4, "id": "guilefully"}, {"group": 4, "id": "guardian", "degree": 13}, {"group": 4, "id": "guardrail"}, {"group": 0, "id": "guiltless", "degree": 4}, {"group": 5, "id": "guff"}, {"group": 4, "id": "guileful", "degree": 5}, {"group": 2, "id": "gulch"}, {"group": 5, "id": "gullet", "degree": 4}, {"group": 6, "id": "gushing"}, {"group": 2, "id": "gutter", "degree": 14}, {"group": 3, "id": "guile", "degree": 2}, {"group": 5, "id": "guffaw"}, {"group": 3, "id": "gust"}, {"group": 4, "id": "guarantor"}, {"group": 1, "id": "gun", "degree": 35}, {"group": 6, "id": "gum"}, {"group": 1, "id": "gunfire", "degree": 9}, {"group": 0, "id": "gullible", "degree": 4}, {"group": 4, "id": "guardhouse"}, {"group": 2, "id": "guilt"}, {"group": 5, "id": "gush"}, {"group": 0, "id": "guileless", "degree": 5}, {"group": 5, "id": "gut", "degree": 19}, {"group": 4, "id": "guise", "degree": 15}, {"group": 7, "id": "guesswork", "degree": 1}, {"group": 8, "id": "guy"}, {"group": 4, "id": "gumshoe"}, {"group": 4, "id": "guide", "degree": 29}, {"group": 1, "id": "guardianship"}], "links": [{"source": 0, "target": 24, "weight": 0.018868}, {"source": 0, "target": 61, "weight": 0.013889}, {"source": 0, "target": 43, "weight": 0.018868}, {"source": 0, "target": 5, "weight": 0.206522}, {"source": 0, "target": 34, "weight": 0.013514}, {"source": 0, "target": 57, "weight": 0.02}, {"source": 0, "target": 65, "weight": 0.008475}, {"source": 1, "target": 19, "weight": 0.016949}, {"source": 1, "target": 22, "weight": 0.006667}, {"source": 1, "target": 54, "weight": 0.090278}, {"source": 1, "target": 15, "weight": 0.033333}, {"source": 1, "target": 12, "weight": 0.028986}, {"source": 1, "target": 56, "weight": 0.317073}, {"source": 2, "target": 19, "weight": 0.005525}, {"source": 2, "target": 49, "weight": 0.082192}, {"source": 2, "target": 47, "weight": 0.00885}, {"source": 2, "target": 22, "weight": 0.374194}, {"source": 2, "target": 54, "weight": 0.009217}, {"source": 2, "target": 29, "weight": 0.005952}, {"source": 2, "target": 62, "weight": 0.009217}, {"source": 2, "target": 67, "weight": 0.003205}, {"source": 2, "target": 16, "weight": 0.007752}, {"source": 3, "target": 52, "weight": 0.007874}, {"source": 3, "target": 26, "weight": 0.050505}, {"source": 3, "target": 7, "weight": 0.011494}, {"source": 3, "target": 54, "weight": 0.007042}, {"source": 3, "target": 63, "weight": 0.005495}, {"source": 3, "target": 67, "weight": 0.008511}, {"source": 4, "target": 36, "weight": 0.016393}, {"source": 4, "target": 54, "weight": 0.011628}, {"source": 4, "target": 12, "weight": 0.035294}, {"source": 4, "target": 60, "weight": 0.003861}, {"source": 4, "target": 65, "weight": 0.007576}, {"source": 4, "target": 35, "weight": 0.006452}, {"source": 5, "target": 49, "weight": 0.006993}, {"source": 5, "target": 41, "weight": 0.007692}, {"source": 5, "target": 61, "weight": 0.017241}, {"source": 5, "target": 43, "weight": 0.010204}, {"source": 5, "target": 54, "weight": 0.004902}, {"source": 5, "target": 34, "weight": 0.008403}, {"source": 5, "target": 57, "weight": 0.010526}, {"source": 5, "target": 14, "weight": 0.009901}, {"source": 5, "target": 62, "weight": 0.004902}, {"source": 5, "target": 63, "weight": 0.004098}, {"source": 6, "target": 10, "weight": 0.005208}, {"source": 6, "target": 67, "weight": 0.004425}, {"source": 6, "target": 62, "weight": 0.007576}, {"source": 7, "target": 48, "weight": 0.006369}, {"source": 7, "target": 36, "weight": 0.006757}, {"source": 7, "target": 20, "weight": 0.012346}, {"source": 7, "target": 52, "weight": 0.194805}, {"source": 7, "target": 26, "weight": 0.081081}, {"source": 7, "target": 54, "weight": 0.005051}, {"source": 7, "target": 56, "weight": 0.010526}, {"source": 7, "target": 60, "weight": 0.003521}, {"source": 7, "target": 63, "weight": 0.004202}, {"source": 7, "target": 65, "weight": 0.012821}, {"source": 7, "target": 67, "weight": 0.003425}, {"source": 7, "target": 50, "weight": 0.010417}, {"source": 8, "target": 53, "weight": 0.162162}, {"source": 8, "target": 27, "weight": 0.015152}, {"source": 8, "target": 34, "weight": 0.014493}, {"source": 8, "target": 10, "weight": 0.028708}, {"source": 8, "target": 65, "weight": 0.00885}, {"source": 8, "target": 35, "weight": 0.007353}, {"source": 8, "target": 32, "weight": 0.366197}, {"source": 9, "target": 19, "weight": 0.009009}, {"source": 9, "target": 38, "weight": 0.027523}, {"source": 9, "target": 41, "weight": 0.190476}, {"source": 9, "target": 54, "weight": 0.006757}, {"source": 9, "target": 63, "weight": 0.005319}, {"source": 9, "target": 67, "weight": 0.008299}, {"source": 9, "target": 32, "weight": 0.011111}, {"source": 10, "target": 32, "weight": 0.122807}, {"source": 10, "target": 19, "weight": 0.003623}, {"source": 10, "target": 38, "weight": 0.003623}, {"source": 10, "target": 22, "weight": 0.009836}, {"source": 10, "target": 23, "weight": 0.004202}, {"source": 10, "target": 41, "weight": 0.066667}, {"source": 10, "target": 54, "weight": 0.019481}, {"source": 10, "target": 15, "weight": 0.018605}, {"source": 10, "target": 29, "weight": 0.007634}, {"source": 10, "target": 49, "weight": 0.003968}, {"source": 10, "target": 12, "weight": 0.00885}, {"source": 10, "target": 62, "weight": 0.00641}, {"source": 10, "target": 63, "weight": 0.026087}, {"source": 10, "target": 34, "weight": 0.031532}, {"source": 10, "target": 67, "weight": 0.051546}, {"source": 10, "target": 21, "weight": 0.004049}, {"source": 11, "target": 19, "weight": 0.006098}, {"source": 11, "target": 21, "weight": 0.014925}, {"source": 11, "target": 22, "weight": 0.005128}, {"source": 11, "target": 26, "weight": 0.006173}, {"source": 11, "target": 54, "weight": 0.01}, {"source": 11, "target": 15, "weight": 0.009434}, {"source": 11, "target": 29, "weight": 0.288136}, {"source": 11, "target": 12, "weight": 0.008696}, {"source": 11, "target": 56, "weight": 0.010204}, {"source": 11, "target": 62, "weight": 0.025381}, {"source": 11, "target": 14, "weight": 0.010204}, {"source": 11, "target": 32, "weight": 0.006993}, {"source": 11, "target": 67, "weight": 0.00339}, {"source": 11, "target": 16, "weight": 0.027273}, {"source": 11, "target": 47, "weight": 0.031915}, {"source": 12, "target": 36, "weight": 0.216495}, {"source": 12, "target": 19, "weight": 0.007692}, {"source": 12, "target": 54, "weight": 0.253731}, {"source": 12, "target": 15, "weight": 0.196721}, {"source": 12, "target": 67, "weight": 0.003831}, {"source": 12, "target": 56, "weight": 0.031746}, {"source": 12, "target": 35, "weight": 0.006711}, {"source": 13, "target": 49, "weight": 0.009259}, {"source": 13, "target": 23, "weight": 0.010638}, {"source": 13, "target": 41, "weight": 0.010526}, {"source": 13, "target": 26, "weight": 0.007692}, {"source": 13, "target": 63, "weight": 0.004785}, {"source": 13, "target": 67, "weight": 0.015385}, {"source": 13, "target": 32, "weight": 0.009009}, {"source": 14, "target": 49, "weight": 0.011236}, {"source": 14, "target": 54, "weight": 0.013423}, {"source": 14, "target": 65, "weight": 0.009174}, {"source": 14, "target": 67, "weight": 0.00823}, {"source": 14, "target": 16, "weight": 0.016393}, {"source": 15, "target": 36, "weight": 0.028302}, {"source": 15, "target": 19, "weight": 0.008264}, {"source": 15, "target": 41, "weight": 0.011905}, {"source": 15, "target": 54, "weight": 0.081633}, {"source": 15, "target": 67, "weight": 0.012}, {"source": 15, "target": 65, "weight": 0.008547}, {"source": 15, "target": 33, "weight": 0.022727}, {"source": 15, "target": 56, "weight": 0.037037}, {"source": 15, "target": 68, "weight": 0.013333}, {"source": 16, "target": 44, "weight": 0.0125}, {"source": 16, "target": 19, "weight": 0.007874}, {"source": 16, "target": 21, "weight": 0.010204}, {"source": 16, "target": 54, "weight": 0.006098}, {"source": 16, "target": 29, "weight": 0.008772}, {"source": 16, "target": 46, "weight": 0.009174}, {"source": 16, "target": 31, "weight": 0.016129}, {"source": 16, "target": 60, "weight": 0.012097}, {"source": 16, "target": 67, "weight": 0.003876}, {"source": 16, "target": 17, "weight": 0.007813}, {"source": 17, "target": 37, "weight": 0.295918}, {"source": 17, "target": 49, "weight": 0.00641}, {"source": 17, "target": 21, "weight": 0.407407}, {"source": 17, "target": 54, "weight": 0.004608}, {"source": 17, "target": 29, "weight": 0.005988}, {"source": 17, "target": 30, "weight": 0.013333}, {"source": 18, "target": 57, "weight": 0.016949}, {"source": 19, "target": 49, "weight": 0.006452}, {"source": 19, "target": 22, "weight": 0.004762}, {"source": 19, "target": 52, "weight": 0.01}, {"source": 19, "target": 54, "weight": 0.009302}, {"source": 19, "target": 46, "weight": 0.006211}, {"source": 19, "target": 63, "weight": 0.007843}, {"source": 19, "target": 64, "weight": 0.053097}, {"source": 19, "target": 56, "weight": 0.00885}, {"source": 20, "target": 54, "weight": 0.014815}, {"source": 20, "target": 39, "weight": 0.176471}, {"source": 20, "target": 56, "weight": 0.36}, {"source": 21, "target": 37, "weight": 0.021053}, {"source": 21, "target": 55, "weight": 0.032967}, {"source": 21, "target": 60, "weight": 0.003663}, {"source": 22, "target": 34, "weight": 0.006173}, {"source": 22, "target": 32, "weight": 0.010638}, {"source": 22, "target": 27, "weight": 0.006289}, {"source": 22, "target": 29, "weight": 0.005076}, {"source": 22, "target": 31, "weight": 0.089552}, {"source": 22, "target": 35, "weight": 0.004367}, {"source": 22, "target": 45, "weight": 0.005587}, {"source": 22, "target": 46, "weight": 0.440299}, {"source": 22, "target": 49, "weight": 0.027473}, {"source": 22, "target": 47, "weight": 0.014184}, {"source": 22, "target": 51, "weight": 0.007042}, {"source": 22, "target": 52, "weight": 0.00431}, {"source": 22, "target": 54, "weight": 0.00813}, {"source": 22, "target": 55, "weight": 0.006536}, {"source": 22, "target": 59, "weight": 0.007813}, {"source": 22, "target": 60, "weight": 0.003003}, {"source": 22, "target": 62, "weight": 0.082969}, {"source": 22, "target": 65, "weight": 0.009756}, {"source": 23, "target": 49, "weight": 0.008547}, {"source": 23, "target": 41, "weight": 0.019417}, {"source": 23, "target": 53, "weight": 0.030769}, {"source": 23, "target": 33, "weight": 0.015625}, {"source": 23, "target": 25, "weight": 0.007752}, {"source": 23, "target": 65, "weight": 0.007299}, {"source": 23, "target": 67, "weight": 0.070588}, {"source": 24, "target": 54, "weight": 0.006803}, {"source": 25, "target": 41, "weight": 0.007692}, {"source": 25, "target": 34, "weight": 0.008403}, {"source": 25, "target": 54, "weight": 0.004902}, {"source": 25, "target": 63, "weight": 0.012397}, {"source": 25, "target": 28, "weight": 0.009901}, {"source": 25, "target": 67, "weight": 0.017007}, {"source": 26, "target": 52, "weight": 0.041667}, {"source": 26, "target": 54, "weight": 0.004673}, {"source": 26, "target": 55, "weight": 0.008333}, {"source": 26, "target": 34, "weight": 0.007752}, {"source": 26, "target": 29, "weight": 0.006098}, {"source": 26, "target": 62, "weight": 0.028708}, {"source": 26, "target": 65, "weight": 0.017544}, {"source": 26, "target": 33, "weight": 0.01}, {"source": 26, "target": 67, "weight": 0.009804}, {"source": 26, "target": 47, "weight": 0.037736}, {"source": 27, "target": 38, "weight": 0.007813}, {"source": 27, "target": 32, "weight": 0.009346}, {"source": 27, "target": 62, "weight": 0.006061}, {"source": 28, "target": 63, "weight": 0.005263}, {"source": 28, "target": 30, "weight": 0.011905}, {"source": 28, "target": 67, "weight": 0.012397}, {"source": 29, "target": 36, "weight": 0.006536}, {"source": 29, "target": 51, "weight": 0.010204}, {"source": 29, "target": 52, "weight": 0.010695}, {"source": 29, "target": 42, "weight": 0.009259}, {"source": 29, "target": 44, "weight": 0.008403}, {"source": 29, "target": 62, "weight": 0.02}, {"source": 29, "target": 46, "weight": 0.006757}, {"source": 29, "target": 47, "weight": 0.020619}, {"source": 29, "target": 67, "weight": 0.006757}, {"source": 29, "target": 35, "weight": 0.005405}, {"source": 29, "target": 60, "weight": 0.00346}, {"source": 30, "target": 36, "weight": 0.007299}, {"source": 30, "target": 37, "weight": 0.031915}, {"source": 30, "target": 54, "weight": 0.005348}, {"source": 30, "target": 35, "weight": 0.017964}, {"source": 31, "target": 63, "weight": 0.005236}, {"source": 31, "target": 62, "weight": 0.006623}, {"source": 32, "target": 41, "weight": 0.016667}, {"source": 32, "target": 53, "weight": 0.076923}, {"source": 32, "target": 34, "weight": 0.027778}, {"source": 32, "target": 58, "weight": 0.012195}, {"source": 32, "target": 42, "weight": 0.074468}, {"source": 32, "target": 62, "weight": 0.010309}, {"source": 32, "target": 63, "weight": 0.026087}, {"source": 32, "target": 64, "weight": 0.010309}, {"source": 32, "target": 65, "weight": 0.019737}, {"source": 32, "target": 67, "weight": 0.00346}, {"source": 32, "target": 35, "weight": 0.00565}, {"source": 32, "target": 68, "weight": 0.008929}, {"source": 33, "target": 49, "weight": 0.012821}, {"source": 33, "target": 41, "weight": 0.015385}, {"source": 33, "target": 67, "weight": 0.054054}, {"source": 34, "target": 53, "weight": 0.017857}, {"source": 34, "target": 54, "weight": 0.005952}, {"source": 34, "target": 62, "weight": 0.005952}, {"source": 34, "target": 63, "weight": 0.004808}, {"source": 34, "target": 65, "weight": 0.471264}, {"source": 34, "target": 67, "weight": 0.003817}, {"source": 34, "target": 35, "weight": 0.006667}, {"source": 35, "target": 37, "weight": 0.013986}, {"source": 35, "target": 49, "weight": 0.017442}, {"source": 35, "target": 57, "weight": 0.007937}, {"source": 35, "target": 61, "weight": 0.006757}, {"source": 35, "target": 54, "weight": 0.008547}, {"source": 35, "target": 63, "weight": 0.007299}, {"source": 36, "target": 37, "weight": 0.008929}, {"source": 36, "target": 49, "weight": 0.007042}, {"source": 36, "target": 54, "weight": 0.172414}, {"source": 36, "target": 63, "weight": 0.004115}, {"source": 36, "target": 56, "weight": 0.01}, {"source": 37, "target": 48, "weight": 0.02521}, {"source": 37, "target": 54, "weight": 0.006173}, {"source": 38, "target": 41, "weight": 0.021429}, {"source": 38, "target": 45, "weight": 0.034722}, {"source": 38, "target": 63, "weight": 0.003906}, {"source": 39, "target": 56, "weight": 0.096774}, {"source": 40, "target": 45, "weight": 0.016129}, {"source": 41, "target": 49, "weight": 0.008475}, {"source": 41, "target": 53, "weight": 0.014925}, {"source": 41, "target": 44, "weight": 0.010526}, {"source": 41, "target": 42, "weight": 0.049383}, {"source": 41, "target": 63, "weight": 0.004566}, {"source": 41, "target": 66, "weight": 0.011111}, {"source": 41, "target": 67, "weight": 0.037879}, {"source": 41, "target": 68, "weight": 0.010417}, {"source": 42, "target": 63, "weight": 0.015306}, {"source": 42, "target": 67, "weight": 0.007968}, {"source": 43, "target": 57, "weight": 0.026316}, {"source": 43, "target": 61, "weight": 0.033898}, {"source": 43, "target": 62, "weight": 0.006803}, {"source": 45, "target": 48, "weight": 0.013986}, {"source": 45, "target": 50, "weight": 0.012048}, {"source": 46, "target": 49, "weight": 0.061538}, {"source": 46, "target": 47, "weight": 0.010753}, {"source": 46, "target": 54, "weight": 0.005051}, {"source": 46, "target": 62, "weight": 0.005051}, {"source": 47, "target": 52, "weight": 0.007519}, {"source": 47, "target": 54, "weight": 0.006757}, {"source": 47, "target": 62, "weight": 0.128788}, {"source": 48, "target": 57, "weight": 0.009709}, {"source": 49, "target": 61, "weight": 0.009524}, {"source": 49, "target": 54, "weight": 0.010471}, {"source": 49, "target": 55, "weight": 0.010204}, {"source": 49, "target": 60, "weight": 0.00722}, {"source": 49, "target": 67, "weight": 0.014134}, {"source": 50, "target": 52, "weight": 0.007353}, {"source": 52, "target": 62, "weight": 0.004202}, {"source": 52, "target": 63, "weight": 0.02952}, {"source": 52, "target": 67, "weight": 0.012158}, {"source": 53, "target": 67, "weight": 0.004255}, {"source": 54, "target": 67, "weight": 0.011628}, {"source": 54, "target": 60, "weight": 0.014925}, {"source": 54, "target": 62, "weight": 0.011952}, {"source": 54, "target": 63, "weight": 0.006849}, {"source": 54, "target": 65, "weight": 0.004717}, {"source": 54, "target": 66, "weight": 0.006098}, {"source": 54, "target": 56, "weight": 0.10219}, {"source": 54, "target": 68, "weight": 0.005882}, {"source": 55, "target": 62, "weight": 0.006289}, {"source": 56, "target": 60, "weight": 0.008511}, {"source": 57, "target": 61, "weight": 0.16}, {"source": 60, "target": 63, "weight": 0.002639}, {"source": 60, "target": 67, "weight": 0.002309}, {"source": 61, "target": 67, "weight": 0.003846}, {"source": 62, "target": 63, "weight": 0.003413}, {"source": 62, "target": 65, "weight": 0.004717}, {"source": 63, "target": 65, "weight": 0.003968}, {"source": 63, "target": 67, "weight": 0.023747}, {"source": 65, "target": 67, "weight": 0.013201}, {"source": 66, "target": 67, "weight": 0.007782}, {"source": 67, "target": 68, "weight": 0.003788}], "multigraph": false}