{"directed": false, "graph": {}, "nodes": [{"group": 0, "id": "gyre"}, {"group": 1, "id": "gym"}, {"group": 0, "id": "gypper"}, {"group": 1, "id": "gymnasium", "degree": 1}, {"group": 0, "id": "gyrational", "degree": 1}, {"group": 1, "id": "gymnastics", "degree": 2}, {"group": 0, "id": "gymkhana", "degree": 1}, {"group": 0, "id": "gyp", "degree": 3}, {"group": 0, "id": "gyration", "degree": 2}, {"group": 0, "id": "gyrate"}], "links": [{"source": 0, "target": 8, "weight": 0.105263}, {"source": 0, "target": 7, "weight": 0.006289}, {"source": 1, "target": 5, "weight": 0.044118}, {"source": 1, "target": 3, "weight": 0.964286}, {"source": 2, "target": 7, "weight": 0.012658}, {"source": 3, "target": 5, "weight": 0.044118}, {"source": 4, "target": 9, "weight": 0.012658}, {"source": 6, "target": 9, "weight": 0.013889}, {"source": 7, "target": 9, "weight": 0.008065}, {"source": 8, "target": 9, "weight": 0.111111}], "multigraph": false}