{"directed": false, "graph": {}, "nodes": [{"group": 0, "id": "hardheaded"}, {"group": 1, "id": "hardhearted"}, {"group": 2, "id": "harelip"}, {"group": 6, "id": "hatched"}, {"group": 3, "id": "hands"}, {"group": 4, "id": "hairpin"}, {"group": 3, "id": "hamlet"}, {"group": 1, "id": "halting", "degree": 38}, {"group": 5, "id": "handcuff", "degree": 12}, {"group": 2, "id": "havoc", "degree": 17}, {"group": 3, "id": "hanging", "degree": 49}, {"group": 6, "id": "hack"}, {"group": 6, "id": "haberdasher"}, {"group": 7, "id": "hardcase"}, {"group": 8, "id": "hate", "degree": 10}, {"group": 3, "id": "hallow", "degree": 7}, {"group": 6, "id": "handmaid", "degree": 15}, {"group": 6, "id": "halfway"}, {"group": 3, "id": "handshake", "degree": 2}, {"group": 7, "id": "hardening", "degree": 7}, {"group": 3, "id": "ham", "degree": 20}, {"group": 4, "id": "hassock"}, {"group": 2, "id": "harlot"}, {"group": 2, "id": "hardnose"}, {"group": 3, "id": "haven", "degree": 14}, {"group": 4, "id": "hay", "degree": 37}, {"group": 2, "id": "halo", "degree": 10}, {"group": 4, "id": "hashish"}, {"group": 9, "id": "hap"}, {"group": 1, "id": "hardened", "degree": 20}, {"group": 4, "id": "haystack", "degree": 10}, {"group": 7, "id": "hardihood"}, {"group": 3, "id": "hat"}, {"group": 10, "id": "harvesting", "degree": 11}, {"group": 1, "id": "hardworking"}, {"group": 3, "id": "handle"}, {"group": 1, "id": "halt", "degree": 47}, {"group": 6, "id": "harmed"}, {"group": 6, "id": "harmonics", "degree": 4}, {"group": 6, "id": "halftone", "degree": 12}, {"group": 5, "id": "haul"}, {"group": 11, "id": "halitosis", "degree": 0}, {"group": 0, "id": "haunted", "degree": 6}, {"group": 6, "id": "hatching"}, {"group": 9, "id": "half"}, {"group": 4, "id": "hayloft"}, {"group": 2, "id": "hall", "degree": 13}, {"group": 10, "id": "handiwork"}, {"group": 12, "id": "harmoniously"}, {"group": 9, "id": "harbinger", "degree": 7}, {"group": 13, "id": "haphazardly", "degree": 2}, {"group": 1, "id": "hardy"}, {"group": 3, "id": "harbor"}, {"group": 0, "id": "harried", "degree": 5}, {"group": 9, "id": "handout", "degree": 8}, {"group": 1, "id": "harassing"}, {"group": 0, "id": "harrowed", "degree": 13}, {"group": 1, "id": "harebrained"}, {"group": 2, "id": "harry"}, {"group": 2, "id": "hasten", "degree": 35}, {"group": 6, "id": "hallmark", "degree": 19}, {"group": 3, "id": "hanger", "degree": 7}, {"group": 2, "id": "habitat"}, {"group": 6, "id": "habit", "degree": 32}, {"group": 6, "id": "hare", "degree": 7}, {"group": 1, "id": "hard", "degree": 44}, {"group": 3, "id": "hail", "degree": 28}, {"group": 4, "id": "hair"}, {"group": 5, "id": "habituate"}, {"group": 2, "id": "hassle"}, {"group": 6, "id": "haiku", "degree": 6}, {"group": 9, "id": "happenstance", "degree": 13}, {"group": 9, "id": "happen"}, {"group": 6, "id": "hackle"}, {"group": 5, "id": "hamper", "degree": 52}, {"group": 5, "id": "harden"}, {"group": 14, "id": "hankering", "degree": 1}, {"group": 4, "id": "haymaker", "degree": 4}, {"group": 7, "id": "habituation", "degree": 2}, {"group": 1, "id": "hazy"}, {"group": 13, "id": "hastily"}, {"group": 2, "id": "haze", "degree": 22}, {"group": 6, "id": "halcyon"}, {"group": 7, "id": "happiness"}, {"group": 1, "id": "hauteur"}, {"group": 6, "id": "handy", "degree": 12}, {"group": 1, "id": "hairy"}, {"group": 2, "id": "hazel", "degree": 5}, {"group": 4, "id": "hash"}, {"group": 7, "id": "hardship", "degree": 13}, {"group": 9, "id": "handful"}, {"group": 6, "id": "handpicked", "degree": 5}, {"group": 1, "id": "hairlike"}, {"group": 4, "id": "hayseed", "degree": 9}, {"group": 2, "id": "harridan"}, {"group": 6, "id": "hachure"}, {"group": 13, "id": "harshly", "degree": 3}, {"group": 1, "id": "hapless", "degree": 5}, {"group": 4, "id": "hasp", "degree": 25}, {"group": 1, "id": "haughty", "degree": 5}, {"group": 3, "id": "hammy", "degree": 2}, {"group": 2, "id": "habitue"}, {"group": 6, "id": "hackneyed", "degree": 17}, {"group": 7, "id": "hairiness", "degree": 5}, {"group": 6, "id": "hatchet", "degree": 4}, {"group": 2, "id": "haziness"}, {"group": 2, "id": "harass"}, {"group": 4, "id": "haunch"}, {"group": 8, "id": "hatred", "degree": 2}, {"group": 0, "id": "harassed"}, {"group": 13, "id": "haltingly", "degree": 5}, {"group": 6, "id": "habitual"}, {"group": 6, "id": "harmonic", "degree": 6}, {"group": 5, "id": "hamstring"}, {"group": 6, "id": "haunting", "degree": 4}, {"group": 5, "id": "harness", "degree": 29}, {"group": 5, "id": "harpoon"}, {"group": 3, "id": "habitation", "degree": 11}, {"group": 7, "id": "harmlessness", "degree": 4}, {"group": 2, "id": "hag"}, {"group": 14, "id": "hanker"}, {"group": 6, "id": "harlequin"}, {"group": 1, "id": "harmless"}, {"group": 6, "id": "haggle", "degree": 5}, {"group": 6, "id": "hallowed", "degree": 13}, {"group": 5, "id": "hangdog"}, {"group": 6, "id": "handler", "degree": 3}, {"group": 9, "id": "handbook", "degree": 12}, {"group": 1, "id": "hawking", "degree": 9}, {"group": 1, "id": "harebrain"}, {"group": 1, "id": "harrowing"}, {"group": 6, "id": "halving", "degree": 1}, {"group": 6, "id": "happy"}, {"group": 2, "id": "hangout", "degree": 8}, {"group": 3, "id": "hairdo", "degree": 5}, {"group": 13, "id": "happily"}, {"group": 3, "id": "hacienda"}, {"group": 1, "id": "hazardous", "degree": 11}, {"group": 6, "id": "harmonize", "degree": 27}, {"group": 12, "id": "habitually", "degree": 1}, {"group": 1, "id": "hateful"}, {"group": 4, "id": "harvest", "degree": 43}, {"group": 3, "id": "harangue", "degree": 13}, {"group": 7, "id": "hardness"}, {"group": 1, "id": "handsome"}, {"group": 2, "id": "harshness"}, {"group": 13, "id": "handily", "degree": 2}, {"group": 3, "id": "handling", "degree": 18}, {"group": 8, "id": "harmfulness", "degree": 4}, {"group": 6, "id": "hairbreadth"}, {"group": 13, "id": "hardly", "degree": 7}, {"group": 1, "id": "handicapped"}, {"group": 1, "id": "halfhearted"}, {"group": 6, "id": "harmonious"}, {"group": 2, "id": "hallucination"}, {"group": 1, "id": "haw", "degree": 9}, {"group": 5, "id": "hampering", "degree": 13}, {"group": 2, "id": "harrow", "degree": 43}, {"group": 6, "id": "hairline", "degree": 23}, {"group": 1, "id": "hamburger"}, {"group": 2, "id": "haunt", "degree": 43}, {"group": 15, "id": "hardware", "degree": 0}, {"group": 7, "id": "hardiness"}, {"group": 3, "id": "have", "degree": 63}, {"group": 7, "id": "harassment"}, {"group": 10, "id": "handicraft", "degree": 14}, {"group": 1, "id": "harsh", "degree": 27}, {"group": 1, "id": "haywire", "degree": 6}, {"group": 2, "id": "hammer"}, {"group": 6, "id": "handmade"}, {"group": 2, "id": "hangover", "degree": 1}, {"group": 6, "id": "harmonium", "degree": 1}, {"group": 1, "id": "hampered", "degree": 2}, {"group": 1, "id": "haphazard", "degree": 15}, {"group": 6, "id": "harmony", "degree": 21}, {"group": 6, "id": "hatch", "degree": 64}, {"group": 6, "id": "hank"}, {"group": 5, "id": "halter"}, {"group": 5, "id": "handicap", "degree": 51}, {"group": 4, "id": "hallucinogen"}, {"group": 3, "id": "hang", "degree": 34}, {"group": 9, "id": "hazard"}, {"group": 3, "id": "hand"}, {"group": 1, "id": "harmful", "degree": 20}, {"group": 2, "id": "hastiness", "degree": 4}, {"group": 6, "id": "hairsplitting", "degree": 22}, {"group": 2, "id": "harm", "degree": 24}, {"group": 1, "id": "hallucinatory"}, {"group": 2, "id": "hawk", "degree": 20}, {"group": 1, "id": "haggard"}, {"group": 9, "id": "hallelujah"}, {"group": 9, "id": "happening"}, {"group": 7, "id": "harmonization"}, {"group": 1, "id": "hasty"}, {"group": 6, "id": "halve", "degree": 18}, {"group": 10, "id": "hauling"}, {"group": 3, "id": "hagiography"}, {"group": 2, "id": "haste", "degree": 15}, {"group": 1, "id": "hale"}], "links": [{"source": 0, "target": 166, "weight": 0.003922}, {"source": 0, "target": 102, "weight": 0.0125}, {"source": 0, "target": 53, "weight": 0.016667}, {"source": 0, "target": 65, "weight": 0.02551}, {"source": 0, "target": 183, "weight": 0.008}, {"source": 0, "target": 42, "weight": 0.017241}, {"source": 0, "target": 175, "weight": 0.00431}, {"source": 0, "target": 138, "weight": 0.00578}, {"source": 0, "target": 29, "weight": 0.020833}, {"source": 0, "target": 85, "weight": 0.007874}, {"source": 1, "target": 183, "weight": 0.009346}, {"source": 1, "target": 29, "weight": 0.355932}, {"source": 1, "target": 65, "weight": 0.063712}, {"source": 1, "target": 166, "weight": 0.039301}, {"source": 2, "target": 178, "weight": 0.007937}, {"source": 2, "target": 186, "weight": 0.00813}, {"source": 3, "target": 124, "weight": 0.012346}, {"source": 3, "target": 60, "weight": 0.010638}, {"source": 3, "target": 141, "weight": 0.010101}, {"source": 3, "target": 163, "weight": 0.004926}, {"source": 3, "target": 63, "weight": 0.009091}, {"source": 4, "target": 147, "weight": 0.059524}, {"source": 4, "target": 36, "weight": 0.004525}, {"source": 4, "target": 63, "weight": 0.008065}, {"source": 4, "target": 160, "weight": 0.010989}, {"source": 4, "target": 174, "weight": 0.005405}, {"source": 4, "target": 163, "weight": 0.013953}, {"source": 4, "target": 157, "weight": 0.007813}, {"source": 5, "target": 36, "weight": 0.004202}, {"source": 5, "target": 178, "weight": 0.006211}, {"source": 5, "target": 137, "weight": 0.011765}, {"source": 5, "target": 180, "weight": 0.009346}, {"source": 5, "target": 7, "weight": 0.012346}, {"source": 5, "target": 173, "weight": 0.007937}, {"source": 5, "target": 115, "weight": 0.009259}, {"source": 5, "target": 185, "weight": 0.008621}, {"source": 5, "target": 10, "weight": 0.007194}, {"source": 5, "target": 138, "weight": 0.005618}, {"source": 5, "target": 30, "weight": 0.015873}, {"source": 5, "target": 98, "weight": 0.012195}, {"source": 5, "target": 157, "weight": 0.006897}, {"source": 6, "target": 100, "weight": 0.018868}, {"source": 6, "target": 147, "weight": 0.011236}, {"source": 6, "target": 20, "weight": 0.019608}, {"source": 6, "target": 178, "weight": 0.006897}, {"source": 6, "target": 46, "weight": 0.008264}, {"source": 6, "target": 127, "weight": 0.02}, {"source": 6, "target": 163, "weight": 0.004587}, {"source": 6, "target": 24, "weight": 0.009901}, {"source": 7, "target": 186, "weight": 0.004425}, {"source": 7, "target": 159, "weight": 0.008}, {"source": 7, "target": 110, "weight": 0.015267}, {"source": 7, "target": 111, "weight": 0.005848}, {"source": 7, "target": 112, "weight": 0.013986}, {"source": 7, "target": 113, "weight": 0.005952}, {"source": 7, "target": 51, "weight": 0.005}, {"source": 7, "target": 115, "weight": 0.005682}, {"source": 7, "target": 79, "weight": 0.010363}, {"source": 7, "target": 10, "weight": 0.014634}, {"source": 7, "target": 11, "weight": 0.003401}, {"source": 7, "target": 35, "weight": 0.006192}, {"source": 7, "target": 74, "weight": 0.00431}, {"source": 7, "target": 75, "weight": 0.006061}, {"source": 7, "target": 165, "weight": 0.005882}, {"source": 7, "target": 166, "weight": 0.012308}, {"source": 7, "target": 167, "weight": 0.01227}, {"source": 7, "target": 9, "weight": 0.00578}, {"source": 7, "target": 125, "weight": 0.006944}, {"source": 7, "target": 173, "weight": 0.065574}, {"source": 7, "target": 68, "weight": 0.007299}, {"source": 7, "target": 130, "weight": 0.006757}, {"source": 7, "target": 132, "weight": 0.003788}, {"source": 7, "target": 86, "weight": 0.00495}, {"source": 7, "target": 65, "weight": 0.010638}, {"source": 7, "target": 88, "weight": 0.008734}, {"source": 7, "target": 36, "weight": 0.03367}, {"source": 7, "target": 37, "weight": 0.006897}, {"source": 7, "target": 178, "weight": 0.004367}, {"source": 7, "target": 137, "weight": 0.026667}, {"source": 7, "target": 182, "weight": 0.002519}, {"source": 7, "target": 183, "weight": 0.005051}, {"source": 7, "target": 185, "weight": 0.005435}, {"source": 7, "target": 187, "weight": 0.007692}, {"source": 7, "target": 97, "weight": 0.007634}, {"source": 7, "target": 189, "weight": 0.004367}, {"source": 7, "target": 144, "weight": 0.005988}, {"source": 7, "target": 151, "weight": 0.08547}, {"source": 7, "target": 152, "weight": 0.015038}, {"source": 7, "target": 153, "weight": 0.003521}, {"source": 7, "target": 57, "weight": 0.006024}, {"source": 7, "target": 155, "weight": 0.007519}, {"source": 7, "target": 156, "weight": 0.006711}, {"source": 8, "target": 116, "weight": 0.018519}, {"source": 8, "target": 35, "weight": 0.004149}, {"source": 8, "target": 20, "weight": 0.009615}, {"source": 8, "target": 177, "weight": 0.169014}, {"source": 8, "target": 125, "weight": 0.016393}, {"source": 8, "target": 178, "weight": 0.05}, {"source": 8, "target": 73, "weight": 0.019608}, {"source": 8, "target": 182, "weight": 0.003185}, {"source": 8, "target": 113, "weight": 0.211268}, {"source": 8, "target": 52, "weight": 0.007042}, {"source": 8, "target": 106, "weight": 0.005682}, {"source": 8, "target": 115, "weight": 0.032967}, {"source": 8, "target": 163, "weight": 0.018519}, {"source": 8, "target": 141, "weight": 0.008696}, {"source": 8, "target": 74, "weight": 0.2}, {"source": 8, "target": 24, "weight": 0.009804}, {"source": 8, "target": 36, "weight": 0.009009}, {"source": 9, "target": 186, "weight": 0.207143}, {"source": 9, "target": 69, "weight": 0.006897}, {"source": 9, "target": 164, "weight": 0.011905}, {"source": 9, "target": 13, "weight": 0.011236}, {"source": 9, "target": 168, "weight": 0.021898}, {"source": 9, "target": 89, "weight": 0.011111}, {"source": 9, "target": 151, "weight": 0.014706}, {"source": 9, "target": 14, "weight": 0.010526}, {"source": 9, "target": 81, "weight": 0.016529}, {"source": 9, "target": 88, "weight": 0.005814}, {"source": 9, "target": 36, "weight": 0.004032}, {"source": 9, "target": 37, "weight": 0.011494}, {"source": 9, "target": 178, "weight": 0.04878}, {"source": 9, "target": 183, "weight": 0.014388}, {"source": 9, "target": 140, "weight": 0.005882}, {"source": 9, "target": 157, "weight": 0.006452}, {"source": 9, "target": 145, "weight": 0.019868}, {"source": 9, "target": 113, "weight": 0.009091}, {"source": 9, "target": 148, "weight": 0.014493}, {"source": 9, "target": 105, "weight": 0.012987}, {"source": 9, "target": 56, "weight": 0.013514}, {"source": 9, "target": 106, "weight": 0.041237}, {"source": 9, "target": 108, "weight": 0.010989}, {"source": 10, "target": 60, "weight": 0.005917}, {"source": 10, "target": 61, "weight": 0.030534}, {"source": 10, "target": 63, "weight": 0.016393}, {"source": 10, "target": 65, "weight": 0.006696}, {"source": 10, "target": 112, "weight": 0.008333}, {"source": 10, "target": 78, "weight": 0.009259}, {"source": 10, "target": 115, "weight": 0.006579}, {"source": 10, "target": 79, "weight": 0.017857}, {"source": 10, "target": 163, "weight": 0.003597}, {"source": 10, "target": 117, "weight": 0.009259}, {"source": 10, "target": 72, "weight": 0.009524}, {"source": 10, "target": 73, "weight": 0.009091}, {"source": 10, "target": 166, "weight": 0.009934}, {"source": 10, "target": 141, "weight": 0.005747}, {"source": 10, "target": 81, "weight": 0.00641}, {"source": 10, "target": 23, "weight": 0.007092}, {"source": 10, "target": 24, "weight": 0.045161}, {"source": 10, "target": 173, "weight": 0.005882}, {"source": 10, "target": 153, "weight": 0.003846}, {"source": 10, "target": 128, "weight": 0.015385}, {"source": 10, "target": 175, "weight": 0.003559}, {"source": 10, "target": 28, "weight": 0.007463}, {"source": 10, "target": 32, "weight": 0.035714}, {"source": 10, "target": 46, "weight": 0.011111}, {"source": 10, "target": 132, "weight": 0.004167}, {"source": 10, "target": 35, "weight": 0.02381}, {"source": 10, "target": 36, "weight": 0.003546}, {"source": 10, "target": 177, "weight": 0.007092}, {"source": 10, "target": 137, "weight": 0.007752}, {"source": 10, "target": 180, "weight": 0.055556}, {"source": 10, "target": 181, "weight": 0.010753}, {"source": 10, "target": 182, "weight": 0.008086}, {"source": 10, "target": 66, "weight": 0.004785}, {"source": 10, "target": 43, "weight": 0.005525}, {"source": 10, "target": 67, "weight": 0.004808}, {"source": 10, "target": 98, "weight": 0.007937}, {"source": 10, "target": 189, "weight": 0.004878}, {"source": 10, "target": 113, "weight": 0.006944}, {"source": 10, "target": 147, "weight": 0.006711}, {"source": 10, "target": 191, "weight": 0.005952}, {"source": 10, "target": 192, "weight": 0.007407}, {"source": 10, "target": 52, "weight": 0.035897}, {"source": 10, "target": 130, "weight": 0.008065}, {"source": 10, "target": 168, "weight": 0.00578}, {"source": 10, "target": 107, "weight": 0.009259}, {"source": 10, "target": 59, "weight": 0.006024}, {"source": 10, "target": 95, "weight": 0.00625}, {"source": 11, "target": 158, "weight": 0.009524}, {"source": 11, "target": 63, "weight": 0.003676}, {"source": 11, "target": 64, "weight": 0.004673}, {"source": 11, "target": 65, "weight": 0.003731}, {"source": 11, "target": 160, "weight": 0.008403}, {"source": 11, "target": 163, "weight": 0.00274}, {"source": 11, "target": 15, "weight": 0.00495}, {"source": 11, "target": 16, "weight": 0.004587}, {"source": 11, "target": 123, "weight": 0.010582}, {"source": 11, "target": 74, "weight": 0.00339}, {"source": 11, "target": 25, "weight": 0.012987}, {"source": 11, "target": 126, "weight": 0.005236}, {"source": 11, "target": 175, "weight": 0.085294}, {"source": 11, "target": 138, "weight": 0.006494}, {"source": 11, "target": 46, "weight": 0.003731}, {"source": 11, "target": 36, "weight": 0.016484}, {"source": 11, "target": 24, "weight": 0.004032}, {"source": 11, "target": 183, "weight": 0.003831}, {"source": 11, "target": 147, "weight": 0.004237}, {"source": 11, "target": 186, "weight": 0.00346}, {"source": 11, "target": 188, "weight": 0.004695}, {"source": 11, "target": 141, "weight": 0.011583}, {"source": 11, "target": 157, "weight": 0.018382}, {"source": 11, "target": 49, "weight": 0.009524}, {"source": 11, "target": 102, "weight": 0.014019}, {"source": 11, "target": 194, "weight": 0.153439}, {"source": 11, "target": 104, "weight": 0.005525}, {"source": 11, "target": 60, "weight": 0.023904}, {"source": 11, "target": 59, "weight": 0.007937}, {"source": 11, "target": 156, "weight": 0.004717}, {"source": 12, "target": 194, "weight": 0.017544}, {"source": 13, "target": 186, "weight": 0.028777}, {"source": 13, "target": 147, "weight": 0.022727}, {"source": 13, "target": 89, "weight": 0.477273}, {"source": 13, "target": 178, "weight": 0.042857}, {"source": 13, "target": 103, "weight": 0.027027}, {"source": 13, "target": 160, "weight": 0.01087}, {"source": 13, "target": 173, "weight": 0.009091}, {"source": 13, "target": 97, "weight": 0.021277}, {"source": 13, "target": 74, "weight": 0.020548}, {"source": 14, "target": 145, "weight": 0.015152}, {"source": 14, "target": 186, "weight": 0.006757}, {"source": 14, "target": 147, "weight": 0.010526}, {"source": 14, "target": 148, "weight": 0.020408}, {"source": 14, "target": 178, "weight": 0.006623}, {"source": 14, "target": 106, "weight": 0.005525}, {"source": 14, "target": 69, "weight": 0.008}, {"source": 14, "target": 174, "weight": 0.005208}, {"source": 14, "target": 58, "weight": 0.009009}, {"source": 14, "target": 108, "weight": 0.6}, {"source": 15, "target": 60, "weight": 0.009901}, {"source": 15, "target": 35, "weight": 0.00431}, {"source": 15, "target": 52, "weight": 0.007519}, {"source": 15, "target": 66, "weight": 0.021583}, {"source": 15, "target": 182, "weight": 0.003279}, {"source": 15, "target": 163, "weight": 0.004762}, {"source": 15, "target": 175, "weight": 0.009434}, {"source": 15, "target": 138, "weight": 0.006494}, {"source": 15, "target": 24, "weight": 0.021739}, {"source": 16, "target": 60, "weight": 0.008547}, {"source": 16, "target": 35, "weight": 0.004032}, {"source": 16, "target": 191, "weight": 0.008621}, {"source": 16, "target": 126, "weight": 0.019231}, {"source": 16, "target": 182, "weight": 0.015773}, {"source": 16, "target": 67, "weight": 0.00641}, {"source": 16, "target": 94, "weight": 0.014085}, {"source": 16, "target": 47, "weight": 0.006803}, {"source": 16, "target": 43, "weight": 0.007752}, {"source": 16, "target": 175, "weight": 0.004367}, {"source": 16, "target": 138, "weight": 0.005882}, {"source": 16, "target": 171, "weight": 0.02381}, {"source": 16, "target": 85, "weight": 0.01626}, {"source": 16, "target": 17, "weight": 0.046154}, {"source": 17, "target": 183, "weight": 0.009091}, {"source": 17, "target": 65, "weight": 0.007813}, {"source": 17, "target": 85, "weight": 0.008929}, {"source": 17, "target": 112, "weight": 0.017857}, {"source": 18, "target": 134, "weight": 0.05}, {"source": 18, "target": 35, "weight": 0.004484}, {"source": 18, "target": 52, "weight": 0.01626}, {"source": 18, "target": 180, "weight": 0.013514}, {"source": 18, "target": 66, "weight": 0.117647}, {"source": 18, "target": 163, "weight": 0.01}, {"source": 18, "target": 117, "weight": 0.032258}, {"source": 18, "target": 142, "weight": 0.014706}, {"source": 19, "target": 192, "weight": 0.037037}, {"source": 19, "target": 65, "weight": 0.002513}, {"source": 19, "target": 78, "weight": 0.163265}, {"source": 19, "target": 162, "weight": 0.030303}, {"source": 19, "target": 174, "weight": 0.010363}, {"source": 19, "target": 46, "weight": 0.007752}, {"source": 19, "target": 143, "weight": 0.043478}, {"source": 20, "target": 100, "weight": 0.236842}, {"source": 20, "target": 60, "weight": 0.006711}, {"source": 20, "target": 147, "weight": 0.015625}, {"source": 20, "target": 165, "weight": 0.007937}, {"source": 20, "target": 177, "weight": 0.008264}, {"source": 20, "target": 142, "weight": 0.02439}, {"source": 20, "target": 47, "weight": 0.011236}, {"source": 20, "target": 168, "weight": 0.026667}, {"source": 20, "target": 64, "weight": 0.009346}, {"source": 20, "target": 66, "weight": 0.005291}, {"source": 20, "target": 113, "weight": 0.008065}, {"source": 20, "target": 81, "weight": 0.007353}, {"source": 20, "target": 95, "weight": 0.007143}, {"source": 20, "target": 58, "weight": 0.006897}, {"source": 20, "target": 182, "weight": 0.011429}, {"source": 20, "target": 98, "weight": 0.009434}, {"source": 20, "target": 74, "weight": 0.005319}, {"source": 20, "target": 157, "weight": 0.005917}, {"source": 21, "target": 36, "weight": 0.009524}, {"source": 21, "target": 180, "weight": 0.0125}, {"source": 21, "target": 66, "weight": 0.007246}, {"source": 21, "target": 25, "weight": 0.013333}, {"source": 21, "target": 81, "weight": 0.011765}, {"source": 21, "target": 71, "weight": 0.014286}, {"source": 21, "target": 141, "weight": 0.009709}, {"source": 21, "target": 33, "weight": 0.017857}, {"source": 22, "target": 59, "weight": 0.011628}, {"source": 22, "target": 81, "weight": 0.013158}, {"source": 22, "target": 87, "weight": 0.034483}, {"source": 22, "target": 197, "weight": 0.018868}, {"source": 23, "target": 166, "weight": 0.007663}, {"source": 23, "target": 186, "weight": 0.00625}, {"source": 23, "target": 65, "weight": 0.004914}, {"source": 23, "target": 157, "weight": 0.006803}, {"source": 24, "target": 118, "weight": 0.012987}, {"source": 24, "target": 163, "weight": 0.011811}, {"source": 24, "target": 117, "weight": 0.011628}, {"source": 24, "target": 35, "weight": 0.018248}, {"source": 24, "target": 73, "weight": 0.011364}, {"source": 24, "target": 74, "weight": 0.005376}, {"source": 24, "target": 175, "weight": 0.011673}, {"source": 24, "target": 138, "weight": 0.005}, {"source": 24, "target": 30, "weight": 0.011765}, {"source": 24, "target": 32, "weight": 0.021739}, {"source": 24, "target": 88, "weight": 0.005435}, {"source": 24, "target": 36, "weight": 0.003846}, {"source": 24, "target": 91, "weight": 0.010101}, {"source": 24, "target": 181, "weight": 0.006061}, {"source": 24, "target": 182, "weight": 0.002849}, {"source": 24, "target": 95, "weight": 0.007246}, {"source": 24, "target": 43, "weight": 0.006289}, {"source": 24, "target": 141, "weight": 0.006579}, {"source": 24, "target": 46, "weight": 0.012658}, {"source": 24, "target": 52, "weight": 0.551724}, {"source": 24, "target": 115, "weight": 0.007692}, {"source": 25, "target": 60, "weight": 0.007576}, {"source": 25, "target": 63, "weight": 0.006757}, {"source": 25, "target": 67, "weight": 0.011765}, {"source": 25, "target": 115, "weight": 0.017544}, {"source": 25, "target": 175, "weight": 0.012397}, {"source": 25, "target": 163, "weight": 0.008333}, {"source": 25, "target": 141, "weight": 0.086614}, {"source": 25, "target": 35, "weight": 0.007634}, {"source": 25, "target": 168, "weight": 0.007353}, {"source": 25, "target": 74, "weight": 0.005848}, {"source": 25, "target": 166, "weight": 0.003745}, {"source": 25, "target": 98, "weight": 0.022727}, {"source": 25, "target": 153, "weight": 0.004484}, {"source": 25, "target": 27, "weight": 0.375}, {"source": 25, "target": 30, "weight": 0.014286}, {"source": 25, "target": 129, "weight": 0.016129}, {"source": 25, "target": 33, "weight": 0.022472}, {"source": 25, "target": 133, "weight": 0.015873}, {"source": 25, "target": 88, "weight": 0.148649}, {"source": 25, "target": 36, "weight": 0.004082}, {"source": 25, "target": 177, "weight": 0.009615}, {"source": 25, "target": 37, "weight": 0.011905}, {"source": 25, "target": 136, "weight": 0.013333}, {"source": 25, "target": 90, "weight": 0.009434}, {"source": 25, "target": 182, "weight": 0.008982}, {"source": 25, "target": 93, "weight": 0.021739}, {"source": 25, "target": 43, "weight": 0.006944}, {"source": 25, "target": 44, "weight": 0.009709}, {"source": 25, "target": 187, "weight": 0.014493}, {"source": 25, "target": 45, "weight": 0.016393}, {"source": 25, "target": 157, "weight": 0.026846}, {"source": 25, "target": 179, "weight": 0.375}, {"source": 25, "target": 194, "weight": 0.021739}, {"source": 25, "target": 104, "weight": 0.017544}, {"source": 25, "target": 107, "weight": 0.014085}, {"source": 26, "target": 35, "weight": 0.008065}, {"source": 26, "target": 62, "weight": 0.030769}, {"source": 26, "target": 121, "weight": 0.0125}, {"source": 26, "target": 177, "weight": 0.011111}, {"source": 26, "target": 180, "weight": 0.01}, {"source": 26, "target": 182, "weight": 0.003106}, {"source": 26, "target": 153, "weight": 0.004785}, {"source": 26, "target": 116, "weight": 0.032787}, {"source": 26, "target": 70, "weight": 0.015625}, {"source": 26, "target": 32, "weight": 0.015625}, {"source": 26, "target": 46, "weight": 0.015504}, {"source": 26, "target": 83, "weight": 0.010204}, {"source": 27, "target": 133, "weight": 0.033333}, {"source": 27, "target": 36, "weight": 0.004717}, {"source": 27, "target": 141, "weight": 0.009615}, {"source": 27, "target": 157, "weight": 0.008403}, {"source": 27, "target": 163, "weight": 0.004808}, {"source": 27, "target": 98, "weight": 0.036364}, {"source": 27, "target": 74, "weight": 0.007246}, {"source": 27, "target": 166, "weight": 0.004274}, {"source": 28, "target": 36, "weight": 0.004292}, {"source": 28, "target": 180, "weight": 0.009804}, {"source": 28, "target": 115, "weight": 0.009709}, {"source": 28, "target": 127, "weight": 0.016393}, {"source": 28, "target": 163, "weight": 0.004367}, {"source": 28, "target": 71, "weight": 0.52459}, {"source": 28, "target": 141, "weight": 0.016129}, {"source": 29, "target": 63, "weight": 0.006757}, {"source": 29, "target": 34, "weight": 0.012346}, {"source": 29, "target": 111, "weight": 0.018349}, {"source": 29, "target": 51, "weight": 0.014493}, {"source": 29, "target": 166, "weight": 0.030769}, {"source": 29, "target": 122, "weight": 0.011236}, {"source": 29, "target": 175, "weight": 0.004098}, {"source": 29, "target": 138, "weight": 0.005405}, {"source": 29, "target": 130, "weight": 0.011494}, {"source": 29, "target": 132, "weight": 0.004926}, {"source": 29, "target": 86, "weight": 0.007092}, {"source": 29, "target": 65, "weight": 0.064267}, {"source": 29, "target": 183, "weight": 0.007299}, {"source": 29, "target": 68, "weight": 0.013158}, {"source": 29, "target": 198, "weight": 0.019417}, {"source": 29, "target": 143, "weight": 0.009091}, {"source": 29, "target": 99, "weight": 0.008929}, {"source": 29, "target": 102, "weight": 0.01087}, {"source": 29, "target": 75, "weight": 0.029412}, {"source": 29, "target": 152, "weight": 0.013699}, {"source": 29, "target": 153, "weight": 0.004484}, {"source": 30, "target": 35, "weight": 0.004464}, {"source": 30, "target": 52, "weight": 0.008}, {"source": 30, "target": 141, "weight": 0.010204}, {"source": 30, "target": 182, "weight": 0.003367}, {"source": 30, "target": 67, "weight": 0.015267}, {"source": 30, "target": 107, "weight": 0.03125}, {"source": 30, "target": 45, "weight": 0.045455}, {"source": 30, "target": 157, "weight": 0.00885}, {"source": 31, "target": 138, "weight": 0.006944}, {"source": 31, "target": 118, "weight": 0.047619}, {"source": 32, "target": 134, "weight": 0.071429}, {"source": 32, "target": 46, "weight": 0.00885}, {"source": 32, "target": 115, "weight": 0.011905}, {"source": 32, "target": 117, "weight": 0.025}, {"source": 33, "target": 165, "weight": 0.491803}, {"source": 33, "target": 166, "weight": 0.004032}, {"source": 33, "target": 192, "weight": 0.025641}, {"source": 33, "target": 63, "weight": 0.007752}, {"source": 33, "target": 195, "weight": 0.016393}, {"source": 33, "target": 182, "weight": 0.003155}, {"source": 33, "target": 174, "weight": 0.005263}, {"source": 33, "target": 43, "weight": 0.02439}, {"source": 33, "target": 175, "weight": 0.004444}, {"source": 33, "target": 141, "weight": 0.034783}, {"source": 33, "target": 46, "weight": 0.016129}, {"source": 33, "target": 47, "weight": 0.263158}, {"source": 34, "target": 183, "weight": 0.009174}, {"source": 34, "target": 65, "weight": 0.048913}, {"source": 34, "target": 147, "weight": 0.011905}, {"source": 34, "target": 166, "weight": 0.021277}, {"source": 35, "target": 60, "weight": 0.01773}, {"source": 35, "target": 61, "weight": 0.008}, {"source": 35, "target": 63, "weight": 0.016779}, {"source": 35, "target": 65, "weight": 0.001764}, {"source": 35, "target": 160, "weight": 0.007463}, {"source": 35, "target": 66, "weight": 0.012384}, {"source": 35, "target": 163, "weight": 0.03125}, {"source": 35, "target": 71, "weight": 0.003876}, {"source": 35, "target": 165, "weight": 0.007634}, {"source": 35, "target": 98, "weight": 0.012448}, {"source": 35, "target": 74, "weight": 0.009288}, {"source": 35, "target": 81, "weight": 0.003663}, {"source": 35, "target": 126, "weight": 0.009091}, {"source": 35, "target": 127, "weight": 0.00885}, {"source": 35, "target": 174, "weight": 0.002755}, {"source": 35, "target": 175, "weight": 0.025707}, {"source": 35, "target": 138, "weight": 0.005917}, {"source": 35, "target": 46, "weight": 0.003356}, {"source": 35, "target": 36, "weight": 0.015228}, {"source": 35, "target": 178, "weight": 0.003106}, {"source": 35, "target": 180, "weight": 0.015094}, {"source": 35, "target": 147, "weight": 0.034884}, {"source": 35, "target": 185, "weight": 0.007246}, {"source": 35, "target": 188, "weight": 0.008264}, {"source": 35, "target": 141, "weight": 0.006897}, {"source": 35, "target": 142, "weight": 0.015444}, {"source": 35, "target": 49, "weight": 0.004149}, {"source": 35, "target": 54, "weight": 0.003968}, {"source": 35, "target": 115, "weight": 0.08}, {"source": 35, "target": 197, "weight": 0.008032}, {"source": 35, "target": 59, "weight": 0.010676}, {"source": 35, "target": 157, "weight": 0.006557}, {"source": 36, "target": 186, "weight": 0.003322}, {"source": 36, "target": 138, "weight": 0.015773}, {"source": 36, "target": 63, "weight": 0.003521}, {"source": 36, "target": 60, "weight": 0.007491}, {"source": 36, "target": 66, "weight": 0.009804}, {"source": 36, "target": 113, "weight": 0.012448}, {"source": 36, "target": 69, "weight": 0.003597}, {"source": 36, "target": 163, "weight": 0.010695}, {"source": 36, "target": 71, "weight": 0.004167}, {"source": 36, "target": 164, "weight": 0.004608}, {"source": 36, "target": 168, "weight": 0.018657}, {"source": 36, "target": 74, "weight": 0.026667}, {"source": 36, "target": 75, "weight": 0.008368}, {"source": 36, "target": 165, "weight": 0.004082}, {"source": 36, "target": 121, "weight": 0.004348}, {"source": 36, "target": 81, "weight": 0.003922}, {"source": 36, "target": 82, "weight": 0.00813}, {"source": 36, "target": 174, "weight": 0.002899}, {"source": 36, "target": 175, "weight": 0.007937}, {"source": 36, "target": 155, "weight": 0.039801}, {"source": 36, "target": 179, "weight": 0.004717}, {"source": 36, "target": 88, "weight": 0.02}, {"source": 36, "target": 177, "weight": 0.004167}, {"source": 36, "target": 68, "weight": 0.004717}, {"source": 36, "target": 178, "weight": 0.013289}, {"source": 36, "target": 180, "weight": 0.032922}, {"source": 36, "target": 181, "weight": 0.010563}, {"source": 36, "target": 182, "weight": 0.002119}, {"source": 36, "target": 183, "weight": 0.003663}, {"source": 36, "target": 184, "weight": 0.004608}, {"source": 36, "target": 40, "weight": 0.015385}, {"source": 36, "target": 198, "weight": 0.008368}, {"source": 36, "target": 44, "weight": 0.004184}, {"source": 36, "target": 188, "weight": 0.013453}, {"source": 36, "target": 98, "weight": 0.022624}, {"source": 36, "target": 157, "weight": 0.006969}, {"source": 36, "target": 145, "weight": 0.007018}, {"source": 36, "target": 77, "weight": 0.00939}, {"source": 36, "target": 192, "weight": 0.004274}, {"source": 36, "target": 52, "weight": 0.006689}, {"source": 36, "target": 151, "weight": 0.052083}, {"source": 36, "target": 106, "weight": 0.002994}, {"source": 36, "target": 115, "weight": 0.008}, {"source": 36, "target": 61, "weight": 0.004292}, {"source": 36, "target": 58, "weight": 0.007605}, {"source": 36, "target": 154, "weight": 0.008584}, {"source": 36, "target": 59, "weight": 0.007576}, {"source": 36, "target": 156, "weight": 0.03211}, {"source": 37, "target": 186, "weight": 0.007143}, {"source": 37, "target": 166, "weight": 0.004132}, {"source": 37, "target": 167, "weight": 0.012821}, {"source": 37, "target": 178, "weight": 0.006993}, {"source": 37, "target": 194, "weight": 0.045455}, {"source": 37, "target": 60, "weight": 0.009346}, {"source": 37, "target": 56, "weight": 0.044444}, {"source": 37, "target": 175, "weight": 0.004566}, {"source": 37, "target": 141, "weight": 0.008929}, {"source": 37, "target": 157, "weight": 0.015873}, {"source": 38, "target": 112, "weight": 0.022222}, {"source": 38, "target": 39, "weight": 0.029412}, {"source": 38, "target": 153, "weight": 0.005405}, {"source": 38, "target": 174, "weight": 0.102564}, {"source": 38, "target": 70, "weight": 0.025}, {"source": 38, "target": 138, "weight": 0.034965}, {"source": 39, "target": 60, "weight": 0.010526}, {"source": 39, "target": 121, "weight": 0.017544}, {"source": 39, "target": 63, "weight": 0.009009}, {"source": 39, "target": 112, "weight": 0.021739}, {"source": 39, "target": 182, "weight": 0.003344}, {"source": 39, "target": 67, "weight": 0.007463}, {"source": 39, "target": 149, "weight": 0.029412}, {"source": 39, "target": 153, "weight": 0.005376}, {"source": 39, "target": 71, "weight": 0.014925}, {"source": 39, "target": 47, "weight": 0.008}, {"source": 39, "target": 174, "weight": 0.005814}, {"source": 40, "target": 186, "weight": 0.010989}, {"source": 40, "target": 188, "weight": 0.009346}, {"source": 40, "target": 178, "weight": 0.050562}, {"source": 40, "target": 156, "weight": 0.009434}, {"source": 40, "target": 65, "weight": 0.004651}, {"source": 40, "target": 180, "weight": 0.055556}, {"source": 40, "target": 160, "weight": 0.007519}, {"source": 40, "target": 91, "weight": 0.009804}, {"source": 40, "target": 115, "weight": 0.015152}, {"source": 40, "target": 163, "weight": 0.011673}, {"source": 40, "target": 175, "weight": 0.007663}, {"source": 40, "target": 59, "weight": 0.006803}, {"source": 40, "target": 141, "weight": 0.033113}, {"source": 40, "target": 74, "weight": 0.038251}, {"source": 40, "target": 157, "weight": 0.023952}, {"source": 40, "target": 89, "weight": 0.009524}, {"source": 42, "target": 109, "weight": 0.294118}, {"source": 42, "target": 53, "weight": 0.416667}, {"source": 42, "target": 160, "weight": 0.013158}, {"source": 42, "target": 56, "weight": 0.03125}, {"source": 42, "target": 106, "weight": 0.006289}, {"source": 42, "target": 58, "weight": 0.011236}, {"source": 42, "target": 189, "weight": 0.007752}, {"source": 43, "target": 158, "weight": 0.160377}, {"source": 43, "target": 63, "weight": 0.010989}, {"source": 43, "target": 64, "weight": 0.008}, {"source": 43, "target": 60, "weight": 0.005988}, {"source": 43, "target": 163, "weight": 0.007273}, {"source": 43, "target": 74, "weight": 0.009756}, {"source": 43, "target": 165, "weight": 0.028369}, {"source": 43, "target": 166, "weight": 0.003311}, {"source": 43, "target": 123, "weight": 0.009901}, {"source": 43, "target": 157, "weight": 0.010753}, {"source": 43, "target": 174, "weight": 0.004098}, {"source": 43, "target": 175, "weight": 0.040892}, {"source": 43, "target": 138, "weight": 0.009132}, {"source": 43, "target": 178, "weight": 0.004926}, {"source": 43, "target": 160, "weight": 0.006667}, {"source": 43, "target": 185, "weight": 0.006329}, {"source": 43, "target": 141, "weight": 0.011696}, {"source": 43, "target": 194, "weight": 0.007813}, {"source": 43, "target": 197, "weight": 0.007634}, {"source": 43, "target": 59, "weight": 0.01227}, {"source": 44, "target": 60, "weight": 0.016}, {"source": 44, "target": 147, "weight": 0.009434}, {"source": 44, "target": 102, "weight": 0.011628}, {"source": 44, "target": 178, "weight": 0.012422}, {"source": 44, "target": 194, "weight": 0.035294}, {"source": 44, "target": 138, "weight": 0.011236}, {"source": 44, "target": 112, "weight": 0.012987}, {"source": 44, "target": 54, "weight": 0.01087}, {"source": 44, "target": 81, "weight": 0.00885}, {"source": 44, "target": 115, "weight": 0.009174}, {"source": 44, "target": 127, "weight": 0.030303}, {"source": 44, "target": 174, "weight": 0.009901}, {"source": 44, "target": 175, "weight": 0.004202}, {"source": 44, "target": 71, "weight": 0.053191}, {"source": 44, "target": 141, "weight": 0.007634}, {"source": 44, "target": 157, "weight": 0.013793}, {"source": 45, "target": 163, "weight": 0.005181}, {"source": 45, "target": 117, "weight": 0.043478}, {"source": 45, "target": 141, "weight": 0.022727}, {"source": 45, "target": 157, "weight": 0.009615}, {"source": 46, "target": 62, "weight": 0.017544}, {"source": 46, "target": 63, "weight": 0.005464}, {"source": 46, "target": 160, "weight": 0.027211}, {"source": 46, "target": 66, "weight": 0.004831}, {"source": 46, "target": 163, "weight": 0.003623}, {"source": 46, "target": 117, "weight": 0.019048}, {"source": 46, "target": 168, "weight": 0.005848}, {"source": 46, "target": 165, "weight": 0.021127}, {"source": 46, "target": 189, "weight": 0.004926}, {"source": 46, "target": 174, "weight": 0.004098}, {"source": 46, "target": 175, "weight": 0.003584}, {"source": 46, "target": 138, "weight": 0.004545}, {"source": 46, "target": 133, "weight": 0.020619}, {"source": 46, "target": 136, "weight": 0.018349}, {"source": 46, "target": 180, "weight": 0.006711}, {"source": 46, "target": 182, "weight": 0.002695}, {"source": 46, "target": 93, "weight": 0.007813}, {"source": 46, "target": 188, "weight": 0.008065}, {"source": 46, "target": 47, "weight": 0.020619}, {"source": 46, "target": 191, "weight": 0.006024}, {"source": 46, "target": 192, "weight": 0.007519}, {"source": 46, "target": 52, "weight": 0.015228}, {"source": 47, "target": 158, "weight": 0.007143}, {"source": 47, "target": 63, "weight": 0.004975}, {"source": 47, "target": 60, "weight": 0.005405}, {"source": 47, "target": 163, "weight": 0.006826}, {"source": 47, "target": 71, "weight": 0.006369}, {"source": 47, "target": 74, "weight": 0.004464}, {"source": 47, "target": 165, "weight": 0.234848}, {"source": 47, "target": 157, "weight": 0.009804}, {"source": 47, "target": 81, "weight": 0.005814}, {"source": 47, "target": 174, "weight": 0.007663}, {"source": 47, "target": 175, "weight": 0.006757}, {"source": 47, "target": 138, "weight": 0.008439}, {"source": 47, "target": 178, "weight": 0.004525}, {"source": 47, "target": 180, "weight": 0.005988}, {"source": 47, "target": 93, "weight": 0.006849}, {"source": 47, "target": 141, "weight": 0.055249}, {"source": 47, "target": 142, "weight": 0.006211}, {"source": 47, "target": 147, "weight": 0.050633}, {"source": 47, "target": 197, "weight": 0.006711}, {"source": 47, "target": 59, "weight": 0.01105}, {"source": 48, "target": 139, "weight": 0.043478}, {"source": 49, "target": 145, "weight": 0.007813}, {"source": 49, "target": 90, "weight": 0.011905}, {"source": 49, "target": 160, "weight": 0.010753}, {"source": 49, "target": 182, "weight": 0.003185}, {"source": 49, "target": 67, "weight": 0.006711}, {"source": 49, "target": 127, "weight": 0.019608}, {"source": 49, "target": 163, "weight": 0.009174}, {"source": 49, "target": 175, "weight": 0.004505}, {"source": 50, "target": 110, "weight": 0.172414}, {"source": 50, "target": 193, "weight": 0.007634}, {"source": 50, "target": 65, "weight": 0.002667}, {"source": 50, "target": 80, "weight": 0.075472}, {"source": 50, "target": 173, "weight": 0.010526}, {"source": 50, "target": 150, "weight": 0.018182}, {"source": 51, "target": 124, "weight": 0.034483}, {"source": 51, "target": 65, "weight": 0.112782}, {"source": 51, "target": 183, "weight": 0.005988}, {"source": 51, "target": 166, "weight": 0.017065}, {"source": 51, "target": 102, "weight": 0.016529}, {"source": 51, "target": 134, "weight": 0.011111}, {"source": 51, "target": 114, "weight": 0.010309}, {"source": 51, "target": 188, "weight": 0.008403}, {"source": 52, "target": 65, "weight": 0.004283}, {"source": 52, "target": 66, "weight": 0.00885}, {"source": 52, "target": 163, "weight": 0.053191}, {"source": 52, "target": 117, "weight": 0.007937}, {"source": 52, "target": 118, "weight": 0.008547}, {"source": 52, "target": 89, "weight": 0.007042}, {"source": 52, "target": 98, "weight": 0.006944}, {"source": 52, "target": 142, "weight": 0.006135}, {"source": 52, "target": 175, "weight": 0.013514}, {"source": 52, "target": 91, "weight": 0.007194}, {"source": 52, "target": 138, "weight": 0.008368}, {"source": 52, "target": 141, "weight": 0.005208}, {"source": 52, "target": 74, "weight": 0.004425}, {"source": 52, "target": 115, "weight": 0.011834}, {"source": 52, "target": 59, "weight": 0.005435}, {"source": 53, "target": 166, "weight": 0.004348}, {"source": 53, "target": 109, "weight": 0.586207}, {"source": 53, "target": 160, "weight": 0.012821}, {"source": 53, "target": 56, "weight": 0.029412}, {"source": 53, "target": 106, "weight": 0.006211}, {"source": 53, "target": 58, "weight": 0.010989}, {"source": 54, "target": 147, "weight": 0.009901}, {"source": 54, "target": 190, "weight": 0.029851}, {"source": 54, "target": 64, "weight": 0.012658}, {"source": 54, "target": 65, "weight": 0.002488}, {"source": 54, "target": 182, "weight": 0.003077}, {"source": 54, "target": 67, "weight": 0.012579}, {"source": 54, "target": 197, "weight": 0.011765}, {"source": 54, "target": 174, "weight": 0.010152}, {"source": 54, "target": 90, "weight": 0.021277}, {"source": 54, "target": 127, "weight": 0.032787}, {"source": 54, "target": 59, "weight": 0.008475}, {"source": 54, "target": 142, "weight": 0.010309}, {"source": 55, "target": 183, "weight": 0.027523}, {"source": 55, "target": 65, "weight": 0.007792}, {"source": 55, "target": 197, "weight": 0.014286}, {"source": 55, "target": 185, "weight": 0.010309}, {"source": 55, "target": 166, "weight": 0.012552}, {"source": 56, "target": 186, "weight": 0.015873}, {"source": 56, "target": 89, "weight": 0.020408}, {"source": 56, "target": 178, "weight": 0.007692}, {"source": 56, "target": 65, "weight": 0.002667}, {"source": 56, "target": 109, "weight": 0.046512}, {"source": 56, "target": 106, "weight": 0.00625}, {"source": 56, "target": 130, "weight": 0.020408}, {"source": 56, "target": 157, "weight": 0.008772}, {"source": 56, "target": 166, "weight": 0.004367}, {"source": 57, "target": 173, "weight": 0.015625}, {"source": 57, "target": 59, "weight": 0.008}, {"source": 57, "target": 137, "weight": 0.011364}, {"source": 57, "target": 167, "weight": 0.06383}, {"source": 58, "target": 186, "weight": 0.039326}, {"source": 58, "target": 160, "weight": 0.08871}, {"source": 58, "target": 163, "weight": 0.011628}, {"source": 58, "target": 74, "weight": 0.005263}, {"source": 58, "target": 157, "weight": 0.02994}, {"source": 58, "target": 81, "weight": 0.045113}, {"source": 58, "target": 128, "weight": 0.00885}, {"source": 58, "target": 175, "weight": 0.007634}, {"source": 58, "target": 138, "weight": 0.004902}, {"source": 58, "target": 133, "weight": 0.012195}, {"source": 58, "target": 178, "weight": 0.005348}, {"source": 58, "target": 185, "weight": 0.007042}, {"source": 58, "target": 188, "weight": 0.028302}, {"source": 58, "target": 141, "weight": 0.00641}, {"source": 58, "target": 142, "weight": 0.007874}, {"source": 58, "target": 147, "weight": 0.007634}, {"source": 58, "target": 59, "weight": 0.006757}, {"source": 59, "target": 158, "weight": 0.009346}, {"source": 59, "target": 61, "weight": 0.008547}, {"source": 59, "target": 64, "weight": 0.009091}, {"source": 59, "target": 160, "weight": 0.007407}, {"source": 59, "target": 67, "weight": 0.005236}, {"source": 59, "target": 69, "weight": 0.012422}, {"source": 59, "target": 163, "weight": 0.007692}, {"source": 59, "target": 168, "weight": 0.012903}, {"source": 59, "target": 74, "weight": 0.005236}, {"source": 59, "target": 83, "weight": 0.007576}, {"source": 59, "target": 165, "weight": 0.007752}, {"source": 59, "target": 98, "weight": 0.009174}, {"source": 59, "target": 81, "weight": 0.014493}, {"source": 59, "target": 79, "weight": 0.006536}, {"source": 59, "target": 80, "weight": 0.008772}, {"source": 59, "target": 173, "weight": 0.006536}, {"source": 59, "target": 82, "weight": 0.007634}, {"source": 59, "target": 174, "weight": 0.004367}, {"source": 59, "target": 128, "weight": 0.008772}, {"source": 59, "target": 175, "weight": 0.01145}, {"source": 59, "target": 138, "weight": 0.004878}, {"source": 59, "target": 88, "weight": 0.010638}, {"source": 59, "target": 178, "weight": 0.005319}, {"source": 59, "target": 180, "weight": 0.007463}, {"source": 59, "target": 181, "weight": 0.005882}, {"source": 59, "target": 182, "weight": 0.017094}, {"source": 59, "target": 184, "weight": 0.030303}, {"source": 59, "target": 95, "weight": 0.014085}, {"source": 59, "target": 188, "weight": 0.028037}, {"source": 59, "target": 141, "weight": 0.006369}, {"source": 59, "target": 142, "weight": 0.007813}, {"source": 59, "target": 147, "weight": 0.007576}, {"source": 59, "target": 194, "weight": 0.00885}, {"source": 59, "target": 193, "weight": 0.010638}, {"source": 59, "target": 106, "weight": 0.004587}, {"source": 59, "target": 153, "weight": 0.004115}, {"source": 59, "target": 197, "weight": 0.093458}, {"source": 59, "target": 157, "weight": 0.042169}, {"source": 60, "target": 158, "weight": 0.009091}, {"source": 60, "target": 61, "weight": 0.008333}, {"source": 60, "target": 63, "weight": 0.095541}, {"source": 60, "target": 160, "weight": 0.007246}, {"source": 60, "target": 66, "weight": 0.010309}, {"source": 60, "target": 163, "weight": 0.01145}, {"source": 60, "target": 80, "weight": 0.008547}, {"source": 60, "target": 168, "weight": 0.006289}, {"source": 60, "target": 165, "weight": 0.007576}, {"source": 60, "target": 121, "weight": 0.008547}, {"source": 60, "target": 169, "weight": 0.010309}, {"source": 60, "target": 74, "weight": 0.005155}, {"source": 60, "target": 127, "weight": 0.010417}, {"source": 60, "target": 174, "weight": 0.013043}, {"source": 60, "target": 175, "weight": 0.046875}, {"source": 60, "target": 138, "weight": 0.02451}, {"source": 60, "target": 87, "weight": 0.010526}, {"source": 60, "target": 180, "weight": 0.007299}, {"source": 60, "target": 95, "weight": 0.006849}, {"source": 60, "target": 186, "weight": 0.005319}, {"source": 60, "target": 182, "weight": 0.025641}, {"source": 60, "target": 141, "weight": 0.00625}, {"source": 60, "target": 157, "weight": 0.005714}, {"source": 60, "target": 194, "weight": 0.008621}, {"source": 60, "target": 106, "weight": 0.004525}, {"source": 60, "target": 156, "weight": 0.009009}, {"source": 61, "target": 188, "weight": 0.012987}, {"source": 61, "target": 88, "weight": 0.006369}, {"source": 61, "target": 77, "weight": 0.015152}, {"source": 61, "target": 178, "weight": 0.00641}, {"source": 61, "target": 168, "weight": 0.008065}, {"source": 61, "target": 180, "weight": 0.019802}, {"source": 61, "target": 196, "weight": 0.014286}, {"source": 61, "target": 182, "weight": 0.006192}, {"source": 61, "target": 116, "weight": 0.015625}, {"source": 61, "target": 95, "weight": 0.009009}, {"source": 61, "target": 128, "weight": 0.012195}, {"source": 61, "target": 98, "weight": 0.012987}, {"source": 62, "target": 160, "weight": 0.035714}, {"source": 62, "target": 163, "weight": 0.004717}, {"source": 62, "target": 117, "weight": 0.02381}, {"source": 63, "target": 158, "weight": 0.016}, {"source": 63, "target": 64, "weight": 0.007752}, {"source": 63, "target": 111, "weight": 0.013514}, {"source": 63, "target": 160, "weight": 0.006494}, {"source": 63, "target": 67, "weight": 0.014423}, {"source": 63, "target": 115, "weight": 0.013072}, {"source": 63, "target": 163, "weight": 0.007168}, {"source": 63, "target": 73, "weight": 0.008929}, {"source": 63, "target": 165, "weight": 0.013605}, {"source": 63, "target": 168, "weight": 0.005714}, {"source": 63, "target": 169, "weight": 0.017857}, {"source": 63, "target": 174, "weight": 0.016327}, {"source": 63, "target": 175, "weight": 0.028986}, {"source": 63, "target": 68, "weight": 0.017544}, {"source": 63, "target": 132, "weight": 0.004132}, {"source": 63, "target": 176, "weight": 0.009524}, {"source": 63, "target": 90, "weight": 0.006897}, {"source": 63, "target": 180, "weight": 0.013158}, {"source": 63, "target": 138, "weight": 0.022727}, {"source": 63, "target": 93, "weight": 0.007576}, {"source": 63, "target": 198, "weight": 0.006993}, {"source": 63, "target": 95, "weight": 0.012422}, {"source": 63, "target": 182, "weight": 0.008043}, {"source": 63, "target": 157, "weight": 0.005236}, {"source": 63, "target": 143, "weight": 0.006711}, {"source": 63, "target": 147, "weight": 0.013333}, {"source": 63, "target": 192, "weight": 0.007299}, {"source": 63, "target": 102, "weight": 0.007634}, {"source": 63, "target": 75, "weight": 0.014085}, {"source": 63, "target": 106, "weight": 0.004219}, {"source": 63, "target": 153, "weight": 0.011538}, {"source": 63, "target": 112, "weight": 0.008197}, {"source": 64, "target": 158, "weight": 0.014706}, {"source": 64, "target": 188, "weight": 0.014286}, {"source": 64, "target": 121, "weight": 0.013333}, {"source": 64, "target": 65, "weight": 0.002538}, {"source": 64, "target": 66, "weight": 0.006536}, {"source": 64, "target": 182, "weight": 0.006329}, {"source": 64, "target": 106, "weight": 0.005587}, {"source": 64, "target": 127, "weight": 0.018519}, {"source": 64, "target": 175, "weight": 0.004444}, {"source": 64, "target": 181, "weight": 0.007634}, {"source": 64, "target": 95, "weight": 0.009615}, {"source": 65, "target": 158, "weight": 0.002558}, {"source": 65, "target": 111, "weight": 0.002415}, {"source": 65, "target": 186, "weight": 0.002132}, {"source": 65, "target": 78, "weight": 0.002667}, {"source": 65, "target": 79, "weight": 0.011547}, {"source": 65, "target": 189, "weight": 0.008529}, {"source": 65, "target": 168, "weight": 0.002273}, {"source": 65, "target": 74, "weight": 0.002105}, {"source": 65, "target": 124, "weight": 0.002364}, {"source": 65, "target": 99, "weight": 0.007246}, {"source": 65, "target": 121, "weight": 0.002513}, {"source": 65, "target": 173, "weight": 0.004587}, {"source": 65, "target": 80, "weight": 0.002513}, {"source": 65, "target": 172, "weight": 0.002667}, {"source": 65, "target": 122, "weight": 0.012853}, {"source": 65, "target": 81, "weight": 0.002364}, {"source": 65, "target": 82, "weight": 0.009709}, {"source": 65, "target": 128, "weight": 0.017857}, {"source": 65, "target": 175, "weight": 0.001825}, {"source": 65, "target": 150, "weight": 0.010152}, {"source": 65, "target": 132, "weight": 0.001972}, {"source": 65, "target": 86, "weight": 0.087805}, {"source": 65, "target": 75, "weight": 0.004914}, {"source": 65, "target": 178, "weight": 0.002119}, {"source": 65, "target": 166, "weight": 0.176955}, {"source": 65, "target": 137, "weight": 0.010178}, {"source": 65, "target": 92, "weight": 0.013661}, {"source": 65, "target": 181, "weight": 0.002203}, {"source": 65, "target": 182, "weight": 0.001563}, {"source": 65, "target": 183, "weight": 0.0625}, {"source": 65, "target": 94, "weight": 0.005141}, {"source": 65, "target": 198, "weight": 0.067885}, {"source": 65, "target": 185, "weight": 0.004695}, {"source": 65, "target": 140, "weight": 0.026087}, {"source": 65, "target": 187, "weight": 0.002681}, {"source": 65, "target": 96, "weight": 0.002688}, {"source": 65, "target": 97, "weight": 0.002674}, {"source": 65, "target": 85, "weight": 0.006803}, {"source": 65, "target": 143, "weight": 0.002415}, {"source": 65, "target": 144, "weight": 0.009828}, {"source": 65, "target": 113, "weight": 0.002433}, {"source": 65, "target": 130, "weight": 0.06812}, {"source": 65, "target": 152, "weight": 0.002653}, {"source": 65, "target": 153, "weight": 0.00956}, {"source": 65, "target": 112, "weight": 0.002584}, {"source": 65, "target": 156, "weight": 0.005115}, {"source": 66, "target": 111, "weight": 0.00578}, {"source": 66, "target": 115, "weight": 0.005618}, {"source": 66, "target": 163, "weight": 0.020067}, {"source": 66, "target": 117, "weight": 0.015038}, {"source": 66, "target": 168, "weight": 0.010101}, {"source": 66, "target": 83, "weight": 0.005714}, {"source": 66, "target": 74, "weight": 0.004274}, {"source": 66, "target": 81, "weight": 0.005495}, {"source": 66, "target": 153, "weight": 0.003497}, {"source": 66, "target": 174, "weight": 0.00738}, {"source": 66, "target": 175, "weight": 0.003257}, {"source": 66, "target": 138, "weight": 0.012195}, {"source": 66, "target": 155, "weight": 0.007407}, {"source": 66, "target": 88, "weight": 0.00431}, {"source": 66, "target": 178, "weight": 0.004329}, {"source": 66, "target": 180, "weight": 0.017143}, {"source": 66, "target": 181, "weight": 0.004695}, {"source": 66, "target": 182, "weight": 0.015228}, {"source": 66, "target": 98, "weight": 0.006579}, {"source": 66, "target": 142, "weight": 0.005848}, {"source": 66, "target": 145, "weight": 0.004695}, {"source": 66, "target": 134, "weight": 0.00813}, {"source": 66, "target": 106, "weight": 0.003831}, {"source": 66, "target": 107, "weight": 0.007463}, {"source": 66, "target": 197, "weight": 0.006289}, {"source": 66, "target": 190, "weight": 0.028777}, {"source": 67, "target": 115, "weight": 0.011364}, {"source": 67, "target": 163, "weight": 0.006623}, {"source": 67, "target": 173, "weight": 0.005128}, {"source": 67, "target": 157, "weight": 0.00939}, {"source": 67, "target": 81, "weight": 0.011111}, {"source": 67, "target": 174, "weight": 0.00369}, {"source": 67, "target": 175, "weight": 0.013201}, {"source": 67, "target": 150, "weight": 0.006452}, {"source": 67, "target": 184, "weight": 0.006993}, {"source": 67, "target": 93, "weight": 0.006452}, {"source": 67, "target": 185, "weight": 0.01087}, {"source": 67, "target": 188, "weight": 0.006623}, {"source": 67, "target": 98, "weight": 0.020134}, {"source": 67, "target": 85, "weight": 0.01}, {"source": 67, "target": 197, "weight": 0.006329}, {"source": 67, "target": 156, "weight": 0.006667}, {"source": 68, "target": 178, "weight": 0.007407}, {"source": 68, "target": 138, "weight": 0.026846}, {"source": 68, "target": 115, "weight": 0.050633}, {"source": 68, "target": 163, "weight": 0.004808}, {"source": 68, "target": 71, "weight": 0.014085}, {"source": 69, "target": 186, "weight": 0.005051}, {"source": 69, "target": 165, "weight": 0.007042}, {"source": 69, "target": 178, "weight": 0.004975}, {"source": 69, "target": 160, "weight": 0.006757}, {"source": 69, "target": 157, "weight": 0.01087}, {"source": 69, "target": 81, "weight": 0.040816}, {"source": 69, "target": 185, "weight": 0.026144}, {"source": 69, "target": 163, "weight": 0.007326}, {"source": 69, "target": 108, "weight": 0.008264}, {"source": 69, "target": 74, "weight": 0.004902}, {"source": 69, "target": 89, "weight": 0.016807}, {"source": 70, "target": 191, "weight": 0.01}, {"source": 70, "target": 93, "weight": 0.016129}, {"source": 70, "target": 82, "weight": 0.0125}, {"source": 70, "target": 174, "weight": 0.005618}, {"source": 71, "target": 181, "weight": 0.106061}, {"source": 71, "target": 75, "weight": 0.010101}, {"source": 71, "target": 115, "weight": 0.009091}, {"source": 71, "target": 127, "weight": 0.014706}, {"source": 71, "target": 163, "weight": 0.004237}, {"source": 71, "target": 105, "weight": 0.014493}, {"source": 71, "target": 182, "weight": 0.006061}, {"source": 71, "target": 141, "weight": 0.007576}, {"source": 71, "target": 72, "weight": 0.032258}, {"source": 71, "target": 191, "weight": 0.209524}, {"source": 72, "target": 180, "weight": 0.013699}, {"source": 72, "target": 138, "weight": 0.006944}, {"source": 72, "target": 127, "weight": 0.03125}, {"source": 72, "target": 175, "weight": 0.004926}, {"source": 72, "target": 141, "weight": 0.010417}, {"source": 73, "target": 158, "weight": 0.019608}, {"source": 73, "target": 102, "weight": 0.017857}, {"source": 73, "target": 194, "weight": 0.035714}, {"source": 73, "target": 123, "weight": 0.068966}, {"source": 73, "target": 157, "weight": 0.008621}, {"source": 73, "target": 115, "weight": 0.025641}, {"source": 73, "target": 74, "weight": 0.007407}, {"source": 74, "target": 158, "weight": 0.006711}, {"source": 74, "target": 186, "weight": 0.022422}, {"source": 74, "target": 116, "weight": 0.069231}, {"source": 74, "target": 160, "weight": 0.017143}, {"source": 74, "target": 115, "weight": 0.059524}, {"source": 74, "target": 163, "weight": 0.016722}, {"source": 74, "target": 164, "weight": 0.014085}, {"source": 74, "target": 89, "weight": 0.027397}, {"source": 74, "target": 121, "weight": 0.00641}, {"source": 74, "target": 168, "weight": 0.010152}, {"source": 74, "target": 119, "weight": 0.006536}, {"source": 74, "target": 81, "weight": 0.005525}, {"source": 74, "target": 138, "weight": 0.004049}, {"source": 74, "target": 179, "weight": 0.007246}, {"source": 74, "target": 88, "weight": 0.004329}, {"source": 74, "target": 177, "weight": 0.167832}, {"source": 74, "target": 178, "weight": 0.290503}, {"source": 74, "target": 175, "weight": 0.003268}, {"source": 74, "target": 180, "weight": 0.005682}, {"source": 74, "target": 181, "weight": 0.028986}, {"source": 74, "target": 182, "weight": 0.007576}, {"source": 74, "target": 94, "weight": 0.006757}, {"source": 74, "target": 95, "weight": 0.01087}, {"source": 74, "target": 141, "weight": 0.020408}, {"source": 74, "target": 157, "weight": 0.00939}, {"source": 74, "target": 143, "weight": 0.005814}, {"source": 74, "target": 145, "weight": 0.004717}, {"source": 74, "target": 113, "weight": 0.197183}, {"source": 74, "target": 147, "weight": 0.005747}, {"source": 74, "target": 77, "weight": 0.007143}, {"source": 74, "target": 195, "weight": 0.007042}, {"source": 74, "target": 151, "weight": 0.007874}, {"source": 74, "target": 106, "weight": 0.015564}, {"source": 74, "target": 154, "weight": 0.00625}, {"source": 74, "target": 156, "weight": 0.041379}, {"source": 75, "target": 178, "weight": 0.006135}, {"source": 75, "target": 138, "weight": 0.022599}, {"source": 75, "target": 115, "weight": 0.037383}, {"source": 75, "target": 163, "weight": 0.012821}, {"source": 76, "target": 120, "weight": 0.055556}, {"source": 77, "target": 168, "weight": 0.009524}, {"source": 77, "target": 180, "weight": 0.012048}, {"source": 77, "target": 182, "weight": 0.003279}, {"source": 77, "target": 93, "weight": 0.032787}, {"source": 77, "target": 116, "weight": 0.022222}, {"source": 77, "target": 175, "weight": 0.004695}, {"source": 77, "target": 98, "weight": 0.017241}, {"source": 78, "target": 174, "weight": 0.011765}, {"source": 78, "target": 192, "weight": 0.033898}, {"source": 79, "target": 124, "weight": 0.006993}, {"source": 79, "target": 166, "weight": 0.013889}, {"source": 79, "target": 167, "weight": 0.015873}, {"source": 79, "target": 137, "weight": 0.026316}, {"source": 79, "target": 81, "weight": 0.014085}, {"source": 79, "target": 173, "weight": 0.07483}, {"source": 79, "target": 128, "weight": 0.025862}, {"source": 79, "target": 93, "weight": 0.008547}, {"source": 80, "target": 158, "weight": 0.013889}, {"source": 80, "target": 197, "weight": 0.012346}, {"source": 80, "target": 175, "weight": 0.004367}, {"source": 80, "target": 96, "weight": 0.018868}, {"source": 80, "target": 85, "weight": 0.008065}, {"source": 80, "target": 166, "weight": 0.003968}, {"source": 81, "target": 160, "weight": 0.016129}, {"source": 81, "target": 170, "weight": 0.013158}, {"source": 81, "target": 164, "weight": 0.010989}, {"source": 81, "target": 89, "weight": 0.010309}, {"source": 81, "target": 167, "weight": 0.00885}, {"source": 81, "target": 119, "weight": 0.009901}, {"source": 81, "target": 175, "weight": 0.003937}, {"source": 81, "target": 132, "weight": 0.004695}, {"source": 81, "target": 88, "weight": 0.034483}, {"source": 81, "target": 178, "weight": 0.011299}, {"source": 81, "target": 182, "weight": 0.00289}, {"source": 81, "target": 94, "weight": 0.010417}, {"source": 81, "target": 189, "weight": 0.005618}, {"source": 81, "target": 100, "weight": 0.011628}, {"source": 81, "target": 105, "weight": 0.049383}, {"source": 81, "target": 106, "weight": 0.029557}, {"source": 81, "target": 197, "weight": 0.028846}, {"source": 81, "target": 154, "weight": 0.018692}, {"source": 82, "target": 167, "weight": 0.009524}, {"source": 82, "target": 112, "weight": 0.011765}, {"source": 82, "target": 174, "weight": 0.009524}, {"source": 82, "target": 138, "weight": 0.010753}, {"source": 82, "target": 157, "weight": 0.006494}, {"source": 83, "target": 118, "weight": 0.015385}, {"source": 83, "target": 174, "weight": 0.014286}, {"source": 84, "target": 99, "weight": 0.025641}, {"source": 84, "target": 155, "weight": 0.025641}, {"source": 85, "target": 121, "weight": 0.008065}, {"source": 85, "target": 132, "weight": 0.030837}, {"source": 85, "target": 193, "weight": 0.010101}, {"source": 85, "target": 124, "weight": 0.006711}, {"source": 85, "target": 149, "weight": 0.009901}, {"source": 85, "target": 153, "weight": 0.003953}, {"source": 85, "target": 175, "weight": 0.00365}, {"source": 85, "target": 154, "weight": 0.007813}, {"source": 85, "target": 144, "weight": 0.007353}, {"source": 86, "target": 183, "weight": 0.042945}, {"source": 86, "target": 158, "weight": 0.008403}, {"source": 86, "target": 99, "weight": 0.006944}, {"source": 86, "target": 137, "weight": 0.096491}, {"source": 86, "target": 185, "weight": 0.012987}, {"source": 86, "target": 128, "weight": 0.007937}, {"source": 86, "target": 166, "weight": 0.034483}, {"source": 87, "target": 182, "weight": 0.003344}, {"source": 87, "target": 163, "weight": 0.004902}, {"source": 87, "target": 175, "weight": 0.004831}, {"source": 87, "target": 119, "weight": 0.018519}, {"source": 87, "target": 189, "weight": 0.007634}, {"source": 88, "target": 115, "weight": 0.005714}, {"source": 88, "target": 163, "weight": 0.006667}, {"source": 88, "target": 165, "weight": 0.011905}, {"source": 88, "target": 166, "weight": 0.003058}, {"source": 88, "target": 98, "weight": 0.013514}, {"source": 88, "target": 157, "weight": 0.009479}, {"source": 88, "target": 175, "weight": 0.006601}, {"source": 88, "target": 138, "weight": 0.037975}, {"source": 88, "target": 155, "weight": 0.007576}, {"source": 88, "target": 133, "weight": 0.00813}, {"source": 88, "target": 141, "weight": 0.005076}, {"source": 88, "target": 147, "weight": 0.005814}, {"source": 88, "target": 197, "weight": 0.00641}, {"source": 89, "target": 186, "weight": 0.035971}, {"source": 89, "target": 160, "weight": 0.010753}, {"source": 89, "target": 164, "weight": 0.111111}, {"source": 89, "target": 177, "weight": 0.012195}, {"source": 89, "target": 178, "weight": 0.05}, {"source": 89, "target": 181, "weight": 0.02381}, {"source": 89, "target": 182, "weight": 0.003185}, {"source": 89, "target": 157, "weight": 0.007692}, {"source": 89, "target": 143, "weight": 0.047059}, {"source": 89, "target": 145, "weight": 0.02381}, {"source": 89, "target": 147, "weight": 0.022472}, {"source": 89, "target": 103, "weight": 0.054054}, {"source": 89, "target": 106, "weight": 0.02907}, {"source": 89, "target": 162, "weight": 0.016667}, {"source": 90, "target": 93, "weight": 0.011111}, {"source": 90, "target": 115, "weight": 0.008929}, {"source": 90, "target": 163, "weight": 0.004202}, {"source": 90, "target": 175, "weight": 0.016807}, {"source": 90, "target": 188, "weight": 0.011628}, {"source": 90, "target": 150, "weight": 0.011111}, {"source": 90, "target": 157, "weight": 0.013514}, {"source": 91, "target": 124, "weight": 0.010638}, {"source": 91, "target": 111, "weight": 0.011765}, {"source": 92, "target": 137, "weight": 0.020408}, {"source": 92, "target": 166, "weight": 0.004464}, {"source": 93, "target": 166, "weight": 0.016129}, {"source": 93, "target": 121, "weight": 0.012821}, {"source": 93, "target": 129, "weight": 0.021739}, {"source": 93, "target": 141, "weight": 0.016667}, {"source": 94, "target": 186, "weight": 0.007042}, {"source": 94, "target": 166, "weight": 0.004098}, {"source": 94, "target": 180, "weight": 0.010989}, {"source": 94, "target": 160, "weight": 0.01087}, {"source": 94, "target": 175, "weight": 0.004525}, {"source": 94, "target": 188, "weight": 0.015152}, {"source": 94, "target": 141, "weight": 0.008772}, {"source": 95, "target": 158, "weight": 0.214286}, {"source": 95, "target": 160, "weight": 0.007752}, {"source": 95, "target": 165, "weight": 0.00813}, {"source": 95, "target": 166, "weight": 0.003559}, {"source": 95, "target": 123, "weight": 0.0125}, {"source": 95, "target": 157, "weight": 0.018293}, {"source": 95, "target": 127, "weight": 0.011494}, {"source": 95, "target": 174, "weight": 0.013575}, {"source": 95, "target": 175, "weight": 0.031873}, {"source": 95, "target": 138, "weight": 0.020408}, {"source": 95, "target": 178, "weight": 0.005495}, {"source": 95, "target": 185, "weight": 0.007299}, {"source": 95, "target": 141, "weight": 0.013333}, {"source": 95, "target": 194, "weight": 0.009346}, {"source": 95, "target": 197, "weight": 0.009091}, {"source": 96, "target": 110, "weight": 0.033333}, {"source": 96, "target": 150, "weight": 0.081633}, {"source": 97, "target": 183, "weight": 0.020619}, {"source": 97, "target": 140, "weight": 0.015748}, {"source": 98, "target": 163, "weight": 0.023041}, {"source": 98, "target": 115, "weight": 0.021277}, {"source": 98, "target": 116, "weight": 0.036364}, {"source": 98, "target": 168, "weight": 0.008621}, {"source": 98, "target": 173, "weight": 0.00885}, {"source": 98, "target": 138, "weight": 0.012195}, {"source": 98, "target": 133, "weight": 0.023256}, {"source": 98, "target": 177, "weight": 0.011905}, {"source": 98, "target": 179, "weight": 0.036364}, {"source": 98, "target": 180, "weight": 0.010638}, {"source": 98, "target": 181, "weight": 0.007692}, {"source": 98, "target": 182, "weight": 0.003165}, {"source": 98, "target": 193, "weight": 0.006711}, {"source": 98, "target": 153, "weight": 0.004926}, {"source": 99, "target": 166, "weight": 0.003704}, {"source": 99, "target": 144, "weight": 0.057692}, {"source": 99, "target": 132, "weight": 0.009756}, {"source": 101, "target": 188, "weight": 0.019231}, {"source": 101, "target": 160, "weight": 0.012821}, {"source": 101, "target": 102, "weight": 0.018182}, {"source": 102, "target": 111, "weight": 0.220779}, {"source": 102, "target": 160, "weight": 0.010204}, {"source": 102, "target": 163, "weight": 0.004464}, {"source": 102, "target": 123, "weight": 0.020408}, {"source": 102, "target": 174, "weight": 0.005208}, {"source": 102, "target": 175, "weight": 0.004405}, {"source": 102, "target": 138, "weight": 0.011976}, {"source": 102, "target": 181, "weight": 0.007519}, {"source": 102, "target": 140, "weight": 0.006667}, {"source": 102, "target": 114, "weight": 0.0625}, {"source": 102, "target": 189, "weight": 0.006623}, {"source": 102, "target": 191, "weight": 0.008772}, {"source": 102, "target": 194, "weight": 0.013158}, {"source": 102, "target": 153, "weight": 0.024752}, {"source": 103, "target": 145, "weight": 0.030303}, {"source": 103, "target": 178, "weight": 0.008403}, {"source": 103, "target": 162, "weight": 0.0625}, {"source": 103, "target": 143, "weight": 0.087719}, {"source": 104, "target": 141, "weight": 0.011765}, {"source": 104, "target": 177, "weight": 0.019231}, {"source": 104, "target": 194, "weight": 0.02439}, {"source": 105, "target": 178, "weight": 0.007519}, {"source": 106, "target": 186, "weight": 0.231884}, {"source": 106, "target": 160, "weight": 0.078947}, {"source": 106, "target": 163, "weight": 0.012232}, {"source": 106, "target": 157, "weight": 0.066079}, {"source": 106, "target": 128, "weight": 0.005464}, {"source": 106, "target": 175, "weight": 0.006024}, {"source": 106, "target": 133, "weight": 0.006579}, {"source": 106, "target": 178, "weight": 0.036145}, {"source": 106, "target": 188, "weight": 0.022857}, {"source": 106, "target": 141, "weight": 0.004425}, {"source": 106, "target": 142, "weight": 0.005076}, {"source": 106, "target": 147, "weight": 0.004975}, {"source": 107, "target": 194, "weight": 0.018182}, {"source": 108, "target": 145, "weight": 0.015625}, {"source": 108, "target": 186, "weight": 0.006944}, {"source": 108, "target": 147, "weight": 0.010989}, {"source": 108, "target": 148, "weight": 0.022222}, {"source": 108, "target": 178, "weight": 0.006803}, {"source": 109, "target": 166, "weight": 0.004167}, {"source": 109, "target": 167, "weight": 0.013158}, {"source": 109, "target": 160, "weight": 0.011364}, {"source": 110, "target": 150, "weight": 0.018182}, {"source": 110, "target": 146, "weight": 0.032258}, {"source": 111, "target": 124, "weight": 0.052174}, {"source": 111, "target": 134, "weight": 0.016393}, {"source": 111, "target": 160, "weight": 0.008621}, {"source": 111, "target": 147, "weight": 0.00885}, {"source": 111, "target": 112, "weight": 0.011905}, {"source": 111, "target": 174, "weight": 0.004762}, {"source": 111, "target": 114, "weight": 0.045455}, {"source": 112, "target": 192, "weight": 0.013889}, {"source": 112, "target": 153, "weight": 0.053191}, {"source": 112, "target": 114, "weight": 0.02439}, {"source": 112, "target": 142, "weight": 0.012195}, {"source": 112, "target": 174, "weight": 0.005464}, {"source": 113, "target": 186, "weight": 0.025}, {"source": 113, "target": 178, "weight": 0.167832}, {"source": 113, "target": 156, "weight": 0.011628}, {"source": 113, "target": 160, "weight": 0.00885}, {"source": 113, "target": 115, "weight": 0.00885}, {"source": 113, "target": 163, "weight": 0.004184}, {"source": 113, "target": 141, "weight": 0.007407}, {"source": 114, "target": 160, "weight": 0.013699}, {"source": 114, "target": 124, "weight": 0.012987}, {"source": 114, "target": 185, "weight": 0.012346}, {"source": 115, "target": 149, "weight": 0.012987}, {"source": 115, "target": 163, "weight": 0.004049}, {"source": 115, "target": 168, "weight": 0.007042}, {"source": 115, "target": 175, "weight": 0.012097}, {"source": 115, "target": 177, "weight": 0.247191}, {"source": 115, "target": 178, "weight": 0.011561}, {"source": 115, "target": 181, "weight": 0.00641}, {"source": 115, "target": 182, "weight": 0.005865}, {"source": 115, "target": 198, "weight": 0.018349}, {"source": 115, "target": 143, "weight": 0.008621}, {"source": 116, "target": 178, "weight": 0.038168}, {"source": 116, "target": 141, "weight": 0.039604}, {"source": 116, "target": 180, "weight": 0.025}, {"source": 116, "target": 157, "weight": 0.008403}, {"source": 116, "target": 183, "weight": 0.009615}, {"source": 116, "target": 163, "weight": 0.009662}, {"source": 116, "target": 175, "weight": 0.004739}, {"source": 117, "target": 147, "weight": 0.013514}, {"source": 117, "target": 165, "weight": 0.014085}, {"source": 117, "target": 136, "weight": 0.027027}, {"source": 117, "target": 160, "weight": 0.012987}, {"source": 117, "target": 163, "weight": 0.009901}, {"source": 117, "target": 175, "weight": 0.004854}, {"source": 117, "target": 142, "weight": 0.014286}, {"source": 118, "target": 162, "weight": 0.028571}, {"source": 119, "target": 186, "weight": 0.013699}, {"source": 119, "target": 137, "weight": 0.013514}, {"source": 119, "target": 180, "weight": 0.010417}, {"source": 119, "target": 160, "weight": 0.010309}, {"source": 119, "target": 175, "weight": 0.004425}, {"source": 119, "target": 188, "weight": 0.014085}, {"source": 119, "target": 141, "weight": 0.008403}, {"source": 121, "target": 127, "weight": 0.017241}, {"source": 121, "target": 175, "weight": 0.004367}, {"source": 121, "target": 138, "weight": 0.005882}, {"source": 121, "target": 156, "weight": 0.013699}, {"source": 122, "target": 175, "weight": 0.004464}, {"source": 123, "target": 158, "weight": 0.022727}, {"source": 123, "target": 165, "weight": 0.015152}, {"source": 123, "target": 194, "weight": 0.040816}, {"source": 123, "target": 182, "weight": 0.006849}, {"source": 123, "target": 188, "weight": 0.021739}, {"source": 124, "target": 134, "weight": 0.014286}, {"source": 124, "target": 182, "weight": 0.00289}, {"source": 124, "target": 153, "weight": 0.008621}, {"source": 124, "target": 144, "weight": 0.008621}, {"source": 124, "target": 150, "weight": 0.009709}, {"source": 124, "target": 132, "weight": 0.028846}, {"source": 126, "target": 182, "weight": 0.006826}, {"source": 126, "target": 175, "weight": 0.00495}, {"source": 127, "target": 191, "weight": 0.021277}, {"source": 127, "target": 178, "weight": 0.007576}, {"source": 127, "target": 160, "weight": 0.012658}, {"source": 127, "target": 182, "weight": 0.006689}, {"source": 127, "target": 174, "weight": 0.017544}, {"source": 127, "target": 181, "weight": 0.084906}, {"source": 127, "target": 177, "weight": 0.014706}, {"source": 128, "target": 188, "weight": 0.041667}, {"source": 128, "target": 166, "weight": 0.090517}, {"source": 128, "target": 178, "weight": 0.006536}, {"source": 128, "target": 137, "weight": 0.012987}, {"source": 128, "target": 130, "weight": 0.028169}, {"source": 129, "target": 141, "weight": 0.011111}, {"source": 129, "target": 167, "weight": 0.036364}, {"source": 130, "target": 186, "weight": 0.006993}, {"source": 130, "target": 183, "weight": 0.026549}, {"source": 130, "target": 166, "weight": 0.113122}, {"source": 130, "target": 173, "weight": 0.009009}, {"source": 130, "target": 175, "weight": 0.004505}, {"source": 131, "target": 185, "weight": 0.011765}, {"source": 131, "target": 182, "weight": 0.003356}, {"source": 132, "target": 146, "weight": 0.006135}, {"source": 132, "target": 163, "weight": 0.002985}, {"source": 132, "target": 138, "weight": 0.014493}, {"source": 132, "target": 150, "weight": 0.005348}, {"source": 133, "target": 179, "weight": 0.033333}, {"source": 133, "target": 160, "weight": 0.111111}, {"source": 133, "target": 182, "weight": 0.003448}, {"source": 133, "target": 153, "weight": 0.00565}, {"source": 134, "target": 141, "weight": 0.011364}, {"source": 135, "target": 150, "weight": 0.021277}, {"source": 136, "target": 175, "weight": 0.009569}, {"source": 136, "target": 157, "weight": 0.008475}, {"source": 136, "target": 163, "weight": 0.004831}, {"source": 137, "target": 183, "weight": 0.025424}, {"source": 137, "target": 140, "weight": 0.006667}, {"source": 137, "target": 192, "weight": 0.012346}, {"source": 137, "target": 173, "weight": 0.008621}, {"source": 137, "target": 185, "weight": 0.009434}, {"source": 137, "target": 187, "weight": 0.019231}, {"source": 137, "target": 182, "weight": 0.003135}, {"source": 137, "target": 166, "weight": 0.008032}, {"source": 138, "target": 158, "weight": 0.012346}, {"source": 138, "target": 163, "weight": 0.015974}, {"source": 138, "target": 174, "weight": 0.059259}, {"source": 138, "target": 175, "weight": 0.025559}, {"source": 138, "target": 181, "weight": 0.004425}, {"source": 138, "target": 160, "weight": 0.010526}, {"source": 138, "target": 198, "weight": 0.011173}, {"source": 138, "target": 185, "weight": 0.005025}, {"source": 138, "target": 140, "weight": 0.004115}, {"source": 138, "target": 182, "weight": 0.007317}, {"source": 138, "target": 141, "weight": 0.009434}, {"source": 138, "target": 157, "weight": 0.026906}, {"source": 138, "target": 145, "weight": 0.004425}, {"source": 138, "target": 191, "weight": 0.009709}, {"source": 138, "target": 192, "weight": 0.005747}, {"source": 138, "target": 194, "weight": 0.005917}, {"source": 138, "target": 153, "weight": 0.013514}, {"source": 138, "target": 156, "weight": 0.006098}, {"source": 140, "target": 186, "weight": 0.004484}, {"source": 140, "target": 166, "weight": 0.038217}, {"source": 140, "target": 183, "weight": 0.139535}, {"source": 141, "target": 158, "weight": 0.008696}, {"source": 141, "target": 163, "weight": 0.050584}, {"source": 141, "target": 168, "weight": 0.01227}, {"source": 141, "target": 165, "weight": 0.007299}, {"source": 141, "target": 166, "weight": 0.00339}, {"source": 141, "target": 170, "weight": 0.010638}, {"source": 141, "target": 173, "weight": 0.006211}, {"source": 141, "target": 175, "weight": 0.041985}, {"source": 141, "target": 179, "weight": 0.009615}, {"source": 141, "target": 178, "weight": 0.005102}, {"source": 141, "target": 180, "weight": 0.014184}, {"source": 141, "target": 181, "weight": 0.005618}, {"source": 141, "target": 182, "weight": 0.00551}, {"source": 141, "target": 198, "weight": 0.007576}, {"source": 141, "target": 157, "weight": 0.022599}, {"source": 141, "target": 191, "weight": 0.012658}, {"source": 141, "target": 192, "weight": 0.016}, {"source": 141, "target": 194, "weight": 0.016667}, {"source": 141, "target": 195, "weight": 0.009259}, {"source": 141, "target": 193, "weight": 0.005076}, {"source": 142, "target": 147, "weight": 0.009009}, {"source": 142, "target": 192, "weight": 0.010309}, {"source": 142, "target": 180, "weight": 0.00885}, {"source": 142, "target": 163, "weight": 0.008368}, {"source": 142, "target": 168, "weight": 0.014925}, {"source": 142, "target": 191, "weight": 0.007692}, {"source": 143, "target": 178, "weight": 0.011905}, {"source": 143, "target": 174, "weight": 0.009569}, {"source": 143, "target": 156, "weight": 0.011236}, {"source": 143, "target": 166, "weight": 0.003731}, {"source": 144, "target": 166, "weight": 0.007605}, {"source": 145, "target": 186, "weight": 0.009756}, {"source": 145, "target": 178, "weight": 0.004785}, {"source": 145, "target": 157, "weight": 0.021053}, {"source": 145, "target": 163, "weight": 0.007117}, {"source": 145, "target": 175, "weight": 0.003509}, {"source": 145, "target": 148, "weight": 0.009346}, {"source": 146, "target": 198, "weight": 0.015625}, {"source": 147, "target": 160, "weight": 0.008475}, {"source": 147, "target": 163, "weight": 0.004098}, {"source": 147, "target": 165, "weight": 0.027273}, {"source": 147, "target": 157, "weight": 0.006452}, {"source": 147, "target": 178, "weight": 0.011765}, {"source": 147, "target": 182, "weight": 0.042945}, {"source": 147, "target": 191, "weight": 0.007463}, {"source": 147, "target": 192, "weight": 0.030303}, {"source": 147, "target": 193, "weight": 0.005814}, {"source": 147, "target": 197, "weight": 0.010101}, {"source": 148, "target": 186, "weight": 0.008197}, {"source": 148, "target": 164, "weight": 0.026316}, {"source": 149, "target": 150, "weight": 0.018182}, {"source": 149, "target": 174, "weight": 0.005848}, {"source": 149, "target": 156, "weight": 0.02}, {"source": 151, "target": 183, "weight": 0.010753}, {"source": 151, "target": 186, "weight": 0.008264}, {"source": 151, "target": 165, "weight": 0.015385}, {"source": 151, "target": 178, "weight": 0.008065}, {"source": 151, "target": 155, "weight": 0.035714}, {"source": 152, "target": 166, "weight": 0.004329}, {"source": 153, "target": 158, "weight": 0.004975}, {"source": 153, "target": 163, "weight": 0.002817}, {"source": 153, "target": 157, "weight": 0.007547}, {"source": 153, "target": 174, "weight": 0.009346}, {"source": 153, "target": 185, "weight": 0.004219}, {"source": 154, "target": 160, "weight": 0.060606}, {"source": 154, "target": 185, "weight": 0.008929}, {"source": 154, "target": 163, "weight": 0.004348}, {"source": 154, "target": 175, "weight": 0.004292}, {"source": 155, "target": 180, "weight": 0.012987}, {"source": 155, "target": 182, "weight": 0.006711}, {"source": 155, "target": 168, "weight": 0.010101}, {"source": 156, "target": 178, "weight": 0.013699}, {"source": 156, "target": 181, "weight": 0.007752}, {"source": 156, "target": 177, "weight": 0.02439}, {"source": 156, "target": 185, "weight": 0.009804}, {"source": 156, "target": 163, "weight": 0.004545}, {"source": 156, "target": 175, "weight": 0.004484}, {"source": 156, "target": 162, "weight": 0.016393}, {"source": 156, "target": 166, "weight": 0.012295}, {"source": 157, "target": 186, "weight": 0.045}, {"source": 157, "target": 160, "weight": 0.012739}, {"source": 157, "target": 163, "weight": 0.021505}, {"source": 157, "target": 164, "weight": 0.01626}, {"source": 157, "target": 165, "weight": 0.006579}, {"source": 157, "target": 175, "weight": 0.014085}, {"source": 157, "target": 179, "weight": 0.008403}, {"source": 157, "target": 178, "weight": 0.014354}, {"source": 157, "target": 180, "weight": 0.019355}, {"source": 157, "target": 181, "weight": 0.021053}, {"source": 157, "target": 182, "weight": 0.007958}, {"source": 157, "target": 198, "weight": 0.006803}, {"source": 157, "target": 168, "weight": 0.022727}, {"source": 157, "target": 189, "weight": 0.004739}, {"source": 157, "target": 191, "weight": 0.005747}, {"source": 157, "target": 192, "weight": 0.007092}, {"source": 157, "target": 194, "weight": 0.014815}, {"source": 157, "target": 162, "weight": 0.008}, {"source": 158, "target": 165, "weight": 0.011494}, {"source": 158, "target": 169, "weight": 0.019231}, {"source": 158, "target": 174, "weight": 0.005348}, {"source": 158, "target": 175, "weight": 0.032407}, {"source": 158, "target": 182, "weight": 0.003185}, {"source": 158, "target": 185, "weight": 0.073684}, {"source": 158, "target": 192, "weight": 0.013158}, {"source": 158, "target": 194, "weight": 0.014085}, {"source": 158, "target": 197, "weight": 0.013514}, {"source": 160, "target": 186, "weight": 0.036145}, {"source": 160, "target": 163, "weight": 0.004049}, {"source": 160, "target": 164, "weight": 0.035294}, {"source": 160, "target": 175, "weight": 0.008032}, {"source": 160, "target": 178, "weight": 0.017442}, {"source": 160, "target": 182, "weight": 0.005865}, {"source": 160, "target": 188, "weight": 0.021277}, {"source": 162, "target": 163, "weight": 0.004673}, {"source": 163, "target": 168, "weight": 0.022814}, {"source": 163, "target": 169, "weight": 0.004854}, {"source": 163, "target": 175, "weight": 0.038567}, {"source": 163, "target": 177, "weight": 0.004237}, {"source": 163, "target": 178, "weight": 0.006689}, {"source": 163, "target": 180, "weight": 0.012295}, {"source": 163, "target": 181, "weight": 0.010714}, {"source": 163, "target": 182, "weight": 0.008602}, {"source": 163, "target": 198, "weight": 0.004237}, {"source": 163, "target": 188, "weight": 0.009091}, {"source": 163, "target": 179, "weight": 0.004808}, {"source": 163, "target": 191, "weight": 0.003802}, {"source": 163, "target": 195, "weight": 0.004717}, {"source": 163, "target": 193, "weight": 0.003322}, {"source": 163, "target": 197, "weight": 0.004386}, {"source": 164, "target": 186, "weight": 0.029851}, {"source": 164, "target": 178, "weight": 0.029197}, {"source": 164, "target": 180, "weight": 0.011628}, {"source": 164, "target": 197, "weight": 0.014706}, {"source": 165, "target": 174, "weight": 0.009615}, {"source": 165, "target": 175, "weight": 0.00823}, {"source": 165, "target": 180, "weight": 0.008772}, {"source": 165, "target": 182, "weight": 0.008982}, {"source": 165, "target": 191, "weight": 0.015385}, {"source": 165, "target": 192, "weight": 0.03125}, {"source": 165, "target": 195, "weight": 0.0125}, {"source": 166, "target": 186, "weight": 0.003096}, {"source": 166, "target": 168, "weight": 0.003401}, {"source": 166, "target": 172, "weight": 0.004367}, {"source": 166, "target": 173, "weight": 0.006897}, {"source": 166, "target": 175, "weight": 0.002488}, {"source": 166, "target": 179, "weight": 0.004274}, {"source": 166, "target": 183, "weight": 0.02069}, {"source": 166, "target": 198, "weight": 0.015444}, {"source": 166, "target": 189, "weight": 0.009259}, {"source": 166, "target": 193, "weight": 0.006135}, {"source": 167, "target": 173, "weight": 0.007874}, {"source": 168, "target": 186, "weight": 0.015789}, {"source": 168, "target": 175, "weight": 0.007407}, {"source": 168, "target": 178, "weight": 0.005128}, {"source": 168, "target": 180, "weight": 0.007092}, {"source": 168, "target": 185, "weight": 0.013423}, {"source": 168, "target": 188, "weight": 0.017391}, {"source": 168, "target": 194, "weight": 0.016807}, {"source": 168, "target": 197, "weight": 0.00813}, {"source": 169, "target": 185, "weight": 0.011364}, {"source": 171, "target": 182, "weight": 0.003521}, {"source": 173, "target": 193, "weight": 0.096045}, {"source": 173, "target": 182, "weight": 0.002778}, {"source": 174, "target": 175, "weight": 0.002907}, {"source": 174, "target": 182, "weight": 0.009238}, {"source": 174, "target": 192, "weight": 0.041885}, {"source": 175, "target": 186, "weight": 0.003333}, {"source": 175, "target": 181, "weight": 0.003509}, {"source": 175, "target": 182, "weight": 0.015054}, {"source": 175, "target": 198, "weight": 0.004184}, {"source": 175, "target": 188, "weight": 0.004464}, {"source": 175, "target": 191, "weight": 0.003759}, {"source": 175, "target": 192, "weight": 0.004292}, {"source": 175, "target": 194, "weight": 0.017778}, {"source": 175, "target": 195, "weight": 0.009346}, {"source": 175, "target": 197, "weight": 0.004329}, {"source": 177, "target": 178, "weight": 0.037975}, {"source": 177, "target": 194, "weight": 0.011364}, {"source": 177, "target": 180, "weight": 0.018519}, {"source": 178, "target": 186, "weight": 0.076555}, {"source": 178, "target": 180, "weight": 0.00578}, {"source": 178, "target": 181, "weight": 0.02439}, {"source": 178, "target": 182, "weight": 0.005076}, {"source": 178, "target": 198, "weight": 0.006135}, {"source": 178, "target": 188, "weight": 0.013605}, {"source": 178, "target": 195, "weight": 0.007194}, {"source": 180, "target": 182, "weight": 0.00885}, {"source": 180, "target": 198, "weight": 0.028037}, {"source": 180, "target": 188, "weight": 0.010638}, {"source": 180, "target": 191, "weight": 0.007353}, {"source": 181, "target": 186, "weight": 0.009756}, {"source": 182, "target": 188, "weight": 0.009554}, {"source": 182, "target": 194, "weight": 0.009434}, {"source": 183, "target": 186, "weight": 0.010417}, {"source": 183, "target": 198, "weight": 0.007576}, {"source": 183, "target": 189, "weight": 0.005102}, {"source": 184, "target": 197, "weight": 0.254545}, {"source": 185, "target": 191, "weight": 0.006897}, {"source": 188, "target": 198, "weight": 0.024096}, {"source": 188, "target": 197, "weight": 0.013158}, {"source": 193, "target": 197, "weight": 0.00641}], "multigraph": false}