{"directed": false, "graph": {}, "nodes": [{"group": 0, "id": "helot", "degree": 5}, {"group": 0, "id": "help", "degree": 28}, {"group": 1, "id": "headwater"}, {"group": 2, "id": "heavily"}, {"group": 2, "id": "heartfelt"}, {"group": 2, "id": "held"}, {"group": 2, "id": "hellion"}, {"group": 4, "id": "helm", "degree": 13}, {"group": 5, "id": "heeding", "degree": 11}, {"group": 0, "id": "headliner", "degree": 3}, {"group": 5, "id": "hemp"}, {"group": 4, "id": "heuristic"}, {"group": 0, "id": "herbivore"}, {"group": 1, "id": "headline"}, {"group": 3, "id": "heteronomous", "degree": 4}, {"group": 0, "id": "herbivorous", "degree": 3}, {"group": 5, "id": "hector"}, {"group": 1, "id": "heroism", "degree": 7}, {"group": 5, "id": "helix", "degree": 4}, {"group": 4, "id": "herdsman", "degree": 9}, {"group": 2, "id": "heartily"}, {"group": 1, "id": "headman", "degree": 13}, {"group": 5, "id": "hermitage", "degree": 2}, {"group": 2, "id": "heathenism"}, {"group": 2, "id": "heavyset", "degree": 8}, {"group": 4, "id": "herder"}, {"group": 0, "id": "headgear"}, {"group": 0, "id": "henpecked"}, {"group": 5, "id": "hedge", "degree": 18}, {"group": 5, "id": "hearing"}, {"group": 8, "id": "headlong", "degree": 16}, {"group": 1, "id": "headpiece"}, {"group": 3, "id": "helpful"}, {"group": 7, "id": "heretic"}, {"group": 1, "id": "heaven", "degree": 17}, {"group": 2, "id": "heightened", "degree": 7}, {"group": 9, "id": "heist", "degree": 8}, {"group": 7, "id": "hereafter"}, {"group": 1, "id": "herald"}, {"group": 5, "id": "heed", "degree": 12}, {"group": 9, "id": "heighten"}, {"group": 1, "id": "heading", "degree": 41}, {"group": 5, "id": "heel"}, {"group": 7, "id": "heartsick"}, {"group": 2, "id": "heavy", "degree": 79}, {"group": 3, "id": "hedonist"}, {"group": 3, "id": "heedful", "degree": 7}, {"group": 6, "id": "heirloom"}, {"group": 1, "id": "heliport", "degree": 5}, {"group": 10, "id": "heartburn", "degree": 9}, {"group": 2, "id": "heavyweight"}, {"group": 5, "id": "hell"}, {"group": 10, "id": "hemorrhage"}, {"group": 9, "id": "heave"}, {"group": 5, "id": "heartache", "degree": 6}, {"group": 11, "id": "headset", "degree": 4}, {"group": 7, "id": "heterodox"}, {"group": 5, "id": "hesitation", "degree": 15}, {"group": 10, "id": "hepatitis", "degree": 3}, {"group": 3, "id": "hereditary"}, {"group": 5, "id": "health"}, {"group": 5, "id": "hearken"}, {"group": 9, "id": "herb"}, {"group": 2, "id": "heavenly", "degree": 12}, {"group": 0, "id": "hero", "degree": 24}, {"group": 1, "id": "heiress"}, {"group": 2, "id": "hefty"}, {"group": 7, "id": "here", "degree": 1}, {"group": 4, "id": "herd"}, {"group": 2, "id": "hermetic", "degree": 12}, {"group": 10, "id": "heroin"}, {"group": 0, "id": "healing"}, {"group": 2, "id": "hectic", "degree": 19}, {"group": 1, "id": "headstone", "degree": 9}, {"group": 10, "id": "herpes"}, {"group": 2, "id": "heroic", "degree": 22}, {"group": 3, "id": "hesitant", "degree": 6}, {"group": 12, "id": "heifer", "degree": 12}, {"group": 3, "id": "healthy", "degree": 11}, {"group": 2, "id": "heating", "degree": 7}, {"group": 2, "id": "headless", "degree": 1}, {"group": 0, "id": "helpmate"}, {"group": 1, "id": "headmost"}, {"group": 7, "id": "heretofore"}, {"group": 7, "id": "hence", "degree": 4}, {"group": 9, "id": "heartbeat"}, {"group": 5, "id": "heroics", "degree": 7}, {"group": 0, "id": "heater"}, {"group": 2, "id": "hellcat"}, {"group": 2, "id": "hearsay", "degree": 10}, {"group": 5, "id": "hegira"}, {"group": 5, "id": "helical"}, {"group": 2, "id": "heedless", "degree": 9}, {"group": 1, "id": "height"}, {"group": 0, "id": "herbaceous"}, {"group": 5, "id": "header", "degree": 5}, {"group": 6, "id": "heredity", "degree": 8}, {"group": 2, "id": "heckled", "degree": 2}, {"group": 0, "id": "heeler"}, {"group": 2, "id": "heated", "degree": 15}, {"group": 4, "id": "helmsman", "degree": 5}, {"group": 0, "id": "hew", "degree": 10}, {"group": 3, "id": "hep"}, {"group": 5, "id": "hedging"}, {"group": 13, "id": "her", "degree": 2}, {"group": 5, "id": "hex"}, {"group": 10, "id": "heckle"}, {"group": 2, "id": "heady"}, {"group": 9, "id": "hemoglobin", "degree": 4}, {"group": 2, "id": "hellish", "degree": 8}, {"group": 2, "id": "heartrending"}, {"group": 7, "id": "heresy"}, {"group": 5, "id": "hem", "degree": 25}, {"group": 12, "id": "hen"}, {"group": 10, "id": "headache", "degree": 13}, {"group": 1, "id": "head", "degree": 69}, {"group": 3, "id": "healthful", "degree": 8}, {"group": 6, "id": "heritage", "degree": 7}, {"group": 1, "id": "heir", "degree": 5}, {"group": 2, "id": "heinous"}, {"group": 9, "id": "heat", "degree": 25}, {"group": 5, "id": "hear"}, {"group": 0, "id": "heap"}, {"group": 8, "id": "heedlessly"}, {"group": 7, "id": "heretical", "degree": 18}, {"group": 13, "id": "he"}, {"group": 1, "id": "headland"}, {"group": 8, "id": "headfirst", "degree": 1}, {"group": 0, "id": "heartland", "degree": 3}, {"group": 3, "id": "hesitating", "degree": 9}, {"group": 5, "id": "headwork"}, {"group": 3, "id": "heterogeneous"}, {"group": 9, "id": "heart"}, {"group": 9, "id": "heartthrob", "degree": 8}, {"group": 0, "id": "helper"}, {"group": 15, "id": "heroically", "degree": 0}, {"group": 1, "id": "hearer", "degree": 1}, {"group": 1, "id": "healthiness"}, {"group": 2, "id": "heartless"}, {"group": 5, "id": "headquarters", "degree": 4}, {"group": 5, "id": "henpeck", "degree": 11}, {"group": 9, "id": "hearten", "degree": 12}, {"group": 9, "id": "headway"}, {"group": 7, "id": "helpless"}, {"group": 10, "id": "heightening", "degree": 6}, {"group": 1, "id": "helmet", "degree": 22}, {"group": 9, "id": "heft"}, {"group": 2, "id": "henna"}, {"group": 3, "id": "heterosexual"}, {"group": 5, "id": "heartbreak", "degree": 12}, {"group": 2, "id": "heathen"}, {"group": 3, "id": "hedonistic", "degree": 6}, {"group": 2, "id": "headstrong", "degree": 14}, {"group": 7, "id": "hermit", "degree": 7}, {"group": 11, "id": "headphone", "degree": 2}, {"group": 1, "id": "heraldry"}, {"group": 16, "id": "hedonism", "degree": 0}, {"group": 14, "id": "hereby", "degree": 1}, {"group": 5, "id": "hesitate", "degree": 15}, {"group": 0, "id": "helping", "degree": 18}, {"group": 7, "id": "heartbroken", "degree": 4}, {"group": 2, "id": "heartbreaking"}, {"group": 0, "id": "henchman"}, {"group": 5, "id": "hemisphere", "degree": 15}, {"group": 0, "id": "heroine", "degree": 30}, {"group": 1, "id": "headdress"}, {"group": 1, "id": "hearth"}, {"group": 2, "id": "hemlock", "degree": 3}, {"group": 14, "id": "herewith", "degree": 0}, {"group": 3, "id": "heartening"}, {"group": 0, "id": "heal"}, {"group": 10, "id": "hebetude", "degree": 5}, {"group": 5, "id": "herbarium", "degree": 0}, {"group": 5, "id": "heath"}, {"group": 2, "id": "hearty", "degree": 16}, {"group": 1, "id": "hello", "degree": 2}], "links": [{"source": 0, "target": 44, "weight": 0.002083}, {"source": 0, "target": 115, "weight": 0.003788}, {"source": 0, "target": 162, "weight": 0.149254}, {"source": 0, "target": 1, "weight": 0.005714}, {"source": 0, "target": 134, "weight": 0.016393}, {"source": 0, "target": 81, "weight": 0.033333}, {"source": 0, "target": 98, "weight": 0.019231}, {"source": 0, "target": 41, "weight": 0.005848}, {"source": 0, "target": 130, "weight": 0.016667}, {"source": 1, "target": 44, "weight": 0.001724}, {"source": 1, "target": 132, "weight": 0.003021}, {"source": 1, "target": 134, "weight": 0.117241}, {"source": 1, "target": 141, "weight": 0.046243}, {"source": 1, "target": 142, "weight": 0.017341}, {"source": 1, "target": 98, "weight": 0.006579}, {"source": 1, "target": 7, "weight": 0.005848}, {"source": 1, "target": 53, "weight": 0.013423}, {"source": 1, "target": 128, "weight": 0.005952}, {"source": 1, "target": 54, "weight": 0.006289}, {"source": 1, "target": 145, "weight": 0.004608}, {"source": 1, "target": 146, "weight": 0.011696}, {"source": 1, "target": 162, "weight": 0.011429}, {"source": 1, "target": 103, "weight": 0.010811}, {"source": 1, "target": 149, "weight": 0.006667}, {"source": 1, "target": 61, "weight": 0.006803}, {"source": 1, "target": 112, "weight": 0.004505}, {"source": 1, "target": 155, "weight": 0.005814}, {"source": 1, "target": 115, "weight": 0.009615}, {"source": 1, "target": 170, "weight": 0.025478}, {"source": 1, "target": 68, "weight": 0.005435}, {"source": 1, "target": 159, "weight": 0.093407}, {"source": 1, "target": 120, "weight": 0.003846}, {"source": 1, "target": 121, "weight": 0.005848}, {"source": 1, "target": 71, "weight": 0.034247}, {"source": 1, "target": 122, "weight": 0.013289}, {"source": 1, "target": 28, "weight": 0.012295}, {"source": 1, "target": 40, "weight": 0.010152}, {"source": 1, "target": 36, "weight": 0.011364}, {"source": 1, "target": 139, "weight": 0.006579}, {"source": 1, "target": 38, "weight": 0.005025}, {"source": 1, "target": 81, "weight": 0.102041}, {"source": 1, "target": 82, "weight": 0.004902}, {"source": 1, "target": 39, "weight": 0.00905}, {"source": 1, "target": 41, "weight": 0.00369}, {"source": 1, "target": 42, "weight": 0.008097}, {"source": 2, "target": 115, "weight": 0.005988}, {"source": 2, "target": 21, "weight": 0.02}, {"source": 2, "target": 41, "weight": 0.006897}, {"source": 3, "target": 44, "weight": 0.004405}, {"source": 3, "target": 69, "weight": 0.029412}, {"source": 3, "target": 64, "weight": 0.012658}, {"source": 3, "target": 164, "weight": 0.015152}, {"source": 3, "target": 24, "weight": 0.032787}, {"source": 4, "target": 44, "weight": 0.006608}, {"source": 4, "target": 69, "weight": 0.028986}, {"source": 4, "target": 174, "weight": 0.032258}, {"source": 4, "target": 72, "weight": 0.014925}, {"source": 4, "target": 99, "weight": 0.043011}, {"source": 4, "target": 30, "weight": 0.011111}, {"source": 4, "target": 75, "weight": 0.007576}, {"source": 5, "target": 44, "weight": 0.004149}, {"source": 5, "target": 69, "weight": 0.010309}, {"source": 5, "target": 72, "weight": 0.010638}, {"source": 5, "target": 63, "weight": 0.00641}, {"source": 5, "target": 30, "weight": 0.008547}, {"source": 5, "target": 75, "weight": 0.006289}, {"source": 6, "target": 44, "weight": 0.00202}, {"source": 6, "target": 115, "weight": 0.003683}, {"source": 6, "target": 64, "weight": 0.008403}, {"source": 6, "target": 77, "weight": 0.017544}, {"source": 6, "target": 36, "weight": 0.01087}, {"source": 6, "target": 120, "weight": 0.011494}, {"source": 6, "target": 109, "weight": 0.017544}, {"source": 6, "target": 18, "weight": 0.013889}, {"source": 6, "target": 99, "weight": 0.007407}, {"source": 6, "target": 164, "weight": 0.009434}, {"source": 6, "target": 75, "weight": 0.005848}, {"source": 7, "target": 132, "weight": 0.004405}, {"source": 7, "target": 48, "weight": 0.018868}, {"source": 7, "target": 49, "weight": 0.018182}, {"source": 7, "target": 93, "weight": 0.038251}, {"source": 7, "target": 100, "weight": 0.044444}, {"source": 7, "target": 145, "weight": 0.00885}, {"source": 7, "target": 16, "weight": 0.00885}, {"source": 7, "target": 19, "weight": 0.037037}, {"source": 7, "target": 114, "weight": 0.012346}, {"source": 7, "target": 115, "weight": 0.01938}, {"source": 7, "target": 11, "weight": 0.020408}, {"source": 7, "target": 68, "weight": 0.051948}, {"source": 7, "target": 120, "weight": 0.00641}, {"source": 7, "target": 26, "weight": 0.033898}, {"source": 7, "target": 163, "weight": 0.033898}, {"source": 7, "target": 77, "weight": 0.010417}, {"source": 7, "target": 139, "weight": 0.020833}, {"source": 7, "target": 38, "weight": 0.010526}, {"source": 7, "target": 106, "weight": 0.012195}, {"source": 7, "target": 41, "weight": 0.005988}, {"source": 7, "target": 42, "weight": 0.006944}, {"source": 8, "target": 54, "weight": 0.02381}, {"source": 8, "target": 167, "weight": 0.030303}, {"source": 8, "target": 103, "weight": 0.029412}, {"source": 8, "target": 29, "weight": 0.086207}, {"source": 8, "target": 149, "weight": 0.030303}, {"source": 8, "target": 121, "weight": 0.018519}, {"source": 8, "target": 61, "weight": 0.033333}, {"source": 8, "target": 39, "weight": 0.204545}, {"source": 8, "target": 57, "weight": 0.021505}, {"source": 8, "target": 28, "weight": 0.015625}, {"source": 8, "target": 130, "weight": 0.023256}, {"source": 9, "target": 44, "weight": 0.008929}, {"source": 9, "target": 115, "weight": 0.008048}, {"source": 9, "target": 64, "weight": 0.117647}, {"source": 9, "target": 13, "weight": 0.025}, {"source": 9, "target": 38, "weight": 0.014286}, {"source": 9, "target": 82, "weight": 0.027027}, {"source": 9, "target": 164, "weight": 0.145455}, {"source": 10, "target": 145, "weight": 0.008772}, {"source": 10, "target": 115, "weight": 0.005725}, {"source": 10, "target": 101, "weight": 0.011364}, {"source": 10, "target": 57, "weight": 0.009259}, {"source": 10, "target": 77, "weight": 0.010309}, {"source": 10, "target": 159, "weight": 0.010526}, {"source": 10, "target": 95, "weight": 0.018868}, {"source": 10, "target": 73, "weight": 0.012658}, {"source": 11, "target": 44, "weight": 0.002183}, {"source": 11, "target": 145, "weight": 0.010526}, {"source": 11, "target": 133, "weight": 0.021739}, {"source": 11, "target": 46, "weight": 0.012658}, {"source": 11, "target": 76, "weight": 0.011364}, {"source": 11, "target": 129, "weight": 0.016949}, {"source": 11, "target": 19, "weight": 0.027027}, {"source": 11, "target": 151, "weight": 0.025641}, {"source": 11, "target": 100, "weight": 0.035714}, {"source": 11, "target": 114, "weight": 0.015873}, {"source": 12, "target": 44, "weight": 0.002114}, {"source": 12, "target": 64, "weight": 0.010309}, {"source": 12, "target": 164, "weight": 0.011905}, {"source": 12, "target": 15, "weight": 0.044444}, {"source": 13, "target": 44, "weight": 0.00211}, {"source": 13, "target": 145, "weight": 0.009009}, {"source": 13, "target": 115, "weight": 0.035573}, {"source": 13, "target": 64, "weight": 0.010204}, {"source": 13, "target": 35, "weight": 0.016667}, {"source": 13, "target": 48, "weight": 0.019608}, {"source": 13, "target": 21, "weight": 0.014286}, {"source": 13, "target": 41, "weight": 0.106667}, {"source": 13, "target": 95, "weight": 0.02}, {"source": 13, "target": 174, "weight": 0.00565}, {"source": 13, "target": 164, "weight": 0.011765}, {"source": 14, "target": 131, "weight": 0.01087}, {"source": 14, "target": 78, "weight": 0.010989}, {"source": 14, "target": 116, "weight": 0.022727}, {"source": 14, "target": 89, "weight": 0.013889}, {"source": 14, "target": 59, "weight": 0.021277}, {"source": 15, "target": 78, "weight": 0.0125}, {"source": 15, "target": 94, "weight": 0.037037}, {"source": 16, "target": 44, "weight": 0.001916}, {"source": 16, "target": 77, "weight": 0.007042}, {"source": 16, "target": 30, "weight": 0.00641}, {"source": 16, "target": 49, "weight": 0.009901}, {"source": 16, "target": 174, "weight": 0.004444}, {"source": 16, "target": 140, "weight": 0.089109}, {"source": 16, "target": 120, "weight": 0.025253}, {"source": 16, "target": 149, "weight": 0.01087}, {"source": 16, "target": 39, "weight": 0.006098}, {"source": 16, "target": 97, "weight": 0.010638}, {"source": 16, "target": 112, "weight": 0.01227}, {"source": 16, "target": 86, "weight": 0.029126}, {"source": 16, "target": 114, "weight": 0.024}, {"source": 17, "target": 132, "weight": 0.004545}, {"source": 17, "target": 34, "weight": 0.028037}, {"source": 17, "target": 64, "weight": 0.010753}, {"source": 17, "target": 118, "weight": 0.02439}, {"source": 17, "target": 137, "weight": 0.020833}, {"source": 17, "target": 93, "weight": 0.02809}, {"source": 17, "target": 164, "weight": 0.0125}, {"source": 18, "target": 91, "weight": 0.081081}, {"source": 18, "target": 53, "weight": 0.005464}, {"source": 18, "target": 42, "weight": 0.007692}, {"source": 19, "target": 145, "weight": 0.009901}, {"source": 19, "target": 115, "weight": 0.001949}, {"source": 19, "target": 68, "weight": 0.210526}, {"source": 19, "target": 38, "weight": 0.012048}, {"source": 19, "target": 174, "weight": 0.005988}, {"source": 19, "target": 25, "weight": 0.478261}, {"source": 19, "target": 100, "weight": 0.521739}, {"source": 20, "target": 174, "weight": 0.005917}, {"source": 21, "target": 44, "weight": 0.002079}, {"source": 21, "target": 145, "weight": 0.008475}, {"source": 21, "target": 115, "weight": 0.045276}, {"source": 21, "target": 136, "weight": 0.018182}, {"source": 21, "target": 41, "weight": 0.011696}, {"source": 21, "target": 38, "weight": 0.041237}, {"source": 21, "target": 126, "weight": 0.019231}, {"source": 21, "target": 82, "weight": 0.019231}, {"source": 21, "target": 122, "weight": 0.004878}, {"source": 21, "target": 63, "weight": 0.006494}, {"source": 21, "target": 113, "weight": 0.011765}, {"source": 21, "target": 31, "weight": 0.013333}, {"source": 22, "target": 158, "weight": 0.039216}, {"source": 22, "target": 57, "weight": 0.011765}, {"source": 22, "target": 139, "weight": 0.038462}, {"source": 22, "target": 90, "weight": 0.032258}, {"source": 23, "target": 44, "weight": 0.002212}, {"source": 23, "target": 69, "weight": 0.015152}, {"source": 24, "target": 44, "weight": 0.042283}, {"source": 24, "target": 132, "weight": 0.004115}, {"source": 24, "target": 146, "weight": 0.011905}, {"source": 24, "target": 64, "weight": 0.017391}, {"source": 24, "target": 35, "weight": 0.025974}, {"source": 24, "target": 66, "weight": 0.392523}, {"source": 24, "target": 119, "weight": 0.005618}, {"source": 24, "target": 69, "weight": 0.009434}, {"source": 24, "target": 50, "weight": 0.052083}, {"source": 24, "target": 174, "weight": 0.031579}, {"source": 24, "target": 98, "weight": 0.015625}, {"source": 24, "target": 72, "weight": 0.009709}, {"source": 24, "target": 164, "weight": 0.019608}, {"source": 24, "target": 75, "weight": 0.011976}, {"source": 25, "target": 100, "weight": 0.190476}, {"source": 26, "target": 44, "weight": 0.004274}, {"source": 26, "target": 115, "weight": 0.005814}, {"source": 26, "target": 34, "weight": 0.009174}, {"source": 26, "target": 64, "weight": 0.021739}, {"source": 26, "target": 41, "weight": 0.012579}, {"source": 26, "target": 159, "weight": 0.011494}, {"source": 26, "target": 164, "weight": 0.025316}, {"source": 27, "target": 44, "weight": 0.002237}, {"source": 27, "target": 159, "weight": 0.015385}, {"source": 28, "target": 44, "weight": 0.003636}, {"source": 28, "target": 132, "weight": 0.003311}, {"source": 28, "target": 48, "weight": 0.007813}, {"source": 28, "target": 93, "weight": 0.015326}, {"source": 28, "target": 96, "weight": 0.008197}, {"source": 28, "target": 142, "weight": 0.006849}, {"source": 28, "target": 51, "weight": 0.006803}, {"source": 28, "target": 53, "weight": 0.003676}, {"source": 28, "target": 54, "weight": 0.015504}, {"source": 28, "target": 158, "weight": 0.034483}, {"source": 28, "target": 57, "weight": 0.089286}, {"source": 28, "target": 103, "weight": 0.206107}, {"source": 28, "target": 149, "weight": 0.008264}, {"source": 28, "target": 60, "weight": 0.008547}, {"source": 28, "target": 61, "weight": 0.008475}, {"source": 28, "target": 117, "weight": 0.007576}, {"source": 28, "target": 112, "weight": 0.108571}, {"source": 28, "target": 113, "weight": 0.006452}, {"source": 28, "target": 115, "weight": 0.003339}, {"source": 28, "target": 145, "weight": 0.010695}, {"source": 28, "target": 118, "weight": 0.00813}, {"source": 28, "target": 68, "weight": 0.006452}, {"source": 28, "target": 159, "weight": 0.011905}, {"source": 28, "target": 163, "weight": 0.014925}, {"source": 28, "target": 121, "weight": 0.007042}, {"source": 28, "target": 122, "weight": 0.003636}, {"source": 28, "target": 34, "weight": 0.010526}, {"source": 28, "target": 76, "weight": 0.005525}, {"source": 28, "target": 129, "weight": 0.006579}, {"source": 28, "target": 39, "weight": 0.077778}, {"source": 28, "target": 41, "weight": 0.008299}, {"source": 28, "target": 42, "weight": 0.013825}, {"source": 29, "target": 44, "weight": 0.004141}, {"source": 29, "target": 89, "weight": 0.011494}, {"source": 29, "target": 78, "weight": 0.009434}, {"source": 29, "target": 136, "weight": 0.017241}, {"source": 29, "target": 39, "weight": 0.024194}, {"source": 29, "target": 41, "weight": 0.005714}, {"source": 29, "target": 75, "weight": 0.00625}, {"source": 29, "target": 114, "weight": 0.011236}, {"source": 30, "target": 132, "weight": 0.003704}, {"source": 30, "target": 92, "weight": 0.013158}, {"source": 30, "target": 93, "weight": 0.00431}, {"source": 30, "target": 99, "weight": 0.025641}, {"source": 30, "target": 52, "weight": 0.007874}, {"source": 30, "target": 127, "weight": 0.166667}, {"source": 30, "target": 102, "weight": 0.024691}, {"source": 30, "target": 174, "weight": 0.022936}, {"source": 30, "target": 109, "weight": 0.021898}, {"source": 30, "target": 152, "weight": 0.008475}, {"source": 30, "target": 115, "weight": 0.003527}, {"source": 30, "target": 119, "weight": 0.009804}, {"source": 30, "target": 69, "weight": 0.007519}, {"source": 30, "target": 120, "weight": 0.005025}, {"source": 30, "target": 72, "weight": 0.039683}, {"source": 30, "target": 123, "weight": 0.114943}, {"source": 30, "target": 75, "weight": 0.005128}, {"source": 30, "target": 34, "weight": 0.006289}, {"source": 30, "target": 173, "weight": 0.008547}, {"source": 30, "target": 82, "weight": 0.006993}, {"source": 30, "target": 42, "weight": 0.005348}, {"source": 31, "target": 145, "weight": 0.017391}, {"source": 31, "target": 115, "weight": 0.062249}, {"source": 31, "target": 34, "weight": 0.043478}, {"source": 31, "target": 41, "weight": 0.036364}, {"source": 31, "target": 39, "weight": 0.008264}, {"source": 31, "target": 112, "weight": 0.008264}, {"source": 32, "target": 44, "weight": 0.007692}, {"source": 32, "target": 115, "weight": 0.001748}, {"source": 32, "target": 46, "weight": 0.124031}, {"source": 32, "target": 76, "weight": 0.019868}, {"source": 32, "target": 89, "weight": 0.007937}, {"source": 32, "target": 78, "weight": 0.315315}, {"source": 32, "target": 116, "weight": 0.053191}, {"source": 32, "target": 159, "weight": 0.028986}, {"source": 32, "target": 63, "weight": 0.010256}, {"source": 32, "target": 64, "weight": 0.006803}, {"source": 32, "target": 151, "weight": 0.019417}, {"source": 32, "target": 164, "weight": 0.007463}, {"source": 32, "target": 75, "weight": 0.015228}, {"source": 33, "target": 115, "weight": 0.003945}, {"source": 33, "target": 77, "weight": 0.012658}, {"source": 33, "target": 124, "weight": 0.054054}, {"source": 33, "target": 153, "weight": 0.05}, {"source": 34, "target": 44, "weight": 0.001905}, {"source": 34, "target": 132, "weight": 0.007273}, {"source": 34, "target": 93, "weight": 0.213198}, {"source": 34, "target": 126, "weight": 0.010417}, {"source": 34, "target": 141, "weight": 0.008}, {"source": 34, "target": 142, "weight": 0.016807}, {"source": 34, "target": 53, "weight": 0.020661}, {"source": 34, "target": 54, "weight": 0.009615}, {"source": 34, "target": 145, "weight": 0.01875}, {"source": 34, "target": 146, "weight": 0.026087}, {"source": 34, "target": 40, "weight": 0.021277}, {"source": 34, "target": 105, "weight": 0.006289}, {"source": 34, "target": 112, "weight": 0.018182}, {"source": 34, "target": 115, "weight": 0.024955}, {"source": 34, "target": 64, "weight": 0.006711}, {"source": 34, "target": 120, "weight": 0.004878}, {"source": 34, "target": 165, "weight": 0.010638}, {"source": 34, "target": 95, "weight": 0.009901}, {"source": 34, "target": 36, "weight": 0.025}, {"source": 34, "target": 172, "weight": 0.011236}, {"source": 34, "target": 38, "weight": 0.006944}, {"source": 34, "target": 82, "weight": 0.027397}, {"source": 34, "target": 41, "weight": 0.018779}, {"source": 34, "target": 42, "weight": 0.010417}, {"source": 35, "target": 115, "weight": 0.001923}, {"source": 35, "target": 66, "weight": 0.015873}, {"source": 35, "target": 93, "weight": 0.005435}, {"source": 35, "target": 41, "weight": 0.006173}, {"source": 35, "target": 75, "weight": 0.006803}, {"source": 36, "target": 115, "weight": 0.003774}, {"source": 36, "target": 146, "weight": 0.363636}, {"source": 36, "target": 40, "weight": 0.246914}, {"source": 36, "target": 93, "weight": 0.020833}, {"source": 36, "target": 141, "weight": 0.012195}, {"source": 36, "target": 142, "weight": 0.054054}, {"source": 36, "target": 53, "weight": 0.108696}, {"source": 37, "target": 44, "weight": 0.002146}, {"source": 37, "target": 84, "weight": 0.027027}, {"source": 37, "target": 115, "weight": 0.001942}, {"source": 38, "target": 44, "weight": 0.001984}, {"source": 38, "target": 55, "weight": 0.014085}, {"source": 38, "target": 115, "weight": 0.014652}, {"source": 38, "target": 64, "weight": 0.007813}, {"source": 38, "target": 89, "weight": 0.009346}, {"source": 38, "target": 145, "weight": 0.007092}, {"source": 38, "target": 164, "weight": 0.008696}, {"source": 38, "target": 154, "weight": 0.014085}, {"source": 38, "target": 100, "weight": 0.013514}, {"source": 38, "target": 41, "weight": 0.015544}, {"source": 38, "target": 144, "weight": 0.009259}, {"source": 39, "target": 132, "weight": 0.01087}, {"source": 39, "target": 140, "weight": 0.008772}, {"source": 39, "target": 144, "weight": 0.007634}, {"source": 39, "target": 54, "weight": 0.009434}, {"source": 39, "target": 158, "weight": 0.008}, {"source": 39, "target": 57, "weight": 0.096552}, {"source": 39, "target": 103, "weight": 0.107438}, {"source": 39, "target": 149, "weight": 0.010309}, {"source": 39, "target": 61, "weight": 0.104651}, {"source": 39, "target": 112, "weight": 0.005917}, {"source": 39, "target": 115, "weight": 0.006981}, {"source": 39, "target": 120, "weight": 0.009709}, {"source": 39, "target": 121, "weight": 0.091743}, {"source": 39, "target": 122, "weight": 0.003984}, {"source": 39, "target": 93, "weight": 0.008368}, {"source": 39, "target": 167, "weight": 0.010309}, {"source": 39, "target": 139, "weight": 0.010101}, {"source": 39, "target": 130, "weight": 0.028571}, {"source": 39, "target": 106, "weight": 0.007519}, {"source": 39, "target": 41, "weight": 0.004587}, {"source": 39, "target": 42, "weight": 0.005128}, {"source": 40, "target": 115, "weight": 0.00363}, {"source": 40, "target": 120, "weight": 0.022222}, {"source": 40, "target": 141, "weight": 0.029703}, {"source": 40, "target": 144, "weight": 0.009346}, {"source": 41, "target": 44, "weight": 0.003478}, {"source": 41, "target": 132, "weight": 0.021807}, {"source": 41, "target": 108, "weight": 0.006757}, {"source": 41, "target": 137, "weight": 0.006452}, {"source": 41, "target": 93, "weight": 0.028369}, {"source": 41, "target": 126, "weight": 0.013699}, {"source": 41, "target": 142, "weight": 0.011765}, {"source": 41, "target": 53, "weight": 0.006757}, {"source": 41, "target": 158, "weight": 0.005747}, {"source": 41, "target": 101, "weight": 0.005348}, {"source": 41, "target": 112, "weight": 0.013889}, {"source": 41, "target": 60, "weight": 0.007042}, {"source": 41, "target": 165, "weight": 0.013889}, {"source": 41, "target": 152, "weight": 0.005714}, {"source": 41, "target": 153, "weight": 0.005587}, {"source": 41, "target": 115, "weight": 0.196941}, {"source": 41, "target": 145, "weight": 0.028846}, {"source": 41, "target": 170, "weight": 0.00641}, {"source": 41, "target": 118, "weight": 0.006757}, {"source": 41, "target": 68, "weight": 0.011173}, {"source": 41, "target": 119, "weight": 0.003817}, {"source": 41, "target": 120, "weight": 0.011811}, {"source": 41, "target": 122, "weight": 0.013468}, {"source": 41, "target": 75, "weight": 0.003968}, {"source": 41, "target": 159, "weight": 0.005155}, {"source": 41, "target": 166, "weight": 0.006329}, {"source": 41, "target": 128, "weight": 0.018519}, {"source": 41, "target": 139, "weight": 0.006757}, {"source": 41, "target": 173, "weight": 0.005747}, {"source": 41, "target": 82, "weight": 0.080645}, {"source": 41, "target": 130, "weight": 0.00641}, {"source": 41, "target": 85, "weight": 0.006289}, {"source": 41, "target": 114, "weight": 0.011111}, {"source": 41, "target": 42, "weight": 0.004098}, {"source": 42, "target": 44, "weight": 0.001808}, {"source": 42, "target": 158, "weight": 0.013333}, {"source": 42, "target": 115, "weight": 0.016863}, {"source": 42, "target": 57, "weight": 0.005435}, {"source": 42, "target": 145, "weight": 0.010582}, {"source": 42, "target": 78, "weight": 0.005714}, {"source": 42, "target": 116, "weight": 0.007813}, {"source": 42, "target": 120, "weight": 0.008621}, {"source": 42, "target": 163, "weight": 0.007299}, {"source": 42, "target": 112, "weight": 0.010309}, {"source": 42, "target": 54, "weight": 0.007576}, {"source": 42, "target": 73, "weight": 0.006452}, {"source": 42, "target": 114, "weight": 0.006329}, {"source": 43, "target": 160, "weight": 0.166667}, {"source": 44, "target": 87, "weight": 0.002155}, {"source": 44, "target": 114, "weight": 0.002041}, {"source": 44, "target": 88, "weight": 0.004049}, {"source": 44, "target": 122, "weight": 0.004942}, {"source": 44, "target": 89, "weight": 0.004107}, {"source": 44, "target": 96, "weight": 0.002193}, {"source": 44, "target": 92, "weight": 0.013645}, {"source": 44, "target": 138, "weight": 0.05838}, {"source": 44, "target": 94, "weight": 0.004415}, {"source": 44, "target": 140, "weight": 0.002119}, {"source": 44, "target": 50, "weight": 0.04}, {"source": 44, "target": 99, "weight": 0.011538}, {"source": 44, "target": 77, "weight": 0.003968}, {"source": 44, "target": 101, "weight": 0.002016}, {"source": 44, "target": 52, "weight": 0.002028}, {"source": 44, "target": 173, "weight": 0.00207}, {"source": 44, "target": 53, "weight": 0.006633}, {"source": 44, "target": 143, "weight": 0.002088}, {"source": 44, "target": 145, "weight": 0.001916}, {"source": 44, "target": 146, "weight": 0.002096}, {"source": 44, "target": 162, "weight": 0.002079}, {"source": 44, "target": 115, "weight": 0.010811}, {"source": 44, "target": 161, "weight": 0.002179}, {"source": 44, "target": 73, "weight": 0.002053}, {"source": 44, "target": 174, "weight": 0.026132}, {"source": 44, "target": 109, "weight": 0.00198}, {"source": 44, "target": 110, "weight": 0.002179}, {"source": 44, "target": 63, "weight": 0.012681}, {"source": 44, "target": 112, "weight": 0.005714}, {"source": 44, "target": 113, "weight": 0.002045}, {"source": 44, "target": 153, "weight": 0.002049}, {"source": 44, "target": 159, "weight": 0.005988}, {"source": 44, "target": 64, "weight": 0.042945}, {"source": 44, "target": 66, "weight": 0.106122}, {"source": 44, "target": 116, "weight": 0.004357}, {"source": 44, "target": 117, "weight": 0.002146}, {"source": 44, "target": 119, "weight": 0.021429}, {"source": 44, "target": 69, "weight": 0.022495}, {"source": 44, "target": 163, "weight": 0.002132}, {"source": 44, "target": 70, "weight": 0.002092}, {"source": 44, "target": 56, "weight": 0.002016}, {"source": 44, "target": 72, "weight": 0.002016}, {"source": 44, "target": 93, "weight": 0.001672}, {"source": 44, "target": 124, "weight": 0.001988}, {"source": 44, "target": 164, "weight": 0.044118}, {"source": 44, "target": 75, "weight": 0.018116}, {"source": 44, "target": 51, "weight": 0.004167}, {"source": 44, "target": 76, "weight": 0.001942}, {"source": 44, "target": 78, "weight": 0.018036}, {"source": 44, "target": 128, "weight": 0.002114}, {"source": 44, "target": 171, "weight": 0.002062}, {"source": 44, "target": 129, "weight": 0.002058}, {"source": 44, "target": 152, "weight": 0.002066}, {"source": 44, "target": 46, "weight": 0.005952}, {"source": 44, "target": 82, "weight": 0.009901}, {"source": 44, "target": 130, "weight": 0.002151}, {"source": 44, "target": 132, "weight": 0.004732}, {"source": 44, "target": 86, "weight": 0.002137}, {"source": 45, "target": 151, "weight": 0.034483}, {"source": 46, "target": 158, "weight": 0.009615}, {"source": 46, "target": 102, "weight": 0.014493}, {"source": 46, "target": 76, "weight": 0.191304}, {"source": 46, "target": 78, "weight": 0.015748}, {"source": 46, "target": 129, "weight": 0.038462}, {"source": 46, "target": 174, "weight": 0.014493}, {"source": 46, "target": 122, "weight": 0.004348}, {"source": 46, "target": 99, "weight": 0.020833}, {"source": 47, "target": 96, "weight": 0.086957}, {"source": 47, "target": 117, "weight": 0.4}, {"source": 48, "target": 145, "weight": 0.010101}, {"source": 48, "target": 163, "weight": 0.021739}, {"source": 49, "target": 145, "weight": 0.009901}, {"source": 49, "target": 170, "weight": 0.022727}, {"source": 49, "target": 106, "weight": 0.014286}, {"source": 49, "target": 58, "weight": 0.026667}, {"source": 49, "target": 52, "weight": 0.123077}, {"source": 49, "target": 74, "weight": 0.016949}, {"source": 49, "target": 114, "weight": 0.186441}, {"source": 50, "target": 115, "weight": 0.001845}, {"source": 50, "target": 64, "weight": 0.017241}, {"source": 50, "target": 89, "weight": 0.031915}, {"source": 50, "target": 78, "weight": 0.045045}, {"source": 50, "target": 69, "weight": 0.009346}, {"source": 50, "target": 174, "weight": 0.005102}, {"source": 50, "target": 164, "weight": 0.019417}, {"source": 50, "target": 75, "weight": 0.011905}, {"source": 51, "target": 133, "weight": 0.014493}, {"source": 51, "target": 167, "weight": 0.019608}, {"source": 51, "target": 120, "weight": 0.006211}, {"source": 51, "target": 149, "weight": 0.04}, {"source": 51, "target": 112, "weight": 0.00813}, {"source": 51, "target": 114, "weight": 0.011628}, {"source": 52, "target": 115, "weight": 0.001845}, {"source": 52, "target": 79, "weight": 0.017857}, {"source": 52, "target": 58, "weight": 0.06}, {"source": 52, "target": 171, "weight": 0.010753}, {"source": 52, "target": 109, "weight": 0.00885}, {"source": 52, "target": 72, "weight": 0.009615}, {"source": 52, "target": 120, "weight": 0.00578}, {"source": 52, "target": 114, "weight": 0.010204}, {"source": 53, "target": 133, "weight": 0.010363}, {"source": 53, "target": 140, "weight": 0.005181}, {"source": 53, "target": 141, "weight": 0.009756}, {"source": 53, "target": 158, "weight": 0.009852}, {"source": 53, "target": 101, "weight": 0.013953}, {"source": 53, "target": 57, "weight": 0.004219}, {"source": 53, "target": 112, "weight": 0.004032}, {"source": 53, "target": 153, "weight": 0.004785}, {"source": 53, "target": 115, "weight": 0.020218}, {"source": 53, "target": 64, "weight": 0.004348}, {"source": 53, "target": 159, "weight": 0.008969}, {"source": 53, "target": 120, "weight": 0.007018}, {"source": 53, "target": 72, "weight": 0.009259}, {"source": 53, "target": 164, "weight": 0.004608}, {"source": 53, "target": 76, "weight": 0.008511}, {"source": 53, "target": 95, "weight": 0.016667}, {"source": 53, "target": 78, "weight": 0.004386}, {"source": 53, "target": 129, "weight": 0.009709}, {"source": 53, "target": 175, "weight": 0.005618}, {"source": 53, "target": 174, "weight": 0.003236}, {"source": 53, "target": 114, "weight": 0.009524}, {"source": 54, "target": 57, "weight": 0.010526}, {"source": 54, "target": 173, "weight": 0.016129}, {"source": 54, "target": 159, "weight": 0.012195}, {"source": 54, "target": 149, "weight": 0.4}, {"source": 54, "target": 122, "weight": 0.005319}, {"source": 54, "target": 93, "weight": 0.00565}, {"source": 54, "target": 103, "weight": 0.014286}, {"source": 55, "target": 132, "weight": 0.004926}, {"source": 55, "target": 115, "weight": 0.001996}, {"source": 55, "target": 154, "weight": 0.818182}, {"source": 56, "target": 115, "weight": 0.001835}, {"source": 56, "target": 133, "weight": 0.011905}, {"source": 56, "target": 77, "weight": 0.008621}, {"source": 56, "target": 163, "weight": 0.0125}, {"source": 56, "target": 84, "weight": 0.030303}, {"source": 56, "target": 151, "weight": 0.012987}, {"source": 56, "target": 124, "weight": 0.796875}, {"source": 56, "target": 153, "weight": 0.030928}, {"source": 57, "target": 158, "weight": 0.105769}, {"source": 57, "target": 115, "weight": 0.00177}, {"source": 57, "target": 103, "weight": 0.118182}, {"source": 57, "target": 76, "weight": 0.013793}, {"source": 57, "target": 95, "weight": 0.01087}, {"source": 57, "target": 129, "weight": 0.035088}, {"source": 57, "target": 93, "weight": 0.004367}, {"source": 57, "target": 140, "weight": 0.009709}, {"source": 57, "target": 171, "weight": 0.008621}, {"source": 57, "target": 149, "weight": 0.011628}, {"source": 57, "target": 121, "weight": 0.009346}, {"source": 57, "target": 61, "weight": 0.012048}, {"source": 57, "target": 112, "weight": 0.025806}, {"source": 58, "target": 74, "weight": 0.453125}, {"source": 58, "target": 114, "weight": 0.019802}, {"source": 59, "target": 63, "weight": 0.007353}, {"source": 59, "target": 78, "weight": 0.011765}, {"source": 59, "target": 116, "weight": 0.026316}, {"source": 59, "target": 153, "weight": 0.015152}, {"source": 60, "target": 112, "weight": 0.010753}, {"source": 60, "target": 115, "weight": 0.002}, {"source": 61, "target": 140, "weight": 0.025641}, {"source": 62, "target": 115, "weight": 0.001923}, {"source": 62, "target": 101, "weight": 0.012195}, {"source": 62, "target": 133, "weight": 0.016949}, {"source": 62, "target": 89, "weight": 0.013514}, {"source": 63, "target": 174, "weight": 0.003831}, {"source": 63, "target": 115, "weight": 0.001647}, {"source": 63, "target": 64, "weight": 0.01105}, {"source": 63, "target": 78, "weight": 0.011173}, {"source": 63, "target": 66, "weight": 0.004673}, {"source": 63, "target": 116, "weight": 0.007519}, {"source": 63, "target": 138, "weight": 0.004274}, {"source": 63, "target": 164, "weight": 0.005917}, {"source": 63, "target": 119, "weight": 0.00823}, {"source": 63, "target": 69, "weight": 0.005814}, {"source": 63, "target": 82, "weight": 0.01105}, {"source": 63, "target": 109, "weight": 0.005618}, {"source": 63, "target": 72, "weight": 0.005917}, {"source": 63, "target": 99, "weight": 0.005051}, {"source": 63, "target": 75, "weight": 0.044444}, {"source": 63, "target": 153, "weight": 0.006211}, {"source": 64, "target": 87, "weight": 0.011364}, {"source": 64, "target": 88, "weight": 0.008403}, {"source": 64, "target": 93, "weight": 0.00905}, {"source": 64, "target": 98, "weight": 0.012346}, {"source": 64, "target": 145, "weight": 0.006849}, {"source": 64, "target": 101, "weight": 0.016807}, {"source": 64, "target": 174, "weight": 0.004717}, {"source": 64, "target": 117, "weight": 0.011111}, {"source": 64, "target": 112, "weight": 0.006623}, {"source": 64, "target": 153, "weight": 0.008929}, {"source": 64, "target": 115, "weight": 0.020073}, {"source": 64, "target": 66, "weight": 0.012195}, {"source": 64, "target": 159, "weight": 0.024}, {"source": 64, "target": 69, "weight": 0.00813}, {"source": 64, "target": 122, "weight": 0.008621}, {"source": 64, "target": 164, "weight": 0.779412}, {"source": 64, "target": 75, "weight": 0.021978}, {"source": 64, "target": 77, "weight": 0.007752}, {"source": 64, "target": 128, "weight": 0.010309}, {"source": 64, "target": 96, "weight": 0.0125}, {"source": 64, "target": 82, "weight": 0.030769}, {"source": 64, "target": 132, "weight": 0.003846}, {"source": 64, "target": 86, "weight": 0.01087}, {"source": 65, "target": 118, "weight": 0.181818}, {"source": 66, "target": 89, "weight": 0.006944}, {"source": 66, "target": 78, "weight": 0.044586}, {"source": 66, "target": 164, "weight": 0.013245}, {"source": 66, "target": 69, "weight": 0.006452}, {"source": 66, "target": 174, "weight": 0.113636}, {"source": 66, "target": 72, "weight": 0.006579}, {"source": 66, "target": 99, "weight": 0.011111}, {"source": 66, "target": 152, "weight": 0.007143}, {"source": 66, "target": 75, "weight": 0.023474}, {"source": 67, "target": 83, "weight": 0.047619}, {"source": 68, "target": 145, "weight": 0.007937}, {"source": 68, "target": 115, "weight": 0.009363}, {"source": 68, "target": 77, "weight": 0.009174}, {"source": 68, "target": 171, "weight": 0.011236}, {"source": 68, "target": 100, "weight": 0.25}, {"source": 68, "target": 95, "weight": 0.015385}, {"source": 68, "target": 120, "weight": 0.005917}, {"source": 68, "target": 174, "weight": 0.005208}, {"source": 68, "target": 112, "weight": 0.007634}, {"source": 69, "target": 92, "weight": 0.007519}, {"source": 69, "target": 119, "weight": 0.005405}, {"source": 69, "target": 164, "weight": 0.009091}, {"source": 69, "target": 75, "weight": 0.005714}, {"source": 69, "target": 153, "weight": 0.009804}, {"source": 70, "target": 174, "weight": 0.005525}, {"source": 70, "target": 114, "weight": 0.012048}, {"source": 71, "target": 78, "weight": 0.012987}, {"source": 71, "target": 159, "weight": 0.013699}, {"source": 71, "target": 116, "weight": 0.033333}, {"source": 72, "target": 132, "weight": 0.00813}, {"source": 72, "target": 167, "weight": 0.015152}, {"source": 72, "target": 120, "weight": 0.035088}, {"source": 72, "target": 147, "weight": 0.015385}, {"source": 72, "target": 79, "weight": 0.034483}, {"source": 72, "target": 173, "weight": 0.010638}, {"source": 72, "target": 141, "weight": 0.021053}, {"source": 72, "target": 174, "weight": 0.098901}, {"source": 72, "target": 109, "weight": 0.044643}, {"source": 72, "target": 99, "weight": 0.161017}, {"source": 72, "target": 152, "weight": 0.010526}, {"source": 73, "target": 145, "weight": 0.008065}, {"source": 73, "target": 115, "weight": 0.003738}, {"source": 73, "target": 132, "weight": 0.008439}, {"source": 73, "target": 119, "weight": 0.00578}, {"source": 73, "target": 155, "weight": 0.012658}, {"source": 73, "target": 82, "weight": 0.009009}, {"source": 73, "target": 122, "weight": 0.009524}, {"source": 73, "target": 86, "weight": 0.014286}, {"source": 74, "target": 114, "weight": 0.011765}, {"source": 75, "target": 88, "weight": 0.005848}, {"source": 75, "target": 98, "weight": 0.007519}, {"source": 75, "target": 174, "weight": 0.023166}, {"source": 75, "target": 151, "weight": 0.007042}, {"source": 75, "target": 119, "weight": 0.00813}, {"source": 75, "target": 164, "weight": 0.023669}, {"source": 75, "target": 78, "weight": 0.022222}, {"source": 75, "target": 82, "weight": 0.005405}, {"source": 75, "target": 131, "weight": 0.005435}, {"source": 76, "target": 158, "weight": 0.017857}, {"source": 76, "target": 92, "weight": 0.006711}, {"source": 76, "target": 129, "weight": 0.539474}, {"source": 76, "target": 107, "weight": 0.007634}, {"source": 76, "target": 102, "weight": 0.012821}, {"source": 76, "target": 131, "weight": 0.014599}, {"source": 76, "target": 124, "weight": 0.007519}, {"source": 76, "target": 152, "weight": 0.008772}, {"source": 77, "target": 87, "weight": 0.011905}, {"source": 77, "target": 88, "weight": 0.017544}, {"source": 77, "target": 140, "weight": 0.01087}, {"source": 77, "target": 146, "weight": 0.010309}, {"source": 77, "target": 112, "weight": 0.006803}, {"source": 77, "target": 113, "weight": 0.27907}, {"source": 77, "target": 153, "weight": 0.009259}, {"source": 77, "target": 115, "weight": 0.003617}, {"source": 77, "target": 159, "weight": 0.00813}, {"source": 77, "target": 122, "weight": 0.004367}, {"source": 77, "target": 124, "weight": 0.00813}, {"source": 77, "target": 164, "weight": 0.008621}, {"source": 77, "target": 173, "weight": 0.009709}, {"source": 78, "target": 89, "weight": 0.009091}, {"source": 78, "target": 99, "weight": 0.006803}, {"source": 78, "target": 145, "weight": 0.006944}, {"source": 78, "target": 82, "weight": 0.015385}, {"source": 78, "target": 115, "weight": 0.001799}, {"source": 78, "target": 116, "weight": 0.257576}, {"source": 78, "target": 169, "weight": 0.012346}, {"source": 78, "target": 174, "weight": 0.014423}, {"source": 79, "target": 132, "weight": 0.005025}, {"source": 79, "target": 167, "weight": 0.055556}, {"source": 79, "target": 120, "weight": 0.02381}, {"source": 79, "target": 174, "weight": 0.006623}, {"source": 79, "target": 99, "weight": 0.011364}, {"source": 80, "target": 109, "weight": 0.025974}, {"source": 80, "target": 92, "weight": 0.044944}, {"source": 81, "target": 159, "weight": 0.036585}, {"source": 82, "target": 145, "weight": 0.006849}, {"source": 82, "target": 115, "weight": 0.077071}, {"source": 82, "target": 164, "weight": 0.016807}, {"source": 83, "target": 84, "weight": 0.034483}, {"source": 84, "target": 143, "weight": 0.02}, {"source": 84, "target": 124, "weight": 0.027397}, {"source": 85, "target": 115, "weight": 0.003876}, {"source": 85, "target": 133, "weight": 0.266667}, {"source": 85, "target": 108, "weight": 0.051282}, {"source": 85, "target": 163, "weight": 0.019231}, {"source": 85, "target": 120, "weight": 0.020548}, {"source": 85, "target": 124, "weight": 0.011628}, {"source": 86, "target": 132, "weight": 0.004566}, {"source": 86, "target": 130, "weight": 0.020833}, {"source": 86, "target": 112, "weight": 0.009091}, {"source": 86, "target": 164, "weight": 0.012658}, {"source": 87, "target": 159, "weight": 0.012195}, {"source": 87, "target": 164, "weight": 0.013333}, {"source": 88, "target": 115, "weight": 0.001838}, {"source": 88, "target": 152, "weight": 0.010638}, {"source": 88, "target": 140, "weight": 0.012195}, {"source": 88, "target": 120, "weight": 0.011494}, {"source": 88, "target": 109, "weight": 0.017544}, {"source": 88, "target": 99, "weight": 0.007407}, {"source": 88, "target": 164, "weight": 0.009434}, {"source": 89, "target": 132, "weight": 0.004184}, {"source": 89, "target": 107, "weight": 0.019417}, {"source": 89, "target": 122, "weight": 0.004717}, {"source": 90, "target": 158, "weight": 0.016667}, {"source": 91, "target": 112, "weight": 0.009615}, {"source": 91, "target": 163, "weight": 0.021739}, {"source": 92, "target": 138, "weight": 0.082873}, {"source": 92, "target": 109, "weight": 0.007194}, {"source": 92, "target": 129, "weight": 0.008333}, {"source": 92, "target": 143, "weight": 0.017857}, {"source": 92, "target": 123, "weight": 0.010417}, {"source": 92, "target": 152, "weight": 0.008475}, {"source": 93, "target": 95, "weight": 0.005747}, {"source": 93, "target": 144, "weight": 0.00995}, {"source": 93, "target": 145, "weight": 0.008547}, {"source": 93, "target": 101, "weight": 0.004785}, {"source": 93, "target": 112, "weight": 0.021186}, {"source": 93, "target": 115, "weight": 0.0368}, {"source": 93, "target": 159, "weight": 0.014019}, {"source": 93, "target": 163, "weight": 0.016667}, {"source": 93, "target": 128, "weight": 0.010811}, {"source": 95, "target": 158, "weight": 0.016949}, {"source": 95, "target": 115, "weight": 0.003929}, {"source": 95, "target": 112, "weight": 0.009709}, {"source": 96, "target": 115, "weight": 0.00198}, {"source": 96, "target": 142, "weight": 0.019608}, {"source": 96, "target": 117, "weight": 0.461538}, {"source": 96, "target": 164, "weight": 0.014925}, {"source": 96, "target": 153, "weight": 0.016949}, {"source": 97, "target": 106, "weight": 0.015873}, {"source": 97, "target": 112, "weight": 0.010101}, {"source": 97, "target": 152, "weight": 0.017857}, {"source": 98, "target": 115, "weight": 0.001976}, {"source": 98, "target": 120, "weight": 0.007299}, {"source": 98, "target": 174, "weight": 0.00625}, {"source": 98, "target": 164, "weight": 0.014706}, {"source": 99, "target": 109, "weight": 0.013889}, {"source": 99, "target": 138, "weight": 0.004975}, {"source": 99, "target": 141, "weight": 0.008}, {"source": 99, "target": 174, "weight": 0.258242}, {"source": 99, "target": 167, "weight": 0.010526}, {"source": 99, "target": 107, "weight": 0.007092}, {"source": 99, "target": 143, "weight": 0.008403}, {"source": 99, "target": 120, "weight": 0.019802}, {"source": 99, "target": 152, "weight": 0.008065}, {"source": 100, "target": 145, "weight": 0.01087}, {"source": 100, "target": 115, "weight": 0.001984}, {"source": 100, "target": 174, "weight": 0.006329}, {"source": 101, "target": 132, "weight": 0.004049}, {"source": 101, "target": 115, "weight": 0.003676}, {"source": 101, "target": 164, "weight": 0.018868}, {"source": 101, "target": 170, "weight": 0.013158}, {"source": 101, "target": 152, "weight": 0.010526}, {"source": 101, "target": 159, "weight": 0.017699}, {"source": 101, "target": 122, "weight": 0.004545}, {"source": 101, "target": 112, "weight": 0.007246}, {"source": 103, "target": 159, "weight": 0.009174}, {"source": 103, "target": 149, "weight": 0.016393}, {"source": 103, "target": 112, "weight": 0.007519}, {"source": 104, "target": 132, "weight": 0.004808}, {"source": 104, "target": 125, "weight": 0.481481}, {"source": 105, "target": 109, "weight": 0.007194}, {"source": 105, "target": 149, "weight": 0.022727}, {"source": 105, "target": 124, "weight": 0.014706}, {"source": 105, "target": 114, "weight": 0.008065}, {"source": 106, "target": 140, "weight": 0.039474}, {"source": 106, "target": 120, "weight": 0.036145}, {"source": 106, "target": 149, "weight": 0.016393}, {"source": 106, "target": 112, "weight": 0.015152}, {"source": 106, "target": 114, "weight": 0.031915}, {"source": 107, "target": 129, "weight": 0.009804}, {"source": 107, "target": 174, "weight": 0.004902}, {"source": 107, "target": 152, "weight": 0.216867}, {"source": 108, "target": 132, "weight": 0.014563}, {"source": 108, "target": 115, "weight": 0.001976}, {"source": 109, "target": 138, "weight": 0.022472}, {"source": 109, "target": 173, "weight": 0.019608}, {"source": 109, "target": 119, "weight": 0.032258}, {"source": 109, "target": 120, "weight": 0.005405}, {"source": 109, "target": 150, "weight": 0.041667}, {"source": 111, "target": 124, "weight": 0.009615}, {"source": 112, "target": 132, "weight": 0.003597}, {"source": 112, "target": 142, "weight": 0.008197}, {"source": 112, "target": 158, "weight": 0.058824}, {"source": 112, "target": 113, "weight": 0.007634}, {"source": 112, "target": 155, "weight": 0.016949}, {"source": 112, "target": 115, "weight": 0.006981}, {"source": 112, "target": 145, "weight": 0.01227}, {"source": 112, "target": 118, "weight": 0.010101}, {"source": 112, "target": 120, "weight": 0.004831}, {"source": 112, "target": 122, "weight": 0.008}, {"source": 112, "target": 164, "weight": 0.007246}, {"source": 112, "target": 163, "weight": 0.046729}, {"source": 112, "target": 172, "weight": 0.010989}, {"source": 113, "target": 115, "weight": 0.003724}, {"source": 113, "target": 140, "weight": 0.013158}, {"source": 114, "target": 145, "weight": 0.007874}, {"source": 114, "target": 115, "weight": 0.003717}, {"source": 114, "target": 132, "weight": 0.004149}, {"source": 114, "target": 119, "weight": 0.005682}, {"source": 114, "target": 144, "weight": 0.032609}, {"source": 115, "target": 132, "weight": 0.023881}, {"source": 115, "target": 133, "weight": 0.001916}, {"source": 115, "target": 136, "weight": 0.001969}, {"source": 115, "target": 137, "weight": 0.001949}, {"source": 115, "target": 141, "weight": 0.001873}, {"source": 115, "target": 126, "weight": 0.026369}, {"source": 115, "target": 139, "weight": 0.00396}, {"source": 115, "target": 142, "weight": 0.003788}, {"source": 115, "target": 173, "weight": 0.003766}, {"source": 115, "target": 144, "weight": 0.001859}, {"source": 115, "target": 146, "weight": 0.00381}, {"source": 115, "target": 162, "weight": 0.005682}, {"source": 115, "target": 124, "weight": 0.001812}, {"source": 115, "target": 117, "weight": 0.001942}, {"source": 115, "target": 128, "weight": 0.003839}, {"source": 115, "target": 152, "weight": 0.001876}, {"source": 115, "target": 153, "weight": 0.007491}, {"source": 115, "target": 154, "weight": 0.001996}, {"source": 115, "target": 155, "weight": 0.00381}, {"source": 115, "target": 158, "weight": 0.00188}, {"source": 115, "target": 170, "weight": 0.001946}, {"source": 115, "target": 119, "weight": 0.001613}, {"source": 115, "target": 145, "weight": 0.008818}, {"source": 115, "target": 120, "weight": 0.011513}, {"source": 115, "target": 122, "weight": 0.015408}, {"source": 115, "target": 164, "weight": 0.01487}, {"source": 115, "target": 165, "weight": 0.003984}, {"source": 115, "target": 125, "weight": 0.007797}, {"source": 115, "target": 159, "weight": 0.001812}, {"source": 115, "target": 166, "weight": 0.001938}, {"source": 115, "target": 130, "weight": 0.007828}, {"source": 116, "target": 169, "weight": 0.029412}, {"source": 117, "target": 142, "weight": 0.016393}, {"source": 117, "target": 164, "weight": 0.012987}, {"source": 117, "target": 153, "weight": 0.014493}, {"source": 118, "target": 166, "weight": 0.025641}, {"source": 118, "target": 162, "weight": 0.018868}, {"source": 119, "target": 139, "weight": 0.006993}, {"source": 119, "target": 160, "weight": 0.007246}, {"source": 119, "target": 124, "weight": 0.010638}, {"source": 120, "target": 132, "weight": 0.063758}, {"source": 120, "target": 133, "weight": 0.006536}, {"source": 120, "target": 141, "weight": 0.0375}, {"source": 120, "target": 162, "weight": 0.0125}, {"source": 120, "target": 147, "weight": 0.007463}, {"source": 120, "target": 163, "weight": 0.006711}, {"source": 120, "target": 125, "weight": 0.006803}, {"source": 120, "target": 174, "weight": 0.007491}, {"source": 121, "target": 133, "weight": 0.031746}, {"source": 121, "target": 140, "weight": 0.015873}, {"source": 122, "target": 158, "weight": 0.004831}, {"source": 122, "target": 145, "weight": 0.004065}, {"source": 122, "target": 164, "weight": 0.009132}, {"source": 122, "target": 128, "weight": 0.005076}, {"source": 122, "target": 159, "weight": 0.050691}, {"source": 122, "target": 149, "weight": 0.005587}, {"source": 123, "target": 127, "weight": 0.416667}, {"source": 124, "target": 129, "weight": 0.009615}, {"source": 124, "target": 163, "weight": 0.011494}, {"source": 124, "target": 150, "weight": 0.031579}, {"source": 124, "target": 143, "weight": 0.010309}, {"source": 124, "target": 133, "weight": 0.010989}, {"source": 124, "target": 151, "weight": 0.011905}, {"source": 124, "target": 153, "weight": 0.028846}, {"source": 128, "target": 145, "weight": 0.009091}, {"source": 128, "target": 132, "weight": 0.004464}, {"source": 128, "target": 159, "weight": 0.022222}, {"source": 128, "target": 163, "weight": 0.017544}, {"source": 128, "target": 164, "weight": 0.011905}, {"source": 129, "target": 158, "weight": 0.011905}, {"source": 129, "target": 131, "weight": 0.018519}, {"source": 129, "target": 152, "weight": 0.011765}, {"source": 130, "target": 139, "weight": 0.027027}, {"source": 130, "target": 140, "weight": 0.019231}, {"source": 131, "target": 151, "weight": 0.011236}, {"source": 132, "target": 133, "weight": 0.022727}, {"source": 132, "target": 139, "weight": 0.004808}, {"source": 132, "target": 141, "weight": 0.008511}, {"source": 132, "target": 154, "weight": 0.004926}, {"source": 132, "target": 164, "weight": 0.004049}, {"source": 133, "target": 163, "weight": 0.017544}, {"source": 134, "target": 159, "weight": 0.036585}, {"source": 138, "target": 171, "weight": 0.006211}, {"source": 138, "target": 174, "weight": 0.003788}, {"source": 138, "target": 160, "weight": 0.007813}, {"source": 141, "target": 146, "weight": 0.012987}, {"source": 141, "target": 174, "weight": 0.005319}, {"source": 141, "target": 142, "weight": 0.0125}, {"source": 142, "target": 163, "weight": 0.015625}, {"source": 142, "target": 159, "weight": 0.010204}, {"source": 142, "target": 144, "weight": 0.024096}, {"source": 143, "target": 174, "weight": 0.005495}, {"source": 143, "target": 160, "weight": 0.021739}, {"source": 143, "target": 153, "weight": 0.012195}, {"source": 145, "target": 155, "weight": 0.045455}, {"source": 145, "target": 163, "weight": 0.019048}, {"source": 145, "target": 164, "weight": 0.007519}, {"source": 145, "target": 166, "weight": 0.009615}, {"source": 146, "target": 158, "weight": 0.013333}, {"source": 148, "target": 151, "weight": 0.047619}, {"source": 148, "target": 174, "weight": 0.006061}, {"source": 149, "target": 173, "weight": 0.018868}, {"source": 149, "target": 159, "weight": 0.013699}, {"source": 150, "target": 174, "weight": 0.005495}, {"source": 152, "target": 170, "weight": 0.015625}, {"source": 152, "target": 174, "weight": 0.010753}, {"source": 153, "target": 164, "weight": 0.010101}, {"source": 153, "target": 165, "weight": 0.017544}, {"source": 157, "target": 168, "weight": 0.777778}, {"source": 159, "target": 162, "weight": 0.010101}, {"source": 159, "target": 163, "weight": 0.023256}, {"source": 159, "target": 164, "weight": 0.026786}, {"source": 163, "target": 172, "weight": 0.030303}, {"source": 164, "target": 174, "weight": 0.005025}, {"source": 165, "target": 175, "weight": 0.038462}, {"source": 167, "target": 174, "weight": 0.006329}, {"source": 169, "target": 174, "weight": 0.006173}], "multigraph": false}