{"directed": false, "graph": {}, "nodes": [{"group": 0, "id": "hip", "degree": 5}, {"group": 1, "id": "hither"}, {"group": 0, "id": "hiking", "degree": 2}, {"group": 2, "id": "hierarchy", "degree": 6}, {"group": 2, "id": "hind", "degree": 4}, {"group": 3, "id": "hillbilly", "degree": 1}, {"group": 0, "id": "hitch", "degree": 18}, {"group": 2, "id": "high", "degree": 26}, {"group": 2, "id": "hirsute", "degree": 1}, {"group": 4, "id": "hieroglyphic", "degree": 4}, {"group": 2, "id": "hippodrome"}, {"group": 0, "id": "hindsight", "degree": 3}, {"group": 2, "id": "highfalutin"}, {"group": 5, "id": "hissing", "degree": 9}, {"group": 2, "id": "hierarchic", "degree": 0}, {"group": 3, "id": "hick"}, {"group": 1, "id": "hitherto", "degree": 3}, {"group": 2, "id": "hidebound"}, {"group": 6, "id": "hickey"}, {"group": 2, "id": "hide"}, {"group": 7, "id": "hibernal"}, {"group": 4, "id": "hint"}, {"group": 2, "id": "hillock"}, {"group": 7, "id": "hiemal", "degree": 5}, {"group": 2, "id": "him", "degree": 0}, {"group": 8, "id": "histology", "degree": 0}, {"group": 0, "id": "highball"}, {"group": 0, "id": "hill"}, {"group": 5, "id": "hiss"}, {"group": 2, "id": "hidden", "degree": 8}, {"group": 9, "id": "hideout"}, {"group": 2, "id": "hideous", "degree": 5}, {"group": 1, "id": "historically"}, {"group": 5, "id": "hilarity", "degree": 2}, {"group": 2, "id": "higher", "degree": 2}, {"group": 2, "id": "hinder"}, {"group": 3, "id": "hippo", "degree": 3}, {"group": 2, "id": "hindmost"}, {"group": 0, "id": "hibernate", "degree": 6}, {"group": 0, "id": "hit"}, {"group": 0, "id": "hijacking", "degree": 3}, {"group": 9, "id": "hideaway", "degree": 6}, {"group": 4, "id": "hireling", "degree": 2}, {"group": 5, "id": "hilarious"}, {"group": 0, "id": "hightail"}, {"group": 5, "id": "hiccup", "degree": 5}, {"group": 4, "id": "hired", "degree": 2}, {"group": 0, "id": "hie", "degree": 11}, {"group": 10, "id": "hippy"}, {"group": 2, "id": "highest", "degree": 12}, {"group": 2, "id": "highbrow"}, {"group": 9, "id": "hiding"}, {"group": 4, "id": "hire", "degree": 4}, {"group": 2, "id": "hinterland", "degree": 13}, {"group": 4, "id": "histrionics"}, {"group": 11, "id": "historicity", "degree": 0}, {"group": 6, "id": "highroad", "degree": 1}, {"group": 12, "id": "hideously", "degree": 0}, {"group": 0, "id": "hike", "degree": 14}, {"group": 0, "id": "hiatus"}, {"group": 0, "id": "hive"}, {"group": 0, "id": "hinge"}, {"group": 6, "id": "highway", "degree": 9}, {"group": 0, "id": "hindrance"}, {"group": 4, "id": "highlight", "degree": 7}, {"group": 0, "id": "hijack", "degree": 2}, {"group": 10, "id": "hillocky", "degree": 2}, {"group": 0, "id": "history"}], "links": [{"source": 0, "target": 38, "weight": 0.014085}, {"source": 0, "target": 39, "weight": 0.005935}, {"source": 0, "target": 60, "weight": 0.006897}, {"source": 0, "target": 6, "weight": 0.040323}, {"source": 0, "target": 61, "weight": 0.282051}, {"source": 0, "target": 53, "weight": 0.008621}, {"source": 0, "target": 27, "weight": 0.013793}, {"source": 0, "target": 13, "weight": 0.007246}, {"source": 0, "target": 67, "weight": 0.009091}, {"source": 1, "target": 16, "weight": 0.066667}, {"source": 2, "target": 3, "weight": 0.010204}, {"source": 2, "target": 58, "weight": 0.061069}, {"source": 3, "target": 53, "weight": 0.01626}, {"source": 3, "target": 10, "weight": 0.028302}, {"source": 3, "target": 56, "weight": 0.009346}, {"source": 3, "target": 58, "weight": 0.005587}, {"source": 3, "target": 7, "weight": 0.002242}, {"source": 3, "target": 27, "weight": 0.006494}, {"source": 3, "target": 49, "weight": 0.041176}, {"source": 3, "target": 24, "weight": 0.023256}, {"source": 3, "target": 62, "weight": 0.009434}, {"source": 3, "target": 51, "weight": 0.007353}, {"source": 4, "target": 35, "weight": 0.033613}, {"source": 4, "target": 17, "weight": 0.009009}, {"source": 4, "target": 37, "weight": 0.196429}, {"source": 4, "target": 53, "weight": 0.019802}, {"source": 4, "target": 58, "weight": 0.006369}, {"source": 4, "target": 7, "weight": 0.002358}, {"source": 4, "target": 15, "weight": 0.010638}, {"source": 5, "target": 15, "weight": 0.210526}, {"source": 6, "target": 35, "weight": 0.011194}, {"source": 6, "target": 61, "weight": 0.145161}, {"source": 6, "target": 44, "weight": 0.023585}, {"source": 6, "target": 53, "weight": 0.004}, {"source": 6, "target": 19, "weight": 0.006349}, {"source": 6, "target": 26, "weight": 0.0181}, {"source": 6, "target": 63, "weight": 0.042017}, {"source": 6, "target": 59, "weight": 0.007937}, {"source": 6, "target": 60, "weight": 0.01083}, {"source": 6, "target": 58, "weight": 0.030303}, {"source": 6, "target": 7, "weight": 0.003503}, {"source": 6, "target": 10, "weight": 0.004274}, {"source": 6, "target": 18, "weight": 0.008032}, {"source": 6, "target": 47, "weight": 0.021368}, {"source": 6, "target": 27, "weight": 0.018116}, {"source": 6, "target": 28, "weight": 0.003257}, {"source": 6, "target": 39, "weight": 0.030501}, {"source": 6, "target": 9, "weight": 0.004115}, {"source": 6, "target": 62, "weight": 0.00431}, {"source": 6, "target": 67, "weight": 0.004098}, {"source": 7, "target": 34, "weight": 0.015}, {"source": 7, "target": 39, "weight": 0.004608}, {"source": 7, "target": 13, "weight": 0.004425}, {"source": 7, "target": 17, "weight": 0.009153}, {"source": 7, "target": 21, "weight": 0.001852}, {"source": 7, "target": 23, "weight": 0.004762}, {"source": 7, "target": 20, "weight": 0.004762}, {"source": 7, "target": 28, "weight": 0.002049}, {"source": 7, "target": 50, "weight": 0.002577}, {"source": 7, "target": 31, "weight": 0.016706}, {"source": 7, "target": 33, "weight": 0.002433}, {"source": 7, "target": 27, "weight": 0.002169}, {"source": 7, "target": 35, "weight": 0.002217}, {"source": 7, "target": 36, "weight": 0.002564}, {"source": 7, "target": 37, "weight": 0.002532}, {"source": 7, "target": 9, "weight": 0.002358}, {"source": 7, "target": 12, "weight": 0.021277}, {"source": 7, "target": 43, "weight": 0.004831}, {"source": 7, "target": 49, "weight": 0.018947}, {"source": 7, "target": 29, "weight": 0.002237}, {"source": 7, "target": 53, "weight": 0.00232}, {"source": 7, "target": 56, "weight": 0.002415}, {"source": 7, "target": 58, "weight": 0.006198}, {"source": 7, "target": 60, "weight": 0.002174}, {"source": 7, "target": 61, "weight": 0.002155}, {"source": 7, "target": 62, "weight": 0.002421}, {"source": 7, "target": 64, "weight": 0.002217}, {"source": 7, "target": 66, "weight": 0.002571}, {"source": 8, "target": 12, "weight": 0.012658}, {"source": 9, "target": 61, "weight": 0.007407}, {"source": 9, "target": 54, "weight": 0.012987}, {"source": 9, "target": 21, "weight": 0.004739}, {"source": 9, "target": 39, "weight": 0.006192}, {"source": 10, "target": 53, "weight": 0.119048}, {"source": 10, "target": 56, "weight": 0.013158}, {"source": 10, "target": 58, "weight": 0.006757}, {"source": 10, "target": 47, "weight": 0.012346}, {"source": 10, "target": 62, "weight": 0.013333}, {"source": 11, "target": 21, "weight": 0.005682}, {"source": 11, "target": 39, "weight": 0.006944}, {"source": 11, "target": 67, "weight": 0.016393}, {"source": 12, "target": 31, "weight": 0.009709}, {"source": 13, "target": 18, "weight": 0.007634}, {"source": 13, "target": 39, "weight": 0.002833}, {"source": 13, "target": 28, "weight": 0.235294}, {"source": 13, "target": 45, "weight": 0.09434}, {"source": 13, "target": 26, "weight": 0.029126}, {"source": 13, "target": 43, "weight": 0.008696}, {"source": 13, "target": 33, "weight": 0.018182}, {"source": 14, "target": 29, "weight": 0.012048}, {"source": 15, "target": 36, "weight": 0.016667}, {"source": 16, "target": 32, "weight": 0.347826}, {"source": 16, "target": 67, "weight": 0.016129}, {"source": 17, "target": 64, "weight": 0.007246}, {"source": 17, "target": 29, "weight": 0.007463}, {"source": 17, "target": 23, "weight": 0.009259}, {"source": 18, "target": 62, "weight": 0.010989}, {"source": 19, "target": 36, "weight": 0.007463}, {"source": 19, "target": 38, "weight": 0.007692}, {"source": 19, "target": 41, "weight": 0.020408}, {"source": 19, "target": 47, "weight": 0.012346}, {"source": 19, "target": 29, "weight": 0.015873}, {"source": 19, "target": 49, "weight": 0.004405}, {"source": 19, "target": 31, "weight": 0.005917}, {"source": 20, "target": 23, "weight": 0.956522}, {"source": 21, "target": 52, "weight": 0.004762}, {"source": 21, "target": 45, "weight": 0.00495}, {"source": 21, "target": 47, "weight": 0.004854}, {"source": 21, "target": 64, "weight": 0.116822}, {"source": 21, "target": 62, "weight": 0.005}, {"source": 22, "target": 58, "weight": 0.008065}, {"source": 22, "target": 31, "weight": 0.015873}, {"source": 23, "target": 44, "weight": 0.015385}, {"source": 23, "target": 60, "weight": 0.007813}, {"source": 23, "target": 28, "weight": 0.00641}, {"source": 26, "target": 58, "weight": 0.007246}, {"source": 26, "target": 53, "weight": 0.012048}, {"source": 26, "target": 47, "weight": 0.028571}, {"source": 27, "target": 36, "weight": 0.010204}, {"source": 27, "target": 38, "weight": 0.010638}, {"source": 27, "target": 58, "weight": 0.020942}, {"source": 27, "target": 47, "weight": 0.007874}, {"source": 27, "target": 49, "weight": 0.005236}, {"source": 27, "target": 31, "weight": 0.007519}, {"source": 28, "target": 58, "weight": 0.004525}, {"source": 28, "target": 45, "weight": 0.094203}, {"source": 28, "target": 64, "weight": 0.005376}, {"source": 28, "target": 33, "weight": 0.027972}, {"source": 29, "target": 56, "weight": 0.009259}, {"source": 29, "target": 41, "weight": 0.010101}, {"source": 29, "target": 51, "weight": 0.007299}, {"source": 29, "target": 30, "weight": 0.01}, {"source": 29, "target": 62, "weight": 0.009346}, {"source": 29, "target": 34, "weight": 0.010101}, {"source": 30, "target": 41, "weight": 0.903226}, {"source": 31, "target": 39, "weight": 0.006173}, {"source": 33, "target": 45, "weight": 0.013699}, {"source": 34, "target": 49, "weight": 0.054264}, {"source": 35, "target": 38, "weight": 0.011905}, {"source": 35, "target": 58, "weight": 0.005435}, {"source": 35, "target": 53, "weight": 0.015625}, {"source": 35, "target": 49, "weight": 0.005525}, {"source": 35, "target": 62, "weight": 0.009009}, {"source": 37, "target": 58, "weight": 0.007813}, {"source": 37, "target": 49, "weight": 0.008}, {"source": 37, "target": 53, "weight": 0.027778}, {"source": 38, "target": 61, "weight": 0.010309}, {"source": 38, "target": 63, "weight": 0.016393}, {"source": 39, "target": 52, "weight": 0.006211}, {"source": 39, "target": 53, "weight": 0.003021}, {"source": 39, "target": 41, "weight": 0.003279}, {"source": 39, "target": 58, "weight": 0.005195}, {"source": 39, "target": 42, "weight": 0.003472}, {"source": 39, "target": 45, "weight": 0.006369}, {"source": 39, "target": 47, "weight": 0.015873}, {"source": 39, "target": 64, "weight": 0.008596}, {"source": 39, "target": 49, "weight": 0.002611}, {"source": 39, "target": 65, "weight": 0.003472}, {"source": 40, "target": 58, "weight": 0.008621}, {"source": 40, "target": 65, "weight": 0.055556}, {"source": 40, "target": 63, "weight": 0.017241}, {"source": 41, "target": 59, "weight": 0.011628}, {"source": 41, "target": 51, "weight": 0.28}, {"source": 42, "target": 45, "weight": 0.02}, {"source": 42, "target": 46, "weight": 0.043478}, {"source": 44, "target": 58, "weight": 0.007692}, {"source": 44, "target": 47, "weight": 0.032258}, {"source": 45, "target": 58, "weight": 0.013605}, {"source": 45, "target": 64, "weight": 0.00885}, {"source": 46, "target": 52, "weight": 0.035088}, {"source": 47, "target": 52, "weight": 0.011236}, {"source": 47, "target": 60, "weight": 0.016}, {"source": 47, "target": 61, "weight": 0.015504}, {"source": 47, "target": 54, "weight": 0.013889}, {"source": 47, "target": 67, "weight": 0.010989}, {"source": 48, "target": 66, "weight": 0.08}, {"source": 49, "target": 61, "weight": 0.005155}, {"source": 49, "target": 63, "weight": 0.006329}, {"source": 49, "target": 51, "weight": 0.00578}, {"source": 49, "target": 67, "weight": 0.006452}, {"source": 52, "target": 64, "weight": 0.008264}, {"source": 53, "target": 56, "weight": 0.01087}, {"source": 53, "target": 58, "weight": 0.006098}, {"source": 53, "target": 59, "weight": 0.008929}, {"source": 53, "target": 62, "weight": 0.010989}, {"source": 53, "target": 67, "weight": 0.009709}, {"source": 54, "target": 64, "weight": 0.039604}, {"source": 54, "target": 58, "weight": 0.007194}, {"source": 56, "target": 62, "weight": 0.744186}, {"source": 58, "target": 59, "weight": 0.012048}, {"source": 58, "target": 60, "weight": 0.005181}, {"source": 58, "target": 61, "weight": 0.005076}, {"source": 58, "target": 64, "weight": 0.010929}, {"source": 58, "target": 65, "weight": 0.008264}, {"source": 58, "target": 66, "weight": 0.016529}, {"source": 64, "target": 67, "weight": 0.00813}], "multigraph": false}