{"directed": false, "graph": {}, "nodes": [{"group": 0, "id": "hooky"}, {"group": 1, "id": "homespun", "degree": 20}, {"group": 2, "id": "hopper", "degree": 1}, {"group": 0, "id": "horseback", "degree": 4}, {"group": 0, "id": "honorarium"}, {"group": 3, "id": "horrify"}, {"group": 4, "id": "horny", "degree": 17}, {"group": 0, "id": "homeostasis", "degree": 4}, {"group": 2, "id": "homology"}, {"group": 5, "id": "hoary", "degree": 5}, {"group": 0, "id": "homage"}, {"group": 4, "id": "hopeful", "degree": 15}, {"group": 1, "id": "housetop"}, {"group": 0, "id": "honorific", "degree": 8}, {"group": 0, "id": "holiday", "degree": 20}, {"group": 0, "id": "homework", "degree": 12}, {"group": 0, "id": "hover"}, {"group": 0, "id": "holding", "degree": 14}, {"group": 2, "id": "hostage"}, {"group": 3, "id": "horror", "degree": 28}, {"group": 4, "id": "homebody"}, {"group": 4, "id": "horrified"}, {"group": 0, "id": "holograph", "degree": 18}, {"group": 0, "id": "homogeneity"}, {"group": 0, "id": "hovel", "degree": 7}, {"group": 1, "id": "homestead", "degree": 15}, {"group": 4, "id": "homicidal"}, {"group": 2, "id": "homogenize", "degree": 13}, {"group": 0, "id": "holiness"}, {"group": 10, "id": "hooey"}, {"group": 6, "id": "hooray"}, {"group": 3, "id": "honeycombed"}, {"group": 0, "id": "hospitality"}, {"group": 1, "id": "homogeneous", "degree": 22}, {"group": 0, "id": "housebroken"}, {"group": 1, "id": "homonym"}, {"group": 1, "id": "honored", "degree": 9}, {"group": 0, "id": "honesty", "degree": 10}, {"group": 1, "id": "house", "degree": 31}, {"group": 0, "id": "holdup", "degree": 16}, {"group": 6, "id": "horn", "degree": 13}, {"group": 4, "id": "hobbyist", "degree": 6}, {"group": 5, "id": "homo"}, {"group": 6, "id": "holler"}, {"group": 6, "id": "howler", "degree": 14}, {"group": 0, "id": "hoyden"}, {"group": 5, "id": "hominid", "degree": 4}, {"group": 0, "id": "horsemanship"}, {"group": 3, "id": "hoarse", "degree": 7}, {"group": 0, "id": "hourglass", "degree": 1}, {"group": 7, "id": "hoofed", "degree": 4}, {"group": 8, "id": "horrid", "degree": 16}, {"group": 9, "id": "horribly", "degree": 4}, {"group": 4, "id": "hooked", "degree": 2}, {"group": 10, "id": "hornswaggle"}, {"group": 2, "id": "hock", "degree": 6}, {"group": 3, "id": "hounded"}, {"group": 8, "id": "horrible"}, {"group": 1, "id": "honorable"}, {"group": 3, "id": "horripilate", "degree": 14}, {"group": 0, "id": "hotbed", "degree": 5}, {"group": 2, "id": "housewarming"}, {"group": 4, "id": "honcho"}, {"group": 0, "id": "hoofing", "degree": 4}, {"group": 0, "id": "houri"}, {"group": 4, "id": "hooligan"}, {"group": 2, "id": "however", "degree": 3}, {"group": 0, "id": "host"}, {"group": 1, "id": "homologous", "degree": 4}, {"group": 10, "id": "hokum", "degree": 15}, {"group": 1, "id": "hospitable", "degree": 12}, {"group": 0, "id": "hobble"}, {"group": 1, "id": "horsehair", "degree": 5}, {"group": 3, "id": "hoodwinked"}, {"group": 4, "id": "hobo", "degree": 14}, {"group": 10, "id": "hogwash", "degree": 19}, {"group": 0, "id": "homily", "degree": 16}, {"group": 4, "id": "hostile", "degree": 13}, {"group": 6, "id": "hooker"}, {"group": 2, "id": "hookup", "degree": 16}, {"group": 10, "id": "hoke", "degree": 7}, {"group": 4, "id": "hostilities"}, {"group": 1, "id": "honest", "degree": 8}, {"group": 0, "id": "hornbook"}, {"group": 4, "id": "hopeless", "degree": 12}, {"group": 0, "id": "horizon", "degree": 2}, {"group": 10, "id": "hopelessness"}, {"group": 0, "id": "hooch"}, {"group": 0, "id": "honor"}, {"group": 9, "id": "horridly", "degree": 0}, {"group": 4, "id": "hophead", "degree": 10}, {"group": 5, "id": "honky", "degree": 3}, {"group": 6, "id": "hoop"}, {"group": 2, "id": "honeymoon", "degree": 1}, {"group": 6, "id": "hoot", "degree": 14}, {"group": 4, "id": "hollow"}, {"group": 0, "id": "hook"}, {"group": 4, "id": "homeless"}, {"group": 11, "id": "hospice", "degree": 8}, {"group": 1, "id": "horticultural"}, {"group": 0, "id": "hoof", "degree": 14}, {"group": 7, "id": "horseman"}, {"group": 4, "id": "hood"}, {"group": 6, "id": "horticulture", "degree": 0}, {"group": 0, "id": "horse", "degree": 27}, {"group": 3, "id": "hobgoblin"}, {"group": 0, "id": "holdings", "degree": 11}, {"group": 1, "id": "housing"}, {"group": 3, "id": "horripilation"}, {"group": 1, "id": "honeyed"}, {"group": 4, "id": "homeward"}, {"group": 4, "id": "hothead"}, {"group": 1, "id": "homemade", "degree": 2}, {"group": 7, "id": "horsy"}, {"group": 5, "id": "homosexual"}, {"group": 1, "id": "holy", "degree": 11}, {"group": 2, "id": "hodgepodge"}, {"group": 0, "id": "hoodoo"}, {"group": 11, "id": "hotel", "degree": 2}, {"group": 1, "id": "homely"}, {"group": 0, "id": "hootenanny", "degree": 1}, {"group": 0, "id": "hoist", "degree": 6}, {"group": 0, "id": "hole"}, {"group": 0, "id": "hold", "degree": 49}, {"group": 1, "id": "holder"}, {"group": 0, "id": "homer", "degree": 4}, {"group": 10, "id": "hoax", "degree": 9}, {"group": 0, "id": "hoard"}, {"group": 6, "id": "hour"}, {"group": 1, "id": "homey"}, {"group": 3, "id": "holocaust", "degree": 8}, {"group": 4, "id": "horned", "degree": 3}, {"group": 0, "id": "hope", "degree": 25}, {"group": 8, "id": "horrifying", "degree": 10}, {"group": 6, "id": "hologram", "degree": 2}, {"group": 6, "id": "hommage"}, {"group": 5, "id": "hobbyhorse", "degree": 8}, {"group": 0, "id": "hortatory"}, {"group": 1, "id": "homelike", "degree": 3}, {"group": 4, "id": "hoping", "degree": 1}, {"group": 0, "id": "holdback", "degree": 11}, {"group": 7, "id": "hoggish", "degree": 7}, {"group": 1, "id": "household", "degree": 29}, {"group": 8, "id": "horrendous"}, {"group": 0, "id": "honey", "degree": 23}, {"group": 4, "id": "howling"}, {"group": 4, "id": "hoodlum"}, {"group": 1, "id": "home", "degree": 24}, {"group": 5, "id": "hoar", "degree": 8}, {"group": 4, "id": "hound"}, {"group": 4, "id": "homicide", "degree": 12}, {"group": 10, "id": "hog"}, {"group": 0, "id": "hoe", "degree": 5}, {"group": 1, "id": "hob"}, {"group": 6, "id": "honk", "degree": 21}, {"group": 4, "id": "hot", "degree": 24}, {"group": 5, "id": "hookah", "degree": 6}, {"group": 6, "id": "hoopla", "degree": 8}, {"group": 0, "id": "hop"}, {"group": 11, "id": "hostel", "degree": 6}, {"group": 3, "id": "hostility"}, {"group": 0, "id": "honeycomb"}, {"group": 6, "id": "holystone", "degree": 6}, {"group": 2, "id": "hotchpotch", "degree": 5}, {"group": 1, "id": "horoscope"}, {"group": 2, "id": "horde"}, {"group": 0, "id": "hotfoot"}, {"group": 6, "id": "hose", "degree": 6}, {"group": 0, "id": "hothouse", "degree": 1}, {"group": 4, "id": "hotheaded", "degree": 10}, {"group": 1, "id": "horizontal", "degree": 17}, {"group": 10, "id": "hoodwink"}, {"group": 10, "id": "holdover"}, {"group": 12, "id": "honorably"}, {"group": 3, "id": "holey", "degree": 5}, {"group": 3, "id": "horseplay"}, {"group": 0, "id": "housebreak"}, {"group": 6, "id": "horselaugh", "degree": 6}, {"group": 12, "id": "honestly", "degree": 1}, {"group": 4, "id": "hoaxer", "degree": 5}, {"group": 6, "id": "hosanna", "degree": 7}, {"group": 0, "id": "horsewhip"}, {"group": 1, "id": "hospital"}, {"group": 6, "id": "howl", "degree": 30}], "links": [{"source": 0, "target": 14, "weight": 0.15942}, {"source": 0, "target": 152, "weight": 0.032258}, {"source": 1, "target": 33, "weight": 0.150602}, {"source": 1, "target": 36, "weight": 0.006623}, {"source": 1, "target": 38, "weight": 0.003546}, {"source": 1, "target": 142, "weight": 0.109756}, {"source": 1, "target": 95, "weight": 0.01049}, {"source": 1, "target": 99, "weight": 0.008}, {"source": 1, "target": 98, "weight": 0.014706}, {"source": 1, "target": 147, "weight": 0.011905}, {"source": 1, "target": 122, "weight": 0.002571}, {"source": 1, "target": 102, "weight": 0.003663}, {"source": 1, "target": 159, "weight": 0.015152}, {"source": 1, "target": 51, "weight": 0.004717}, {"source": 1, "target": 108, "weight": 0.006993}, {"source": 1, "target": 155, "weight": 0.006667}, {"source": 1, "target": 112, "weight": 0.158333}, {"source": 1, "target": 57, "weight": 0.004587}, {"source": 1, "target": 58, "weight": 0.005587}, {"source": 1, "target": 59, "weight": 0.006803}, {"source": 1, "target": 34, "weight": 0.007299}, {"source": 1, "target": 118, "weight": 0.015267}, {"source": 1, "target": 17, "weight": 0.005025}, {"source": 1, "target": 115, "weight": 0.005464}, {"source": 1, "target": 138, "weight": 0.021583}, {"source": 1, "target": 65, "weight": 0.009615}, {"source": 1, "target": 119, "weight": 0.342105}, {"source": 1, "target": 70, "weight": 0.005682}, {"source": 1, "target": 48, "weight": 0.025806}, {"source": 1, "target": 170, "weight": 0.012658}, {"source": 1, "target": 123, "weight": 0.001704}, {"source": 1, "target": 31, "weight": 0.007463}, {"source": 1, "target": 74, "weight": 0.005525}, {"source": 1, "target": 25, "weight": 0.006757}, {"source": 1, "target": 129, "weight": 0.044586}, {"source": 1, "target": 20, "weight": 0.007813}, {"source": 1, "target": 82, "weight": 0.092784}, {"source": 1, "target": 84, "weight": 0.005464}, {"source": 1, "target": 73, "weight": 0.013793}, {"source": 2, "target": 61, "weight": 0.016393}, {"source": 2, "target": 104, "weight": 0.010638}, {"source": 2, "target": 40, "weight": 0.015152}, {"source": 3, "target": 71, "weight": 0.005917}, {"source": 3, "target": 122, "weight": 0.003597}, {"source": 3, "target": 123, "weight": 0.002101}, {"source": 3, "target": 158, "weight": 0.005952}, {"source": 4, "target": 144, "weight": 0.008333}, {"source": 5, "target": 19, "weight": 0.053333}, {"source": 5, "target": 123, "weight": 0.002053}, {"source": 5, "target": 100, "weight": 0.019608}, {"source": 5, "target": 59, "weight": 0.090909}, {"source": 6, "target": 136, "weight": 0.0125}, {"source": 6, "target": 139, "weight": 0.058824}, {"source": 6, "target": 50, "weight": 0.014085}, {"source": 6, "target": 9, "weight": 0.009615}, {"source": 6, "target": 141, "weight": 0.020619}, {"source": 6, "target": 65, "weight": 0.006849}, {"source": 6, "target": 53, "weight": 0.014085}, {"source": 6, "target": 131, "weight": 0.174603}, {"source": 6, "target": 145, "weight": 0.013699}, {"source": 6, "target": 155, "weight": 0.138095}, {"source": 6, "target": 146, "weight": 0.006757}, {"source": 6, "target": 111, "weight": 0.010204}, {"source": 6, "target": 113, "weight": 0.014493}, {"source": 6, "target": 169, "weight": 0.020408}, {"source": 6, "target": 148, "weight": 0.012821}, {"source": 6, "target": 149, "weight": 0.005848}, {"source": 6, "target": 102, "weight": 0.004762}, {"source": 6, "target": 77, "weight": 0.011173}, {"source": 7, "target": 16, "weight": 0.014493}, {"source": 7, "target": 27, "weight": 0.018868}, {"source": 7, "target": 10, "weight": 0.009091}, {"source": 7, "target": 106, "weight": 0.025}, {"source": 7, "target": 23, "weight": 0.081081}, {"source": 7, "target": 172, "weight": 0.022222}, {"source": 7, "target": 123, "weight": 0.002088}, {"source": 7, "target": 132, "weight": 0.01}, {"source": 8, "target": 79, "weight": 0.127451}, {"source": 8, "target": 38, "weight": 0.010152}, {"source": 8, "target": 123, "weight": 0.001988}, {"source": 8, "target": 55, "weight": 0.015625}, {"source": 9, "target": 136, "weight": 0.013699}, {"source": 9, "target": 91, "weight": 0.016949}, {"source": 9, "target": 36, "weight": 0.037975}, {"source": 9, "target": 115, "weight": 0.027027}, {"source": 9, "target": 38, "weight": 0.004717}, {"source": 9, "target": 142, "weight": 0.027523}, {"source": 9, "target": 109, "weight": 0.008475}, {"source": 9, "target": 95, "weight": 0.004587}, {"source": 9, "target": 58, "weight": 0.018519}, {"source": 9, "target": 46, "weight": 0.03125}, {"source": 9, "target": 148, "weight": 0.384615}, {"source": 10, "target": 69, "weight": 0.006623}, {"source": 10, "target": 123, "weight": 0.010657}, {"source": 10, "target": 37, "weight": 0.00813}, {"source": 10, "target": 79, "weight": 0.011236}, {"source": 10, "target": 38, "weight": 0.003802}, {"source": 10, "target": 19, "weight": 0.006289}, {"source": 10, "target": 80, "weight": 0.007246}, {"source": 10, "target": 155, "weight": 0.003546}, {"source": 10, "target": 132, "weight": 0.010638}, {"source": 10, "target": 180, "weight": 0.01626}, {"source": 10, "target": 13, "weight": 0.007752}, {"source": 10, "target": 147, "weight": 0.006667}, {"source": 10, "target": 14, "weight": 0.018182}, {"source": 10, "target": 55, "weight": 0.007752}, {"source": 10, "target": 15, "weight": 0.031746}, {"source": 10, "target": 25, "weight": 0.007752}, {"source": 11, "target": 90, "weight": 0.018692}, {"source": 11, "target": 144, "weight": 0.011494}, {"source": 11, "target": 176, "weight": 0.007463}, {"source": 11, "target": 138, "weight": 0.008696}, {"source": 11, "target": 139, "weight": 0.068627}, {"source": 11, "target": 115, "weight": 0.006369}, {"source": 11, "target": 26, "weight": 0.009804}, {"source": 11, "target": 41, "weight": 0.028302}, {"source": 11, "target": 45, "weight": 0.024194}, {"source": 11, "target": 109, "weight": 0.025157}, {"source": 11, "target": 119, "weight": 0.004386}, {"source": 11, "target": 82, "weight": 0.01087}, {"source": 11, "target": 177, "weight": 0.009009}, {"source": 11, "target": 96, "weight": 0.003367}, {"source": 11, "target": 155, "weight": 0.007299}, {"source": 11, "target": 70, "weight": 0.006667}, {"source": 11, "target": 58, "weight": 0.006536}, {"source": 11, "target": 149, "weight": 0.029557}, {"source": 11, "target": 129, "weight": 0.007299}, {"source": 12, "target": 38, "weight": 0.011628}, {"source": 12, "target": 147, "weight": 0.016667}, {"source": 12, "target": 142, "weight": 0.013889}, {"source": 12, "target": 136, "weight": 0.029412}, {"source": 12, "target": 25, "weight": 0.025641}, {"source": 13, "target": 149, "weight": 0.006897}, {"source": 13, "target": 36, "weight": 0.016129}, {"source": 13, "target": 37, "weight": 0.018868}, {"source": 13, "target": 47, "weight": 0.012658}, {"source": 13, "target": 82, "weight": 0.008197}, {"source": 13, "target": 135, "weight": 0.020408}, {"source": 13, "target": 17, "weight": 0.009091}, {"source": 13, "target": 70, "weight": 0.011494}, {"source": 13, "target": 123, "weight": 0.004024}, {"source": 13, "target": 88, "weight": 0.005236}, {"source": 14, "target": 176, "weight": 0.009174}, {"source": 14, "target": 138, "weight": 0.022472}, {"source": 14, "target": 140, "weight": 0.018018}, {"source": 14, "target": 39, "weight": 0.054688}, {"source": 14, "target": 95, "weight": 0.004219}, {"source": 14, "target": 181, "weight": 0.009434}, {"source": 14, "target": 135, "weight": 0.011494}, {"source": 14, "target": 152, "weight": 0.011494}, {"source": 14, "target": 154, "weight": 0.008264}, {"source": 14, "target": 157, "weight": 0.031579}, {"source": 14, "target": 34, "weight": 0.011628}, {"source": 14, "target": 61, "weight": 0.008547}, {"source": 14, "target": 16, "weight": 0.007937}, {"source": 14, "target": 119, "weight": 0.009901}, {"source": 14, "target": 122, "weight": 0.01194}, {"source": 14, "target": 123, "weight": 0.003738}, {"source": 14, "target": 128, "weight": 0.01}, {"source": 14, "target": 129, "weight": 0.018018}, {"source": 14, "target": 172, "weight": 0.009804}, {"source": 14, "target": 88, "weight": 0.008772}, {"source": 15, "target": 61, "weight": 0.012658}, {"source": 15, "target": 76, "weight": 0.275862}, {"source": 15, "target": 176, "weight": 0.014085}, {"source": 15, "target": 37, "weight": 0.018868}, {"source": 15, "target": 137, "weight": 0.017857}, {"source": 15, "target": 149, "weight": 0.006897}, {"source": 15, "target": 82, "weight": 0.008197}, {"source": 15, "target": 152, "weight": 0.020408}, {"source": 15, "target": 58, "weight": 0.011111}, {"source": 15, "target": 22, "weight": 0.013699}, {"source": 15, "target": 123, "weight": 0.006048}, {"source": 15, "target": 88, "weight": 0.015873}, {"source": 15, "target": 132, "weight": 0.008403}, {"source": 15, "target": 27, "weight": 0.013889}, {"source": 16, "target": 104, "weight": 0.007092}, {"source": 16, "target": 123, "weight": 0.003802}, {"source": 16, "target": 27, "weight": 0.009901}, {"source": 16, "target": 63, "weight": 0.013333}, {"source": 16, "target": 106, "weight": 0.011364}, {"source": 16, "target": 19, "weight": 0.008475}, {"source": 16, "target": 39, "weight": 0.008}, {"source": 16, "target": 155, "weight": 0.004149}, {"source": 16, "target": 68, "weight": 0.013699}, {"source": 16, "target": 183, "weight": 0.009524}, {"source": 16, "target": 98, "weight": 0.012987}, {"source": 16, "target": 147, "weight": 0.009174}, {"source": 16, "target": 170, "weight": 0.010101}, {"source": 16, "target": 100, "weight": 0.022222}, {"source": 16, "target": 132, "weight": 0.049296}, {"source": 17, "target": 140, "weight": 0.02439}, {"source": 17, "target": 141, "weight": 0.00813}, {"source": 17, "target": 38, "weight": 0.004098}, {"source": 17, "target": 142, "weight": 0.006993}, {"source": 17, "target": 39, "weight": 0.027778}, {"source": 17, "target": 95, "weight": 0.004}, {"source": 17, "target": 47, "weight": 0.007692}, {"source": 17, "target": 170, "weight": 0.008264}, {"source": 17, "target": 102, "weight": 0.004255}, {"source": 17, "target": 104, "weight": 0.006135}, {"source": 17, "target": 106, "weight": 0.037383}, {"source": 17, "target": 55, "weight": 0.009091}, {"source": 17, "target": 158, "weight": 0.004149}, {"source": 17, "target": 58, "weight": 0.007092}, {"source": 17, "target": 127, "weight": 0.020134}, {"source": 17, "target": 132, "weight": 0.005882}, {"source": 17, "target": 117, "weight": 0.008621}, {"source": 17, "target": 119, "weight": 0.00463}, {"source": 17, "target": 67, "weight": 0.007042}, {"source": 17, "target": 70, "weight": 0.007246}, {"source": 17, "target": 122, "weight": 0.002849}, {"source": 17, "target": 123, "weight": 0.045627}, {"source": 17, "target": 25, "weight": 0.009091}, {"source": 17, "target": 82, "weight": 0.00578}, {"source": 17, "target": 88, "weight": 0.0125}, {"source": 18, "target": 144, "weight": 0.010526}, {"source": 18, "target": 79, "weight": 0.01087}, {"source": 18, "target": 155, "weight": 0.005128}, {"source": 18, "target": 55, "weight": 0.34375}, {"source": 18, "target": 132, "weight": 0.009804}, {"source": 19, "target": 40, "weight": 0.008772}, {"source": 19, "target": 144, "weight": 0.007042}, {"source": 19, "target": 146, "weight": 0.013245}, {"source": 19, "target": 44, "weight": 0.011628}, {"source": 19, "target": 143, "weight": 0.011111}, {"source": 19, "target": 149, "weight": 0.005714}, {"source": 19, "target": 102, "weight": 0.00939}, {"source": 19, "target": 105, "weight": 0.269841}, {"source": 19, "target": 153, "weight": 0.011494}, {"source": 19, "target": 51, "weight": 0.006536}, {"source": 19, "target": 108, "weight": 0.011905}, {"source": 19, "target": 111, "weight": 0.019802}, {"source": 19, "target": 158, "weight": 0.004545}, {"source": 19, "target": 57, "weight": 0.006289}, {"source": 19, "target": 59, "weight": 0.034884}, {"source": 19, "target": 64, "weight": 0.014925}, {"source": 19, "target": 132, "weight": 0.013514}, {"source": 19, "target": 160, "weight": 0.110236}, {"source": 19, "target": 65, "weight": 0.006667}, {"source": 19, "target": 71, "weight": 0.004525}, {"source": 19, "target": 123, "weight": 0.001894}, {"source": 19, "target": 130, "weight": 0.106796}, {"source": 19, "target": 133, "weight": 0.01087}, {"source": 19, "target": 88, "weight": 0.004525}, {"source": 19, "target": 183, "weight": 0.004717}, {"source": 20, "target": 74, "weight": 0.057971}, {"source": 21, "target": 84, "weight": 0.012195}, {"source": 22, "target": 76, "weight": 0.060241}, {"source": 22, "target": 176, "weight": 0.011765}, {"source": 22, "target": 27, "weight": 0.011628}, {"source": 22, "target": 79, "weight": 0.00813}, {"source": 22, "target": 45, "weight": 0.012987}, {"source": 22, "target": 35, "weight": 0.015385}, {"source": 22, "target": 94, "weight": 0.009434}, {"source": 22, "target": 95, "weight": 0.004695}, {"source": 22, "target": 74, "weight": 0.009434}, {"source": 22, "target": 152, "weight": 0.015873}, {"source": 22, "target": 44, "weight": 0.014286}, {"source": 22, "target": 158, "weight": 0.004902}, {"source": 22, "target": 154, "weight": 0.010309}, {"source": 22, "target": 71, "weight": 0.004878}, {"source": 22, "target": 120, "weight": 0.016393}, {"source": 22, "target": 122, "weight": 0.003185}, {"source": 22, "target": 123, "weight": 0.001953}, {"source": 22, "target": 82, "weight": 0.007353}, {"source": 23, "target": 79, "weight": 0.009259}, {"source": 23, "target": 37, "weight": 0.039216}, {"source": 24, "target": 33, "weight": 0.012195}, {"source": 24, "target": 60, "weight": 0.090909}, {"source": 24, "target": 127, "weight": 0.012346}, {"source": 24, "target": 38, "weight": 0.005747}, {"source": 24, "target": 95, "weight": 0.005556}, {"source": 24, "target": 125, "weight": 0.055556}, {"source": 24, "target": 122, "weight": 0.029197}, {"source": 24, "target": 123, "weight": 0.004184}, {"source": 24, "target": 161, "weight": 0.010638}, {"source": 25, "target": 123, "weight": 0.002008}, {"source": 25, "target": 153, "weight": 0.074074}, {"source": 25, "target": 38, "weight": 0.031915}, {"source": 25, "target": 142, "weight": 0.107143}, {"source": 25, "target": 119, "weight": 0.006061}, {"source": 25, "target": 152, "weight": 0.020408}, {"source": 25, "target": 98, "weight": 0.020833}, {"source": 25, "target": 147, "weight": 0.140845}, {"source": 25, "target": 122, "weight": 0.003333}, {"source": 25, "target": 182, "weight": 0.027778}, {"source": 25, "target": 88, "weight": 0.010526}, {"source": 25, "target": 102, "weight": 0.005435}, {"source": 26, "target": 150, "weight": 0.020408}, {"source": 26, "target": 52, "weight": 0.022222}, {"source": 26, "target": 77, "weight": 0.022727}, {"source": 26, "target": 139, "weight": 0.04}, {"source": 27, "target": 33, "weight": 0.026786}, {"source": 27, "target": 163, "weight": 0.037736}, {"source": 27, "target": 167, "weight": 0.012048}, {"source": 27, "target": 79, "weight": 0.016529}, {"source": 27, "target": 38, "weight": 0.009756}, {"source": 27, "target": 66, "weight": 0.016393}, {"source": 27, "target": 109, "weight": 0.008929}, {"source": 27, "target": 116, "weight": 0.070423}, {"source": 27, "target": 152, "weight": 0.016129}, {"source": 27, "target": 172, "weight": 0.012987}, {"source": 27, "target": 158, "weight": 0.004926}, {"source": 27, "target": 71, "weight": 0.009852}, {"source": 27, "target": 170, "weight": 0.037037}, {"source": 27, "target": 123, "weight": 0.007874}, {"source": 27, "target": 100, "weight": 0.013333}, {"source": 27, "target": 165, "weight": 0.021505}, {"source": 27, "target": 106, "weight": 0.013889}, {"source": 28, "target": 37, "weight": 0.071429}, {"source": 29, "target": 75, "weight": 0.535714}, {"source": 29, "target": 104, "weight": 0.00885}, {"source": 29, "target": 38, "weight": 0.005155}, {"source": 29, "target": 80, "weight": 0.320755}, {"source": 29, "target": 154, "weight": 0.011905}, {"source": 29, "target": 40, "weight": 0.011765}, {"source": 29, "target": 126, "weight": 0.049383}, {"source": 29, "target": 84, "weight": 0.010526}, {"source": 29, "target": 69, "weight": 0.566038}, {"source": 30, "target": 177, "weight": 0.033333}, {"source": 30, "target": 180, "weight": 0.37037}, {"source": 30, "target": 183, "weight": 0.03125}, {"source": 30, "target": 94, "weight": 0.071429}, {"source": 30, "target": 157, "weight": 0.02439}, {"source": 31, "target": 174, "weight": 0.03125}, {"source": 32, "target": 76, "weight": 0.013514}, {"source": 33, "target": 138, "weight": 0.032609}, {"source": 33, "target": 38, "weight": 0.004255}, {"source": 33, "target": 142, "weight": 0.054688}, {"source": 33, "target": 95, "weight": 0.008333}, {"source": 33, "target": 126, "weight": 0.041322}, {"source": 33, "target": 122, "weight": 0.002924}, {"source": 33, "target": 109, "weight": 0.007092}, {"source": 33, "target": 54, "weight": 0.010309}, {"source": 33, "target": 112, "weight": 0.010989}, {"source": 33, "target": 58, "weight": 0.007576}, {"source": 33, "target": 115, "weight": 0.022388}, {"source": 33, "target": 66, "weight": 0.011111}, {"source": 33, "target": 119, "weight": 0.136612}, {"source": 33, "target": 68, "weight": 0.035714}, {"source": 33, "target": 170, "weight": 0.066038}, {"source": 33, "target": 123, "weight": 0.003711}, {"source": 33, "target": 144, "weight": 0.006494}, {"source": 33, "target": 129, "weight": 0.026316}, {"source": 33, "target": 82, "weight": 0.018519}, {"source": 35, "target": 79, "weight": 0.009901}, {"source": 35, "target": 68, "weight": 0.027778}, {"source": 36, "target": 115, "weight": 0.010309}, {"source": 36, "target": 51, "weight": 0.007937}, {"source": 36, "target": 142, "weight": 0.021277}, {"source": 36, "target": 119, "weight": 0.005952}, {"source": 36, "target": 82, "weight": 0.058824}, {"source": 36, "target": 57, "weight": 0.007576}, {"source": 36, "target": 58, "weight": 0.205128}, {"source": 36, "target": 148, "weight": 0.018182}, {"source": 37, "target": 76, "weight": 0.014925}, {"source": 37, "target": 132, "weight": 0.00885}, {"source": 37, "target": 74, "weight": 0.011628}, {"source": 37, "target": 42, "weight": 0.013333}, {"source": 37, "target": 83, "weight": 0.02439}, {"source": 37, "target": 135, "weight": 0.023256}, {"source": 37, "target": 123, "weight": 0.002033}, {"source": 37, "target": 88, "weight": 0.075145}, {"source": 38, "target": 136, "weight": 0.005319}, {"source": 38, "target": 176, "weight": 0.009804}, {"source": 38, "target": 61, "weight": 0.004695}, {"source": 38, "target": 142, "weight": 0.060748}, {"source": 38, "target": 95, "weight": 0.006024}, {"source": 38, "target": 181, "weight": 0.00495}, {"source": 38, "target": 96, "weight": 0.00545}, {"source": 38, "target": 42, "weight": 0.004651}, {"source": 38, "target": 98, "weight": 0.016667}, {"source": 38, "target": 147, "weight": 0.064356}, {"source": 38, "target": 149, "weight": 0.003584}, {"source": 38, "target": 122, "weight": 0.013986}, {"source": 38, "target": 55, "weight": 0.005181}, {"source": 38, "target": 102, "weight": 0.009494}, {"source": 38, "target": 159, "weight": 0.005618}, {"source": 38, "target": 150, "weight": 0.004926}, {"source": 38, "target": 47, "weight": 0.004695}, {"source": 38, "target": 153, "weight": 0.005236}, {"source": 38, "target": 107, "weight": 0.014493}, {"source": 38, "target": 127, "weight": 0.017316}, {"source": 38, "target": 92, "weight": 0.005556}, {"source": 38, "target": 132, "weight": 0.011952}, {"source": 38, "target": 161, "weight": 0.004049}, {"source": 38, "target": 167, "weight": 0.004902}, {"source": 38, "target": 158, "weight": 0.003086}, {"source": 38, "target": 164, "weight": 0.036364}, {"source": 38, "target": 116, "weight": 0.005102}, {"source": 38, "target": 65, "weight": 0.003937}, {"source": 38, "target": 119, "weight": 0.003344}, {"source": 38, "target": 67, "weight": 0.004444}, {"source": 38, "target": 69, "weight": 0.009346}, {"source": 38, "target": 72, "weight": 0.005714}, {"source": 38, "target": 123, "weight": 0.017685}, {"source": 38, "target": 124, "weight": 0.01105}, {"source": 38, "target": 75, "weight": 0.004587}, {"source": 38, "target": 128, "weight": 0.005102}, {"source": 38, "target": 79, "weight": 0.016667}, {"source": 38, "target": 80, "weight": 0.00995}, {"source": 38, "target": 166, "weight": 0.005263}, {"source": 38, "target": 182, "weight": 0.005882}, {"source": 39, "target": 123, "weight": 0.011321}, {"source": 39, "target": 140, "weight": 0.382716}, {"source": 39, "target": 127, "weight": 0.007299}, {"source": 39, "target": 106, "weight": 0.010417}, {"source": 39, "target": 160, "weight": 0.006803}, {"source": 39, "target": 95, "weight": 0.004237}, {"source": 39, "target": 144, "weight": 0.006711}, {"source": 39, "target": 96, "weight": 0.007407}, {"source": 39, "target": 67, "weight": 0.007813}, {"source": 39, "target": 165, "weight": 0.008475}, {"source": 39, "target": 121, "weight": 0.010526}, {"source": 39, "target": 158, "weight": 0.00885}, {"source": 39, "target": 71, "weight": 0.031532}, {"source": 39, "target": 122, "weight": 0.008955}, {"source": 39, "target": 102, "weight": 0.004525}, {"source": 39, "target": 49, "weight": 0.022989}, {"source": 40, "target": 75, "weight": 0.009174}, {"source": 40, "target": 69, "weight": 0.009434}, {"source": 40, "target": 92, "weight": 0.014085}, {"source": 40, "target": 101, "weight": 0.014493}, {"source": 40, "target": 128, "weight": 0.011494}, {"source": 40, "target": 94, "weight": 0.035088}, {"source": 40, "target": 95, "weight": 0.004464}, {"source": 40, "target": 181, "weight": 0.010753}, {"source": 40, "target": 96, "weight": 0.003861}, {"source": 40, "target": 167, "weight": 0.021277}, {"source": 40, "target": 156, "weight": 0.017241}, {"source": 40, "target": 154, "weight": 0.068627}, {"source": 40, "target": 59, "weight": 0.012048}, {"source": 40, "target": 149, "weight": 0.005882}, {"source": 40, "target": 122, "weight": 0.003077}, {"source": 40, "target": 134, "weight": 0.015625}, {"source": 40, "target": 183, "weight": 0.014634}, {"source": 40, "target": 161, "weight": 0.007246}, {"source": 41, "target": 90, "weight": 0.103448}, {"source": 41, "target": 149, "weight": 0.128205}, {"source": 41, "target": 146, "weight": 0.018692}, {"source": 41, "target": 111, "weight": 0.035088}, {"source": 41, "target": 74, "weight": 0.039474}, {"source": 41, "target": 122, "weight": 0.003497}, {"source": 41, "target": 123, "weight": 0.002066}, {"source": 41, "target": 102, "weight": 0.011834}, {"source": 42, "target": 90, "weight": 0.014925}, {"source": 42, "target": 150, "weight": 0.010989}, {"source": 42, "target": 115, "weight": 0.008621}, {"source": 42, "target": 106, "weight": 0.012346}, {"source": 42, "target": 144, "weight": 0.007463}, {"source": 42, "target": 156, "weight": 0.018182}, {"source": 42, "target": 46, "weight": 0.078125}, {"source": 42, "target": 123, "weight": 0.005792}, {"source": 42, "target": 74, "weight": 0.008772}, {"source": 42, "target": 179, "weight": 0.014706}, {"source": 43, "target": 125, "weight": 0.012195}, {"source": 43, "target": 180, "weight": 0.052632}, {"source": 43, "target": 94, "weight": 0.232143}, {"source": 43, "target": 177, "weight": 0.021739}, {"source": 43, "target": 120, "weight": 0.01087}, {"source": 43, "target": 121, "weight": 0.009709}, {"source": 43, "target": 44, "weight": 0.009901}, {"source": 43, "target": 154, "weight": 0.04878}, {"source": 43, "target": 123, "weight": 0.00369}, {"source": 43, "target": 183, "weight": 0.470968}, {"source": 43, "target": 157, "weight": 0.009615}, {"source": 44, "target": 136, "weight": 0.019608}, {"source": 44, "target": 128, "weight": 0.016949}, {"source": 44, "target": 145, "weight": 0.008475}, {"source": 44, "target": 80, "weight": 0.015385}, {"source": 44, "target": 94, "weight": 0.011236}, {"source": 44, "target": 177, "weight": 0.022222}, {"source": 44, "target": 96, "weight": 0.004329}, {"source": 44, "target": 183, "weight": 0.011236}, {"source": 44, "target": 71, "weight": 0.005319}, {"source": 44, "target": 122, "weight": 0.003367}, {"source": 44, "target": 149, "weight": 0.007042}, {"source": 44, "target": 102, "weight": 0.005525}, {"source": 44, "target": 69, "weight": 0.012821}, {"source": 45, "target": 136, "weight": 0.017241}, {"source": 45, "target": 104, "weight": 0.008621}, {"source": 45, "target": 76, "weight": 0.012987}, {"source": 45, "target": 144, "weight": 0.035398}, {"source": 46, "target": 148, "weight": 0.025641}, {"source": 46, "target": 156, "weight": 0.05}, {"source": 46, "target": 114, "weight": 0.02381}, {"source": 47, "target": 106, "weight": 0.012658}, {"source": 47, "target": 85, "weight": 0.013514}, {"source": 47, "target": 123, "weight": 0.009728}, {"source": 47, "target": 132, "weight": 0.007194}, {"source": 48, "target": 104, "weight": 0.008197}, {"source": 48, "target": 108, "weight": 0.015625}, {"source": 48, "target": 174, "weight": 0.017857}, {"source": 48, "target": 65, "weight": 0.007692}, {"source": 48, "target": 119, "weight": 0.011494}, {"source": 48, "target": 95, "weight": 0.004785}, {"source": 48, "target": 102, "weight": 0.005155}, {"source": 48, "target": 59, "weight": 0.014706}, {"source": 48, "target": 73, "weight": 0.014925}, {"source": 48, "target": 56, "weight": 0.017544}, {"source": 48, "target": 77, "weight": 0.01227}, {"source": 49, "target": 79, "weight": 0.02}, {"source": 49, "target": 140, "weight": 0.030769}, {"source": 50, "target": 104, "weight": 0.010204}, {"source": 50, "target": 141, "weight": 0.282609}, {"source": 50, "target": 155, "weight": 0.005051}, {"source": 50, "target": 101, "weight": 0.033333}, {"source": 50, "target": 113, "weight": 0.764706}, {"source": 51, "target": 145, "weight": 0.033333}, {"source": 51, "target": 127, "weight": 0.006098}, {"source": 51, "target": 77, "weight": 0.018605}, {"source": 51, "target": 174, "weight": 0.018349}, {"source": 51, "target": 115, "weight": 0.019231}, {"source": 51, "target": 141, "weight": 0.014815}, {"source": 51, "target": 57, "weight": 0.901961}, {"source": 51, "target": 109, "weight": 0.006135}, {"source": 51, "target": 126, "weight": 0.006803}, {"source": 51, "target": 96, "weight": 0.003356}, {"source": 51, "target": 155, "weight": 0.003623}, {"source": 51, "target": 84, "weight": 0.012739}, {"source": 51, "target": 143, "weight": 0.315789}, {"source": 51, "target": 58, "weight": 0.019737}, {"source": 51, "target": 133, "weight": 0.336842}, {"source": 51, "target": 142, "weight": 0.00641}, {"source": 51, "target": 132, "weight": 0.005464}, {"source": 52, "target": 145, "weight": 0.007874}, {"source": 52, "target": 89, "weight": 0.351351}, {"source": 52, "target": 57, "weight": 0.007407}, {"source": 53, "target": 96, "weight": 0.009132}, {"source": 53, "target": 131, "weight": 0.030303}, {"source": 53, "target": 145, "weight": 0.009346}, {"source": 54, "target": 75, "weight": 0.025316}, {"source": 54, "target": 126, "weight": 0.454545}, {"source": 54, "target": 80, "weight": 0.031746}, {"source": 54, "target": 69, "weight": 0.026316}, {"source": 55, "target": 79, "weight": 0.009174}, {"source": 55, "target": 80, "weight": 0.014706}, {"source": 55, "target": 96, "weight": 0.004274}, {"source": 55, "target": 155, "weight": 0.004717}, {"source": 55, "target": 69, "weight": 0.012346}, {"source": 55, "target": 123, "weight": 0.002008}, {"source": 55, "target": 132, "weight": 0.008403}, {"source": 56, "target": 123, "weight": 0.002058}, {"source": 56, "target": 174, "weight": 0.029412}, {"source": 57, "target": 174, "weight": 0.017391}, {"source": 57, "target": 115, "weight": 0.018519}, {"source": 57, "target": 141, "weight": 0.014184}, {"source": 57, "target": 126, "weight": 0.006536}, {"source": 57, "target": 155, "weight": 0.003546}, {"source": 57, "target": 84, "weight": 0.01227}, {"source": 57, "target": 183, "weight": 0.003968}, {"source": 57, "target": 133, "weight": 0.316832}, {"source": 57, "target": 142, "weight": 0.006173}, {"source": 57, "target": 132, "weight": 0.005291}, {"source": 57, "target": 77, "weight": 0.0181}, {"source": 58, "target": 76, "weight": 0.009615}, {"source": 58, "target": 115, "weight": 0.067797}, {"source": 58, "target": 142, "weight": 0.00813}, {"source": 58, "target": 82, "weight": 0.4}, {"source": 58, "target": 121, "weight": 0.011236}, {"source": 58, "target": 170, "weight": 0.040816}, {"source": 58, "target": 133, "weight": 0.032967}, {"source": 58, "target": 148, "weight": 0.012048}, {"source": 59, "target": 104, "weight": 0.009009}, {"source": 59, "target": 62, "weight": 0.02381}, {"source": 59, "target": 108, "weight": 0.058824}, {"source": 59, "target": 65, "weight": 0.008403}, {"source": 59, "target": 71, "weight": 0.005263}, {"source": 59, "target": 94, "weight": 0.010989}, {"source": 59, "target": 155, "weight": 0.004739}, {"source": 59, "target": 154, "weight": 0.012195}, {"source": 59, "target": 158, "weight": 0.010638}, {"source": 59, "target": 123, "weight": 0.002012}, {"source": 59, "target": 100, "weight": 0.016393}, {"source": 59, "target": 102, "weight": 0.005464}, {"source": 60, "target": 67, "weight": 0.013514}, {"source": 60, "target": 168, "weight": 0.357143}, {"source": 60, "target": 147, "weight": 0.032258}, {"source": 60, "target": 122, "weight": 0.007092}, {"source": 60, "target": 123, "weight": 0.004167}, {"source": 61, "target": 162, "weight": 0.011364}, {"source": 61, "target": 136, "weight": 0.013514}, {"source": 61, "target": 123, "weight": 0.001931}, {"source": 61, "target": 63, "weight": 0.015152}, {"source": 61, "target": 79, "weight": 0.023622}, {"source": 61, "target": 144, "weight": 0.007576}, {"source": 61, "target": 132, "weight": 0.007194}, {"source": 61, "target": 183, "weight": 0.015}, {"source": 61, "target": 100, "weight": 0.012195}, {"source": 61, "target": 157, "weight": 0.012658}, {"source": 62, "target": 90, "weight": 0.034483}, {"source": 62, "target": 123, "weight": 0.002075}, {"source": 62, "target": 155, "weight": 0.005102}, {"source": 63, "target": 123, "weight": 0.002062}, {"source": 63, "target": 100, "weight": 0.020408}, {"source": 63, "target": 158, "weight": 0.00565}, {"source": 64, "target": 144, "weight": 0.022472}, {"source": 65, "target": 150, "weight": 0.039683}, {"source": 65, "target": 75, "weight": 0.006897}, {"source": 65, "target": 104, "weight": 0.011628}, {"source": 65, "target": 77, "weight": 0.014085}, {"source": 65, "target": 155, "weight": 0.007353}, {"source": 65, "target": 69, "weight": 0.007042}, {"source": 65, "target": 179, "weight": 0.009346}, {"source": 65, "target": 100, "weight": 0.00813}, {"source": 65, "target": 74, "weight": 0.013158}, {"source": 66, "target": 127, "weight": 0.011236}, {"source": 66, "target": 170, "weight": 0.016949}, {"source": 66, "target": 123, "weight": 0.002053}, {"source": 67, "target": 144, "weight": 0.006944}, {"source": 67, "target": 94, "weight": 0.008065}, {"source": 67, "target": 183, "weight": 0.004673}, {"source": 67, "target": 123, "weight": 0.011429}, {"source": 67, "target": 100, "weight": 0.021505}, {"source": 67, "target": 132, "weight": 0.006623}, {"source": 68, "target": 155, "weight": 0.020619}, {"source": 68, "target": 132, "weight": 0.009615}, {"source": 69, "target": 126, "weight": 0.039216}, {"source": 69, "target": 96, "weight": 0.003906}, {"source": 69, "target": 102, "weight": 0.004854}, {"source": 69, "target": 104, "weight": 0.007463}, {"source": 69, "target": 154, "weight": 0.009524}, {"source": 69, "target": 158, "weight": 0.004717}, {"source": 69, "target": 86, "weight": 0.011364}, {"source": 69, "target": 71, "weight": 0.004695}, {"source": 69, "target": 171, "weight": 0.013333}, {"source": 69, "target": 75, "weight": 0.38961}, {"source": 69, "target": 175, "weight": 0.015152}, {"source": 69, "target": 80, "weight": 0.716981}, {"source": 69, "target": 95, "weight": 0.004525}, {"source": 69, "target": 84, "weight": 0.008621}, {"source": 70, "target": 138, "weight": 0.025316}, {"source": 70, "target": 129, "weight": 0.061856}, {"source": 70, "target": 109, "weight": 0.057851}, {"source": 70, "target": 119, "weight": 0.037433}, {"source": 70, "target": 82, "weight": 0.006667}, {"source": 70, "target": 155, "weight": 0.016878}, {"source": 70, "target": 169, "weight": 0.009901}, {"source": 70, "target": 122, "weight": 0.003049}, {"source": 70, "target": 124, "weight": 0.013158}, {"source": 71, "target": 104, "weight": 0.004098}, {"source": 71, "target": 123, "weight": 0.017742}, {"source": 71, "target": 140, "weight": 0.040201}, {"source": 71, "target": 79, "weight": 0.008333}, {"source": 71, "target": 80, "weight": 0.005}, {"source": 71, "target": 163, "weight": 0.00578}, {"source": 71, "target": 154, "weight": 0.004651}, {"source": 71, "target": 144, "weight": 0.004098}, {"source": 71, "target": 183, "weight": 0.00639}, {"source": 71, "target": 167, "weight": 0.00495}, {"source": 71, "target": 130, "weight": 0.004651}, {"source": 71, "target": 94, "weight": 0.004464}, {"source": 71, "target": 100, "weight": 0.059783}, {"source": 72, "target": 107, "weight": 0.017544}, {"source": 72, "target": 127, "weight": 0.012195}, {"source": 72, "target": 149, "weight": 0.007874}, {"source": 72, "target": 102, "weight": 0.006024}, {"source": 74, "target": 90, "weight": 0.012821}, {"source": 74, "target": 95, "weight": 0.00431}, {"source": 74, "target": 96, "weight": 0.003745}, {"source": 74, "target": 97, "weight": 0.009804}, {"source": 74, "target": 149, "weight": 0.022857}, {"source": 74, "target": 102, "weight": 0.004608}, {"source": 74, "target": 151, "weight": 0.010101}, {"source": 74, "target": 111, "weight": 0.019231}, {"source": 74, "target": 119, "weight": 0.005051}, {"source": 74, "target": 123, "weight": 0.001883}, {"source": 74, "target": 77, "weight": 0.010753}, {"source": 74, "target": 129, "weight": 0.009346}, {"source": 74, "target": 82, "weight": 0.012987}, {"source": 74, "target": 146, "weight": 0.006452}, {"source": 74, "target": 88, "weight": 0.004464}, {"source": 75, "target": 104, "weight": 0.007299}, {"source": 75, "target": 171, "weight": 0.012821}, {"source": 75, "target": 167, "weight": 0.010526}, {"source": 75, "target": 154, "weight": 0.009259}, {"source": 75, "target": 95, "weight": 0.004464}, {"source": 75, "target": 126, "weight": 0.038095}, {"source": 75, "target": 96, "weight": 0.003861}, {"source": 75, "target": 130, "weight": 0.009259}, {"source": 75, "target": 86, "weight": 0.010989}, {"source": 75, "target": 172, "weight": 0.111111}, {"source": 75, "target": 158, "weight": 0.004651}, {"source": 75, "target": 80, "weight": 0.220779}, {"source": 75, "target": 122, "weight": 0.003077}, {"source": 75, "target": 102, "weight": 0.009615}, {"source": 75, "target": 84, "weight": 0.016949}, {"source": 76, "target": 137, "weight": 0.014286}, {"source": 76, "target": 107, "weight": 0.011236}, {"source": 76, "target": 149, "weight": 0.006289}, {"source": 76, "target": 82, "weight": 0.007353}, {"source": 76, "target": 145, "weight": 0.007407}, {"source": 76, "target": 120, "weight": 0.016393}, {"source": 76, "target": 183, "weight": 0.005102}, {"source": 76, "target": 85, "weight": 0.014706}, {"source": 76, "target": 123, "weight": 0.001953}, {"source": 76, "target": 88, "weight": 0.004878}, {"source": 76, "target": 176, "weight": 0.011765}, {"source": 77, "target": 145, "weight": 0.009302}, {"source": 77, "target": 160, "weight": 0.009804}, {"source": 77, "target": 81, "weight": 0.015152}, {"source": 77, "target": 96, "weight": 0.006098}, {"source": 77, "target": 146, "weight": 0.023474}, {"source": 77, "target": 111, "weight": 0.012048}, {"source": 77, "target": 84, "weight": 0.010638}, {"source": 77, "target": 169, "weight": 0.005952}, {"source": 77, "target": 102, "weight": 0.018182}, {"source": 78, "target": 162, "weight": 0.016667}, {"source": 78, "target": 183, "weight": 0.005747}, {"source": 78, "target": 94, "weight": 0.011905}, {"source": 79, "target": 163, "weight": 0.010989}, {"source": 79, "target": 123, "weight": 0.001825}, {"source": 79, "target": 116, "weight": 0.008929}, {"source": 79, "target": 93, "weight": 0.02381}, {"source": 79, "target": 96, "weight": 0.003521}, {"source": 79, "target": 165, "weight": 0.007634}, {"source": 79, "target": 127, "weight": 0.02027}, {"source": 79, "target": 161, "weight": 0.006135}, {"source": 80, "target": 175, "weight": 0.018868}, {"source": 80, "target": 126, "weight": 0.044944}, {"source": 80, "target": 171, "weight": 0.016129}, {"source": 82, "target": 142, "weight": 0.019608}, {"source": 82, "target": 147, "weight": 0.006993}, {"source": 82, "target": 138, "weight": 0.017544}, {"source": 82, "target": 122, "weight": 0.002755}, {"source": 82, "target": 109, "weight": 0.012422}, {"source": 82, "target": 155, "weight": 0.003636}, {"source": 82, "target": 115, "weight": 0.060403}, {"source": 82, "target": 119, "weight": 0.060185}, {"source": 82, "target": 121, "weight": 0.008264}, {"source": 82, "target": 170, "weight": 0.055118}, {"source": 82, "target": 129, "weight": 0.037594}, {"source": 82, "target": 88, "weight": 0.007905}, {"source": 83, "target": 136, "weight": 0.02381}, {"source": 84, "target": 104, "weight": 0.006803}, {"source": 84, "target": 158, "weight": 0.004444}, {"source": 84, "target": 119, "weight": 0.01005}, {"source": 84, "target": 95, "weight": 0.026201}, {"source": 84, "target": 155, "weight": 0.004049}, {"source": 84, "target": 86, "weight": 0.009901}, {"source": 84, "target": 97, "weight": 0.039604}, {"source": 84, "target": 143, "weight": 0.010526}, {"source": 84, "target": 169, "weight": 0.009259}, {"source": 84, "target": 133, "weight": 0.010309}, {"source": 84, "target": 183, "weight": 0.004608}, {"source": 85, "target": 96, "weight": 0.004367}, {"source": 85, "target": 147, "weight": 0.013333}, {"source": 85, "target": 123, "weight": 0.010225}, {"source": 85, "target": 132, "weight": 0.008772}, {"source": 86, "target": 104, "weight": 0.008403}, {"source": 87, "target": 104, "weight": 0.010989}, {"source": 88, "target": 123, "weight": 0.029364}, {"source": 88, "target": 106, "weight": 0.010526}, {"source": 88, "target": 157, "weight": 0.005236}, {"source": 88, "target": 94, "weight": 0.004464}, {"source": 88, "target": 183, "weight": 0.003185}, {"source": 88, "target": 121, "weight": 0.015957}, {"source": 88, "target": 180, "weight": 0.010811}, {"source": 88, "target": 147, "weight": 0.004717}, {"source": 88, "target": 142, "weight": 0.004464}, {"source": 88, "target": 132, "weight": 0.016129}, {"source": 90, "target": 96, "weight": 0.004545}, {"source": 90, "target": 111, "weight": 0.017241}, {"source": 90, "target": 149, "weight": 0.023256}, {"source": 90, "target": 146, "weight": 0.009259}, {"source": 90, "target": 102, "weight": 0.005882}, {"source": 91, "target": 148, "weight": 0.030303}, {"source": 91, "target": 152, "weight": 0.033333}, {"source": 91, "target": 95, "weight": 0.005556}, {"source": 94, "target": 144, "weight": 0.006897}, {"source": 94, "target": 167, "weight": 0.009709}, {"source": 94, "target": 154, "weight": 0.409639}, {"source": 94, "target": 177, "weight": 0.051282}, {"source": 94, "target": 145, "weight": 0.033333}, {"source": 94, "target": 120, "weight": 0.0125}, {"source": 94, "target": 156, "weight": 0.015152}, {"source": 94, "target": 158, "weight": 0.004484}, {"source": 94, "target": 180, "weight": 0.060241}, {"source": 94, "target": 183, "weight": 0.15508}, {"source": 94, "target": 157, "weight": 0.01087}, {"source": 95, "target": 140, "weight": 0.004673}, {"source": 95, "target": 98, "weight": 0.005319}, {"source": 95, "target": 147, "weight": 0.004545}, {"source": 95, "target": 148, "weight": 0.005208}, {"source": 95, "target": 155, "weight": 0.002841}, {"source": 95, "target": 125, "weight": 0.00565}, {"source": 95, "target": 170, "weight": 0.004762}, {"source": 95, "target": 123, "weight": 0.0224}, {"source": 95, "target": 183, "weight": 0.003106}, {"source": 96, "target": 144, "weight": 0.006993}, {"source": 96, "target": 100, "weight": 0.008475}, {"source": 96, "target": 154, "weight": 0.003876}, {"source": 96, "target": 157, "weight": 0.004274}, {"source": 96, "target": 132, "weight": 0.003401}, {"source": 96, "target": 121, "weight": 0.008621}, {"source": 96, "target": 123, "weight": 0.019667}, {"source": 96, "target": 126, "weight": 0.011719}, {"source": 96, "target": 183, "weight": 0.002801}, {"source": 97, "target": 155, "weight": 0.004505}, {"source": 98, "target": 142, "weight": 0.037975}, {"source": 98, "target": 118, "weight": 0.65}, {"source": 98, "target": 119, "weight": 0.013072}, {"source": 98, "target": 147, "weight": 0.044776}, {"source": 98, "target": 122, "weight": 0.010453}, {"source": 98, "target": 182, "weight": 0.083333}, {"source": 98, "target": 159, "weight": 0.7}, {"source": 99, "target": 142, "weight": 0.014493}, {"source": 100, "target": 104, "weight": 0.008696}, {"source": 100, "target": 140, "weight": 0.012987}, {"source": 100, "target": 166, "weight": 0.052632}, {"source": 100, "target": 158, "weight": 0.065934}, {"source": 100, "target": 149, "weight": 0.013605}, {"source": 100, "target": 122, "weight": 0.0033}, {"source": 100, "target": 102, "weight": 0.005348}, {"source": 101, "target": 141, "weight": 0.017544}, {"source": 102, "target": 136, "weight": 0.005587}, {"source": 102, "target": 142, "weight": 0.004608}, {"source": 102, "target": 147, "weight": 0.009804}, {"source": 102, "target": 150, "weight": 0.031746}, {"source": 102, "target": 104, "weight": 0.008475}, {"source": 102, "target": 106, "weight": 0.005435}, {"source": 102, "target": 155, "weight": 0.008955}, {"source": 102, "target": 179, "weight": 0.005848}, {"source": 102, "target": 169, "weight": 0.010152}, {"source": 102, "target": 123, "weight": 0.001605}, {"source": 103, "target": 154, "weight": 0.016667}, {"source": 104, "target": 136, "weight": 0.009346}, {"source": 104, "target": 141, "weight": 0.008}, {"source": 104, "target": 126, "weight": 0.007353}, {"source": 104, "target": 149, "weight": 0.010152}, {"source": 104, "target": 151, "weight": 0.008403}, {"source": 104, "target": 155, "weight": 0.003774}, {"source": 104, "target": 113, "weight": 0.010417}, {"source": 104, "target": 158, "weight": 0.178744}, {"source": 104, "target": 166, "weight": 0.009174}, {"source": 104, "target": 123, "weight": 0.001815}, {"source": 105, "target": 144, "weight": 0.009804}, {"source": 105, "target": 130, "weight": 0.027778}, {"source": 106, "target": 116, "weight": 0.016129}, {"source": 106, "target": 130, "weight": 0.012048}, {"source": 106, "target": 127, "weight": 0.030612}, {"source": 106, "target": 172, "weight": 0.015625}, {"source": 106, "target": 123, "weight": 0.010121}, {"source": 106, "target": 132, "weight": 0.008403}, {"source": 107, "target": 147, "weight": 0.021053}, {"source": 107, "target": 123, "weight": 0.005859}, {"source": 109, "target": 115, "weight": 0.007463}, {"source": 109, "target": 144, "weight": 0.006579}, {"source": 109, "target": 155, "weight": 0.003968}, {"source": 109, "target": 138, "weight": 0.01087}, {"source": 109, "target": 170, "weight": 0.009091}, {"source": 109, "target": 148, "weight": 0.01087}, {"source": 110, "target": 155, "weight": 0.005155}, {"source": 111, "target": 150, "weight": 0.0375}, {"source": 111, "target": 155, "weight": 0.008929}, {"source": 111, "target": 169, "weight": 0.023529}, {"source": 111, "target": 123, "weight": 0.001957}, {"source": 111, "target": 183, "weight": 0.005128}, {"source": 112, "target": 142, "weight": 0.012195}, {"source": 112, "target": 119, "weight": 0.006452}, {"source": 113, "target": 141, "weight": 0.295455}, {"source": 113, "target": 155, "weight": 0.005102}, {"source": 114, "target": 150, "weight": 0.015385}, {"source": 115, "target": 141, "weight": 0.009346}, {"source": 115, "target": 142, "weight": 0.007874}, {"source": 115, "target": 119, "weight": 0.005}, {"source": 115, "target": 145, "weight": 0.00641}, {"source": 115, "target": 155, "weight": 0.00813}, {"source": 115, "target": 143, "weight": 0.032258}, {"source": 115, "target": 148, "weight": 0.011494}, {"source": 115, "target": 133, "weight": 0.031579}, {"source": 116, "target": 163, "weight": 0.323529}, {"source": 116, "target": 123, "weight": 0.001996}, {"source": 117, "target": 123, "weight": 0.007984}, {"source": 118, "target": 142, "weight": 0.026667}, {"source": 118, "target": 119, "weight": 0.013514}, {"source": 118, "target": 147, "weight": 0.015625}, {"source": 118, "target": 159, "weight": 0.8125}, {"source": 119, "target": 142, "weight": 0.105556}, {"source": 119, "target": 147, "weight": 0.005376}, {"source": 119, "target": 138, "weight": 0.160584}, {"source": 119, "target": 159, "weight": 0.013423}, {"source": 119, "target": 155, "weight": 0.015924}, {"source": 119, "target": 170, "weight": 0.011429}, {"source": 119, "target": 123, "weight": 0.001656}, {"source": 119, "target": 183, "weight": 0.003472}, {"source": 120, "target": 154, "weight": 0.014085}, {"source": 120, "target": 183, "weight": 0.011834}, {"source": 121, "target": 176, "weight": 0.028986}, {"source": 121, "target": 123, "weight": 0.002012}, {"source": 121, "target": 183, "weight": 0.005525}, {"source": 122, "target": 140, "weight": 0.006369}, {"source": 122, "target": 144, "weight": 0.005682}, {"source": 122, "target": 147, "weight": 0.018987}, {"source": 122, "target": 148, "weight": 0.003413}, {"source": 122, "target": 159, "weight": 0.003509}, {"source": 122, "target": 123, "weight": 0.040788}, {"source": 122, "target": 132, "weight": 0.002778}, {"source": 122, "target": 125, "weight": 0.018248}, {"source": 122, "target": 167, "weight": 0.003215}, {"source": 122, "target": 152, "weight": 0.003448}, {"source": 122, "target": 170, "weight": 0.003215}, {"source": 122, "target": 183, "weight": 0.004739}, {"source": 123, "target": 162, "weight": 0.003953}, {"source": 123, "target": 140, "weight": 0.011811}, {"source": 123, "target": 144, "weight": 0.005464}, {"source": 123, "target": 147, "weight": 0.005803}, {"source": 123, "target": 149, "weight": 0.010363}, {"source": 123, "target": 151, "weight": 0.00998}, {"source": 123, "target": 152, "weight": 0.004107}, {"source": 123, "target": 153, "weight": 0.00404}, {"source": 123, "target": 182, "weight": 0.002105}, {"source": 123, "target": 154, "weight": 0.001916}, {"source": 123, "target": 155, "weight": 0.003077}, {"source": 123, "target": 158, "weight": 0.008}, {"source": 123, "target": 172, "weight": 0.003984}, {"source": 123, "target": 165, "weight": 0.01165}, {"source": 123, "target": 166, "weight": 0.00202}, {"source": 123, "target": 168, "weight": 0.00211}, {"source": 123, "target": 125, "weight": 0.002101}, {"source": 123, "target": 127, "weight": 0.042471}, {"source": 123, "target": 128, "weight": 0.006012}, {"source": 123, "target": 176, "weight": 0.009881}, {"source": 123, "target": 130, "weight": 0.001916}, {"source": 123, "target": 132, "weight": 0.016364}, {"source": 123, "target": 180, "weight": 0.002028}, {"source": 123, "target": 161, "weight": 0.010969}, {"source": 123, "target": 183, "weight": 0.006472}, {"source": 125, "target": 183, "weight": 0.00625}, {"source": 125, "target": 161, "weight": 0.010989}, {"source": 126, "target": 174, "weight": 0.014286}, {"source": 126, "target": 151, "weight": 0.011111}, {"source": 126, "target": 158, "weight": 0.004673}, {"source": 126, "target": 171, "weight": 0.147059}, {"source": 127, "target": 150, "weight": 0.009091}, {"source": 127, "target": 163, "weight": 0.012195}, {"source": 127, "target": 142, "weight": 0.015152}, {"source": 127, "target": 130, "weight": 0.008065}, {"source": 127, "target": 132, "weight": 0.012579}, {"source": 129, "target": 138, "weight": 0.478261}, {"source": 129, "target": 142, "weight": 0.038462}, {"source": 129, "target": 155, "weight": 0.013333}, {"source": 129, "target": 170, "weight": 0.011765}, {"source": 130, "target": 150, "weight": 0.010753}, {"source": 130, "target": 149, "weight": 0.005917}, {"source": 130, "target": 175, "weight": 0.029851}, {"source": 130, "target": 172, "weight": 0.011364}, {"source": 130, "target": 158, "weight": 0.004673}, {"source": 130, "target": 180, "weight": 0.012821}, {"source": 130, "target": 160, "weight": 0.007463}, {"source": 130, "target": 132, "weight": 0.006993}, {"source": 131, "target": 145, "weight": 0.009174}, {"source": 131, "target": 155, "weight": 0.005}, {"source": 132, "target": 142, "weight": 0.006579}, {"source": 132, "target": 144, "weight": 0.011696}, {"source": 132, "target": 143, "weight": 0.008333}, {"source": 132, "target": 149, "weight": 0.004878}, {"source": 132, "target": 155, "weight": 0.003676}, {"source": 132, "target": 133, "weight": 0.008197}, {"source": 133, "target": 141, "weight": 0.013333}, {"source": 133, "target": 143, "weight": 0.882353}, {"source": 133, "target": 145, "weight": 0.041667}, {"source": 133, "target": 155, "weight": 0.004651}, {"source": 134, "target": 161, "weight": 0.010753}, {"source": 135, "target": 180, "weight": 0.046512}, {"source": 136, "target": 181, "weight": 0.015873}, {"source": 136, "target": 149, "weight": 0.007143}, {"source": 136, "target": 144, "weight": 0.009346}, {"source": 136, "target": 158, "weight": 0.005405}, {"source": 136, "target": 148, "weight": 0.021277}, {"source": 136, "target": 183, "weight": 0.00565}, {"source": 138, "target": 142, "weight": 0.036145}, {"source": 138, "target": 155, "weight": 0.009804}, {"source": 138, "target": 170, "weight": 0.015873}, {"source": 139, "target": 155, "weight": 0.020513}, {"source": 140, "target": 160, "weight": 0.008}, {"source": 140, "target": 158, "weight": 0.009804}, {"source": 141, "target": 155, "weight": 0.008929}, {"source": 141, "target": 143, "weight": 0.013699}, {"source": 142, "target": 147, "weight": 0.128713}, {"source": 142, "target": 159, "weight": 0.026316}, {"source": 142, "target": 149, "weight": 0.005618}, {"source": 142, "target": 153, "weight": 0.045977}, {"source": 142, "target": 182, "weight": 0.014493}, {"source": 142, "target": 158, "weight": 0.004484}, {"source": 142, "target": 164, "weight": 0.014493}, {"source": 142, "target": 166, "weight": 0.011236}, {"source": 142, "target": 170, "weight": 0.009709}, {"source": 144, "target": 154, "weight": 0.007353}, {"source": 144, "target": 149, "weight": 0.005051}, {"source": 144, "target": 155, "weight": 0.003774}, {"source": 144, "target": 161, "weight": 0.070513}, {"source": 144, "target": 162, "weight": 0.008264}, {"source": 144, "target": 165, "weight": 0.015038}, {"source": 145, "target": 152, "weight": 0.009009}, {"source": 145, "target": 180, "weight": 0.008621}, {"source": 145, "target": 155, "weight": 0.018519}, {"source": 145, "target": 167, "weight": 0.007576}, {"source": 145, "target": 154, "weight": 0.006897}, {"source": 145, "target": 169, "weight": 0.038168}, {"source": 145, "target": 183, "weight": 0.060606}, {"source": 145, "target": 157, "weight": 0.008264}, {"source": 146, "target": 150, "weight": 0.047244}, {"source": 146, "target": 155, "weight": 0.010989}, {"source": 146, "target": 169, "weight": 0.014815}, {"source": 146, "target": 179, "weight": 0.009174}, {"source": 147, "target": 149, "weight": 0.006024}, {"source": 147, "target": 159, "weight": 0.015385}, {"source": 147, "target": 153, "weight": 0.053333}, {"source": 147, "target": 164, "weight": 0.017544}, {"source": 147, "target": 182, "weight": 0.115385}, {"source": 149, "target": 150, "weight": 0.006452}, {"source": 149, "target": 170, "weight": 0.00641}, {"source": 149, "target": 155, "weight": 0.003356}, {"source": 149, "target": 179, "weight": 0.007576}, {"source": 149, "target": 162, "weight": 0.006494}, {"source": 149, "target": 183, "weight": 0.011278}, {"source": 150, "target": 162, "weight": 0.012821}, {"source": 152, "target": 176, "weight": 0.016393}, {"source": 152, "target": 181, "weight": 0.017241}, {"source": 153, "target": 170, "weight": 0.014706}, {"source": 154, "target": 177, "weight": 0.042857}, {"source": 154, "target": 156, "weight": 0.017544}, {"source": 154, "target": 158, "weight": 0.004673}, {"source": 154, "target": 167, "weight": 0.010638}, {"source": 154, "target": 183, "weight": 0.072539}, {"source": 155, "target": 158, "weight": 0.002915}, {"source": 155, "target": 169, "weight": 0.080952}, {"source": 155, "target": 183, "weight": 0.002985}, {"source": 156, "target": 167, "weight": 0.022727}, {"source": 156, "target": 183, "weight": 0.00641}, {"source": 157, "target": 171, "weight": 0.018868}, {"source": 157, "target": 180, "weight": 0.037736}, {"source": 157, "target": 183, "weight": 0.005495}, {"source": 158, "target": 167, "weight": 0.004975}, {"source": 158, "target": 183, "weight": 0.003195}, {"source": 160, "target": 183, "weight": 0.004292}, {"source": 161, "target": 162, "weight": 0.008197}, {"source": 161, "target": 167, "weight": 0.01626}, {"source": 162, "target": 167, "weight": 0.052632}, {"source": 162, "target": 170, "weight": 0.012658}, {"source": 165, "target": 183, "weight": 0.004902}, {"source": 166, "target": 169, "weight": 0.014286}, {"source": 167, "target": 183, "weight": 0.005181}, {"source": 167, "target": 172, "weight": 0.013333}, {"source": 173, "target": 178, "weight": 0.363636}, {"source": 177, "target": 180, "weight": 0.023256}, {"source": 177, "target": 183, "weight": 0.011765}, {"source": 180, "target": 183, "weight": 0.028902}], "multigraph": false}