{"directed": false, "graph": {}, "nodes": [{"group": 0, "id": "hunchback", "degree": 3}, {"group": 1, "id": "hulking", "degree": 3}, {"group": 2, "id": "hunt"}, {"group": 3, "id": "humid"}, {"group": 2, "id": "hunch", "degree": 19}, {"group": 0, "id": "humiliation"}, {"group": 1, "id": "humorless"}, {"group": 1, "id": "humorous"}, {"group": 0, "id": "humdrum", "degree": 3}, {"group": 5, "id": "humility", "degree": 2}, {"group": 6, "id": "hunched", "degree": 2}, {"group": 2, "id": "hurried", "degree": 4}, {"group": 3, "id": "humanoid"}, {"group": 0, "id": "hush", "degree": 9}, {"group": 5, "id": "hussy", "degree": 1}, {"group": 1, "id": "huffy", "degree": 4}, {"group": 2, "id": "hurdle", "degree": 14}, {"group": 3, "id": "human"}, {"group": 0, "id": "humming", "degree": 1}, {"group": 2, "id": "hummock", "degree": 5}, {"group": 7, "id": "huzzah", "degree": 1}, {"group": 2, "id": "hunter", "degree": 6}, {"group": 5, "id": "hustler"}, {"group": 1, "id": "huge"}, {"group": 3, "id": "humor", "degree": 12}, {"group": 1, "id": "hunting"}, {"group": 0, "id": "hushed"}, {"group": 2, "id": "hump"}, {"group": 4, "id": "hunger"}, {"group": 0, "id": "hurricane"}, {"group": 1, "id": "humoral", "degree": 1}, {"group": 2, "id": "hurriedness"}, {"group": 0, "id": "hubbub"}, {"group": 5, "id": "husk"}, {"group": 3, "id": "humorist"}, {"group": 8, "id": "humorously", "degree": 0}, {"group": 3, "id": "humidify", "degree": 6}, {"group": 6, "id": "humpbacked"}, {"group": 2, "id": "husbandry"}, {"group": 7, "id": "hurrah"}, {"group": 5, "id": "humanity"}, {"group": 2, "id": "hustle"}, {"group": 3, "id": "hue", "degree": 9}, {"group": 1, "id": "hurting", "degree": 7}, {"group": 2, "id": "hug"}, {"group": 2, "id": "hurtle", "degree": 15}, {"group": 2, "id": "hub", "degree": 2}, {"group": 0, "id": "hum"}, {"group": 9, "id": "hun", "degree": 0}, {"group": 1, "id": "hurtful", "degree": 7}, {"group": 1, "id": "humiliating", "degree": 3}, {"group": 3, "id": "humbug", "degree": 5}, {"group": 5, "id": "hulk", "degree": 9}, {"group": 1, "id": "hurt"}, {"group": 10, "id": "hut"}, {"group": 2, "id": "hubris"}, {"group": 0, "id": "humdinger"}, {"group": 2, "id": "hurl", "degree": 16}, {"group": 2, "id": "hurry"}, {"group": 5, "id": "humanitarianism"}, {"group": 4, "id": "hungering"}, {"group": 0, "id": "humiliate", "degree": 7}, {"group": 0, "id": "huff", "degree": 13}, {"group": 2, "id": "huddle", "degree": 12}, {"group": 10, "id": "hutch", "degree": 7}, {"group": 0, "id": "humbled"}, {"group": 3, "id": "husbandly", "degree": 3}, {"group": 5, "id": "hull"}, {"group": 0, "id": "humble"}, {"group": 4, "id": "hungry", "degree": 2}, {"group": 6, "id": "humped", "degree": 1}, {"group": 11, "id": "humidor", "degree": 0}, {"group": 3, "id": "huckstering", "degree": 3}, {"group": 0, "id": "hullabaloo"}, {"group": 2, "id": "hunk", "degree": 8}, {"group": 3, "id": "humanist", "degree": 2}, {"group": 3, "id": "humane"}, {"group": 12, "id": "humbly", "degree": 0}, {"group": 0, "id": "hugeness", "degree": 3}, {"group": 1, "id": "husky"}, {"group": 5, "id": "husband", "degree": 6}, {"group": 2, "id": "huckster", "degree": 1}], "links": [{"source": 0, "target": 78, "weight": 0.033333}, {"source": 0, "target": 43, "weight": 0.011905}, {"source": 0, "target": 53, "weight": 0.003497}, {"source": 1, "target": 23, "weight": 0.04}, {"source": 1, "target": 15, "weight": 0.014085}, {"source": 1, "target": 50, "weight": 0.015625}, {"source": 1, "target": 11, "weight": 0.013333}, {"source": 2, "target": 62, "weight": 0.006369}, {"source": 2, "target": 43, "weight": 0.007874}, {"source": 2, "target": 45, "weight": 0.03268}, {"source": 2, "target": 49, "weight": 0.009091}, {"source": 2, "target": 21, "weight": 0.011494}, {"source": 2, "target": 72, "weight": 0.011111}, {"source": 2, "target": 16, "weight": 0.009804}, {"source": 2, "target": 81, "weight": 0.014493}, {"source": 3, "target": 36, "weight": 0.045455}, {"source": 3, "target": 24, "weight": 0.012739}, {"source": 4, "target": 73, "weight": 0.006289}, {"source": 4, "target": 16, "weight": 0.006667}, {"source": 4, "target": 55, "weight": 0.007246}, {"source": 4, "target": 25, "weight": 0.007407}, {"source": 4, "target": 27, "weight": 0.510791}, {"source": 4, "target": 32, "weight": 0.004444}, {"source": 4, "target": 40, "weight": 0.006897}, {"source": 4, "target": 41, "weight": 0.014218}, {"source": 4, "target": 44, "weight": 0.017647}, {"source": 4, "target": 45, "weight": 0.024876}, {"source": 4, "target": 46, "weight": 0.006623}, {"source": 4, "target": 47, "weight": 0.004785}, {"source": 4, "target": 21, "weight": 0.007407}, {"source": 4, "target": 52, "weight": 0.007194}, {"source": 4, "target": 53, "weight": 0.008}, {"source": 4, "target": 57, "weight": 0.027586}, {"source": 4, "target": 58, "weight": 0.005291}, {"source": 4, "target": 61, "weight": 0.006944}, {"source": 4, "target": 63, "weight": 0.006024}, {"source": 4, "target": 64, "weight": 0.005952}, {"source": 4, "target": 68, "weight": 0.008811}, {"source": 4, "target": 19, "weight": 0.017094}, {"source": 4, "target": 74, "weight": 0.044944}, {"source": 4, "target": 80, "weight": 0.007353}, {"source": 5, "target": 62, "weight": 0.013333}, {"source": 5, "target": 51, "weight": 0.005747}, {"source": 5, "target": 64, "weight": 0.008772}, {"source": 5, "target": 43, "weight": 0.008264}, {"source": 5, "target": 13, "weight": 0.015748}, {"source": 5, "target": 74, "weight": 0.007634}, {"source": 5, "target": 78, "weight": 0.014925}, {"source": 5, "target": 61, "weight": 0.123457}, {"source": 6, "target": 50, "weight": 0.026316}, {"source": 7, "target": 43, "weight": 0.025862}, {"source": 7, "target": 49, "weight": 0.030303}, {"source": 7, "target": 24, "weight": 0.005435}, {"source": 8, "target": 47, "weight": 0.011696}, {"source": 8, "target": 68, "weight": 0.021277}, {"source": 8, "target": 79, "weight": 0.007813}, {"source": 9, "target": 40, "weight": 0.03125}, {"source": 9, "target": 59, "weight": 0.029412}, {"source": 10, "target": 37, "weight": 0.777778}, {"source": 10, "target": 70, "weight": 0.7}, {"source": 11, "target": 45, "weight": 0.007143}, {"source": 11, "target": 14, "weight": 0.015385}, {"source": 11, "target": 57, "weight": 0.012048}, {"source": 11, "target": 58, "weight": 0.008065}, {"source": 11, "target": 41, "weight": 0.006757}, {"source": 12, "target": 42, "weight": 0.009259}, {"source": 13, "target": 62, "weight": 0.046243}, {"source": 13, "target": 47, "weight": 0.022099}, {"source": 13, "target": 68, "weight": 0.025126}, {"source": 13, "target": 56, "weight": 0.010526}, {"source": 13, "target": 17, "weight": 0.006944}, {"source": 13, "target": 26, "weight": 0.055556}, {"source": 13, "target": 76, "weight": 0.00813}, {"source": 13, "target": 58, "weight": 0.006098}, {"source": 13, "target": 61, "weight": 0.025641}, {"source": 14, "target": 74, "weight": 0.009259}, {"source": 14, "target": 22, "weight": 0.020408}, {"source": 15, "target": 68, "weight": 0.006289}, {"source": 15, "target": 30, "weight": 0.023256}, {"source": 15, "target": 53, "weight": 0.006515}, {"source": 16, "target": 34, "weight": 0.011236}, {"source": 16, "target": 45, "weight": 0.013605}, {"source": 16, "target": 46, "weight": 0.010638}, {"source": 16, "target": 19, "weight": 0.016393}, {"source": 16, "target": 27, "weight": 0.013245}, {"source": 16, "target": 68, "weight": 0.011765}, {"source": 16, "target": 53, "weight": 0.00627}, {"source": 16, "target": 64, "weight": 0.009009}, {"source": 16, "target": 81, "weight": 0.016667}, {"source": 16, "target": 74, "weight": 0.007813}, {"source": 16, "target": 17, "weight": 0.008929}, {"source": 16, "target": 57, "weight": 0.010989}, {"source": 16, "target": 58, "weight": 0.007576}, {"source": 16, "target": 41, "weight": 0.032895}, {"source": 16, "target": 61, "weight": 0.023256}, {"source": 17, "target": 42, "weight": 0.013245}, {"source": 17, "target": 24, "weight": 0.014925}, {"source": 17, "target": 66, "weight": 0.056818}, {"source": 17, "target": 52, "weight": 0.02}, {"source": 17, "target": 80, "weight": 0.010204}, {"source": 18, "target": 47, "weight": 0.119266}, {"source": 19, "target": 62, "weight": 0.008621}, {"source": 19, "target": 27, "weight": 0.025424}, {"source": 19, "target": 68, "weight": 0.007194}, {"source": 20, "target": 39, "weight": 0.255814}, {"source": 21, "target": 62, "weight": 0.007519}, {"source": 21, "target": 27, "weight": 0.007299}, {"source": 21, "target": 79, "weight": 0.010753}, {"source": 21, "target": 38, "weight": 0.014925}, {"source": 22, "target": 62, "weight": 0.008065}, {"source": 22, "target": 52, "weight": 0.017241}, {"source": 23, "target": 52, "weight": 0.013158}, {"source": 24, "target": 42, "weight": 0.203209}, {"source": 24, "target": 51, "weight": 0.003817}, {"source": 24, "target": 34, "weight": 0.005556}, {"source": 24, "target": 45, "weight": 0.008403}, {"source": 24, "target": 46, "weight": 0.005405}, {"source": 24, "target": 27, "weight": 0.004115}, {"source": 24, "target": 32, "weight": 0.003861}, {"source": 24, "target": 52, "weight": 0.011628}, {"source": 24, "target": 53, "weight": 0.009804}, {"source": 24, "target": 72, "weight": 0.017647}, {"source": 24, "target": 73, "weight": 0.005181}, {"source": 24, "target": 75, "weight": 0.006536}, {"source": 24, "target": 57, "weight": 0.005495}, {"source": 24, "target": 36, "weight": 0.012422}, {"source": 24, "target": 76, "weight": 0.005495}, {"source": 24, "target": 58, "weight": 0.004484}, {"source": 24, "target": 40, "weight": 0.005587}, {"source": 24, "target": 41, "weight": 0.012245}, {"source": 25, "target": 72, "weight": 0.015152}, {"source": 25, "target": 49, "weight": 0.011628}, {"source": 25, "target": 43, "weight": 0.009709}, {"source": 26, "target": 64, "weight": 0.008475}, {"source": 27, "target": 63, "weight": 0.011976}, {"source": 27, "target": 64, "weight": 0.005882}, {"source": 27, "target": 45, "weight": 0.149171}, {"source": 27, "target": 46, "weight": 0.006536}, {"source": 27, "target": 74, "weight": 0.021739}, {"source": 27, "target": 57, "weight": 0.048611}, {"source": 27, "target": 36, "weight": 0.007692}, {"source": 27, "target": 80, "weight": 0.007246}, {"source": 27, "target": 61, "weight": 0.006849}, {"source": 28, "target": 62, "weight": 0.006667}, {"source": 28, "target": 69, "weight": 0.031746}, {"source": 29, "target": 62, "weight": 0.023438}, {"source": 30, "target": 53, "weight": 0.003546}, {"source": 31, "target": 45, "weight": 0.009615}, {"source": 32, "target": 62, "weight": 0.032258}, {"source": 32, "target": 63, "weight": 0.005435}, {"source": 32, "target": 43, "weight": 0.005181}, {"source": 32, "target": 57, "weight": 0.006024}, {"source": 32, "target": 45, "weight": 0.009009}, {"source": 33, "target": 52, "weight": 0.038462}, {"source": 34, "target": 75, "weight": 0.017241}, {"source": 36, "target": 45, "weight": 0.007937}, {"source": 36, "target": 57, "weight": 0.014493}, {"source": 36, "target": 58, "weight": 0.009091}, {"source": 36, "target": 41, "weight": 0.007463}, {"source": 37, "target": 70, "weight": 0.7}, {"source": 39, "target": 62, "weight": 0.006993}, {"source": 39, "target": 45, "weight": 0.006993}, {"source": 39, "target": 52, "weight": 0.012987}, {"source": 39, "target": 57, "weight": 0.011628}, {"source": 40, "target": 52, "weight": 0.026316}, {"source": 40, "target": 80, "weight": 0.013514}, {"source": 41, "target": 42, "weight": 0.005102}, {"source": 41, "target": 63, "weight": 0.005814}, {"source": 41, "target": 45, "weight": 0.284848}, {"source": 41, "target": 62, "weight": 0.004739}, {"source": 41, "target": 51, "weight": 0.004274}, {"source": 41, "target": 74, "weight": 0.010526}, {"source": 41, "target": 57, "weight": 0.019737}, {"source": 42, "target": 51, "weight": 0.024155}, {"source": 42, "target": 45, "weight": 0.005319}, {"source": 42, "target": 52, "weight": 0.016529}, {"source": 42, "target": 75, "weight": 0.009804}, {"source": 42, "target": 57, "weight": 0.007634}, {"source": 42, "target": 76, "weight": 0.007634}, {"source": 43, "target": 45, "weight": 0.00578}, {"source": 43, "target": 49, "weight": 0.257426}, {"source": 43, "target": 50, "weight": 0.010101}, {"source": 43, "target": 53, "weight": 0.145695}, {"source": 43, "target": 79, "weight": 0.015152}, {"source": 44, "target": 63, "weight": 0.047619}, {"source": 44, "target": 64, "weight": 0.007519}, {"source": 44, "target": 45, "weight": 0.011834}, {"source": 44, "target": 74, "weight": 0.034247}, {"source": 44, "target": 80, "weight": 0.009901}, {"source": 45, "target": 73, "weight": 0.012821}, {"source": 45, "target": 47, "weight": 0.009709}, {"source": 45, "target": 51, "weight": 0.004425}, {"source": 45, "target": 53, "weight": 0.062147}, {"source": 45, "target": 57, "weight": 0.235294}, {"source": 45, "target": 58, "weight": 0.167702}, {"source": 45, "target": 62, "weight": 0.009901}, {"source": 45, "target": 63, "weight": 0.01227}, {"source": 45, "target": 68, "weight": 0.008889}, {"source": 45, "target": 74, "weight": 0.005464}, {"source": 45, "target": 79, "weight": 0.006135}, {"source": 46, "target": 63, "weight": 0.018349}, {"source": 47, "target": 64, "weight": 0.011834}, {"source": 49, "target": 50, "weight": 0.012195}, {"source": 49, "target": 53, "weight": 0.003049}, {"source": 49, "target": 79, "weight": 0.017391}, {"source": 50, "target": 68, "weight": 0.006579}, {"source": 51, "target": 63, "weight": 0.005348}, {"source": 51, "target": 79, "weight": 0.005376}, {"source": 51, "target": 61, "weight": 0.006061}, {"source": 52, "target": 67, "weight": 0.264151}, {"source": 52, "target": 53, "weight": 0.006494}, {"source": 52, "target": 74, "weight": 0.008547}, {"source": 53, "target": 62, "weight": 0.027322}, {"source": 53, "target": 63, "weight": 0.002976}, {"source": 53, "target": 64, "weight": 0.002959}, {"source": 53, "target": 57, "weight": 0.003145}, {"source": 53, "target": 74, "weight": 0.00565}, {"source": 53, "target": 80, "weight": 0.003268}, {"source": 53, "target": 61, "weight": 0.012862}, {"source": 54, "target": 64, "weight": 0.173333}, {"source": 57, "target": 62, "weight": 0.006849}, {"source": 57, "target": 73, "weight": 0.01}, {"source": 57, "target": 74, "weight": 0.007937}, {"source": 57, "target": 58, "weight": 0.031496}, {"source": 58, "target": 62, "weight": 0.016216}, {"source": 58, "target": 63, "weight": 0.006757}, {"source": 60, "target": 69, "weight": 0.764706}, {"source": 61, "target": 65, "weight": 0.013699}, {"source": 61, "target": 68, "weight": 0.160839}, {"source": 62, "target": 63, "weight": 0.006098}, {"source": 62, "target": 73, "weight": 0.019355}, {"source": 62, "target": 74, "weight": 0.005464}, {"source": 62, "target": 78, "weight": 0.008403}, {"source": 63, "target": 74, "weight": 0.021127}, {"source": 66, "target": 76, "weight": 0.074627}, {"source": 66, "target": 68, "weight": 0.006623}, {"source": 74, "target": 78, "weight": 0.010101}], "multigraph": false}