{"directed": false, "graph": {}, "nodes": [{"group": 0, "id": "hypnosis"}, {"group": 1, "id": "hyaline", "degree": 2}, {"group": 2, "id": "hydrosphere"}, {"group": 3, "id": "hypertension", "degree": 3}, {"group": 4, "id": "hypercritical"}, {"group": 5, "id": "hypodermic", "degree": 0}, {"group": 6, "id": "hyperbola", "degree": 0}, {"group": 7, "id": "hydroplane", "degree": 1}, {"group": 1, "id": "hygrometer"}, {"group": 0, "id": "hysteria", "degree": 6}, {"group": 0, "id": "hymn"}, {"group": 8, "id": "hydrant", "degree": 1}, {"group": 9, "id": "hymen", "degree": 0}, {"group": 10, "id": "hypocrisy", "degree": 0}, {"group": 11, "id": "hypothesize", "degree": 1}, {"group": 12, "id": "hybrid", "degree": 1}, {"group": 4, "id": "hypersensitivity"}, {"group": 10, "id": "hypothetical", "degree": 0}, {"group": 10, "id": "hypocritical", "degree": 3}, {"group": 0, "id": "hyperbole"}, {"group": 13, "id": "hysterical", "degree": 0}, {"group": 8, "id": "hypochondriac", "degree": 2}, {"group": 2, "id": "hydrogenate", "degree": 1}, {"group": 4, "id": "hypersensitive", "degree": 2}, {"group": 7, "id": "hydraulics"}, {"group": 0, "id": "hypnotize", "degree": 1}, {"group": 7, "id": "hydrostatics", "degree": 1}, {"group": 7, "id": "hydrodynamics", "degree": 3}, {"group": 2, "id": "hydrate", "degree": 1}, {"group": 11, "id": "hyphenate"}, {"group": 10, "id": "hypocrite", "degree": 0}, {"group": 3, "id": "hypotension"}, {"group": 13, "id": "hypnotized", "degree": 1}, {"group": 0, "id": "hypochondria"}, {"group": 7, "id": "hypnotic", "degree": 1}, {"group": 0, "id": "hypertrophy"}, {"group": 12, "id": "hyena", "degree": 0}, {"group": 7, "id": "hydromechanics", "degree": 2}, {"group": 8, "id": "hype"}, {"group": 3, "id": "hydrophobia"}, {"group": 1, "id": "hypostasis"}], "links": [{"source": 0, "target": 9, "weight": 0.038462}, {"source": 1, "target": 40, "weight": 0.017241}, {"source": 1, "target": 8, "weight": 0.066667}, {"source": 2, "target": 22, "weight": 0.02381}, {"source": 3, "target": 33, "weight": 0.010753}, {"source": 3, "target": 31, "weight": 0.813559}, {"source": 3, "target": 39, "weight": 0.021739}, {"source": 4, "target": 23, "weight": 0.15}, {"source": 7, "target": 34, "weight": 0.008929}, {"source": 9, "target": 10, "weight": 0.009091}, {"source": 9, "target": 33, "weight": 0.490566}, {"source": 9, "target": 35, "weight": 0.012195}, {"source": 9, "target": 25, "weight": 0.012048}, {"source": 9, "target": 39, "weight": 0.012821}, {"source": 9, "target": 19, "weight": 0.010753}, {"source": 11, "target": 38, "weight": 0.026316}, {"source": 13, "target": 18, "weight": 0.016129}, {"source": 14, "target": 29, "weight": 0.043478}, {"source": 15, "target": 36, "weight": 0.023256}, {"source": 16, "target": 23, "weight": 0.025641}, {"source": 17, "target": 18, "weight": 0.018519}, {"source": 18, "target": 30, "weight": 0.015873}, {"source": 20, "target": 32, "weight": 0.013158}, {"source": 21, "target": 38, "weight": 0.015873}, {"source": 21, "target": 33, "weight": 0.015152}, {"source": 22, "target": 28, "weight": 0.324324}, {"source": 24, "target": 37, "weight": 0.117647}, {"source": 24, "target": 26, "weight": 0.068966}, {"source": 24, "target": 27, "weight": 0.105263}, {"source": 24, "target": 34, "weight": 0.009434}, {"source": 26, "target": 37, "weight": 0.157895}, {"source": 26, "target": 27, "weight": 0.2}, {"source": 27, "target": 37, "weight": 0.2}], "multigraph": false}