{"directed": false, "graph": {}, "nodes": [{"group": 0, "id": "iconography", "degree": 0}, {"group": 1, "id": "ichthyology", "degree": 0}, {"group": 2, "id": "iceberg"}, {"group": 2, "id": "icing", "degree": 3}, {"group": 2, "id": "icicle"}, {"group": 3, "id": "ice"}, {"group": 0, "id": "iconology", "degree": 2}, {"group": 3, "id": "icy", "degree": 5}, {"group": 4, "id": "iconoclast", "degree": 0}, {"group": 3, "id": "icky"}, {"group": 5, "id": "ictus", "degree": 1}, {"group": 5, "id": "icterus"}, {"group": 0, "id": "icon", "degree": 1}], "links": [{"source": 0, "target": 6, "weight": 0.085106}, {"source": 0, "target": 12, "weight": 0.017094}, {"source": 2, "target": 7, "weight": 0.008}, {"source": 2, "target": 3, "weight": 0.037037}, {"source": 3, "target": 5, "weight": 0.011765}, {"source": 3, "target": 4, "weight": 0.037037}, {"source": 4, "target": 7, "weight": 0.008}, {"source": 5, "target": 7, "weight": 0.033708}, {"source": 6, "target": 12, "weight": 0.033708}, {"source": 7, "target": 9, "weight": 0.005618}, {"source": 7, "target": 11, "weight": 0.006024}, {"source": 10, "target": 11, "weight": 0.03}], "multigraph": false}