{"directed": false, "graph": {}, "nodes": [{"group": 0, "id": "idea"}, {"group": 0, "id": "identify"}, {"group": 1, "id": "idler"}, {"group": 2, "id": "id", "degree": 6}, {"group": 3, "id": "ideational", "degree": 2}, {"group": 2, "id": "idolatry"}, {"group": 3, "id": "idealism", "degree": 3}, {"group": 4, "id": "ideally", "degree": 0}, {"group": 1, "id": "idiot", "degree": 2}, {"group": 2, "id": "idolization"}, {"group": 5, "id": "idleness"}, {"group": 0, "id": "ideation", "degree": 3}, {"group": 3, "id": "ideal", "degree": 13}, {"group": 6, "id": "identification"}, {"group": 3, "id": "idealization"}, {"group": 7, "id": "idealist", "degree": 1}, {"group": 6, "id": "idol", "degree": 7}, {"group": 6, "id": "identical", "degree": 3}, {"group": 3, "id": "ideogram"}, {"group": 7, "id": "idealistic"}, {"group": 5, "id": "idiocy", "degree": 2}, {"group": 6, "id": "identically"}, {"group": 7, "id": "idyll"}, {"group": 6, "id": "identity", "degree": 12}, {"group": 1, "id": "ideographic"}, {"group": 7, "id": "idyllic", "degree": 5}, {"group": 6, "id": "idiosyncrasy"}, {"group": 1, "id": "idiotic"}, {"group": 2, "id": "idolize", "degree": 3}, {"group": 0, "id": "ideology", "degree": 1}, {"group": 1, "id": "idle", "degree": 6}, {"group": 3, "id": "idealize", "degree": 4}, {"group": 1, "id": "idiosyncratic", "degree": 6}], "links": [{"source": 0, "target": 6, "weight": 0.00495}, {"source": 0, "target": 12, "weight": 0.022901}, {"source": 0, "target": 28, "weight": 0.004878}, {"source": 0, "target": 29, "weight": 0.010929}, {"source": 0, "target": 30, "weight": 0.002907}, {"source": 0, "target": 16, "weight": 0.013158}, {"source": 0, "target": 11, "weight": 0.046154}, {"source": 0, "target": 3, "weight": 0.005348}, {"source": 0, "target": 23, "weight": 0.003846}, {"source": 1, "target": 16, "weight": 0.006173}, {"source": 1, "target": 11, "weight": 0.007407}, {"source": 2, "target": 30, "weight": 0.004545}, {"source": 3, "target": 6, "weight": 0.021739}, {"source": 3, "target": 9, "weight": 0.016393}, {"source": 3, "target": 12, "weight": 0.009009}, {"source": 3, "target": 26, "weight": 0.008197}, {"source": 3, "target": 5, "weight": 0.012195}, {"source": 3, "target": 23, "weight": 0.009615}, {"source": 4, "target": 6, "weight": 0.016667}, {"source": 4, "target": 25, "weight": 0.017241}, {"source": 4, "target": 11, "weight": 0.016393}, {"source": 4, "target": 12, "weight": 0.032787}, {"source": 4, "target": 14, "weight": 0.019608}, {"source": 4, "target": 23, "weight": 0.008475}, {"source": 5, "target": 6, "weight": 0.020833}, {"source": 5, "target": 17, "weight": 0.009346}, {"source": 5, "target": 28, "weight": 0.086022}, {"source": 5, "target": 12, "weight": 0.012422}, {"source": 5, "target": 23, "weight": 0.019608}, {"source": 6, "target": 25, "weight": 0.016949}, {"source": 6, "target": 12, "weight": 0.133929}, {"source": 6, "target": 14, "weight": 0.152174}, {"source": 6, "target": 31, "weight": 0.025}, {"source": 6, "target": 16, "weight": 0.011236}, {"source": 8, "target": 15, "weight": 0.017241}, {"source": 8, "target": 27, "weight": 0.020202}, {"source": 8, "target": 32, "weight": 0.008403}, {"source": 9, "target": 17, "weight": 0.011628}, {"source": 9, "target": 12, "weight": 0.014286}, {"source": 9, "target": 23, "weight": 0.015038}, {"source": 9, "target": 28, "weight": 0.081081}, {"source": 10, "target": 20, "weight": 0.046875}, {"source": 10, "target": 30, "weight": 0.013953}, {"source": 11, "target": 23, "weight": 0.008333}, {"source": 12, "target": 17, "weight": 0.007353}, {"source": 12, "target": 24, "weight": 0.014286}, {"source": 12, "target": 26, "weight": 0.00495}, {"source": 12, "target": 19, "weight": 0.02027}, {"source": 12, "target": 18, "weight": 0.006579}, {"source": 12, "target": 13, "weight": 0.006135}, {"source": 12, "target": 32, "weight": 0.017857}, {"source": 12, "target": 31, "weight": 0.009524}, {"source": 12, "target": 15, "weight": 0.018519}, {"source": 12, "target": 16, "weight": 0.02649}, {"source": 12, "target": 14, "weight": 0.063063}, {"source": 13, "target": 32, "weight": 0.007042}, {"source": 13, "target": 23, "weight": 0.060811}, {"source": 14, "target": 25, "weight": 0.02}, {"source": 14, "target": 23, "weight": 0.009091}, {"source": 14, "target": 31, "weight": 0.032258}, {"source": 14, "target": 16, "weight": 0.025316}, {"source": 15, "target": 19, "weight": 0.045455}, {"source": 16, "target": 17, "weight": 0.030928}, {"source": 16, "target": 26, "weight": 0.024691}, {"source": 16, "target": 23, "weight": 0.027778}, {"source": 17, "target": 23, "weight": 0.007752}, {"source": 17, "target": 21, "weight": 0.038462}, {"source": 19, "target": 30, "weight": 0.004405}, {"source": 19, "target": 25, "weight": 0.02439}, {"source": 20, "target": 26, "weight": 0.007813}, {"source": 20, "target": 23, "weight": 0.009091}, {"source": 22, "target": 25, "weight": 0.039216}, {"source": 23, "target": 26, "weight": 0.020833}, {"source": 24, "target": 32, "weight": 0.247423}, {"source": 25, "target": 30, "weight": 0.004975}, {"source": 26, "target": 32, "weight": 0.01676}, {"source": 27, "target": 30, "weight": 0.031532}, {"source": 27, "target": 32, "weight": 0.039683}, {"source": 28, "target": 31, "weight": 0.047619}], "multigraph": false}