{"directed": false, "graph": {}, "nodes": [{"group": 0, "id": "ignominy", "degree": 0}, {"group": 1, "id": "ignobility", "degree": 1}, {"group": 1, "id": "ignoble", "degree": 2}, {"group": 1, "id": "ignore", "degree": 0}, {"group": 1, "id": "ignited", "degree": 0}, {"group": 1, "id": "ignorant"}, {"group": 1, "id": "ignoramus", "degree": 1}, {"group": 1, "id": "ignominious"}, {"group": 1, "id": "igloo", "degree": 0}], "links": [{"source": 0, "target": 1, "weight": 0.178571}, {"source": 2, "target": 7, "weight": 0.142857}, {"source": 2, "target": 5, "weight": 0.008264}, {"source": 5, "target": 6, "weight": 0.009174}], "multigraph": false}