{"directed": false, "graph": {}, "nodes": [{"group": 0, "id": "illness", "degree": 2}, {"group": 1, "id": "illuminate", "degree": 7}, {"group": 1, "id": "illumination"}, {"group": 1, "id": "illustrate"}, {"group": 0, "id": "illogical"}, {"group": 2, "id": "illegal", "degree": 5}, {"group": 3, "id": "illusory"}, {"group": 3, "id": "illustrious", "degree": 3}, {"group": 1, "id": "illiberal"}, {"group": 3, "id": "illusion", "degree": 11}, {"group": 0, "id": "illiterate"}, {"group": 3, "id": "illusionist", "degree": 4}, {"group": 1, "id": "illustration"}, {"group": 4, "id": "illuminating", "degree": 1}, {"group": 3, "id": "illuminant"}, {"group": 3, "id": "illusive"}, {"group": 4, "id": "illustrative", "degree": 3}, {"group": 0, "id": "illegality", "degree": 4}, {"group": 5, "id": "ileac", "degree": 0}, {"group": 0, "id": "ill", "degree": 3}, {"group": 1, "id": "ilk"}, {"group": 2, "id": "illegitimate", "degree": 4}, {"group": 2, "id": "illicit"}], "links": [{"source": 0, "target": 19, "weight": 0.100917}, {"source": 0, "target": 17, "weight": 0.022727}, {"source": 1, "target": 11, "weight": 0.007194}, {"source": 1, "target": 20, "weight": 0.027174}, {"source": 1, "target": 12, "weight": 0.023148}, {"source": 1, "target": 21, "weight": 0.005319}, {"source": 1, "target": 14, "weight": 0.006211}, {"source": 1, "target": 2, "weight": 0.034483}, {"source": 1, "target": 8, "weight": 0.006024}, {"source": 1, "target": 9, "weight": 0.005208}, {"source": 1, "target": 3, "weight": 0.212903}, {"source": 2, "target": 13, "weight": 0.008696}, {"source": 3, "target": 11, "weight": 0.011765}, {"source": 3, "target": 9, "weight": 0.007246}, {"source": 4, "target": 21, "weight": 0.044643}, {"source": 4, "target": 5, "weight": 0.026549}, {"source": 4, "target": 19, "weight": 0.028777}, {"source": 4, "target": 17, "weight": 0.014925}, {"source": 4, "target": 9, "weight": 0.008333}, {"source": 5, "target": 17, "weight": 0.011765}, {"source": 5, "target": 19, "weight": 0.032051}, {"source": 5, "target": 6, "weight": 0.019355}, {"source": 5, "target": 21, "weight": 0.205357}, {"source": 5, "target": 22, "weight": 0.485294}, {"source": 5, "target": 9, "weight": 0.007246}, {"source": 6, "target": 17, "weight": 0.009174}, {"source": 6, "target": 7, "weight": 0.008772}, {"source": 6, "target": 19, "weight": 0.016484}, {"source": 6, "target": 11, "weight": 0.009174}, {"source": 6, "target": 21, "weight": 0.039216}, {"source": 6, "target": 9, "weight": 0.01875}, {"source": 7, "target": 15, "weight": 0.014085}, {"source": 7, "target": 14, "weight": 0.048387}, {"source": 9, "target": 17, "weight": 0.011111}, {"source": 9, "target": 19, "weight": 0.006061}, {"source": 9, "target": 11, "weight": 0.034091}, {"source": 9, "target": 20, "weight": 0.007194}, {"source": 9, "target": 12, "weight": 0.005848}, {"source": 9, "target": 15, "weight": 0.016949}, {"source": 10, "target": 19, "weight": 0.007813}, {"source": 11, "target": 15, "weight": 0.015152}, {"source": 12, "target": 16, "weight": 0.00813}, {"source": 13, "target": 16, "weight": 0.186047}, {"source": 14, "target": 16, "weight": 0.015625}, {"source": 15, "target": 21, "weight": 0.026549}, {"source": 17, "target": 19, "weight": 0.008929}, {"source": 21, "target": 22, "weight": 0.291139}], "multigraph": false}