{"directed": false, "graph": {}, "nodes": [{"group": 0, "id": "irradiation", "degree": 1}, {"group": 1, "id": "irrigation"}, {"group": 2, "id": "ironmonger", "degree": 0}, {"group": 6, "id": "irradiated", "degree": 0}, {"group": 0, "id": "irruption", "degree": 2}, {"group": 0, "id": "irascibility", "degree": 2}, {"group": 1, "id": "irritable"}, {"group": 3, "id": "irregularly"}, {"group": 4, "id": "ironbound", "degree": 8}, {"group": 4, "id": "irreconcilable", "degree": 17}, {"group": 5, "id": "irredeemable", "degree": 9}, {"group": 1, "id": "irritation", "degree": 7}, {"group": 0, "id": "ironic"}, {"group": 3, "id": "irrefutable", "degree": 7}, {"group": 5, "id": "irrecoverable", "degree": 12}, {"group": 3, "id": "irresistible"}, {"group": 5, "id": "irreformable"}, {"group": 0, "id": "irradiate"}, {"group": 0, "id": "irrationality"}, {"group": 0, "id": "irony", "degree": 2}, {"group": 1, "id": "irrigate", "degree": 4}, {"group": 1, "id": "irritate", "degree": 4}, {"group": 1, "id": "irk"}, {"group": 5, "id": "irrevocable"}, {"group": 0, "id": "irrepressible"}, {"group": 0, "id": "irrelevant"}, {"group": 7, "id": "irreverent", "degree": 4}, {"group": 1, "id": "irritated"}, {"group": 0, "id": "irrupt", "degree": 1}, {"group": 1, "id": "ire", "degree": 4}, {"group": 5, "id": "irreclaimable", "degree": 8}, {"group": 4, "id": "ironclad"}, {"group": 0, "id": "irrational", "degree": 12}, {"group": 4, "id": "iris"}, {"group": 8, "id": "irreproachable"}, {"group": 0, "id": "irresolute", "degree": 7}, {"group": 0, "id": "irresolution", "degree": 5}, {"group": 0, "id": "irresponsible"}, {"group": 7, "id": "irreverence", "degree": 1}, {"group": 5, "id": "irreversible"}, {"group": 3, "id": "irritating", "degree": 5}, {"group": 3, "id": "irksome", "degree": 2}, {"group": 5, "id": "irretrievable"}, {"group": 0, "id": "irregular"}, {"group": 8, "id": "irreducible"}, {"group": 4, "id": "irremovable"}, {"group": 0, "id": "irrelevance"}, {"group": 1, "id": "irate"}, {"group": 8, "id": "irretrievably", "degree": 4}, {"group": 1, "id": "irked", "degree": 4}, {"group": 5, "id": "irreparable"}, {"group": 7, "id": "irreligious", "degree": 4}, {"group": 4, "id": "iron", "degree": 10}, {"group": 8, "id": "irrevocably", "degree": 3}, {"group": 1, "id": "irascible", "degree": 8}, {"group": 0, "id": "irregularity", "degree": 5}, {"group": 7, "id": "irreligion"}, {"group": 5, "id": "irremediable"}], "links": [{"source": 0, "target": 17, "weight": 0.016129}, {"source": 1, "target": 20, "weight": 0.098592}, {"source": 4, "target": 28, "weight": 0.0125}, {"source": 4, "target": 46, "weight": 0.013158}, {"source": 4, "target": 27, "weight": 0.009259}, {"source": 5, "target": 18, "weight": 0.018182}, {"source": 5, "target": 6, "weight": 0.01}, {"source": 6, "target": 35, "weight": 0.005618}, {"source": 6, "target": 54, "weight": 0.395604}, {"source": 6, "target": 49, "weight": 0.008403}, {"source": 6, "target": 11, "weight": 0.006897}, {"source": 7, "target": 40, "weight": 0.014286}, {"source": 8, "target": 31, "weight": 0.52}, {"source": 8, "target": 43, "weight": 0.012121}, {"source": 8, "target": 45, "weight": 0.068966}, {"source": 8, "target": 9, "weight": 0.101449}, {"source": 8, "target": 23, "weight": 0.033898}, {"source": 8, "target": 52, "weight": 0.236364}, {"source": 8, "target": 40, "weight": 0.009804}, {"source": 8, "target": 15, "weight": 0.020408}, {"source": 9, "target": 42, "weight": 0.020134}, {"source": 9, "target": 31, "weight": 0.118644}, {"source": 9, "target": 32, "weight": 0.018349}, {"source": 9, "target": 43, "weight": 0.045576}, {"source": 9, "target": 33, "weight": 0.006494}, {"source": 9, "target": 25, "weight": 0.005917}, {"source": 9, "target": 37, "weight": 0.005076}, {"source": 9, "target": 45, "weight": 0.053571}, {"source": 9, "target": 21, "weight": 0.005128}, {"source": 9, "target": 23, "weight": 0.040936}, {"source": 9, "target": 52, "weight": 0.170732}, {"source": 9, "target": 12, "weight": 0.027586}, {"source": 9, "target": 15, "weight": 0.015873}, {"source": 9, "target": 39, "weight": 0.018182}, {"source": 9, "target": 54, "weight": 0.006803}, {"source": 9, "target": 35, "weight": 0.005025}, {"source": 9, "target": 27, "weight": 0.005952}, {"source": 10, "target": 16, "weight": 0.818182}, {"source": 10, "target": 42, "weight": 0.326923}, {"source": 10, "target": 30, "weight": 0.818182}, {"source": 10, "target": 23, "weight": 0.217949}, {"source": 10, "target": 50, "weight": 0.695652}, {"source": 10, "target": 57, "weight": 0.410256}, {"source": 10, "target": 24, "weight": 0.010204}, {"source": 10, "target": 39, "weight": 0.25}, {"source": 10, "target": 14, "weight": 0.372093}, {"source": 10, "target": 15, "weight": 0.005814}, {"source": 11, "target": 21, "weight": 0.033333}, {"source": 11, "target": 29, "weight": 0.013514}, {"source": 11, "target": 22, "weight": 0.031496}, {"source": 11, "target": 47, "weight": 0.027778}, {"source": 11, "target": 55, "weight": 0.005714}, {"source": 11, "target": 54, "weight": 0.009434}, {"source": 11, "target": 27, "weight": 0.015873}, {"source": 12, "target": 13, "weight": 0.021978}, {"source": 12, "target": 40, "weight": 0.010101}, {"source": 12, "target": 35, "weight": 0.029197}, {"source": 13, "target": 32, "weight": 0.006061}, {"source": 13, "target": 44, "weight": 0.016949}, {"source": 13, "target": 37, "weight": 0.007092}, {"source": 13, "target": 34, "weight": 0.019417}, {"source": 13, "target": 23, "weight": 0.06087}, {"source": 13, "target": 39, "weight": 0.009009}, {"source": 13, "target": 15, "weight": 0.204819}, {"source": 14, "target": 16, "weight": 0.390244}, {"source": 14, "target": 42, "weight": 0.228571}, {"source": 14, "target": 30, "weight": 0.390244}, {"source": 14, "target": 50, "weight": 0.4}, {"source": 14, "target": 57, "weight": 0.309091}, {"source": 14, "target": 24, "weight": 0.008696}, {"source": 14, "target": 23, "weight": 0.166667}, {"source": 14, "target": 26, "weight": 0.016129}, {"source": 14, "target": 15, "weight": 0.005291}, {"source": 14, "target": 39, "weight": 0.186047}, {"source": 14, "target": 51, "weight": 0.014925}, {"source": 15, "target": 30, "weight": 0.005882}, {"source": 15, "target": 52, "weight": 0.016949}, {"source": 15, "target": 40, "weight": 0.014706}, {"source": 15, "target": 41, "weight": 0.010471}, {"source": 16, "target": 30, "weight": 0.9}, {"source": 17, "target": 19, "weight": 0.014286}, {"source": 18, "target": 55, "weight": 0.041379}, {"source": 19, "target": 55, "weight": 0.006757}, {"source": 19, "target": 36, "weight": 0.018868}, {"source": 20, "target": 33, "weight": 0.009901}, {"source": 20, "target": 21, "weight": 0.007042}, {"source": 20, "target": 27, "weight": 0.008696}, {"source": 21, "target": 29, "weight": 0.019608}, {"source": 21, "target": 22, "weight": 0.212121}, {"source": 21, "target": 55, "weight": 0.014851}, {"source": 21, "target": 40, "weight": 0.006849}, {"source": 21, "target": 27, "weight": 0.012903}, {"source": 22, "target": 55, "weight": 0.005556}, {"source": 22, "target": 49, "weight": 0.019417}, {"source": 23, "target": 30, "weight": 0.207792}, {"source": 23, "target": 52, "weight": 0.045161}, {"source": 24, "target": 30, "weight": 0.010417}, {"source": 24, "target": 32, "weight": 0.005128}, {"source": 24, "target": 54, "weight": 0.008264}, {"source": 24, "target": 35, "weight": 0.017544}, {"source": 25, "target": 32, "weight": 0.022222}, {"source": 25, "target": 35, "weight": 0.006211}, {"source": 26, "target": 51, "weight": 0.375}, {"source": 26, "target": 38, "weight": 0.025641}, {"source": 26, "target": 56, "weight": 0.028571}, {"source": 26, "target": 57, "weight": 0.017241}, {"source": 27, "target": 32, "weight": 0.005495}, {"source": 27, "target": 54, "weight": 0.018692}, {"source": 27, "target": 49, "weight": 0.2}, {"source": 29, "target": 47, "weight": 0.045455}, {"source": 29, "target": 32, "weight": 0.007752}, {"source": 30, "target": 42, "weight": 0.313725}, {"source": 30, "target": 50, "weight": 0.761905}, {"source": 30, "target": 39, "weight": 0.238806}, {"source": 30, "target": 57, "weight": 0.432432}, {"source": 31, "target": 52, "weight": 0.288889}, {"source": 32, "target": 43, "weight": 0.035897}, {"source": 32, "target": 37, "weight": 0.024155}, {"source": 32, "target": 47, "weight": 0.007813}, {"source": 32, "target": 57, "weight": 0.006623}, {"source": 32, "target": 44, "weight": 0.005291}, {"source": 32, "target": 50, "weight": 0.007407}, {"source": 32, "target": 35, "weight": 0.019048}, {"source": 32, "target": 49, "weight": 0.006494}, {"source": 33, "target": 52, "weight": 0.007246}, {"source": 34, "target": 53, "weight": 0.028986}, {"source": 34, "target": 48, "weight": 0.030769}, {"source": 35, "target": 43, "weight": 0.197492}, {"source": 35, "target": 37, "weight": 0.472868}, {"source": 35, "target": 55, "weight": 0.004808}, {"source": 35, "target": 51, "weight": 0.008}, {"source": 35, "target": 52, "weight": 0.005464}, {"source": 35, "target": 36, "weight": 0.00885}, {"source": 35, "target": 54, "weight": 0.007194}, {"source": 36, "target": 37, "weight": 0.009009}, {"source": 36, "target": 43, "weight": 0.0033}, {"source": 36, "target": 55, "weight": 0.031496}, {"source": 37, "target": 55, "weight": 0.004854}, {"source": 37, "target": 52, "weight": 0.005525}, {"source": 37, "target": 54, "weight": 0.007299}, {"source": 38, "target": 51, "weight": 0.022727}, {"source": 38, "target": 56, "weight": 0.3}, {"source": 39, "target": 52, "weight": 0.020134}, {"source": 40, "target": 43, "weight": 0.002941}, {"source": 40, "target": 44, "weight": 0.007937}, {"source": 40, "target": 41, "weight": 0.333333}, {"source": 42, "target": 52, "weight": 0.022556}, {"source": 43, "target": 53, "weight": 0.003344}, {"source": 43, "target": 48, "weight": 0.00339}, {"source": 43, "target": 52, "weight": 0.008086}, {"source": 43, "target": 55, "weight": 0.002513}, {"source": 43, "target": 54, "weight": 0.009174}, {"source": 44, "target": 53, "weight": 0.02381}, {"source": 44, "target": 48, "weight": 0.025}, {"source": 45, "target": 52, "weight": 0.0625}, {"source": 46, "target": 55, "weight": 0.035461}, {"source": 47, "target": 54, "weight": 0.018519}, {"source": 47, "target": 49, "weight": 0.021277}, {"source": 48, "target": 53, "weight": 0.6}, {"source": 49, "target": 54, "weight": 0.0125}, {"source": 51, "target": 56, "weight": 0.025}, {"source": 51, "target": 57, "weight": 0.015873}], "multigraph": false}