{"directed": false, "graph": {}, "nodes": [{"group": 0, "id": "isolationist"}, {"group": 1, "id": "isomer"}, {"group": 1, "id": "isobar", "degree": 0}, {"group": 0, "id": "island", "degree": 4}, {"group": 0, "id": "isolate"}, {"group": 0, "id": "isolated", "degree": 4}, {"group": 1, "id": "isotherm", "degree": 2}, {"group": 2, "id": "issueless", "degree": 0}, {"group": 3, "id": "ism"}, {"group": 3, "id": "isolation"}, {"group": 3, "id": "isolationism", "degree": 2}, {"group": 3, "id": "issue", "degree": 2}, {"group": 0, "id": "isle", "degree": 1}], "links": [{"source": 0, "target": 5, "weight": 0.016129}, {"source": 1, "target": 6, "weight": 0.041667}, {"source": 2, "target": 6, "weight": 0.571429}, {"source": 3, "target": 9, "weight": 0.010753}, {"source": 3, "target": 4, "weight": 0.05814}, {"source": 3, "target": 5, "weight": 0.02439}, {"source": 3, "target": 12, "weight": 0.428571}, {"source": 4, "target": 5, "weight": 0.035088}, {"source": 4, "target": 10, "weight": 0.01}, {"source": 5, "target": 12, "weight": 0.008696}, {"source": 5, "target": 9, "weight": 0.011236}, {"source": 8, "target": 11, "weight": 0.006154}, {"source": 9, "target": 11, "weight": 0.007916}, {"source": 9, "target": 12, "weight": 0.012048}, {"source": 9, "target": 10, "weight": 0.11828}], "multigraph": false}