{"directed": false, "graph": {}, "nodes": [{"group": 0, "id": "iterative", "degree": 0}, {"group": 1, "id": "itch", "degree": 2}, {"group": 2, "id": "items", "degree": 3}, {"group": 2, "id": "itemize", "degree": 6}, {"group": 2, "id": "iteration"}, {"group": 3, "id": "it", "degree": 0}, {"group": 2, "id": "item"}, {"group": 4, "id": "italic", "degree": 2}, {"group": 2, "id": "itinerary", "degree": 1}, {"group": 1, "id": "itching", "degree": 1}, {"group": 2, "id": "iterate"}, {"group": 1, "id": "itchy"}, {"group": 2, "id": "itemization"}, {"group": 4, "id": "italicized"}, {"group": 5, "id": "italicize", "degree": 0}], "links": [{"source": 1, "target": 9, "weight": 0.054545}, {"source": 1, "target": 11, "weight": 0.012821}, {"source": 2, "target": 6, "weight": 0.022556}, {"source": 2, "target": 3, "weight": 0.086957}, {"source": 2, "target": 12, "weight": 0.137931}, {"source": 2, "target": 8, "weight": 0.04878}, {"source": 3, "target": 12, "weight": 0.053191}, {"source": 3, "target": 4, "weight": 0.013699}, {"source": 3, "target": 6, "weight": 0.024242}, {"source": 3, "target": 8, "weight": 0.027027}, {"source": 3, "target": 10, "weight": 0.073529}, {"source": 6, "target": 7, "weight": 0.012821}, {"source": 7, "target": 13, "weight": 0.27451}, {"source": 8, "target": 12, "weight": 0.030769}, {"source": 9, "target": 11, "weight": 0.008621}], "multigraph": false}