{"directed": false, "graph": {}, "nodes": [{"group": 0, "id": "jaws"}, {"group": 1, "id": "jade"}, {"group": 2, "id": "jailbreak"}, {"group": 0, "id": "jactitation", "degree": 2}, {"group": 3, "id": "jammed"}, {"group": 4, "id": "jarring", "degree": 3}, {"group": 1, "id": "jackrabbit"}, {"group": 4, "id": "jagged", "degree": 3}, {"group": 7, "id": "jackass", "degree": 2}, {"group": 0, "id": "jargon"}, {"group": 0, "id": "jabber"}, {"group": 4, "id": "jawbreaking"}, {"group": 1, "id": "jape", "degree": 6}, {"group": 5, "id": "jamboree", "degree": 0}, {"group": 0, "id": "jaw", "degree": 11}, {"group": 3, "id": "jailer"}, {"group": 2, "id": "jar"}, {"group": 1, "id": "jailing", "degree": 0}, {"group": 1, "id": "jam", "degree": 22}, {"group": 6, "id": "jaundiced"}, {"group": 1, "id": "jalopy"}, {"group": 1, "id": "jag"}, {"group": 0, "id": "jabberer", "degree": 5}, {"group": 1, "id": "jab", "degree": 15}, {"group": 3, "id": "jailed", "degree": 2}, {"group": 8, "id": "jackal", "degree": 3}, {"group": 8, "id": "jailbird"}, {"group": 3, "id": "jaded", "degree": 2}, {"group": 8, "id": "jacks"}, {"group": 1, "id": "jazz"}, {"group": 9, "id": "jazzy"}, {"group": 9, "id": "jaunty", "degree": 3}, {"group": 7, "id": "jack"}, {"group": 7, "id": "jaywalk", "degree": 1}, {"group": 7, "id": "jaunt", "degree": 6}, {"group": 0, "id": "jawing", "degree": 3}, {"group": 2, "id": "jangle", "degree": 6}, {"group": 4, "id": "jangling", "degree": 0}, {"group": 6, "id": "jaundice", "degree": 5}, {"group": 8, "id": "jaguar", "degree": 1}, {"group": 1, "id": "jacket"}, {"group": 3, "id": "jail", "degree": 4}, {"group": 7, "id": "jamb", "degree": 1}], "links": [{"source": 0, "target": 14, "weight": 0.230769}, {"source": 0, "target": 34, "weight": 0.012195}, {"source": 1, "target": 12, "weight": 0.006579}, {"source": 1, "target": 27, "weight": 0.018182}, {"source": 1, "target": 18, "weight": 0.026549}, {"source": 1, "target": 38, "weight": 0.006289}, {"source": 1, "target": 23, "weight": 0.01}, {"source": 1, "target": 34, "weight": 0.006944}, {"source": 2, "target": 36, "weight": 0.007874}, {"source": 2, "target": 18, "weight": 0.002506}, {"source": 3, "target": 10, "weight": 0.020619}, {"source": 3, "target": 38, "weight": 0.010101}, {"source": 3, "target": 9, "weight": 0.024691}, {"source": 4, "target": 27, "weight": 0.08284}, {"source": 4, "target": 18, "weight": 0.008421}, {"source": 4, "target": 41, "weight": 0.006803}, {"source": 4, "target": 24, "weight": 0.008696}, {"source": 5, "target": 7, "weight": 0.023669}, {"source": 5, "target": 11, "weight": 0.009009}, {"source": 5, "target": 37, "weight": 0.432099}, {"source": 6, "target": 18, "weight": 0.002545}, {"source": 6, "target": 23, "weight": 0.007634}, {"source": 7, "target": 37, "weight": 0.015748}, {"source": 7, "target": 11, "weight": 0.01626}, {"source": 7, "target": 21, "weight": 0.006452}, {"source": 7, "target": 38, "weight": 0.006024}, {"source": 7, "target": 31, "weight": 0.006579}, {"source": 8, "target": 16, "weight": 0.006452}, {"source": 8, "target": 32, "weight": 0.025}, {"source": 9, "target": 14, "weight": 0.107843}, {"source": 9, "target": 22, "weight": 0.015152}, {"source": 9, "target": 36, "weight": 0.006173}, {"source": 10, "target": 36, "weight": 0.017045}, {"source": 10, "target": 12, "weight": 0.007194}, {"source": 10, "target": 14, "weight": 0.252427}, {"source": 10, "target": 18, "weight": 0.004454}, {"source": 10, "target": 22, "weight": 0.0375}, {"source": 10, "target": 23, "weight": 0.010695}, {"source": 12, "target": 28, "weight": 0.011236}, {"source": 12, "target": 14, "weight": 0.025}, {"source": 12, "target": 29, "weight": 0.025316}, {"source": 12, "target": 40, "weight": 0.008197}, {"source": 12, "target": 18, "weight": 0.004515}, {"source": 12, "target": 21, "weight": 0.007752}, {"source": 12, "target": 23, "weight": 0.150943}, {"source": 14, "target": 35, "weight": 0.014286}, {"source": 14, "target": 36, "weight": 0.0125}, {"source": 14, "target": 22, "weight": 0.047619}, {"source": 14, "target": 29, "weight": 0.014493}, {"source": 14, "target": 16, "weight": 0.015707}, {"source": 14, "target": 18, "weight": 0.002309}, {"source": 14, "target": 23, "weight": 0.011765}, {"source": 14, "target": 34, "weight": 0.008772}, {"source": 15, "target": 41, "weight": 0.015625}, {"source": 15, "target": 18, "weight": 0.005076}, {"source": 15, "target": 23, "weight": 0.007519}, {"source": 16, "target": 36, "weight": 0.284211}, {"source": 16, "target": 22, "weight": 0.006803}, {"source": 16, "target": 18, "weight": 0.025845}, {"source": 16, "target": 41, "weight": 0.005435}, {"source": 16, "target": 38, "weight": 0.004739}, {"source": 16, "target": 23, "weight": 0.03252}, {"source": 16, "target": 34, "weight": 0.005102}, {"source": 17, "target": 18, "weight": 0.002577}, {"source": 18, "target": 34, "weight": 0.002294}, {"source": 18, "target": 20, "weight": 0.002558}, {"source": 18, "target": 21, "weight": 0.004556}, {"source": 18, "target": 22, "weight": 0.002584}, {"source": 18, "target": 23, "weight": 0.090508}, {"source": 18, "target": 26, "weight": 0.002475}, {"source": 18, "target": 27, "weight": 0.002179}, {"source": 18, "target": 32, "weight": 0.004158}, {"source": 18, "target": 33, "weight": 0.002584}, {"source": 18, "target": 35, "weight": 0.002551}, {"source": 18, "target": 36, "weight": 0.010438}, {"source": 18, "target": 38, "weight": 0.002217}, {"source": 18, "target": 40, "weight": 0.00463}, {"source": 18, "target": 41, "weight": 0.002358}, {"source": 19, "target": 38, "weight": 0.009174}, {"source": 21, "target": 23, "weight": 0.028736}, {"source": 21, "target": 34, "weight": 0.008264}, {"source": 22, "target": 36, "weight": 0.008696}, {"source": 22, "target": 32, "weight": 0.008772}, {"source": 22, "target": 23, "weight": 0.008}, {"source": 23, "target": 35, "weight": 0.007692}, {"source": 23, "target": 36, "weight": 0.013699}, {"source": 23, "target": 28, "weight": 0.007246}, {"source": 23, "target": 29, "weight": 0.007752}, {"source": 23, "target": 40, "weight": 0.017751}, {"source": 23, "target": 30, "weight": 0.007042}, {"source": 23, "target": 32, "weight": 0.004545}, {"source": 23, "target": 34, "weight": 0.005747}, {"source": 24, "target": 41, "weight": 0.033333}, {"source": 25, "target": 26, "weight": 0.014706}, {"source": 25, "target": 28, "weight": 0.015625}, {"source": 25, "target": 32, "weight": 0.006849}, {"source": 28, "target": 39, "weight": 0.02381}, {"source": 28, "target": 36, "weight": 0.007813}, {"source": 29, "target": 31, "weight": 0.013699}, {"source": 30, "target": 31, "weight": 0.279412}, {"source": 32, "target": 36, "weight": 0.004762}, {"source": 32, "target": 42, "weight": 0.048}, {"source": 32, "target": 34, "weight": 0.006135}, {"source": 33, "target": 34, "weight": 0.029851}, {"source": 33, "target": 42, "weight": 0.028571}, {"source": 40, "target": 41, "weight": 0.009804}], "multigraph": false}