{"directed": false, "graph": {}, "nodes": [{"group": 0, "id": "jellied"}, {"group": 1, "id": "jenny", "degree": 0}, {"group": 2, "id": "jest"}, {"group": 0, "id": "jell", "degree": 4}, {"group": 1, "id": "jet", "degree": 3}, {"group": 1, "id": "jeopardy"}, {"group": 1, "id": "jetstream"}, {"group": 1, "id": "jetty"}, {"group": 3, "id": "jeweler", "degree": 0}, {"group": 2, "id": "jesting", "degree": 3}, {"group": 4, "id": "jerky", "degree": 3}, {"group": 0, "id": "jejune", "degree": 1}, {"group": 1, "id": "jerk", "degree": 11}, {"group": 4, "id": "jerking"}, {"group": 1, "id": "jester"}, {"group": 1, "id": "jete", "degree": 1}, {"group": 5, "id": "jealous", "degree": 0}, {"group": 1, "id": "jettison"}, {"group": 6, "id": "jellyfish", "degree": 0}, {"group": 2, "id": "jeer"}, {"group": 2, "id": "jewel", "degree": 1}, {"group": 0, "id": "jelly"}, {"group": 1, "id": "jetsam", "degree": 1}, {"group": 2, "id": "jeering", "degree": 3}], "links": [{"source": 0, "target": 11, "weight": 0.01105}, {"source": 0, "target": 3, "weight": 0.034884}, {"source": 1, "target": 12, "weight": 0.006173}, {"source": 2, "target": 9, "weight": 0.014085}, {"source": 2, "target": 10, "weight": 0.009615}, {"source": 2, "target": 20, "weight": 0.010753}, {"source": 2, "target": 23, "weight": 0.093333}, {"source": 2, "target": 12, "weight": 0.012146}, {"source": 3, "target": 6, "weight": 0.011905}, {"source": 3, "target": 7, "weight": 0.008772}, {"source": 3, "target": 21, "weight": 0.728571}, {"source": 4, "target": 15, "weight": 0.051724}, {"source": 4, "target": 6, "weight": 0.012821}, {"source": 4, "target": 7, "weight": 0.048077}, {"source": 4, "target": 12, "weight": 0.016484}, {"source": 5, "target": 12, "weight": 0.006494}, {"source": 6, "target": 12, "weight": 0.005988}, {"source": 9, "target": 23, "weight": 0.123288}, {"source": 9, "target": 12, "weight": 0.005988}, {"source": 9, "target": 14, "weight": 0.017857}, {"source": 10, "target": 13, "weight": 0.078261}, {"source": 10, "target": 14, "weight": 0.008197}, {"source": 11, "target": 12, "weight": 0.003521}, {"source": 12, "target": 20, "weight": 0.004739}, {"source": 12, "target": 14, "weight": 0.012422}, {"source": 12, "target": 15, "weight": 0.020408}, {"source": 12, "target": 17, "weight": 0.016216}, {"source": 15, "target": 17, "weight": 0.015873}, {"source": 17, "target": 22, "weight": 0.101695}, {"source": 17, "target": 23, "weight": 0.009901}, {"source": 19, "target": 23, "weight": 0.319444}], "multigraph": false}