{"directed": false, "graph": {}, "nodes": [{"group": 0, "id": "jig", "degree": 5}, {"group": 0, "id": "jib", "degree": 2}, {"group": 0, "id": "jigger", "degree": 3}, {"group": 1, "id": "jinni", "degree": 0}, {"group": 2, "id": "jingling", "degree": 2}, {"group": 3, "id": "jilt"}, {"group": 3, "id": "jilter"}, {"group": 0, "id": "jiggle", "degree": 1}, {"group": 4, "id": "jiffy", "degree": 2}, {"group": 5, "id": "jitters"}, {"group": 2, "id": "jibe", "degree": 2}, {"group": 5, "id": "jittery", "degree": 1}, {"group": 2, "id": "jingle"}, {"group": 4, "id": "jiva"}, {"group": 6, "id": "jingoism", "degree": 0}, {"group": 3, "id": "jive", "degree": 3}], "links": [{"source": 0, "target": 8, "weight": 0.019417}, {"source": 0, "target": 9, "weight": 0.014706}, {"source": 0, "target": 1, "weight": 0.022222}, {"source": 0, "target": 7, "weight": 0.449438}, {"source": 0, "target": 2, "weight": 0.128571}, {"source": 1, "target": 10, "weight": 0.009434}, {"source": 1, "target": 7, "weight": 0.022472}, {"source": 2, "target": 5, "weight": 0.009346}, {"source": 2, "target": 7, "weight": 0.193548}, {"source": 2, "target": 8, "weight": 0.011628}, {"source": 4, "target": 12, "weight": 0.222222}, {"source": 4, "target": 10, "weight": 0.012346}, {"source": 5, "target": 15, "weight": 0.013889}, {"source": 5, "target": 10, "weight": 0.010638}, {"source": 6, "target": 15, "weight": 0.019608}, {"source": 7, "target": 9, "weight": 0.011111}, {"source": 7, "target": 8, "weight": 0.035714}, {"source": 8, "target": 13, "weight": 0.030303}, {"source": 9, "target": 11, "weight": 0.0125}, {"source": 10, "target": 12, "weight": 0.014286}, {"source": 12, "target": 15, "weight": 0.008403}], "multigraph": false}