{"directed": false, "graph": {}, "nodes": [{"group": 1, "id": "johnny", "degree": 4}, {"group": 2, "id": "joyous", "degree": 5}, {"group": 3, "id": "job", "degree": 19}, {"group": 3, "id": "joyride"}, {"group": 2, "id": "jocular", "degree": 8}, {"group": 0, "id": "joviality", "degree": 11}, {"group": 5, "id": "journal", "degree": 6}, {"group": 4, "id": "journeying"}, {"group": 3, "id": "jock", "degree": 8}, {"group": 0, "id": "jollity", "degree": 8}, {"group": 2, "id": "joylessness", "degree": 5}, {"group": 5, "id": "jowl"}, {"group": 2, "id": "joking"}, {"group": 3, "id": "jounce", "degree": 2}, {"group": 4, "id": "jolting", "degree": 3}, {"group": 2, "id": "jocose"}, {"group": 3, "id": "jolt", "degree": 11}, {"group": 2, "id": "jolly"}, {"group": 5, "id": "journalese"}, {"group": 3, "id": "jostle", "degree": 15}, {"group": 5, "id": "jotting"}, {"group": 1, "id": "john"}, {"group": 2, "id": "joyful", "degree": 8}, {"group": 3, "id": "jobholder"}, {"group": 3, "id": "jobbing"}, {"group": 3, "id": "jot", "degree": 6}, {"group": 0, "id": "joy"}, {"group": 4, "id": "joyless", "degree": 3}, {"group": 3, "id": "journeyer", "degree": 2}, {"group": 6, "id": "jointly", "degree": 0}, {"group": 3, "id": "joined"}, {"group": 3, "id": "joint", "degree": 14}, {"group": 3, "id": "joust", "degree": 11}, {"group": 3, "id": "journey"}, {"group": 3, "id": "jollies"}, {"group": 3, "id": "jointure"}, {"group": 3, "id": "jog"}, {"group": 3, "id": "jockey"}, {"group": 7, "id": "jobless", "degree": 0}, {"group": 0, "id": "jocularity"}, {"group": 3, "id": "join"}, {"group": 0, "id": "joyfulness", "degree": 4}, {"group": 2, "id": "joke", "degree": 25}, {"group": 4, "id": "journeyman", "degree": 4}, {"group": 3, "id": "joker"}, {"group": 4, "id": "jongleur", "degree": 2}, {"group": 2, "id": "jovial"}, {"group": 8, "id": "journalist", "degree": 0}, {"group": 3, "id": "jobber"}, {"group": 2, "id": "joshing", "degree": 12}, {"group": 3, "id": "joiner"}, {"group": 3, "id": "joining"}], "links": [{"source": 0, "target": 44, "weight": 0.00495}, {"source": 0, "target": 21, "weight": 0.809524}, {"source": 0, "target": 19, "weight": 0.007752}, {"source": 0, "target": 16, "weight": 0.005025}, {"source": 0, "target": 36, "weight": 0.004425}, {"source": 1, "target": 12, "weight": 0.025974}, {"source": 1, "target": 42, "weight": 0.007634}, {"source": 1, "target": 4, "weight": 0.1875}, {"source": 1, "target": 17, "weight": 0.192661}, {"source": 1, "target": 9, "weight": 0.016393}, {"source": 1, "target": 5, "weight": 0.017241}, {"source": 1, "target": 46, "weight": 0.404255}, {"source": 1, "target": 49, "weight": 0.030928}, {"source": 1, "target": 15, "weight": 0.063492}, {"source": 1, "target": 22, "weight": 0.72549}, {"source": 2, "target": 24, "weight": 0.006993}, {"source": 2, "target": 23, "weight": 0.007246}, {"source": 2, "target": 37, "weight": 0.011696}, {"source": 2, "target": 25, "weight": 0.004739}, {"source": 2, "target": 48, "weight": 0.012579}, {"source": 2, "target": 31, "weight": 0.018229}, {"source": 2, "target": 26, "weight": 0.005464}, {"source": 2, "target": 3, "weight": 0.007299}, {"source": 2, "target": 16, "weight": 0.006711}, {"source": 2, "target": 17, "weight": 0.004762}, {"source": 2, "target": 44, "weight": 0.013378}, {"source": 2, "target": 11, "weight": 0.007353}, {"source": 2, "target": 32, "weight": 0.012195}, {"source": 2, "target": 33, "weight": 0.02}, {"source": 2, "target": 34, "weight": 0.015038}, {"source": 2, "target": 35, "weight": 0.006289}, {"source": 2, "target": 36, "weight": 0.006154}, {"source": 2, "target": 40, "weight": 0.00365}, {"source": 2, "target": 7, "weight": 0.006944}, {"source": 2, "target": 51, "weight": 0.005814}, {"source": 3, "target": 42, "weight": 0.009091}, {"source": 3, "target": 19, "weight": 0.007874}, {"source": 3, "target": 16, "weight": 0.005076}, {"source": 4, "target": 39, "weight": 0.034483}, {"source": 4, "target": 12, "weight": 0.425926}, {"source": 4, "target": 42, "weight": 0.007752}, {"source": 4, "target": 27, "weight": 0.010526}, {"source": 4, "target": 17, "weight": 0.103448}, {"source": 4, "target": 44, "weight": 0.009174}, {"source": 4, "target": 43, "weight": 0.011111}, {"source": 4, "target": 46, "weight": 0.254902}, {"source": 4, "target": 49, "weight": 0.306667}, {"source": 4, "target": 15, "weight": 0.666667}, {"source": 4, "target": 22, "weight": 0.162162}, {"source": 5, "target": 39, "weight": 0.387097}, {"source": 5, "target": 12, "weight": 0.016949}, {"source": 5, "target": 41, "weight": 0.333333}, {"source": 5, "target": 42, "weight": 0.008929}, {"source": 5, "target": 49, "weight": 0.025316}, {"source": 5, "target": 17, "weight": 0.018349}, {"source": 5, "target": 9, "weight": 0.791667}, {"source": 5, "target": 46, "weight": 0.021739}, {"source": 5, "target": 26, "weight": 0.2}, {"source": 5, "target": 22, "weight": 0.014706}, {"source": 6, "target": 20, "weight": 0.067568}, {"source": 6, "target": 11, "weight": 0.012821}, {"source": 6, "target": 18, "weight": 0.015152}, {"source": 6, "target": 42, "weight": 0.006494}, {"source": 6, "target": 30, "weight": 0.005435}, {"source": 6, "target": 44, "weight": 0.00823}, {"source": 6, "target": 31, "weight": 0.003012}, {"source": 7, "target": 14, "weight": 0.015625}, {"source": 7, "target": 31, "weight": 0.00339}, {"source": 7, "target": 27, "weight": 0.012048}, {"source": 8, "target": 37, "weight": 0.008403}, {"source": 8, "target": 40, "weight": 0.004525}, {"source": 8, "target": 42, "weight": 0.006289}, {"source": 8, "target": 16, "weight": 0.004065}, {"source": 8, "target": 44, "weight": 0.004016}, {"source": 8, "target": 31, "weight": 0.015015}, {"source": 8, "target": 19, "weight": 0.005682}, {"source": 8, "target": 36, "weight": 0.007353}, {"source": 8, "target": 51, "weight": 0.034483}, {"source": 9, "target": 39, "weight": 0.352941}, {"source": 9, "target": 12, "weight": 0.016129}, {"source": 9, "target": 41, "weight": 0.311111}, {"source": 9, "target": 42, "weight": 0.008696}, {"source": 9, "target": 49, "weight": 0.02439}, {"source": 9, "target": 17, "weight": 0.027027}, {"source": 9, "target": 46, "weight": 0.020408}, {"source": 9, "target": 26, "weight": 0.225352}, {"source": 9, "target": 22, "weight": 0.014085}, {"source": 10, "target": 39, "weight": 0.017544}, {"source": 10, "target": 49, "weight": 0.010526}, {"source": 10, "target": 16, "weight": 0.004673}, {"source": 10, "target": 12, "weight": 0.013514}, {"source": 10, "target": 36, "weight": 0.004149}, {"source": 11, "target": 31, "weight": 0.006993}, {"source": 12, "target": 41, "weight": 0.013333}, {"source": 12, "target": 42, "weight": 0.023077}, {"source": 12, "target": 27, "weight": 0.010204}, {"source": 12, "target": 49, "weight": 0.629032}, {"source": 12, "target": 43, "weight": 0.010753}, {"source": 12, "target": 22, "weight": 0.022989}, {"source": 13, "target": 32, "weight": 0.014706}, {"source": 13, "target": 19, "weight": 0.198198}, {"source": 13, "target": 16, "weight": 0.121547}, {"source": 13, "target": 34, "weight": 0.085714}, {"source": 13, "target": 36, "weight": 0.105769}, {"source": 14, "target": 27, "weight": 0.010204}, {"source": 14, "target": 22, "weight": 0.011364}, {"source": 15, "target": 42, "weight": 0.008333}, {"source": 15, "target": 27, "weight": 0.011628}, {"source": 15, "target": 43, "weight": 0.012346}, {"source": 15, "target": 49, "weight": 0.348485}, {"source": 15, "target": 22, "weight": 0.054795}, {"source": 16, "target": 25, "weight": 0.011152}, {"source": 16, "target": 51, "weight": 0.013043}, {"source": 16, "target": 42, "weight": 0.003676}, {"source": 16, "target": 32, "weight": 0.013453}, {"source": 16, "target": 44, "weight": 0.013966}, {"source": 16, "target": 31, "weight": 0.015766}, {"source": 16, "target": 19, "weight": 0.306306}, {"source": 16, "target": 34, "weight": 0.020942}, {"source": 16, "target": 36, "weight": 0.477099}, {"source": 16, "target": 26, "weight": 0.004115}, {"source": 16, "target": 40, "weight": 0.015152}, {"source": 16, "target": 21, "weight": 0.005076}, {"source": 16, "target": 33, "weight": 0.019139}, {"source": 17, "target": 31, "weight": 0.00277}, {"source": 17, "target": 42, "weight": 0.101796}, {"source": 17, "target": 32, "weight": 0.007353}, {"source": 17, "target": 41, "weight": 0.007937}, {"source": 17, "target": 49, "weight": 0.020134}, {"source": 17, "target": 22, "weight": 0.186441}, {"source": 19, "target": 40, "weight": 0.007605}, {"source": 19, "target": 51, "weight": 0.01875}, {"source": 19, "target": 42, "weight": 0.00995}, {"source": 19, "target": 44, "weight": 0.003425}, {"source": 19, "target": 31, "weight": 0.013298}, {"source": 19, "target": 32, "weight": 0.21875}, {"source": 19, "target": 33, "weight": 0.007042}, {"source": 19, "target": 34, "weight": 0.033058}, {"source": 19, "target": 36, "weight": 0.268}, {"source": 19, "target": 21, "weight": 0.007874}, {"source": 22, "target": 42, "weight": 0.007092}, {"source": 22, "target": 49, "weight": 0.028037}, {"source": 22, "target": 46, "weight": 0.357143}, {"source": 23, "target": 31, "weight": 0.00346}, {"source": 24, "target": 42, "weight": 0.008621}, {"source": 25, "target": 42, "weight": 0.022099}, {"source": 25, "target": 44, "weight": 0.007326}, {"source": 25, "target": 31, "weight": 0.011142}, {"source": 25, "target": 35, "weight": 0.007634}, {"source": 25, "target": 36, "weight": 0.034602}, {"source": 26, "target": 41, "weight": 0.538462}, {"source": 26, "target": 42, "weight": 0.012903}, {"source": 26, "target": 49, "weight": 0.01626}, {"source": 27, "target": 43, "weight": 0.008929}, {"source": 27, "target": 49, "weight": 0.008403}, {"source": 28, "target": 37, "weight": 0.012821}, {"source": 28, "target": 33, "weight": 0.035088}, {"source": 30, "target": 31, "weight": 0.135447}, {"source": 30, "target": 32, "weight": 0.005952}, {"source": 31, "target": 37, "weight": 0.003096}, {"source": 31, "target": 32, "weight": 0.006349}, {"source": 31, "target": 33, "weight": 0.006623}, {"source": 31, "target": 35, "weight": 0.01634}, {"source": 31, "target": 36, "weight": 0.025751}, {"source": 31, "target": 40, "weight": 0.024038}, {"source": 31, "target": 42, "weight": 0.01676}, {"source": 31, "target": 44, "weight": 0.017937}, {"source": 31, "target": 48, "weight": 0.009709}, {"source": 31, "target": 50, "weight": 0.007042}, {"source": 31, "target": 51, "weight": 0.121107}, {"source": 32, "target": 37, "weight": 0.010204}, {"source": 32, "target": 40, "weight": 0.015152}, {"source": 32, "target": 42, "weight": 0.022059}, {"source": 32, "target": 35, "weight": 0.011765}, {"source": 32, "target": 36, "weight": 0.007968}, {"source": 32, "target": 33, "weight": 0.012821}, {"source": 32, "target": 51, "weight": 0.03125}, {"source": 34, "target": 42, "weight": 0.009346}, {"source": 36, "target": 42, "weight": 0.010101}, {"source": 37, "target": 42, "weight": 0.006897}, {"source": 37, "target": 43, "weight": 0.009434}, {"source": 39, "target": 41, "weight": 0.255319}, {"source": 39, "target": 42, "weight": 0.017544}, {"source": 39, "target": 49, "weight": 0.135135}, {"source": 40, "target": 42, "weight": 0.00813}, {"source": 41, "target": 42, "weight": 0.007813}, {"source": 41, "target": 49, "weight": 0.021053}, {"source": 42, "target": 44, "weight": 0.003636}, {"source": 42, "target": 46, "weight": 0.008403}, {"source": 42, "target": 49, "weight": 0.047619}, {"source": 42, "target": 51, "weight": 0.006897}, {"source": 43, "target": 45, "weight": 0.014925}, {"source": 43, "target": 49, "weight": 0.008772}, {"source": 44, "target": 45, "weight": 0.005102}, {"source": 44, "target": 49, "weight": 0.004115}, {"source": 46, "target": 49, "weight": 0.035294}], "multigraph": false}