{"directed": false, "graph": {}, "nodes": [{"group": 0, "id": "juvenile", "degree": 7}, {"group": 1, "id": "just", "degree": 7}, {"group": 0, "id": "juvenility", "degree": 2}, {"group": 3, "id": "jurisdiction", "degree": 10}, {"group": 0, "id": "juicy"}, {"group": 0, "id": "juggler", "degree": 1}, {"group": 2, "id": "judiciously", "degree": 1}, {"group": 4, "id": "jump"}, {"group": 0, "id": "juice", "degree": 2}, {"group": 5, "id": "junkie", "degree": 0}, {"group": 4, "id": "junket", "degree": 2}, {"group": 0, "id": "juiciness"}, {"group": 6, "id": "jumble"}, {"group": 7, "id": "jubilate"}, {"group": 7, "id": "jubilee", "degree": 3}, {"group": 0, "id": "jughead", "degree": 1}, {"group": 0, "id": "junior", "degree": 3}, {"group": 3, "id": "judiciousness"}, {"group": 3, "id": "justice", "degree": 18}, {"group": 1, "id": "justifiable", "degree": 8}, {"group": 4, "id": "junta"}, {"group": 0, "id": "juggle", "degree": 2}, {"group": 1, "id": "judicious"}, {"group": 1, "id": "justified", "degree": 6}, {"group": 8, "id": "jukebox", "degree": 0}, {"group": 0, "id": "jumper", "degree": 0}, {"group": 2, "id": "justly"}, {"group": 0, "id": "junk"}, {"group": 3, "id": "justification"}, {"group": 4, "id": "junction", "degree": 10}, {"group": 0, "id": "jug", "degree": 2}, {"group": 3, "id": "judiciary"}, {"group": 3, "id": "judgement", "degree": 3}, {"group": 7, "id": "jubilation"}, {"group": 4, "id": "jut", "degree": 3}, {"group": 3, "id": "judge"}, {"group": 3, "id": "judgment"}, {"group": 0, "id": "jutty"}, {"group": 4, "id": "juiceless", "degree": 1}, {"group": 7, "id": "jubilant", "degree": 0}, {"group": 4, "id": "juncture", "degree": 5}, {"group": 3, "id": "jus"}, {"group": 4, "id": "juxtapose"}, {"group": 1, "id": "judicial", "degree": 8}, {"group": 3, "id": "judicature", "degree": 10}, {"group": 4, "id": "juxtaposition"}, {"group": 3, "id": "judgmental", "degree": 5}, {"group": 4, "id": "jutting"}, {"group": 6, "id": "jungle", "degree": 3}, {"group": 1, "id": "jumbo"}, {"group": 1, "id": "juridical"}, {"group": 3, "id": "junking"}, {"group": 6, "id": "jumbled"}, {"group": 3, "id": "justify"}], "links": [{"source": 0, "target": 2, "weight": 0.012048}, {"source": 0, "target": 29, "weight": 0.003521}, {"source": 0, "target": 18, "weight": 0.007299}, {"source": 0, "target": 4, "weight": 0.056338}, {"source": 0, "target": 16, "weight": 0.109375}, {"source": 0, "target": 12, "weight": 0.005025}, {"source": 0, "target": 37, "weight": 0.009259}, {"source": 0, "target": 25, "weight": 0.00885}, {"source": 1, "target": 26, "weight": 0.004464}, {"source": 1, "target": 3, "weight": 0.003021}, {"source": 1, "target": 18, "weight": 0.003663}, {"source": 1, "target": 43, "weight": 0.073276}, {"source": 1, "target": 19, "weight": 0.155556}, {"source": 1, "target": 4, "weight": 0.003509}, {"source": 1, "target": 31, "weight": 0.004425}, {"source": 1, "target": 46, "weight": 0.00431}, {"source": 1, "target": 28, "weight": 0.004098}, {"source": 1, "target": 49, "weight": 0.008264}, {"source": 1, "target": 23, "weight": 0.103139}, {"source": 1, "target": 22, "weight": 0.033835}, {"source": 1, "target": 50, "weight": 0.07907}, {"source": 2, "target": 7, "weight": 0.004255}, {"source": 2, "target": 11, "weight": 0.052632}, {"source": 2, "target": 16, "weight": 0.014493}, {"source": 3, "target": 28, "weight": 0.006757}, {"source": 3, "target": 41, "weight": 0.007042}, {"source": 3, "target": 18, "weight": 0.022989}, {"source": 3, "target": 31, "weight": 0.007692}, {"source": 3, "target": 44, "weight": 0.007874}, {"source": 3, "target": 20, "weight": 0.008696}, {"source": 3, "target": 17, "weight": 0.011364}, {"source": 3, "target": 10, "weight": 0.007092}, {"source": 3, "target": 35, "weight": 0.020202}, {"source": 3, "target": 36, "weight": 0.010101}, {"source": 3, "target": 51, "weight": 0.007692}, {"source": 3, "target": 53, "weight": 0.006211}, {"source": 4, "target": 19, "weight": 0.008547}, {"source": 4, "target": 8, "weight": 0.022727}, {"source": 4, "target": 23, "weight": 0.009709}, {"source": 4, "target": 16, "weight": 0.007407}, {"source": 5, "target": 27, "weight": 0.008197}, {"source": 6, "target": 26, "weight": 0.086957}, {"source": 7, "target": 29, "weight": 0.011574}, {"source": 7, "target": 30, "weight": 0.003774}, {"source": 7, "target": 40, "weight": 0.006826}, {"source": 7, "target": 34, "weight": 0.004}, {"source": 7, "target": 10, "weight": 0.016}, {"source": 7, "target": 38, "weight": 0.004202}, {"source": 8, "target": 27, "weight": 0.01626}, {"source": 12, "target": 29, "weight": 0.015432}, {"source": 12, "target": 48, "weight": 0.072368}, {"source": 13, "target": 18, "weight": 0.010753}, {"source": 13, "target": 14, "weight": 0.030769}, {"source": 14, "target": 33, "weight": 0.2}, {"source": 14, "target": 39, "weight": 0.019608}, {"source": 15, "target": 30, "weight": 0.016393}, {"source": 15, "target": 25, "weight": 0.016393}, {"source": 16, "target": 37, "weight": 0.010638}, {"source": 17, "target": 18, "weight": 0.034483}, {"source": 17, "target": 32, "weight": 0.041096}, {"source": 17, "target": 44, "weight": 0.029412}, {"source": 18, "target": 29, "weight": 0.003759}, {"source": 18, "target": 46, "weight": 0.012821}, {"source": 18, "target": 43, "weight": 0.010638}, {"source": 18, "target": 19, "weight": 0.009524}, {"source": 18, "target": 36, "weight": 0.021583}, {"source": 18, "target": 31, "weight": 0.028169}, {"source": 18, "target": 44, "weight": 0.044776}, {"source": 18, "target": 20, "weight": 0.00578}, {"source": 18, "target": 32, "weight": 0.013333}, {"source": 18, "target": 28, "weight": 0.045977}, {"source": 18, "target": 35, "weight": 0.051095}, {"source": 18, "target": 23, "weight": 0.010989}, {"source": 18, "target": 22, "weight": 0.008333}, {"source": 19, "target": 26, "weight": 0.017857}, {"source": 19, "target": 28, "weight": 0.013158}, {"source": 19, "target": 43, "weight": 0.08}, {"source": 19, "target": 22, "weight": 0.07}, {"source": 19, "target": 50, "weight": 0.103448}, {"source": 19, "target": 23, "weight": 0.392857}, {"source": 20, "target": 29, "weight": 0.171533}, {"source": 20, "target": 43, "weight": 0.006757}, {"source": 20, "target": 44, "weight": 0.016393}, {"source": 20, "target": 40, "weight": 0.011299}, {"source": 20, "target": 21, "weight": 0.006623}, {"source": 21, "target": 27, "weight": 0.021127}, {"source": 22, "target": 43, "weight": 0.170732}, {"source": 22, "target": 44, "weight": 0.014286}, {"source": 22, "target": 46, "weight": 0.038961}, {"source": 22, "target": 23, "weight": 0.01087}, {"source": 23, "target": 26, "weight": 0.02381}, {"source": 23, "target": 28, "weight": 0.016129}, {"source": 23, "target": 43, "weight": 0.063492}, {"source": 23, "target": 50, "weight": 0.086957}, {"source": 27, "target": 48, "weight": 0.006803}, {"source": 28, "target": 29, "weight": 0.004219}, {"source": 29, "target": 45, "weight": 0.158654}, {"source": 29, "target": 42, "weight": 0.008547}, {"source": 29, "target": 40, "weight": 0.038168}, {"source": 29, "target": 35, "weight": 0.003448}, {"source": 29, "target": 36, "weight": 0.003472}, {"source": 29, "target": 37, "weight": 0.004219}, {"source": 29, "target": 53, "weight": 0.004}, {"source": 31, "target": 43, "weight": 0.116279}, {"source": 31, "target": 44, "weight": 0.352941}, {"source": 31, "target": 46, "weight": 0.103448}, {"source": 32, "target": 36, "weight": 0.113636}, {"source": 32, "target": 44, "weight": 0.04}, {"source": 32, "target": 41, "weight": 0.025}, {"source": 34, "target": 40, "weight": 0.011765}, {"source": 34, "target": 47, "weight": 0.057143}, {"source": 35, "target": 44, "weight": 0.010753}, {"source": 36, "target": 43, "weight": 0.008621}, {"source": 36, "target": 44, "weight": 0.033708}, {"source": 36, "target": 46, "weight": 0.01}, {"source": 37, "target": 40, "weight": 0.010526}, {"source": 40, "target": 45, "weight": 0.042105}, {"source": 43, "target": 44, "weight": 0.022727}, {"source": 43, "target": 46, "weight": 0.058824}, {"source": 43, "target": 50, "weight": 0.472222}, {"source": 44, "target": 46, "weight": 0.035714}, {"source": 46, "target": 50, "weight": 0.027778}, {"source": 48, "target": 52, "weight": 0.020408}], "multigraph": false}