{"directed": false, "graph": {}, "nodes": [{"group": 0, "id": "kernel", "degree": 4}, {"group": 1, "id": "keenness", "degree": 2}, {"group": 2, "id": "keyboard", "degree": 2}, {"group": 1, "id": "keister"}, {"group": 1, "id": "kedge"}, {"group": 1, "id": "keno", "degree": 0}, {"group": 2, "id": "keys"}, {"group": 0, "id": "keystone"}, {"group": 1, "id": "ken", "degree": 5}, {"group": 1, "id": "keynote"}, {"group": 3, "id": "kelpie", "degree": 0}, {"group": 1, "id": "kerosene"}, {"group": 1, "id": "keyhole"}, {"group": 1, "id": "key", "degree": 4}, {"group": 1, "id": "keeper"}, {"group": 1, "id": "keeping", "degree": 1}, {"group": 1, "id": "kept"}, {"group": 4, "id": "keenly", "degree": 0}, {"group": 1, "id": "keep", "degree": 9}, {"group": 1, "id": "keen"}, {"group": 1, "id": "keel", "degree": 3}, {"group": 5, "id": "keelhauling", "degree": 0}, {"group": 1, "id": "kennel", "degree": 4}], "links": [{"source": 0, "target": 1, "weight": 0.006369}, {"source": 0, "target": 19, "weight": 0.002469}, {"source": 0, "target": 7, "weight": 0.211111}, {"source": 0, "target": 13, "weight": 0.015306}, {"source": 0, "target": 18, "weight": 0.002994}, {"source": 1, "target": 8, "weight": 0.019108}, {"source": 1, "target": 9, "weight": 0.00641}, {"source": 1, "target": 19, "weight": 0.007264}, {"source": 1, "target": 18, "weight": 0.002907}, {"source": 2, "target": 6, "weight": 0.529412}, {"source": 2, "target": 19, "weight": 0.005865}, {"source": 3, "target": 20, "weight": 0.014493}, {"source": 4, "target": 18, "weight": 0.003676}, {"source": 5, "target": 8, "weight": 0.011765}, {"source": 7, "target": 13, "weight": 0.006289}, {"source": 7, "target": 18, "weight": 0.00339}, {"source": 8, "target": 9, "weight": 0.006757}, {"source": 8, "target": 12, "weight": 0.010526}, {"source": 8, "target": 18, "weight": 0.008982}, {"source": 9, "target": 22, "weight": 0.007092}, {"source": 9, "target": 13, "weight": 0.042105}, {"source": 9, "target": 18, "weight": 0.003003}, {"source": 11, "target": 13, "weight": 0.006494}, {"source": 13, "target": 18, "weight": 0.010471}, {"source": 13, "target": 19, "weight": 0.006608}, {"source": 13, "target": 20, "weight": 0.005376}, {"source": 13, "target": 22, "weight": 0.005181}, {"source": 14, "target": 18, "weight": 0.003472}, {"source": 15, "target": 18, "weight": 0.04451}, {"source": 16, "target": 18, "weight": 0.00369}, {"source": 18, "target": 19, "weight": 0.003384}, {"source": 18, "target": 22, "weight": 0.009174}, {"source": 19, "target": 20, "weight": 0.005102}, {"source": 20, "target": 22, "weight": 0.007692}], "multigraph": false}