{"directed": false, "graph": {}, "nodes": [{"group": 4, "id": "kidding", "degree": 1}, {"group": 4, "id": "kickshaw", "degree": 6}, {"group": 2, "id": "kiln", "degree": 4}, {"group": 6, "id": "kingmaker", "degree": 0}, {"group": 0, "id": "kinky"}, {"group": 4, "id": "kisser"}, {"group": 1, "id": "kinfolk", "degree": 6}, {"group": 2, "id": "kill"}, {"group": 5, "id": "kilocycle"}, {"group": 5, "id": "kilo"}, {"group": 0, "id": "kidnap", "degree": 3}, {"group": 0, "id": "killjoy"}, {"group": 6, "id": "kidney", "degree": 15}, {"group": 2, "id": "kite"}, {"group": 6, "id": "kindness", "degree": 5}, {"group": 3, "id": "kindhearted"}, {"group": 6, "id": "kin"}, {"group": 0, "id": "kidder", "degree": 1}, {"group": 6, "id": "kingship", "degree": 2}, {"group": 4, "id": "kitty", "degree": 8}, {"group": 6, "id": "kismet"}, {"group": 5, "id": "kilometer", "degree": 4}, {"group": 5, "id": "kingly", "degree": 4}, {"group": 0, "id": "kinked", "degree": 2}, {"group": 7, "id": "kitchen", "degree": 0}, {"group": 4, "id": "kittenish"}, {"group": 2, "id": "kick", "degree": 15}, {"group": 8, "id": "kibitz"}, {"group": 6, "id": "kingdom", "degree": 5}, {"group": 0, "id": "kidnapping"}, {"group": 3, "id": "kinesis", "degree": 1}, {"group": 1, "id": "kibbutz", "degree": 1}, {"group": 1, "id": "kindred"}, {"group": 2, "id": "kindling"}, {"group": 4, "id": "killer"}, {"group": 0, "id": "kiosk"}, {"group": 4, "id": "kit", "degree": 8}, {"group": 8, "id": "kibitzer", "degree": 1}, {"group": 6, "id": "kittycorner"}, {"group": 0, "id": "kicker", "degree": 4}, {"group": 2, "id": "kiss"}, {"group": 4, "id": "kitten", "degree": 7}, {"group": 1, "id": "killing"}, {"group": 0, "id": "kitsch", "degree": 1}, {"group": 6, "id": "kishkes"}, {"group": 2, "id": "kibosh", "degree": 4}, {"group": 4, "id": "kid", "degree": 2}, {"group": 0, "id": "king", "degree": 10}, {"group": 6, "id": "kind"}, {"group": 4, "id": "kine", "degree": 5}, {"group": 3, "id": "kindly"}, {"group": 2, "id": "kickback"}, {"group": 3, "id": "kinetics"}, {"group": 0, "id": "kink"}, {"group": 1, "id": "kinsmen", "degree": 8}, {"group": 2, "id": "kipper"}, {"group": 3, "id": "kindle", "degree": 9}, {"group": 1, "id": "kinship", "degree": 10}], "links": [{"source": 0, "target": 1, "weight": 0.025862}, {"source": 0, "target": 53, "weight": 0.005587}, {"source": 0, "target": 46, "weight": 0.068966}, {"source": 1, "target": 48, "weight": 0.004167}, {"source": 1, "target": 16, "weight": 0.006536}, {"source": 1, "target": 53, "weight": 0.005263}, {"source": 1, "target": 26, "weight": 0.010453}, {"source": 1, "target": 12, "weight": 0.00625}, {"source": 1, "target": 46, "weight": 0.015038}, {"source": 2, "target": 55, "weight": 0.148148}, {"source": 2, "target": 33, "weight": 0.02439}, {"source": 2, "target": 7, "weight": 0.00578}, {"source": 2, "target": 26, "weight": 0.003937}, {"source": 2, "target": 40, "weight": 0.025974}, {"source": 2, "target": 56, "weight": 0.024691}, {"source": 2, "target": 45, "weight": 0.017241}, {"source": 3, "target": 18, "weight": 0.018868}, {"source": 4, "target": 23, "weight": 0.025}, {"source": 4, "target": 49, "weight": 0.012048}, {"source": 4, "target": 39, "weight": 0.009259}, {"source": 4, "target": 45, "weight": 0.010753}, {"source": 5, "target": 14, "weight": 0.011111}, {"source": 5, "target": 36, "weight": 0.01}, {"source": 5, "target": 19, "weight": 0.017857}, {"source": 5, "target": 26, "weight": 0.004}, {"source": 5, "target": 41, "weight": 0.012987}, {"source": 6, "target": 28, "weight": 0.014706}, {"source": 6, "target": 48, "weight": 0.021053}, {"source": 6, "target": 32, "weight": 0.309091}, {"source": 6, "target": 42, "weight": 0.006944}, {"source": 6, "target": 54, "weight": 0.894737}, {"source": 6, "target": 16, "weight": 0.188889}, {"source": 6, "target": 7, "weight": 0.006211}, {"source": 6, "target": 12, "weight": 0.017857}, {"source": 6, "target": 57, "weight": 0.044118}, {"source": 7, "target": 28, "weight": 0.005155}, {"source": 7, "target": 12, "weight": 0.008403}, {"source": 7, "target": 19, "weight": 0.005747}, {"source": 7, "target": 54, "weight": 0.006211}, {"source": 7, "target": 26, "weight": 0.00545}, {"source": 7, "target": 56, "weight": 0.015464}, {"source": 7, "target": 10, "weight": 0.006711}, {"source": 7, "target": 45, "weight": 0.067901}, {"source": 7, "target": 57, "weight": 0.005102}, {"source": 8, "target": 21, "weight": 0.75}, {"source": 8, "target": 22, "weight": 0.022727}, {"source": 9, "target": 21, "weight": 0.428571}, {"source": 9, "target": 22, "weight": 0.02}, {"source": 10, "target": 29, "weight": 0.052632}, {"source": 10, "target": 53, "weight": 0.007634}, {"source": 11, "target": 39, "weight": 0.058824}, {"source": 11, "target": 26, "weight": 0.004274}, {"source": 12, "target": 50, "weight": 0.006623}, {"source": 12, "target": 28, "weight": 0.035211}, {"source": 12, "target": 48, "weight": 0.208889}, {"source": 12, "target": 44, "weight": 0.223214}, {"source": 12, "target": 38, "weight": 0.019231}, {"source": 12, "target": 15, "weight": 0.008621}, {"source": 12, "target": 32, "weight": 0.034483}, {"source": 12, "target": 53, "weight": 0.013699}, {"source": 12, "target": 42, "weight": 0.004505}, {"source": 12, "target": 20, "weight": 0.008929}, {"source": 12, "target": 54, "weight": 0.017857}, {"source": 12, "target": 16, "weight": 0.275862}, {"source": 12, "target": 41, "weight": 0.006803}, {"source": 12, "target": 14, "weight": 0.00625}, {"source": 12, "target": 36, "weight": 0.005882}, {"source": 12, "target": 26, "weight": 0.003125}, {"source": 12, "target": 57, "weight": 0.006757}, {"source": 13, "target": 45, "weight": 0.020408}, {"source": 14, "target": 28, "weight": 0.008696}, {"source": 14, "target": 48, "weight": 0.008368}, {"source": 14, "target": 39, "weight": 0.009259}, {"source": 14, "target": 16, "weight": 0.006536}, {"source": 14, "target": 40, "weight": 0.00885}, {"source": 14, "target": 57, "weight": 0.035088}, {"source": 15, "target": 56, "weight": 0.013699}, {"source": 16, "target": 28, "weight": 0.085271}, {"source": 16, "target": 31, "weight": 0.008696}, {"source": 16, "target": 36, "weight": 0.006135}, {"source": 16, "target": 54, "weight": 0.188889}, {"source": 16, "target": 41, "weight": 0.007143}, {"source": 16, "target": 57, "weight": 0.028986}, {"source": 17, "target": 47, "weight": 0.012821}, {"source": 17, "target": 39, "weight": 0.016129}, {"source": 17, "target": 46, "weight": 0.011364}, {"source": 18, "target": 28, "weight": 0.045977}, {"source": 18, "target": 47, "weight": 0.020408}, {"source": 19, "target": 34, "weight": 0.011111}, {"source": 19, "target": 44, "weight": 0.014085}, {"source": 19, "target": 36, "weight": 0.104167}, {"source": 19, "target": 25, "weight": 0.019608}, {"source": 19, "target": 41, "weight": 0.136986}, {"source": 19, "target": 56, "weight": 0.012048}, {"source": 19, "target": 46, "weight": 0.020202}, {"source": 21, "target": 48, "weight": 0.005495}, {"source": 21, "target": 22, "weight": 0.022727}, {"source": 22, "target": 47, "weight": 0.020833}, {"source": 22, "target": 48, "weight": 0.023923}, {"source": 22, "target": 25, "weight": 0.017241}, {"source": 23, "target": 53, "weight": 0.014184}, {"source": 25, "target": 36, "weight": 0.010526}, {"source": 25, "target": 41, "weight": 0.013889}, {"source": 26, "target": 47, "weight": 0.003521}, {"source": 26, "target": 49, "weight": 0.004115}, {"source": 26, "target": 51, "weight": 0.056}, {"source": 26, "target": 53, "weight": 0.011527}, {"source": 26, "target": 39, "weight": 0.007491}, {"source": 26, "target": 40, "weight": 0.033962}, {"source": 26, "target": 41, "weight": 0.003623}, {"source": 26, "target": 56, "weight": 0.010909}, {"source": 26, "target": 42, "weight": 0.002849}, {"source": 26, "target": 44, "weight": 0.003774}, {"source": 26, "target": 46, "weight": 0.003401}, {"source": 27, "target": 37, "weight": 0.088889}, {"source": 28, "target": 48, "weight": 0.041284}, {"source": 28, "target": 32, "weight": 0.019417}, {"source": 28, "target": 36, "weight": 0.008}, {"source": 28, "target": 54, "weight": 0.014706}, {"source": 29, "target": 39, "weight": 0.017544}, {"source": 30, "target": 56, "weight": 0.030303}, {"source": 30, "target": 52, "weight": 0.451613}, {"source": 31, "target": 57, "weight": 0.025641}, {"source": 32, "target": 54, "weight": 0.309091}, {"source": 32, "target": 57, "weight": 0.215909}, {"source": 35, "target": 47, "weight": 0.012048}, {"source": 36, "target": 47, "weight": 0.007463}, {"source": 36, "target": 39, "weight": 0.008475}, {"source": 36, "target": 49, "weight": 0.021739}, {"source": 36, "target": 40, "weight": 0.00813}, {"source": 36, "target": 53, "weight": 0.005}, {"source": 36, "target": 41, "weight": 0.322917}, {"source": 36, "target": 46, "weight": 0.169355}, {"source": 39, "target": 47, "weight": 0.009709}, {"source": 39, "target": 53, "weight": 0.011905}, {"source": 41, "target": 48, "weight": 0.004405}, {"source": 41, "target": 49, "weight": 0.028986}, {"source": 41, "target": 46, "weight": 0.370787}, {"source": 42, "target": 54, "weight": 0.006944}, {"source": 42, "target": 57, "weight": 0.005587}, {"source": 43, "target": 47, "weight": 0.011111}, {"source": 43, "target": 48, "weight": 0.004854}, {"source": 46, "target": 47, "weight": 0.007752}, {"source": 46, "target": 49, "weight": 0.022989}, {"source": 46, "target": 56, "weight": 0.008197}, {"source": 47, "target": 48, "weight": 0.004255}, {"source": 48, "target": 54, "weight": 0.021053}, {"source": 48, "target": 56, "weight": 0.004386}, {"source": 48, "target": 57, "weight": 0.004386}, {"source": 50, "target": 56, "weight": 0.009259}, {"source": 52, "target": 56, "weight": 0.024691}, {"source": 54, "target": 57, "weight": 0.044118}], "multigraph": false}