{"directed": false, "graph": {}, "nodes": [{"group": 0, "id": "knob", "degree": 10}, {"group": 1, "id": "knavish", "degree": 5}, {"group": 1, "id": "knockout", "degree": 3}, {"group": 1, "id": "knowledgeable"}, {"group": 2, "id": "knotted"}, {"group": 1, "id": "knub", "degree": 3}, {"group": 2, "id": "knitted"}, {"group": 1, "id": "knightly", "degree": 2}, {"group": 1, "id": "knell"}, {"group": 1, "id": "knickknack", "degree": 6}, {"group": 2, "id": "knobbed"}, {"group": 1, "id": "knowingly", "degree": 1}, {"group": 1, "id": "knowledge", "degree": 5}, {"group": 0, "id": "knurl", "degree": 12}, {"group": 0, "id": "knead"}, {"group": 3, "id": "knuckle", "degree": 10}, {"group": 0, "id": "knoll"}, {"group": 0, "id": "knothole"}, {"group": 3, "id": "kneel", "degree": 4}, {"group": 2, "id": "knobby", "degree": 5}, {"group": 1, "id": "knowing"}, {"group": 3, "id": "knitting", "degree": 4}, {"group": 4, "id": "knockwurst", "degree": 0}, {"group": 1, "id": "know"}, {"group": 0, "id": "knot", "degree": 10}, {"group": 3, "id": "knee"}, {"group": 1, "id": "knack", "degree": 7}, {"group": 0, "id": "knit", "degree": 13}, {"group": 1, "id": "knock"}, {"group": 5, "id": "knighthood", "degree": 0}, {"group": 1, "id": "knight"}, {"group": 3, "id": "knocker"}, {"group": 1, "id": "knife", "degree": 4}, {"group": 1, "id": "knave", "degree": 6}, {"group": 2, "id": "knotty"}, {"group": 2, "id": "knurled"}, {"group": 1, "id": "knavery"}], "links": [{"source": 0, "target": 28, "weight": 0.013889}, {"source": 0, "target": 34, "weight": 0.007042}, {"source": 0, "target": 13, "weight": 0.458716}, {"source": 0, "target": 30, "weight": 0.006289}, {"source": 0, "target": 4, "weight": 0.004739}, {"source": 0, "target": 5, "weight": 0.019802}, {"source": 0, "target": 25, "weight": 0.006211}, {"source": 0, "target": 15, "weight": 0.014493}, {"source": 0, "target": 8, "weight": 0.006667}, {"source": 0, "target": 24, "weight": 0.232727}, {"source": 0, "target": 16, "weight": 0.141414}, {"source": 0, "target": 17, "weight": 0.009434}, {"source": 0, "target": 9, "weight": 0.021583}, {"source": 0, "target": 27, "weight": 0.029412}, {"source": 0, "target": 18, "weight": 0.009434}, {"source": 0, "target": 23, "weight": 0.007353}, {"source": 1, "target": 20, "weight": 0.017143}, {"source": 1, "target": 28, "weight": 0.010582}, {"source": 1, "target": 4, "weight": 0.005464}, {"source": 1, "target": 34, "weight": 0.008772}, {"source": 1, "target": 36, "weight": 0.027778}, {"source": 2, "target": 28, "weight": 0.005102}, {"source": 2, "target": 14, "weight": 0.014286}, {"source": 2, "target": 26, "weight": 0.010101}, {"source": 2, "target": 8, "weight": 0.015748}, {"source": 2, "target": 33, "weight": 0.008696}, {"source": 3, "target": 12, "weight": 0.01087}, {"source": 4, "target": 15, "weight": 0.00565}, {"source": 4, "target": 24, "weight": 0.013441}, {"source": 4, "target": 19, "weight": 0.078125}, {"source": 5, "target": 21, "weight": 0.020833}, {"source": 5, "target": 13, "weight": 0.023256}, {"source": 5, "target": 23, "weight": 0.015385}, {"source": 5, "target": 24, "weight": 0.007519}, {"source": 5, "target": 26, "weight": 0.02}, {"source": 5, "target": 27, "weight": 0.009709}, {"source": 6, "target": 19, "weight": 0.027778}, {"source": 7, "target": 30, "weight": 0.008475}, {"source": 7, "target": 14, "weight": 0.008197}, {"source": 8, "target": 12, "weight": 0.00813}, {"source": 8, "target": 24, "weight": 0.003175}, {"source": 8, "target": 13, "weight": 0.007407}, {"source": 9, "target": 28, "weight": 0.016304}, {"source": 9, "target": 13, "weight": 0.007937}, {"source": 9, "target": 24, "weight": 0.009868}, {"source": 9, "target": 16, "weight": 0.0125}, {"source": 9, "target": 26, "weight": 0.097561}, {"source": 9, "target": 36, "weight": 0.009434}, {"source": 10, "target": 19, "weight": 0.529412}, {"source": 11, "target": 20, "weight": 0.007463}, {"source": 12, "target": 20, "weight": 0.005618}, {"source": 12, "target": 26, "weight": 0.021505}, {"source": 12, "target": 23, "weight": 0.018519}, {"source": 13, "target": 28, "weight": 0.025126}, {"source": 13, "target": 23, "weight": 0.008264}, {"source": 13, "target": 14, "weight": 0.006757}, {"source": 13, "target": 25, "weight": 0.006849}, {"source": 13, "target": 15, "weight": 0.01626}, {"source": 13, "target": 18, "weight": 0.010989}, {"source": 13, "target": 24, "weight": 0.186813}, {"source": 13, "target": 16, "weight": 0.020833}, {"source": 13, "target": 17, "weight": 0.010989}, {"source": 13, "target": 27, "weight": 0.025641}, {"source": 13, "target": 32, "weight": 0.01087}, {"source": 14, "target": 24, "weight": 0.012308}, {"source": 14, "target": 26, "weight": 0.018182}, {"source": 14, "target": 27, "weight": 0.037736}, {"source": 15, "target": 21, "weight": 0.02381}, {"source": 15, "target": 24, "weight": 0.016667}, {"source": 15, "target": 31, "weight": 0.016949}, {"source": 15, "target": 33, "weight": 0.009709}, {"source": 15, "target": 25, "weight": 0.361702}, {"source": 15, "target": 27, "weight": 0.014388}, {"source": 15, "target": 18, "weight": 0.013889}, {"source": 16, "target": 24, "weight": 0.007246}, {"source": 16, "target": 27, "weight": 0.00885}, {"source": 16, "target": 32, "weight": 0.021739}, {"source": 17, "target": 27, "weight": 0.009346}, {"source": 17, "target": 24, "weight": 0.00369}, {"source": 18, "target": 28, "weight": 0.006623}, {"source": 18, "target": 24, "weight": 0.007407}, {"source": 18, "target": 25, "weight": 0.010638}, {"source": 19, "target": 34, "weight": 0.169492}, {"source": 19, "target": 35, "weight": 0.714286}, {"source": 21, "target": 28, "weight": 0.006098}, {"source": 21, "target": 24, "weight": 0.003521}, {"source": 21, "target": 25, "weight": 0.018868}, {"source": 21, "target": 27, "weight": 0.025424}, {"source": 23, "target": 24, "weight": 0.003322}, {"source": 23, "target": 26, "weight": 0.011905}, {"source": 23, "target": 27, "weight": 0.007299}, {"source": 24, "target": 28, "weight": 0.007874}, {"source": 24, "target": 34, "weight": 0.003257}, {"source": 24, "target": 30, "weight": 0.003086}, {"source": 24, "target": 25, "weight": 0.018692}, {"source": 24, "target": 33, "weight": 0.003311}, {"source": 24, "target": 26, "weight": 0.010563}, {"source": 24, "target": 27, "weight": 0.093248}, {"source": 25, "target": 32, "weight": 0.010526}, {"source": 25, "target": 27, "weight": 0.012422}, {"source": 26, "target": 28, "weight": 0.006024}, {"source": 26, "target": 33, "weight": 0.011765}, {"source": 26, "target": 27, "weight": 0.008197}, {"source": 26, "target": 36, "weight": 0.023529}, {"source": 27, "target": 28, "weight": 0.004566}, {"source": 27, "target": 34, "weight": 0.006993}, {"source": 28, "target": 33, "weight": 0.005495}, {"source": 30, "target": 33, "weight": 0.059829}, {"source": 30, "target": 32, "weight": 0.021739}, {"source": 33, "target": 36, "weight": 0.009804}], "multigraph": false}