{"directed": false, "graph": {}, "nodes": [{"group": 0, "id": "lace", "degree": 25}, {"group": 1, "id": "languorous"}, {"group": 2, "id": "lack"}, {"group": 1, "id": "lavish", "degree": 29}, {"group": 3, "id": "lappet"}, {"group": 1, "id": "lacy", "degree": 16}, {"group": 2, "id": "laxity", "degree": 17}, {"group": 2, "id": "lallygag"}, {"group": 4, "id": "lasso"}, {"group": 1, "id": "laced", "degree": 2}, {"group": 4, "id": "lariat", "degree": 9}, {"group": 4, "id": "layout"}, {"group": 1, "id": "landloping", "degree": 6}, {"group": 1, "id": "lackluster"}, {"group": 1, "id": "lateral"}, {"group": 4, "id": "labor", "degree": 25}, {"group": 1, "id": "late", "degree": 22}, {"group": 0, "id": "lattice"}, {"group": 1, "id": "lauded"}, {"group": 3, "id": "latitude", "degree": 17}, {"group": 2, "id": "lawlessness", "degree": 3}, {"group": 1, "id": "languid"}, {"group": 4, "id": "lath"}, {"group": 2, "id": "lade"}, {"group": 2, "id": "laziness"}, {"group": 1, "id": "lacking", "degree": 12}, {"group": 4, "id": "larva", "degree": 14}, {"group": 0, "id": "launder", "degree": 9}, {"group": 4, "id": "lamebrain"}, {"group": 5, "id": "lady", "degree": 4}, {"group": 1, "id": "laconic", "degree": 15}, {"group": 4, "id": "laurels", "degree": 4}, {"group": 4, "id": "laud", "degree": 6}, {"group": 1, "id": "lapsed", "degree": 20}, {"group": 1, "id": "large", "degree": 18}, {"group": 1, "id": "landloper", "degree": 11}, {"group": 6, "id": "laughing", "degree": 6}, {"group": 5, "id": "landlord", "degree": 4}, {"group": 1, "id": "latitudinarian"}, {"group": 0, "id": "largo"}, {"group": 2, "id": "lantern"}, {"group": 2, "id": "lagging"}, {"group": 3, "id": "largesse"}, {"group": 3, "id": "largeness"}, {"group": 0, "id": "lawgiver"}, {"group": 1, "id": "lavender", "degree": 1}, {"group": 7, "id": "laboratory"}, {"group": 3, "id": "lanolin"}, {"group": 3, "id": "lavishness", "degree": 21}, {"group": 8, "id": "lachrymose", "degree": 5}, {"group": 5, "id": "laureate"}, {"group": 4, "id": "label"}, {"group": 1, "id": "lawmaking"}, {"group": 3, "id": "lard", "degree": 11}, {"group": 6, "id": "lark"}, {"group": 4, "id": "law"}, {"group": 2, "id": "lazy"}, {"group": 2, "id": "lag", "degree": 32}, {"group": 4, "id": "lacquer"}, {"group": 0, "id": "lawmaker"}, {"group": 3, "id": "lagniappe", "degree": 19}, {"group": 0, "id": "lapping", "degree": 6}, {"group": 4, "id": "ladino", "degree": 1}, {"group": 3, "id": "larynx"}, {"group": 10, "id": "landmass", "degree": 0}, {"group": 3, "id": "lawfulness", "degree": 3}, {"group": 1, "id": "latent", "degree": 19}, {"group": 1, "id": "laughable"}, {"group": 7, "id": "lawsuit"}, {"group": 2, "id": "laze", "degree": 21}, {"group": 5, "id": "lass", "degree": 19}, {"group": 1, "id": "lacerated"}, {"group": 4, "id": "language"}, {"group": 4, "id": "launch", "degree": 28}, {"group": 9, "id": "latrine", "degree": 6}, {"group": 8, "id": "lacteal", "degree": 5}, {"group": 1, "id": "labored"}, {"group": 8, "id": "lactation"}, {"group": 0, "id": "larrup"}, {"group": 1, "id": "lasting"}, {"group": 1, "id": "laryngitis"}, {"group": 1, "id": "lawless"}, {"group": 1, "id": "lavishly"}, {"group": 1, "id": "labial", "degree": 39}, {"group": 9, "id": "lavatory"}, {"group": 6, "id": "laugh", "degree": 12}, {"group": 1, "id": "lawful", "degree": 12}, {"group": 1, "id": "labyrinthine", "degree": 18}, {"group": 1, "id": "laudable", "degree": 11}, {"group": 4, "id": "languish"}, {"group": 2, "id": "lawbreaking"}, {"group": 1, "id": "laborious"}, {"group": 11, "id": "lamellate", "degree": 1}, {"group": 1, "id": "lacquered", "degree": 4}, {"group": 6, "id": "lambent", "degree": 1}, {"group": 1, "id": "lamentable"}, {"group": 4, "id": "lampoon", "degree": 2}, {"group": 0, "id": "lambaste", "degree": 20}, {"group": 1, "id": "largehearted"}, {"group": 0, "id": "lacing"}, {"group": 1, "id": "laboriously", "degree": 5}, {"group": 1, "id": "launching", "degree": 0}, {"group": 3, "id": "larder"}, {"group": 1, "id": "ladylike"}, {"group": 0, "id": "labyrinth"}, {"group": 7, "id": "lacerate"}, {"group": 4, "id": "lane"}, {"group": 4, "id": "landing", "degree": 17}, {"group": 5, "id": "landed", "degree": 4}, {"group": 2, "id": "last"}, {"group": 0, "id": "lather"}, {"group": 1, "id": "laborer", "degree": 6}, {"group": 7, "id": "lament", "degree": 3}, {"group": 2, "id": "laxness", "degree": 13}, {"group": 2, "id": "lapse"}, {"group": 4, "id": "lackey", "degree": 5}, {"group": 1, "id": "languishing"}, {"group": 8, "id": "lachrymal"}, {"group": 4, "id": "latch", "degree": 15}, {"group": 6, "id": "laughter"}, {"group": 2, "id": "lassitude"}, {"group": 5, "id": "laird", "degree": 12}, {"group": 3, "id": "layer", "degree": 5}, {"group": 2, "id": "layoff"}, {"group": 4, "id": "laughingstock", "degree": 7}, {"group": 2, "id": "lateness", "degree": 4}, {"group": 11, "id": "laminated"}, {"group": 1, "id": "lascivious", "degree": 8}, {"group": 2, "id": "laggard"}, {"group": 0, "id": "landscape", "degree": 2}, {"group": 2, "id": "languor", "degree": 15}, {"group": 5, "id": "lamb", "degree": 5}, {"group": 2, "id": "latency"}, {"group": 7, "id": "laceration", "degree": 29}, {"group": 7, "id": "lancinate", "degree": 5}, {"group": 4, "id": "lame"}, {"group": 0, "id": "lave"}, {"group": 4, "id": "ladle"}, {"group": 4, "id": "lava", "degree": 2}, {"group": 1, "id": "lackadaisical"}, {"group": 3, "id": "largess", "degree": 9}, {"group": 2, "id": "lamp", "degree": 7}, {"group": 5, "id": "landholding", "degree": 1}, {"group": 4, "id": "lance"}, {"group": 0, "id": "lam", "degree": 12}, {"group": 4, "id": "lading"}, {"group": 1, "id": "lanky"}, {"group": 5, "id": "lad"}, {"group": 0, "id": "lashing", "degree": 4}, {"group": 0, "id": "lash", "degree": 48}, {"group": 7, "id": "lamentation", "degree": 6}, {"group": 1, "id": "lax"}, {"group": 4, "id": "lay", "degree": 40}, {"group": 4, "id": "lair", "degree": 16}, {"group": 3, "id": "landslide", "degree": 19}, {"group": 4, "id": "lap", "degree": 40}, {"group": 4, "id": "laudanum", "degree": 2}, {"group": 4, "id": "lawn", "degree": 2}, {"group": 4, "id": "land", "degree": 40}, {"group": 3, "id": "largely"}, {"group": 3, "id": "laminate", "degree": 4}, {"group": 1, "id": "later", "degree": 4}, {"group": 0, "id": "lampooner"}, {"group": 2, "id": "lacuna", "degree": 23}, {"group": 0, "id": "lagoon"}, {"group": 3, "id": "lactate"}, {"group": 4, "id": "landmark"}, {"group": 2, "id": "latest", "degree": 8}, {"group": 1, "id": "lawbreaker"}, {"group": 5, "id": "landlady"}], "links": [{"source": 0, "target": 102, "weight": 0.00625}, {"source": 0, "target": 122, "weight": 0.007299}, {"source": 0, "target": 143, "weight": 0.013953}, {"source": 0, "target": 43, "weight": 0.005464}, {"source": 0, "target": 145, "weight": 0.005495}, {"source": 0, "target": 41, "weight": 0.005682}, {"source": 0, "target": 105, "weight": 0.018433}, {"source": 0, "target": 15, "weight": 0.012552}, {"source": 0, "target": 8, "weight": 0.032086}, {"source": 0, "target": 133, "weight": 0.005181}, {"source": 0, "target": 10, "weight": 0.02069}, {"source": 0, "target": 11, "weight": 0.004651}, {"source": 0, "target": 135, "weight": 0.015544}, {"source": 0, "target": 13, "weight": 0.005319}, {"source": 0, "target": 51, "weight": 0.010345}, {"source": 0, "target": 59, "weight": 0.007246}, {"source": 0, "target": 97, "weight": 0.088757}, {"source": 0, "target": 19, "weight": 0.011429}, {"source": 0, "target": 99, "weight": 0.241611}, {"source": 0, "target": 22, "weight": 0.026042}, {"source": 0, "target": 23, "weight": 0.00565}, {"source": 0, "target": 144, "weight": 0.006993}, {"source": 0, "target": 57, "weight": 0.00463}, {"source": 0, "target": 104, "weight": 0.014085}, {"source": 0, "target": 148, "weight": 0.013793}, {"source": 0, "target": 60, "weight": 0.011696}, {"source": 0, "target": 9, "weight": 0.006849}, {"source": 0, "target": 78, "weight": 0.098039}, {"source": 0, "target": 155, "weight": 0.028653}, {"source": 0, "target": 110, "weight": 0.05}, {"source": 0, "target": 158, "weight": 0.020661}, {"source": 0, "target": 71, "weight": 0.005291}, {"source": 0, "target": 73, "weight": 0.004926}, {"source": 0, "target": 30, "weight": 0.005882}, {"source": 0, "target": 114, "weight": 0.002778}, {"source": 0, "target": 33, "weight": 0.005102}, {"source": 0, "target": 17, "weight": 0.227848}, {"source": 0, "target": 165, "weight": 0.014286}, {"source": 0, "target": 149, "weight": 0.241706}, {"source": 0, "target": 39, "weight": 0.013158}, {"source": 0, "target": 44, "weight": 0.007246}, {"source": 0, "target": 40, "weight": 0.010417}, {"source": 1, "target": 158, "weight": 0.004255}, {"source": 1, "target": 66, "weight": 0.172222}, {"source": 1, "target": 12, "weight": 0.007194}, {"source": 1, "target": 25, "weight": 0.005348}, {"source": 1, "target": 83, "weight": 0.020942}, {"source": 1, "target": 33, "weight": 0.016393}, {"source": 1, "target": 16, "weight": 0.029851}, {"source": 1, "target": 3, "weight": 0.004032}, {"source": 1, "target": 152, "weight": 0.011765}, {"source": 1, "target": 5, "weight": 0.006098}, {"source": 1, "target": 130, "weight": 0.005882}, {"source": 1, "target": 69, "weight": 0.020548}, {"source": 2, "target": 133, "weight": 0.008264}, {"source": 2, "target": 70, "weight": 0.010204}, {"source": 2, "target": 125, "weight": 0.011765}, {"source": 2, "target": 113, "weight": 0.019802}, {"source": 2, "target": 57, "weight": 0.035714}, {"source": 2, "target": 6, "weight": 0.029703}, {"source": 2, "target": 163, "weight": 0.12605}, {"source": 2, "target": 167, "weight": 0.0125}, {"source": 3, "target": 102, "weight": 0.012422}, {"source": 3, "target": 143, "weight": 0.004566}, {"source": 3, "target": 21, "weight": 0.003472}, {"source": 3, "target": 103, "weight": 0.006211}, {"source": 3, "target": 82, "weight": 0.007194}, {"source": 3, "target": 83, "weight": 0.009709}, {"source": 3, "target": 127, "weight": 0.005714}, {"source": 3, "target": 84, "weight": 0.006211}, {"source": 3, "target": 88, "weight": 0.00578}, {"source": 3, "target": 89, "weight": 0.005682}, {"source": 3, "target": 16, "weight": 0.004566}, {"source": 3, "target": 48, "weight": 0.021164}, {"source": 3, "target": 136, "weight": 0.011628}, {"source": 3, "target": 140, "weight": 0.0125}, {"source": 3, "target": 18, "weight": 0.006623}, {"source": 3, "target": 53, "weight": 0.005587}, {"source": 3, "target": 98, "weight": 0.151316}, {"source": 3, "target": 22, "weight": 0.010152}, {"source": 3, "target": 23, "weight": 0.005587}, {"source": 3, "target": 144, "weight": 0.013889}, {"source": 3, "target": 56, "weight": 0.004425}, {"source": 3, "target": 58, "weight": 0.005464}, {"source": 3, "target": 137, "weight": 0.006993}, {"source": 3, "target": 81, "weight": 0.005525}, {"source": 3, "target": 107, "weight": 0.005435}, {"source": 3, "target": 151, "weight": 0.020468}, {"source": 3, "target": 152, "weight": 0.008475}, {"source": 3, "target": 67, "weight": 0.012346}, {"source": 3, "target": 91, "weight": 0.005025}, {"source": 3, "target": 155, "weight": 0.002778}, {"source": 3, "target": 110, "weight": 0.008658}, {"source": 3, "target": 70, "weight": 0.005814}, {"source": 3, "target": 109, "weight": 0.008163}, {"source": 3, "target": 73, "weight": 0.014778}, {"source": 3, "target": 31, "weight": 0.006993}, {"source": 3, "target": 114, "weight": 0.002762}, {"source": 3, "target": 159, "weight": 0.019608}, {"source": 3, "target": 116, "weight": 0.004049}, {"source": 3, "target": 33, "weight": 0.005051}, {"source": 3, "target": 34, "weight": 0.140449}, {"source": 3, "target": 76, "weight": 0.014851}, {"source": 3, "target": 38, "weight": 0.006944}, {"source": 3, "target": 166, "weight": 0.006211}, {"source": 3, "target": 154, "weight": 0.020101}, {"source": 3, "target": 27, "weight": 0.013158}, {"source": 3, "target": 14, "weight": 0.012048}, {"source": 3, "target": 167, "weight": 0.006494}, {"source": 4, "target": 155, "weight": 0.00813}, {"source": 4, "target": 60, "weight": 0.016393}, {"source": 4, "target": 15, "weight": 0.007692}, {"source": 5, "target": 21, "weight": 0.004902}, {"source": 5, "target": 83, "weight": 0.016393}, {"source": 5, "target": 116, "weight": 0.006135}, {"source": 5, "target": 87, "weight": 0.00641}, {"source": 5, "target": 88, "weight": 0.011236}, {"source": 5, "target": 9, "weight": 0.140351}, {"source": 5, "target": 135, "weight": 0.00885}, {"source": 5, "target": 13, "weight": 0.009434}, {"source": 5, "target": 49, "weight": 0.015152}, {"source": 5, "target": 14, "weight": 0.005988}, {"source": 5, "target": 6, "weight": 0.010753}, {"source": 5, "target": 17, "weight": 0.009009}, {"source": 5, "target": 141, "weight": 0.016393}, {"source": 5, "target": 103, "weight": 0.012987}, {"source": 5, "target": 56, "weight": 0.007042}, {"source": 5, "target": 146, "weight": 0.013699}, {"source": 5, "target": 151, "weight": 0.015326}, {"source": 5, "target": 91, "weight": 0.008696}, {"source": 5, "target": 158, "weight": 0.006098}, {"source": 5, "target": 113, "weight": 0.01087}, {"source": 5, "target": 114, "weight": 0.003597}, {"source": 5, "target": 33, "weight": 0.017699}, {"source": 5, "target": 75, "weight": 0.016667}, {"source": 5, "target": 76, "weight": 0.008333}, {"source": 5, "target": 117, "weight": 0.014493}, {"source": 5, "target": 40, "weight": 0.009009}, {"source": 6, "target": 90, "weight": 0.030303}, {"source": 6, "target": 132, "weight": 0.014925}, {"source": 6, "target": 123, "weight": 0.012658}, {"source": 6, "target": 109, "weight": 0.006173}, {"source": 6, "target": 13, "weight": 0.009434}, {"source": 6, "target": 113, "weight": 0.328571}, {"source": 6, "target": 114, "weight": 0.073077}, {"source": 6, "target": 24, "weight": 0.028169}, {"source": 6, "target": 163, "weight": 0.00813}, {"source": 6, "target": 41, "weight": 0.010638}, {"source": 6, "target": 130, "weight": 0.041667}, {"source": 6, "target": 19, "weight": 0.010638}, {"source": 6, "target": 20, "weight": 0.030303}, {"source": 6, "target": 120, "weight": 0.0625}, {"source": 6, "target": 57, "weight": 0.007463}, {"source": 7, "target": 57, "weight": 0.022472}, {"source": 7, "target": 152, "weight": 0.008811}, {"source": 7, "target": 69, "weight": 0.0625}, {"source": 8, "target": 158, "weight": 0.1375}, {"source": 8, "target": 48, "weight": 0.008}, {"source": 8, "target": 26, "weight": 0.009346}, {"source": 8, "target": 31, "weight": 0.040541}, {"source": 8, "target": 32, "weight": 0.008621}, {"source": 8, "target": 15, "weight": 0.005682}, {"source": 8, "target": 19, "weight": 0.009009}, {"source": 8, "target": 10, "weight": 0.276923}, {"source": 8, "target": 149, "weight": 0.005102}, {"source": 8, "target": 66, "weight": 0.00641}, {"source": 8, "target": 118, "weight": 0.016949}, {"source": 8, "target": 155, "weight": 0.031579}, {"source": 10, "target": 158, "weight": 0.045802}, {"source": 10, "target": 109, "weight": 0.007463}, {"source": 10, "target": 26, "weight": 0.016129}, {"source": 10, "target": 114, "weight": 0.004}, {"source": 10, "target": 135, "weight": 0.02381}, {"source": 10, "target": 17, "weight": 0.02439}, {"source": 10, "target": 99, "weight": 0.027397}, {"source": 10, "target": 118, "weight": 0.013514}, {"source": 10, "target": 155, "weight": 0.004032}, {"source": 11, "target": 133, "weight": 0.006623}, {"source": 11, "target": 124, "weight": 0.01}, {"source": 11, "target": 26, "weight": 0.007692}, {"source": 11, "target": 30, "weight": 0.015748}, {"source": 11, "target": 73, "weight": 0.006211}, {"source": 11, "target": 107, "weight": 0.007143}, {"source": 11, "target": 115, "weight": 0.007634}, {"source": 11, "target": 19, "weight": 0.007463}, {"source": 11, "target": 152, "weight": 0.012945}, {"source": 11, "target": 65, "weight": 0.010204}, {"source": 11, "target": 149, "weight": 0.009174}, {"source": 11, "target": 20, "weight": 0.009346}, {"source": 11, "target": 15, "weight": 0.010101}, {"source": 11, "target": 155, "weight": 0.01278}, {"source": 11, "target": 88, "weight": 0.007752}, {"source": 12, "target": 56, "weight": 0.008547}, {"source": 12, "target": 21, "weight": 0.005587}, {"source": 12, "target": 35, "weight": 0.043478}, {"source": 12, "target": 168, "weight": 0.021277}, {"source": 12, "target": 87, "weight": 0.064516}, {"source": 12, "target": 101, "weight": 0.029412}, {"source": 13, "target": 66, "weight": 0.040816}, {"source": 13, "target": 25, "weight": 0.007752}, {"source": 13, "target": 83, "weight": 0.022388}, {"source": 13, "target": 45, "weight": 0.015385}, {"source": 13, "target": 33, "weight": 0.015873}, {"source": 13, "target": 16, "weight": 0.013605}, {"source": 13, "target": 152, "weight": 0.007042}, {"source": 13, "target": 86, "weight": 0.014085}, {"source": 13, "target": 130, "weight": 0.018018}, {"source": 13, "target": 87, "weight": 0.005917}, {"source": 13, "target": 88, "weight": 0.009804}, {"source": 14, "target": 83, "weight": 0.609756}, {"source": 14, "target": 163, "weight": 0.010204}, {"source": 14, "target": 133, "weight": 0.005405}, {"source": 14, "target": 66, "weight": 0.014218}, {"source": 14, "target": 15, "weight": 0.021834}, {"source": 14, "target": 16, "weight": 0.009615}, {"source": 14, "target": 141, "weight": 0.007407}, {"source": 14, "target": 100, "weight": 0.007752}, {"source": 14, "target": 57, "weight": 0.009662}, {"source": 14, "target": 158, "weight": 0.004202}, {"source": 14, "target": 152, "weight": 0.020588}, {"source": 14, "target": 154, "weight": 0.010471}, {"source": 14, "target": 155, "weight": 0.014451}, {"source": 14, "target": 70, "weight": 0.006173}, {"source": 14, "target": 73, "weight": 0.088889}, {"source": 14, "target": 30, "weight": 0.012422}, {"source": 14, "target": 34, "weight": 0.010471}, {"source": 14, "target": 36, "weight": 0.005587}, {"source": 14, "target": 149, "weight": 0.003953}, {"source": 14, "target": 118, "weight": 0.011429}, {"source": 15, "target": 143, "weight": 0.020202}, {"source": 15, "target": 123, "weight": 0.006897}, {"source": 15, "target": 130, "weight": 0.012195}, {"source": 15, "target": 87, "weight": 0.004505}, {"source": 15, "target": 105, "weight": 0.009852}, {"source": 15, "target": 129, "weight": 0.007752}, {"source": 15, "target": 131, "weight": 0.035088}, {"source": 15, "target": 135, "weight": 0.005587}, {"source": 15, "target": 68, "weight": 0.007519}, {"source": 15, "target": 136, "weight": 0.006452}, {"source": 15, "target": 51, "weight": 0.010949}, {"source": 15, "target": 17, "weight": 0.00565}, {"source": 15, "target": 97, "weight": 0.018182}, {"source": 15, "target": 53, "weight": 0.006211}, {"source": 15, "target": 19, "weight": 0.00625}, {"source": 15, "target": 99, "weight": 0.005952}, {"source": 15, "target": 89, "weight": 0.012739}, {"source": 15, "target": 23, "weight": 0.0125}, {"source": 15, "target": 145, "weight": 0.012121}, {"source": 15, "target": 147, "weight": 0.014184}, {"source": 15, "target": 57, "weight": 0.005}, {"source": 15, "target": 78, "weight": 0.013333}, {"source": 15, "target": 152, "weight": 0.030395}, {"source": 15, "target": 155, "weight": 0.008824}, {"source": 15, "target": 110, "weight": 0.014151}, {"source": 15, "target": 158, "weight": 0.004348}, {"source": 15, "target": 109, "weight": 0.004386}, {"source": 15, "target": 73, "weight": 0.027322}, {"source": 15, "target": 114, "weight": 0.01173}, {"source": 15, "target": 115, "weight": 0.006369}, {"source": 15, "target": 76, "weight": 0.005376}, {"source": 15, "target": 77, "weight": 0.014286}, {"source": 15, "target": 149, "weight": 0.012346}, {"source": 15, "target": 120, "weight": 0.013423}, {"source": 16, "target": 21, "weight": 0.024896}, {"source": 16, "target": 83, "weight": 0.012195}, {"source": 16, "target": 128, "weight": 0.013423}, {"source": 16, "target": 41, "weight": 0.014815}, {"source": 16, "target": 95, "weight": 0.005291}, {"source": 16, "target": 66, "weight": 0.01676}, {"source": 16, "target": 135, "weight": 0.012987}, {"source": 16, "target": 93, "weight": 0.009709}, {"source": 16, "target": 139, "weight": 0.029762}, {"source": 16, "target": 56, "weight": 0.016484}, {"source": 16, "target": 25, "weight": 0.019231}, {"source": 16, "target": 63, "weight": 0.010204}, {"source": 16, "target": 151, "weight": 0.016556}, {"source": 16, "target": 152, "weight": 0.003185}, {"source": 16, "target": 155, "weight": 0.003145}, {"source": 16, "target": 71, "weight": 0.006711}, {"source": 16, "target": 114, "weight": 0.003125}, {"source": 16, "target": 161, "weight": 0.022556}, {"source": 16, "target": 33, "weight": 0.075342}, {"source": 16, "target": 80, "weight": 0.00813}, {"source": 16, "target": 79, "weight": 0.004255}, {"source": 17, "target": 158, "weight": 0.016667}, {"source": 17, "target": 83, "weight": 0.007092}, {"source": 17, "target": 60, "weight": 0.009259}, {"source": 17, "target": 107, "weight": 0.008475}, {"source": 17, "target": 163, "weight": 0.007092}, {"source": 17, "target": 19, "weight": 0.008929}, {"source": 17, "target": 141, "weight": 0.025641}, {"source": 17, "target": 148, "weight": 0.012195}, {"source": 17, "target": 149, "weight": 0.010204}, {"source": 17, "target": 155, "weight": 0.013746}, {"source": 18, "target": 121, "weight": 0.019231}, {"source": 18, "target": 83, "weight": 0.010309}, {"source": 18, "target": 34, "weight": 0.01087}, {"source": 18, "target": 36, "weight": 0.025641}, {"source": 18, "target": 87, "weight": 0.015504}, {"source": 18, "target": 88, "weight": 0.032258}, {"source": 19, "target": 122, "weight": 0.017857}, {"source": 19, "target": 43, "weight": 0.107527}, {"source": 19, "target": 85, "weight": 0.019802}, {"source": 19, "target": 48, "weight": 0.018519}, {"source": 19, "target": 51, "weight": 0.004739}, {"source": 19, "target": 99, "weight": 0.009709}, {"source": 19, "target": 22, "weight": 0.008696}, {"source": 19, "target": 58, "weight": 0.01}, {"source": 19, "target": 60, "weight": 0.010989}, {"source": 19, "target": 107, "weight": 0.009901}, {"source": 19, "target": 152, "weight": 0.018587}, {"source": 19, "target": 65, "weight": 0.016949}, {"source": 19, "target": 55, "weight": 0.008}, {"source": 19, "target": 155, "weight": 0.007246}, {"source": 19, "target": 158, "weight": 0.012195}, {"source": 19, "target": 160, "weight": 0.018519}, {"source": 19, "target": 114, "weight": 0.003584}, {"source": 19, "target": 163, "weight": 0.041667}, {"source": 19, "target": 113, "weight": 0.010753}, {"source": 19, "target": 149, "weight": 0.005556}, {"source": 19, "target": 154, "weight": 0.016949}, {"source": 20, "target": 90, "weight": 0.272727}, {"source": 20, "target": 114, "weight": 0.007968}, {"source": 21, "target": 156, "weight": 0.005181}, {"source": 21, "target": 158, "weight": 0.003636}, {"source": 21, "target": 66, "weight": 0.140909}, {"source": 21, "target": 25, "weight": 0.004405}, {"source": 21, "target": 83, "weight": 0.017316}, {"source": 21, "target": 33, "weight": 0.013453}, {"source": 21, "target": 152, "weight": 0.010526}, {"source": 21, "target": 130, "weight": 0.009569}, {"source": 21, "target": 69, "weight": 0.016129}, {"source": 22, "target": 144, "weight": 0.012195}, {"source": 22, "target": 122, "weight": 0.013158}, {"source": 22, "target": 70, "weight": 0.009174}, {"source": 22, "target": 26, "weight": 0.009009}, {"source": 22, "target": 118, "weight": 0.016393}, {"source": 22, "target": 138, "weight": 0.010101}, {"source": 22, "target": 158, "weight": 0.005405}, {"source": 22, "target": 107, "weight": 0.008264}, {"source": 22, "target": 85, "weight": 0.008197}, {"source": 22, "target": 149, "weight": 0.02551}, {"source": 22, "target": 154, "weight": 0.007194}, {"source": 22, "target": 155, "weight": 0.041958}, {"source": 22, "target": 152, "weight": 0.010309}, {"source": 23, "target": 158, "weight": 0.012121}, {"source": 23, "target": 74, "weight": 0.014706}, {"source": 23, "target": 57, "weight": 0.007353}, {"source": 23, "target": 163, "weight": 0.02439}, {"source": 23, "target": 152, "weight": 0.011029}, {"source": 23, "target": 149, "weight": 0.01676}, {"source": 23, "target": 118, "weight": 0.009615}, {"source": 23, "target": 155, "weight": 0.00722}, {"source": 24, "target": 130, "weight": 0.179104}, {"source": 24, "target": 113, "weight": 0.028571}, {"source": 24, "target": 57, "weight": 0.00885}, {"source": 24, "target": 69, "weight": 0.075472}, {"source": 25, "target": 131, "weight": 0.007519}, {"source": 25, "target": 158, "weight": 0.005348}, {"source": 25, "target": 109, "weight": 0.005405}, {"source": 25, "target": 73, "weight": 0.006944}, {"source": 25, "target": 30, "weight": 0.009009}, {"source": 25, "target": 114, "weight": 0.003322}, {"source": 25, "target": 135, "weight": 0.007353}, {"source": 25, "target": 115, "weight": 0.008772}, {"source": 25, "target": 33, "weight": 0.029851}, {"source": 25, "target": 127, "weight": 0.017699}, {"source": 25, "target": 116, "weight": 0.010811}, {"source": 25, "target": 151, "weight": 0.010526}, {"source": 25, "target": 86, "weight": 0.006536}, {"source": 25, "target": 71, "weight": 0.023438}, {"source": 25, "target": 143, "weight": 0.006329}, {"source": 26, "target": 131, "weight": 0.009346}, {"source": 26, "target": 153, "weight": 0.010417}, {"source": 26, "target": 114, "weight": 0.003636}, {"source": 26, "target": 51, "weight": 0.009709}, {"source": 26, "target": 58, "weight": 0.021053}, {"source": 26, "target": 152, "weight": 0.003717}, {"source": 26, "target": 166, "weight": 0.013514}, {"source": 26, "target": 109, "weight": 0.012658}, {"source": 26, "target": 55, "weight": 0.008264}, {"source": 26, "target": 155, "weight": 0.007353}, {"source": 27, "target": 48, "weight": 0.011905}, {"source": 27, "target": 136, "weight": 0.466667}, {"source": 27, "target": 61, "weight": 0.025641}, {"source": 27, "target": 51, "weight": 0.005376}, {"source": 27, "target": 78, "weight": 0.016393}, {"source": 27, "target": 84, "weight": 0.038462}, {"source": 27, "target": 97, "weight": 0.012987}, {"source": 27, "target": 149, "weight": 0.006452}, {"source": 27, "target": 58, "weight": 0.013333}, {"source": 27, "target": 154, "weight": 0.010638}, {"source": 27, "target": 155, "weight": 0.012}, {"source": 27, "target": 110, "weight": 0.201923}, {"source": 27, "target": 152, "weight": 0.004032}, {"source": 28, "target": 115, "weight": 0.015873}, {"source": 28, "target": 152, "weight": 0.004098}, {"source": 28, "target": 57, "weight": 0.009434}, {"source": 28, "target": 73, "weight": 0.010753}, {"source": 29, "target": 121, "weight": 0.032787}, {"source": 29, "target": 70, "weight": 0.216667}, {"source": 29, "target": 88, "weight": 0.013699}, {"source": 29, "target": 37, "weight": 0.022727}, {"source": 29, "target": 169, "weight": 0.023256}, {"source": 30, "target": 143, "weight": 0.007692}, {"source": 30, "target": 133, "weight": 0.009434}, {"source": 30, "target": 105, "weight": 0.007519}, {"source": 30, "target": 114, "weight": 0.003663}, {"source": 30, "target": 83, "weight": 0.017094}, {"source": 30, "target": 106, "weight": 0.009434}, {"source": 30, "target": 151, "weight": 0.003861}, {"source": 30, "target": 71, "weight": 0.009804}, {"source": 30, "target": 149, "weight": 0.005747}, {"source": 30, "target": 87, "weight": 0.006623}, {"source": 30, "target": 118, "weight": 0.010309}, {"source": 30, "target": 155, "weight": 0.007407}, {"source": 30, "target": 66, "weight": 0.007463}, {"source": 31, "target": 137, "weight": 0.04}, {"source": 31, "target": 60, "weight": 0.017857}, {"source": 31, "target": 32, "weight": 0.03125}, {"source": 31, "target": 51, "weight": 0.017241}, {"source": 31, "target": 163, "weight": 0.011236}, {"source": 32, "target": 158, "weight": 0.005882}, {"source": 32, "target": 48, "weight": 0.008772}, {"source": 32, "target": 152, "weight": 0.014545}, {"source": 32, "target": 54, "weight": 0.010753}, {"source": 32, "target": 58, "weight": 0.009524}, {"source": 32, "target": 110, "weight": 0.006494}, {"source": 33, "target": 83, "weight": 0.006944}, {"source": 33, "target": 127, "weight": 0.036697}, {"source": 33, "target": 116, "weight": 0.010929}, {"source": 33, "target": 95, "weight": 0.024242}, {"source": 33, "target": 66, "weight": 0.00625}, {"source": 33, "target": 93, "weight": 0.012195}, {"source": 33, "target": 139, "weight": 0.006623}, {"source": 33, "target": 54, "weight": 0.009259}, {"source": 33, "target": 102, "weight": 0.010101}, {"source": 33, "target": 81, "weight": 0.017094}, {"source": 33, "target": 151, "weight": 0.010601}, {"source": 33, "target": 91, "weight": 0.007353}, {"source": 33, "target": 114, "weight": 0.003344}, {"source": 33, "target": 79, "weight": 0.004673}, {"source": 34, "target": 103, "weight": 0.009804}, {"source": 34, "target": 70, "weight": 0.00885}, {"source": 34, "target": 146, "weight": 0.03125}, {"source": 34, "target": 73, "weight": 0.006849}, {"source": 34, "target": 83, "weight": 0.013605}, {"source": 34, "target": 95, "weight": 0.011696}, {"source": 34, "target": 76, "weight": 0.006897}, {"source": 34, "target": 145, "weight": 0.008}, {"source": 34, "target": 151, "weight": 0.006944}, {"source": 34, "target": 86, "weight": 0.019608}, {"source": 34, "target": 98, "weight": 0.274725}, {"source": 34, "target": 87, "weight": 0.005525}, {"source": 34, "target": 67, "weight": 0.009615}, {"source": 34, "target": 91, "weight": 0.014388}, {"source": 34, "target": 155, "weight": 0.003322}, {"source": 34, "target": 38, "weight": 0.011765}, {"source": 34, "target": 88, "weight": 0.036036}, {"source": 34, "target": 79, "weight": 0.009217}, {"source": 35, "target": 131, "weight": 0.011236}, {"source": 35, "target": 56, "weight": 0.008264}, {"source": 35, "target": 111, "weight": 0.022222}, {"source": 35, "target": 114, "weight": 0.003891}, {"source": 35, "target": 128, "weight": 0.023256}, {"source": 35, "target": 76, "weight": 0.010101}, {"source": 35, "target": 87, "weight": 0.014925}, {"source": 35, "target": 91, "weight": 0.010638}, {"source": 35, "target": 69, "weight": 0.017857}, {"source": 35, "target": 79, "weight": 0.005814}, {"source": 36, "target": 103, "weight": 0.022727}, {"source": 36, "target": 119, "weight": 0.25}, {"source": 36, "target": 83, "weight": 0.007407}, {"source": 36, "target": 94, "weight": 0.041096}, {"source": 36, "target": 151, "weight": 0.007273}, {"source": 36, "target": 85, "weight": 0.1875}, {"source": 36, "target": 98, "weight": 0.019802}, {"source": 36, "target": 155, "weight": 0.003472}, {"source": 36, "target": 88, "weight": 0.009901}, {"source": 37, "target": 121, "weight": 0.352941}, {"source": 37, "target": 70, "weight": 0.018182}, {"source": 37, "target": 147, "weight": 0.023256}, {"source": 37, "target": 50, "weight": 0.020408}, {"source": 37, "target": 108, "weight": 0.052632}, {"source": 37, "target": 142, "weight": 0.045455}, {"source": 37, "target": 169, "weight": 0.8}, {"source": 38, "target": 127, "weight": 0.017241}, {"source": 38, "target": 113, "weight": 0.016949}, {"source": 39, "target": 149, "weight": 0.006369}, {"source": 39, "target": 144, "weight": 0.025641}, {"source": 39, "target": 155, "weight": 0.003937}, {"source": 39, "target": 97, "weight": 0.012658}, {"source": 40, "target": 158, "weight": 0.005495}, {"source": 40, "target": 73, "weight": 0.014493}, {"source": 40, "target": 83, "weight": 0.007092}, {"source": 40, "target": 107, "weight": 0.008475}, {"source": 40, "target": 141, "weight": 0.176471}, {"source": 40, "target": 155, "weight": 0.010274}, {"source": 40, "target": 69, "weight": 0.010526}, {"source": 41, "target": 163, "weight": 0.02459}, {"source": 41, "target": 57, "weight": 0.307692}, {"source": 41, "target": 66, "weight": 0.014388}, {"source": 41, "target": 113, "weight": 0.021739}, {"source": 41, "target": 83, "weight": 0.01626}, {"source": 41, "target": 149, "weight": 0.005556}, {"source": 41, "target": 130, "weight": 0.01}, {"source": 41, "target": 118, "weight": 0.009709}, {"source": 41, "target": 155, "weight": 0.00361}, {"source": 41, "target": 69, "weight": 0.012821}, {"source": 41, "target": 167, "weight": 0.014085}, {"source": 42, "target": 140, "weight": 0.030303}, {"source": 42, "target": 60, "weight": 0.021739}, {"source": 43, "target": 122, "weight": 0.015873}, {"source": 43, "target": 158, "weight": 0.011696}, {"source": 43, "target": 48, "weight": 0.044643}, {"source": 43, "target": 160, "weight": 0.016393}, {"source": 43, "target": 60, "weight": 0.020619}, {"source": 43, "target": 140, "weight": 0.102564}, {"source": 43, "target": 152, "weight": 0.010791}, {"source": 43, "target": 65, "weight": 0.015152}, {"source": 43, "target": 149, "weight": 0.005348}, {"source": 43, "target": 154, "weight": 0.03252}, {"source": 44, "target": 149, "weight": 0.007042}, {"source": 44, "target": 97, "weight": 0.015625}, {"source": 46, "target": 133, "weight": 0.013699}, {"source": 47, "target": 140, "weight": 0.023256}, {"source": 47, "target": 60, "weight": 0.017857}, {"source": 47, "target": 152, "weight": 0.004202}, {"source": 47, "target": 53, "weight": 0.033333}, {"source": 48, "target": 102, "weight": 0.032967}, {"source": 48, "target": 89, "weight": 0.009346}, {"source": 48, "target": 158, "weight": 0.005587}, {"source": 48, "target": 109, "weight": 0.00565}, {"source": 48, "target": 77, "weight": 0.011111}, {"source": 48, "target": 159, "weight": 0.023529}, {"source": 48, "target": 113, "weight": 0.018868}, {"source": 48, "target": 136, "weight": 0.009615}, {"source": 48, "target": 60, "weight": 0.019231}, {"source": 48, "target": 140, "weight": 0.021978}, {"source": 48, "target": 84, "weight": 0.01087}, {"source": 48, "target": 85, "weight": 0.008621}, {"source": 48, "target": 154, "weight": 0.472527}, {"source": 48, "target": 114, "weight": 0.003413}, {"source": 48, "target": 110, "weight": 0.006135}, {"source": 49, "target": 95, "weight": 0.008333}, {"source": 49, "target": 75, "weight": 0.478261}, {"source": 49, "target": 77, "weight": 0.020833}, {"source": 49, "target": 99, "weight": 0.013333}, {"source": 49, "target": 117, "weight": 0.791667}, {"source": 50, "target": 74, "weight": 0.018182}, {"source": 50, "target": 121, "weight": 0.014925}, {"source": 50, "target": 155, "weight": 0.003774}, {"source": 51, "target": 122, "weight": 0.005814}, {"source": 51, "target": 124, "weight": 0.00565}, {"source": 51, "target": 83, "weight": 0.004167}, {"source": 51, "target": 86, "weight": 0.004049}, {"source": 51, "target": 130, "weight": 0.00463}, {"source": 51, "target": 88, "weight": 0.004854}, {"source": 51, "target": 133, "weight": 0.008811}, {"source": 51, "target": 153, "weight": 0.00463}, {"source": 51, "target": 138, "weight": 0.005128}, {"source": 51, "target": 57, "weight": 0.003984}, {"source": 51, "target": 62, "weight": 0.00578}, {"source": 51, "target": 107, "weight": 0.004608}, {"source": 51, "target": 155, "weight": 0.012853}, {"source": 51, "target": 158, "weight": 0.018051}, {"source": 51, "target": 73, "weight": 0.008439}, {"source": 51, "target": 74, "weight": 0.005464}, {"source": 51, "target": 163, "weight": 0.004167}, {"source": 51, "target": 149, "weight": 0.013652}, {"source": 51, "target": 118, "weight": 0.009174}, {"source": 51, "target": 152, "weight": 0.037234}, {"source": 52, "target": 86, "weight": 0.010526}, {"source": 53, "target": 109, "weight": 0.006098}, {"source": 53, "target": 58, "weight": 0.02}, {"source": 53, "target": 73, "weight": 0.016393}, {"source": 53, "target": 93, "weight": 0.015873}, {"source": 53, "target": 114, "weight": 0.003571}, {"source": 53, "target": 60, "weight": 0.021978}, {"source": 53, "target": 140, "weight": 0.038961}, {"source": 53, "target": 97, "weight": 0.009709}, {"source": 53, "target": 165, "weight": 0.050847}, {"source": 53, "target": 124, "weight": 0.016129}, {"source": 53, "target": 118, "weight": 0.009615}, {"source": 53, "target": 155, "weight": 0.003597}, {"source": 53, "target": 152, "weight": 0.022305}, {"source": 54, "target": 133, "weight": 0.009524}, {"source": 54, "target": 73, "weight": 0.008696}, {"source": 54, "target": 85, "weight": 0.043478}, {"source": 54, "target": 149, "weight": 0.011628}, {"source": 55, "target": 73, "weight": 0.02}, {"source": 55, "target": 153, "weight": 0.007692}, {"source": 55, "target": 152, "weight": 0.0033}, {"source": 56, "target": 57, "weight": 0.027933}, {"source": 56, "target": 111, "weight": 0.008696}, {"source": 56, "target": 83, "weight": 0.005814}, {"source": 56, "target": 141, "weight": 0.009091}, {"source": 56, "target": 152, "weight": 0.009404}, {"source": 56, "target": 130, "weight": 0.006757}, {"source": 56, "target": 69, "weight": 0.076271}, {"source": 56, "target": 66, "weight": 0.032787}, {"source": 57, "target": 123, "weight": 0.052174}, {"source": 57, "target": 83, "weight": 0.01227}, {"source": 57, "target": 128, "weight": 0.034483}, {"source": 57, "target": 116, "weight": 0.004902}, {"source": 57, "target": 130, "weight": 0.007143}, {"source": 57, "target": 139, "weight": 0.02381}, {"source": 57, "target": 89, "weight": 0.030769}, {"source": 57, "target": 132, "weight": 0.009259}, {"source": 57, "target": 133, "weight": 0.006579}, {"source": 57, "target": 135, "weight": 0.013072}, {"source": 57, "target": 145, "weight": 0.007092}, {"source": 57, "target": 105, "weight": 0.005587}, {"source": 57, "target": 151, "weight": 0.016611}, {"source": 57, "target": 152, "weight": 0.009646}, {"source": 57, "target": 125, "weight": 0.017391}, {"source": 57, "target": 155, "weight": 0.003155}, {"source": 57, "target": 69, "weight": 0.025862}, {"source": 57, "target": 118, "weight": 0.006993}, {"source": 57, "target": 109, "weight": 0.040816}, {"source": 57, "target": 113, "weight": 0.015152}, {"source": 57, "target": 114, "weight": 0.04918}, {"source": 57, "target": 161, "weight": 0.007463}, {"source": 57, "target": 163, "weight": 0.044304}, {"source": 57, "target": 149, "weight": 0.009132}, {"source": 57, "target": 167, "weight": 0.046729}, {"source": 57, "target": 120, "weight": 0.008}, {"source": 57, "target": 168, "weight": 0.00885}, {"source": 57, "target": 79, "weight": 0.004274}, {"source": 58, "target": 156, "weight": 0.011364}, {"source": 58, "target": 122, "weight": 0.016393}, {"source": 58, "target": 153, "weight": 0.009524}, {"source": 58, "target": 160, "weight": 0.016949}, {"source": 58, "target": 61, "weight": 0.014493}, {"source": 58, "target": 163, "weight": 0.007752}, {"source": 58, "target": 97, "weight": 0.028571}, {"source": 58, "target": 118, "weight": 0.009259}, {"source": 58, "target": 155, "weight": 0.032847}, {"source": 58, "target": 152, "weight": 0.00722}, {"source": 59, "target": 149, "weight": 0.007042}, {"source": 59, "target": 97, "weight": 0.015625}, {"source": 60, "target": 163, "weight": 0.008333}, {"source": 60, "target": 146, "weight": 0.014286}, {"source": 60, "target": 105, "weight": 0.007407}, {"source": 60, "target": 125, "weight": 0.013889}, {"source": 60, "target": 140, "weight": 0.271186}, {"source": 60, "target": 63, "weight": 0.018868}, {"source": 60, "target": 152, "weight": 0.007463}, {"source": 60, "target": 99, "weight": 0.010101}, {"source": 60, "target": 154, "weight": 0.017544}, {"source": 60, "target": 155, "weight": 0.003663}, {"source": 61, "target": 136, "weight": 0.034483}, {"source": 61, "target": 164, "weight": 0.033333}, {"source": 61, "target": 155, "weight": 0.029167}, {"source": 61, "target": 110, "weight": 0.008475}, {"source": 63, "target": 163, "weight": 0.011628}, {"source": 63, "target": 83, "weight": 0.011628}, {"source": 63, "target": 140, "weight": 0.025}, {"source": 63, "target": 152, "weight": 0.004255}, {"source": 63, "target": 155, "weight": 0.004184}, {"source": 65, "target": 86, "weight": 0.010526}, {"source": 66, "target": 83, "weight": 0.017964}, {"source": 66, "target": 128, "weight": 0.019737}, {"source": 66, "target": 116, "weight": 0.004785}, {"source": 66, "target": 95, "weight": 0.005181}, {"source": 66, "target": 153, "weight": 0.006897}, {"source": 66, "target": 139, "weight": 0.10625}, {"source": 66, "target": 146, "weight": 0.008403}, {"source": 66, "target": 151, "weight": 0.023026}, {"source": 66, "target": 152, "weight": 0.006309}, {"source": 66, "target": 91, "weight": 0.0125}, {"source": 66, "target": 155, "weight": 0.003106}, {"source": 66, "target": 106, "weight": 0.006369}, {"source": 66, "target": 158, "weight": 0.004762}, {"source": 66, "target": 114, "weight": 0.003086}, {"source": 66, "target": 76, "weight": 0.012121}, {"source": 66, "target": 118, "weight": 0.006757}, {"source": 66, "target": 79, "weight": 0.016949}, {"source": 67, "target": 87, "weight": 0.007042}, {"source": 68, "target": 121, "weight": 0.019231}, {"source": 68, "target": 112, "weight": 0.018182}, {"source": 68, "target": 152, "weight": 0.004065}, {"source": 68, "target": 149, "weight": 0.006536}, {"source": 68, "target": 154, "weight": 0.01087}, {"source": 68, "target": 155, "weight": 0.004}, {"source": 69, "target": 128, "weight": 0.033333}, {"source": 69, "target": 116, "weight": 0.006803}, {"source": 69, "target": 130, "weight": 0.05}, {"source": 69, "target": 132, "weight": 0.019608}, {"source": 69, "target": 135, "weight": 0.010309}, {"source": 69, "target": 139, "weight": 0.026786}, {"source": 69, "target": 141, "weight": 0.022222}, {"source": 69, "target": 145, "weight": 0.011905}, {"source": 69, "target": 151, "weight": 0.008097}, {"source": 69, "target": 152, "weight": 0.01581}, {"source": 69, "target": 155, "weight": 0.003846}, {"source": 69, "target": 114, "weight": 0.003817}, {"source": 69, "target": 149, "weight": 0.012346}, {"source": 69, "target": 120, "weight": 0.014706}, {"source": 70, "target": 131, "weight": 0.039216}, {"source": 70, "target": 121, "weight": 0.013699}, {"source": 70, "target": 109, "weight": 0.006369}, {"source": 70, "target": 144, "weight": 0.017857}, {"source": 70, "target": 155, "weight": 0.00369}, {"source": 70, "target": 114, "weight": 0.003663}, {"source": 70, "target": 83, "weight": 0.008475}, {"source": 70, "target": 107, "weight": 0.010526}, {"source": 70, "target": 151, "weight": 0.003861}, {"source": 70, "target": 85, "weight": 0.010417}, {"source": 70, "target": 154, "weight": 0.00885}, {"source": 70, "target": 169, "weight": 0.018519}, {"source": 71, "target": 144, "weight": 0.013333}, {"source": 71, "target": 133, "weight": 0.02439}, {"source": 71, "target": 163, "weight": 0.014706}, {"source": 71, "target": 85, "weight": 0.008696}, {"source": 71, "target": 149, "weight": 0.005181}, {"source": 71, "target": 87, "weight": 0.011834}, {"source": 71, "target": 155, "weight": 0.003448}, {"source": 72, "target": 155, "weight": 0.003846}, {"source": 73, "target": 83, "weight": 0.006623}, {"source": 73, "target": 116, "weight": 0.005236}, {"source": 73, "target": 78, "weight": 0.00885}, {"source": 73, "target": 163, "weight": 0.006623}, {"source": 73, "target": 133, "weight": 0.007194}, {"source": 73, "target": 141, "weight": 0.011236}, {"source": 73, "target": 97, "weight": 0.007752}, {"source": 73, "target": 143, "weight": 0.205882}, {"source": 73, "target": 144, "weight": 0.011236}, {"source": 73, "target": 137, "weight": 0.011494}, {"source": 73, "target": 105, "weight": 0.006024}, {"source": 73, "target": 98, "weight": 0.008475}, {"source": 73, "target": 151, "weight": 0.006873}, {"source": 73, "target": 152, "weight": 0.030822}, {"source": 73, "target": 155, "weight": 0.013289}, {"source": 73, "target": 106, "weight": 0.014493}, {"source": 73, "target": 109, "weight": 0.015957}, {"source": 73, "target": 114, "weight": 0.009868}, {"source": 73, "target": 149, "weight": 0.019608}, {"source": 73, "target": 118, "weight": 0.015504}, {"source": 74, "target": 84, "weight": 0.378378}, {"source": 74, "target": 155, "weight": 0.004016}, {"source": 74, "target": 110, "weight": 0.008264}, {"source": 75, "target": 99, "weight": 0.014493}, {"source": 75, "target": 117, "weight": 0.423077}, {"source": 75, "target": 77, "weight": 0.02381}, {"source": 76, "target": 111, "weight": 0.010753}, {"source": 76, "target": 83, "weight": 0.013423}, {"source": 76, "target": 87, "weight": 0.039548}, {"source": 76, "target": 100, "weight": 0.012195}, {"source": 76, "target": 88, "weight": 0.017391}, {"source": 77, "target": 133, "weight": 0.010753}, {"source": 77, "target": 96, "weight": 0.020408}, {"source": 77, "target": 149, "weight": 0.006211}, {"source": 77, "target": 130, "weight": 0.012346}, {"source": 77, "target": 154, "weight": 0.01}, {"source": 78, "target": 144, "weight": 0.018868}, {"source": 78, "target": 97, "weight": 0.46875}, {"source": 78, "target": 149, "weight": 0.124183}, {"source": 78, "target": 118, "weight": 0.010638}, {"source": 78, "target": 155, "weight": 0.015094}, {"source": 79, "target": 121, "weight": 0.005618}, {"source": 79, "target": 157, "weight": 0.006579}, {"source": 79, "target": 111, "weight": 0.006024}, {"source": 79, "target": 155, "weight": 0.00266}, {"source": 79, "target": 83, "weight": 0.013575}, {"source": 79, "target": 152, "weight": 0.002688}, {"source": 79, "target": 86, "weight": 0.008734}, {"source": 79, "target": 100, "weight": 0.006452}, {"source": 79, "target": 88, "weight": 0.010638}, {"source": 79, "target": 167, "weight": 0.005882}, {"source": 81, "target": 127, "weight": 0.010526}, {"source": 81, "target": 87, "weight": 0.00625}, {"source": 81, "target": 86, "weight": 0.007463}, {"source": 83, "target": 128, "weight": 0.007246}, {"source": 83, "target": 116, "weight": 0.010417}, {"source": 83, "target": 89, "weight": 0.008197}, {"source": 83, "target": 163, "weight": 0.006536}, {"source": 83, "target": 133, "weight": 0.007092}, {"source": 83, "target": 118, "weight": 0.007576}, {"source": 83, "target": 139, "weight": 0.012579}, {"source": 83, "target": 141, "weight": 0.010989}, {"source": 83, "target": 98, "weight": 0.016807}, {"source": 83, "target": 100, "weight": 0.011765}, {"source": 83, "target": 103, "weight": 0.009346}, {"source": 83, "target": 105, "weight": 0.005952}, {"source": 83, "target": 146, "weight": 0.009709}, {"source": 83, "target": 158, "weight": 0.005155}, {"source": 83, "target": 151, "weight": 0.255319}, {"source": 83, "target": 152, "weight": 0.003311}, {"source": 83, "target": 91, "weight": 0.013889}, {"source": 83, "target": 155, "weight": 0.003268}, {"source": 83, "target": 106, "weight": 0.007092}, {"source": 83, "target": 109, "weight": 0.005208}, {"source": 83, "target": 114, "weight": 0.013115}, {"source": 83, "target": 154, "weight": 0.006757}, {"source": 84, "target": 163, "weight": 0.018868}, {"source": 84, "target": 107, "weight": 0.011905}, {"source": 84, "target": 154, "weight": 0.009804}, {"source": 84, "target": 155, "weight": 0.003846}, {"source": 85, "target": 143, "weight": 0.006993}, {"source": 85, "target": 144, "weight": 0.029412}, {"source": 85, "target": 112, "weight": 0.011236}, {"source": 85, "target": 155, "weight": 0.003521}, {"source": 85, "target": 163, "weight": 0.007634}, {"source": 85, "target": 152, "weight": 0.010791}, {"source": 85, "target": 124, "weight": 0.029851}, {"source": 85, "target": 154, "weight": 0.007937}, {"source": 85, "target": 119, "weight": 0.30303}, {"source": 86, "target": 103, "weight": 0.008772}, {"source": 86, "target": 148, "weight": 0.009901}, {"source": 86, "target": 152, "weight": 0.006494}, {"source": 86, "target": 88, "weight": 0.040984}, {"source": 87, "target": 95, "weight": 0.004762}, {"source": 87, "target": 98, "weight": 0.013158}, {"source": 87, "target": 99, "weight": 0.006061}, {"source": 87, "target": 146, "weight": 0.007353}, {"source": 87, "target": 104, "weight": 0.008065}, {"source": 87, "target": 151, "weight": 0.003058}, {"source": 87, "target": 152, "weight": 0.002985}, {"source": 87, "target": 109, "weight": 0.004444}, {"source": 87, "target": 91, "weight": 0.022857}, {"source": 87, "target": 114, "weight": 0.002933}, {"source": 88, "target": 121, "weight": 0.013514}, {"source": 88, "target": 103, "weight": 0.013699}, {"source": 88, "target": 98, "weight": 0.023529}, {"source": 89, "target": 133, "weight": 0.009091}, {"source": 89, "target": 153, "weight": 0.010204}, {"source": 89, "target": 163, "weight": 0.016529}, {"source": 89, "target": 152, "weight": 0.026415}, {"source": 91, "target": 111, "weight": 0.011364}, {"source": 91, "target": 127, "weight": 0.00885}, {"source": 91, "target": 100, "weight": 0.012987}, {"source": 92, "target": 126, "weight": 0.75}, {"source": 93, "target": 103, "weight": 0.022222}, {"source": 95, "target": 133, "weight": 0.006061}, {"source": 95, "target": 158, "weight": 0.004587}, {"source": 95, "target": 127, "weight": 0.006897}, {"source": 95, "target": 97, "weight": 0.006452}, {"source": 96, "target": 124, "weight": 0.029412}, {"source": 97, "target": 136, "weight": 0.010309}, {"source": 97, "target": 143, "weight": 0.021277}, {"source": 97, "target": 144, "weight": 0.014493}, {"source": 97, "target": 105, "weight": 0.013793}, {"source": 97, "target": 149, "weight": 0.099415}, {"source": 97, "target": 152, "weight": 0.010791}, {"source": 97, "target": 155, "weight": 0.02518}, {"source": 97, "target": 110, "weight": 0.207692}, {"source": 97, "target": 158, "weight": 0.005814}, {"source": 97, "target": 114, "weight": 0.003497}, {"source": 97, "target": 118, "weight": 0.009091}, {"source": 98, "target": 121, "weight": 0.013333}, {"source": 99, "target": 133, "weight": 0.008333}, {"source": 99, "target": 158, "weight": 0.011628}, {"source": 99, "target": 148, "weight": 0.121212}, {"source": 99, "target": 149, "weight": 0.010695}, {"source": 99, "target": 118, "weight": 0.009009}, {"source": 100, "target": 151, "weight": 0.004425}, {"source": 102, "target": 153, "weight": 0.011905}, {"source": 102, "target": 124, "weight": 0.022222}, {"source": 102, "target": 154, "weight": 0.029703}, {"source": 103, "target": 121, "weight": 0.032787}, {"source": 104, "target": 158, "weight": 0.015267}, {"source": 104, "target": 148, "weight": 0.03125}, {"source": 105, "target": 133, "weight": 0.256}, {"source": 105, "target": 153, "weight": 0.006944}, {"source": 105, "target": 134, "weight": 0.182796}, {"source": 105, "target": 163, "weight": 0.018072}, {"source": 105, "target": 150, "weight": 0.017699}, {"source": 105, "target": 149, "weight": 0.041667}, {"source": 105, "target": 130, "weight": 0.006944}, {"source": 105, "target": 118, "weight": 0.006803}, {"source": 105, "target": 155, "weight": 0.018987}, {"source": 105, "target": 112, "weight": 0.016}, {"source": 105, "target": 152, "weight": 0.012739}, {"source": 106, "target": 158, "weight": 0.01105}, {"source": 106, "target": 153, "weight": 0.017241}, {"source": 106, "target": 107, "weight": 0.025862}, {"source": 106, "target": 163, "weight": 0.028986}, {"source": 106, "target": 152, "weight": 0.00692}, {"source": 106, "target": 149, "weight": 0.005076}, {"source": 106, "target": 118, "weight": 0.008333}, {"source": 106, "target": 155, "weight": 0.006826}, {"source": 107, "target": 144, "weight": 0.014706}, {"source": 107, "target": 109, "weight": 0.005917}, {"source": 107, "target": 114, "weight": 0.003509}, {"source": 107, "target": 163, "weight": 0.007692}, {"source": 107, "target": 166, "weight": 0.011905}, {"source": 107, "target": 158, "weight": 0.005848}, {"source": 107, "target": 152, "weight": 0.003584}, {"source": 107, "target": 149, "weight": 0.005376}, {"source": 107, "target": 154, "weight": 0.008}, {"source": 107, "target": 145, "weight": 0.009346}, {"source": 108, "target": 121, "weight": 0.027027}, {"source": 108, "target": 142, "weight": 0.5}, {"source": 108, "target": 169, "weight": 0.055556}, {"source": 109, "target": 133, "weight": 0.005556}, {"source": 109, "target": 118, "weight": 0.005848}, {"source": 109, "target": 144, "weight": 0.007692}, {"source": 109, "target": 158, "weight": 0.004292}, {"source": 109, "target": 152, "weight": 0.011834}, {"source": 109, "target": 153, "weight": 0.011976}, {"source": 109, "target": 155, "weight": 0.008746}, {"source": 109, "target": 113, "weight": 0.006211}, {"source": 109, "target": 161, "weight": 0.012422}, {"source": 109, "target": 163, "weight": 0.005208}, {"source": 109, "target": 154, "weight": 0.021739}, {"source": 109, "target": 167, "weight": 0.021898}, {"source": 110, "target": 144, "weight": 0.008621}, {"source": 110, "target": 158, "weight": 0.004566}, {"source": 110, "target": 149, "weight": 0.049107}, {"source": 110, "target": 154, "weight": 0.00578}, {"source": 110, "target": 155, "weight": 0.034268}, {"source": 110, "target": 152, "weight": 0.009231}, {"source": 111, "target": 115, "weight": 0.015625}, {"source": 111, "target": 139, "weight": 0.009709}, {"source": 112, "target": 150, "weight": 0.09434}, {"source": 112, "target": 152, "weight": 0.003846}, {"source": 112, "target": 165, "weight": 0.021277}, {"source": 113, "target": 123, "weight": 0.025974}, {"source": 113, "target": 130, "weight": 0.020619}, {"source": 113, "target": 114, "weight": 0.073359}, {"source": 113, "target": 163, "weight": 0.008197}, {"source": 113, "target": 120, "weight": 0.037037}, {"source": 114, "target": 130, "weight": 0.003521}, {"source": 114, "target": 125, "weight": 0.007722}, {"source": 114, "target": 133, "weight": 0.010204}, {"source": 114, "target": 118, "weight": 0.003484}, {"source": 114, "target": 144, "weight": 0.004065}, {"source": 114, "target": 158, "weight": 0.002865}, {"source": 114, "target": 152, "weight": 0.022321}, {"source": 114, "target": 153, "weight": 0.017857}, {"source": 114, "target": 155, "weight": 0.010941}, {"source": 114, "target": 163, "weight": 0.047458}, {"source": 114, "target": 149, "weight": 0.002747}, {"source": 114, "target": 154, "weight": 0.020134}, {"source": 114, "target": 167, "weight": 0.007874}, {"source": 115, "target": 131, "weight": 0.009259}, {"source": 115, "target": 158, "weight": 0.006173}, {"source": 115, "target": 124, "weight": 0.017241}, {"source": 115, "target": 155, "weight": 0.00365}, {"source": 115, "target": 168, "weight": 0.014286}, {"source": 116, "target": 150, "weight": 0.007194}, {"source": 116, "target": 130, "weight": 0.005917}, {"source": 116, "target": 155, "weight": 0.00289}, {"source": 117, "target": 134, "weight": 0.025}, {"source": 118, "target": 143, "weight": 0.028369}, {"source": 118, "target": 124, "weight": 0.014493}, {"source": 118, "target": 153, "weight": 0.018692}, {"source": 118, "target": 151, "weight": 0.003663}, {"source": 118, "target": 152, "weight": 0.010753}, {"source": 118, "target": 155, "weight": 0.010601}, {"source": 118, "target": 158, "weight": 0.011628}, {"source": 118, "target": 163, "weight": 0.007576}, {"source": 118, "target": 149, "weight": 0.016129}, {"source": 119, "target": 155, "weight": 0.003846}, {"source": 120, "target": 150, "weight": 0.016667}, {"source": 120, "target": 152, "weight": 0.003802}, {"source": 120, "target": 130, "weight": 0.542373}, {"source": 121, "target": 169, "weight": 0.363636}, {"source": 121, "target": 147, "weight": 0.016393}, {"source": 121, "target": 142, "weight": 0.025}, {"source": 121, "target": 154, "weight": 0.009709}, {"source": 122, "target": 158, "weight": 0.007937}, {"source": 122, "target": 160, "weight": 0.230769}, {"source": 122, "target": 149, "weight": 0.007092}, {"source": 123, "target": 133, "weight": 0.010309}, {"source": 123, "target": 153, "weight": 0.011765}, {"source": 123, "target": 125, "weight": 0.016393}, {"source": 123, "target": 163, "weight": 0.1}, {"source": 123, "target": 152, "weight": 0.011719}, {"source": 123, "target": 130, "weight": 0.011765}, {"source": 124, "target": 131, "weight": 0.012987}, {"source": 124, "target": 135, "weight": 0.0125}, {"source": 124, "target": 152, "weight": 0.004184}, {"source": 125, "target": 132, "weight": 0.020408}, {"source": 125, "target": 161, "weight": 0.013333}, {"source": 125, "target": 163, "weight": 0.009524}, {"source": 127, "target": 151, "weight": 0.007663}, {"source": 129, "target": 144, "weight": 0.032258}, {"source": 130, "target": 132, "weight": 0.213115}, {"source": 130, "target": 150, "weight": 0.013333}, {"source": 130, "target": 152, "weight": 0.003597}, {"source": 131, "target": 147, "weight": 0.093023}, {"source": 131, "target": 155, "weight": 0.003413}, {"source": 132, "target": 163, "weight": 0.031579}, {"source": 133, "target": 153, "weight": 0.008547}, {"source": 133, "target": 143, "weight": 0.040541}, {"source": 133, "target": 134, "weight": 0.050633}, {"source": 133, "target": 152, "weight": 0.003448}, {"source": 133, "target": 155, "weight": 0.006826}, {"source": 133, "target": 158, "weight": 0.005495}, {"source": 133, "target": 163, "weight": 0.021583}, {"source": 133, "target": 165, "weight": 0.012987}, {"source": 133, "target": 149, "weight": 0.020619}, {"source": 134, "target": 143, "weight": 0.009434}, {"source": 134, "target": 136, "weight": 0.016667}, {"source": 134, "target": 152, "weight": 0.004115}, {"source": 134, "target": 149, "weight": 0.013423}, {"source": 135, "target": 158, "weight": 0.027778}, {"source": 135, "target": 152, "weight": 0.006873}, {"source": 135, "target": 149, "weight": 0.025641}, {"source": 135, "target": 155, "weight": 0.003378}, {"source": 136, "target": 149, "weight": 0.011494}, {"source": 136, "target": 154, "weight": 0.008772}, {"source": 136, "target": 155, "weight": 0.018657}, {"source": 136, "target": 152, "weight": 0.003731}, {"source": 137, "target": 163, "weight": 0.034483}, {"source": 139, "target": 152, "weight": 0.006494}, {"source": 140, "target": 152, "weight": 0.007843}, {"source": 140, "target": 154, "weight": 0.019802}, {"source": 140, "target": 167, "weight": 0.018519}, {"source": 141, "target": 143, "weight": 0.009709}, {"source": 141, "target": 158, "weight": 0.007576}, {"source": 141, "target": 151, "weight": 0.00431}, {"source": 142, "target": 158, "weight": 0.007937}, {"source": 142, "target": 169, "weight": 0.047619}, {"source": 143, "target": 144, "weight": 0.009709}, {"source": 143, "target": 158, "weight": 0.004854}, {"source": 143, "target": 153, "weight": 0.007092}, {"source": 143, "target": 163, "weight": 0.024691}, {"source": 143, "target": 149, "weight": 0.032558}, {"source": 143, "target": 155, "weight": 0.019169}, {"source": 143, "target": 152, "weight": 0.022727}, {"source": 144, "target": 163, "weight": 0.010989}, {"source": 144, "target": 149, "weight": 0.006803}, {"source": 144, "target": 154, "weight": 0.011628}, {"source": 144, "target": 155, "weight": 0.004098}, {"source": 145, "target": 152, "weight": 0.014493}, {"source": 145, "target": 149, "weight": 0.005376}, {"source": 145, "target": 155, "weight": 0.007092}, {"source": 147, "target": 149, "weight": 0.006173}, {"source": 148, "target": 149, "weight": 0.006667}, {"source": 149, "target": 155, "weight": 0.037143}, {"source": 149, "target": 156, "weight": 0.005952}, {"source": 149, "target": 158, "weight": 0.020325}, {"source": 149, "target": 162, "weight": 0.006579}, {"source": 149, "target": 165, "weight": 0.006897}, {"source": 149, "target": 152, "weight": 0.008427}, {"source": 150, "target": 163, "weight": 0.010101}, {"source": 151, "target": 158, "weight": 0.002985}, {"source": 151, "target": 152, "weight": 0.009091}, {"source": 151, "target": 154, "weight": 0.00346}, {"source": 151, "target": 155, "weight": 0.002237}, {"source": 152, "target": 153, "weight": 0.01087}, {"source": 152, "target": 155, "weight": 0.01559}, {"source": 152, "target": 157, "weight": 0.004329}, {"source": 152, "target": 158, "weight": 0.008798}, {"source": 152, "target": 163, "weight": 0.003311}, {"source": 152, "target": 167, "weight": 0.004016}, {"source": 153, "target": 158, "weight": 0.005882}, {"source": 153, "target": 163, "weight": 0.007752}, {"source": 153, "target": 155, "weight": 0.003546}, {"source": 154, "target": 159, "weight": 0.021053}, {"source": 155, "target": 163, "weight": 0.006557}, {"source": 155, "target": 166, "weight": 0.003846}, {"source": 155, "target": 164, "weight": 0.004115}, {"source": 157, "target": 158, "weight": 0.00813}, {"source": 158, "target": 163, "weight": 0.005155}], "multigraph": false}