{"directed": false, "graph": {}, "nodes": [{"group": 0, "id": "lexicon"}, {"group": 1, "id": "letterer"}, {"group": 0, "id": "letterpress", "degree": 4}, {"group": 2, "id": "less", "degree": 5}, {"group": 3, "id": "learner", "degree": 2}, {"group": 0, "id": "lengthwise", "degree": 6}, {"group": 4, "id": "leftward", "degree": 4}, {"group": 5, "id": "lettered", "degree": 4}, {"group": 6, "id": "leeway", "degree": 21}, {"group": 6, "id": "leagued", "degree": 8}, {"group": 7, "id": "lethal", "degree": 1}, {"group": 8, "id": "lenitive"}, {"group": 0, "id": "legion"}, {"group": 4, "id": "leeward", "degree": 5}, {"group": 6, "id": "leering", "degree": 1}, {"group": 8, "id": "leisure"}, {"group": 6, "id": "leapfrog", "degree": 6}, {"group": 2, "id": "lesser", "degree": 4}, {"group": 7, "id": "leisurely"}, {"group": 5, "id": "learned", "degree": 3}, {"group": 0, "id": "level", "degree": 65}, {"group": 7, "id": "leather", "degree": 4}, {"group": 9, "id": "legionary", "degree": 0}, {"group": 6, "id": "levee"}, {"group": 8, "id": "leave"}, {"group": 7, "id": "legume", "degree": 7}, {"group": 7, "id": "leviathan"}, {"group": 6, "id": "lever", "degree": 6}, {"group": 3, "id": "lettering"}, {"group": 7, "id": "leisured"}, {"group": 6, "id": "lethargy", "degree": 12}, {"group": 3, "id": "lecturing"}, {"group": 10, "id": "lengthened", "degree": 6}, {"group": 0, "id": "legacy", "degree": 14}, {"group": 7, "id": "legwork", "degree": 2}, {"group": 1, "id": "leaseholder", "degree": 3}, {"group": 6, "id": "levitate", "degree": 10}, {"group": 7, "id": "leery", "degree": 1}, {"group": 8, "id": "leakage", "degree": 18}, {"group": 7, "id": "leaden", "degree": 25}, {"group": 0, "id": "leaf"}, {"group": 0, "id": "lead", "degree": 37}, {"group": 8, "id": "leak"}, {"group": 5, "id": "lexical"}, {"group": 0, "id": "lean", "degree": 28}, {"group": 11, "id": "legal"}, {"group": 0, "id": "legato"}, {"group": 6, "id": "leap"}, {"group": 3, "id": "lexicography", "degree": 3}, {"group": 3, "id": "lecture", "degree": 5}, {"group": 1, "id": "legate", "degree": 4}, {"group": 6, "id": "levitation", "degree": 11}, {"group": 0, "id": "leader", "degree": 13}, {"group": 7, "id": "lethargic"}, {"group": 0, "id": "lea"}, {"group": 7, "id": "leavings"}, {"group": 4, "id": "lee", "degree": 10}, {"group": 6, "id": "leg"}, {"group": 12, "id": "legitimacy", "degree": 8}, {"group": 0, "id": "leaning", "degree": 22}, {"group": 6, "id": "leaping", "degree": 4}, {"group": 0, "id": "leadership"}, {"group": 8, "id": "let", "degree": 24}, {"group": 13, "id": "lex"}, {"group": 4, "id": "leftover"}, {"group": 10, "id": "leakproof"}, {"group": 0, "id": "legend"}, {"group": 11, "id": "legit", "degree": 4}, {"group": 11, "id": "legislature"}, {"group": 0, "id": "league"}, {"group": 8, "id": "letup", "degree": 13}, {"group": 7, "id": "leprous"}, {"group": 14, "id": "levanter", "degree": 0}, {"group": 8, "id": "leaving", "degree": 16}, {"group": 6, "id": "length"}, {"group": 8, "id": "leaven"}, {"group": 0, "id": "leprechaun", "degree": 3}, {"group": 7, "id": "lemon"}, {"group": 7, "id": "leaved"}, {"group": 3, "id": "letters"}, {"group": 6, "id": "lengthen", "degree": 22}, {"group": 8, "id": "leniency", "degree": 8}, {"group": 0, "id": "letterhead"}, {"group": 3, "id": "learning", "degree": 4}, {"group": 7, "id": "lewdness"}, {"group": 3, "id": "lesson", "degree": 8}, {"group": 15, "id": "lewd"}, {"group": 1, "id": "legislator"}, {"group": 11, "id": "legislative", "degree": 7}, {"group": 0, "id": "leverage"}, {"group": 0, "id": "leading"}, {"group": 13, "id": "legislation"}, {"group": 2, "id": "least", "degree": 4}, {"group": 8, "id": "lessening", "degree": 17}, {"group": 0, "id": "leash"}, {"group": 1, "id": "leech"}, {"group": 13, "id": "lease", "degree": 15}, {"group": 11, "id": "levelheaded", "degree": 5}, {"group": 8, "id": "leach", "degree": 13}, {"group": 3, "id": "legation", "degree": 12}, {"group": 4, "id": "leper", "degree": 1}, {"group": 15, "id": "lecherous", "degree": 2}, {"group": 1, "id": "lessee", "degree": 2}, {"group": 13, "id": "legalize"}, {"group": 8, "id": "lessen"}, {"group": 0, "id": "lexeme"}, {"group": 7, "id": "leprosy"}, {"group": 8, "id": "learn", "degree": 6}, {"group": 10, "id": "leathery"}, {"group": 3, "id": "lexicology", "degree": 3}, {"group": 1, "id": "lector", "degree": 3}, {"group": 8, "id": "letdown"}, {"group": 7, "id": "leafy"}, {"group": 6, "id": "levity"}, {"group": 13, "id": "legislate", "degree": 13}, {"group": 10, "id": "lengthy"}, {"group": 0, "id": "leukocyte", "degree": 0}, {"group": 7, "id": "lees", "degree": 16}, {"group": 5, "id": "lexigraphic"}, {"group": 7, "id": "legalistic"}, {"group": 13, "id": "ledger"}, {"group": 7, "id": "leached", "degree": 9}, {"group": 0, "id": "ledge"}, {"group": 6, "id": "lengthening", "degree": 6}, {"group": 7, "id": "lenient"}, {"group": 1, "id": "lecturer"}, {"group": 3, "id": "levy", "degree": 15}, {"group": 8, "id": "lesion", "degree": 22}, {"group": 0, "id": "lend", "degree": 1}, {"group": 0, "id": "lexicographer"}, {"group": 0, "id": "leopard"}, {"group": 4, "id": "lens"}, {"group": 12, "id": "legality"}, {"group": 0, "id": "letter", "degree": 34}, {"group": 0, "id": "leer"}, {"group": 0, "id": "lesbian", "degree": 0}, {"group": 15, "id": "lecher", "degree": 1}, {"group": 6, "id": "leaflet"}, {"group": 4, "id": "left", "degree": 5}, {"group": 13, "id": "leasehold"}, {"group": 11, "id": "legitimate"}], "links": [{"source": 0, "target": 44, "weight": 0.006452}, {"source": 0, "target": 52, "weight": 0.00813}, {"source": 0, "target": 59, "weight": 0.008403}, {"source": 1, "target": 110, "weight": 0.047619}, {"source": 2, "target": 40, "weight": 0.017857}, {"source": 2, "target": 126, "weight": 0.008264}, {"source": 2, "target": 82, "weight": 0.044444}, {"source": 2, "target": 133, "weight": 0.013514}, {"source": 2, "target": 59, "weight": 0.007874}, {"source": 3, "target": 46, "weight": 0.0125}, {"source": 3, "target": 44, "weight": 0.005155}, {"source": 3, "target": 104, "weight": 0.006369}, {"source": 3, "target": 15, "weight": 0.013333}, {"source": 3, "target": 93, "weight": 0.008}, {"source": 3, "target": 17, "weight": 0.706897}, {"source": 3, "target": 92, "weight": 0.084507}, {"source": 3, "target": 29, "weight": 0.014286}, {"source": 4, "target": 131, "weight": 0.027027}, {"source": 4, "target": 126, "weight": 0.032258}, {"source": 5, "target": 39, "weight": 0.005464}, {"source": 5, "target": 98, "weight": 0.009434}, {"source": 5, "target": 20, "weight": 0.010526}, {"source": 5, "target": 44, "weight": 0.006849}, {"source": 5, "target": 45, "weight": 0.015152}, {"source": 5, "target": 47, "weight": 0.005405}, {"source": 5, "target": 122, "weight": 0.029851}, {"source": 6, "target": 64, "weight": 0.027027}, {"source": 6, "target": 13, "weight": 0.35}, {"source": 6, "target": 56, "weight": 0.071429}, {"source": 6, "target": 138, "weight": 0.04878}, {"source": 7, "target": 118, "weight": 0.258065}, {"source": 7, "target": 90, "weight": 0.006849}, {"source": 7, "target": 43, "weight": 0.03125}, {"source": 7, "target": 140, "weight": 0.007576}, {"source": 7, "target": 133, "weight": 0.006623}, {"source": 7, "target": 19, "weight": 0.35}, {"source": 8, "target": 80, "weight": 0.012195}, {"source": 8, "target": 81, "weight": 0.008475}, {"source": 8, "target": 41, "weight": 0.003106}, {"source": 8, "target": 42, "weight": 0.017857}, {"source": 8, "target": 94, "weight": 0.009259}, {"source": 8, "target": 47, "weight": 0.08867}, {"source": 8, "target": 122, "weight": 0.009709}, {"source": 8, "target": 123, "weight": 0.044118}, {"source": 8, "target": 51, "weight": 0.024096}, {"source": 8, "target": 54, "weight": 0.018182}, {"source": 8, "target": 57, "weight": 0.008696}, {"source": 8, "target": 58, "weight": 0.016667}, {"source": 8, "target": 16, "weight": 0.036364}, {"source": 8, "target": 62, "weight": 0.007299}, {"source": 8, "target": 133, "weight": 0.012048}, {"source": 8, "target": 64, "weight": 0.014706}, {"source": 8, "target": 66, "weight": 0.008547}, {"source": 8, "target": 69, "weight": 0.004808}, {"source": 8, "target": 70, "weight": 0.040984}, {"source": 8, "target": 20, "weight": 0.022152}, {"source": 8, "target": 24, "weight": 0.006211}, {"source": 8, "target": 74, "weight": 0.253521}, {"source": 9, "target": 97, "weight": 0.015625}, {"source": 9, "target": 69, "weight": 0.009756}, {"source": 9, "target": 57, "weight": 0.00885}, {"source": 9, "target": 42, "weight": 0.005952}, {"source": 9, "target": 20, "weight": 0.00627}, {"source": 9, "target": 23, "weight": 0.008333}, {"source": 9, "target": 16, "weight": 0.018519}, {"source": 9, "target": 47, "weight": 0.004587}, {"source": 10, "target": 71, "weight": 0.018519}, {"source": 11, "target": 81, "weight": 0.033058}, {"source": 11, "target": 70, "weight": 0.031008}, {"source": 11, "target": 93, "weight": 0.072072}, {"source": 12, "target": 126, "weight": 0.006135}, {"source": 12, "target": 30, "weight": 0.006993}, {"source": 12, "target": 41, "weight": 0.00289}, {"source": 12, "target": 20, "weight": 0.011662}, {"source": 12, "target": 73, "weight": 0.010417}, {"source": 12, "target": 38, "weight": 0.008}, {"source": 13, "target": 56, "weight": 0.275862}, {"source": 13, "target": 41, "weight": 0.003356}, {"source": 13, "target": 122, "weight": 0.012658}, {"source": 13, "target": 59, "weight": 0.008264}, {"source": 13, "target": 36, "weight": 0.020408}, {"source": 13, "target": 138, "weight": 0.041667}, {"source": 14, "target": 51, "weight": 0.014085}, {"source": 14, "target": 60, "weight": 0.015152}, {"source": 14, "target": 113, "weight": 0.182927}, {"source": 15, "target": 39, "weight": 0.005025}, {"source": 15, "target": 70, "weight": 0.018868}, {"source": 15, "target": 44, "weight": 0.012422}, {"source": 15, "target": 81, "weight": 0.010101}, {"source": 15, "target": 121, "weight": 0.019608}, {"source": 15, "target": 93, "weight": 0.021739}, {"source": 15, "target": 138, "weight": 0.018519}, {"source": 16, "target": 98, "weight": 0.008621}, {"source": 16, "target": 20, "weight": 0.003367}, {"source": 16, "target": 60, "weight": 0.018519}, {"source": 16, "target": 24, "weight": 0.014815}, {"source": 16, "target": 47, "weight": 0.082873}, {"source": 16, "target": 51, "weight": 0.071429}, {"source": 16, "target": 113, "weight": 0.011905}, {"source": 17, "target": 44, "weight": 0.01087}, {"source": 17, "target": 104, "weight": 0.006757}, {"source": 17, "target": 92, "weight": 0.114754}, {"source": 18, "target": 34, "weight": 0.116667}, {"source": 18, "target": 37, "weight": 0.014706}, {"source": 18, "target": 117, "weight": 0.011111}, {"source": 18, "target": 39, "weight": 0.041667}, {"source": 19, "target": 31, "weight": 0.019608}, {"source": 19, "target": 118, "weight": 0.02381}, {"source": 20, "target": 92, "weight": 0.003289}, {"source": 20, "target": 79, "weight": 0.00625}, {"source": 20, "target": 44, "weight": 0.026699}, {"source": 20, "target": 80, "weight": 0.003096}, {"source": 20, "target": 32, "weight": 0.003344}, {"source": 20, "target": 111, "weight": 0.002941}, {"source": 20, "target": 33, "weight": 0.003155}, {"source": 20, "target": 40, "weight": 0.01084}, {"source": 20, "target": 85, "weight": 0.003115}, {"source": 20, "target": 82, "weight": 0.006579}, {"source": 20, "target": 38, "weight": 0.002924}, {"source": 20, "target": 88, "weight": 0.013333}, {"source": 20, "target": 114, "weight": 0.010067}, {"source": 20, "target": 116, "weight": 0.003378}, {"source": 20, "target": 117, "weight": 0.003077}, {"source": 20, "target": 41, "weight": 0.031079}, {"source": 20, "target": 90, "weight": 0.004975}, {"source": 20, "target": 128, "weight": 0.006944}, {"source": 20, "target": 91, "weight": 0.00639}, {"source": 20, "target": 120, "weight": 0.003185}, {"source": 20, "target": 45, "weight": 0.075235}, {"source": 20, "target": 93, "weight": 0.002833}, {"source": 20, "target": 94, "weight": 0.008646}, {"source": 20, "target": 121, "weight": 0.003215}, {"source": 20, "target": 122, "weight": 0.105769}, {"source": 20, "target": 123, "weight": 0.003215}, {"source": 20, "target": 49, "weight": 0.006154}, {"source": 20, "target": 124, "weight": 0.002833}, {"source": 20, "target": 51, "weight": 0.003077}, {"source": 20, "target": 39, "weight": 0.004367}, {"source": 20, "target": 95, "weight": 0.006042}, {"source": 20, "target": 96, "weight": 0.003175}, {"source": 20, "target": 97, "weight": 0.009836}, {"source": 20, "target": 54, "weight": 0.03125}, {"source": 20, "target": 98, "weight": 0.013228}, {"source": 20, "target": 55, "weight": 0.006079}, {"source": 20, "target": 127, "weight": 0.002732}, {"source": 20, "target": 56, "weight": 0.006667}, {"source": 20, "target": 57, "weight": 0.014205}, {"source": 20, "target": 58, "weight": 0.006667}, {"source": 20, "target": 42, "weight": 0.014778}, {"source": 20, "target": 126, "weight": 0.007937}, {"source": 20, "target": 130, "weight": 0.003322}, {"source": 20, "target": 61, "weight": 0.002681}, {"source": 20, "target": 132, "weight": 0.003436}, {"source": 20, "target": 133, "weight": 0.004914}, {"source": 20, "target": 47, "weight": 0.087059}, {"source": 20, "target": 63, "weight": 0.006557}, {"source": 20, "target": 64, "weight": 0.003236}, {"source": 20, "target": 99, "weight": 0.003135}, {"source": 20, "target": 66, "weight": 0.016997}, {"source": 20, "target": 67, "weight": 0.013158}, {"source": 20, "target": 69, "weight": 0.025057}, {"source": 20, "target": 70, "weight": 0.010989}, {"source": 20, "target": 52, "weight": 0.007732}, {"source": 20, "target": 21, "weight": 0.003268}, {"source": 20, "target": 103, "weight": 0.003268}, {"source": 20, "target": 104, "weight": 0.013123}, {"source": 20, "target": 23, "weight": 0.002755}, {"source": 20, "target": 73, "weight": 0.003195}, {"source": 20, "target": 24, "weight": 0.004988}, {"source": 20, "target": 74, "weight": 0.034483}, {"source": 20, "target": 59, "weight": 0.010444}, {"source": 20, "target": 139, "weight": 0.003257}, {"source": 20, "target": 140, "weight": 0.031746}, {"source": 21, "target": 77, "weight": 0.017241}, {"source": 21, "target": 127, "weight": 0.009174}, {"source": 21, "target": 26, "weight": 0.021739}, {"source": 21, "target": 40, "weight": 0.008696}, {"source": 21, "target": 108, "weight": 0.021739}, {"source": 23, "target": 126, "weight": 0.005556}, {"source": 23, "target": 127, "weight": 0.006024}, {"source": 23, "target": 56, "weight": 0.009901}, {"source": 23, "target": 41, "weight": 0.005525}, {"source": 23, "target": 44, "weight": 0.004505}, {"source": 23, "target": 133, "weight": 0.004808}, {"source": 23, "target": 27, "weight": 0.015385}, {"source": 23, "target": 38, "weight": 0.007042}, {"source": 24, "target": 126, "weight": 0.004566}, {"source": 24, "target": 33, "weight": 0.019481}, {"source": 24, "target": 38, "weight": 0.011111}, {"source": 24, "target": 114, "weight": 0.007194}, {"source": 24, "target": 117, "weight": 0.006098}, {"source": 24, "target": 41, "weight": 0.004988}, {"source": 24, "target": 44, "weight": 0.011583}, {"source": 24, "target": 93, "weight": 0.005208}, {"source": 24, "target": 121, "weight": 0.006667}, {"source": 24, "target": 51, "weight": 0.006098}, {"source": 24, "target": 96, "weight": 0.013072}, {"source": 24, "target": 98, "weight": 0.018349}, {"source": 24, "target": 127, "weight": 0.004878}, {"source": 24, "target": 39, "weight": 0.003356}, {"source": 24, "target": 80, "weight": 0.006173}, {"source": 24, "target": 62, "weight": 0.05314}, {"source": 24, "target": 133, "weight": 0.004049}, {"source": 24, "target": 99, "weight": 0.012739}, {"source": 24, "target": 70, "weight": 0.009756}, {"source": 24, "target": 73, "weight": 0.108696}, {"source": 25, "target": 117, "weight": 0.012658}, {"source": 25, "target": 26, "weight": 0.017544}, {"source": 25, "target": 106, "weight": 0.013699}, {"source": 25, "target": 59, "weight": 0.007143}, {"source": 25, "target": 84, "weight": 0.019231}, {"source": 25, "target": 112, "weight": 0.017241}, {"source": 25, "target": 78, "weight": 0.019231}, {"source": 25, "target": 95, "weight": 0.023529}, {"source": 26, "target": 44, "weight": 0.006173}, {"source": 27, "target": 41, "weight": 0.003021}, {"source": 27, "target": 57, "weight": 0.02459}, {"source": 27, "target": 47, "weight": 0.004367}, {"source": 27, "target": 122, "weight": 0.008929}, {"source": 27, "target": 36, "weight": 0.024691}, {"source": 28, "target": 133, "weight": 0.014925}, {"source": 28, "target": 48, "weight": 0.076923}, {"source": 29, "target": 39, "weight": 0.005155}, {"source": 29, "target": 121, "weight": 0.021739}, {"source": 29, "target": 44, "weight": 0.012821}, {"source": 29, "target": 138, "weight": 0.020408}, {"source": 30, "target": 81, "weight": 0.00641}, {"source": 30, "target": 39, "weight": 0.003906}, {"source": 30, "target": 134, "weight": 0.007813}, {"source": 30, "target": 70, "weight": 0.006098}, {"source": 30, "target": 93, "weight": 0.006667}, {"source": 30, "target": 123, "weight": 0.009259}, {"source": 30, "target": 127, "weight": 0.006135}, {"source": 30, "target": 73, "weight": 0.009091}, {"source": 30, "target": 139, "weight": 0.009615}, {"source": 30, "target": 113, "weight": 0.02069}, {"source": 30, "target": 53, "weight": 0.012987}, {"source": 30, "target": 96, "weight": 0.008929}, {"source": 31, "target": 49, "weight": 0.014925}, {"source": 31, "target": 85, "weight": 0.016129}, {"source": 32, "target": 115, "weight": 0.194444}, {"source": 32, "target": 65, "weight": 0.03125}, {"source": 32, "target": 80, "weight": 0.016949}, {"source": 32, "target": 93, "weight": 0.011236}, {"source": 32, "target": 123, "weight": 0.021277}, {"source": 32, "target": 108, "weight": 0.025641}, {"source": 33, "target": 52, "weight": 0.013986}, {"source": 33, "target": 109, "weight": 0.020833}, {"source": 33, "target": 117, "weight": 0.012658}, {"source": 33, "target": 41, "weight": 0.003155}, {"source": 33, "target": 57, "weight": 0.009091}, {"source": 33, "target": 42, "weight": 0.006061}, {"source": 33, "target": 44, "weight": 0.005682}, {"source": 33, "target": 135, "weight": 0.015625}, {"source": 33, "target": 47, "weight": 0.004651}, {"source": 33, "target": 61, "weight": 0.007874}, {"source": 33, "target": 96, "weight": 0.014493}, {"source": 33, "target": 139, "weight": 0.016393}, {"source": 33, "target": 38, "weight": 0.010417}, {"source": 33, "target": 89, "weight": 0.012821}, {"source": 34, "target": 39, "weight": 0.005076}, {"source": 35, "target": 50, "weight": 0.038462}, {"source": 35, "target": 95, "weight": 0.016667}, {"source": 35, "target": 102, "weight": 0.692308}, {"source": 36, "target": 69, "weight": 0.005}, {"source": 36, "target": 126, "weight": 0.007634}, {"source": 36, "target": 40, "weight": 0.00813}, {"source": 36, "target": 41, "weight": 0.003185}, {"source": 36, "target": 57, "weight": 0.018868}, {"source": 36, "target": 44, "weight": 0.017544}, {"source": 36, "target": 80, "weight": 0.056338}, {"source": 36, "target": 137, "weight": 0.021739}, {"source": 36, "target": 47, "weight": 0.049261}, {"source": 36, "target": 75, "weight": 0.011111}, {"source": 36, "target": 51, "weight": 0.084507}, {"source": 36, "target": 52, "weight": 0.007092}, {"source": 38, "target": 126, "weight": 0.006289}, {"source": 38, "target": 40, "weight": 0.006623}, {"source": 38, "target": 117, "weight": 0.009615}, {"source": 38, "target": 41, "weight": 0.002924}, {"source": 38, "target": 42, "weight": 0.157576}, {"source": 38, "target": 44, "weight": 0.004975}, {"source": 38, "target": 93, "weight": 0.039063}, {"source": 38, "target": 47, "weight": 0.008368}, {"source": 38, "target": 121, "weight": 0.011111}, {"source": 38, "target": 52, "weight": 0.005917}, {"source": 38, "target": 98, "weight": 0.038462}, {"source": 38, "target": 55, "weight": 0.009174}, {"source": 38, "target": 127, "weight": 0.006897}, {"source": 38, "target": 57, "weight": 0.007407}, {"source": 38, "target": 61, "weight": 0.006579}, {"source": 38, "target": 62, "weight": 0.012821}, {"source": 38, "target": 133, "weight": 0.005348}, {"source": 38, "target": 89, "weight": 0.009709}, {"source": 38, "target": 70, "weight": 0.027972}, {"source": 38, "target": 104, "weight": 0.024845}, {"source": 38, "target": 73, "weight": 0.033333}, {"source": 39, "target": 86, "weight": 0.008734}, {"source": 39, "target": 112, "weight": 0.005}, {"source": 39, "target": 115, "weight": 0.00495}, {"source": 39, "target": 77, "weight": 0.024155}, {"source": 39, "target": 117, "weight": 0.004525}, {"source": 39, "target": 41, "weight": 0.045455}, {"source": 39, "target": 90, "weight": 0.006711}, {"source": 39, "target": 119, "weight": 0.010811}, {"source": 39, "target": 44, "weight": 0.022436}, {"source": 39, "target": 45, "weight": 0.004202}, {"source": 39, "target": 121, "weight": 0.029703}, {"source": 39, "target": 122, "weight": 0.004167}, {"source": 39, "target": 124, "weight": 0.012146}, {"source": 39, "target": 52, "weight": 0.003497}, {"source": 39, "target": 53, "weight": 0.191589}, {"source": 39, "target": 97, "weight": 0.004926}, {"source": 39, "target": 55, "weight": 0.004425}, {"source": 39, "target": 57, "weight": 0.003968}, {"source": 39, "target": 42, "weight": 0.003257}, {"source": 39, "target": 62, "weight": 0.00365}, {"source": 39, "target": 71, "weight": 0.005128}, {"source": 39, "target": 104, "weight": 0.010753}, {"source": 39, "target": 108, "weight": 0.005025}, {"source": 39, "target": 78, "weight": 0.005155}, {"source": 39, "target": 140, "weight": 0.007042}, {"source": 40, "target": 114, "weight": 0.009174}, {"source": 40, "target": 98, "weight": 0.005236}, {"source": 40, "target": 127, "weight": 0.005714}, {"source": 40, "target": 117, "weight": 0.007463}, {"source": 40, "target": 41, "weight": 0.019126}, {"source": 40, "target": 44, "weight": 0.004329}, {"source": 40, "target": 126, "weight": 0.005291}, {"source": 40, "target": 73, "weight": 0.016529}, {"source": 40, "target": 138, "weight": 0.00813}, {"source": 40, "target": 62, "weight": 0.005348}, {"source": 40, "target": 133, "weight": 0.009259}, {"source": 40, "target": 59, "weight": 0.005128}, {"source": 40, "target": 52, "weight": 0.010101}, {"source": 40, "target": 93, "weight": 0.006173}, {"source": 40, "target": 96, "weight": 0.008065}, {"source": 41, "target": 79, "weight": 0.00625}, {"source": 41, "target": 44, "weight": 0.062814}, {"source": 41, "target": 80, "weight": 0.003096}, {"source": 41, "target": 81, "weight": 0.002786}, {"source": 41, "target": 126, "weight": 0.01061}, {"source": 41, "target": 85, "weight": 0.003115}, {"source": 41, "target": 82, "weight": 0.003279}, {"source": 41, "target": 57, "weight": 0.008475}, {"source": 41, "target": 114, "weight": 0.006689}, {"source": 41, "target": 137, "weight": 0.00339}, {"source": 41, "target": 77, "weight": 0.009585}, {"source": 41, "target": 117, "weight": 0.003077}, {"source": 41, "target": 90, "weight": 0.05483}, {"source": 41, "target": 91, "weight": 0.009615}, {"source": 41, "target": 47, "weight": 0.019868}, {"source": 41, "target": 45, "weight": 0.002924}, {"source": 41, "target": 46, "weight": 0.003247}, {"source": 41, "target": 94, "weight": 0.011561}, {"source": 41, "target": 87, "weight": 0.003279}, {"source": 41, "target": 122, "weight": 0.008772}, {"source": 41, "target": 123, "weight": 0.003215}, {"source": 41, "target": 49, "weight": 0.003067}, {"source": 41, "target": 50, "weight": 0.003356}, {"source": 41, "target": 51, "weight": 0.003077}, {"source": 41, "target": 52, "weight": 0.077135}, {"source": 41, "target": 95, "weight": 0.003012}, {"source": 41, "target": 96, "weight": 0.003175}, {"source": 41, "target": 98, "weight": 0.005249}, {"source": 41, "target": 55, "weight": 0.006079}, {"source": 41, "target": 127, "weight": 0.002732}, {"source": 41, "target": 56, "weight": 0.006667}, {"source": 41, "target": 58, "weight": 0.003322}, {"source": 41, "target": 42, "weight": 0.004878}, {"source": 41, "target": 129, "weight": 0.003367}, {"source": 41, "target": 107, "weight": 0.006452}, {"source": 41, "target": 61, "weight": 0.050562}, {"source": 41, "target": 140, "weight": 0.002571}, {"source": 41, "target": 133, "weight": 0.030227}, {"source": 41, "target": 63, "weight": 0.009868}, {"source": 41, "target": 134, "weight": 0.003021}, {"source": 41, "target": 99, "weight": 0.003135}, {"source": 41, "target": 66, "weight": 0.008427}, {"source": 41, "target": 89, "weight": 0.045016}, {"source": 41, "target": 69, "weight": 0.006711}, {"source": 41, "target": 70, "weight": 0.005464}, {"source": 41, "target": 103, "weight": 0.009868}, {"source": 41, "target": 104, "weight": 0.01847}, {"source": 41, "target": 105, "weight": 0.01}, {"source": 41, "target": 74, "weight": 0.009174}, {"source": 41, "target": 53, "weight": 0.005602}, {"source": 41, "target": 59, "weight": 0.026525}, {"source": 41, "target": 139, "weight": 0.003257}, {"source": 41, "target": 75, "weight": 0.005917}, {"source": 42, "target": 80, "weight": 0.005848}, {"source": 42, "target": 85, "weight": 0.005917}, {"source": 42, "target": 114, "weight": 0.006757}, {"source": 42, "target": 117, "weight": 0.00578}, {"source": 42, "target": 44, "weight": 0.003704}, {"source": 42, "target": 93, "weight": 0.004975}, {"source": 42, "target": 49, "weight": 0.005747}, {"source": 42, "target": 52, "weight": 0.004202}, {"source": 42, "target": 96, "weight": 0.006135}, {"source": 42, "target": 98, "weight": 0.05}, {"source": 42, "target": 127, "weight": 0.04878}, {"source": 42, "target": 62, "weight": 0.017937}, {"source": 42, "target": 133, "weight": 0.007843}, {"source": 42, "target": 70, "weight": 0.043478}, {"source": 42, "target": 73, "weight": 0.025316}, {"source": 44, "target": 79, "weight": 0.005556}, {"source": 44, "target": 126, "weight": 0.008403}, {"source": 44, "target": 112, "weight": 0.006135}, {"source": 44, "target": 115, "weight": 0.012195}, {"source": 44, "target": 134, "weight": 0.010582}, {"source": 44, "target": 117, "weight": 0.005435}, {"source": 44, "target": 90, "weight": 0.007663}, {"source": 44, "target": 47, "weight": 0.022293}, {"source": 44, "target": 92, "weight": 0.037975}, {"source": 44, "target": 93, "weight": 0.004717}, {"source": 44, "target": 94, "weight": 0.004808}, {"source": 44, "target": 121, "weight": 0.017857}, {"source": 44, "target": 122, "weight": 0.025126}, {"source": 44, "target": 51, "weight": 0.016484}, {"source": 44, "target": 52, "weight": 0.012146}, {"source": 44, "target": 95, "weight": 0.005236}, {"source": 44, "target": 97, "weight": 0.006024}, {"source": 44, "target": 98, "weight": 0.008333}, {"source": 44, "target": 75, "weight": 0.005051}, {"source": 44, "target": 61, "weight": 0.00431}, {"source": 44, "target": 62, "weight": 0.004219}, {"source": 44, "target": 140, "weight": 0.024691}, {"source": 44, "target": 133, "weight": 0.003745}, {"source": 44, "target": 64, "weight": 0.011976}, {"source": 44, "target": 66, "weight": 0.004608}, {"source": 44, "target": 89, "weight": 0.005464}, {"source": 44, "target": 69, "weight": 0.009804}, {"source": 44, "target": 70, "weight": 0.004425}, {"source": 44, "target": 104, "weight": 0.033755}, {"source": 44, "target": 73, "weight": 0.005814}, {"source": 44, "target": 53, "weight": 0.004608}, {"source": 44, "target": 59, "weight": 0.064935}, {"source": 44, "target": 78, "weight": 0.006369}, {"source": 44, "target": 138, "weight": 0.00578}, {"source": 45, "target": 88, "weight": 0.257576}, {"source": 45, "target": 97, "weight": 0.048193}, {"source": 45, "target": 58, "weight": 0.0125}, {"source": 45, "target": 67, "weight": 0.242857}, {"source": 46, "target": 126, "weight": 0.008}, {"source": 46, "target": 133, "weight": 0.013158}, {"source": 46, "target": 93, "weight": 0.010204}, {"source": 47, "target": 80, "weight": 0.023041}, {"source": 47, "target": 126, "weight": 0.00722}, {"source": 47, "target": 93, "weight": 0.003984}, {"source": 47, "target": 123, "weight": 0.014493}, {"source": 47, "target": 51, "weight": 0.154639}, {"source": 47, "target": 52, "weight": 0.006969}, {"source": 47, "target": 98, "weight": 0.01444}, {"source": 47, "target": 127, "weight": 0.019231}, {"source": 47, "target": 56, "weight": 0.010101}, {"source": 47, "target": 128, "weight": 0.005348}, {"source": 47, "target": 58, "weight": 0.005025}, {"source": 47, "target": 107, "weight": 0.004785}, {"source": 47, "target": 60, "weight": 0.033019}, {"source": 47, "target": 62, "weight": 0.003623}, {"source": 47, "target": 133, "weight": 0.006557}, {"source": 47, "target": 70, "weight": 0.027027}, {"source": 47, "target": 73, "weight": 0.004739}, {"source": 47, "target": 59, "weight": 0.003521}, {"source": 48, "target": 109, "weight": 0.125}, {"source": 48, "target": 79, "weight": 0.022727}, {"source": 48, "target": 52, "weight": 0.00885}, {"source": 49, "target": 126, "weight": 0.006993}, {"source": 49, "target": 83, "weight": 0.018182}, {"source": 49, "target": 85, "weight": 0.491228}, {"source": 49, "target": 99, "weight": 0.024691}, {"source": 49, "target": 82, "weight": 0.014706}, {"source": 50, "target": 102, "weight": 0.035714}, {"source": 50, "target": 87, "weight": 0.108108}, {"source": 50, "target": 52, "weight": 0.016129}, {"source": 50, "target": 95, "weight": 0.014925}, {"source": 51, "target": 69, "weight": 0.004739}, {"source": 51, "target": 127, "weight": 0.007813}, {"source": 51, "target": 52, "weight": 0.006579}, {"source": 51, "target": 80, "weight": 0.011765}, {"source": 51, "target": 60, "weight": 0.077922}, {"source": 51, "target": 81, "weight": 0.033898}, {"source": 51, "target": 113, "weight": 0.097087}, {"source": 52, "target": 85, "weight": 0.006757}, {"source": 52, "target": 87, "weight": 0.007576}, {"source": 52, "target": 89, "weight": 0.006623}, {"source": 52, "target": 90, "weight": 0.05}, {"source": 52, "target": 95, "weight": 0.006289}, {"source": 52, "target": 126, "weight": 0.009709}, {"source": 52, "target": 129, "weight": 0.008065}, {"source": 52, "target": 75, "weight": 0.006024}, {"source": 52, "target": 130, "weight": 0.007813}, {"source": 52, "target": 61, "weight": 0.005}, {"source": 52, "target": 133, "weight": 0.008547}, {"source": 52, "target": 66, "weight": 0.005405}, {"source": 52, "target": 107, "weight": 0.007246}, {"source": 53, "target": 117, "weight": 0.008333}, {"source": 55, "target": 56, "weight": 0.014706}, {"source": 55, "target": 127, "weight": 0.007519}, {"source": 55, "target": 117, "weight": 0.328571}, {"source": 55, "target": 121, "weight": 0.012821}, {"source": 55, "target": 96, "weight": 0.012195}, {"source": 55, "target": 70, "weight": 0.007463}, {"source": 56, "target": 69, "weight": 0.005348}, {"source": 56, "target": 134, "weight": 0.014493}, {"source": 56, "target": 131, "weight": 0.035714}, {"source": 56, "target": 122, "weight": 0.012195}, {"source": 56, "target": 59, "weight": 0.008065}, {"source": 57, "target": 98, "weight": 0.005714}, {"source": 57, "target": 127, "weight": 0.012658}, {"source": 57, "target": 80, "weight": 0.008621}, {"source": 57, "target": 133, "weight": 0.004975}, {"source": 57, "target": 76, "weight": 0.011364}, {"source": 57, "target": 123, "weight": 0.009615}, {"source": 57, "target": 99, "weight": 0.008929}, {"source": 57, "target": 70, "weight": 0.00625}, {"source": 58, "target": 89, "weight": 0.016129}, {"source": 58, "target": 74, "weight": 0.014925}, {"source": 58, "target": 61, "weight": 0.018182}, {"source": 58, "target": 99, "weight": 0.017544}, {"source": 58, "target": 132, "weight": 0.2}, {"source": 59, "target": 79, "weight": 0.006944}, {"source": 59, "target": 80, "weight": 0.006849}, {"source": 59, "target": 81, "weight": 0.016667}, {"source": 59, "target": 126, "weight": 0.009901}, {"source": 59, "target": 82, "weight": 0.007813}, {"source": 59, "target": 89, "weight": 0.013699}, {"source": 59, "target": 91, "weight": 0.007299}, {"source": 59, "target": 122, "weight": 0.005988}, {"source": 59, "target": 123, "weight": 0.007463}, {"source": 59, "target": 96, "weight": 0.007246}, {"source": 59, "target": 98, "weight": 0.004878}, {"source": 59, "target": 61, "weight": 0.010256}, {"source": 59, "target": 62, "weight": 0.004975}, {"source": 59, "target": 133, "weight": 0.017544}, {"source": 59, "target": 64, "weight": 0.007576}, {"source": 59, "target": 68, "weight": 0.007692}, {"source": 59, "target": 104, "weight": 0.004808}, {"source": 59, "target": 105, "weight": 0.008}, {"source": 59, "target": 75, "weight": 0.006173}, {"source": 59, "target": 139, "weight": 0.007692}, {"source": 60, "target": 127, "weight": 0.00813}, {"source": 60, "target": 90, "weight": 0.00625}, {"source": 60, "target": 135, "weight": 0.014925}, {"source": 61, "target": 80, "weight": 0.007519}, {"source": 61, "target": 81, "weight": 0.005917}, {"source": 61, "target": 62, "weight": 0.010695}, {"source": 61, "target": 133, "weight": 0.004587}, {"source": 61, "target": 99, "weight": 0.048387}, {"source": 61, "target": 96, "weight": 0.008}, {"source": 62, "target": 80, "weight": 0.007246}, {"source": 62, "target": 111, "weight": 0.054054}, {"source": 62, "target": 82, "weight": 0.008333}, {"source": 62, "target": 89, "weight": 0.014493}, {"source": 62, "target": 94, "weight": 0.01227}, {"source": 62, "target": 95, "weight": 0.006803}, {"source": 62, "target": 96, "weight": 0.065041}, {"source": 62, "target": 98, "weight": 0.010204}, {"source": 62, "target": 127, "weight": 0.01676}, {"source": 62, "target": 107, "weight": 0.040984}, {"source": 62, "target": 133, "weight": 0.009009}, {"source": 62, "target": 126, "weight": 0.010309}, {"source": 62, "target": 99, "weight": 0.007463}, {"source": 62, "target": 69, "weight": 0.003788}, {"source": 62, "target": 70, "weight": 0.051724}, {"source": 62, "target": 103, "weight": 0.016667}, {"source": 62, "target": 104, "weight": 0.005}, {"source": 62, "target": 73, "weight": 0.007813}, {"source": 62, "target": 139, "weight": 0.016529}, {"source": 63, "target": 114, "weight": 0.023256}, {"source": 63, "target": 96, "weight": 0.017241}, {"source": 64, "target": 138, "weight": 0.173077}, {"source": 64, "target": 96, "weight": 0.016393}, {"source": 66, "target": 83, "weight": 0.011494}, {"source": 66, "target": 133, "weight": 0.02}, {"source": 66, "target": 96, "weight": 0.009091}, {"source": 67, "target": 88, "weight": 0.548387}, {"source": 67, "target": 90, "weight": 0.013699}, {"source": 67, "target": 103, "weight": 0.02}, {"source": 67, "target": 140, "weight": 0.145299}, {"source": 67, "target": 133, "weight": 0.006579}, {"source": 68, "target": 88, "weight": 0.021277}, {"source": 68, "target": 99, "weight": 0.015873}, {"source": 68, "target": 73, "weight": 0.017544}, {"source": 69, "target": 114, "weight": 0.005376}, {"source": 69, "target": 98, "weight": 0.007491}, {"source": 69, "target": 126, "weight": 0.019084}, {"source": 69, "target": 133, "weight": 0.006826}, {"source": 69, "target": 107, "weight": 0.005076}, {"source": 70, "target": 81, "weight": 0.15493}, {"source": 70, "target": 111, "weight": 0.306306}, {"source": 70, "target": 82, "weight": 0.009174}, {"source": 70, "target": 93, "weight": 0.284553}, {"source": 70, "target": 98, "weight": 0.005376}, {"source": 70, "target": 127, "weight": 0.011834}, {"source": 70, "target": 104, "weight": 0.010638}, {"source": 70, "target": 73, "weight": 0.026087}, {"source": 73, "target": 98, "weight": 0.007576}, {"source": 73, "target": 91, "weight": 0.015625}, {"source": 73, "target": 104, "weight": 0.007407}, {"source": 73, "target": 93, "weight": 0.009709}, {"source": 73, "target": 127, "weight": 0.008621}, {"source": 74, "target": 80, "weight": 0.011236}, {"source": 74, "target": 133, "weight": 0.011561}, {"source": 74, "target": 123, "weight": 0.04}, {"source": 75, "target": 126, "weight": 0.00641}, {"source": 75, "target": 98, "weight": 0.081633}, {"source": 75, "target": 80, "weight": 0.010101}, {"source": 76, "target": 135, "weight": 0.02381}, {"source": 76, "target": 122, "weight": 0.013158}, {"source": 77, "target": 121, "weight": 0.015873}, {"source": 79, "target": 114, "weight": 0.017241}, {"source": 79, "target": 126, "weight": 0.007246}, {"source": 79, "target": 109, "weight": 0.019231}, {"source": 79, "target": 83, "weight": 0.0625}, {"source": 79, "target": 133, "weight": 0.030864}, {"source": 80, "target": 126, "weight": 0.007143}, {"source": 80, "target": 115, "weight": 0.015152}, {"source": 80, "target": 89, "weight": 0.011905}, {"source": 80, "target": 123, "weight": 0.028571}, {"source": 80, "target": 96, "weight": 0.013333}, {"source": 80, "target": 98, "weight": 0.007042}, {"source": 80, "target": 139, "weight": 0.014925}, {"source": 81, "target": 93, "weight": 0.162791}, {"source": 81, "target": 111, "weight": 0.181034}, {"source": 81, "target": 133, "weight": 0.004902}, {"source": 81, "target": 123, "weight": 0.018868}, {"source": 81, "target": 134, "weight": 0.007874}, {"source": 81, "target": 113, "weight": 0.05}, {"source": 81, "target": 89, "weight": 0.008333}, {"source": 82, "target": 127, "weight": 0.009259}, {"source": 82, "target": 133, "weight": 0.013423}, {"source": 83, "target": 85, "weight": 0.02}, {"source": 84, "target": 117, "weight": 0.016667}, {"source": 85, "target": 126, "weight": 0.022059}, {"source": 85, "target": 134, "weight": 0.011236}, {"source": 85, "target": 99, "weight": 0.04}, {"source": 86, "target": 136, "weight": 0.014286}, {"source": 86, "target": 101, "weight": 0.418182}, {"source": 87, "target": 110, "weight": 0.027778}, {"source": 88, "target": 90, "weight": 0.014085}, {"source": 88, "target": 103, "weight": 0.021739}, {"source": 88, "target": 91, "weight": 0.018519}, {"source": 88, "target": 140, "weight": 0.150442}, {"source": 89, "target": 133, "weight": 0.005917}, {"source": 89, "target": 99, "weight": 0.0125}, {"source": 89, "target": 96, "weight": 0.013158}, {"source": 90, "target": 133, "weight": 0.008097}, {"source": 90, "target": 107, "weight": 0.006623}, {"source": 90, "target": 99, "weight": 0.006289}, {"source": 91, "target": 114, "weight": 0.04}, {"source": 91, "target": 99, "weight": 0.014286}, {"source": 91, "target": 96, "weight": 0.015152}, {"source": 92, "target": 140, "weight": 0.007692}, {"source": 92, "target": 122, "weight": 0.011765}, {"source": 93, "target": 111, "weight": 0.201835}, {"source": 93, "target": 98, "weight": 0.011696}, {"source": 93, "target": 104, "weight": 0.017341}, {"source": 93, "target": 127, "weight": 0.00641}, {"source": 93, "target": 134, "weight": 0.008264}, {"source": 95, "target": 98, "weight": 0.006623}, {"source": 95, "target": 102, "weight": 0.016129}, {"source": 96, "target": 126, "weight": 0.007576}, {"source": 96, "target": 127, "weight": 0.008475}, {"source": 96, "target": 99, "weight": 0.014085}, {"source": 96, "target": 103, "weight": 0.017241}, {"source": 96, "target": 139, "weight": 0.714286}, {"source": 97, "target": 140, "weight": 0.046875}, {"source": 97, "target": 124, "weight": 0.010309}, {"source": 98, "target": 117, "weight": 0.006944}, {"source": 98, "target": 123, "weight": 0.015504}, {"source": 98, "target": 126, "weight": 0.005025}, {"source": 98, "target": 127, "weight": 0.01087}, {"source": 98, "target": 104, "weight": 0.151685}, {"source": 99, "target": 126, "weight": 0.014815}, {"source": 99, "target": 103, "weight": 0.032787}, {"source": 99, "target": 133, "weight": 0.006098}, {"source": 99, "target": 139, "weight": 0.015873}, {"source": 100, "target": 138, "weight": 0.05}, {"source": 101, "target": 136, "weight": 0.04878}, {"source": 103, "target": 114, "weight": 0.333333}, {"source": 104, "target": 127, "weight": 0.005319}, {"source": 104, "target": 117, "weight": 0.006803}, {"source": 104, "target": 126, "weight": 0.00995}, {"source": 104, "target": 121, "weight": 0.007519}, {"source": 105, "target": 133, "weight": 0.027778}, {"source": 110, "target": 125, "weight": 0.409091}, {"source": 111, "target": 127, "weight": 0.014085}, {"source": 114, "target": 120, "weight": 0.019608}, {"source": 114, "target": 140, "weight": 0.03252}, {"source": 114, "target": 122, "weight": 0.012346}, {"source": 117, "target": 127, "weight": 0.007813}, {"source": 117, "target": 121, "weight": 0.013699}, {"source": 117, "target": 124, "weight": 0.008696}, {"source": 118, "target": 133, "weight": 0.007143}, {"source": 121, "target": 124, "weight": 0.009901}, {"source": 122, "target": 126, "weight": 0.006211}, {"source": 122, "target": 133, "weight": 0.010638}, {"source": 123, "target": 133, "weight": 0.00641}, {"source": 123, "target": 127, "weight": 0.017699}, {"source": 124, "target": 127, "weight": 0.00641}, {"source": 126, "target": 127, "weight": 0.005464}, {"source": 126, "target": 133, "weight": 0.004444}, {"source": 126, "target": 139, "weight": 0.008065}, {"source": 133, "target": 134, "weight": 0.005682}, {"source": 133, "target": 140, "weight": 0.004274}], "multigraph": false}