{"directed": false, "graph": {}, "nodes": [{"group": 0, "id": "limited", "degree": 32}, {"group": 5, "id": "lithography"}, {"group": 1, "id": "liar", "degree": 0}, {"group": 2, "id": "livestock"}, {"group": 1, "id": "litterateur", "degree": 6}, {"group": 3, "id": "livelihood", "degree": 11}, {"group": 4, "id": "lifeblood", "degree": 9}, {"group": 2, "id": "limelight", "degree": 12}, {"group": 2, "id": "linguistics"}, {"group": 5, "id": "lineman", "degree": 4}, {"group": 7, "id": "liturgy", "degree": 8}, {"group": 1, "id": "lifeline", "degree": 16}, {"group": 2, "id": "lining", "degree": 15}, {"group": 1, "id": "literary", "degree": 2}, {"group": 6, "id": "liberation", "degree": 18}, {"group": 4, "id": "listing", "degree": 14}, {"group": 2, "id": "literacy"}, {"group": 4, "id": "limerick", "degree": 1}, {"group": 2, "id": "limbo"}, {"group": 3, "id": "lighted", "degree": 6}, {"group": 7, "id": "litigious"}, {"group": 5, "id": "lighten"}, {"group": 4, "id": "libido", "degree": 21}, {"group": 0, "id": "likable", "degree": 12}, {"group": 8, "id": "listlessness"}, {"group": 8, "id": "livid"}, {"group": 4, "id": "liability", "degree": 37}, {"group": 1, "id": "listening", "degree": 2}, {"group": 8, "id": "limpet", "degree": 7}, {"group": 2, "id": "lineage"}, {"group": 2, "id": "likeness"}, {"group": 4, "id": "like"}, {"group": 4, "id": "lisp", "degree": 15}, {"group": 2, "id": "list"}, {"group": 6, "id": "limey"}, {"group": 5, "id": "licking"}, {"group": 0, "id": "lightning"}, {"group": 0, "id": "lionize", "degree": 4}, {"group": 2, "id": "lightness"}, {"group": 0, "id": "liable", "degree": 13}, {"group": 5, "id": "limen", "degree": 15}, {"group": 1, "id": "linguist"}, {"group": 6, "id": "lionhearted"}, {"group": 2, "id": "ligament"}, {"group": 6, "id": "libidinal", "degree": 13}, {"group": 5, "id": "liquidation"}, {"group": 0, "id": "liquor"}, {"group": 2, "id": "library", "degree": 34}, {"group": 0, "id": "licensed"}, {"group": 2, "id": "libretto"}, {"group": 2, "id": "lion"}, {"group": 5, "id": "lifter"}, {"group": 1, "id": "lithographer", "degree": 1}, {"group": 4, "id": "liking"}, {"group": 9, "id": "lifelike", "degree": 17}, {"group": 9, "id": "linear", "degree": 10}, {"group": 3, "id": "living"}, {"group": 0, "id": "lipstick", "degree": 12}, {"group": 8, "id": "limber", "degree": 12}, {"group": 9, "id": "literally", "degree": 12}, {"group": 1, "id": "literate"}, {"group": 0, "id": "lightproof"}, {"group": 5, "id": "liberty", "degree": 28}, {"group": 4, "id": "liveliness"}, {"group": 8, "id": "liberated"}, {"group": 0, "id": "lightsome"}, {"group": 7, "id": "litigation", "degree": 9}, {"group": 3, "id": "limitless"}, {"group": 2, "id": "libation", "degree": 19}, {"group": 6, "id": "lipid", "degree": 2}, {"group": 2, "id": "lights"}, {"group": 5, "id": "lighthouse"}, {"group": 4, "id": "likewise", "degree": 3}, {"group": 1, "id": "lieutenant"}, {"group": 9, "id": "liege"}, {"group": 2, "id": "litter", "degree": 19}, {"group": 10, "id": "littoral"}, {"group": 9, "id": "lineal"}, {"group": 4, "id": "likelihood"}, {"group": 4, "id": "linkage"}, {"group": 6, "id": "liberally", "degree": 1}, {"group": 5, "id": "limitation", "degree": 35}, {"group": 5, "id": "limits", "degree": 10}, {"group": 8, "id": "linger", "degree": 9}, {"group": 1, "id": "lifeboat"}, {"group": 0, "id": "lingual", "degree": 35}, {"group": 8, "id": "lifeless", "degree": 30}, {"group": 2, "id": "lithograph", "degree": 26}, {"group": 3, "id": "lightened", "degree": 9}, {"group": 4, "id": "lied", "degree": 2}, {"group": 5, "id": "liken"}, {"group": 8, "id": "limp", "degree": 22}, {"group": 8, "id": "listless", "degree": 18}, {"group": 2, "id": "limn"}, {"group": 6, "id": "lively"}, {"group": 2, "id": "lieu", "degree": 8}, {"group": 2, "id": "limb", "degree": 20}, {"group": 7, "id": "liturgic", "degree": 5}, {"group": 7, "id": "litigant", "degree": 3}, {"group": 2, "id": "lime"}, {"group": 6, "id": "libidinous", "degree": 10}, {"group": 0, "id": "little"}, {"group": 6, "id": "libertine"}, {"group": 9, "id": "lifer", "degree": 1}, {"group": 0, "id": "likely"}, {"group": 6, "id": "licentious"}, {"group": 5, "id": "lintel"}, {"group": 7, "id": "litany"}, {"group": 3, "id": "liquidated", "degree": 1}, {"group": 0, "id": "liana"}, {"group": 3, "id": "live"}, {"group": 8, "id": "lithe"}, {"group": 1, "id": "librettist", "degree": 1}, {"group": 7, "id": "libel", "degree": 5}, {"group": 0, "id": "linguistic"}, {"group": 8, "id": "lingering", "degree": 17}, {"group": 2, "id": "listen", "degree": 1}, {"group": 4, "id": "life"}, {"group": 8, "id": "lissome", "degree": 8}, {"group": 0, "id": "liven", "degree": 9}, {"group": 2, "id": "lint"}, {"group": 5, "id": "lift", "degree": 48}, {"group": 2, "id": "link"}, {"group": 0, "id": "liver"}, {"group": 2, "id": "line", "degree": 98}, {"group": 0, "id": "lisping"}, {"group": 1, "id": "lifeguard", "degree": 6}, {"group": 5, "id": "lightening", "degree": 3}, {"group": 5, "id": "license", "degree": 23}, {"group": 8, "id": "lingerer", "degree": 2}, {"group": 9, "id": "limpid"}, {"group": 2, "id": "liquefaction", "degree": 4}, {"group": 0, "id": "lips", "degree": 20}, {"group": 5, "id": "limiting"}, {"group": 2, "id": "lineaments"}, {"group": 5, "id": "limit", "degree": 42}, {"group": 2, "id": "lifework", "degree": 21}, {"group": 6, "id": "lickerish", "degree": 7}, {"group": 0, "id": "lingo", "degree": 5}, {"group": 0, "id": "lighthearted", "degree": 14}, {"group": 2, "id": "lick", "degree": 54}, {"group": 6, "id": "liberal", "degree": 25}, {"group": 0, "id": "lightly", "degree": 6}, {"group": 2, "id": "lines", "degree": 31}, {"group": 2, "id": "livery", "degree": 24}, {"group": 0, "id": "lichen"}, {"group": 8, "id": "limping"}, {"group": 8, "id": "lightweight"}, {"group": 6, "id": "libertarian", "degree": 7}, {"group": 3, "id": "lifetime"}, {"group": 9, "id": "linked"}, {"group": 6, "id": "liberalism"}, {"group": 2, "id": "lid", "degree": 13}, {"group": 2, "id": "lie"}, {"group": 6, "id": "libertinism"}, {"group": 1, "id": "liquidator", "degree": 3}, {"group": 2, "id": "ligature"}, {"group": 3, "id": "licked", "degree": 2}, {"group": 3, "id": "lit", "degree": 13}, {"group": 4, "id": "lilt", "degree": 26}, {"group": 2, "id": "lip"}, {"group": 2, "id": "littleness"}, {"group": 9, "id": "licit"}, {"group": 10, "id": "lido", "degree": 7}, {"group": 2, "id": "literature", "degree": 12}, {"group": 5, "id": "liquidate", "degree": 23}, {"group": 9, "id": "literal"}, {"group": 7, "id": "liturgical"}, {"group": 5, "id": "lighting", "degree": 6}, {"group": 1, "id": "librarian"}, {"group": 6, "id": "liberality"}, {"group": 1, "id": "listener"}, {"group": 1, "id": "lifesaver"}, {"group": 0, "id": "liquid", "degree": 38}, {"group": 0, "id": "light"}, {"group": 2, "id": "liquefy", "degree": 8}, {"group": 2, "id": "liner"}, {"group": 2, "id": "linen", "degree": 17}, {"group": 4, "id": "liaison"}, {"group": 2, "id": "lineup"}, {"group": 5, "id": "liberate"}], "links": [{"source": 0, "target": 141, "weight": 0.00885}, {"source": 0, "target": 142, "weight": 0.007576}, {"source": 0, "target": 143, "weight": 0.004505}, {"source": 0, "target": 47, "weight": 0.005319}, {"source": 0, "target": 5, "weight": 0.007874}, {"source": 0, "target": 104, "weight": 0.009804}, {"source": 0, "target": 93, "weight": 0.006623}, {"source": 0, "target": 146, "weight": 0.006494}, {"source": 0, "target": 147, "weight": 0.013333}, {"source": 0, "target": 45, "weight": 0.005848}, {"source": 0, "target": 150, "weight": 0.011299}, {"source": 0, "target": 99, "weight": 0.006024}, {"source": 0, "target": 153, "weight": 0.005128}, {"source": 0, "target": 101, "weight": 0.085106}, {"source": 0, "target": 175, "weight": 0.008333}, {"source": 0, "target": 61, "weight": 0.016807}, {"source": 0, "target": 158, "weight": 0.013699}, {"source": 0, "target": 166, "weight": 0.010471}, {"source": 0, "target": 111, "weight": 0.014599}, {"source": 0, "target": 160, "weight": 0.004149}, {"source": 0, "target": 117, "weight": 0.004255}, {"source": 0, "target": 56, "weight": 0.004237}, {"source": 0, "target": 67, "weight": 0.005051}, {"source": 0, "target": 121, "weight": 0.002959}, {"source": 0, "target": 75, "weight": 0.004926}, {"source": 0, "target": 124, "weight": 0.014793}, {"source": 0, "target": 48, "weight": 0.007874}, {"source": 0, "target": 29, "weight": 0.004831}, {"source": 0, "target": 81, "weight": 0.011299}, {"source": 0, "target": 30, "weight": 0.004065}, {"source": 0, "target": 31, "weight": 0.008658}, {"source": 0, "target": 173, "weight": 0.013825}, {"source": 0, "target": 174, "weight": 0.024306}, {"source": 0, "target": 130, "weight": 0.018634}, {"source": 0, "target": 33, "weight": 0.011236}, {"source": 0, "target": 85, "weight": 0.010638}, {"source": 0, "target": 134, "weight": 0.004184}, {"source": 0, "target": 86, "weight": 0.008475}, {"source": 0, "target": 157, "weight": 0.006897}, {"source": 0, "target": 135, "weight": 0.020747}, {"source": 0, "target": 40, "weight": 0.007246}, {"source": 0, "target": 138, "weight": 0.007752}, {"source": 0, "target": 94, "weight": 0.00738}, {"source": 1, "target": 168, "weight": 0.03125}, {"source": 2, "target": 4, "weight": 0.026316}, {"source": 3, "target": 124, "weight": 0.003436}, {"source": 3, "target": 136, "weight": 0.025641}, {"source": 4, "target": 60, "weight": 0.018519}, {"source": 4, "target": 13, "weight": 0.023256}, {"source": 4, "target": 112, "weight": 0.068966}, {"source": 4, "target": 169, "weight": 0.041667}, {"source": 4, "target": 41, "weight": 0.02439}, {"source": 5, "target": 117, "weight": 0.013699}, {"source": 5, "target": 128, "weight": 0.008403}, {"source": 5, "target": 56, "weight": 0.128788}, {"source": 5, "target": 110, "weight": 0.015038}, {"source": 5, "target": 170, "weight": 0.018519}, {"source": 5, "target": 63, "weight": 0.009615}, {"source": 5, "target": 132, "weight": 0.015385}, {"source": 5, "target": 121, "weight": 0.008032}, {"source": 5, "target": 94, "weight": 0.005435}, {"source": 5, "target": 149, "weight": 0.03125}, {"source": 5, "target": 54, "weight": 0.015385}, {"source": 6, "target": 29, "weight": 0.008}, {"source": 6, "target": 117, "weight": 0.013158}, {"source": 6, "target": 140, "weight": 0.004505}, {"source": 6, "target": 31, "weight": 0.006667}, {"source": 6, "target": 173, "weight": 0.007299}, {"source": 6, "target": 46, "weight": 0.011494}, {"source": 6, "target": 22, "weight": 0.022727}, {"source": 6, "target": 63, "weight": 0.027778}, {"source": 6, "target": 123, "weight": 0.015385}, {"source": 6, "target": 124, "weight": 0.001658}, {"source": 6, "target": 53, "weight": 0.009709}, {"source": 7, "target": 152, "weight": 0.017857}, {"source": 7, "target": 153, "weight": 0.009009}, {"source": 7, "target": 101, "weight": 0.004525}, {"source": 7, "target": 68, "weight": 0.015385}, {"source": 7, "target": 57, "weight": 0.02439}, {"source": 7, "target": 174, "weight": 0.00998}, {"source": 7, "target": 21, "weight": 0.027778}, {"source": 7, "target": 178, "weight": 0.009615}, {"source": 7, "target": 170, "weight": 0.00885}, {"source": 7, "target": 26, "weight": 0.011494}, {"source": 7, "target": 70, "weight": 0.125}, {"source": 7, "target": 50, "weight": 0.007519}, {"source": 7, "target": 37, "weight": 0.018182}, {"source": 7, "target": 122, "weight": 0.004902}, {"source": 7, "target": 95, "weight": 0.023256}, {"source": 7, "target": 124, "weight": 0.001664}, {"source": 7, "target": 99, "weight": 0.012195}, {"source": 8, "target": 124, "weight": 0.001698}, {"source": 9, "target": 81, "weight": 0.009804}, {"source": 9, "target": 11, "weight": 0.014925}, {"source": 9, "target": 165, "weight": 0.010101}, {"source": 9, "target": 143, "weight": 0.006849}, {"source": 9, "target": 121, "weight": 0.003817}, {"source": 9, "target": 135, "weight": 0.005917}, {"source": 9, "target": 147, "weight": 0.006623}, {"source": 9, "target": 51, "weight": 0.015625}, {"source": 9, "target": 124, "weight": 0.001642}, {"source": 9, "target": 40, "weight": 0.016129}, {"source": 10, "target": 134, "weight": 0.005848}, {"source": 10, "target": 30, "weight": 0.005618}, {"source": 10, "target": 128, "weight": 0.007194}, {"source": 10, "target": 174, "weight": 0.003846}, {"source": 10, "target": 143, "weight": 0.013072}, {"source": 10, "target": 107, "weight": 0.054795}, {"source": 10, "target": 47, "weight": 0.008333}, {"source": 10, "target": 167, "weight": 0.017241}, {"source": 10, "target": 178, "weight": 0.008333}, {"source": 10, "target": 121, "weight": 0.003704}, {"source": 10, "target": 136, "weight": 0.027778}, {"source": 10, "target": 97, "weight": 0.1}, {"source": 10, "target": 124, "weight": 0.006515}, {"source": 10, "target": 79, "weight": 0.010101}, {"source": 11, "target": 126, "weight": 0.038462}, {"source": 11, "target": 172, "weight": 0.035714}, {"source": 11, "target": 128, "weight": 0.014925}, {"source": 11, "target": 84, "weight": 0.073171}, {"source": 11, "target": 12, "weight": 0.012658}, {"source": 11, "target": 175, "weight": 0.020833}, {"source": 11, "target": 176, "weight": 0.020833}, {"source": 11, "target": 62, "weight": 0.025641}, {"source": 11, "target": 68, "weight": 0.012987}, {"source": 11, "target": 50, "weight": 0.013889}, {"source": 11, "target": 135, "weight": 0.011628}, {"source": 11, "target": 75, "weight": 0.015385}, {"source": 11, "target": 122, "weight": 0.00463}, {"source": 11, "target": 124, "weight": 0.001631}, {"source": 11, "target": 160, "weight": 0.005917}, {"source": 12, "target": 143, "weight": 0.012739}, {"source": 12, "target": 47, "weight": 0.008065}, {"source": 12, "target": 49, "weight": 0.014925}, {"source": 12, "target": 93, "weight": 0.023256}, {"source": 12, "target": 43, "weight": 0.016129}, {"source": 12, "target": 66, "weight": 0.012821}, {"source": 12, "target": 153, "weight": 0.015385}, {"source": 12, "target": 156, "weight": 0.029126}, {"source": 12, "target": 178, "weight": 0.008065}, {"source": 12, "target": 15, "weight": 0.011364}, {"source": 12, "target": 152, "weight": 0.013158}, {"source": 12, "target": 26, "weight": 0.009346}, {"source": 12, "target": 122, "weight": 0.004464}, {"source": 12, "target": 124, "weight": 0.029801}, {"source": 12, "target": 38, "weight": 0.009615}, {"source": 12, "target": 79, "weight": 0.009709}, {"source": 12, "target": 28, "weight": 0.013514}, {"source": 12, "target": 29, "weight": 0.006993}, {"source": 12, "target": 81, "weight": 0.008772}, {"source": 12, "target": 30, "weight": 0.005495}, {"source": 12, "target": 33, "weight": 0.013699}, {"source": 12, "target": 176, "weight": 0.266667}, {"source": 12, "target": 35, "weight": 0.011111}, {"source": 12, "target": 134, "weight": 0.005714}, {"source": 12, "target": 177, "weight": 0.021277}, {"source": 12, "target": 87, "weight": 0.084507}, {"source": 12, "target": 135, "weight": 0.005525}, {"source": 12, "target": 136, "weight": 0.012987}, {"source": 12, "target": 40, "weight": 0.013514}, {"source": 13, "target": 166, "weight": 0.01087}, {"source": 13, "target": 60, "weight": 0.125}, {"source": 14, "target": 29, "weight": 0.006803}, {"source": 14, "target": 102, "weight": 0.011628}, {"source": 14, "target": 30, "weight": 0.005376}, {"source": 14, "target": 154, "weight": 0.054545}, {"source": 14, "target": 128, "weight": 0.013699}, {"source": 14, "target": 165, "weight": 0.008696}, {"source": 14, "target": 21, "weight": 0.010309}, {"source": 14, "target": 75, "weight": 0.006993}, {"source": 14, "target": 62, "weight": 0.010989}, {"source": 14, "target": 170, "weight": 0.029851}, {"source": 14, "target": 45, "weight": 0.009009}, {"source": 14, "target": 121, "weight": 0.018248}, {"source": 14, "target": 47, "weight": 0.007813}, {"source": 14, "target": 174, "weight": 0.003788}, {"source": 14, "target": 148, "weight": 0.016667}, {"source": 14, "target": 141, "weight": 0.005988}, {"source": 14, "target": 180, "weight": 0.041237}, {"source": 14, "target": 151, "weight": 0.053571}, {"source": 14, "target": 136, "weight": 0.012346}, {"source": 15, "target": 134, "weight": 0.005682}, {"source": 15, "target": 120, "weight": 0.011628}, {"source": 15, "target": 30, "weight": 0.005464}, {"source": 15, "target": 173, "weight": 0.00641}, {"source": 15, "target": 174, "weight": 0.00381}, {"source": 15, "target": 110, "weight": 0.006289}, {"source": 15, "target": 33, "weight": 0.020619}, {"source": 15, "target": 85, "weight": 0.007937}, {"source": 15, "target": 26, "weight": 0.018692}, {"source": 15, "target": 177, "weight": 0.010417}, {"source": 15, "target": 104, "weight": 0.007042}, {"source": 15, "target": 135, "weight": 0.005495}, {"source": 15, "target": 93, "weight": 0.011364}, {"source": 15, "target": 39, "weight": 0.014706}, {"source": 15, "target": 169, "weight": 0.012048}, {"source": 15, "target": 124, "weight": 0.003221}, {"source": 15, "target": 53, "weight": 0.016529}, {"source": 15, "target": 16, "weight": 0.018868}, {"source": 16, "target": 164, "weight": 0.019608}, {"source": 17, "target": 159, "weight": 0.025974}, {"source": 17, "target": 124, "weight": 0.003333}, {"source": 17, "target": 164, "weight": 0.015152}, {"source": 17, "target": 89, "weight": 0.081081}, {"source": 18, "target": 140, "weight": 0.004854}, {"source": 19, "target": 56, "weight": 0.028169}, {"source": 19, "target": 88, "weight": 0.714286}, {"source": 19, "target": 174, "weight": 0.002008}, {"source": 19, "target": 130, "weight": 0.013889}, {"source": 19, "target": 67, "weight": 0.009346}, {"source": 19, "target": 158, "weight": 0.357143}, {"source": 19, "target": 110, "weight": 0.03125}, {"source": 19, "target": 94, "weight": 0.005525}, {"source": 20, "target": 66, "weight": 0.036364}, {"source": 20, "target": 98, "weight": 0.021739}, {"source": 21, "target": 159, "weight": 0.005464}, {"source": 21, "target": 140, "weight": 0.004065}, {"source": 21, "target": 89, "weight": 0.015385}, {"source": 21, "target": 173, "weight": 0.006211}, {"source": 21, "target": 119, "weight": 0.013514}, {"source": 21, "target": 121, "weight": 0.007168}, {"source": 21, "target": 58, "weight": 0.00885}, {"source": 21, "target": 85, "weight": 0.007634}, {"source": 21, "target": 86, "weight": 0.011236}, {"source": 21, "target": 75, "weight": 0.013889}, {"source": 21, "target": 92, "weight": 0.006369}, {"source": 21, "target": 135, "weight": 0.062147}, {"source": 21, "target": 165, "weight": 0.017241}, {"source": 21, "target": 124, "weight": 0.001595}, {"source": 21, "target": 91, "weight": 0.005405}, {"source": 21, "target": 139, "weight": 0.014085}, {"source": 22, "target": 44, "weight": 0.019802}, {"source": 22, "target": 72, "weight": 0.010753}, {"source": 22, "target": 50, "weight": 0.00578}, {"source": 22, "target": 53, "weight": 0.290909}, {"source": 22, "target": 38, "weight": 0.008065}, {"source": 22, "target": 107, "weight": 0.01}, {"source": 22, "target": 63, "weight": 0.027586}, {"source": 22, "target": 70, "weight": 0.019802}, {"source": 22, "target": 110, "weight": 0.005618}, {"source": 22, "target": 117, "weight": 0.015873}, {"source": 22, "target": 24, "weight": 0.008772}, {"source": 22, "target": 26, "weight": 0.024}, {"source": 22, "target": 121, "weight": 0.003401}, {"source": 22, "target": 123, "weight": 0.009709}, {"source": 22, "target": 124, "weight": 0.00156}, {"source": 22, "target": 78, "weight": 0.025}, {"source": 22, "target": 79, "weight": 0.00813}, {"source": 22, "target": 30, "weight": 0.00995}, {"source": 22, "target": 31, "weight": 0.188679}, {"source": 22, "target": 174, "weight": 0.003676}, {"source": 22, "target": 134, "weight": 0.005128}, {"source": 22, "target": 86, "weight": 0.005181}, {"source": 22, "target": 178, "weight": 0.006944}, {"source": 22, "target": 136, "weight": 0.010309}, {"source": 23, "target": 54, "weight": 0.008403}, {"source": 23, "target": 141, "weight": 0.021053}, {"source": 23, "target": 173, "weight": 0.021978}, {"source": 23, "target": 174, "weight": 0.010909}, {"source": 23, "target": 46, "weight": 0.007407}, {"source": 23, "target": 67, "weight": 0.006098}, {"source": 23, "target": 104, "weight": 0.042424}, {"source": 23, "target": 109, "weight": 0.009804}, {"source": 23, "target": 166, "weight": 0.006329}, {"source": 23, "target": 145, "weight": 0.00885}, {"source": 23, "target": 94, "weight": 0.030172}, {"source": 23, "target": 147, "weight": 0.010417}, {"source": 23, "target": 39, "weight": 0.010309}, {"source": 24, "target": 92, "weight": 0.006329}, {"source": 24, "target": 86, "weight": 0.005556}, {"source": 24, "target": 140, "weight": 0.004049}, {"source": 24, "target": 91, "weight": 0.005376}, {"source": 25, "target": 141, "weight": 0.004762}, {"source": 25, "target": 173, "weight": 0.00995}, {"source": 25, "target": 82, "weight": 0.010101}, {"source": 25, "target": 58, "weight": 0.033333}, {"source": 25, "target": 59, "weight": 0.008929}, {"source": 25, "target": 121, "weight": 0.00625}, {"source": 25, "target": 88, "weight": 0.009174}, {"source": 25, "target": 85, "weight": 0.011696}, {"source": 25, "target": 144, "weight": 0.007752}, {"source": 25, "target": 158, "weight": 0.007692}, {"source": 25, "target": 86, "weight": 0.072816}, {"source": 25, "target": 92, "weight": 0.041885}, {"source": 25, "target": 148, "weight": 0.009709}, {"source": 25, "target": 124, "weight": 0.001497}, {"source": 25, "target": 54, "weight": 0.007353}, {"source": 25, "target": 91, "weight": 0.022523}, {"source": 25, "target": 55, "weight": 0.008475}, {"source": 26, "target": 113, "weight": 0.011236}, {"source": 26, "target": 140, "weight": 0.003846}, {"source": 26, "target": 45, "weight": 0.015873}, {"source": 26, "target": 143, "weight": 0.017045}, {"source": 26, "target": 49, "weight": 0.011494}, {"source": 26, "target": 104, "weight": 0.006211}, {"source": 26, "target": 43, "weight": 0.012195}, {"source": 26, "target": 96, "weight": 0.006623}, {"source": 26, "target": 53, "weight": 0.224138}, {"source": 26, "target": 99, "weight": 0.008197}, {"source": 26, "target": 153, "weight": 0.027027}, {"source": 26, "target": 71, "weight": 0.00813}, {"source": 26, "target": 70, "weight": 0.009804}, {"source": 26, "target": 38, "weight": 0.008065}, {"source": 26, "target": 156, "weight": 0.008}, {"source": 26, "target": 178, "weight": 0.006944}, {"source": 26, "target": 62, "weight": 0.009346}, {"source": 26, "target": 63, "weight": 0.006757}, {"source": 26, "target": 159, "weight": 0.005076}, {"source": 26, "target": 158, "weight": 0.009709}, {"source": 26, "target": 117, "weight": 0.005236}, {"source": 26, "target": 120, "weight": 0.009524}, {"source": 26, "target": 56, "weight": 0.005208}, {"source": 26, "target": 122, "weight": 0.004098}, {"source": 26, "target": 124, "weight": 0.011024}, {"source": 26, "target": 78, "weight": 0.15493}, {"source": 26, "target": 79, "weight": 0.00813}, {"source": 26, "target": 30, "weight": 0.00495}, {"source": 26, "target": 31, "weight": 0.010695}, {"source": 26, "target": 128, "weight": 0.012346}, {"source": 26, "target": 174, "weight": 0.005525}, {"source": 26, "target": 33, "weight": 0.009585}, {"source": 26, "target": 75, "weight": 0.006289}, {"source": 26, "target": 134, "weight": 0.015544}, {"source": 26, "target": 87, "weight": 0.010417}, {"source": 26, "target": 40, "weight": 0.010638}, {"source": 26, "target": 179, "weight": 0.015038}, {"source": 27, "target": 171, "weight": 0.038462}, {"source": 27, "target": 160, "weight": 0.006993}, {"source": 28, "target": 129, "weight": 0.018868}, {"source": 28, "target": 120, "weight": 0.013889}, {"source": 28, "target": 50, "weight": 0.007143}, {"source": 28, "target": 121, "weight": 0.003831}, {"source": 28, "target": 51, "weight": 0.015873}, {"source": 28, "target": 147, "weight": 0.006667}, {"source": 28, "target": 122, "weight": 0.009524}, {"source": 28, "target": 124, "weight": 0.001645}, {"source": 29, "target": 175, "weight": 0.008929}, {"source": 29, "target": 47, "weight": 0.016854}, {"source": 29, "target": 144, "weight": 0.007246}, {"source": 29, "target": 75, "weight": 0.010309}, {"source": 29, "target": 177, "weight": 0.006623}, {"source": 29, "target": 96, "weight": 0.016216}, {"source": 29, "target": 62, "weight": 0.006993}, {"source": 29, "target": 159, "weight": 0.008621}, {"source": 29, "target": 115, "weight": 0.020134}, {"source": 29, "target": 163, "weight": 0.008547}, {"source": 29, "target": 68, "weight": 0.007092}, {"source": 29, "target": 121, "weight": 0.00303}, {"source": 29, "target": 124, "weight": 0.156997}, {"source": 29, "target": 81, "weight": 0.005882}, {"source": 29, "target": 128, "weight": 0.005025}, {"source": 29, "target": 173, "weight": 0.009524}, {"source": 29, "target": 32, "weight": 0.006849}, {"source": 29, "target": 143, "weight": 0.028708}, {"source": 29, "target": 129, "weight": 0.008197}, {"source": 29, "target": 87, "weight": 0.007576}, {"source": 29, "target": 135, "weight": 0.004219}, {"source": 29, "target": 136, "weight": 0.015152}, {"source": 29, "target": 40, "weight": 0.007692}, {"source": 30, "target": 140, "weight": 0.012048}, {"source": 30, "target": 72, "weight": 0.005952}, {"source": 30, "target": 47, "weight": 0.009174}, {"source": 30, "target": 96, "weight": 0.004425}, {"source": 30, "target": 164, "weight": 0.005525}, {"source": 30, "target": 165, "weight": 0.004854}, {"source": 30, "target": 121, "weight": 0.00271}, {"source": 30, "target": 168, "weight": 0.006536}, {"source": 30, "target": 124, "weight": 0.030172}, {"source": 30, "target": 81, "weight": 0.014493}, {"source": 30, "target": 173, "weight": 0.008032}, {"source": 30, "target": 143, "weight": 0.053942}, {"source": 30, "target": 85, "weight": 0.004545}, {"source": 30, "target": 177, "weight": 0.015957}, {"source": 30, "target": 87, "weight": 0.017751}, {"source": 30, "target": 135, "weight": 0.003623}, {"source": 30, "target": 139, "weight": 0.00625}, {"source": 31, "target": 44, "weight": 0.006135}, {"source": 31, "target": 140, "weight": 0.009404}, {"source": 31, "target": 141, "weight": 0.004098}, {"source": 31, "target": 173, "weight": 0.004237}, {"source": 31, "target": 128, "weight": 0.004464}, {"source": 31, "target": 165, "weight": 0.005208}, {"source": 31, "target": 143, "weight": 0.004184}, {"source": 31, "target": 85, "weight": 0.004854}, {"source": 31, "target": 62, "weight": 0.005952}, {"source": 31, "target": 144, "weight": 0.006135}, {"source": 31, "target": 121, "weight": 0.00565}, {"source": 31, "target": 59, "weight": 0.013793}, {"source": 31, "target": 72, "weight": 0.047297}, {"source": 31, "target": 124, "weight": 0.004286}, {"source": 31, "target": 55, "weight": 0.013245}, {"source": 32, "target": 167, "weight": 0.015385}, {"source": 32, "target": 117, "weight": 0.011561}, {"source": 32, "target": 68, "weight": 0.011364}, {"source": 32, "target": 173, "weight": 0.006329}, {"source": 32, "target": 46, "weight": 0.009259}, {"source": 32, "target": 71, "weight": 0.009434}, {"source": 32, "target": 63, "weight": 0.015385}, {"source": 32, "target": 159, "weight": 0.05848}, {"source": 32, "target": 121, "weight": 0.00361}, {"source": 32, "target": 51, "weight": 0.012658}, {"source": 32, "target": 96, "weight": 0.007463}, {"source": 32, "target": 160, "weight": 0.005556}, {"source": 32, "target": 124, "weight": 0.001603}, {"source": 32, "target": 91, "weight": 0.01105}, {"source": 33, "target": 140, "weight": 0.022779}, {"source": 33, "target": 175, "weight": 0.007605}, {"source": 33, "target": 91, "weight": 0.023747}, {"source": 33, "target": 47, "weight": 0.006042}, {"source": 33, "target": 144, "weight": 0.00692}, {"source": 33, "target": 132, "weight": 0.003367}, {"source": 33, "target": 37, "weight": 0.003534}, {"source": 33, "target": 95, "weight": 0.00369}, {"source": 33, "target": 96, "weight": 0.079365}, {"source": 33, "target": 152, "weight": 0.003521}, {"source": 33, "target": 177, "weight": 0.009967}, {"source": 33, "target": 59, "weight": 0.003663}, {"source": 33, "target": 62, "weight": 0.00339}, {"source": 33, "target": 165, "weight": 0.003135}, {"source": 33, "target": 163, "weight": 0.011236}, {"source": 33, "target": 164, "weight": 0.017241}, {"source": 33, "target": 68, "weight": 0.010309}, {"source": 33, "target": 173, "weight": 0.002755}, {"source": 33, "target": 121, "weight": 0.012579}, {"source": 33, "target": 75, "weight": 0.008696}, {"source": 33, "target": 124, "weight": 0.076524}, {"source": 33, "target": 81, "weight": 0.015723}, {"source": 33, "target": 82, "weight": 0.003846}, {"source": 33, "target": 128, "weight": 0.005714}, {"source": 33, "target": 143, "weight": 0.019444}, {"source": 33, "target": 85, "weight": 0.003003}, {"source": 33, "target": 86, "weight": 0.002625}, {"source": 33, "target": 87, "weight": 0.032609}, {"source": 33, "target": 135, "weight": 0.037234}, {"source": 33, "target": 136, "weight": 0.007042}, {"source": 33, "target": 40, "weight": 0.014337}, {"source": 33, "target": 138, "weight": 0.003663}, {"source": 34, "target": 121, "weight": 0.004}, {"source": 34, "target": 141, "weight": 0.007194}, {"source": 35, "target": 165, "weight": 0.008772}, {"source": 35, "target": 121, "weight": 0.007246}, {"source": 35, "target": 140, "weight": 0.016667}, {"source": 36, "target": 140, "weight": 0.009132}, {"source": 36, "target": 68, "weight": 0.015385}, {"source": 36, "target": 173, "weight": 0.007407}, {"source": 36, "target": 85, "weight": 0.009524}, {"source": 36, "target": 144, "weight": 0.016129}, {"source": 36, "target": 124, "weight": 0.001664}, {"source": 36, "target": 139, "weight": 0.022222}, {"source": 37, "target": 57, "weight": 0.020408}, {"source": 37, "target": 159, "weight": 0.006061}, {"source": 37, "target": 50, "weight": 0.007092}, {"source": 37, "target": 121, "weight": 0.015444}, {"source": 37, "target": 135, "weight": 0.005917}, {"source": 37, "target": 160, "weight": 0.012195}, {"source": 38, "target": 131, "weight": 0.014706}, {"source": 38, "target": 143, "weight": 0.005714}, {"source": 38, "target": 124, "weight": 0.004717}, {"source": 39, "target": 118, "weight": 0.019231}, {"source": 39, "target": 141, "weight": 0.006993}, {"source": 39, "target": 173, "weight": 0.007407}, {"source": 39, "target": 58, "weight": 0.011494}, {"source": 39, "target": 174, "weight": 0.005964}, {"source": 39, "target": 67, "weight": 0.008772}, {"source": 39, "target": 166, "weight": 0.009259}, {"source": 39, "target": 85, "weight": 0.009524}, {"source": 39, "target": 104, "weight": 0.12963}, {"source": 39, "target": 111, "weight": 0.018519}, {"source": 39, "target": 54, "weight": 0.014493}, {"source": 40, "target": 140, "weight": 0.004405}, {"source": 40, "target": 143, "weight": 0.006897}, {"source": 40, "target": 43, "weight": 0.020408}, {"source": 40, "target": 53, "weight": 0.009259}, {"source": 40, "target": 150, "weight": 0.009901}, {"source": 40, "target": 153, "weight": 0.008475}, {"source": 40, "target": 71, "weight": 0.011111}, {"source": 40, "target": 156, "weight": 0.021978}, {"source": 40, "target": 106, "weight": 0.019608}, {"source": 40, "target": 165, "weight": 0.020619}, {"source": 40, "target": 122, "weight": 0.009524}, {"source": 40, "target": 76, "weight": 0.04918}, {"source": 40, "target": 124, "weight": 0.044597}, {"source": 40, "target": 81, "weight": 0.342105}, {"source": 40, "target": 82, "weight": 0.052632}, {"source": 40, "target": 133, "weight": 0.048387}, {"source": 40, "target": 134, "weight": 0.006173}, {"source": 40, "target": 87, "weight": 0.032258}, {"source": 40, "target": 135, "weight": 0.181818}, {"source": 40, "target": 136, "weight": 0.015625}, {"source": 42, "target": 141, "weight": 0.029851}, {"source": 43, "target": 81, "weight": 0.011236}, {"source": 43, "target": 143, "weight": 0.015152}, {"source": 43, "target": 75, "weight": 0.008772}, {"source": 43, "target": 144, "weight": 0.017544}, {"source": 43, "target": 87, "weight": 0.019608}, {"source": 43, "target": 135, "weight": 0.00641}, {"source": 43, "target": 136, "weight": 0.019231}, {"source": 43, "target": 96, "weight": 0.009434}, {"source": 43, "target": 124, "weight": 0.02226}, {"source": 44, "target": 100, "weight": 0.229508}, {"source": 44, "target": 56, "weight": 0.005988}, {"source": 44, "target": 130, "weight": 0.010638}, {"source": 44, "target": 54, "weight": 0.011905}, {"source": 44, "target": 77, "weight": 0.0125}, {"source": 44, "target": 105, "weight": 0.042105}, {"source": 44, "target": 86, "weight": 0.005952}, {"source": 44, "target": 166, "weight": 0.00813}, {"source": 44, "target": 102, "weight": 0.04}, {"source": 44, "target": 94, "weight": 0.009901}, {"source": 44, "target": 59, "weight": 0.016667}, {"source": 44, "target": 53, "weight": 0.008621}, {"source": 44, "target": 137, "weight": 0.237288}, {"source": 44, "target": 150, "weight": 0.009174}, {"source": 44, "target": 55, "weight": 0.015152}, {"source": 45, "target": 81, "weight": 0.007463}, {"source": 45, "target": 128, "weight": 0.006135}, {"source": 45, "target": 165, "weight": 0.047619}, {"source": 45, "target": 143, "weight": 0.005618}, {"source": 45, "target": 62, "weight": 0.009346}, {"source": 45, "target": 121, "weight": 0.003401}, {"source": 45, "target": 168, "weight": 0.012821}, {"source": 45, "target": 113, "weight": 0.011236}, {"source": 45, "target": 124, "weight": 0.00156}, {"source": 46, "target": 140, "weight": 0.003876}, {"source": 46, "target": 68, "weight": 0.019608}, {"source": 46, "target": 173, "weight": 0.10828}, {"source": 46, "target": 91, "weight": 0.010204}, {"source": 46, "target": 85, "weight": 0.014085}, {"source": 46, "target": 159, "weight": 0.005128}, {"source": 46, "target": 75, "weight": 0.019355}, {"source": 46, "target": 92, "weight": 0.005917}, {"source": 46, "target": 124, "weight": 0.001565}, {"source": 47, "target": 91, "weight": 0.00463}, {"source": 47, "target": 163, "weight": 0.010204}, {"source": 47, "target": 144, "weight": 0.008403}, {"source": 47, "target": 49, "weight": 0.019417}, {"source": 47, "target": 50, "weight": 0.005263}, {"source": 47, "target": 93, "weight": 0.008065}, {"source": 47, "target": 96, "weight": 0.005952}, {"source": 47, "target": 153, "weight": 0.011976}, {"source": 47, "target": 159, "weight": 0.004673}, {"source": 47, "target": 156, "weight": 0.014184}, {"source": 47, "target": 110, "weight": 0.005128}, {"source": 47, "target": 160, "weight": 0.004673}, {"source": 47, "target": 117, "weight": 0.004808}, {"source": 47, "target": 164, "weight": 0.00813}, {"source": 47, "target": 68, "weight": 0.008197}, {"source": 47, "target": 165, "weight": 0.006757}, {"source": 47, "target": 121, "weight": 0.006452}, {"source": 47, "target": 76, "weight": 0.00885}, {"source": 47, "target": 124, "weight": 0.006107}, {"source": 47, "target": 70, "weight": 0.008403}, {"source": 47, "target": 81, "weight": 0.006623}, {"source": 47, "target": 128, "weight": 0.005556}, {"source": 47, "target": 174, "weight": 0.007156}, {"source": 47, "target": 134, "weight": 0.004717}, {"source": 47, "target": 87, "weight": 0.00885}, {"source": 47, "target": 135, "weight": 0.009217}, {"source": 47, "target": 136, "weight": 0.017699}, {"source": 48, "target": 86, "weight": 0.006711}, {"source": 49, "target": 81, "weight": 0.010638}, {"source": 49, "target": 164, "weight": 0.098361}, {"source": 49, "target": 68, "weight": 0.015385}, {"source": 49, "target": 143, "weight": 0.077519}, {"source": 49, "target": 87, "weight": 0.017857}, {"source": 49, "target": 96, "weight": 0.009009}, {"source": 49, "target": 124, "weight": 0.013468}, {"source": 50, "target": 140, "weight": 0.003268}, {"source": 50, "target": 128, "weight": 0.004785}, {"source": 50, "target": 82, "weight": 0.008475}, {"source": 50, "target": 143, "weight": 0.0181}, {"source": 50, "target": 144, "weight": 0.034722}, {"source": 50, "target": 86, "weight": 0.004184}, {"source": 50, "target": 121, "weight": 0.008876}, {"source": 50, "target": 135, "weight": 0.00813}, {"source": 50, "target": 95, "weight": 0.007752}, {"source": 50, "target": 124, "weight": 0.010279}, {"source": 50, "target": 96, "weight": 0.005076}, {"source": 51, "target": 165, "weight": 0.01}, {"source": 51, "target": 143, "weight": 0.006803}, {"source": 51, "target": 144, "weight": 0.014085}, {"source": 51, "target": 121, "weight": 0.03125}, {"source": 51, "target": 96, "weight": 0.008333}, {"source": 51, "target": 124, "weight": 0.001639}, {"source": 52, "target": 169, "weight": 0.02439}, {"source": 53, "target": 140, "weight": 0.007326}, {"source": 53, "target": 143, "weight": 0.010471}, {"source": 53, "target": 159, "weight": 0.004739}, {"source": 53, "target": 75, "weight": 0.00578}, {"source": 53, "target": 72, "weight": 0.009346}, {"source": 53, "target": 124, "weight": 0.00768}, {"source": 53, "target": 158, "weight": 0.008547}, {"source": 54, "target": 104, "weight": 0.014085}, {"source": 54, "target": 94, "weight": 0.009569}, {"source": 54, "target": 149, "weight": 0.017241}, {"source": 54, "target": 56, "weight": 0.029412}, {"source": 54, "target": 59, "weight": 0.014925}, {"source": 54, "target": 166, "weight": 0.393617}, {"source": 54, "target": 63, "weight": 0.007692}, {"source": 54, "target": 110, "weight": 0.00625}, {"source": 54, "target": 114, "weight": 0.026667}, {"source": 54, "target": 162, "weight": 0.045455}, {"source": 54, "target": 117, "weight": 0.00578}, {"source": 54, "target": 164, "weight": 0.011364}, {"source": 54, "target": 55, "weight": 0.013699}, {"source": 54, "target": 67, "weight": 0.014815}, {"source": 54, "target": 73, "weight": 0.009009}, {"source": 54, "target": 77, "weight": 0.011494}, {"source": 54, "target": 174, "weight": 0.001898}, {"source": 54, "target": 130, "weight": 0.040816}, {"source": 54, "target": 85, "weight": 0.015873}, {"source": 55, "target": 81, "weight": 0.010204}, {"source": 55, "target": 74, "weight": 0.012048}, {"source": 55, "target": 141, "weight": 0.006803}, {"source": 55, "target": 173, "weight": 0.007194}, {"source": 55, "target": 59, "weight": 0.086957}, {"source": 55, "target": 130, "weight": 0.012048}, {"source": 55, "target": 85, "weight": 0.009174}, {"source": 55, "target": 62, "weight": 0.014085}, {"source": 55, "target": 107, "weight": 0.015625}, {"source": 55, "target": 86, "weight": 0.006369}, {"source": 55, "target": 104, "weight": 0.008}, {"source": 55, "target": 174, "weight": 0.003937}, {"source": 55, "target": 166, "weight": 0.027273}, {"source": 55, "target": 77, "weight": 0.590909}, {"source": 55, "target": 150, "weight": 0.053191}, {"source": 56, "target": 158, "weight": 0.024242}, {"source": 56, "target": 141, "weight": 0.008097}, {"source": 56, "target": 173, "weight": 0.004167}, {"source": 56, "target": 128, "weight": 0.013274}, {"source": 56, "target": 159, "weight": 0.003817}, {"source": 56, "target": 119, "weight": 0.006536}, {"source": 56, "target": 88, "weight": 0.02069}, {"source": 56, "target": 85, "weight": 0.004762}, {"source": 56, "target": 86, "weight": 0.003876}, {"source": 56, "target": 132, "weight": 0.005747}, {"source": 56, "target": 121, "weight": 0.008403}, {"source": 56, "target": 136, "weight": 0.006173}, {"source": 56, "target": 95, "weight": 0.006757}, {"source": 56, "target": 124, "weight": 0.004261}, {"source": 57, "target": 101, "weight": 0.009346}, {"source": 57, "target": 141, "weight": 0.007299}, {"source": 57, "target": 119, "weight": 0.04878}, {"source": 57, "target": 120, "weight": 0.016949}, {"source": 57, "target": 61, "weight": 0.033333}, {"source": 57, "target": 109, "weight": 0.021739}, {"source": 57, "target": 145, "weight": 0.017544}, {"source": 57, "target": 93, "weight": 0.016393}, {"source": 57, "target": 94, "weight": 0.005495}, {"source": 57, "target": 174, "weight": 0.002004}, {"source": 58, "target": 101, "weight": 0.003831}, {"source": 58, "target": 118, "weight": 0.430769}, {"source": 58, "target": 141, "weight": 0.010989}, {"source": 58, "target": 173, "weight": 0.011494}, {"source": 58, "target": 142, "weight": 0.011364}, {"source": 58, "target": 174, "weight": 0.009242}, {"source": 58, "target": 91, "weight": 0.204819}, {"source": 58, "target": 147, "weight": 0.022222}, {"source": 58, "target": 85, "weight": 0.013889}, {"source": 58, "target": 111, "weight": 0.41791}, {"source": 58, "target": 86, "weight": 0.060109}, {"source": 58, "target": 166, "weight": 0.006757}, {"source": 58, "target": 92, "weight": 0.246377}, {"source": 58, "target": 146, "weight": 0.027778}, {"source": 58, "target": 114, "weight": 0.010638}, {"source": 58, "target": 115, "weight": 0.008696}, {"source": 58, "target": 94, "weight": 0.022321}, {"source": 59, "target": 81, "weight": 0.01087}, {"source": 59, "target": 130, "weight": 0.012987}, {"source": 59, "target": 77, "weight": 0.066667}, {"source": 59, "target": 165, "weight": 0.011236}, {"source": 59, "target": 121, "weight": 0.003968}, {"source": 59, "target": 67, "weight": 0.008929}, {"source": 59, "target": 166, "weight": 0.019048}, {"source": 59, "target": 62, "weight": 0.015385}, {"source": 59, "target": 86, "weight": 0.006623}, {"source": 59, "target": 104, "weight": 0.008403}, {"source": 59, "target": 92, "weight": 0.007752}, {"source": 59, "target": 150, "weight": 0.021978}, {"source": 59, "target": 162, "weight": 0.022727}, {"source": 60, "target": 143, "weight": 0.007519}, {"source": 60, "target": 124, "weight": 0.001678}, {"source": 61, "target": 158, "weight": 0.019231}, {"source": 61, "target": 173, "weight": 0.008065}, {"source": 61, "target": 85, "weight": 0.010638}, {"source": 62, "target": 143, "weight": 0.006329}, {"source": 62, "target": 104, "weight": 0.007092}, {"source": 62, "target": 95, "weight": 0.015873}, {"source": 62, "target": 153, "weight": 0.007634}, {"source": 62, "target": 154, "weight": 0.018868}, {"source": 62, "target": 110, "weight": 0.012739}, {"source": 62, "target": 166, "weight": 0.007813}, {"source": 62, "target": 117, "weight": 0.005848}, {"source": 62, "target": 165, "weight": 0.009009}, {"source": 62, "target": 170, "weight": 0.015152}, {"source": 62, "target": 121, "weight": 0.007326}, {"source": 62, "target": 124, "weight": 0.004847}, {"source": 62, "target": 77, "weight": 0.011765}, {"source": 62, "target": 78, "weight": 0.016393}, {"source": 62, "target": 81, "weight": 0.064815}, {"source": 62, "target": 128, "weight": 0.210084}, {"source": 62, "target": 174, "weight": 0.005736}, {"source": 62, "target": 175, "weight": 0.017857}, {"source": 62, "target": 134, "weight": 0.005714}, {"source": 62, "target": 135, "weight": 0.01676}, {"source": 62, "target": 180, "weight": 0.021053}, {"source": 63, "target": 140, "weight": 0.010753}, {"source": 63, "target": 68, "weight": 0.007937}, {"source": 63, "target": 119, "weight": 0.009174}, {"source": 63, "target": 143, "weight": 0.005025}, {"source": 63, "target": 159, "weight": 0.013889}, {"source": 63, "target": 121, "weight": 0.009585}, {"source": 63, "target": 136, "weight": 0.008475}, {"source": 63, "target": 124, "weight": 0.007599}, {"source": 64, "target": 141, "weight": 0.007407}, {"source": 64, "target": 165, "weight": 0.012048}, {"source": 64, "target": 91, "weight": 0.006623}, {"source": 64, "target": 86, "weight": 0.006897}, {"source": 64, "target": 121, "weight": 0.004065}, {"source": 64, "target": 92, "weight": 0.024793}, {"source": 64, "target": 115, "weight": 0.014925}, {"source": 65, "target": 165, "weight": 0.011236}, {"source": 65, "target": 121, "weight": 0.003968}, {"source": 65, "target": 85, "weight": 0.009709}, {"source": 65, "target": 173, "weight": 0.007519}, {"source": 65, "target": 139, "weight": 0.294118}, {"source": 66, "target": 117, "weight": 0.006173}, {"source": 66, "target": 128, "weight": 0.007463}, {"source": 66, "target": 156, "weight": 0.010417}, {"source": 66, "target": 107, "weight": 0.014085}, {"source": 66, "target": 177, "weight": 0.011628}, {"source": 66, "target": 136, "weight": 0.014706}, {"source": 66, "target": 124, "weight": 0.003273}, {"source": 67, "target": 100, "weight": 0.007937}, {"source": 67, "target": 141, "weight": 0.019324}, {"source": 67, "target": 173, "weight": 0.00495}, {"source": 67, "target": 88, "weight": 0.009174}, {"source": 67, "target": 85, "weight": 0.005814}, {"source": 67, "target": 158, "weight": 0.007692}, {"source": 67, "target": 137, "weight": 0.008065}, {"source": 67, "target": 115, "weight": 0.007042}, {"source": 68, "target": 140, "weight": 0.021368}, {"source": 68, "target": 75, "weight": 0.014706}, {"source": 68, "target": 93, "weight": 0.011765}, {"source": 68, "target": 95, "weight": 0.016393}, {"source": 68, "target": 101, "weight": 0.008403}, {"source": 68, "target": 70, "weight": 0.0125}, {"source": 68, "target": 107, "weight": 0.012821}, {"source": 68, "target": 159, "weight": 0.005714}, {"source": 68, "target": 160, "weight": 0.011494}, {"source": 68, "target": 91, "weight": 0.011364}, {"source": 68, "target": 152, "weight": 0.013514}, {"source": 68, "target": 164, "weight": 0.011905}, {"source": 68, "target": 165, "weight": 0.009174}, {"source": 68, "target": 121, "weight": 0.003676}, {"source": 68, "target": 124, "weight": 0.006494}, {"source": 68, "target": 173, "weight": 0.013158}, {"source": 68, "target": 174, "weight": 0.001912}, {"source": 68, "target": 130, "weight": 0.010309}, {"source": 69, "target": 141, "weight": 0.008065}, {"source": 69, "target": 170, "weight": 0.010638}, {"source": 70, "target": 152, "weight": 0.014085}, {"source": 70, "target": 140, "weight": 0.012876}, {"source": 70, "target": 128, "weight": 0.014599}, {"source": 70, "target": 143, "weight": 0.013158}, {"source": 70, "target": 87, "weight": 0.014085}, {"source": 70, "target": 95, "weight": 0.035088}, {"source": 70, "target": 124, "weight": 0.004886}, {"source": 71, "target": 81, "weight": 0.007692}, {"source": 71, "target": 159, "weight": 0.005181}, {"source": 71, "target": 87, "weight": 0.01087}, {"source": 71, "target": 121, "weight": 0.003448}, {"source": 71, "target": 135, "weight": 0.020619}, {"source": 71, "target": 124, "weight": 0.006309}, {"source": 73, "target": 126, "weight": 0.012048}, {"source": 73, "target": 128, "weight": 0.006061}, {"source": 73, "target": 144, "weight": 0.009615}, {"source": 73, "target": 121, "weight": 0.003378}, {"source": 73, "target": 124, "weight": 0.001555}, {"source": 74, "target": 124, "weight": 0.00158}, {"source": 74, "target": 103, "weight": 0.016129}, {"source": 75, "target": 140, "weight": 0.024476}, {"source": 75, "target": 91, "weight": 0.0131}, {"source": 75, "target": 144, "weight": 0.007463}, {"source": 75, "target": 93, "weight": 0.007194}, {"source": 75, "target": 146, "weight": 0.007042}, {"source": 75, "target": 150, "weight": 0.006024}, {"source": 75, "target": 99, "weight": 0.006494}, {"source": 75, "target": 101, "weight": 0.003413}, {"source": 75, "target": 177, "weight": 0.013699}, {"source": 75, "target": 156, "weight": 0.006369}, {"source": 75, "target": 110, "weight": 0.009569}, {"source": 75, "target": 106, "weight": 0.008621}, {"source": 75, "target": 160, "weight": 0.004367}, {"source": 75, "target": 165, "weight": 0.006135}, {"source": 75, "target": 120, "weight": 0.014706}, {"source": 75, "target": 121, "weight": 0.006154}, {"source": 75, "target": 122, "weight": 0.003623}, {"source": 75, "target": 124, "weight": 0.007474}, {"source": 75, "target": 128, "weight": 0.005128}, {"source": 75, "target": 173, "weight": 0.009709}, {"source": 75, "target": 174, "weight": 0.005217}, {"source": 75, "target": 143, "weight": 0.024272}, {"source": 75, "target": 134, "weight": 0.004405}, {"source": 75, "target": 86, "weight": 0.004444}, {"source": 75, "target": 87, "weight": 0.007813}, {"source": 76, "target": 163, "weight": 0.5}, {"source": 76, "target": 173, "weight": 0.006944}, {"source": 76, "target": 81, "weight": 0.029703}, {"source": 76, "target": 135, "weight": 0.023952}, {"source": 76, "target": 96, "weight": 0.025424}, {"source": 76, "target": 124, "weight": 0.009917}, {"source": 77, "target": 126, "weight": 0.016949}, {"source": 77, "target": 81, "weight": 0.008929}, {"source": 77, "target": 141, "weight": 0.006211}, {"source": 77, "target": 173, "weight": 0.006536}, {"source": 77, "target": 85, "weight": 0.00813}, {"source": 77, "target": 86, "weight": 0.005848}, {"source": 77, "target": 124, "weight": 0.003236}, {"source": 78, "target": 124, "weight": 0.003367}, {"source": 78, "target": 128, "weight": 0.008547}, {"source": 79, "target": 81, "weight": 0.015504}, {"source": 79, "target": 173, "weight": 0.005848}, {"source": 79, "target": 144, "weight": 0.010204}, {"source": 79, "target": 96, "weight": 0.006803}, {"source": 79, "target": 124, "weight": 0.011094}, {"source": 80, "target": 141, "weight": 0.007692}, {"source": 81, "target": 140, "weight": 0.003745}, {"source": 81, "target": 143, "weight": 0.01087}, {"source": 81, "target": 104, "weight": 0.005952}, {"source": 81, "target": 150, "weight": 0.007092}, {"source": 81, "target": 99, "weight": 0.007752}, {"source": 81, "target": 153, "weight": 0.006329}, {"source": 81, "target": 101, "weight": 0.007491}, {"source": 81, "target": 156, "weight": 0.015267}, {"source": 81, "target": 166, "weight": 0.006452}, {"source": 81, "target": 106, "weight": 0.010989}, {"source": 81, "target": 113, "weight": 0.010417}, {"source": 81, "target": 173, "weight": 0.005495}, {"source": 81, "target": 165, "weight": 0.014599}, {"source": 81, "target": 170, "weight": 0.012579}, {"source": 81, "target": 122, "weight": 0.016129}, {"source": 81, "target": 124, "weight": 0.045089}, {"source": 81, "target": 127, "weight": 0.009615}, {"source": 81, "target": 82, "weight": 0.025641}, {"source": 81, "target": 128, "weight": 0.036364}, {"source": 81, "target": 133, "weight": 0.029412}, {"source": 81, "target": 134, "weight": 0.00495}, {"source": 81, "target": 87, "weight": 0.019608}, {"source": 81, "target": 135, "weight": 0.208092}, {"source": 81, "target": 136, "weight": 0.019417}, {"source": 81, "target": 178, "weight": 0.013333}, {"source": 82, "target": 174, "weight": 0.002041}, {"source": 82, "target": 134, "weight": 0.014388}, {"source": 82, "target": 86, "weight": 0.007246}, {"source": 82, "target": 135, "weight": 0.013793}, {"source": 82, "target": 124, "weight": 0.003419}, {"source": 83, "target": 153, "weight": 0.02459}, {"source": 83, "target": 140, "weight": 0.004292}, {"source": 83, "target": 93, "weight": 0.0125}, {"source": 83, "target": 129, "weight": 0.034483}, {"source": 83, "target": 174, "weight": 0.001931}, {"source": 83, "target": 91, "weight": 0.06135}, {"source": 83, "target": 110, "weight": 0.055556}, {"source": 83, "target": 122, "weight": 0.004608}, {"source": 83, "target": 146, "weight": 0.02439}, {"source": 83, "target": 160, "weight": 0.005882}, {"source": 83, "target": 124, "weight": 0.003263}, {"source": 83, "target": 115, "weight": 0.011364}, {"source": 84, "target": 126, "weight": 0.130435}, {"source": 85, "target": 141, "weight": 0.020202}, {"source": 85, "target": 143, "weight": 0.005102}, {"source": 85, "target": 132, "weight": 0.007874}, {"source": 85, "target": 92, "weight": 0.016043}, {"source": 85, "target": 94, "weight": 0.004065}, {"source": 85, "target": 147, "weight": 0.01}, {"source": 85, "target": 101, "weight": 0.01083}, {"source": 85, "target": 105, "weight": 0.007092}, {"source": 85, "target": 156, "weight": 0.006993}, {"source": 85, "target": 158, "weight": 0.008264}, {"source": 85, "target": 166, "weight": 0.012121}, {"source": 85, "target": 114, "weight": 0.255556}, {"source": 85, "target": 91, "weight": 0.013953}, {"source": 85, "target": 115, "weight": 0.007519}, {"source": 85, "target": 117, "weight": 0.004785}, {"source": 85, "target": 167, "weight": 0.01}, {"source": 85, "target": 124, "weight": 0.00304}, {"source": 85, "target": 125, "weight": 0.05102}, {"source": 85, "target": 173, "weight": 0.447761}, {"source": 85, "target": 174, "weight": 0.119048}, {"source": 85, "target": 134, "weight": 0.009434}, {"source": 85, "target": 86, "weight": 0.009524}, {"source": 85, "target": 135, "weight": 0.004566}, {"source": 85, "target": 138, "weight": 0.009709}, {"source": 85, "target": 139, "weight": 0.009709}, {"source": 86, "target": 143, "weight": 0.004098}, {"source": 86, "target": 91, "weight": 0.051383}, {"source": 86, "target": 92, "weight": 0.233161}, {"source": 86, "target": 94, "weight": 0.003401}, {"source": 86, "target": 97, "weight": 0.006944}, {"source": 86, "target": 101, "weight": 0.012346}, {"source": 86, "target": 110, "weight": 0.004098}, {"source": 86, "target": 166, "weight": 0.033654}, {"source": 86, "target": 115, "weight": 0.022472}, {"source": 86, "target": 167, "weight": 0.006757}, {"source": 86, "target": 173, "weight": 0.012552}, {"source": 86, "target": 174, "weight": 0.016611}, {"source": 86, "target": 130, "weight": 0.005405}, {"source": 86, "target": 157, "weight": 0.005988}, {"source": 86, "target": 146, "weight": 0.035088}, {"source": 87, "target": 140, "weight": 0.004367}, {"source": 87, "target": 143, "weight": 0.02069}, {"source": 87, "target": 93, "weight": 0.069444}, {"source": 87, "target": 147, "weight": 0.006579}, {"source": 87, "target": 153, "weight": 0.008333}, {"source": 87, "target": 156, "weight": 0.055556}, {"source": 87, "target": 106, "weight": 0.018868}, {"source": 87, "target": 117, "weight": 0.00625}, {"source": 87, "target": 101, "weight": 0.004348}, {"source": 87, "target": 124, "weight": 0.042662}, {"source": 87, "target": 174, "weight": 0.001946}, {"source": 87, "target": 175, "weight": 0.022222}, {"source": 87, "target": 134, "weight": 0.03125}, {"source": 87, "target": 135, "weight": 0.011834}, {"source": 87, "target": 136, "weight": 0.015152}, {"source": 88, "target": 174, "weight": 0.002}, {"source": 88, "target": 130, "weight": 0.013514}, {"source": 88, "target": 158, "weight": 0.340909}, {"source": 88, "target": 110, "weight": 0.022901}, {"source": 88, "target": 94, "weight": 0.005464}, {"source": 89, "target": 159, "weight": 0.102941}, {"source": 89, "target": 124, "weight": 0.00678}, {"source": 89, "target": 153, "weight": 0.009709}, {"source": 90, "target": 124, "weight": 0.001695}, {"source": 90, "target": 168, "weight": 0.037037}, {"source": 91, "target": 140, "weight": 0.034161}, {"source": 91, "target": 142, "weight": 0.00625}, {"source": 91, "target": 92, "weight": 0.178744}, {"source": 91, "target": 146, "weight": 0.033898}, {"source": 91, "target": 147, "weight": 0.01992}, {"source": 91, "target": 99, "weight": 0.015625}, {"source": 91, "target": 152, "weight": 0.005952}, {"source": 91, "target": 153, "weight": 0.009009}, {"source": 91, "target": 101, "weight": 0.009063}, {"source": 91, "target": 105, "weight": 0.010309}, {"source": 91, "target": 156, "weight": 0.005076}, {"source": 91, "target": 166, "weight": 0.004545}, {"source": 91, "target": 159, "weight": 0.015038}, {"source": 91, "target": 106, "weight": 0.00641}, {"source": 91, "target": 111, "weight": 0.006024}, {"source": 91, "target": 160, "weight": 0.011236}, {"source": 91, "target": 115, "weight": 0.021739}, {"source": 91, "target": 118, "weight": 0.006098}, {"source": 91, "target": 121, "weight": 0.005479}, {"source": 91, "target": 124, "weight": 0.004219}, {"source": 91, "target": 179, "weight": 0.004854}, {"source": 91, "target": 173, "weight": 0.016393}, {"source": 91, "target": 128, "weight": 0.004255}, {"source": 91, "target": 129, "weight": 0.006329}, {"source": 91, "target": 174, "weight": 0.013115}, {"source": 91, "target": 134, "weight": 0.003745}, {"source": 91, "target": 135, "weight": 0.003663}, {"source": 91, "target": 136, "weight": 0.005917}, {"source": 91, "target": 180, "weight": 0.005319}, {"source": 92, "target": 142, "weight": 0.007576}, {"source": 92, "target": 94, "weight": 0.003676}, {"source": 92, "target": 147, "weight": 0.017857}, {"source": 92, "target": 101, "weight": 0.003279}, {"source": 92, "target": 166, "weight": 0.010471}, {"source": 92, "target": 111, "weight": 0.007246}, {"source": 92, "target": 115, "weight": 0.038961}, {"source": 92, "target": 118, "weight": 0.007353}, {"source": 92, "target": 173, "weight": 0.013825}, {"source": 92, "target": 174, "weight": 0.008547}, {"source": 92, "target": 143, "weight": 0.004505}, {"source": 92, "target": 146, "weight": 0.033333}, {"source": 93, "target": 140, "weight": 0.012605}, {"source": 93, "target": 143, "weight": 0.046053}, {"source": 93, "target": 164, "weight": 0.023529}, {"source": 93, "target": 135, "weight": 0.005525}, {"source": 93, "target": 124, "weight": 0.029801}, {"source": 94, "target": 141, "weight": 0.017857}, {"source": 94, "target": 100, "weight": 0.02551}, {"source": 94, "target": 158, "weight": 0.009852}, {"source": 94, "target": 159, "weight": 0.003356}, {"source": 94, "target": 118, "weight": 0.026455}, {"source": 94, "target": 119, "weight": 0.010638}, {"source": 94, "target": 121, "weight": 0.002532}, {"source": 94, "target": 124, "weight": 0.001348}, {"source": 94, "target": 173, "weight": 0.010949}, {"source": 94, "target": 137, "weight": 0.025773}, {"source": 94, "target": 139, "weight": 0.027473}, {"source": 95, "target": 153, "weight": 0.028571}, {"source": 95, "target": 101, "weight": 0.009259}, {"source": 95, "target": 174, "weight": 0.006012}, {"source": 95, "target": 156, "weight": 0.012346}, {"source": 95, "target": 135, "weight": 0.012821}, {"source": 95, "target": 124, "weight": 0.008432}, {"source": 96, "target": 143, "weight": 0.00995}, {"source": 96, "target": 117, "weight": 0.004651}, {"source": 96, "target": 144, "weight": 0.007937}, {"source": 96, "target": 147, "weight": 0.004831}, {"source": 96, "target": 156, "weight": 0.020408}, {"source": 96, "target": 159, "weight": 0.013699}, {"source": 96, "target": 160, "weight": 0.115578}, {"source": 96, "target": 163, "weight": 0.029126}, {"source": 96, "target": 121, "weight": 0.012698}, {"source": 96, "target": 122, "weight": 0.106996}, {"source": 96, "target": 124, "weight": 0.024615}, {"source": 96, "target": 174, "weight": 0.003521}, {"source": 96, "target": 133, "weight": 0.008264}, {"source": 96, "target": 134, "weight": 0.018519}, {"source": 96, "target": 177, "weight": 0.007194}, {"source": 96, "target": 178, "weight": 0.005952}, {"source": 96, "target": 135, "weight": 0.022624}, {"source": 97, "target": 167, "weight": 0.0625}, {"source": 97, "target": 166, "weight": 0.010101}, {"source": 97, "target": 107, "weight": 0.019608}, {"source": 98, "target": 117, "weight": 0.006579}, {"source": 98, "target": 162, "weight": 0.021277}, {"source": 99, "target": 140, "weight": 0.003922}, {"source": 99, "target": 159, "weight": 0.005208}, {"source": 99, "target": 132, "weight": 0.009615}, {"source": 99, "target": 121, "weight": 0.010453}, {"source": 99, "target": 135, "weight": 0.010256}, {"source": 99, "target": 124, "weight": 0.001572}, {"source": 99, "target": 152, "weight": 0.010989}, {"source": 100, "target": 101, "weight": 0.004292}, {"source": 100, "target": 102, "weight": 0.102941}, {"source": 100, "target": 141, "weight": 0.006452}, {"source": 100, "target": 105, "weight": 0.090909}, {"source": 100, "target": 110, "weight": 0.006667}, {"source": 100, "target": 148, "weight": 0.020833}, {"source": 100, "target": 137, "weight": 0.891892}, {"source": 101, "target": 140, "weight": 0.005089}, {"source": 101, "target": 142, "weight": 0.042056}, {"source": 101, "target": 115, "weight": 0.004016}, {"source": 101, "target": 121, "weight": 0.002336}, {"source": 101, "target": 124, "weight": 0.010417}, {"source": 101, "target": 173, "weight": 0.009772}, {"source": 101, "target": 143, "weight": 0.003205}, {"source": 101, "target": 135, "weight": 0.005988}, {"source": 101, "target": 137, "weight": 0.004329}, {"source": 101, "target": 139, "weight": 0.004566}, {"source": 102, "target": 141, "weight": 0.081633}, {"source": 102, "target": 148, "weight": 0.3}, {"source": 102, "target": 137, "weight": 0.106061}, {"source": 104, "target": 143, "weight": 0.004717}, {"source": 104, "target": 121, "weight": 0.003049}, {"source": 104, "target": 124, "weight": 0.002967}, {"source": 104, "target": 158, "weight": 0.007299}, {"source": 104, "target": 139, "weight": 0.008403}, {"source": 105, "target": 141, "weight": 0.022727}, {"source": 105, "target": 173, "weight": 0.005848}, {"source": 105, "target": 148, "weight": 0.013889}, {"source": 105, "target": 137, "weight": 0.068182}, {"source": 105, "target": 115, "weight": 0.009009}, {"source": 105, "target": 139, "weight": 0.012346}, {"source": 106, "target": 132, "weight": 0.015152}, {"source": 106, "target": 135, "weight": 0.006329}, {"source": 106, "target": 124, "weight": 0.00335}, {"source": 107, "target": 113, "weight": 0.016129}, {"source": 108, "target": 157, "weight": 0.019608}, {"source": 109, "target": 124, "weight": 0.00165}, {"source": 109, "target": 173, "weight": 0.007143}, {"source": 110, "target": 140, "weight": 0.009709}, {"source": 110, "target": 175, "weight": 0.007874}, {"source": 110, "target": 177, "weight": 0.006024}, {"source": 110, "target": 158, "weight": 0.019737}, {"source": 110, "target": 159, "weight": 0.008097}, {"source": 110, "target": 119, "weight": 0.007194}, {"source": 110, "target": 124, "weight": 0.001445}, {"source": 110, "target": 128, "weight": 0.004673}, {"source": 110, "target": 143, "weight": 0.004367}, {"source": 110, "target": 135, "weight": 0.003968}, {"source": 110, "target": 137, "weight": 0.006757}, {"source": 110, "target": 139, "weight": 0.014815}, {"source": 111, "target": 118, "weight": 0.875}, {"source": 111, "target": 141, "weight": 0.013423}, {"source": 112, "target": 169, "weight": 0.015625}, {"source": 113, "target": 140, "weight": 0.004505}, {"source": 113, "target": 174, "weight": 0.001972}, {"source": 113, "target": 156, "weight": 0.011494}, {"source": 113, "target": 124, "weight": 0.001658}, {"source": 113, "target": 179, "weight": 0.010417}, {"source": 114, "target": 118, "weight": 0.016949}, {"source": 114, "target": 173, "weight": 0.028777}, {"source": 114, "target": 124, "weight": 0.001645}, {"source": 114, "target": 138, "weight": 0.019231}, {"source": 115, "target": 173, "weight": 0.006135}, {"source": 115, "target": 129, "weight": 0.013514}, {"source": 115, "target": 146, "weight": 0.053191}, {"source": 115, "target": 174, "weight": 0.00565}, {"source": 115, "target": 124, "weight": 0.004785}, {"source": 115, "target": 150, "weight": 0.008197}, {"source": 116, "target": 152, "weight": 0.02381}, {"source": 116, "target": 140, "weight": 0.004854}, {"source": 117, "target": 140, "weight": 0.003086}, {"source": 117, "target": 173, "weight": 0.004184}, {"source": 117, "target": 143, "weight": 0.021008}, {"source": 117, "target": 159, "weight": 0.007692}, {"source": 117, "target": 121, "weight": 0.005602}, {"source": 117, "target": 124, "weight": 0.007133}, {"source": 117, "target": 136, "weight": 0.006211}, {"source": 118, "target": 141, "weight": 0.013605}, {"source": 118, "target": 174, "weight": 0.003929}, {"source": 119, "target": 141, "weight": 0.006944}, {"source": 119, "target": 174, "weight": 0.007952}, {"source": 119, "target": 159, "weight": 0.006329}, {"source": 119, "target": 121, "weight": 0.003922}, {"source": 120, "target": 140, "weight": 0.008439}, {"source": 120, "target": 143, "weight": 0.00641}, {"source": 120, "target": 177, "weight": 0.021739}, {"source": 120, "target": 157, "weight": 0.012658}, {"source": 120, "target": 121, "weight": 0.003676}, {"source": 120, "target": 124, "weight": 0.004862}, {"source": 121, "target": 140, "weight": 0.019048}, {"source": 121, "target": 141, "weight": 0.002857}, {"source": 121, "target": 143, "weight": 0.011696}, {"source": 121, "target": 153, "weight": 0.006309}, {"source": 121, "target": 156, "weight": 0.003425}, {"source": 121, "target": 159, "weight": 0.002747}, {"source": 121, "target": 160, "weight": 0.00551}, {"source": 121, "target": 165, "weight": 0.038194}, {"source": 121, "target": 173, "weight": 0.002924}, {"source": 121, "target": 122, "weight": 0.009804}, {"source": 121, "target": 124, "weight": 0.01125}, {"source": 121, "target": 170, "weight": 0.003125}, {"source": 121, "target": 127, "weight": 0.003788}, {"source": 121, "target": 128, "weight": 0.009146}, {"source": 121, "target": 174, "weight": 0.008487}, {"source": 121, "target": 130, "weight": 0.003497}, {"source": 121, "target": 132, "weight": 0.007273}, {"source": 121, "target": 134, "weight": 0.008333}, {"source": 121, "target": 177, "weight": 0.003546}, {"source": 121, "target": 135, "weight": 0.019337}, {"source": 121, "target": 136, "weight": 0.003788}, {"source": 121, "target": 179, "weight": 0.003322}, {"source": 121, "target": 180, "weight": 0.017921}, {"source": 122, "target": 152, "weight": 0.004695}, {"source": 122, "target": 175, "weight": 0.005181}, {"source": 122, "target": 173, "weight": 0.003425}, {"source": 122, "target": 143, "weight": 0.00339}, {"source": 122, "target": 144, "weight": 0.009174}, {"source": 122, "target": 177, "weight": 0.00431}, {"source": 122, "target": 132, "weight": 0.004425}, {"source": 122, "target": 135, "weight": 0.012698}, {"source": 122, "target": 124, "weight": 0.032653}, {"source": 123, "target": 140, "weight": 0.004237}, {"source": 123, "target": 173, "weight": 0.006623}, {"source": 123, "target": 159, "weight": 0.00578}, {"source": 123, "target": 132, "weight": 0.011765}, {"source": 123, "target": 124, "weight": 0.001621}, {"source": 123, "target": 138, "weight": 0.016393}, {"source": 124, "target": 132, "weight": 0.001605}, {"source": 124, "target": 128, "weight": 0.004444}, {"source": 124, "target": 178, "weight": 0.010736}, {"source": 124, "target": 129, "weight": 0.001667}, {"source": 124, "target": 130, "weight": 0.003165}, {"source": 124, "target": 133, "weight": 0.006579}, {"source": 124, "target": 134, "weight": 0.058122}, {"source": 124, "target": 135, "weight": 0.059172}, {"source": 124, "target": 136, "weight": 0.039049}, {"source": 124, "target": 157, "weight": 0.001626}, {"source": 124, "target": 138, "weight": 0.001669}, {"source": 124, "target": 140, "weight": 0.025132}, {"source": 124, "target": 141, "weight": 0.001435}, {"source": 124, "target": 175, "weight": 0.003396}, {"source": 124, "target": 144, "weight": 0.006525}, {"source": 124, "target": 145, "weight": 0.001621}, {"source": 124, "target": 146, "weight": 0.001603}, {"source": 124, "target": 147, "weight": 0.001435}, {"source": 124, "target": 149, "weight": 0.001695}, {"source": 124, "target": 150, "weight": 0.001543}, {"source": 124, "target": 151, "weight": 0.003407}, {"source": 124, "target": 153, "weight": 0.042254}, {"source": 124, "target": 156, "weight": 0.044046}, {"source": 124, "target": 158, "weight": 0.003247}, {"source": 124, "target": 159, "weight": 0.015692}, {"source": 124, "target": 160, "weight": 0.02446}, {"source": 124, "target": 163, "weight": 0.003367}, {"source": 124, "target": 164, "weight": 0.006483}, {"source": 124, "target": 165, "weight": 0.004666}, {"source": 124, "target": 167, "weight": 0.008446}, {"source": 124, "target": 170, "weight": 0.006024}, {"source": 124, "target": 173, "weight": 0.007299}, {"source": 124, "target": 174, "weight": 0.022179}, {"source": 124, "target": 143, "weight": 0.071097}, {"source": 124, "target": 176, "weight": 0.005102}, {"source": 124, "target": 177, "weight": 0.008}, {"source": 124, "target": 179, "weight": 0.031797}, {"source": 125, "target": 158, "weight": 0.016667}, {"source": 125, "target": 173, "weight": 0.039063}, {"source": 126, "target": 172, "weight": 0.73913}, {"source": 126, "target": 155, "weight": 0.0625}, {"source": 126, "target": 169, "weight": 0.075472}, {"source": 127, "target": 143, "weight": 0.006757}, {"source": 127, "target": 133, "weight": 0.014925}, {"source": 127, "target": 134, "weight": 0.006061}, {"source": 127, "target": 168, "weight": 0.042553}, {"source": 128, "target": 140, "weight": 0.00678}, {"source": 128, "target": 143, "weight": 0.004673}, {"source": 128, "target": 151, "weight": 0.009091}, {"source": 128, "target": 175, "weight": 0.008929}, {"source": 128, "target": 153, "weight": 0.005348}, {"source": 128, "target": 154, "weight": 0.037736}, {"source": 128, "target": 165, "weight": 0.005988}, {"source": 128, "target": 170, "weight": 0.005291}, {"source": 128, "target": 174, "weight": 0.001721}, {"source": 128, "target": 134, "weight": 0.004329}, {"source": 128, "target": 135, "weight": 0.008475}, {"source": 128, "target": 136, "weight": 0.015152}, {"source": 128, "target": 180, "weight": 0.026846}, {"source": 129, "target": 140, "weight": 0.004566}, {"source": 130, "target": 140, "weight": 0.003968}, {"source": 130, "target": 165, "weight": 0.00813}, {"source": 130, "target": 175, "weight": 0.014706}, {"source": 130, "target": 158, "weight": 0.010526}, {"source": 130, "target": 177, "weight": 0.009346}, {"source": 131, "target": 174, "weight": 0.002045}, {"source": 131, "target": 175, "weight": 0.05}, {"source": 131, "target": 170, "weight": 0.010309}, {"source": 132, "target": 140, "weight": 0.008299}, {"source": 132, "target": 173, "weight": 0.006369}, {"source": 132, "target": 174, "weight": 0.001898}, {"source": 132, "target": 156, "weight": 0.018868}, {"source": 132, "target": 134, "weight": 0.017143}, {"source": 132, "target": 159, "weight": 0.005587}, {"source": 132, "target": 160, "weight": 0.016949}, {"source": 132, "target": 135, "weight": 0.010989}, {"source": 132, "target": 170, "weight": 0.007407}, {"source": 132, "target": 138, "weight": 0.014925}, {"source": 133, "target": 163, "weight": 0.019608}, {"source": 133, "target": 135, "weight": 0.02994}, {"source": 134, "target": 140, "weight": 0.018576}, {"source": 134, "target": 141, "weight": 0.003984}, {"source": 134, "target": 175, "weight": 0.006944}, {"source": 134, "target": 144, "weight": 0.005882}, {"source": 134, "target": 152, "weight": 0.006098}, {"source": 134, "target": 173, "weight": 0.008264}, {"source": 134, "target": 143, "weight": 0.204878}, {"source": 134, "target": 177, "weight": 0.022222}, {"source": 134, "target": 135, "weight": 0.018868}, {"source": 134, "target": 136, "weight": 0.006061}, {"source": 134, "target": 139, "weight": 0.006536}, {"source": 135, "target": 140, "weight": 0.006006}, {"source": 135, "target": 143, "weight": 0.012}, {"source": 135, "target": 150, "weight": 0.004808}, {"source": 135, "target": 152, "weight": 0.011834}, {"source": 135, "target": 153, "weight": 0.013453}, {"source": 135, "target": 156, "weight": 0.025641}, {"source": 135, "target": 159, "weight": 0.007407}, {"source": 135, "target": 160, "weight": 0.018727}, {"source": 135, "target": 173, "weight": 0.012146}, {"source": 135, "target": 165, "weight": 0.009804}, {"source": 135, "target": 170, "weight": 0.013333}, {"source": 135, "target": 169, "weight": 0.005682}, {"source": 135, "target": 174, "weight": 0.006494}, {"source": 135, "target": 136, "weight": 0.005848}, {"source": 135, "target": 146, "weight": 0.005435}, {"source": 136, "target": 140, "weight": 0.008734}, {"source": 136, "target": 143, "weight": 0.020548}, {"source": 136, "target": 146, "weight": 0.0125}, {"source": 136, "target": 153, "weight": 0.008264}, {"source": 136, "target": 156, "weight": 0.010526}, {"source": 136, "target": 159, "weight": 0.012048}, {"source": 136, "target": 164, "weight": 0.013158}, {"source": 136, "target": 179, "weight": 0.009615}, {"source": 138, "target": 140, "weight": 0.004587}, {"source": 138, "target": 160, "weight": 0.006452}, {"source": 139, "target": 174, "weight": 0.018182}, {"source": 139, "target": 173, "weight": 0.007519}, {"source": 139, "target": 147, "weight": 0.007092}, {"source": 140, "target": 143, "weight": 0.006452}, {"source": 140, "target": 152, "weight": 0.004367}, {"source": 140, "target": 153, "weight": 0.007067}, {"source": 140, "target": 157, "weight": 0.008584}, {"source": 140, "target": 159, "weight": 0.009146}, {"source": 140, "target": 160, "weight": 0.024768}, {"source": 140, "target": 164, "weight": 0.008403}, {"source": 140, "target": 175, "weight": 0.004785}, {"source": 140, "target": 165, "weight": 0.007605}, {"source": 140, "target": 170, "weight": 0.003497}, {"source": 140, "target": 174, "weight": 0.007418}, {"source": 140, "target": 177, "weight": 0.004032}, {"source": 140, "target": 179, "weight": 0.007519}, {"source": 140, "target": 180, "weight": 0.004016}, {"source": 141, "target": 148, "weight": 0.099174}, {"source": 141, "target": 151, "weight": 0.015504}, {"source": 141, "target": 158, "weight": 0.012658}, {"source": 141, "target": 154, "weight": 0.007752}, {"source": 141, "target": 167, "weight": 0.007246}, {"source": 141, "target": 170, "weight": 0.014493}, {"source": 141, "target": 173, "weight": 0.017544}, {"source": 141, "target": 174, "weight": 0.008375}, {"source": 141, "target": 143, "weight": 0.004274}, {"source": 141, "target": 180, "weight": 0.005814}, {"source": 142, "target": 174, "weight": 0.001976}, {"source": 143, "target": 144, "weight": 0.026667}, {"source": 143, "target": 152, "weight": 0.006803}, {"source": 143, "target": 153, "weight": 0.015}, {"source": 143, "target": 156, "weight": 0.035088}, {"source": 143, "target": 159, "weight": 0.004032}, {"source": 143, "target": 160, "weight": 0.012195}, {"source": 143, "target": 161, "weight": 0.00641}, {"source": 143, "target": 164, "weight": 0.012821}, {"source": 143, "target": 177, "weight": 0.02454}, {"source": 143, "target": 173, "weight": 0.004425}, {"source": 143, "target": 174, "weight": 0.02931}, {"source": 143, "target": 179, "weight": 0.044944}, {"source": 144, "target": 147, "weight": 0.012739}, {"source": 144, "target": 150, "weight": 0.009174}, {"source": 144, "target": 152, "weight": 0.014085}, {"source": 144, "target": 156, "weight": 0.01}, {"source": 144, "target": 160, "weight": 0.017647}, {"source": 144, "target": 174, "weight": 0.001923}, {"source": 144, "target": 177, "weight": 0.011111}, {"source": 144, "target": 178, "weight": 0.008403}, {"source": 145, "target": 173, "weight": 0.006623}, {"source": 147, "target": 173, "weight": 0.008696}, {"source": 147, "target": 177, "weight": 0.005848}, {"source": 148, "target": 154, "weight": 0.045455}, {"source": 148, "target": 170, "weight": 0.009804}, {"source": 148, "target": 151, "weight": 0.043478}, {"source": 152, "target": 153, "weight": 0.008333}, {"source": 152, "target": 173, "weight": 0.006944}, {"source": 152, "target": 174, "weight": 0.003899}, {"source": 152, "target": 156, "weight": 0.010638}, {"source": 152, "target": 177, "weight": 0.011905}, {"source": 152, "target": 160, "weight": 0.012121}, {"source": 153, "target": 175, "weight": 0.01}, {"source": 153, "target": 158, "weight": 0.007874}, {"source": 153, "target": 159, "weight": 0.004525}, {"source": 153, "target": 164, "weight": 0.007692}, {"source": 153, "target": 177, "weight": 0.021898}, {"source": 155, "target": 165, "weight": 0.012048}, {"source": 155, "target": 172, "weight": 0.055556}, {"source": 155, "target": 171, "weight": 0.1}, {"source": 155, "target": 169, "weight": 0.078431}, {"source": 156, "target": 159, "weight": 0.010309}, {"source": 156, "target": 164, "weight": 0.019417}, {"source": 156, "target": 173, "weight": 0.00578}, {"source": 156, "target": 177, "weight": 0.00885}, {"source": 157, "target": 159, "weight": 0.005848}, {"source": 157, "target": 158, "weight": 0.012987}, {"source": 158, "target": 173, "weight": 0.006623}, {"source": 158, "target": 174, "weight": 0.003846}, {"source": 159, "target": 160, "weight": 0.034749}, {"source": 159, "target": 173, "weight": 0.004082}, {"source": 159, "target": 174, "weight": 0.004894}, {"source": 160, "target": 163, "weight": 0.020134}, {"source": 160, "target": 173, "weight": 0.004082}, {"source": 160, "target": 177, "weight": 0.005405}, {"source": 163, "target": 174, "weight": 0.002004}, {"source": 164, "target": 166, "weight": 0.007874}, {"source": 164, "target": 179, "weight": 0.00885}, {"source": 165, "target": 174, "weight": 0.007326}, {"source": 165, "target": 180, "weight": 0.034188}, {"source": 168, "target": 174, "weight": 0.006073}, {"source": 170, "target": 177, "weight": 0.007092}, {"source": 173, "target": 174, "weight": 0.118644}, {"source": 173, "target": 178, "weight": 0.005208}, {"source": 174, "target": 175, "weight": 0.004057}, {"source": 174, "target": 177, "weight": 0.00565}, {"source": 177, "target": 179, "weight": 0.008197}], "multigraph": false}