{"directed": false, "graph": {}, "nodes": [{"group": 0, "id": "longevity"}, {"group": 1, "id": "lozenge", "degree": 12}, {"group": 0, "id": "looks", "degree": 9}, {"group": 2, "id": "loiterer"}, {"group": 3, "id": "localize"}, {"group": 2, "id": "loll", "degree": 11}, {"group": 5, "id": "lowlands"}, {"group": 6, "id": "lolling", "degree": 9}, {"group": 3, "id": "loading", "degree": 13}, {"group": 5, "id": "logged", "degree": 5}, {"group": 4, "id": "loutish"}, {"group": 3, "id": "location", "degree": 31}, {"group": 1, "id": "lodge"}, {"group": 1, "id": "lord"}, {"group": 1, "id": "loophole"}, {"group": 0, "id": "lookout"}, {"group": 11, "id": "lonely"}, {"group": 4, "id": "looby", "degree": 12}, {"group": 1, "id": "lobe", "degree": 9}, {"group": 6, "id": "loath"}, {"group": 7, "id": "loveless"}, {"group": 3, "id": "locus"}, {"group": 14, "id": "looter", "degree": 0}, {"group": 1, "id": "looting"}, {"group": 8, "id": "loss", "degree": 8}, {"group": 1, "id": "lockjaw", "degree": 7}, {"group": 9, "id": "logroller"}, {"group": 8, "id": "lost"}, {"group": 3, "id": "loess", "degree": 6}, {"group": 2, "id": "loser", "degree": 11}, {"group": 1, "id": "lockout", "degree": 16}, {"group": 8, "id": "lose", "degree": 9}, {"group": 0, "id": "loyalist"}, {"group": 8, "id": "locomotive", "degree": 4}, {"group": 5, "id": "lofty"}, {"group": 8, "id": "logistics"}, {"group": 1, "id": "loveliness", "degree": 4}, {"group": 5, "id": "lowly"}, {"group": 3, "id": "locale", "degree": 27}, {"group": 6, "id": "logy", "degree": 12}, {"group": 3, "id": "loge"}, {"group": 4, "id": "lobster"}, {"group": 1, "id": "longitude", "degree": 4}, {"group": 0, "id": "loathing", "degree": 3}, {"group": 10, "id": "loudspeaker", "degree": 0}, {"group": 7, "id": "loquacious"}, {"group": 1, "id": "louver", "degree": 3}, {"group": 4, "id": "lowbrow"}, {"group": 4, "id": "lowlife"}, {"group": 0, "id": "logomachy", "degree": 4}, {"group": 6, "id": "lollygagging"}, {"group": 3, "id": "locate"}, {"group": 1, "id": "logrolling"}, {"group": 4, "id": "loo"}, {"group": 6, "id": "loose"}, {"group": 9, "id": "lobbyist", "degree": 4}, {"group": 3, "id": "lode", "degree": 7}, {"group": 0, "id": "lotion", "degree": 2}, {"group": 2, "id": "loafer"}, {"group": 7, "id": "lodestar"}, {"group": 0, "id": "lover", "degree": 9}, {"group": 3, "id": "loran"}, {"group": 2, "id": "lounger", "degree": 9}, {"group": 11, "id": "logarithmic"}, {"group": 0, "id": "logorrhea", "degree": 4}, {"group": 0, "id": "looseness", "degree": 8}, {"group": 1, "id": "logging"}, {"group": 0, "id": "lollapaloosa"}, {"group": 3, "id": "locution", "degree": 2}, {"group": 2, "id": "lour", "degree": 1}, {"group": 4, "id": "lout"}, {"group": 4, "id": "louse", "degree": 5}, {"group": 5, "id": "lousy"}, {"group": 5, "id": "loudly", "degree": 1}, {"group": 0, "id": "logic"}, {"group": 0, "id": "longanimity"}, {"group": 8, "id": "locomotion", "degree": 3}, {"group": 3, "id": "localism"}, {"group": 3, "id": "locating"}, {"group": 5, "id": "loud", "degree": 17}, {"group": 3, "id": "load", "degree": 25}, {"group": 2, "id": "loaf"}, {"group": 0, "id": "love", "degree": 25}, {"group": 12, "id": "loan", "degree": 0}, {"group": 2, "id": "lollygag"}, {"group": 5, "id": "logical", "degree": 8}, {"group": 4, "id": "loner"}, {"group": 13, "id": "lovable", "degree": 4}, {"group": 1, "id": "loin", "degree": 5}, {"group": 0, "id": "loquacity"}, {"group": 3, "id": "lodging", "degree": 13}, {"group": 4, "id": "loaded"}, {"group": 0, "id": "lob"}, {"group": 1, "id": "log", "degree": 23}, {"group": 11, "id": "lone", "degree": 11}, {"group": 1, "id": "logotype", "degree": 19}, {"group": 7, "id": "long", "degree": 16}, {"group": 6, "id": "lounging"}, {"group": 1, "id": "logogram"}, {"group": 1, "id": "lobbying", "degree": 2}, {"group": 2, "id": "lop", "degree": 22}, {"group": 5, "id": "low"}, {"group": 3, "id": "lot", "degree": 46}, {"group": 7, "id": "lovesick"}, {"group": 13, "id": "lovely"}, {"group": 7, "id": "lovelorn", "degree": 8}, {"group": 5, "id": "lowest", "degree": 12}, {"group": 0, "id": "lowering"}, {"group": 1, "id": "loft"}, {"group": 1, "id": "logjam", "degree": 11}, {"group": 1, "id": "lore", "degree": 2}, {"group": 5, "id": "lowered"}, {"group": 5, "id": "loudmouthed", "degree": 1}, {"group": 4, "id": "loon", "degree": 11}, {"group": 0, "id": "loved"}, {"group": 1, "id": "loom"}, {"group": 0, "id": "lowness", "degree": 7}, {"group": 0, "id": "look", "degree": 22}, {"group": 1, "id": "local", "degree": 30}, {"group": 6, "id": "loitering", "degree": 19}, {"group": 4, "id": "loony", "degree": 12}, {"group": 1, "id": "locker", "degree": 22}, {"group": 1, "id": "locket"}, {"group": 2, "id": "loiter", "degree": 15}, {"group": 1, "id": "loot"}, {"group": 7, "id": "loving"}, {"group": 1, "id": "loop", "degree": 24}, {"group": 1, "id": "lockup"}, {"group": 6, "id": "loosen", "degree": 8}, {"group": 3, "id": "lodger"}, {"group": 7, "id": "lodestone", "degree": 9}, {"group": 1, "id": "lock"}, {"group": 1, "id": "loch", "degree": 13}, {"group": 4, "id": "loco"}, {"group": 6, "id": "loosing"}, {"group": 0, "id": "loathe"}, {"group": 4, "id": "lopsided", "degree": 5}, {"group": 3, "id": "locality", "degree": 6}, {"group": 0, "id": "loosening", "degree": 4}, {"group": 2, "id": "lounge", "degree": 22}, {"group": 5, "id": "located"}, {"group": 2, "id": "lope", "degree": 11}, {"group": 0, "id": "loyalty", "degree": 21}, {"group": 5, "id": "looming"}, {"group": 11, "id": "lonesome", "degree": 6}, {"group": 0, "id": "loudness", "degree": 5}, {"group": 9, "id": "lobby", "degree": 9}, {"group": 7, "id": "longing", "degree": 5}, {"group": 2, "id": "lower"}, {"group": 5, "id": "longsighted", "degree": 2}, {"group": 1, "id": "looker"}, {"group": 5, "id": "loathsome"}, {"group": 5, "id": "lordly"}, {"group": 7, "id": "loyal", "degree": 14}, {"group": 0, "id": "lovemaking"}, {"group": 9, "id": "lordship"}, {"group": 5, "id": "longhand"}, {"group": 5, "id": "lordliness", "degree": 3}], "links": [{"source": 0, "target": 42, "weight": 0.013158}, {"source": 0, "target": 142, "weight": 0.04902}, {"source": 0, "target": 96, "weight": 0.013699}, {"source": 0, "target": 39, "weight": 0.015625}, {"source": 0, "target": 11, "weight": 0.009009}, {"source": 0, "target": 102, "weight": 0.003861}, {"source": 0, "target": 90, "weight": 0.014925}, {"source": 1, "target": 80, "weight": 0.009479}, {"source": 1, "target": 38, "weight": 0.017094}, {"source": 1, "target": 131, "weight": 0.006135}, {"source": 1, "target": 21, "weight": 0.013699}, {"source": 1, "target": 37, "weight": 0.009434}, {"source": 1, "target": 90, "weight": 0.011494}, {"source": 1, "target": 8, "weight": 0.010638}, {"source": 1, "target": 93, "weight": 0.02}, {"source": 1, "target": 137, "weight": 0.012658}, {"source": 1, "target": 122, "weight": 0.026316}, {"source": 1, "target": 95, "weight": 0.009091}, {"source": 1, "target": 139, "weight": 0.012987}, {"source": 1, "target": 100, "weight": 0.008621}, {"source": 1, "target": 101, "weight": 0.002222}, {"source": 1, "target": 102, "weight": 0.014493}, {"source": 1, "target": 12, "weight": 0.016667}, {"source": 1, "target": 13, "weight": 0.009615}, {"source": 1, "target": 118, "weight": 0.007937}, {"source": 1, "target": 11, "weight": 0.007634}, {"source": 1, "target": 142, "weight": 0.007937}, {"source": 1, "target": 109, "weight": 0.009174}, {"source": 1, "target": 148, "weight": 0.004049}, {"source": 1, "target": 117, "weight": 0.005348}, {"source": 1, "target": 71, "weight": 0.013514}, {"source": 1, "target": 121, "weight": 0.009804}, {"source": 1, "target": 30, "weight": 0.010753}, {"source": 1, "target": 126, "weight": 0.023041}, {"source": 2, "target": 92, "weight": 0.013889}, {"source": 2, "target": 80, "weight": 0.005464}, {"source": 2, "target": 148, "weight": 0.009217}, {"source": 2, "target": 115, "weight": 0.009901}, {"source": 2, "target": 82, "weight": 0.006579}, {"source": 2, "target": 117, "weight": 0.046053}, {"source": 2, "target": 14, "weight": 0.00885}, {"source": 2, "target": 95, "weight": 0.012346}, {"source": 2, "target": 11, "weight": 0.009804}, {"source": 2, "target": 102, "weight": 0.012097}, {"source": 2, "target": 118, "weight": 0.010309}, {"source": 2, "target": 126, "weight": 0.005208}, {"source": 3, "target": 17, "weight": 0.02381}, {"source": 3, "target": 123, "weight": 0.015152}, {"source": 3, "target": 119, "weight": 0.017544}, {"source": 3, "target": 5, "weight": 0.022727}, {"source": 3, "target": 139, "weight": 0.043478}, {"source": 3, "target": 62, "weight": 0.625}, {"source": 4, "target": 80, "weight": 0.005435}, {"source": 4, "target": 25, "weight": 0.013699}, {"source": 4, "target": 137, "weight": 0.083333}, {"source": 4, "target": 38, "weight": 0.045977}, {"source": 4, "target": 142, "weight": 0.010204}, {"source": 4, "target": 121, "weight": 0.013514}, {"source": 4, "target": 11, "weight": 0.04}, {"source": 4, "target": 102, "weight": 0.028571}, {"source": 4, "target": 90, "weight": 0.016949}, {"source": 5, "target": 107, "weight": 0.006623}, {"source": 5, "target": 148, "weight": 0.014019}, {"source": 5, "target": 54, "weight": 0.003205}, {"source": 5, "target": 17, "weight": 0.011905}, {"source": 5, "target": 93, "weight": 0.008264}, {"source": 5, "target": 84, "weight": 0.044444}, {"source": 5, "target": 81, "weight": 0.155556}, {"source": 5, "target": 62, "weight": 0.027027}, {"source": 5, "target": 70, "weight": 0.012195}, {"source": 5, "target": 12, "weight": 0.034014}, {"source": 5, "target": 119, "weight": 0.017857}, {"source": 5, "target": 97, "weight": 0.045455}, {"source": 5, "target": 139, "weight": 0.566667}, {"source": 5, "target": 58, "weight": 0.030303}, {"source": 5, "target": 100, "weight": 0.02381}, {"source": 5, "target": 123, "weight": 0.118644}, {"source": 5, "target": 48, "weight": 0.020833}, {"source": 6, "target": 80, "weight": 0.005128}, {"source": 6, "target": 106, "weight": 0.029851}, {"source": 6, "target": 7, "weight": 0.018182}, {"source": 6, "target": 93, "weight": 0.007407}, {"source": 6, "target": 9, "weight": 0.021739}, {"source": 6, "target": 39, "weight": 0.014925}, {"source": 6, "target": 11, "weight": 0.017699}, {"source": 6, "target": 118, "weight": 0.009174}, {"source": 7, "target": 96, "weight": 0.016667}, {"source": 7, "target": 97, "weight": 0.76}, {"source": 7, "target": 111, "weight": 0.020408}, {"source": 7, "target": 119, "weight": 0.122449}, {"source": 7, "target": 39, "weight": 0.019608}, {"source": 7, "target": 118, "weight": 0.010753}, {"source": 7, "target": 50, "weight": 0.16129}, {"source": 7, "target": 101, "weight": 0.017032}, {"source": 8, "target": 80, "weight": 0.116022}, {"source": 8, "target": 38, "weight": 0.038462}, {"source": 8, "target": 84, "weight": 0.015152}, {"source": 8, "target": 21, "weight": 0.067797}, {"source": 8, "target": 137, "weight": 0.045455}, {"source": 8, "target": 100, "weight": 0.009524}, {"source": 8, "target": 11, "weight": 0.163462}, {"source": 8, "target": 102, "weight": 0.007491}, {"source": 8, "target": 12, "weight": 0.005848}, {"source": 8, "target": 118, "weight": 0.008696}, {"source": 8, "target": 142, "weight": 0.017544}, {"source": 8, "target": 56, "weight": 0.016393}, {"source": 8, "target": 66, "weight": 0.016129}, {"source": 8, "target": 146, "weight": 0.013333}, {"source": 8, "target": 24, "weight": 0.010309}, {"source": 8, "target": 116, "weight": 0.013699}, {"source": 8, "target": 28, "weight": 0.029412}, {"source": 8, "target": 121, "weight": 0.010989}, {"source": 8, "target": 123, "weight": 0.011765}, {"source": 8, "target": 79, "weight": 0.008403}, {"source": 8, "target": 78, "weight": 0.293103}, {"source": 9, "target": 106, "weight": 0.023256}, {"source": 9, "target": 148, "weight": 0.004878}, {"source": 9, "target": 85, "weight": 0.023256}, {"source": 9, "target": 140, "weight": 0.045455}, {"source": 9, "target": 101, "weight": 0.002451}, {"source": 9, "target": 156, "weight": 0.037037}, {"source": 10, "target": 17, "weight": 0.0625}, {"source": 10, "target": 79, "weight": 0.030769}, {"source": 11, "target": 35, "weight": 0.010101}, {"source": 11, "target": 80, "weight": 0.017021}, {"source": 11, "target": 38, "weight": 0.08209}, {"source": 11, "target": 131, "weight": 0.005291}, {"source": 11, "target": 39, "weight": 0.009091}, {"source": 11, "target": 90, "weight": 0.00885}, {"source": 11, "target": 15, "weight": 0.006289}, {"source": 11, "target": 137, "weight": 0.115789}, {"source": 11, "target": 95, "weight": 0.014815}, {"source": 11, "target": 101, "weight": 0.002101}, {"source": 11, "target": 102, "weight": 0.096774}, {"source": 11, "target": 12, "weight": 0.019512}, {"source": 11, "target": 92, "weight": 0.007874}, {"source": 11, "target": 127, "weight": 0.009901}, {"source": 11, "target": 107, "weight": 0.004808}, {"source": 11, "target": 61, "weight": 0.011111}, {"source": 11, "target": 142, "weight": 0.006579}, {"source": 11, "target": 56, "weight": 0.010204}, {"source": 11, "target": 109, "weight": 0.007407}, {"source": 11, "target": 86, "weight": 0.008696}, {"source": 11, "target": 66, "weight": 0.010101}, {"source": 11, "target": 21, "weight": 0.111111}, {"source": 11, "target": 28, "weight": 0.019048}, {"source": 11, "target": 151, "weight": 0.006061}, {"source": 11, "target": 72, "weight": 0.006536}, {"source": 11, "target": 121, "weight": 0.007813}, {"source": 11, "target": 30, "weight": 0.008403}, {"source": 11, "target": 77, "weight": 0.010417}, {"source": 11, "target": 51, "weight": 0.059322}, {"source": 11, "target": 78, "weight": 0.4}, {"source": 12, "target": 80, "weight": 0.024735}, {"source": 12, "target": 130, "weight": 0.007092}, {"source": 12, "target": 132, "weight": 0.01227}, {"source": 12, "target": 90, "weight": 0.050955}, {"source": 12, "target": 93, "weight": 0.036036}, {"source": 12, "target": 137, "weight": 0.00641}, {"source": 12, "target": 95, "weight": 0.016216}, {"source": 12, "target": 139, "weight": 0.033333}, {"source": 12, "target": 38, "weight": 0.015544}, {"source": 12, "target": 141, "weight": 0.006211}, {"source": 12, "target": 102, "weight": 0.022923}, {"source": 12, "target": 118, "weight": 0.051546}, {"source": 12, "target": 106, "weight": 0.006173}, {"source": 12, "target": 18, "weight": 0.029412}, {"source": 12, "target": 56, "weight": 0.006711}, {"source": 12, "target": 109, "weight": 0.021858}, {"source": 12, "target": 146, "weight": 0.006135}, {"source": 12, "target": 117, "weight": 0.003788}, {"source": 12, "target": 28, "weight": 0.006369}, {"source": 12, "target": 121, "weight": 0.034483}, {"source": 12, "target": 153, "weight": 0.008439}, {"source": 12, "target": 30, "weight": 0.011834}, {"source": 12, "target": 123, "weight": 0.011628}, {"source": 12, "target": 126, "weight": 0.003356}, {"source": 13, "target": 117, "weight": 0.005376}, {"source": 13, "target": 153, "weight": 0.00625}, {"source": 13, "target": 102, "weight": 0.003597}, {"source": 13, "target": 60, "weight": 0.007407}, {"source": 13, "target": 126, "weight": 0.004545}, {"source": 14, "target": 46, "weight": 0.031579}, {"source": 14, "target": 132, "weight": 0.01626}, {"source": 14, "target": 56, "weight": 0.018519}, {"source": 14, "target": 109, "weight": 0.088889}, {"source": 14, "target": 121, "weight": 0.007194}, {"source": 14, "target": 102, "weight": 0.003165}, {"source": 14, "target": 31, "weight": 0.008547}, {"source": 14, "target": 126, "weight": 0.083682}, {"source": 14, "target": 117, "weight": 0.004464}, {"source": 15, "target": 80, "weight": 0.004167}, {"source": 15, "target": 82, "weight": 0.019417}, {"source": 15, "target": 93, "weight": 0.005556}, {"source": 15, "target": 38, "weight": 0.013793}, {"source": 15, "target": 142, "weight": 0.02649}, {"source": 15, "target": 109, "weight": 0.007299}, {"source": 15, "target": 100, "weight": 0.006944}, {"source": 15, "target": 102, "weight": 0.006536}, {"source": 15, "target": 90, "weight": 0.008696}, {"source": 15, "target": 126, "weight": 0.012146}, {"source": 15, "target": 117, "weight": 0.038462}, {"source": 16, "target": 144, "weight": 0.709677}, {"source": 16, "target": 94, "weight": 0.415094}, {"source": 16, "target": 118, "weight": 0.010101}, {"source": 17, "target": 81, "weight": 0.044944}, {"source": 17, "target": 131, "weight": 0.00578}, {"source": 17, "target": 88, "weight": 0.012658}, {"source": 17, "target": 41, "weight": 0.12}, {"source": 17, "target": 92, "weight": 0.009009}, {"source": 17, "target": 139, "weight": 0.011494}, {"source": 17, "target": 102, "weight": 0.006944}, {"source": 17, "target": 18, "weight": 0.009346}, {"source": 17, "target": 120, "weight": 0.015385}, {"source": 17, "target": 58, "weight": 0.028302}, {"source": 17, "target": 62, "weight": 0.025974}, {"source": 17, "target": 47, "weight": 0.010526}, {"source": 17, "target": 113, "weight": 0.227848}, {"source": 17, "target": 109, "weight": 0.008403}, {"source": 17, "target": 148, "weight": 0.003891}, {"source": 17, "target": 117, "weight": 0.005076}, {"source": 17, "target": 70, "weight": 0.55}, {"source": 17, "target": 71, "weight": 0.011905}, {"source": 17, "target": 79, "weight": 0.014388}, {"source": 17, "target": 126, "weight": 0.004329}, {"source": 18, "target": 148, "weight": 0.004184}, {"source": 18, "target": 52, "weight": 0.016667}, {"source": 18, "target": 131, "weight": 0.006452}, {"source": 18, "target": 132, "weight": 0.012658}, {"source": 18, "target": 54, "weight": 0.002985}, {"source": 18, "target": 100, "weight": 0.009259}, {"source": 18, "target": 41, "weight": 0.015385}, {"source": 18, "target": 124, "weight": 0.009259}, {"source": 18, "target": 118, "weight": 0.04386}, {"source": 18, "target": 146, "weight": 0.012821}, {"source": 18, "target": 126, "weight": 0.009434}, {"source": 19, "target": 62, "weight": 0.029412}, {"source": 19, "target": 119, "weight": 0.08}, {"source": 19, "target": 39, "weight": 0.02}, {"source": 20, "target": 105, "weight": 0.09375}, {"source": 21, "target": 137, "weight": 0.655172}, {"source": 21, "target": 38, "weight": 0.298507}, {"source": 21, "target": 95, "weight": 0.012821}, {"source": 21, "target": 142, "weight": 0.010638}, {"source": 21, "target": 102, "weight": 0.024793}, {"source": 21, "target": 90, "weight": 0.037037}, {"source": 23, "target": 80, "weight": 0.005291}, {"source": 23, "target": 25, "weight": 0.012821}, {"source": 24, "target": 80, "weight": 0.009346}, {"source": 24, "target": 107, "weight": 0.01087}, {"source": 24, "target": 65, "weight": 0.009346}, {"source": 24, "target": 27, "weight": 0.007092}, {"source": 24, "target": 29, "weight": 0.013514}, {"source": 24, "target": 31, "weight": 0.037037}, {"source": 24, "target": 124, "weight": 0.008403}, {"source": 24, "target": 33, "weight": 0.013889}, {"source": 25, "target": 55, "weight": 0.017544}, {"source": 25, "target": 109, "weight": 0.009524}, {"source": 25, "target": 30, "weight": 0.022727}, {"source": 25, "target": 124, "weight": 0.008929}, {"source": 25, "target": 146, "weight": 0.012195}, {"source": 26, "target": 55, "weight": 0.071429}, {"source": 26, "target": 146, "weight": 0.025641}, {"source": 27, "target": 153, "weight": 0.010363}, {"source": 27, "target": 39, "weight": 0.008547}, {"source": 27, "target": 100, "weight": 0.006711}, {"source": 27, "target": 31, "weight": 0.00885}, {"source": 28, "target": 56, "weight": 0.021277}, {"source": 28, "target": 102, "weight": 0.003937}, {"source": 28, "target": 78, "weight": 0.033898}, {"source": 29, "target": 148, "weight": 0.009434}, {"source": 29, "target": 82, "weight": 0.006803}, {"source": 29, "target": 107, "weight": 0.006757}, {"source": 29, "target": 84, "weight": 0.023256}, {"source": 29, "target": 65, "weight": 0.014286}, {"source": 29, "target": 119, "weight": 0.018868}, {"source": 29, "target": 109, "weight": 0.013333}, {"source": 29, "target": 100, "weight": 0.012195}, {"source": 29, "target": 60, "weight": 0.009804}, {"source": 29, "target": 101, "weight": 0.002404}, {"source": 29, "target": 102, "weight": 0.004082}, {"source": 29, "target": 123, "weight": 0.016129}, {"source": 29, "target": 50, "weight": 0.029412}, {"source": 30, "target": 127, "weight": 0.032258}, {"source": 30, "target": 80, "weight": 0.01005}, {"source": 30, "target": 131, "weight": 0.055556}, {"source": 30, "target": 84, "weight": 0.015385}, {"source": 30, "target": 51, "weight": 0.023529}, {"source": 30, "target": 95, "weight": 0.010204}, {"source": 30, "target": 139, "weight": 0.015385}, {"source": 30, "target": 100, "weight": 0.019417}, {"source": 30, "target": 102, "weight": 0.003745}, {"source": 30, "target": 123, "weight": 0.024096}, {"source": 30, "target": 65, "weight": 0.01087}, {"source": 30, "target": 78, "weight": 0.013699}, {"source": 30, "target": 118, "weight": 0.008772}, {"source": 30, "target": 109, "weight": 0.065217}, {"source": 30, "target": 101, "weight": 0.002283}, {"source": 31, "target": 80, "weight": 0.005348}, {"source": 31, "target": 148, "weight": 0.00905}, {"source": 31, "target": 54, "weight": 0.003145}, {"source": 31, "target": 65, "weight": 0.012658}, {"source": 31, "target": 100, "weight": 0.010989}, {"source": 31, "target": 124, "weight": 0.010989}, {"source": 31, "target": 126, "weight": 0.005102}, {"source": 32, "target": 60, "weight": 0.022989}, {"source": 33, "target": 76, "weight": 0.148148}, {"source": 33, "target": 101, "weight": 0.002415}, {"source": 33, "target": 34, "weight": 0.006211}, {"source": 34, "target": 147, "weight": 0.00641}, {"source": 34, "target": 82, "weight": 0.003663}, {"source": 34, "target": 93, "weight": 0.004098}, {"source": 34, "target": 118, "weight": 0.004587}, {"source": 34, "target": 94, "weight": 0.005181}, {"source": 34, "target": 96, "weight": 0.01087}, {"source": 34, "target": 153, "weight": 0.007937}, {"source": 34, "target": 85, "weight": 0.00565}, {"source": 34, "target": 76, "weight": 0.006329}, {"source": 34, "target": 144, "weight": 0.005848}, {"source": 34, "target": 136, "weight": 0.012048}, {"source": 34, "target": 157, "weight": 0.006494}, {"source": 34, "target": 79, "weight": 0.037209}, {"source": 35, "target": 99, "weight": 0.027778}, {"source": 35, "target": 76, "weight": 0.029412}, {"source": 35, "target": 142, "weight": 0.010638}, {"source": 36, "target": 99, "weight": 0.037037}, {"source": 36, "target": 122, "weight": 0.027778}, {"source": 36, "target": 82, "weight": 0.007143}, {"source": 36, "target": 150, "weight": 0.019231}, {"source": 36, "target": 110, "weight": 0.033333}, {"source": 37, "target": 106, "weight": 0.26087}, {"source": 37, "target": 94, "weight": 0.009804}, {"source": 37, "target": 79, "weight": 0.015385}, {"source": 38, "target": 88, "weight": 0.012195}, {"source": 38, "target": 40, "weight": 0.027027}, {"source": 38, "target": 90, "weight": 0.020202}, {"source": 38, "target": 92, "weight": 0.017699}, {"source": 38, "target": 137, "weight": 0.291667}, {"source": 38, "target": 95, "weight": 0.016393}, {"source": 38, "target": 102, "weight": 0.024476}, {"source": 38, "target": 101, "weight": 0.00216}, {"source": 38, "target": 106, "weight": 0.010204}, {"source": 38, "target": 142, "weight": 0.007194}, {"source": 38, "target": 59, "weight": 0.021505}, {"source": 38, "target": 146, "weight": 0.010101}, {"source": 38, "target": 115, "weight": 0.014085}, {"source": 38, "target": 42, "weight": 0.009174}, {"source": 38, "target": 122, "weight": 0.011111}, {"source": 38, "target": 76, "weight": 0.012658}, {"source": 38, "target": 77, "weight": 0.012048}, {"source": 38, "target": 51, "weight": 0.046729}, {"source": 38, "target": 126, "weight": 0.017316}, {"source": 38, "target": 78, "weight": 0.042105}, {"source": 39, "target": 107, "weight": 0.0125}, {"source": 39, "target": 72, "weight": 0.009434}, {"source": 39, "target": 54, "weight": 0.003106}, {"source": 39, "target": 128, "weight": 0.010753}, {"source": 39, "target": 119, "weight": 0.030769}, {"source": 39, "target": 97, "weight": 0.018182}, {"source": 39, "target": 102, "weight": 0.003876}, {"source": 39, "target": 151, "weight": 0.008475}, {"source": 39, "target": 104, "weight": 0.011905}, {"source": 39, "target": 118, "weight": 0.009524}, {"source": 39, "target": 101, "weight": 0.007026}, {"source": 40, "target": 80, "weight": 0.005917}, {"source": 40, "target": 121, "weight": 0.016949}, {"source": 41, "target": 113, "weight": 0.018519}, {"source": 41, "target": 117, "weight": 0.006452}, {"source": 41, "target": 71, "weight": 0.02381}, {"source": 41, "target": 102, "weight": 0.004049}, {"source": 41, "target": 62, "weight": 0.027778}, {"source": 41, "target": 126, "weight": 0.010638}, {"source": 42, "target": 98, "weight": 0.028302}, {"source": 42, "target": 93, "weight": 0.006993}, {"source": 42, "target": 68, "weight": 0.011765}, {"source": 42, "target": 132, "weight": 0.012821}, {"source": 42, "target": 122, "weight": 0.014706}, {"source": 42, "target": 102, "weight": 0.007435}, {"source": 42, "target": 131, "weight": 0.006494}, {"source": 42, "target": 110, "weight": 0.016129}, {"source": 42, "target": 126, "weight": 0.009479}, {"source": 42, "target": 117, "weight": 0.005618}, {"source": 43, "target": 82, "weight": 0.006369}, {"source": 43, "target": 151, "weight": 0.008696}, {"source": 43, "target": 49, "weight": 0.027778}, {"source": 43, "target": 135, "weight": 0.060606}, {"source": 45, "target": 96, "weight": 0.083333}, {"source": 46, "target": 54, "weight": 0.003356}, {"source": 46, "target": 126, "weight": 0.017241}, {"source": 47, "target": 120, "weight": 0.009901}, {"source": 47, "target": 113, "weight": 0.015152}, {"source": 47, "target": 79, "weight": 0.009091}, {"source": 47, "target": 123, "weight": 0.013158}, {"source": 48, "target": 139, "weight": 0.019608}, {"source": 48, "target": 71, "weight": 0.042553}, {"source": 48, "target": 123, "weight": 0.014286}, {"source": 49, "target": 109, "weight": 0.009901}, {"source": 49, "target": 148, "weight": 0.004184}, {"source": 49, "target": 52, "weight": 0.016667}, {"source": 49, "target": 74, "weight": 0.015873}, {"source": 50, "target": 65, "weight": 0.014925}, {"source": 50, "target": 119, "weight": 0.275}, {"source": 50, "target": 109, "weight": 0.028169}, {"source": 50, "target": 96, "weight": 0.017857}, {"source": 50, "target": 123, "weight": 0.016949}, {"source": 51, "target": 80, "weight": 0.009804}, {"source": 51, "target": 117, "weight": 0.005556}, {"source": 51, "target": 137, "weight": 0.073529}, {"source": 51, "target": 142, "weight": 0.008403}, {"source": 51, "target": 141, "weight": 0.012987}, {"source": 51, "target": 102, "weight": 0.022472}, {"source": 51, "target": 90, "weight": 0.038462}, {"source": 52, "target": 118, "weight": 0.011236}, {"source": 53, "target": 120, "weight": 0.012658}, {"source": 53, "target": 80, "weight": 0.005882}, {"source": 54, "target": 80, "weight": 0.004454}, {"source": 54, "target": 128, "weight": 0.149837}, {"source": 54, "target": 136, "weight": 0.003195}, {"source": 54, "target": 94, "weight": 0.005917}, {"source": 54, "target": 96, "weight": 0.003021}, {"source": 54, "target": 100, "weight": 0.026012}, {"source": 54, "target": 102, "weight": 0.001934}, {"source": 54, "target": 105, "weight": 0.003175}, {"source": 54, "target": 106, "weight": 0.009346}, {"source": 54, "target": 56, "weight": 0.003226}, {"source": 54, "target": 57, "weight": 0.003086}, {"source": 54, "target": 120, "weight": 0.002786}, {"source": 54, "target": 65, "weight": 0.002924}, {"source": 54, "target": 117, "weight": 0.002353}, {"source": 54, "target": 119, "weight": 0.015576}, {"source": 54, "target": 153, "weight": 0.002506}, {"source": 54, "target": 60, "weight": 0.002674}, {"source": 54, "target": 144, "weight": 0.003155}, {"source": 54, "target": 126, "weight": 0.004367}, {"source": 55, "target": 131, "weight": 0.008403}, {"source": 55, "target": 146, "weight": 0.228571}, {"source": 55, "target": 155, "weight": 0.015625}, {"source": 56, "target": 80, "weight": 0.005587}, {"source": 56, "target": 148, "weight": 0.014151}, {"source": 56, "target": 131, "weight": 0.007692}, {"source": 56, "target": 132, "weight": 0.037736}, {"source": 56, "target": 95, "weight": 0.012987}, {"source": 56, "target": 109, "weight": 0.013158}, {"source": 56, "target": 141, "weight": 0.019608}, {"source": 56, "target": 102, "weight": 0.004065}, {"source": 56, "target": 59, "weight": 0.042553}, {"source": 56, "target": 100, "weight": 0.012048}, {"source": 56, "target": 78, "weight": 0.019231}, {"source": 57, "target": 138, "weight": 0.028986}, {"source": 58, "target": 123, "weight": 0.022727}, {"source": 58, "target": 119, "weight": 0.0125}, {"source": 58, "target": 139, "weight": 0.044118}, {"source": 58, "target": 62, "weight": 0.319149}, {"source": 59, "target": 106, "weight": 0.016393}, {"source": 59, "target": 130, "weight": 0.078947}, {"source": 59, "target": 100, "weight": 0.01087}, {"source": 59, "target": 141, "weight": 0.016667}, {"source": 60, "target": 114, "weight": 0.054348}, {"source": 60, "target": 84, "weight": 0.009259}, {"source": 60, "target": 82, "weight": 0.097938}, {"source": 60, "target": 67, "weight": 0.020408}, {"source": 60, "target": 70, "weight": 0.013986}, {"source": 60, "target": 153, "weight": 0.005208}, {"source": 60, "target": 87, "weight": 0.009259}, {"source": 60, "target": 121, "weight": 0.007519}, {"source": 60, "target": 154, "weight": 0.014599}, {"source": 60, "target": 104, "weight": 0.007353}, {"source": 60, "target": 146, "weight": 0.008547}, {"source": 61, "target": 102, "weight": 0.004202}, {"source": 62, "target": 148, "weight": 0.004762}, {"source": 62, "target": 84, "weight": 0.025}, {"source": 62, "target": 70, "weight": 0.026667}, {"source": 62, "target": 81, "weight": 0.045455}, {"source": 62, "target": 119, "weight": 0.02}, {"source": 62, "target": 139, "weight": 0.051282}, {"source": 62, "target": 123, "weight": 0.016949}, {"source": 63, "target": 80, "weight": 0.005319}, {"source": 63, "target": 94, "weight": 0.026316}, {"source": 63, "target": 85, "weight": 0.016393}, {"source": 64, "target": 80, "weight": 0.022599}, {"source": 64, "target": 145, "weight": 0.05}, {"source": 64, "target": 102, "weight": 0.004049}, {"source": 64, "target": 89, "weight": 0.142857}, {"source": 64, "target": 68, "weight": 0.016129}, {"source": 65, "target": 128, "weight": 0.00885}, {"source": 65, "target": 82, "weight": 0.016854}, {"source": 65, "target": 89, "weight": 0.016129}, {"source": 65, "target": 107, "weight": 0.01676}, {"source": 65, "target": 138, "weight": 0.141026}, {"source": 65, "target": 119, "weight": 0.011628}, {"source": 65, "target": 148, "weight": 0.004065}, {"source": 65, "target": 102, "weight": 0.003597}, {"source": 65, "target": 75, "weight": 0.046154}, {"source": 65, "target": 116, "weight": 0.037037}, {"source": 65, "target": 77, "weight": 0.014493}, {"source": 65, "target": 154, "weight": 0.019048}, {"source": 66, "target": 136, "weight": 0.023256}, {"source": 66, "target": 93, "weight": 0.016807}, {"source": 66, "target": 99, "weight": 0.027778}, {"source": 66, "target": 146, "weight": 0.018519}, {"source": 67, "target": 82, "weight": 0.013986}, {"source": 68, "target": 77, "weight": 0.034483}, {"source": 68, "target": 118, "weight": 0.008696}, {"source": 68, "target": 117, "weight": 0.005682}, {"source": 69, "target": 148, "weight": 0.015385}, {"source": 70, "target": 113, "weight": 0.032609}, {"source": 70, "target": 82, "weight": 0.010638}, {"source": 70, "target": 117, "weight": 0.005128}, {"source": 70, "target": 71, "weight": 0.012195}, {"source": 70, "target": 139, "weight": 0.011765}, {"source": 70, "target": 88, "weight": 0.012987}, {"source": 70, "target": 102, "weight": 0.003484}, {"source": 70, "target": 79, "weight": 0.014599}, {"source": 70, "target": 126, "weight": 0.004367}, {"source": 71, "target": 92, "weight": 0.014286}, {"source": 71, "target": 126, "weight": 0.005263}, {"source": 72, "target": 106, "weight": 0.018868}, {"source": 72, "target": 79, "weight": 0.013245}, {"source": 72, "target": 102, "weight": 0.003322}, {"source": 73, "target": 79, "weight": 0.034884}, {"source": 74, "target": 142, "weight": 0.01087}, {"source": 75, "target": 82, "weight": 0.021127}, {"source": 75, "target": 142, "weight": 0.022727}, {"source": 75, "target": 138, "weight": 0.019231}, {"source": 76, "target": 101, "weight": 0.002433}, {"source": 77, "target": 80, "weight": 0.00565}, {"source": 77, "target": 137, "weight": 0.022727}, {"source": 77, "target": 102, "weight": 0.00823}, {"source": 77, "target": 118, "weight": 0.010989}, {"source": 78, "target": 80, "weight": 0.015789}, {"source": 78, "target": 137, "weight": 0.052632}, {"source": 78, "target": 121, "weight": 0.012195}, {"source": 78, "target": 102, "weight": 0.011673}, {"source": 79, "target": 101, "weight": 0.019272}, {"source": 79, "target": 107, "weight": 0.004831}, {"source": 79, "target": 148, "weight": 0.003676}, {"source": 79, "target": 80, "weight": 0.004219}, {"source": 79, "target": 149, "weight": 0.018182}, {"source": 79, "target": 151, "weight": 0.024845}, {"source": 79, "target": 143, "weight": 0.010309}, {"source": 79, "target": 153, "weight": 0.021858}, {"source": 79, "target": 112, "weight": 0.079545}, {"source": 79, "target": 91, "weight": 0.006369}, {"source": 80, "target": 128, "weight": 0.004525}, {"source": 80, "target": 82, "weight": 0.006969}, {"source": 80, "target": 131, "weight": 0.022642}, {"source": 80, "target": 84, "weight": 0.005435}, {"source": 80, "target": 81, "weight": 0.016043}, {"source": 80, "target": 88, "weight": 0.005682}, {"source": 80, "target": 90, "weight": 0.005155}, {"source": 80, "target": 91, "weight": 0.004184}, {"source": 80, "target": 153, "weight": 0.003731}, {"source": 80, "target": 93, "weight": 0.011673}, {"source": 80, "target": 95, "weight": 0.004608}, {"source": 80, "target": 140, "weight": 0.005848}, {"source": 80, "target": 100, "weight": 0.009009}, {"source": 80, "target": 102, "weight": 0.054496}, {"source": 80, "target": 118, "weight": 0.004292}, {"source": 80, "target": 127, "weight": 0.005495}, {"source": 80, "target": 92, "weight": 0.009662}, {"source": 80, "target": 123, "weight": 0.004926}, {"source": 80, "target": 142, "weight": 0.021834}, {"source": 80, "target": 109, "weight": 0.00463}, {"source": 80, "target": 146, "weight": 0.005181}, {"source": 80, "target": 148, "weight": 0.017192}, {"source": 80, "target": 115, "weight": 0.004219}, {"source": 80, "target": 116, "weight": 0.005236}, {"source": 80, "target": 117, "weight": 0.003401}, {"source": 80, "target": 121, "weight": 0.019417}, {"source": 80, "target": 124, "weight": 0.009009}, {"source": 80, "target": 126, "weight": 0.012308}, {"source": 81, "target": 113, "weight": 0.032258}, {"source": 81, "target": 109, "weight": 0.011628}, {"source": 81, "target": 88, "weight": 0.021739}, {"source": 81, "target": 119, "weight": 0.015625}, {"source": 81, "target": 139, "weight": 0.195652}, {"source": 81, "target": 100, "weight": 0.010753}, {"source": 81, "target": 102, "weight": 0.040486}, {"source": 81, "target": 123, "weight": 0.088235}, {"source": 81, "target": 126, "weight": 0.010152}, {"source": 82, "target": 130, "weight": 0.014388}, {"source": 82, "target": 84, "weight": 0.006536}, {"source": 82, "target": 87, "weight": 0.006536}, {"source": 82, "target": 89, "weight": 0.007194}, {"source": 82, "target": 135, "weight": 0.007463}, {"source": 82, "target": 138, "weight": 0.012195}, {"source": 82, "target": 96, "weight": 0.005917}, {"source": 82, "target": 104, "weight": 0.005525}, {"source": 82, "target": 147, "weight": 0.021739}, {"source": 82, "target": 142, "weight": 0.030457}, {"source": 82, "target": 117, "weight": 0.011494}, {"source": 82, "target": 114, "weight": 0.036496}, {"source": 82, "target": 148, "weight": 0.003096}, {"source": 82, "target": 115, "weight": 0.004854}, {"source": 82, "target": 116, "weight": 0.00625}, {"source": 82, "target": 149, "weight": 0.006173}, {"source": 82, "target": 154, "weight": 0.194805}, {"source": 84, "target": 109, "weight": 0.037975}, {"source": 84, "target": 139, "weight": 0.020408}, {"source": 84, "target": 100, "weight": 0.022989}, {"source": 84, "target": 119, "weight": 0.016949}, {"source": 84, "target": 123, "weight": 0.352941}, {"source": 85, "target": 117, "weight": 0.005988}, {"source": 85, "target": 132, "weight": 0.014925}, {"source": 85, "target": 152, "weight": 0.023256}, {"source": 85, "target": 125, "weight": 0.017391}, {"source": 85, "target": 153, "weight": 0.007092}, {"source": 85, "target": 101, "weight": 0.004662}, {"source": 85, "target": 149, "weight": 0.015152}, {"source": 86, "target": 113, "weight": 0.075758}, {"source": 86, "target": 94, "weight": 0.011765}, {"source": 86, "target": 95, "weight": 0.021505}, {"source": 86, "target": 120, "weight": 0.019231}, {"source": 86, "target": 102, "weight": 0.011494}, {"source": 86, "target": 144, "weight": 0.015873}, {"source": 87, "target": 104, "weight": 0.2}, {"source": 87, "target": 150, "weight": 0.015385}, {"source": 88, "target": 113, "weight": 0.02}, {"source": 88, "target": 95, "weight": 0.056338}, {"source": 88, "target": 121, "weight": 0.015152}, {"source": 88, "target": 101, "weight": 0.004843}, {"source": 88, "target": 126, "weight": 0.016393}, {"source": 88, "target": 92, "weight": 0.015385}, {"source": 90, "target": 129, "weight": 0.021739}, {"source": 90, "target": 93, "weight": 0.007463}, {"source": 90, "target": 137, "weight": 0.033333}, {"source": 90, "target": 142, "weight": 0.009259}, {"source": 90, "target": 121, "weight": 0.011905}, {"source": 90, "target": 102, "weight": 0.007692}, {"source": 90, "target": 118, "weight": 0.009259}, {"source": 90, "target": 154, "weight": 0.011236}, {"source": 91, "target": 136, "weight": 0.019802}, {"source": 91, "target": 149, "weight": 0.017857}, {"source": 91, "target": 118, "weight": 0.006536}, {"source": 91, "target": 120, "weight": 0.013605}, {"source": 91, "target": 153, "weight": 0.010695}, {"source": 91, "target": 102, "weight": 0.003268}, {"source": 92, "target": 113, "weight": 0.012195}, {"source": 92, "target": 93, "weight": 0.006757}, {"source": 92, "target": 117, "weight": 0.010989}, {"source": 92, "target": 142, "weight": 0.008197}, {"source": 92, "target": 141, "weight": 0.0125}, {"source": 92, "target": 102, "weight": 0.014706}, {"source": 92, "target": 145, "weight": 0.014493}, {"source": 92, "target": 126, "weight": 0.004608}, {"source": 93, "target": 131, "weight": 0.009569}, {"source": 93, "target": 95, "weight": 0.006369}, {"source": 93, "target": 139, "weight": 0.008065}, {"source": 93, "target": 100, "weight": 0.006135}, {"source": 93, "target": 101, "weight": 0.004032}, {"source": 93, "target": 102, "weight": 0.006154}, {"source": 93, "target": 118, "weight": 0.00578}, {"source": 93, "target": 106, "weight": 0.007576}, {"source": 93, "target": 107, "weight": 0.004367}, {"source": 93, "target": 109, "weight": 0.00641}, {"source": 93, "target": 148, "weight": 0.003401}, {"source": 93, "target": 115, "weight": 0.00565}, {"source": 93, "target": 117, "weight": 0.008584}, {"source": 93, "target": 152, "weight": 0.006494}, {"source": 93, "target": 155, "weight": 0.006452}, {"source": 93, "target": 124, "weight": 0.006135}, {"source": 94, "target": 106, "weight": 0.012346}, {"source": 94, "target": 133, "weight": 0.012658}, {"source": 94, "target": 152, "weight": 0.009709}, {"source": 94, "target": 101, "weight": 0.002242}, {"source": 94, "target": 144, "weight": 0.407407}, {"source": 94, "target": 125, "weight": 0.007576}, {"source": 94, "target": 118, "weight": 0.008197}, {"source": 95, "target": 131, "weight": 0.018072}, {"source": 95, "target": 137, "weight": 0.011905}, {"source": 95, "target": 98, "weight": 0.118182}, {"source": 95, "target": 101, "weight": 0.004405}, {"source": 95, "target": 102, "weight": 0.02518}, {"source": 95, "target": 127, "weight": 0.0125}, {"source": 95, "target": 148, "weight": 0.007968}, {"source": 95, "target": 115, "weight": 0.007407}, {"source": 95, "target": 117, "weight": 0.005208}, {"source": 95, "target": 156, "weight": 0.013514}, {"source": 95, "target": 126, "weight": 0.004425}, {"source": 96, "target": 101, "weight": 0.002283}, {"source": 96, "target": 147, "weight": 0.039216}, {"source": 96, "target": 130, "weight": 0.019231}, {"source": 96, "target": 128, "weight": 0.009804}, {"source": 96, "target": 119, "weight": 0.013333}, {"source": 96, "target": 97, "weight": 0.015625}, {"source": 96, "target": 125, "weight": 0.008065}, {"source": 96, "target": 153, "weight": 0.013514}, {"source": 96, "target": 154, "weight": 0.010526}, {"source": 96, "target": 152, "weight": 0.010526}, {"source": 96, "target": 103, "weight": 0.016393}, {"source": 96, "target": 105, "weight": 0.015385}, {"source": 97, "target": 139, "weight": 0.042553}, {"source": 97, "target": 119, "weight": 0.113208}, {"source": 97, "target": 118, "weight": 0.010309}, {"source": 98, "target": 102, "weight": 0.006897}, {"source": 99, "target": 102, "weight": 0.004132}, {"source": 100, "target": 128, "weight": 0.008}, {"source": 100, "target": 131, "weight": 0.011561}, {"source": 100, "target": 139, "weight": 0.022989}, {"source": 100, "target": 141, "weight": 0.032258}, {"source": 100, "target": 101, "weight": 0.004348}, {"source": 100, "target": 102, "weight": 0.00692}, {"source": 100, "target": 118, "weight": 0.007299}, {"source": 100, "target": 106, "weight": 0.010417}, {"source": 100, "target": 107, "weight": 0.026455}, {"source": 100, "target": 109, "weight": 0.008333}, {"source": 100, "target": 148, "weight": 0.036}, {"source": 100, "target": 117, "weight": 0.005051}, {"source": 100, "target": 121, "weight": 0.017857}, {"source": 100, "target": 123, "weight": 0.028571}, {"source": 100, "target": 124, "weight": 0.007874}, {"source": 100, "target": 126, "weight": 0.017467}, {"source": 101, "target": 128, "weight": 0.004367}, {"source": 101, "target": 132, "weight": 0.002315}, {"source": 101, "target": 102, "weight": 0.006441}, {"source": 101, "target": 118, "weight": 0.002123}, {"source": 101, "target": 105, "weight": 0.004751}, {"source": 101, "target": 106, "weight": 0.05379}, {"source": 101, "target": 109, "weight": 0.004415}, {"source": 101, "target": 147, "weight": 0.004902}, {"source": 101, "target": 116, "weight": 0.004673}, {"source": 101, "target": 117, "weight": 0.003766}, {"source": 101, "target": 119, "weight": 0.00464}, {"source": 101, "target": 121, "weight": 0.004484}, {"source": 101, "target": 126, "weight": 0.00354}, {"source": 102, "target": 131, "weight": 0.015015}, {"source": 102, "target": 137, "weight": 0.024194}, {"source": 102, "target": 140, "weight": 0.004202}, {"source": 102, "target": 122, "weight": 0.003984}, {"source": 102, "target": 141, "weight": 0.007782}, {"source": 102, "target": 106, "weight": 0.003861}, {"source": 102, "target": 107, "weight": 0.011331}, {"source": 102, "target": 142, "weight": 0.003333}, {"source": 102, "target": 143, "weight": 0.008163}, {"source": 102, "target": 109, "weight": 0.010676}, {"source": 102, "target": 125, "weight": 0.003226}, {"source": 102, "target": 146, "weight": 0.003846}, {"source": 102, "target": 148, "weight": 0.009569}, {"source": 102, "target": 115, "weight": 0.003289}, {"source": 102, "target": 117, "weight": 0.019718}, {"source": 102, "target": 121, "weight": 0.007273}, {"source": 102, "target": 155, "weight": 0.003546}, {"source": 102, "target": 113, "weight": 0.003846}, {"source": 102, "target": 153, "weight": 0.002985}, {"source": 102, "target": 123, "weight": 0.003704}, {"source": 102, "target": 151, "weight": 0.003195}, {"source": 102, "target": 126, "weight": 0.023256}, {"source": 103, "target": 147, "weight": 0.03125}, {"source": 103, "target": 120, "weight": 0.022727}, {"source": 103, "target": 153, "weight": 0.015625}, {"source": 103, "target": 118, "weight": 0.010638}, {"source": 103, "target": 105, "weight": 0.769231}, {"source": 104, "target": 117, "weight": 0.005348}, {"source": 105, "target": 147, "weight": 0.027778}, {"source": 105, "target": 120, "weight": 0.021739}, {"source": 105, "target": 153, "weight": 0.015152}, {"source": 105, "target": 118, "weight": 0.010204}, {"source": 105, "target": 125, "weight": 0.224719}, {"source": 106, "target": 107, "weight": 0.012422}, {"source": 106, "target": 148, "weight": 0.045872}, {"source": 106, "target": 115, "weight": 0.009091}, {"source": 106, "target": 111, "weight": 0.05}, {"source": 107, "target": 116, "weight": 0.0125}, {"source": 107, "target": 138, "weight": 0.050314}, {"source": 107, "target": 118, "weight": 0.004926}, {"source": 107, "target": 141, "weight": 0.006211}, {"source": 107, "target": 126, "weight": 0.010135}, {"source": 108, "target": 139, "weight": 0.018868}, {"source": 108, "target": 121, "weight": 0.039474}, {"source": 108, "target": 153, "weight": 0.007299}, {"source": 109, "target": 131, "weight": 0.05}, {"source": 109, "target": 132, "weight": 0.022222}, {"source": 109, "target": 139, "weight": 0.012346}, {"source": 109, "target": 148, "weight": 0.003984}, {"source": 109, "target": 113, "weight": 0.011111}, {"source": 109, "target": 118, "weight": 0.007692}, {"source": 109, "target": 119, "weight": 0.022222}, {"source": 109, "target": 121, "weight": 0.009434}, {"source": 109, "target": 123, "weight": 0.052083}, {"source": 109, "target": 126, "weight": 0.008929}, {"source": 110, "target": 122, "weight": 0.023256}, {"source": 113, "target": 131, "weight": 0.006944}, {"source": 113, "target": 133, "weight": 0.015625}, {"source": 113, "target": 120, "weight": 0.05102}, {"source": 115, "target": 130, "weight": 0.011236}, {"source": 115, "target": 141, "weight": 0.009174}, {"source": 115, "target": 123, "weight": 0.008264}, {"source": 115, "target": 118, "weight": 0.006623}, {"source": 115, "target": 146, "weight": 0.009009}, {"source": 115, "target": 126, "weight": 0.102679}, {"source": 115, "target": 117, "weight": 0.028986}, {"source": 116, "target": 138, "weight": 0.029851}, {"source": 116, "target": 154, "weight": 0.011628}, {"source": 117, "target": 130, "weight": 0.006849}, {"source": 117, "target": 132, "weight": 0.005917}, {"source": 117, "target": 141, "weight": 0.006024}, {"source": 117, "target": 142, "weight": 0.004808}, {"source": 117, "target": 148, "weight": 0.01227}, {"source": 117, "target": 150, "weight": 0.005714}, {"source": 117, "target": 119, "weight": 0.005917}, {"source": 117, "target": 154, "weight": 0.005291}, {"source": 117, "target": 123, "weight": 0.005618}, {"source": 117, "target": 145, "weight": 0.006452}, {"source": 117, "target": 126, "weight": 0.009967}, {"source": 118, "target": 129, "weight": 0.011765}, {"source": 118, "target": 131, "weight": 0.005435}, {"source": 118, "target": 132, "weight": 0.018692}, {"source": 118, "target": 139, "weight": 0.020619}, {"source": 118, "target": 148, "weight": 0.003731}, {"source": 118, "target": 121, "weight": 0.00813}, {"source": 118, "target": 144, "weight": 0.01}, {"source": 118, "target": 125, "weight": 0.006369}, {"source": 119, "target": 128, "weight": 0.021053}, {"source": 119, "target": 139, "weight": 0.016949}, {"source": 119, "target": 123, "weight": 0.025974}, {"source": 120, "target": 136, "weight": 0.022222}, {"source": 120, "target": 133, "weight": 0.06383}, {"source": 120, "target": 125, "weight": 0.013245}, {"source": 120, "target": 123, "weight": 0.008929}, {"source": 121, "target": 132, "weight": 0.036585}, {"source": 121, "target": 148, "weight": 0.004098}, {"source": 121, "target": 124, "weight": 0.00885}, {"source": 121, "target": 126, "weight": 0.009217}, {"source": 122, "target": 126, "weight": 0.026455}, {"source": 123, "target": 131, "weight": 0.006494}, {"source": 123, "target": 139, "weight": 0.095238}, {"source": 123, "target": 148, "weight": 0.004202}, {"source": 124, "target": 130, "weight": 0.013333}, {"source": 124, "target": 132, "weight": 0.010204}, {"source": 124, "target": 126, "weight": 0.008658}, {"source": 125, "target": 147, "weight": 0.010526}, {"source": 125, "target": 153, "weight": 0.037634}, {"source": 126, "target": 131, "weight": 0.014493}, {"source": 126, "target": 132, "weight": 0.004926}, {"source": 126, "target": 148, "weight": 0.01676}, {"source": 128, "target": 148, "weight": 0.007843}, {"source": 128, "target": 134, "weight": 0.016129}, {"source": 130, "target": 147, "weight": 0.043478}, {"source": 130, "target": 154, "weight": 0.015152}, {"source": 131, "target": 139, "weight": 0.007407}, {"source": 131, "target": 146, "weight": 0.006944}, {"source": 132, "target": 148, "weight": 0.004367}, {"source": 133, "target": 136, "weight": 0.038462}, {"source": 137, "target": 142, "weight": 0.01}, {"source": 138, "target": 154, "weight": 0.022222}, {"source": 139, "target": 148, "weight": 0.009174}, {"source": 140, "target": 153, "weight": 0.025424}, {"source": 141, "target": 148, "weight": 0.008889}, {"source": 141, "target": 145, "weight": 0.019231}, {"source": 142, "target": 152, "weight": 0.007813}, {"source": 142, "target": 153, "weight": 0.01105}, {"source": 142, "target": 154, "weight": 0.040323}, {"source": 145, "target": 148, "weight": 0.009346}, {"source": 146, "target": 148, "weight": 0.004386}, {"source": 146, "target": 155, "weight": 0.011236}, {"source": 147, "target": 154, "weight": 0.046875}, {"source": 148, "target": 153, "weight": 0.0033}, {"source": 152, "target": 157, "weight": 0.015625}, {"source": 155, "target": 157, "weight": 0.015385}], "multigraph": false}