{"directed": false, "graph": {}, "nodes": [{"group": 0, "id": "lulling"}, {"group": 1, "id": "lummox", "degree": 4}, {"group": 2, "id": "lullaby", "degree": 0}, {"group": 3, "id": "lubricious"}, {"group": 4, "id": "ludicrous"}, {"group": 4, "id": "lush"}, {"group": 5, "id": "lurch", "degree": 15}, {"group": 0, "id": "lust", "degree": 5}, {"group": 6, "id": "lugubrious", "degree": 0}, {"group": 7, "id": "lung", "degree": 0}, {"group": 0, "id": "lull", "degree": 8}, {"group": 8, "id": "lurking", "degree": 1}, {"group": 8, "id": "lumpen"}, {"group": 9, "id": "luminous"}, {"group": 1, "id": "lunkhead", "degree": 3}, {"group": 8, "id": "lumpy", "degree": 6}, {"group": 11, "id": "luncheon"}, {"group": 3, "id": "lukewarm"}, {"group": 0, "id": "lubricate"}, {"group": 10, "id": "luminary", "degree": 6}, {"group": 8, "id": "lumpish", "degree": 15}, {"group": 4, "id": "luscious"}, {"group": 0, "id": "luxury"}, {"group": 10, "id": "lumen"}, {"group": 1, "id": "lug", "degree": 11}, {"group": 10, "id": "lumbago", "degree": 2}, {"group": 9, "id": "lucid"}, {"group": 3, "id": "lurid", "degree": 13}, {"group": 4, "id": "lusty"}, {"group": 5, "id": "lure", "degree": 2}, {"group": 11, "id": "lunchroom", "degree": 2}, {"group": 8, "id": "lunatic", "degree": 4}, {"group": 0, "id": "lucre", "degree": 12}, {"group": 3, "id": "lustily", "degree": 1}, {"group": 8, "id": "lumbering"}, {"group": 5, "id": "lurk"}, {"group": 9, "id": "lucky", "degree": 6}, {"group": 1, "id": "lump"}, {"group": 4, "id": "luxurious", "degree": 21}, {"group": 5, "id": "lunge", "degree": 9}, {"group": 11, "id": "lunch"}, {"group": 4, "id": "lucrative"}, {"group": 9, "id": "lustrous"}, {"group": 1, "id": "lubber", "degree": 3}, {"group": 0, "id": "lucidity"}, {"group": 3, "id": "lustful", "degree": 5}, {"group": 5, "id": "lumberyard", "degree": 0}, {"group": 4, "id": "luxuriant", "degree": 11}, {"group": 3, "id": "lusterless", "degree": 4}, {"group": 12, "id": "luminescence", "degree": 0}, {"group": 1, "id": "luggage"}, {"group": 5, "id": "luxuriate"}, {"group": 0, "id": "lupine"}, {"group": 10, "id": "lux", "degree": 5}, {"group": 5, "id": "lumber", "degree": 14}, {"group": 0, "id": "lucubration"}, {"group": 8, "id": "lurching"}, {"group": 0, "id": "luster", "degree": 10}, {"group": 9, "id": "lucent", "degree": 4}, {"group": 10, "id": "luck"}], "links": [{"source": 0, "target": 10, "weight": 0.021127}, {"source": 0, "target": 38, "weight": 0.006369}, {"source": 1, "target": 20, "weight": 0.029412}, {"source": 1, "target": 37, "weight": 0.082969}, {"source": 1, "target": 6, "weight": 0.006329}, {"source": 1, "target": 54, "weight": 0.005319}, {"source": 1, "target": 18, "weight": 0.014706}, {"source": 1, "target": 43, "weight": 0.32}, {"source": 1, "target": 24, "weight": 0.098592}, {"source": 1, "target": 12, "weight": 0.025641}, {"source": 1, "target": 14, "weight": 0.02381}, {"source": 3, "target": 27, "weight": 0.035714}, {"source": 3, "target": 45, "weight": 0.42}, {"source": 3, "target": 57, "weight": 0.009524}, {"source": 3, "target": 38, "weight": 0.006536}, {"source": 4, "target": 47, "weight": 0.014706}, {"source": 4, "target": 27, "weight": 0.014634}, {"source": 4, "target": 31, "weight": 0.010309}, {"source": 4, "target": 38, "weight": 0.012739}, {"source": 5, "target": 32, "weight": 0.006944}, {"source": 5, "target": 36, "weight": 0.008}, {"source": 5, "target": 20, "weight": 0.019231}, {"source": 5, "target": 7, "weight": 0.006579}, {"source": 5, "target": 45, "weight": 0.007463}, {"source": 5, "target": 38, "weight": 0.09}, {"source": 5, "target": 47, "weight": 0.387324}, {"source": 6, "target": 29, "weight": 0.013274}, {"source": 6, "target": 51, "weight": 0.012579}, {"source": 6, "target": 26, "weight": 0.004831}, {"source": 6, "target": 35, "weight": 0.013158}, {"source": 6, "target": 37, "weight": 0.017094}, {"source": 6, "target": 46, "weight": 0.005618}, {"source": 6, "target": 39, "weight": 0.422535}, {"source": 6, "target": 56, "weight": 0.005556}, {"source": 6, "target": 54, "weight": 0.273504}, {"source": 6, "target": 18, "weight": 0.00565}, {"source": 6, "target": 43, "weight": 0.011561}, {"source": 6, "target": 24, "weight": 0.027473}, {"source": 6, "target": 10, "weight": 0.008333}, {"source": 6, "target": 59, "weight": 0.011834}, {"source": 7, "target": 52, "weight": 0.014706}, {"source": 7, "target": 38, "weight": 0.005682}, {"source": 7, "target": 22, "weight": 0.00813}, {"source": 7, "target": 44, "weight": 0.009901}, {"source": 7, "target": 47, "weight": 0.006452}, {"source": 10, "target": 48, "weight": 0.013333}, {"source": 10, "target": 17, "weight": 0.007463}, {"source": 10, "target": 18, "weight": 0.027027}, {"source": 10, "target": 34, "weight": 0.004975}, {"source": 10, "target": 37, "weight": 0.00303}, {"source": 10, "target": 20, "weight": 0.013636}, {"source": 10, "target": 39, "weight": 0.005714}, {"source": 10, "target": 54, "weight": 0.00369}, {"source": 10, "target": 22, "weight": 0.005714}, {"source": 10, "target": 44, "weight": 0.006536}, {"source": 10, "target": 59, "weight": 0.013986}, {"source": 10, "target": 27, "weight": 0.007246}, {"source": 11, "target": 20, "weight": 0.00641}, {"source": 12, "target": 15, "weight": 0.006135}, {"source": 12, "target": 31, "weight": 0.005155}, {"source": 12, "target": 32, "weight": 0.005495}, {"source": 12, "target": 20, "weight": 0.072961}, {"source": 12, "target": 48, "weight": 0.005618}, {"source": 12, "target": 54, "weight": 0.003356}, {"source": 12, "target": 43, "weight": 0.023256}, {"source": 12, "target": 45, "weight": 0.005814}, {"source": 12, "target": 47, "weight": 0.008584}, {"source": 12, "target": 27, "weight": 0.020067}, {"source": 13, "target": 58, "weight": 0.115385}, {"source": 13, "target": 15, "weight": 0.007634}, {"source": 13, "target": 19, "weight": 0.013793}, {"source": 13, "target": 36, "weight": 0.015385}, {"source": 13, "target": 38, "weight": 0.009009}, {"source": 13, "target": 27, "weight": 0.003676}, {"source": 14, "target": 43, "weight": 0.053571}, {"source": 14, "target": 37, "weight": 0.004167}, {"source": 15, "target": 28, "weight": 0.00813}, {"source": 15, "target": 34, "weight": 0.098214}, {"source": 15, "target": 20, "weight": 0.142857}, {"source": 15, "target": 37, "weight": 0.008}, {"source": 15, "target": 56, "weight": 0.013333}, {"source": 16, "target": 30, "weight": 0.034483}, {"source": 17, "target": 48, "weight": 0.014286}, {"source": 17, "target": 27, "weight": 0.010256}, {"source": 17, "target": 20, "weight": 0.007092}, {"source": 17, "target": 38, "weight": 0.006803}, {"source": 18, "target": 29, "weight": 0.007246}, {"source": 18, "target": 31, "weight": 0.009709}, {"source": 18, "target": 39, "weight": 0.009009}, {"source": 18, "target": 54, "weight": 0.004831}, {"source": 18, "target": 24, "weight": 0.010417}, {"source": 18, "target": 57, "weight": 0.017391}, {"source": 19, "target": 29, "weight": 0.014599}, {"source": 19, "target": 53, "weight": 0.040816}, {"source": 19, "target": 26, "weight": 0.008547}, {"source": 19, "target": 42, "weight": 0.012987}, {"source": 19, "target": 23, "weight": 0.040816}, {"source": 19, "target": 57, "weight": 0.026316}, {"source": 19, "target": 59, "weight": 0.0125}, {"source": 20, "target": 28, "weight": 0.009615}, {"source": 20, "target": 32, "weight": 0.006173}, {"source": 20, "target": 34, "weight": 0.215116}, {"source": 20, "target": 37, "weight": 0.015015}, {"source": 20, "target": 38, "weight": 0.008547}, {"source": 20, "target": 48, "weight": 0.032468}, {"source": 20, "target": 41, "weight": 0.007692}, {"source": 20, "target": 22, "weight": 0.005495}, {"source": 20, "target": 43, "weight": 0.026316}, {"source": 20, "target": 47, "weight": 0.02381}, {"source": 20, "target": 27, "weight": 0.014235}, {"source": 21, "target": 45, "weight": 0.012048}, {"source": 21, "target": 27, "weight": 0.004651}, {"source": 21, "target": 47, "weight": 0.081481}, {"source": 21, "target": 36, "weight": 0.013514}, {"source": 21, "target": 38, "weight": 0.10596}, {"source": 22, "target": 29, "weight": 0.012422}, {"source": 22, "target": 32, "weight": 0.026549}, {"source": 22, "target": 38, "weight": 0.005319}, {"source": 22, "target": 47, "weight": 0.005988}, {"source": 22, "target": 57, "weight": 0.036765}, {"source": 23, "target": 53, "weight": 0.75}, {"source": 23, "target": 25, "weight": 0.013158}, {"source": 24, "target": 28, "weight": 0.006803}, {"source": 24, "target": 29, "weight": 0.049645}, {"source": 24, "target": 32, "weight": 0.01}, {"source": 24, "target": 50, "weight": 0.029851}, {"source": 24, "target": 35, "weight": 0.013889}, {"source": 24, "target": 37, "weight": 0.041509}, {"source": 24, "target": 39, "weight": 0.016807}, {"source": 24, "target": 54, "weight": 0.018779}, {"source": 24, "target": 43, "weight": 0.08046}, {"source": 24, "target": 55, "weight": 0.007634}, {"source": 25, "target": 53, "weight": 0.013158}, {"source": 25, "target": 45, "weight": 0.009346}, {"source": 25, "target": 37, "weight": 0.013841}, {"source": 26, "target": 58, "weight": 0.101266}, {"source": 26, "target": 53, "weight": 0.0125}, {"source": 26, "target": 36, "weight": 0.009804}, {"source": 26, "target": 38, "weight": 0.010363}, {"source": 26, "target": 47, "weight": 0.00578}, {"source": 27, "target": 33, "weight": 0.005435}, {"source": 27, "target": 34, "weight": 0.011494}, {"source": 27, "target": 37, "weight": 0.002551}, {"source": 27, "target": 38, "weight": 0.035587}, {"source": 27, "target": 48, "weight": 0.20904}, {"source": 27, "target": 42, "weight": 0.004926}, {"source": 27, "target": 47, "weight": 0.018868}, {"source": 27, "target": 45, "weight": 0.029703}, {"source": 28, "target": 32, "weight": 0.007042}, {"source": 28, "target": 38, "weight": 0.014085}, {"source": 28, "target": 47, "weight": 0.020942}, {"source": 28, "target": 57, "weight": 0.005988}, {"source": 29, "target": 32, "weight": 0.028777}, {"source": 29, "target": 39, "weight": 0.012422}, {"source": 29, "target": 54, "weight": 0.044355}, {"source": 30, "target": 40, "weight": 0.03125}, {"source": 31, "target": 56, "weight": 0.019048}, {"source": 31, "target": 43, "weight": 0.01}, {"source": 32, "target": 46, "weight": 0.01087}, {"source": 32, "target": 54, "weight": 0.004739}, {"source": 32, "target": 55, "weight": 0.007937}, {"source": 32, "target": 47, "weight": 0.006803}, {"source": 32, "target": 59, "weight": 0.011905}, {"source": 34, "target": 38, "weight": 0.014151}, {"source": 34, "target": 48, "weight": 0.007299}, {"source": 34, "target": 47, "weight": 0.010417}, {"source": 35, "target": 39, "weight": 0.023256}, {"source": 35, "target": 54, "weight": 0.016575}, {"source": 36, "target": 58, "weight": 0.02439}, {"source": 36, "target": 38, "weight": 0.013514}, {"source": 36, "target": 42, "weight": 0.016129}, {"source": 36, "target": 59, "weight": 0.015385}, {"source": 37, "target": 47, "weight": 0.006231}, {"source": 37, "target": 39, "weight": 0.021053}, {"source": 37, "target": 54, "weight": 0.021108}, {"source": 37, "target": 43, "weight": 0.047619}, {"source": 37, "target": 38, "weight": 0.002915}, {"source": 38, "target": 47, "weight": 0.181818}, {"source": 38, "target": 41, "weight": 0.007353}, {"source": 38, "target": 42, "weight": 0.013072}, {"source": 38, "target": 45, "weight": 0.006329}, {"source": 38, "target": 57, "weight": 0.005181}, {"source": 39, "target": 51, "weight": 0.010638}, {"source": 39, "target": 46, "weight": 0.008929}, {"source": 39, "target": 54, "weight": 0.34104}, {"source": 39, "target": 43, "weight": 0.009259}, {"source": 39, "target": 59, "weight": 0.009615}, {"source": 40, "target": 54, "weight": 0.005587}, {"source": 41, "target": 47, "weight": 0.017544}, {"source": 42, "target": 58, "weight": 0.175}, {"source": 43, "target": 54, "weight": 0.004902}, {"source": 44, "target": 57, "weight": 0.017094}, {"source": 46, "target": 54, "weight": 0.004808}, {"source": 47, "target": 51, "weight": 0.007937}, {"source": 47, "target": 57, "weight": 0.005814}, {"source": 48, "target": 57, "weight": 0.008621}, {"source": 50, "target": 54, "weight": 0.028571}, {"source": 51, "target": 54, "weight": 0.005263}, {"source": 51, "target": 57, "weight": 0.010101}, {"source": 53, "target": 59, "weight": 0.023256}, {"source": 54, "target": 59, "weight": 0.005}, {"source": 54, "target": 57, "weight": 0.004237}], "multigraph": false}