{"directed": false, "graph": {}, "nodes": [{"group": 0, "id": "memorandum", "degree": 11}, {"group": 1, "id": "merit", "degree": 22}, {"group": 6, "id": "mediatory"}, {"group": 2, "id": "messy"}, {"group": 2, "id": "meditation", "degree": 19}, {"group": 3, "id": "merger"}, {"group": 4, "id": "menu", "degree": 11}, {"group": 2, "id": "metamorphic"}, {"group": 2, "id": "methodically"}, {"group": 2, "id": "mental", "degree": 14}, {"group": 1, "id": "mend"}, {"group": 4, "id": "meridian", "degree": 22}, {"group": 3, "id": "merged", "degree": 16}, {"group": 2, "id": "meant"}, {"group": 1, "id": "mercifulness"}, {"group": 11, "id": "menorah", "degree": 4}, {"group": 3, "id": "meteor"}, {"group": 4, "id": "means", "degree": 33}, {"group": 2, "id": "metronomic", "degree": 6}, {"group": 3, "id": "medicine"}, {"group": 4, "id": "memorialize", "degree": 13}, {"group": 4, "id": "meter"}, {"group": 5, "id": "meathooks", "degree": 0}, {"group": 4, "id": "merchandise"}, {"group": 3, "id": "meat", "degree": 42}, {"group": 2, "id": "melting"}, {"group": 6, "id": "measly"}, {"group": 2, "id": "mercurial"}, {"group": 6, "id": "median"}, {"group": 6, "id": "medial", "degree": 15}, {"group": 3, "id": "merge", "degree": 30}, {"group": 7, "id": "meringue"}, {"group": 6, "id": "mealymouth", "degree": 9}, {"group": 6, "id": "mediocrity"}, {"group": 3, "id": "meal", "degree": 15}, {"group": 6, "id": "mean"}, {"group": 1, "id": "mending", "degree": 11}, {"group": 2, "id": "meteoric"}, {"group": 4, "id": "menagerie"}, {"group": 3, "id": "meanie"}, {"group": 3, "id": "meadow", "degree": 14}, {"group": 2, "id": "methodical"}, {"group": 3, "id": "mendicancy"}, {"group": 4, "id": "mensuration"}, {"group": 3, "id": "melee"}, {"group": 4, "id": "metropolis", "degree": 6}, {"group": 4, "id": "measurement", "degree": 21}, {"group": 0, "id": "melody"}, {"group": 1, "id": "meekly", "degree": 0}, {"group": 3, "id": "meticulousness"}, {"group": 3, "id": "melt", "degree": 26}, {"group": 8, "id": "messenger", "degree": 7}, {"group": 2, "id": "meditative", "degree": 13}, {"group": 3, "id": "membrane"}, {"group": 3, "id": "melange", "degree": 18}, {"group": 4, "id": "method"}, {"group": 3, "id": "meld"}, {"group": 4, "id": "measuring"}, {"group": 6, "id": "mezzo", "degree": 14}, {"group": 2, "id": "melancholy"}, {"group": 6, "id": "meretricious"}, {"group": 3, "id": "mews", "degree": 9}, {"group": 4, "id": "merchandising", "degree": 11}, {"group": 2, "id": "meandering", "degree": 19}, {"group": 4, "id": "menage", "degree": 4}, {"group": 4, "id": "men", "degree": 10}, {"group": 2, "id": "mettlesome", "degree": 12}, {"group": 6, "id": "mendacious"}, {"group": 3, "id": "meniscus", "degree": 3}, {"group": 3, "id": "mew"}, {"group": 7, "id": "merry", "degree": 15}, {"group": 9, "id": "medicinal", "degree": 0}, {"group": 2, "id": "menacing"}, {"group": 3, "id": "memorable", "degree": 6}, {"group": 6, "id": "mewl"}, {"group": 10, "id": "meaningful", "degree": 4}, {"group": 0, "id": "memento"}, {"group": 2, "id": "melancholic"}, {"group": 7, "id": "merriment", "degree": 3}, {"group": 8, "id": "medico", "degree": 4}, {"group": 3, "id": "metro", "degree": 15}, {"group": 2, "id": "mesmerized"}, {"group": 6, "id": "meow"}, {"group": 3, "id": "membership"}, {"group": 3, "id": "merited"}, {"group": 6, "id": "meanly"}, {"group": 3, "id": "merging"}, {"group": 7, "id": "mesmeric"}, {"group": 8, "id": "mentor", "degree": 7}, {"group": 2, "id": "methodized", "degree": 8}, {"group": 0, "id": "mendacity"}, {"group": 3, "id": "methane", "degree": 1}, {"group": 6, "id": "menial", "degree": 15}, {"group": 8, "id": "meddle"}, {"group": 7, "id": "meshed", "degree": 1}, {"group": 2, "id": "melodramatics"}, {"group": 11, "id": "medallion"}, {"group": 7, "id": "melodious", "degree": 8}, {"group": 6, "id": "mediator", "degree": 20}, {"group": 1, "id": "merely", "degree": 7}, {"group": 6, "id": "melodeon"}, {"group": 0, "id": "memo", "degree": 12}, {"group": 4, "id": "meaningfulness", "degree": 4}, {"group": 3, "id": "meshes"}, {"group": 4, "id": "message", "degree": 31}, {"group": 6, "id": "meson", "degree": 3}, {"group": 2, "id": "mere"}, {"group": 10, "id": "meaty", "degree": 12}, {"group": 8, "id": "mercury"}, {"group": 4, "id": "metaphor", "degree": 22}, {"group": 11, "id": "medal", "degree": 25}, {"group": 6, "id": "mediate"}, {"group": 7, "id": "memory"}, {"group": 11, "id": "mestizo", "degree": 5}, {"group": 3, "id": "meeting"}, {"group": 1, "id": "meliorate"}, {"group": 2, "id": "merciless"}, {"group": 7, "id": "melodic", "degree": 8}, {"group": 4, "id": "meetinghouse", "degree": 1}, {"group": 6, "id": "medium", "degree": 60}, {"group": 12, "id": "meningitis", "degree": 1}, {"group": 4, "id": "melding"}, {"group": 7, "id": "merrymaking"}, {"group": 15, "id": "metastasis", "degree": 14}, {"group": 3, "id": "mesmerize", "degree": 12}, {"group": 3, "id": "meritorious", "degree": 5}, {"group": 4, "id": "mentality"}, {"group": 2, "id": "melancholia", "degree": 9}, {"group": 1, "id": "meddling", "degree": 3}, {"group": 3, "id": "measurable"}, {"group": 4, "id": "meteorologist"}, {"group": 13, "id": "mechanistic"}, {"group": 3, "id": "messmate", "degree": 4}, {"group": 3, "id": "mescaline", "degree": 5}, {"group": 7, "id": "mellow", "degree": 33}, {"group": 3, "id": "meshing", "degree": 20}, {"group": 14, "id": "me", "degree": 0}, {"group": 1, "id": "mercy", "degree": 16}, {"group": 11, "id": "metronome"}, {"group": 7, "id": "meek", "degree": 12}, {"group": 1, "id": "meed"}, {"group": 0, "id": "melodrama"}, {"group": 3, "id": "medley"}, {"group": 15, "id": "metabolism", "degree": 6}, {"group": 7, "id": "melted"}, {"group": 7, "id": "mermaid", "degree": 1}, {"group": 8, "id": "mechanic", "degree": 4}, {"group": 3, "id": "meet", "degree": 88}, {"group": 8, "id": "medical", "degree": 2}, {"group": 6, "id": "mechanics", "degree": 10}, {"group": 4, "id": "merchant"}, {"group": 6, "id": "medication"}, {"group": 6, "id": "membranous", "degree": 3}, {"group": 3, "id": "mensch", "degree": 2}, {"group": 13, "id": "metaphysical", "degree": 4}, {"group": 2, "id": "metric", "degree": 10}, {"group": 4, "id": "mete"}, {"group": 4, "id": "measure"}, {"group": 2, "id": "meaningless", "degree": 6}, {"group": 15, "id": "metamorphosis"}, {"group": 6, "id": "mediocre", "degree": 35}, {"group": 4, "id": "metier"}, {"group": 6, "id": "metaphysics"}, {"group": 2, "id": "methodologist"}, {"group": 0, "id": "memorial"}, {"group": 2, "id": "memorize"}, {"group": 6, "id": "mesmerizer", "degree": 1}, {"group": 16, "id": "mendable", "degree": 0}, {"group": 2, "id": "meanness"}, {"group": 10, "id": "metaphorical", "degree": 7}, {"group": 6, "id": "meager", "degree": 32}, {"group": 6, "id": "mechanism"}, {"group": 2, "id": "metallic"}, {"group": 3, "id": "member"}, {"group": 4, "id": "methodology", "degree": 37}, {"group": 7, "id": "merciful"}, {"group": 6, "id": "mendicant"}, {"group": 12, "id": "measles"}, {"group": 4, "id": "melodist", "degree": 1}, {"group": 0, "id": "memoir", "degree": 28}, {"group": 17, "id": "meaningfully", "degree": 0}, {"group": 8, "id": "meddler", "degree": 6}, {"group": 6, "id": "mediating", "degree": 9}, {"group": 3, "id": "mess"}, {"group": 6, "id": "mealymouthed", "degree": 16}, {"group": 0, "id": "memorabilia"}, {"group": 1, "id": "metrics"}, {"group": 4, "id": "meaning", "degree": 39}, {"group": 3, "id": "mesh", "degree": 23}, {"group": 7, "id": "mealy"}, {"group": 3, "id": "mesa"}, {"group": 2, "id": "measured"}, {"group": 4, "id": "mettle"}, {"group": 1, "id": "mellowness"}, {"group": 3, "id": "menace", "degree": 13}, {"group": 4, "id": "mention", "degree": 19}, {"group": 7, "id": "mellifluous", "degree": 14}, {"group": 2, "id": "meticulous", "degree": 36}, {"group": 6, "id": "mediation", "degree": 9}, {"group": 11, "id": "metal", "degree": 13}, {"group": 8, "id": "messiah"}, {"group": 6, "id": "mercenary", "degree": 4}, {"group": 3, "id": "melodramatic"}, {"group": 4, "id": "meditate"}, {"group": 3, "id": "methadone", "degree": 9}, {"group": 2, "id": "mechanical", "degree": 24}, {"group": 4, "id": "meanwhile", "degree": 1}, {"group": 3, "id": "meander", "degree": 24}], "links": [{"source": 0, "target": 112, "weight": 0.016393}, {"source": 0, "target": 164, "weight": 0.165138}, {"source": 0, "target": 6, "weight": 0.020408}, {"source": 0, "target": 101, "weight": 0.53125}, {"source": 0, "target": 157, "weight": 0.004049}, {"source": 0, "target": 104, "weight": 0.026087}, {"source": 0, "target": 1, "weight": 0.012821}, {"source": 0, "target": 179, "weight": 0.209302}, {"source": 0, "target": 195, "weight": 0.016129}, {"source": 0, "target": 187, "weight": 0.017544}, {"source": 0, "target": 27, "weight": 0.005128}, {"source": 0, "target": 47, "weight": 0.021739}, {"source": 0, "target": 185, "weight": 0.071429}, {"source": 0, "target": 197, "weight": 0.007692}, {"source": 0, "target": 76, "weight": 0.038961}, {"source": 0, "target": 35, "weight": 0.004525}, {"source": 1, "target": 156, "weight": 0.017094}, {"source": 1, "target": 123, "weight": 0.011111}, {"source": 1, "target": 102, "weight": 0.017241}, {"source": 1, "target": 21, "weight": 0.040984}, {"source": 1, "target": 46, "weight": 0.008621}, {"source": 1, "target": 47, "weight": 0.014925}, {"source": 1, "target": 161, "weight": 0.009434}, {"source": 1, "target": 4, "weight": 0.018692}, {"source": 1, "target": 164, "weight": 0.006803}, {"source": 1, "target": 157, "weight": 0.019724}, {"source": 1, "target": 175, "weight": 0.008772}, {"source": 1, "target": 134, "weight": 0.005076}, {"source": 1, "target": 179, "weight": 0.008065}, {"source": 1, "target": 183, "weight": 0.003067}, {"source": 1, "target": 101, "weight": 0.014493}, {"source": 1, "target": 125, "weight": 0.027397}, {"source": 1, "target": 126, "weight": 0.012987}, {"source": 1, "target": 193, "weight": 0.014706}, {"source": 1, "target": 186, "weight": 0.046154}, {"source": 1, "target": 195, "weight": 0.013793}, {"source": 1, "target": 196, "weight": 0.010101}, {"source": 1, "target": 20, "weight": 0.015152}, {"source": 1, "target": 190, "weight": 0.0125}, {"source": 1, "target": 137, "weight": 0.05814}, {"source": 1, "target": 24, "weight": 0.004484}, {"source": 1, "target": 140, "weight": 0.018519}, {"source": 1, "target": 104, "weight": 0.022059}, {"source": 1, "target": 187, "weight": 0.022388}, {"source": 1, "target": 84, "weight": 0.025641}, {"source": 1, "target": 147, "weight": 0.005698}, {"source": 1, "target": 35, "weight": 0.006494}, {"source": 2, "target": 58, "weight": 0.081081}, {"source": 2, "target": 182, "weight": 0.206897}, {"source": 2, "target": 119, "weight": 0.018605}, {"source": 2, "target": 98, "weight": 0.030769}, {"source": 2, "target": 154, "weight": 0.02439}, {"source": 2, "target": 29, "weight": 0.086957}, {"source": 2, "target": 160, "weight": 0.026549}, {"source": 3, "target": 158, "weight": 0.016393}, {"source": 3, "target": 201, "weight": 0.009615}, {"source": 3, "target": 160, "weight": 0.012987}, {"source": 3, "target": 170, "weight": 0.006211}, {"source": 3, "target": 107, "weight": 0.008403}, {"source": 4, "target": 9, "weight": 0.00813}, {"source": 4, "target": 104, "weight": 0.006803}, {"source": 4, "target": 203, "weight": 0.012821}, {"source": 4, "target": 165, "weight": 0.015385}, {"source": 4, "target": 52, "weight": 0.008333}, {"source": 4, "target": 114, "weight": 0.016}, {"source": 4, "target": 179, "weight": 0.022901}, {"source": 4, "target": 59, "weight": 0.035461}, {"source": 4, "target": 15, "weight": 0.027397}, {"source": 4, "target": 181, "weight": 0.012821}, {"source": 4, "target": 195, "weight": 0.006452}, {"source": 4, "target": 187, "weight": 0.013889}, {"source": 4, "target": 188, "weight": 0.006289}, {"source": 4, "target": 135, "weight": 0.010204}, {"source": 4, "target": 137, "weight": 0.020408}, {"source": 4, "target": 127, "weight": 0.019231}, {"source": 4, "target": 140, "weight": 0.008475}, {"source": 4, "target": 30, "weight": 0.005051}, {"source": 4, "target": 20, "weight": 0.013333}, {"source": 4, "target": 88, "weight": 0.009259}, {"source": 4, "target": 147, "weight": 0.008357}, {"source": 4, "target": 207, "weight": 0.007692}, {"source": 4, "target": 93, "weight": 0.009615}, {"source": 5, "target": 119, "weight": 0.010563}, {"source": 5, "target": 109, "weight": 0.019737}, {"source": 5, "target": 24, "weight": 0.007782}, {"source": 5, "target": 80, "weight": 0.00813}, {"source": 5, "target": 98, "weight": 0.022727}, {"source": 5, "target": 123, "weight": 0.008}, {"source": 5, "target": 30, "weight": 0.03211}, {"source": 5, "target": 187, "weight": 0.005848}, {"source": 5, "target": 188, "weight": 0.016393}, {"source": 5, "target": 195, "weight": 0.005525}, {"source": 5, "target": 54, "weight": 0.009346}, {"source": 5, "target": 147, "weight": 0.013055}, {"source": 5, "target": 104, "weight": 0.023529}, {"source": 5, "target": 110, "weight": 0.008197}, {"source": 5, "target": 143, "weight": 0.009804}, {"source": 5, "target": 135, "weight": 0.02459}, {"source": 6, "target": 164, "weight": 0.025862}, {"source": 6, "target": 17, "weight": 0.009259}, {"source": 6, "target": 183, "weight": 0.003367}, {"source": 6, "target": 140, "weight": 0.0125}, {"source": 6, "target": 101, "weight": 0.025}, {"source": 6, "target": 174, "weight": 0.041237}, {"source": 6, "target": 55, "weight": 0.035088}, {"source": 6, "target": 195, "weight": 0.017241}, {"source": 6, "target": 187, "weight": 0.009346}, {"source": 6, "target": 157, "weight": 0.006186}, {"source": 6, "target": 104, "weight": 0.018519}, {"source": 6, "target": 179, "weight": 0.010526}, {"source": 6, "target": 35, "weight": 0.002299}, {"source": 7, "target": 158, "weight": 0.010753}, {"source": 7, "target": 63, "weight": 0.020548}, {"source": 8, "target": 197, "weight": 0.009009}, {"source": 8, "target": 89, "weight": 0.026316}, {"source": 8, "target": 205, "weight": 0.015625}, {"source": 9, "target": 158, "weight": 0.015385}, {"source": 9, "target": 157, "weight": 0.001883}, {"source": 9, "target": 160, "weight": 0.012346}, {"source": 9, "target": 108, "weight": 0.009434}, {"source": 9, "target": 172, "weight": 0.011765}, {"source": 9, "target": 52, "weight": 0.133929}, {"source": 9, "target": 112, "weight": 0.010309}, {"source": 9, "target": 59, "weight": 0.034014}, {"source": 9, "target": 119, "weight": 0.003759}, {"source": 9, "target": 63, "weight": 0.005376}, {"source": 9, "target": 126, "weight": 0.01087}, {"source": 9, "target": 66, "weight": 0.007874}, {"source": 9, "target": 195, "weight": 0.006211}, {"source": 9, "target": 72, "weight": 0.008197}, {"source": 9, "target": 134, "weight": 0.004717}, {"source": 9, "target": 191, "weight": 0.006757}, {"source": 9, "target": 77, "weight": 0.034091}, {"source": 9, "target": 27, "weight": 0.017544}, {"source": 9, "target": 154, "weight": 0.011236}, {"source": 9, "target": 142, "weight": 0.006667}, {"source": 9, "target": 144, "weight": 0.013158}, {"source": 9, "target": 88, "weight": 0.008772}, {"source": 10, "target": 36, "weight": 0.315217}, {"source": 10, "target": 137, "weight": 0.016807}, {"source": 10, "target": 79, "weight": 0.011494}, {"source": 10, "target": 62, "weight": 0.009709}, {"source": 10, "target": 197, "weight": 0.011111}, {"source": 10, "target": 198, "weight": 0.010526}, {"source": 10, "target": 128, "weight": 0.010989}, {"source": 10, "target": 195, "weight": 0.005682}, {"source": 10, "target": 88, "weight": 0.007752}, {"source": 10, "target": 146, "weight": 0.021978}, {"source": 10, "target": 147, "weight": 0.010554}, {"source": 10, "target": 104, "weight": 0.005952}, {"source": 10, "target": 134, "weight": 0.013333}, {"source": 10, "target": 148, "weight": 0.011111}, {"source": 10, "target": 135, "weight": 0.008403}, {"source": 10, "target": 24, "weight": 0.007937}, {"source": 11, "target": 199, "weight": 0.022556}, {"source": 11, "target": 157, "weight": 0.014981}, {"source": 11, "target": 59, "weight": 0.006211}, {"source": 11, "target": 21, "weight": 0.013333}, {"source": 11, "target": 103, "weight": 0.007874}, {"source": 11, "target": 46, "weight": 0.014286}, {"source": 11, "target": 164, "weight": 0.005814}, {"source": 11, "target": 51, "weight": 0.009091}, {"source": 11, "target": 175, "weight": 0.014493}, {"source": 11, "target": 112, "weight": 0.009346}, {"source": 11, "target": 45, "weight": 0.008929}, {"source": 11, "target": 114, "weight": 0.003717}, {"source": 11, "target": 55, "weight": 0.005848}, {"source": 11, "target": 43, "weight": 0.029412}, {"source": 11, "target": 119, "weight": 0.007273}, {"source": 11, "target": 63, "weight": 0.005102}, {"source": 11, "target": 17, "weight": 0.006173}, {"source": 11, "target": 126, "weight": 0.009804}, {"source": 11, "target": 185, "weight": 0.009524}, {"source": 11, "target": 187, "weight": 0.006211}, {"source": 11, "target": 188, "weight": 0.005714}, {"source": 11, "target": 127, "weight": 0.008264}, {"source": 11, "target": 24, "weight": 0.012195}, {"source": 11, "target": 28, "weight": 0.008}, {"source": 11, "target": 179, "weight": 0.006711}, {"source": 11, "target": 31, "weight": 0.009524}, {"source": 11, "target": 35, "weight": 0.004098}, {"source": 12, "target": 24, "weight": 0.004785}, {"source": 12, "target": 63, "weight": 0.006369}, {"source": 12, "target": 30, "weight": 0.005714}, {"source": 12, "target": 114, "weight": 0.05}, {"source": 12, "target": 154, "weight": 0.016667}, {"source": 12, "target": 142, "weight": 0.033898}, {"source": 12, "target": 173, "weight": 0.012346}, {"source": 12, "target": 131, "weight": 0.017857}, {"source": 12, "target": 69, "weight": 0.007634}, {"source": 12, "target": 144, "weight": 0.021277}, {"source": 12, "target": 175, "weight": 0.01}, {"source": 12, "target": 133, "weight": 0.017544}, {"source": 12, "target": 157, "weight": 0.001992}, {"source": 12, "target": 160, "weight": 0.007463}, {"source": 12, "target": 191, "weight": 0.008403}, {"source": 12, "target": 35, "weight": 0.004454}, {"source": 13, "target": 197, "weight": 0.008}, {"source": 13, "target": 52, "weight": 0.011765}, {"source": 13, "target": 63, "weight": 0.013889}, {"source": 13, "target": 89, "weight": 0.081633}, {"source": 14, "target": 137, "weight": 0.333333}, {"source": 15, "target": 164, "weight": 0.00885}, {"source": 15, "target": 199, "weight": 0.013158}, {"source": 15, "target": 113, "weight": 0.04}, {"source": 15, "target": 147, "weight": 0.003145}, {"source": 15, "target": 110, "weight": 0.018868}, {"source": 15, "target": 76, "weight": 0.015152}, {"source": 15, "target": 35, "weight": 0.002326}, {"source": 16, "target": 91, "weight": 0.041667}, {"source": 17, "target": 149, "weight": 0.018519}, {"source": 17, "target": 38, "weight": 0.03}, {"source": 17, "target": 41, "weight": 0.008696}, {"source": 17, "target": 98, "weight": 0.037594}, {"source": 17, "target": 199, "weight": 0.006757}, {"source": 17, "target": 156, "weight": 0.012903}, {"source": 17, "target": 157, "weight": 0.075581}, {"source": 17, "target": 45, "weight": 0.008}, {"source": 17, "target": 21, "weight": 0.018519}, {"source": 17, "target": 50, "weight": 0.006579}, {"source": 17, "target": 46, "weight": 0.013072}, {"source": 17, "target": 160, "weight": 0.010811}, {"source": 17, "target": 161, "weight": 0.035714}, {"source": 17, "target": 47, "weight": 0.029126}, {"source": 17, "target": 140, "weight": 0.02069}, {"source": 17, "target": 109, "weight": 0.019355}, {"source": 17, "target": 171, "weight": 0.066667}, {"source": 17, "target": 55, "weight": 0.217105}, {"source": 17, "target": 174, "weight": 0.2}, {"source": 17, "target": 114, "weight": 0.003546}, {"source": 17, "target": 57, "weight": 0.008929}, {"source": 17, "target": 43, "weight": 0.008547}, {"source": 17, "target": 119, "weight": 0.032028}, {"source": 17, "target": 183, "weight": 0.008287}, {"source": 17, "target": 186, "weight": 0.009524}, {"source": 17, "target": 195, "weight": 0.005435}, {"source": 17, "target": 69, "weight": 0.010989}, {"source": 17, "target": 20, "weight": 0.009615}, {"source": 17, "target": 96, "weight": 0.010417}, {"source": 17, "target": 33, "weight": 0.006623}, {"source": 17, "target": 110, "weight": 0.008}, {"source": 17, "target": 23, "weight": 0.028571}, {"source": 17, "target": 25, "weight": 0.006667}, {"source": 17, "target": 24, "weight": 0.003831}, {"source": 17, "target": 80, "weight": 0.007937}, {"source": 17, "target": 32, "weight": 0.017241}, {"source": 17, "target": 104, "weight": 0.011429}, {"source": 17, "target": 198, "weight": 0.029703}, {"source": 17, "target": 28, "weight": 0.014599}, {"source": 17, "target": 187, "weight": 0.005747}, {"source": 17, "target": 29, "weight": 0.008333}, {"source": 17, "target": 115, "weight": 0.012195}, {"source": 17, "target": 30, "weight": 0.004405}, {"source": 17, "target": 205, "weight": 0.007042}, {"source": 17, "target": 147, "weight": 0.010336}, {"source": 17, "target": 194, "weight": 0.005618}, {"source": 17, "target": 35, "weight": 0.008016}, {"source": 18, "target": 109, "weight": 0.011111}, {"source": 18, "target": 63, "weight": 0.021429}, {"source": 18, "target": 41, "weight": 0.042553}, {"source": 18, "target": 155, "weight": 0.133333}, {"source": 18, "target": 141, "weight": 0.015625}, {"source": 18, "target": 84, "weight": 0.02}, {"source": 18, "target": 205, "weight": 0.041096}, {"source": 18, "target": 147, "weight": 0.003096}, {"source": 18, "target": 134, "weight": 0.005952}, {"source": 18, "target": 191, "weight": 0.193182}, {"source": 19, "target": 149, "weight": 0.025}, {"source": 19, "target": 119, "weight": 0.004545}, {"source": 19, "target": 24, "weight": 0.005208}, {"source": 19, "target": 124, "weight": 0.016949}, {"source": 19, "target": 36, "weight": 0.016949}, {"source": 19, "target": 54, "weight": 0.02439}, {"source": 19, "target": 34, "weight": 0.015385}, {"source": 20, "target": 109, "weight": 0.011628}, {"source": 20, "target": 24, "weight": 0.005263}, {"source": 20, "target": 195, "weight": 0.017857}, {"source": 20, "target": 174, "weight": 0.010417}, {"source": 20, "target": 157, "weight": 0.00207}, {"source": 20, "target": 147, "weight": 0.009464}, {"source": 20, "target": 194, "weight": 0.009346}, {"source": 20, "target": 114, "weight": 0.004739}, {"source": 20, "target": 55, "weight": 0.00885}, {"source": 20, "target": 35, "weight": 0.004651}, {"source": 21, "target": 119, "weight": 0.003597}, {"source": 21, "target": 32, "weight": 0.009434}, {"source": 21, "target": 155, "weight": 0.034483}, {"source": 21, "target": 98, "weight": 0.007937}, {"source": 21, "target": 30, "weight": 0.00463}, {"source": 21, "target": 187, "weight": 0.006135}, {"source": 21, "target": 188, "weight": 0.00565}, {"source": 21, "target": 46, "weight": 0.035971}, {"source": 21, "target": 179, "weight": 0.013333}, {"source": 21, "target": 135, "weight": 0.008621}, {"source": 23, "target": 24, "weight": 0.005181}, {"source": 23, "target": 80, "weight": 0.017241}, {"source": 23, "target": 50, "weight": 0.011905}, {"source": 23, "target": 174, "weight": 0.010101}, {"source": 23, "target": 104, "weight": 0.009259}, {"source": 23, "target": 34, "weight": 0.015152}, {"source": 23, "target": 62, "weight": 0.1}, {"source": 24, "target": 38, "weight": 0.005319}, {"source": 24, "target": 151, "weight": 0.005263}, {"source": 24, "target": 98, "weight": 0.009009}, {"source": 24, "target": 114, "weight": 0.016529}, {"source": 24, "target": 156, "weight": 0.004132}, {"source": 24, "target": 123, "weight": 0.004673}, {"source": 24, "target": 157, "weight": 0.019078}, {"source": 24, "target": 171, "weight": 0.004082}, {"source": 24, "target": 46, "weight": 0.029915}, {"source": 24, "target": 160, "weight": 0.011111}, {"source": 24, "target": 105, "weight": 0.005464}, {"source": 24, "target": 161, "weight": 0.017621}, {"source": 24, "target": 104, "weight": 0.01938}, {"source": 24, "target": 58, "weight": 0.010256}, {"source": 24, "target": 164, "weight": 0.007407}, {"source": 24, "target": 170, "weight": 0.00722}, {"source": 24, "target": 50, "weight": 0.004202}, {"source": 24, "target": 106, "weight": 0.01005}, {"source": 24, "target": 173, "weight": 0.009174}, {"source": 24, "target": 55, "weight": 0.003704}, {"source": 24, "target": 174, "weight": 0.003953}, {"source": 24, "target": 51, "weight": 0.004785}, {"source": 24, "target": 53, "weight": 0.004673}, {"source": 24, "target": 54, "weight": 0.010256}, {"source": 24, "target": 134, "weight": 0.003115}, {"source": 24, "target": 37, "weight": 0.004902}, {"source": 24, "target": 119, "weight": 0.068182}, {"source": 24, "target": 64, "weight": 0.005181}, {"source": 24, "target": 183, "weight": 0.039171}, {"source": 24, "target": 78, "weight": 0.004926}, {"source": 24, "target": 122, "weight": 0.020202}, {"source": 24, "target": 126, "weight": 0.01}, {"source": 24, "target": 66, "weight": 0.008511}, {"source": 24, "target": 185, "weight": 0.004902}, {"source": 24, "target": 187, "weight": 0.027559}, {"source": 24, "target": 188, "weight": 0.011029}, {"source": 24, "target": 133, "weight": 0.010309}, {"source": 24, "target": 33, "weight": 0.012766}, {"source": 24, "target": 73, "weight": 0.00495}, {"source": 24, "target": 190, "weight": 0.004902}, {"source": 24, "target": 29, "weight": 0.014706}, {"source": 24, "target": 75, "weight": 0.004348}, {"source": 24, "target": 192, "weight": 0.0125}, {"source": 24, "target": 135, "weight": 0.004695}, {"source": 24, "target": 194, "weight": 0.003788}, {"source": 24, "target": 195, "weight": 0.003704}, {"source": 24, "target": 140, "weight": 0.008621}, {"source": 24, "target": 141, "weight": 0.004608}, {"source": 24, "target": 28, "weight": 0.03211}, {"source": 24, "target": 142, "weight": 0.007752}, {"source": 24, "target": 179, "weight": 0.012195}, {"source": 24, "target": 30, "weight": 0.00641}, {"source": 24, "target": 86, "weight": 0.009615}, {"source": 24, "target": 115, "weight": 0.003984}, {"source": 24, "target": 31, "weight": 0.004902}, {"source": 24, "target": 27, "weight": 0.002941}, {"source": 24, "target": 147, "weight": 0.014894}, {"source": 24, "target": 207, "weight": 0.004082}, {"source": 24, "target": 34, "weight": 0.057416}, {"source": 24, "target": 35, "weight": 0.012027}, {"source": 25, "target": 63, "weight": 0.016484}, {"source": 25, "target": 139, "weight": 0.010526}, {"source": 25, "target": 197, "weight": 0.01227}, {"source": 25, "target": 169, "weight": 0.009524}, {"source": 25, "target": 50, "weight": 0.007874}, {"source": 25, "target": 187, "weight": 0.006711}, {"source": 25, "target": 52, "weight": 0.008065}, {"source": 25, "target": 104, "weight": 0.006623}, {"source": 25, "target": 75, "weight": 0.008403}, {"source": 25, "target": 134, "weight": 0.014423}, {"source": 26, "target": 58, "weight": 0.010101}, {"source": 26, "target": 119, "weight": 0.003597}, {"source": 26, "target": 139, "weight": 0.009174}, {"source": 26, "target": 152, "weight": 0.012048}, {"source": 26, "target": 197, "weight": 0.011299}, {"source": 26, "target": 184, "weight": 0.024793}, {"source": 26, "target": 170, "weight": 0.083333}, {"source": 26, "target": 29, "weight": 0.009174}, {"source": 26, "target": 188, "weight": 0.00565}, {"source": 26, "target": 52, "weight": 0.007246}, {"source": 26, "target": 147, "weight": 0.002639}, {"source": 26, "target": 160, "weight": 0.047619}, {"source": 26, "target": 92, "weight": 0.017699}, {"source": 26, "target": 107, "weight": 0.007194}, {"source": 27, "target": 117, "weight": 0.01087}, {"source": 27, "target": 80, "weight": 0.004878}, {"source": 27, "target": 97, "weight": 0.010753}, {"source": 27, "target": 63, "weight": 0.043321}, {"source": 27, "target": 197, "weight": 0.003731}, {"source": 27, "target": 66, "weight": 0.059908}, {"source": 27, "target": 50, "weight": 0.004329}, {"source": 27, "target": 158, "weight": 0.054054}, {"source": 27, "target": 195, "weight": 0.003802}, {"source": 27, "target": 196, "weight": 0.009302}, {"source": 27, "target": 70, "weight": 0.018957}, {"source": 27, "target": 205, "weight": 0.004525}, {"source": 27, "target": 147, "weight": 0.004274}, {"source": 27, "target": 160, "weight": 0.003774}, {"source": 27, "target": 134, "weight": 0.016129}, {"source": 27, "target": 104, "weight": 0.007874}, {"source": 28, "target": 58, "weight": 0.423077}, {"source": 28, "target": 182, "weight": 0.061538}, {"source": 28, "target": 119, "weight": 0.182243}, {"source": 28, "target": 205, "weight": 0.009524}, {"source": 28, "target": 199, "weight": 0.009009}, {"source": 28, "target": 170, "weight": 0.006452}, {"source": 28, "target": 50, "weight": 0.008696}, {"source": 28, "target": 174, "weight": 0.007692}, {"source": 28, "target": 29, "weight": 0.615385}, {"source": 28, "target": 46, "weight": 0.008547}, {"source": 28, "target": 98, "weight": 0.030612}, {"source": 28, "target": 147, "weight": 0.002833}, {"source": 28, "target": 160, "weight": 0.25}, {"source": 28, "target": 105, "weight": 0.016667}, {"source": 28, "target": 92, "weight": 0.011364}, {"source": 29, "target": 41, "weight": 0.051724}, {"source": 29, "target": 98, "weight": 0.0375}, {"source": 29, "target": 199, "weight": 0.010753}, {"source": 29, "target": 157, "weight": 0.002004}, {"source": 29, "target": 160, "weight": 0.294118}, {"source": 29, "target": 161, "weight": 0.011236}, {"source": 29, "target": 58, "weight": 0.647059}, {"source": 29, "target": 182, "weight": 0.085106}, {"source": 29, "target": 170, "weight": 0.007299}, {"source": 29, "target": 171, "weight": 0.029412}, {"source": 29, "target": 111, "weight": 0.033333}, {"source": 29, "target": 175, "weight": 0.010309}, {"source": 29, "target": 55, "weight": 0.007752}, {"source": 29, "target": 119, "weight": 0.146341}, {"source": 29, "target": 60, "weight": 0.015152}, {"source": 29, "target": 147, "weight": 0.002985}, {"source": 29, "target": 191, "weight": 0.008621}, {"source": 29, "target": 174, "weight": 0.008929}, {"source": 29, "target": 205, "weight": 0.011494}, {"source": 29, "target": 33, "weight": 0.065934}, {"source": 29, "target": 92, "weight": 0.014286}, {"source": 29, "target": 35, "weight": 0.079518}, {"source": 30, "target": 98, "weight": 0.010638}, {"source": 30, "target": 156, "weight": 0.009662}, {"source": 30, "target": 157, "weight": 0.01675}, {"source": 30, "target": 44, "weight": 0.005747}, {"source": 30, "target": 46, "weight": 0.004854}, {"source": 30, "target": 161, "weight": 0.005102}, {"source": 30, "target": 50, "weight": 0.014851}, {"source": 30, "target": 207, "weight": 0.004739}, {"source": 30, "target": 173, "weight": 0.016393}, {"source": 30, "target": 111, "weight": 0.011976}, {"source": 30, "target": 54, "weight": 0.025157}, {"source": 30, "target": 114, "weight": 0.027607}, {"source": 30, "target": 56, "weight": 0.146739}, {"source": 30, "target": 119, "weight": 0.005882}, {"source": 30, "target": 183, "weight": 0.022059}, {"source": 30, "target": 124, "weight": 0.005556}, {"source": 30, "target": 121, "weight": 0.021858}, {"source": 30, "target": 69, "weight": 0.008547}, {"source": 30, "target": 188, "weight": 0.025532}, {"source": 30, "target": 133, "weight": 0.006211}, {"source": 30, "target": 134, "weight": 0.003484}, {"source": 30, "target": 110, "weight": 0.011364}, {"source": 30, "target": 132, "weight": 0.012195}, {"source": 30, "target": 141, "weight": 0.005464}, {"source": 30, "target": 199, "weight": 0.005}, {"source": 30, "target": 142, "weight": 0.022624}, {"source": 30, "target": 84, "weight": 0.005917}, {"source": 30, "target": 86, "weight": 0.017341}, {"source": 30, "target": 147, "weight": 0.110276}, {"source": 30, "target": 194, "weight": 0.004348}, {"source": 30, "target": 35, "weight": 0.003617}, {"source": 31, "target": 117, "weight": 0.020408}, {"source": 31, "target": 119, "weight": 0.00431}, {"source": 31, "target": 97, "weight": 0.019608}, {"source": 31, "target": 196, "weight": 0.0125}, {"source": 31, "target": 134, "weight": 0.005618}, {"source": 31, "target": 110, "weight": 0.014706}, {"source": 32, "target": 119, "weight": 0.035714}, {"source": 32, "target": 109, "weight": 0.010101}, {"source": 32, "target": 98, "weight": 0.111111}, {"source": 32, "target": 171, "weight": 0.085106}, {"source": 32, "target": 157, "weight": 0.002016}, {"source": 32, "target": 92, "weight": 0.030303}, {"source": 32, "target": 35, "weight": 0.002252}, {"source": 33, "target": 58, "weight": 0.048193}, {"source": 33, "target": 182, "weight": 0.012346}, {"source": 33, "target": 127, "weight": 0.009091}, {"source": 33, "target": 119, "weight": 0.047244}, {"source": 33, "target": 109, "weight": 0.007519}, {"source": 33, "target": 98, "weight": 0.017857}, {"source": 33, "target": 45, "weight": 0.009901}, {"source": 33, "target": 50, "weight": 0.007813}, {"source": 33, "target": 147, "weight": 0.002732}, {"source": 33, "target": 160, "weight": 0.038217}, {"source": 33, "target": 110, "weight": 0.009901}, {"source": 34, "target": 151, "weight": 0.015873}, {"source": 34, "target": 40, "weight": 0.025641}, {"source": 34, "target": 46, "weight": 0.00885}, {"source": 34, "target": 123, "weight": 0.011494}, {"source": 34, "target": 157, "weight": 0.003906}, {"source": 34, "target": 190, "weight": 0.012987}, {"source": 34, "target": 164, "weight": 0.006944}, {"source": 34, "target": 53, "weight": 0.011494}, {"source": 34, "target": 115, "weight": 0.008065}, {"source": 34, "target": 119, "weight": 0.004032}, {"source": 34, "target": 122, "weight": 0.041667}, {"source": 34, "target": 183, "weight": 0.048544}, {"source": 34, "target": 54, "weight": 0.029412}, {"source": 34, "target": 188, "weight": 0.013699}, {"source": 34, "target": 133, "weight": 0.014706}, {"source": 34, "target": 134, "weight": 0.005155}, {"source": 34, "target": 192, "weight": 0.008696}, {"source": 34, "target": 140, "weight": 0.009434}, {"source": 34, "target": 142, "weight": 0.015267}, {"source": 34, "target": 207, "weight": 0.008475}, {"source": 35, "target": 152, "weight": 0.002375}, {"source": 35, "target": 101, "weight": 0.002304}, {"source": 35, "target": 158, "weight": 0.006263}, {"source": 35, "target": 46, "weight": 0.002079}, {"source": 35, "target": 160, "weight": 0.105376}, {"source": 35, "target": 105, "weight": 0.002358}, {"source": 35, "target": 104, "weight": 0.01002}, {"source": 35, "target": 107, "weight": 0.002096}, {"source": 35, "target": 58, "weight": 0.055422}, {"source": 35, "target": 182, "weight": 0.011682}, {"source": 35, "target": 109, "weight": 0.002066}, {"source": 35, "target": 201, "weight": 0.006522}, {"source": 35, "target": 98, "weight": 0.013072}, {"source": 35, "target": 170, "weight": 0.094737}, {"source": 35, "target": 50, "weight": 0.006289}, {"source": 35, "target": 174, "weight": 0.004057}, {"source": 35, "target": 179, "weight": 0.002045}, {"source": 35, "target": 80, "weight": 0.004425}, {"source": 35, "target": 45, "weight": 0.002212}, {"source": 35, "target": 119, "weight": 0.084359}, {"source": 35, "target": 61, "weight": 0.002237}, {"source": 35, "target": 63, "weight": 0.009398}, {"source": 35, "target": 123, "weight": 0.002198}, {"source": 35, "target": 124, "weight": 0.004405}, {"source": 35, "target": 89, "weight": 0.002257}, {"source": 35, "target": 184, "weight": 0.006536}, {"source": 35, "target": 66, "weight": 0.010571}, {"source": 35, "target": 195, "weight": 0.017893}, {"source": 35, "target": 187, "weight": 0.02449}, {"source": 35, "target": 188, "weight": 0.003891}, {"source": 35, "target": 113, "weight": 0.002358}, {"source": 35, "target": 134, "weight": 0.010772}, {"source": 35, "target": 110, "weight": 0.004435}, {"source": 35, "target": 194, "weight": 0.005964}, {"source": 35, "target": 139, "weight": 0.013575}, {"source": 35, "target": 197, "weight": 0.023762}, {"source": 35, "target": 198, "weight": 0.002326}, {"source": 35, "target": 199, "weight": 0.004219}, {"source": 35, "target": 196, "weight": 0.002155}, {"source": 35, "target": 205, "weight": 0.002132}, {"source": 35, "target": 147, "weight": 0.007013}, {"source": 35, "target": 207, "weight": 0.004124}, {"source": 35, "target": 92, "weight": 0.013423}, {"source": 36, "target": 57, "weight": 0.015385}, {"source": 36, "target": 43, "weight": 0.014286}, {"source": 36, "target": 62, "weight": 0.015625}, {"source": 36, "target": 140, "weight": 0.063158}, {"source": 36, "target": 112, "weight": 0.013699}, {"source": 36, "target": 111, "weight": 0.014493}, {"source": 36, "target": 157, "weight": 0.001972}, {"source": 36, "target": 134, "weight": 0.010695}, {"source": 36, "target": 114, "weight": 0.004255}, {"source": 36, "target": 115, "weight": 0.053097}, {"source": 37, "target": 63, "weight": 0.006579}, {"source": 37, "target": 170, "weight": 0.007407}, {"source": 37, "target": 50, "weight": 0.010526}, {"source": 37, "target": 66, "weight": 0.010753}, {"source": 37, "target": 160, "weight": 0.007752}, {"source": 38, "target": 195, "weight": 0.009009}, {"source": 38, "target": 104, "weight": 0.009709}, {"source": 38, "target": 46, "weight": 0.012346}, {"source": 39, "target": 204, "weight": 0.02}, {"source": 40, "target": 119, "weight": 0.004274}, {"source": 40, "target": 183, "weight": 0.023102}, {"source": 40, "target": 114, "weight": 0.004405}, {"source": 40, "target": 157, "weight": 0.004016}, {"source": 40, "target": 199, "weight": 0.010753}, {"source": 40, "target": 194, "weight": 0.00813}, {"source": 40, "target": 188, "weight": 0.007519}, {"source": 40, "target": 133, "weight": 0.018519}, {"source": 40, "target": 46, "weight": 0.010101}, {"source": 40, "target": 190, "weight": 0.185185}, {"source": 40, "target": 207, "weight": 0.009615}, {"source": 40, "target": 161, "weight": 0.011236}, {"source": 40, "target": 192, "weight": 0.009901}, {"source": 41, "target": 119, "weight": 0.013216}, {"source": 41, "target": 97, "weight": 0.020833}, {"source": 41, "target": 197, "weight": 0.07438}, {"source": 41, "target": 89, "weight": 0.055556}, {"source": 41, "target": 196, "weight": 0.012987}, {"source": 41, "target": 174, "weight": 0.009346}, {"source": 41, "target": 205, "weight": 0.136986}, {"source": 41, "target": 147, "weight": 0.006079}, {"source": 41, "target": 160, "weight": 0.024194}, {"source": 41, "target": 110, "weight": 0.015385}, {"source": 41, "target": 134, "weight": 0.005714}, {"source": 42, "target": 147, "weight": 0.003155}, {"source": 42, "target": 194, "weight": 0.009524}, {"source": 43, "target": 119, "weight": 0.004329}, {"source": 43, "target": 109, "weight": 0.010101}, {"source": 43, "target": 155, "weight": 0.02381}, {"source": 43, "target": 174, "weight": 0.009174}, {"source": 43, "target": 187, "weight": 0.008621}, {"source": 43, "target": 46, "weight": 0.154762}, {"source": 43, "target": 179, "weight": 0.009615}, {"source": 44, "target": 119, "weight": 0.004237}, {"source": 44, "target": 61, "weight": 0.014925}, {"source": 44, "target": 50, "weight": 0.020408}, {"source": 44, "target": 54, "weight": 0.017544}, {"source": 44, "target": 147, "weight": 0.005952}, {"source": 45, "target": 183, "weight": 0.003185}, {"source": 45, "target": 140, "weight": 0.010309}, {"source": 45, "target": 65, "weight": 0.014493}, {"source": 45, "target": 199, "weight": 0.010204}, {"source": 45, "target": 55, "weight": 0.007463}, {"source": 45, "target": 195, "weight": 0.007463}, {"source": 45, "target": 157, "weight": 0.001984}, {"source": 46, "target": 155, "weight": 0.012658}, {"source": 46, "target": 157, "weight": 0.110187}, {"source": 46, "target": 123, "weight": 0.009346}, {"source": 46, "target": 156, "weight": 0.030303}, {"source": 46, "target": 47, "weight": 0.011905}, {"source": 46, "target": 161, "weight": 0.016393}, {"source": 46, "target": 109, "weight": 0.007353}, {"source": 46, "target": 50, "weight": 0.007634}, {"source": 46, "target": 174, "weight": 0.006849}, {"source": 46, "target": 114, "weight": 0.003831}, {"source": 46, "target": 57, "weight": 0.164557}, {"source": 46, "target": 119, "weight": 0.007491}, {"source": 46, "target": 183, "weight": 0.020772}, {"source": 46, "target": 65, "weight": 0.010204}, {"source": 46, "target": 126, "weight": 0.010638}, {"source": 46, "target": 186, "weight": 0.024096}, {"source": 46, "target": 187, "weight": 0.026667}, {"source": 46, "target": 73, "weight": 0.010526}, {"source": 46, "target": 140, "weight": 0.024194}, {"source": 46, "target": 83, "weight": 0.011111}, {"source": 46, "target": 55, "weight": 0.006135}, {"source": 46, "target": 147, "weight": 0.005435}, {"source": 46, "target": 207, "weight": 0.007246}, {"source": 47, "target": 80, "weight": 0.017857}, {"source": 47, "target": 101, "weight": 0.027027}, {"source": 47, "target": 195, "weight": 0.008772}, {"source": 47, "target": 174, "weight": 0.031579}, {"source": 47, "target": 104, "weight": 0.019048}, {"source": 47, "target": 179, "weight": 0.021978}, {"source": 48, "target": 99, "weight": 0.066667}, {"source": 49, "target": 147, "weight": 0.009063}, {"source": 49, "target": 197, "weight": 0.007576}, {"source": 49, "target": 174, "weight": 0.009091}, {"source": 49, "target": 135, "weight": 0.014286}, {"source": 50, "target": 157, "weight": 0.007576}, {"source": 50, "target": 103, "weight": 0.008547}, {"source": 50, "target": 156, "weight": 0.015152}, {"source": 50, "target": 104, "weight": 0.006536}, {"source": 50, "target": 106, "weight": 0.010989}, {"source": 50, "target": 170, "weight": 0.011905}, {"source": 50, "target": 173, "weight": 0.009091}, {"source": 50, "target": 53, "weight": 0.009524}, {"source": 50, "target": 114, "weight": 0.003861}, {"source": 50, "target": 56, "weight": 0.014925}, {"source": 50, "target": 119, "weight": 0.003759}, {"source": 50, "target": 183, "weight": 0.005882}, {"source": 50, "target": 69, "weight": 0.00625}, {"source": 50, "target": 134, "weight": 0.009479}, {"source": 50, "target": 207, "weight": 0.007353}, {"source": 50, "target": 137, "weight": 0.019231}, {"source": 50, "target": 187, "weight": 0.006623}, {"source": 50, "target": 140, "weight": 0.008065}, {"source": 50, "target": 147, "weight": 0.013774}, {"source": 50, "target": 194, "weight": 0.006452}, {"source": 51, "target": 150, "weight": 0.015385}, {"source": 51, "target": 108, "weight": 0.026316}, {"source": 51, "target": 93, "weight": 0.012346}, {"source": 51, "target": 181, "weight": 0.018182}, {"source": 51, "target": 173, "weight": 0.012346}, {"source": 51, "target": 187, "weight": 0.008197}, {"source": 51, "target": 88, "weight": 0.04878}, {"source": 51, "target": 157, "weight": 0.006}, {"source": 51, "target": 200, "weight": 0.095238}, {"source": 52, "target": 77, "weight": 0.023256}, {"source": 52, "target": 59, "weight": 0.027586}, {"source": 52, "target": 112, "weight": 0.010638}, {"source": 52, "target": 63, "weight": 0.005464}, {"source": 52, "target": 139, "weight": 0.010638}, {"source": 52, "target": 81, "weight": 0.009709}, {"source": 52, "target": 197, "weight": 0.012346}, {"source": 52, "target": 189, "weight": 0.008696}, {"source": 52, "target": 195, "weight": 0.006329}, {"source": 52, "target": 187, "weight": 0.006757}, {"source": 52, "target": 108, "weight": 0.009709}, {"source": 52, "target": 70, "weight": 0.009174}, {"source": 52, "target": 205, "weight": 0.008621}, {"source": 52, "target": 72, "weight": 0.008403}, {"source": 52, "target": 191, "weight": 0.006897}, {"source": 52, "target": 134, "weight": 0.009615}, {"source": 53, "target": 147, "weight": 0.002915}, {"source": 53, "target": 119, "weight": 0.008299}, {"source": 54, "target": 183, "weight": 0.079137}, {"source": 54, "target": 121, "weight": 0.014493}, {"source": 54, "target": 140, "weight": 0.012195}, {"source": 54, "target": 142, "weight": 0.252874}, {"source": 54, "target": 86, "weight": 0.017241}, {"source": 54, "target": 188, "weight": 0.00813}, {"source": 54, "target": 133, "weight": 0.022727}, {"source": 54, "target": 157, "weight": 0.002045}, {"source": 54, "target": 134, "weight": 0.005882}, {"source": 54, "target": 207, "weight": 0.010638}, {"source": 54, "target": 114, "weight": 0.004608}, {"source": 54, "target": 56, "weight": 0.021739}, {"source": 55, "target": 149, "weight": 0.072072}, {"source": 55, "target": 98, "weight": 0.020833}, {"source": 55, "target": 104, "weight": 0.005405}, {"source": 55, "target": 160, "weight": 0.005128}, {"source": 55, "target": 109, "weight": 0.006024}, {"source": 55, "target": 174, "weight": 0.77}, {"source": 55, "target": 119, "weight": 0.013559}, {"source": 55, "target": 61, "weight": 0.007752}, {"source": 55, "target": 66, "weight": 0.006289}, {"source": 55, "target": 195, "weight": 0.005181}, {"source": 55, "target": 187, "weight": 0.022222}, {"source": 55, "target": 110, "weight": 0.007463}, {"source": 55, "target": 80, "weight": 0.007407}, {"source": 55, "target": 198, "weight": 0.018018}, {"source": 55, "target": 199, "weight": 0.006369}, {"source": 55, "target": 205, "weight": 0.006623}, {"source": 55, "target": 147, "weight": 0.010101}, {"source": 55, "target": 194, "weight": 0.005348}, {"source": 56, "target": 109, "weight": 0.021739}, {"source": 56, "target": 80, "weight": 0.009174}, {"source": 56, "target": 147, "weight": 0.016304}, {"source": 56, "target": 143, "weight": 0.011364}, {"source": 57, "target": 119, "weight": 0.004425}, {"source": 57, "target": 109, "weight": 0.010638}, {"source": 57, "target": 155, "weight": 0.085714}, {"source": 57, "target": 174, "weight": 0.009615}, {"source": 57, "target": 187, "weight": 0.009009}, {"source": 57, "target": 179, "weight": 0.010101}, {"source": 58, "target": 182, "weight": 0.078947}, {"source": 58, "target": 119, "weight": 0.097561}, {"source": 58, "target": 98, "weight": 0.042857}, {"source": 58, "target": 92, "weight": 0.016667}, {"source": 58, "target": 60, "weight": 0.00813}, {"source": 58, "target": 170, "weight": 0.007874}, {"source": 58, "target": 171, "weight": 0.032609}, {"source": 58, "target": 111, "weight": 0.019608}, {"source": 58, "target": 160, "weight": 0.22}, {"source": 58, "target": 161, "weight": 0.012658}, {"source": 59, "target": 127, "weight": 0.165217}, {"source": 59, "target": 197, "weight": 0.010695}, {"source": 59, "target": 187, "weight": 0.00578}, {"source": 59, "target": 204, "weight": 0.008197}, {"source": 59, "target": 134, "weight": 0.004274}, {"source": 59, "target": 179, "weight": 0.006211}, {"source": 60, "target": 117, "weight": 0.008403}, {"source": 60, "target": 119, "weight": 0.01}, {"source": 60, "target": 80, "weight": 0.007194}, {"source": 60, "target": 97, "weight": 0.008264}, {"source": 60, "target": 63, "weight": 0.00905}, {"source": 60, "target": 169, "weight": 0.006993}, {"source": 60, "target": 75, "weight": 0.006369}, {"source": 60, "target": 152, "weight": 0.009346}, {"source": 60, "target": 184, "weight": 0.02069}, {"source": 60, "target": 170, "weight": 0.019802}, {"source": 60, "target": 158, "weight": 0.005988}, {"source": 60, "target": 196, "weight": 0.006667}, {"source": 60, "target": 147, "weight": 0.002481}, {"source": 60, "target": 160, "weight": 0.020408}, {"source": 60, "target": 92, "weight": 0.007246}, {"source": 60, "target": 134, "weight": 0.008097}, {"source": 60, "target": 107, "weight": 0.012346}, {"source": 61, "target": 80, "weight": 0.028571}, {"source": 61, "target": 197, "weight": 0.007463}, {"source": 61, "target": 199, "weight": 0.010753}, {"source": 61, "target": 170, "weight": 0.007299}, {"source": 61, "target": 171, "weight": 0.009615}, {"source": 61, "target": 68, "weight": 0.02381}, {"source": 61, "target": 69, "weight": 0.007813}, {"source": 61, "target": 205, "weight": 0.011494}, {"source": 61, "target": 72, "weight": 0.011111}, {"source": 61, "target": 147, "weight": 0.002985}, {"source": 61, "target": 191, "weight": 0.008621}, {"source": 62, "target": 150, "weight": 0.08}, {"source": 62, "target": 119, "weight": 0.004444}, {"source": 62, "target": 109, "weight": 0.010753}, {"source": 62, "target": 198, "weight": 0.025641}, {"source": 62, "target": 123, "weight": 0.015625}, {"source": 62, "target": 171, "weight": 0.010526}, {"source": 62, "target": 188, "weight": 0.008065}, {"source": 62, "target": 104, "weight": 0.027273}, {"source": 62, "target": 161, "weight": 0.0125}, {"source": 62, "target": 135, "weight": 0.015873}, {"source": 63, "target": 158, "weight": 0.027174}, {"source": 63, "target": 157, "weight": 0.001701}, {"source": 63, "target": 114, "weight": 0.003165}, {"source": 63, "target": 183, "weight": 0.005038}, {"source": 63, "target": 184, "weight": 0.005952}, {"source": 63, "target": 188, "weight": 0.00905}, {"source": 63, "target": 134, "weight": 0.003717}, {"source": 63, "target": 191, "weight": 0.024876}, {"source": 63, "target": 192, "weight": 0.005263}, {"source": 63, "target": 81, "weight": 0.006135}, {"source": 63, "target": 197, "weight": 0.004484}, {"source": 63, "target": 142, "weight": 0.014634}, {"source": 63, "target": 207, "weight": 0.071823}, {"source": 64, "target": 203, "weight": 0.025641}, {"source": 64, "target": 65, "weight": 0.019608}, {"source": 64, "target": 156, "weight": 0.011364}, {"source": 65, "target": 109, "weight": 0.02}, {"source": 65, "target": 92, "weight": 0.014493}, {"source": 65, "target": 157, "weight": 0.002008}, {"source": 65, "target": 187, "weight": 0.008475}, {"source": 65, "target": 130, "weight": 0.027027}, {"source": 65, "target": 195, "weight": 0.007813}, {"source": 65, "target": 83, "weight": 0.018182}, {"source": 65, "target": 110, "weight": 0.014493}, {"source": 66, "target": 197, "weight": 0.024845}, {"source": 66, "target": 91, "weight": 0.011765}, {"source": 66, "target": 174, "weight": 0.007042}, {"source": 66, "target": 75, "weight": 0.008403}, {"source": 66, "target": 70, "weight": 0.018349}, {"source": 66, "target": 114, "weight": 0.003891}, {"source": 66, "target": 72, "weight": 0.008333}, {"source": 66, "target": 147, "weight": 0.00274}, {"source": 66, "target": 134, "weight": 0.004762}, {"source": 66, "target": 161, "weight": 0.008403}, {"source": 66, "target": 107, "weight": 0.008}, {"source": 67, "target": 184, "weight": 0.036364}, {"source": 68, "target": 108, "weight": 0.019608}, {"source": 68, "target": 199, "weight": 0.014286}, {"source": 69, "target": 119, "weight": 0.003367}, {"source": 69, "target": 124, "weight": 0.007353}, {"source": 69, "target": 170, "weight": 0.005}, {"source": 69, "target": 174, "weight": 0.005714}, {"source": 69, "target": 205, "weight": 0.006667}, {"source": 69, "target": 147, "weight": 0.002513}, {"source": 70, "target": 117, "weight": 0.015152}, {"source": 70, "target": 78, "weight": 0.012987}, {"source": 70, "target": 97, "weight": 0.014706}, {"source": 70, "target": 122, "weight": 0.169231}, {"source": 70, "target": 197, "weight": 0.006711}, {"source": 70, "target": 158, "weight": 0.008772}, {"source": 70, "target": 196, "weight": 0.020833}, {"source": 70, "target": 175, "weight": 0.008929}, {"source": 70, "target": 112, "weight": 0.0125}, {"source": 70, "target": 147, "weight": 0.002857}, {"source": 70, "target": 134, "weight": 0.152941}, {"source": 70, "target": 135, "weight": 0.011494}, {"source": 70, "target": 107, "weight": 0.018349}, {"source": 72, "target": 197, "weight": 0.012658}, {"source": 72, "target": 170, "weight": 0.012422}, {"source": 72, "target": 147, "weight": 0.002778}, {"source": 72, "target": 134, "weight": 0.004878}, {"source": 72, "target": 194, "weight": 0.013605}, {"source": 72, "target": 92, "weight": 0.010526}, {"source": 73, "target": 80, "weight": 0.014925}, {"source": 73, "target": 197, "weight": 0.007692}, {"source": 73, "target": 125, "weight": 0.102041}, {"source": 73, "target": 157, "weight": 0.004049}, {"source": 73, "target": 170, "weight": 0.007519}, {"source": 73, "target": 129, "weight": 0.028571}, {"source": 73, "target": 75, "weight": 0.011765}, {"source": 74, "target": 170, "weight": 0.007246}, {"source": 75, "target": 119, "weight": 0.003876}, {"source": 75, "target": 109, "weight": 0.007937}, {"source": 75, "target": 169, "weight": 0.5625}, {"source": 75, "target": 187, "weight": 0.006993}, {"source": 75, "target": 157, "weight": 0.001912}, {"source": 75, "target": 194, "weight": 0.006803}, {"source": 75, "target": 107, "weight": 0.2}, {"source": 76, "target": 137, "weight": 0.010989}, {"source": 76, "target": 109, "weight": 0.008333}, {"source": 76, "target": 101, "weight": 0.028986}, {"source": 76, "target": 199, "weight": 0.009009}, {"source": 76, "target": 113, "weight": 0.016667}, {"source": 76, "target": 147, "weight": 0.002833}, {"source": 76, "target": 104, "weight": 0.007194}, {"source": 76, "target": 110, "weight": 0.011364}, {"source": 76, "target": 179, "weight": 0.05}, {"source": 77, "target": 127, "weight": 0.013889}, {"source": 77, "target": 134, "weight": 0.00578}, {"source": 77, "target": 204, "weight": 0.016393}, {"source": 78, "target": 127, "weight": 0.013158}, {"source": 78, "target": 122, "weight": 0.234043}, {"source": 78, "target": 112, "weight": 0.067797}, {"source": 78, "target": 147, "weight": 0.003012}, {"source": 78, "target": 114, "weight": 0.004464}, {"source": 79, "target": 148, "weight": 0.117647}, {"source": 79, "target": 88, "weight": 0.017544}, {"source": 79, "target": 146, "weight": 0.05}, {"source": 80, "target": 157, "weight": 0.003968}, {"source": 80, "target": 104, "weight": 0.015873}, {"source": 80, "target": 161, "weight": 0.010526}, {"source": 80, "target": 170, "weight": 0.006993}, {"source": 80, "target": 173, "weight": 0.011905}, {"source": 80, "target": 174, "weight": 0.008475}, {"source": 80, "target": 114, "weight": 0.008621}, {"source": 80, "target": 121, "weight": 0.011765}, {"source": 80, "target": 138, "weight": 0.020408}, {"source": 80, "target": 197, "weight": 0.007143}, {"source": 80, "target": 86, "weight": 0.013514}, {"source": 80, "target": 147, "weight": 0.002933}, {"source": 81, "target": 197, "weight": 0.014085}, {"source": 81, "target": 89, "weight": 0.014286}, {"source": 82, "target": 170, "weight": 0.007246}, {"source": 83, "target": 137, "weight": 0.015625}, {"source": 83, "target": 132, "weight": 0.020408}, {"source": 83, "target": 109, "weight": 0.010753}, {"source": 83, "target": 188, "weight": 0.008065}, {"source": 83, "target": 147, "weight": 0.003067}, {"source": 83, "target": 143, "weight": 0.02439}, {"source": 83, "target": 135, "weight": 0.015873}, {"source": 84, "target": 119, "weight": 0.004329}, {"source": 84, "target": 153, "weight": 0.027027}, {"source": 84, "target": 99, "weight": 0.017857}, {"source": 84, "target": 125, "weight": 0.037736}, {"source": 84, "target": 196, "weight": 0.025641}, {"source": 84, "target": 205, "weight": 0.036585}, {"source": 84, "target": 147, "weight": 0.07767}, {"source": 84, "target": 160, "weight": 0.007813}, {"source": 84, "target": 134, "weight": 0.011364}, {"source": 84, "target": 197, "weight": 0.023256}, {"source": 84, "target": 135, "weight": 0.076923}, {"source": 84, "target": 107, "weight": 0.01087}, {"source": 85, "target": 170, "weight": 0.008621}, {"source": 86, "target": 119, "weight": 0.012766}, {"source": 86, "target": 98, "weight": 0.036145}, {"source": 86, "target": 123, "weight": 0.013158}, {"source": 86, "target": 188, "weight": 0.022388}, {"source": 86, "target": 195, "weight": 0.007576}, {"source": 86, "target": 147, "weight": 0.01194}, {"source": 86, "target": 104, "weight": 0.033058}, {"source": 86, "target": 110, "weight": 0.013699}, {"source": 86, "target": 135, "weight": 0.041096}, {"source": 87, "target": 117, "weight": 0.014925}, {"source": 87, "target": 97, "weight": 0.014493}, {"source": 87, "target": 196, "weight": 0.010204}, {"source": 87, "target": 204, "weight": 0.011905}, {"source": 87, "target": 134, "weight": 0.005102}, {"source": 87, "target": 145, "weight": 0.017857}, {"source": 88, "target": 108, "weight": 0.010989}, {"source": 88, "target": 181, "weight": 0.25}, {"source": 88, "target": 148, "weight": 0.016667}, {"source": 88, "target": 126, "weight": 0.012987}, {"source": 88, "target": 93, "weight": 0.032258}, {"source": 88, "target": 173, "weight": 0.010526}, {"source": 88, "target": 187, "weight": 0.007353}, {"source": 88, "target": 132, "weight": 0.013333}, {"source": 88, "target": 146, "weight": 0.032787}, {"source": 88, "target": 200, "weight": 0.016949}, {"source": 89, "target": 197, "weight": 0.007692}, {"source": 89, "target": 169, "weight": 0.014085}, {"source": 89, "target": 157, "weight": 0.00202}, {"source": 89, "target": 195, "weight": 0.008}, {"source": 89, "target": 205, "weight": 0.02439}, {"source": 89, "target": 191, "weight": 0.027273}, {"source": 89, "target": 192, "weight": 0.010309}, {"source": 90, "target": 179, "weight": 0.011236}, {"source": 91, "target": 124, "weight": 0.015873}, {"source": 91, "target": 119, "weight": 0.004464}, {"source": 91, "target": 204, "weight": 0.017241}, {"source": 92, "target": 98, "weight": 0.035294}, {"source": 92, "target": 158, "weight": 0.009615}, {"source": 92, "target": 157, "weight": 0.003976}, {"source": 92, "target": 160, "weight": 0.014815}, {"source": 92, "target": 182, "weight": 0.037037}, {"source": 92, "target": 170, "weight": 0.007042}, {"source": 92, "target": 171, "weight": 0.018519}, {"source": 92, "target": 173, "weight": 0.012048}, {"source": 92, "target": 150, "weight": 0.014925}, {"source": 92, "target": 119, "weight": 0.021277}, {"source": 92, "target": 183, "weight": 0.003185}, {"source": 92, "target": 184, "weight": 0.024096}, {"source": 92, "target": 139, "weight": 0.014286}, {"source": 92, "target": 201, "weight": 0.036145}, {"source": 92, "target": 140, "weight": 0.010309}, {"source": 93, "target": 181, "weight": 0.064516}, {"source": 93, "target": 124, "weight": 0.011628}, {"source": 93, "target": 195, "weight": 0.007042}, {"source": 93, "target": 187, "weight": 0.007576}, {"source": 94, "target": 189, "weight": 0.016129}, {"source": 95, "target": 127, "weight": 0.019231}, {"source": 96, "target": 137, "weight": 0.020408}, {"source": 96, "target": 174, "weight": 0.011364}, {"source": 96, "target": 109, "weight": 0.012821}, {"source": 96, "target": 110, "weight": 0.205128}, {"source": 97, "target": 117, "weight": 0.73913}, {"source": 97, "target": 184, "weight": 0.014925}, {"source": 97, "target": 142, "weight": 0.009434}, {"source": 97, "target": 196, "weight": 0.339623}, {"source": 97, "target": 114, "weight": 0.004651}, {"source": 97, "target": 134, "weight": 0.119205}, {"source": 97, "target": 191, "weight": 0.029412}, {"source": 98, "target": 149, "weight": 0.014085}, {"source": 98, "target": 198, "weight": 0.03125}, {"source": 98, "target": 199, "weight": 0.009091}, {"source": 98, "target": 157, "weight": 0.009766}, {"source": 98, "target": 160, "weight": 0.020548}, {"source": 98, "target": 161, "weight": 0.009434}, {"source": 98, "target": 182, "weight": 0.030303}, {"source": 98, "target": 109, "weight": 0.016949}, {"source": 98, "target": 111, "weight": 0.025974}, {"source": 98, "target": 171, "weight": 0.270833}, {"source": 98, "target": 173, "weight": 0.021277}, {"source": 98, "target": 174, "weight": 0.015625}, {"source": 98, "target": 114, "weight": 0.012397}, {"source": 98, "target": 150, "weight": 0.052632}, {"source": 98, "target": 119, "weight": 0.217391}, {"source": 98, "target": 141, "weight": 0.010753}, {"source": 98, "target": 110, "weight": 0.011494}, {"source": 98, "target": 104, "weight": 0.014599}, {"source": 98, "target": 100, "weight": 0.019231}, {"source": 98, "target": 147, "weight": 0.008571}, {"source": 99, "target": 183, "weight": 0.0033}, {"source": 99, "target": 140, "weight": 0.011628}, {"source": 99, "target": 197, "weight": 0.007813}, {"source": 99, "target": 175, "weight": 0.010989}, {"source": 99, "target": 157, "weight": 0.002028}, {"source": 99, "target": 147, "weight": 0.00304}, {"source": 100, "target": 119, "weight": 0.004902}, {"source": 101, "target": 164, "weight": 0.156863}, {"source": 101, "target": 104, "weight": 0.038095}, {"source": 101, "target": 185, "weight": 0.040816}, {"source": 101, "target": 195, "weight": 0.017391}, {"source": 101, "target": 157, "weight": 0.004124}, {"source": 101, "target": 179, "weight": 0.202532}, {"source": 102, "target": 195, "weight": 0.009524}, {"source": 102, "target": 187, "weight": 0.021277}, {"source": 102, "target": 104, "weight": 0.010309}, {"source": 103, "target": 199, "weight": 0.00885}, {"source": 103, "target": 188, "weight": 0.362832}, {"source": 103, "target": 207, "weight": 0.008065}, {"source": 103, "target": 135, "weight": 0.01087}, {"source": 104, "target": 123, "weight": 0.031746}, {"source": 104, "target": 157, "weight": 0.01275}, {"source": 104, "target": 161, "weight": 0.006897}, {"source": 104, "target": 108, "weight": 0.007692}, {"source": 104, "target": 164, "weight": 0.027473}, {"source": 104, "target": 109, "weight": 0.006329}, {"source": 104, "target": 174, "weight": 0.005952}, {"source": 104, "target": 114, "weight": 0.017921}, {"source": 104, "target": 179, "weight": 0.012346}, {"source": 104, "target": 175, "weight": 0.006536}, {"source": 104, "target": 119, "weight": 0.00692}, {"source": 104, "target": 183, "weight": 0.005495}, {"source": 104, "target": 126, "weight": 0.035398}, {"source": 104, "target": 185, "weight": 0.008403}, {"source": 104, "target": 195, "weight": 0.231788}, {"source": 104, "target": 187, "weight": 0.04142}, {"source": 104, "target": 188, "weight": 0.027027}, {"source": 104, "target": 134, "weight": 0.004237}, {"source": 104, "target": 135, "weight": 0.040323}, {"source": 104, "target": 137, "weight": 0.007752}, {"source": 104, "target": 140, "weight": 0.006757}, {"source": 104, "target": 141, "weight": 0.007576}, {"source": 104, "target": 199, "weight": 0.006711}, {"source": 104, "target": 115, "weight": 0.006024}, {"source": 104, "target": 147, "weight": 0.01292}, {"source": 106, "target": 197, "weight": 0.015748}, {"source": 106, "target": 170, "weight": 0.015385}, {"source": 106, "target": 205, "weight": 0.051282}, {"source": 106, "target": 134, "weight": 0.005747}, {"source": 106, "target": 110, "weight": 0.015625}, {"source": 107, "target": 163, "weight": 0.013699}, {"source": 107, "target": 169, "weight": 0.232558}, {"source": 107, "target": 197, "weight": 0.006098}, {"source": 107, "target": 170, "weight": 0.012048}, {"source": 107, "target": 147, "weight": 0.00274}, {"source": 107, "target": 134, "weight": 0.009569}, {"source": 108, "target": 181, "weight": 0.016393}, {"source": 108, "target": 199, "weight": 0.009804}, {"source": 108, "target": 195, "weight": 0.014599}, {"source": 108, "target": 188, "weight": 0.007042}, {"source": 108, "target": 147, "weight": 0.002907}, {"source": 108, "target": 207, "weight": 0.00885}, {"source": 108, "target": 110, "weight": 0.012658}, {"source": 108, "target": 134, "weight": 0.005291}, {"source": 109, "target": 157, "weight": 0.013208}, {"source": 109, "target": 160, "weight": 0.005952}, {"source": 109, "target": 140, "weight": 0.007752}, {"source": 109, "target": 164, "weight": 0.005988}, {"source": 109, "target": 110, "weight": 0.009346}, {"source": 109, "target": 171, "weight": 0.007092}, {"source": 109, "target": 174, "weight": 0.006711}, {"source": 109, "target": 112, "weight": 0.009804}, {"source": 109, "target": 114, "weight": 0.01145}, {"source": 109, "target": 143, "weight": 0.011494}, {"source": 109, "target": 119, "weight": 0.007407}, {"source": 109, "target": 169, "weight": 0.008929}, {"source": 109, "target": 183, "weight": 0.00289}, {"source": 109, "target": 185, "weight": 0.01}, {"source": 109, "target": 121, "weight": 0.026316}, {"source": 109, "target": 187, "weight": 0.00641}, {"source": 109, "target": 137, "weight": 0.009091}, {"source": 109, "target": 191, "weight": 0.013158}, {"source": 109, "target": 142, "weight": 0.006452}, {"source": 109, "target": 115, "weight": 0.006803}, {"source": 109, "target": 205, "weight": 0.008065}, {"source": 109, "target": 147, "weight": 0.008108}, {"source": 109, "target": 194, "weight": 0.00625}, {"source": 110, "target": 113, "weight": 0.021277}, {"source": 110, "target": 157, "weight": 0.005976}, {"source": 110, "target": 164, "weight": 0.007407}, {"source": 110, "target": 174, "weight": 0.008547}, {"source": 110, "target": 114, "weight": 0.00431}, {"source": 110, "target": 119, "weight": 0.004184}, {"source": 110, "target": 147, "weight": 0.0059}, {"source": 110, "target": 191, "weight": 0.008264}, {"source": 110, "target": 137, "weight": 0.012821}, {"source": 110, "target": 138, "weight": 0.020833}, {"source": 110, "target": 199, "weight": 0.053191}, {"source": 110, "target": 205, "weight": 0.01087}, {"source": 111, "target": 182, "weight": 0.021739}, {"source": 111, "target": 119, "weight": 0.013158}, {"source": 111, "target": 128, "weight": 0.025}, {"source": 111, "target": 187, "weight": 0.008696}, {"source": 111, "target": 147, "weight": 0.021538}, {"source": 111, "target": 160, "weight": 0.015873}, {"source": 111, "target": 194, "weight": 0.008403}, {"source": 111, "target": 134, "weight": 0.005682}, {"source": 112, "target": 195, "weight": 0.015625}, {"source": 112, "target": 187, "weight": 0.008403}, {"source": 112, "target": 147, "weight": 0.002985}, {"source": 112, "target": 179, "weight": 0.058824}, {"source": 113, "target": 164, "weight": 0.009346}, {"source": 113, "target": 199, "weight": 0.014286}, {"source": 113, "target": 147, "weight": 0.003205}, {"source": 114, "target": 123, "weight": 0.004255}, {"source": 114, "target": 174, "weight": 0.007326}, {"source": 114, "target": 119, "weight": 0.007614}, {"source": 114, "target": 184, "weight": 0.004149}, {"source": 114, "target": 195, "weight": 0.003436}, {"source": 114, "target": 196, "weight": 0.004098}, {"source": 114, "target": 188, "weight": 0.013699}, {"source": 114, "target": 133, "weight": 0.00463}, {"source": 114, "target": 134, "weight": 0.005865}, {"source": 114, "target": 135, "weight": 0.017316}, {"source": 114, "target": 137, "weight": 0.008547}, {"source": 114, "target": 198, "weight": 0.004762}, {"source": 114, "target": 179, "weight": 0.003717}, {"source": 114, "target": 147, "weight": 0.174528}, {"source": 114, "target": 194, "weight": 0.003509}, {"source": 115, "target": 137, "weight": 0.017094}, {"source": 115, "target": 128, "weight": 0.011236}, {"source": 115, "target": 174, "weight": 0.006369}, {"source": 115, "target": 147, "weight": 0.013298}, {"source": 115, "target": 207, "weight": 0.006711}, {"source": 115, "target": 134, "weight": 0.013453}, {"source": 115, "target": 135, "weight": 0.008547}, {"source": 116, "target": 201, "weight": 0.011111}, {"source": 116, "target": 197, "weight": 0.013986}, {"source": 116, "target": 194, "weight": 0.007519}, {"source": 117, "target": 184, "weight": 0.015385}, {"source": 117, "target": 196, "weight": 0.326923}, {"source": 117, "target": 134, "weight": 0.113333}, {"source": 117, "target": 191, "weight": 0.019802}, {"source": 118, "target": 161, "weight": 0.015152}, {"source": 119, "target": 149, "weight": 0.004484}, {"source": 119, "target": 150, "weight": 0.017544}, {"source": 119, "target": 151, "weight": 0.004587}, {"source": 119, "target": 199, "weight": 0.015444}, {"source": 119, "target": 157, "weight": 0.019817}, {"source": 119, "target": 160, "weight": 0.148855}, {"source": 119, "target": 161, "weight": 0.003876}, {"source": 119, "target": 182, "weight": 0.018519}, {"source": 119, "target": 191, "weight": 0.003509}, {"source": 119, "target": 168, "weight": 0.003846}, {"source": 119, "target": 170, "weight": 0.003268}, {"source": 119, "target": 171, "weight": 0.118367}, {"source": 119, "target": 198, "weight": 0.023474}, {"source": 119, "target": 173, "weight": 0.00813}, {"source": 119, "target": 174, "weight": 0.010753}, {"source": 119, "target": 201, "weight": 0.004016}, {"source": 119, "target": 175, "weight": 0.003759}, {"source": 119, "target": 125, "weight": 0.004425}, {"source": 119, "target": 183, "weight": 0.004193}, {"source": 119, "target": 189, "weight": 0.011858}, {"source": 119, "target": 134, "weight": 0.005747}, {"source": 119, "target": 141, "weight": 0.004082}, {"source": 119, "target": 192, "weight": 0.011194}, {"source": 119, "target": 139, "weight": 0.004274}, {"source": 119, "target": 196, "weight": 0.003984}, {"source": 119, "target": 187, "weight": 0.014035}, {"source": 119, "target": 142, "weight": 0.003484}, {"source": 119, "target": 166, "weight": 0.004587}, {"source": 119, "target": 205, "weight": 0.003906}, {"source": 119, "target": 147, "weight": 0.012024}, {"source": 119, "target": 194, "weight": 0.003425}, {"source": 120, "target": 177, "weight": 0.54717}, {"source": 121, "target": 147, "weight": 0.002865}, {"source": 121, "target": 143, "weight": 0.015625}, {"source": 122, "target": 147, "weight": 0.00303}, {"source": 122, "target": 134, "weight": 0.017341}, {"source": 123, "target": 195, "weight": 0.014706}, {"source": 123, "target": 157, "weight": 0.005941}, {"source": 123, "target": 143, "weight": 0.372093}, {"source": 123, "target": 183, "weight": 0.003155}, {"source": 123, "target": 187, "weight": 0.007874}, {"source": 123, "target": 188, "weight": 0.007092}, {"source": 123, "target": 159, "weight": 0.380952}, {"source": 123, "target": 147, "weight": 0.002915}, {"source": 123, "target": 135, "weight": 0.0125}, {"source": 124, "target": 151, "weight": 0.017544}, {"source": 124, "target": 183, "weight": 0.003155}, {"source": 124, "target": 188, "weight": 0.014286}, {"source": 124, "target": 157, "weight": 0.001972}, {"source": 124, "target": 147, "weight": 0.002915}, {"source": 124, "target": 194, "weight": 0.007634}, {"source": 125, "target": 153, "weight": 0.03125}, {"source": 125, "target": 157, "weight": 0.002037}, {"source": 125, "target": 129, "weight": 0.032258}, {"source": 125, "target": 147, "weight": 0.003058}, {"source": 125, "target": 160, "weight": 0.00813}, {"source": 126, "target": 174, "weight": 0.009346}, {"source": 126, "target": 195, "weight": 0.01626}, {"source": 126, "target": 187, "weight": 0.026786}, {"source": 127, "target": 168, "weight": 0.009524}, {"source": 127, "target": 141, "weight": 0.011111}, {"source": 128, "target": 187, "weight": 0.010204}, {"source": 131, "target": 154, "weight": 0.642857}, {"source": 131, "target": 205, "weight": 0.013333}, {"source": 132, "target": 173, "weight": 0.043478}, {"source": 133, "target": 183, "weight": 0.010135}, {"source": 133, "target": 142, "weight": 0.009346}, {"source": 133, "target": 173, "weight": 0.014925}, {"source": 133, "target": 204, "weight": 0.017544}, {"source": 133, "target": 138, "weight": 0.03125}, {"source": 134, "target": 155, "weight": 0.012579}, {"source": 134, "target": 157, "weight": 0.001629}, {"source": 134, "target": 156, "weight": 0.00463}, {"source": 134, "target": 160, "weight": 0.004065}, {"source": 134, "target": 170, "weight": 0.003968}, {"source": 134, "target": 144, "weight": 0.006289}, {"source": 134, "target": 175, "weight": 0.039024}, {"source": 134, "target": 183, "weight": 0.007109}, {"source": 134, "target": 184, "weight": 0.005155}, {"source": 134, "target": 196, "weight": 0.294118}, {"source": 134, "target": 189, "weight": 0.015075}, {"source": 134, "target": 190, "weight": 0.005618}, {"source": 134, "target": 191, "weight": 0.031111}, {"source": 134, "target": 192, "weight": 0.00463}, {"source": 134, "target": 135, "weight": 0.010753}, {"source": 134, "target": 139, "weight": 0.022599}, {"source": 134, "target": 195, "weight": 0.004098}, {"source": 134, "target": 197, "weight": 0.020408}, {"source": 134, "target": 199, "weight": 0.004808}, {"source": 134, "target": 142, "weight": 0.008621}, {"source": 134, "target": 205, "weight": 0.00495}, {"source": 134, "target": 147, "weight": 0.018059}, {"source": 135, "target": 157, "weight": 0.00396}, {"source": 135, "target": 183, "weight": 0.003165}, {"source": 135, "target": 196, "weight": 0.011236}, {"source": 135, "target": 188, "weight": 0.110236}, {"source": 135, "target": 138, "weight": 0.02}, {"source": 135, "target": 197, "weight": 0.007092}, {"source": 135, "target": 147, "weight": 0.045732}, {"source": 135, "target": 207, "weight": 0.009009}, {"source": 137, "target": 157, "weight": 0.001972}, {"source": 137, "target": 164, "weight": 0.007246}, {"source": 137, "target": 171, "weight": 0.008929}, {"source": 137, "target": 185, "weight": 0.014085}, {"source": 137, "target": 193, "weight": 0.052632}, {"source": 137, "target": 192, "weight": 0.009174}, {"source": 137, "target": 140, "weight": 0.01}, {"source": 137, "target": 198, "weight": 0.017857}, {"source": 137, "target": 199, "weight": 0.009901}, {"source": 137, "target": 207, "weight": 0.008929}, {"source": 138, "target": 199, "weight": 0.014085}, {"source": 138, "target": 188, "weight": 0.009009}, {"source": 139, "target": 197, "weight": 0.007463}, {"source": 139, "target": 184, "weight": 0.012658}, {"source": 139, "target": 144, "weight": 0.046512}, {"source": 139, "target": 175, "weight": 0.020833}, {"source": 139, "target": 160, "weight": 0.007634}, {"source": 140, "target": 188, "weight": 0.00625}, {"source": 140, "target": 147, "weight": 0.002762}, {"source": 140, "target": 207, "weight": 0.007634}, {"source": 140, "target": 179, "weight": 0.007463}, {"source": 141, "target": 187, "weight": 0.007692}, {"source": 141, "target": 147, "weight": 0.008721}, {"source": 141, "target": 179, "weight": 0.025862}, {"source": 142, "target": 154, "weight": 0.009091}, {"source": 142, "target": 158, "weight": 0.02}, {"source": 142, "target": 194, "weight": 0.005682}, {"source": 142, "target": 196, "weight": 0.007407}, {"source": 142, "target": 188, "weight": 0.010811}, {"source": 142, "target": 204, "weight": 0.008264}, {"source": 142, "target": 147, "weight": 0.002577}, {"source": 142, "target": 160, "weight": 0.010929}, {"source": 142, "target": 207, "weight": 0.012821}, {"source": 143, "target": 159, "weight": 0.842105}, {"source": 143, "target": 147, "weight": 0.003125}, {"source": 144, "target": 184, "weight": 0.017241}, {"source": 146, "target": 183, "weight": 0.00346}, {"source": 146, "target": 148, "weight": 0.043478}, {"source": 147, "target": 195, "weight": 0.007557}, {"source": 147, "target": 157, "weight": 0.032172}, {"source": 147, "target": 196, "weight": 0.011461}, {"source": 147, "target": 156, "weight": 0.01087}, {"source": 147, "target": 159, "weight": 0.003135}, {"source": 147, "target": 160, "weight": 0.002494}, {"source": 147, "target": 161, "weight": 0.008403}, {"source": 147, "target": 163, "weight": 0.003195}, {"source": 147, "target": 164, "weight": 0.0025}, {"source": 147, "target": 170, "weight": 0.002457}, {"source": 147, "target": 171, "weight": 0.002674}, {"source": 147, "target": 172, "weight": 0.003096}, {"source": 147, "target": 173, "weight": 0.002874}, {"source": 147, "target": 174, "weight": 0.010554}, {"source": 147, "target": 175, "weight": 0.005464}, {"source": 147, "target": 182, "weight": 0.003125}, {"source": 147, "target": 183, "weight": 0.019332}, {"source": 147, "target": 187, "weight": 0.002571}, {"source": 147, "target": 188, "weight": 0.004975}, {"source": 147, "target": 190, "weight": 0.003003}, {"source": 147, "target": 191, "weight": 0.010444}, {"source": 147, "target": 192, "weight": 0.002695}, {"source": 147, "target": 207, "weight": 0.002674}, {"source": 147, "target": 197, "weight": 0.0125}, {"source": 147, "target": 198, "weight": 0.003145}, {"source": 147, "target": 199, "weight": 0.005525}, {"source": 147, "target": 203, "weight": 0.003106}, {"source": 147, "target": 205, "weight": 0.011299}, {"source": 147, "target": 194, "weight": 0.018088}, {"source": 149, "target": 198, "weight": 0.027027}, {"source": 149, "target": 171, "weight": 0.093023}, {"source": 149, "target": 174, "weight": 0.02}, {"source": 149, "target": 151, "weight": 0.026316}, {"source": 149, "target": 161, "weight": 0.025974}, {"source": 149, "target": 162, "weight": 0.032258}, {"source": 151, "target": 179, "weight": 0.010989}, {"source": 154, "target": 205, "weight": 0.012658}, {"source": 155, "target": 157, "weight": 0.008403}, {"source": 155, "target": 186, "weight": 0.033333}, {"source": 155, "target": 205, "weight": 0.014925}, {"source": 155, "target": 191, "weight": 0.102273}, {"source": 156, "target": 187, "weight": 0.006452}, {"source": 156, "target": 179, "weight": 0.006993}, {"source": 157, "target": 160, "weight": 0.003546}, {"source": 157, "target": 206, "weight": 0.002132}, {"source": 157, "target": 174, "weight": 0.032075}, {"source": 157, "target": 169, "weight": 0.001965}, {"source": 157, "target": 195, "weight": 0.016216}, {"source": 157, "target": 187, "weight": 0.014652}, {"source": 157, "target": 197, "weight": 0.003527}, {"source": 157, "target": 198, "weight": 0.00625}, {"source": 157, "target": 199, "weight": 0.007634}, {"source": 157, "target": 179, "weight": 0.014981}, {"source": 157, "target": 188, "weight": 0.001764}, {"source": 157, "target": 205, "weight": 0.001919}, {"source": 157, "target": 207, "weight": 0.009363}, {"source": 158, "target": 184, "weight": 0.017857}, {"source": 158, "target": 170, "weight": 0.005848}, {"source": 160, "target": 199, "weight": 0.006289}, {"source": 160, "target": 161, "weight": 0.006452}, {"source": 160, "target": 182, "weight": 0.026316}, {"source": 160, "target": 170, "weight": 0.035533}, {"source": 160, "target": 171, "weight": 0.017857}, {"source": 160, "target": 174, "weight": 0.005618}, {"source": 160, "target": 175, "weight": 0.006135}, {"source": 160, "target": 196, "weight": 0.006757}, {"source": 160, "target": 189, "weight": 0.013245}, {"source": 160, "target": 191, "weight": 0.005495}, {"source": 160, "target": 205, "weight": 0.006536}, {"source": 161, "target": 199, "weight": 0.008547}, {"source": 161, "target": 174, "weight": 0.045802}, {"source": 161, "target": 188, "weight": 0.006369}, {"source": 163, "target": 197, "weight": 0.018018}, {"source": 164, "target": 199, "weight": 0.006329}, {"source": 164, "target": 195, "weight": 0.010363}, {"source": 164, "target": 179, "weight": 0.262774}, {"source": 165, "target": 187, "weight": 0.010753}, {"source": 165, "target": 179, "weight": 0.012346}, {"source": 169, "target": 187, "weight": 0.007752}, {"source": 170, "target": 176, "weight": 0.019231}, {"source": 170, "target": 183, "weight": 0.002625}, {"source": 170, "target": 189, "weight": 0.006329}, {"source": 170, "target": 190, "weight": 0.007407}, {"source": 170, "target": 191, "weight": 0.016129}, {"source": 170, "target": 197, "weight": 0.019704}, {"source": 170, "target": 201, "weight": 0.006579}, {"source": 170, "target": 205, "weight": 0.006289}, {"source": 170, "target": 194, "weight": 0.010309}, {"source": 171, "target": 198, "weight": 0.1}, {"source": 171, "target": 199, "weight": 0.007576}, {"source": 171, "target": 182, "weight": 0.022727}, {"source": 171, "target": 174, "weight": 0.041096}, {"source": 172, "target": 197, "weight": 0.008197}, {"source": 173, "target": 179, "weight": 0.008333}, {"source": 174, "target": 199, "weight": 0.007143}, {"source": 174, "target": 195, "weight": 0.005682}, {"source": 174, "target": 192, "weight": 0.013605}, {"source": 174, "target": 198, "weight": 0.010526}, {"source": 174, "target": 187, "weight": 0.018293}, {"source": 174, "target": 205, "weight": 0.007463}, {"source": 174, "target": 194, "weight": 0.005882}, {"source": 175, "target": 196, "weight": 0.008772}, {"source": 175, "target": 201, "weight": 0.008929}, {"source": 175, "target": 187, "weight": 0.006623}, {"source": 175, "target": 205, "weight": 0.016949}, {"source": 175, "target": 197, "weight": 0.006024}, {"source": 176, "target": 197, "weight": 0.012987}, {"source": 176, "target": 207, "weight": 0.016129}, {"source": 176, "target": 184, "weight": 0.01}, {"source": 178, "target": 187, "weight": 0.008929}, {"source": 179, "target": 183, "weight": 0.002849}, {"source": 179, "target": 185, "weight": 0.232558}, {"source": 179, "target": 195, "weight": 0.011765}, {"source": 179, "target": 187, "weight": 0.006211}, {"source": 179, "target": 203, "weight": 0.010638}, {"source": 179, "target": 192, "weight": 0.006993}, {"source": 179, "target": 207, "weight": 0.006849}, {"source": 181, "target": 187, "weight": 0.009434}, {"source": 183, "target": 188, "weight": 0.041322}, {"source": 183, "target": 207, "weight": 0.032544}, {"source": 183, "target": 194, "weight": 0.033708}, {"source": 184, "target": 196, "weight": 0.010417}, {"source": 184, "target": 205, "weight": 0.009901}, {"source": 184, "target": 191, "weight": 0.007692}, {"source": 187, "target": 195, "weight": 0.010989}, {"source": 187, "target": 203, "weight": 0.009434}, {"source": 187, "target": 192, "weight": 0.019608}, {"source": 187, "target": 197, "weight": 0.005319}, {"source": 187, "target": 207, "weight": 0.006329}, {"source": 188, "target": 199, "weight": 0.006211}, {"source": 188, "target": 207, "weight": 0.074534}, {"source": 189, "target": 197, "weight": 0.006452}, {"source": 189, "target": 199, "weight": 0.008772}, {"source": 189, "target": 196, "weight": 0.009709}, {"source": 189, "target": 205, "weight": 0.009259}, {"source": 190, "target": 205, "weight": 0.02381}, {"source": 191, "target": 196, "weight": 0.022901}, {"source": 191, "target": 197, "weight": 0.01087}, {"source": 191, "target": 205, "weight": 0.336538}, {"source": 192, "target": 195, "weight": 0.006061}, {"source": 192, "target": 207, "weight": 0.014388}, {"source": 195, "target": 203, "weight": 0.017391}, {"source": 195, "target": 207, "weight": 0.005952}, {"source": 196, "target": 197, "weight": 0.013333}, {"source": 197, "target": 205, "weight": 0.012903}, {"source": 198, "target": 199, "weight": 0.013158}, {"source": 199, "target": 204, "weight": 0.010417}, {"source": 199, "target": 207, "weight": 0.007576}, {"source": 202, "target": 204, "weight": 0.016949}], "multigraph": false}