{"directed": false, "graph": {}, "nodes": [{"group": 0, "id": "mute", "degree": 29}, {"group": 1, "id": "muffin", "degree": 1}, {"group": 2, "id": "mutt"}, {"group": 0, "id": "multilateral", "degree": 0}, {"group": 2, "id": "muzzle"}, {"group": 3, "id": "mummer"}, {"group": 6, "id": "munition"}, {"group": 1, "id": "musketry", "degree": 4}, {"group": 1, "id": "must", "degree": 8}, {"group": 4, "id": "municipal", "degree": 1}, {"group": 2, "id": "musket"}, {"group": 2, "id": "muttering"}, {"group": 2, "id": "muddle", "degree": 27}, {"group": 2, "id": "murk"}, {"group": 2, "id": "mugger"}, {"group": 5, "id": "mudpack", "degree": 0}, {"group": 2, "id": "mushiness", "degree": 6}, {"group": 1, "id": "multifarious"}, {"group": 0, "id": "mussy"}, {"group": 2, "id": "muff", "degree": 10}, {"group": 6, "id": "muscularity"}, {"group": 2, "id": "mucilage"}, {"group": 17, "id": "muttonheaded", "degree": 0}, {"group": 1, "id": "multiplying", "degree": 8}, {"group": 7, "id": "mural", "degree": 5}, {"group": 8, "id": "multicolored"}, {"group": 18, "id": "musk", "degree": 0}, {"group": 1, "id": "munitions"}, {"group": 9, "id": "mutineer"}, {"group": 10, "id": "mutton", "degree": 0}, {"group": 0, "id": "muted", "degree": 19}, {"group": 0, "id": "musty", "degree": 14}, {"group": 8, "id": "multifaceted"}, {"group": 3, "id": "musky", "degree": 0}, {"group": 2, "id": "mud"}, {"group": 2, "id": "mug", "degree": 35}, {"group": 12, "id": "mutation"}, {"group": 0, "id": "mum"}, {"group": 1, "id": "multitude"}, {"group": 8, "id": "multinational", "degree": 7}, {"group": 1, "id": "multiplied"}, {"group": 0, "id": "muffler"}, {"group": 2, "id": "mull", "degree": 11}, {"group": 13, "id": "munching", "degree": 0}, {"group": 15, "id": "mudslinging", "degree": 1}, {"group": 2, "id": "mule"}, {"group": 14, "id": "murdered", "degree": 2}, {"group": 7, "id": "musing", "degree": 3}, {"group": 2, "id": "murmur"}, {"group": 2, "id": "mutilate", "degree": 21}, {"group": 9, "id": "mulish"}, {"group": 2, "id": "mummery", "degree": 11}, {"group": 0, "id": "mucky", "degree": 14}, {"group": 6, "id": "musculature"}, {"group": 8, "id": "mutually"}, {"group": 16, "id": "musicologist", "degree": 0}, {"group": 9, "id": "mugging", "degree": 5}, {"group": 2, "id": "murderer"}, {"group": 11, "id": "mummification", "degree": 8}, {"group": 11, "id": "museum", "degree": 2}, {"group": 9, "id": "murmurer", "degree": 7}, {"group": 0, "id": "muddleheaded", "degree": 5}, {"group": 2, "id": "murmuring"}, {"group": 4, "id": "municipality", "degree": 0}, {"group": 11, "id": "mummify"}, {"group": 8, "id": "mullion"}, {"group": 1, "id": "multiply", "degree": 13}, {"group": 0, "id": "murmured"}, {"group": 2, "id": "mulatto", "degree": 3}, {"group": 0, "id": "mucilaginous"}, {"group": 2, "id": "mumble"}, {"group": 0, "id": "murky"}, {"group": 0, "id": "muddy"}, {"group": 9, "id": "mutinous", "degree": 9}, {"group": 2, "id": "muck"}, {"group": 1, "id": "much", "degree": 26}, {"group": 6, "id": "music", "degree": 7}, {"group": 9, "id": "mutiny", "degree": 5}, {"group": 14, "id": "muffed", "degree": 3}, {"group": 9, "id": "mutate"}, {"group": 0, "id": "mundane"}, {"group": 2, "id": "mush"}, {"group": 9, "id": "mugwump", "degree": 5}, {"group": 1, "id": "mushroom"}, {"group": 0, "id": "muffle"}, {"group": 3, "id": "musician", "degree": 1}, {"group": 2, "id": "mutter"}, {"group": 7, "id": "muse", "degree": 4}, {"group": 6, "id": "musicality", "degree": 4}, {"group": 14, "id": "mutilated"}, {"group": 1, "id": "multitudinous"}, {"group": 2, "id": "muss"}, {"group": 2, "id": "mucker", "degree": 8}, {"group": 1, "id": "muster"}, {"group": 1, "id": "multiplicity", "degree": 5}, {"group": 2, "id": "mumbling"}, {"group": 2, "id": "mutilation"}, {"group": 1, "id": "munificence", "degree": 0}, {"group": 12, "id": "mutuality", "degree": 2}, {"group": 12, "id": "mutant", "degree": 11}, {"group": 0, "id": "muzzy"}, {"group": 2, "id": "mucus"}, {"group": 2, "id": "musketeer"}, {"group": 2, "id": "muscular", "degree": 1}, {"group": 2, "id": "murder", "degree": 12}, {"group": 2, "id": "murderous"}, {"group": 8, "id": "mutual", "degree": 5}, {"group": 11, "id": "mudlark", "degree": 1}, {"group": 0, "id": "muteness", "degree": 2}, {"group": 1, "id": "mustiness"}, {"group": 1, "id": "mutable", "degree": 14}, {"group": 0, "id": "muddled"}, {"group": 9, "id": "mutterer"}, {"group": 1, "id": "multiple"}, {"group": 1, "id": "mutability"}, {"group": 1, "id": "multimillionaire", "degree": 1}, {"group": 6, "id": "mulch", "degree": 6}, {"group": 2, "id": "munch", "degree": 13}, {"group": 0, "id": "muffled", "degree": 7}, {"group": 2, "id": "mulct"}, {"group": 1, "id": "multiplication", "degree": 17}, {"group": 1, "id": "munificent", "degree": 1}, {"group": 0, "id": "muggy", "degree": 10}, {"group": 1, "id": "multifold", "degree": 5}, {"group": 0, "id": "mushy"}, {"group": 15, "id": "muckraking"}, {"group": 8, "id": "multiracial", "degree": 8}, {"group": 11, "id": "mummy", "degree": 9}, {"group": 6, "id": "muscle", "degree": 6}, {"group": 3, "id": "musical", "degree": 6}], "links": [{"source": 0, "target": 62, "weight": 0.006211}, {"source": 0, "target": 48, "weight": 0.005051}, {"source": 0, "target": 100, "weight": 0.02}, {"source": 0, "target": 3, "weight": 0.009615}, {"source": 0, "target": 70, "weight": 0.005464}, {"source": 0, "target": 4, "weight": 0.077778}, {"source": 0, "target": 30, "weight": 0.117647}, {"source": 0, "target": 72, "weight": 0.004762}, {"source": 0, "target": 35, "weight": 0.004785}, {"source": 0, "target": 108, "weight": 0.009804}, {"source": 0, "target": 36, "weight": 0.00813}, {"source": 0, "target": 37, "weight": 0.22449}, {"source": 0, "target": 80, "weight": 0.006667}, {"source": 0, "target": 81, "weight": 0.005917}, {"source": 0, "target": 42, "weight": 0.00813}, {"source": 0, "target": 84, "weight": 0.14094}, {"source": 0, "target": 11, "weight": 0.007042}, {"source": 0, "target": 12, "weight": 0.008511}, {"source": 0, "target": 118, "weight": 0.007246}, {"source": 0, "target": 86, "weight": 0.005}, {"source": 0, "target": 47, "weight": 0.006369}, {"source": 0, "target": 119, "weight": 0.007299}, {"source": 0, "target": 41, "weight": 0.07767}, {"source": 0, "target": 49, "weight": 0.010471}, {"source": 0, "target": 51, "weight": 0.00641}, {"source": 0, "target": 122, "weight": 0.017094}, {"source": 0, "target": 95, "weight": 0.008696}, {"source": 0, "target": 127, "weight": 0.007752}, {"source": 0, "target": 96, "weight": 0.005348}, {"source": 1, "target": 93, "weight": 0.007692}, {"source": 2, "target": 19, "weight": 0.019231}, {"source": 2, "target": 117, "weight": 0.027027}, {"source": 2, "target": 68, "weight": 0.045455}, {"source": 3, "target": 30, "weight": 0.012346}, {"source": 4, "target": 122, "weight": 0.008475}, {"source": 4, "target": 104, "weight": 0.007634}, {"source": 4, "target": 16, "weight": 0.009259}, {"source": 4, "target": 117, "weight": 0.016667}, {"source": 4, "target": 108, "weight": 0.009804}, {"source": 4, "target": 35, "weight": 0.09375}, {"source": 4, "target": 49, "weight": 0.005208}, {"source": 4, "target": 51, "weight": 0.00641}, {"source": 5, "target": 30, "weight": 0.00885}, {"source": 5, "target": 85, "weight": 0.357143}, {"source": 5, "target": 129, "weight": 0.013514}, {"source": 5, "target": 51, "weight": 0.010101}, {"source": 6, "target": 116, "weight": 0.03125}, {"source": 6, "target": 128, "weight": 0.03125}, {"source": 7, "target": 51, "weight": 0.0125}, {"source": 7, "target": 64, "weight": 0.015873}, {"source": 7, "target": 42, "weight": 0.021277}, {"source": 7, "target": 27, "weight": 0.041096}, {"source": 8, "target": 13, "weight": 0.009091}, {"source": 8, "target": 83, "weight": 0.031496}, {"source": 8, "target": 101, "weight": 0.013793}, {"source": 8, "target": 31, "weight": 0.021277}, {"source": 8, "target": 93, "weight": 0.010417}, {"source": 8, "target": 74, "weight": 0.013793}, {"source": 8, "target": 34, "weight": 0.009259}, {"source": 8, "target": 56, "weight": 0.010309}, {"source": 8, "target": 119, "weight": 0.009009}, {"source": 8, "target": 109, "weight": 0.026316}, {"source": 8, "target": 51, "weight": 0.007692}, {"source": 8, "target": 92, "weight": 0.0125}, {"source": 9, "target": 63, "weight": 0.066667}, {"source": 10, "target": 35, "weight": 0.007813}, {"source": 11, "target": 60, "weight": 0.016667}, {"source": 11, "target": 117, "weight": 0.014286}, {"source": 11, "target": 12, "weight": 0.01087}, {"source": 11, "target": 73, "weight": 0.010204}, {"source": 11, "target": 35, "weight": 0.006329}, {"source": 11, "target": 51, "weight": 0.009524}, {"source": 12, "target": 62, "weight": 0.009852}, {"source": 12, "target": 13, "weight": 0.046512}, {"source": 12, "target": 119, "weight": 0.016854}, {"source": 12, "target": 101, "weight": 0.014085}, {"source": 12, "target": 66, "weight": 0.009615}, {"source": 12, "target": 70, "weight": 0.013393}, {"source": 12, "target": 42, "weight": 0.030864}, {"source": 12, "target": 127, "weight": 0.005814}, {"source": 12, "target": 71, "weight": 0.010753}, {"source": 12, "target": 72, "weight": 0.040984}, {"source": 12, "target": 74, "weight": 0.043478}, {"source": 12, "target": 34, "weight": 0.028902}, {"source": 12, "target": 35, "weight": 0.003968}, {"source": 12, "target": 75, "weight": 0.007843}, {"source": 12, "target": 77, "weight": 0.00625}, {"source": 12, "target": 84, "weight": 0.014286}, {"source": 12, "target": 38, "weight": 0.010363}, {"source": 12, "target": 79, "weight": 0.005376}, {"source": 12, "target": 111, "weight": 0.009901}, {"source": 12, "target": 104, "weight": 0.100629}, {"source": 12, "target": 57, "weight": 0.006289}, {"source": 12, "target": 114, "weight": 0.005747}, {"source": 12, "target": 117, "weight": 0.006098}, {"source": 12, "target": 86, "weight": 0.020921}, {"source": 12, "target": 48, "weight": 0.021097}, {"source": 12, "target": 91, "weight": 0.089655}, {"source": 12, "target": 49, "weight": 0.012876}, {"source": 12, "target": 92, "weight": 0.006711}, {"source": 12, "target": 52, "weight": 0.010582}, {"source": 12, "target": 93, "weight": 0.003817}, {"source": 12, "target": 95, "weight": 0.012739}, {"source": 12, "target": 19, "weight": 0.118012}, {"source": 13, "target": 30, "weight": 0.00885}, {"source": 13, "target": 118, "weight": 0.012346}, {"source": 14, "target": 99, "weight": 0.011905}, {"source": 14, "target": 117, "weight": 0.013699}, {"source": 14, "target": 73, "weight": 0.009901}, {"source": 14, "target": 35, "weight": 0.094595}, {"source": 14, "target": 49, "weight": 0.006944}, {"source": 14, "target": 92, "weight": 0.017241}, {"source": 16, "target": 81, "weight": 0.118421}, {"source": 16, "target": 101, "weight": 0.011494}, {"source": 16, "target": 74, "weight": 0.035294}, {"source": 16, "target": 34, "weight": 0.041667}, {"source": 16, "target": 35, "weight": 0.008065}, {"source": 16, "target": 21, "weight": 0.016129}, {"source": 17, "target": 39, "weight": 0.089109}, {"source": 17, "target": 99, "weight": 0.008547}, {"source": 17, "target": 23, "weight": 0.010989}, {"source": 17, "target": 123, "weight": 0.164706}, {"source": 17, "target": 73, "weight": 0.015038}, {"source": 17, "target": 126, "weight": 0.089109}, {"source": 17, "target": 75, "weight": 0.020513}, {"source": 17, "target": 120, "weight": 0.006757}, {"source": 17, "target": 110, "weight": 0.07362}, {"source": 18, "target": 52, "weight": 0.02381}, {"source": 18, "target": 122, "weight": 0.017857}, {"source": 18, "target": 31, "weight": 0.028571}, {"source": 18, "target": 46, "weight": 0.022727}, {"source": 18, "target": 78, "weight": 0.022727}, {"source": 18, "target": 110, "weight": 0.007874}, {"source": 19, "target": 104, "weight": 0.271186}, {"source": 19, "target": 57, "weight": 0.016949}, {"source": 19, "target": 48, "weight": 0.014286}, {"source": 19, "target": 42, "weight": 0.046875}, {"source": 19, "target": 101, "weight": 0.008696}, {"source": 19, "target": 72, "weight": 0.006536}, {"source": 19, "target": 86, "weight": 0.014085}, {"source": 19, "target": 74, "weight": 0.045045}, {"source": 19, "target": 34, "weight": 0.04}, {"source": 19, "target": 35, "weight": 0.006579}, {"source": 19, "target": 75, "weight": 0.019481}, {"source": 19, "target": 91, "weight": 0.074074}, {"source": 19, "target": 49, "weight": 0.007407}, {"source": 20, "target": 88, "weight": 0.0625}, {"source": 20, "target": 128, "weight": 0.380952}, {"source": 21, "target": 66, "weight": 0.016807}, {"source": 21, "target": 35, "weight": 0.006135}, {"source": 23, "target": 40, "weight": 0.03125}, {"source": 23, "target": 113, "weight": 0.111111}, {"source": 23, "target": 83, "weight": 0.014493}, {"source": 23, "target": 123, "weight": 0.038462}, {"source": 23, "target": 66, "weight": 0.012658}, {"source": 23, "target": 90, "weight": 0.029412}, {"source": 23, "target": 120, "weight": 0.054795}, {"source": 24, "target": 87, "weight": 0.012821}, {"source": 24, "target": 35, "weight": 0.021429}, {"source": 24, "target": 76, "weight": 0.020408}, {"source": 24, "target": 47, "weight": 0.011111}, {"source": 24, "target": 120, "weight": 0.010417}, {"source": 24, "target": 118, "weight": 0.014085}, {"source": 24, "target": 51, "weight": 0.011236}, {"source": 25, "target": 126, "weight": 0.071429}, {"source": 25, "target": 39, "weight": 0.071429}, {"source": 25, "target": 35, "weight": 0.007752}, {"source": 25, "target": 110, "weight": 0.028037}, {"source": 27, "target": 94, "weight": 0.030769}, {"source": 27, "target": 59, "weight": 0.025316}, {"source": 27, "target": 31, "weight": 0.007874}, {"source": 27, "target": 75, "weight": 0.036145}, {"source": 27, "target": 120, "weight": 0.008264}, {"source": 28, "target": 99, "weight": 0.032787}, {"source": 28, "target": 82, "weight": 0.016129}, {"source": 28, "target": 73, "weight": 0.066667}, {"source": 28, "target": 66, "weight": 0.010417}, {"source": 28, "target": 35, "weight": 0.014493}, {"source": 28, "target": 75, "weight": 0.006993}, {"source": 28, "target": 77, "weight": 0.263158}, {"source": 28, "target": 56, "weight": 0.018868}, {"source": 28, "target": 120, "weight": 0.010753}, {"source": 28, "target": 110, "weight": 0.008403}, {"source": 28, "target": 60, "weight": 0.076923}, {"source": 30, "target": 52, "weight": 0.008065}, {"source": 30, "target": 80, "weight": 0.015873}, {"source": 30, "target": 42, "weight": 0.01}, {"source": 30, "target": 100, "weight": 0.056911}, {"source": 30, "target": 124, "weight": 0.008547}, {"source": 30, "target": 72, "weight": 0.05618}, {"source": 30, "target": 31, "weight": 0.013793}, {"source": 30, "target": 103, "weight": 0.011628}, {"source": 30, "target": 67, "weight": 0.059524}, {"source": 30, "target": 118, "weight": 0.074074}, {"source": 30, "target": 122, "weight": 0.010526}, {"source": 30, "target": 69, "weight": 0.019608}, {"source": 30, "target": 71, "weight": 0.016667}, {"source": 30, "target": 37, "weight": 0.021053}, {"source": 30, "target": 121, "weight": 0.010309}, {"source": 30, "target": 84, "weight": 0.006849}, {"source": 31, "target": 52, "weight": 0.107143}, {"source": 31, "target": 80, "weight": 0.03252}, {"source": 31, "target": 106, "weight": 0.007692}, {"source": 31, "target": 100, "weight": 0.007813}, {"source": 31, "target": 71, "weight": 0.008333}, {"source": 31, "target": 72, "weight": 0.016304}, {"source": 31, "target": 103, "weight": 0.011765}, {"source": 31, "target": 33, "weight": 0.011765}, {"source": 31, "target": 56, "weight": 0.010101}, {"source": 31, "target": 122, "weight": 0.010638}, {"source": 31, "target": 109, "weight": 0.012658}, {"source": 31, "target": 50, "weight": 0.009009}, {"source": 32, "target": 126, "weight": 0.9}, {"source": 32, "target": 39, "weight": 0.9}, {"source": 32, "target": 106, "weight": 0.011628}, {"source": 32, "target": 110, "weight": 0.02521}, {"source": 33, "target": 129, "weight": 0.021277}, {"source": 34, "target": 52, "weight": 0.022989}, {"source": 34, "target": 104, "weight": 0.028169}, {"source": 34, "target": 42, "weight": 0.015625}, {"source": 34, "target": 127, "weight": 0.028986}, {"source": 34, "target": 58, "weight": 0.028571}, {"source": 34, "target": 92, "weight": 0.021277}, {"source": 35, "target": 62, "weight": 0.00565}, {"source": 35, "target": 119, "weight": 0.006536}, {"source": 35, "target": 101, "weight": 0.010695}, {"source": 35, "target": 102, "weight": 0.015504}, {"source": 35, "target": 64, "weight": 0.006452}, {"source": 35, "target": 41, "weight": 0.007937}, {"source": 35, "target": 81, "weight": 0.148148}, {"source": 35, "target": 69, "weight": 0.007042}, {"source": 35, "target": 70, "weight": 0.025641}, {"source": 35, "target": 96, "weight": 0.009901}, {"source": 35, "target": 75, "weight": 0.004367}, {"source": 35, "target": 77, "weight": 0.015152}, {"source": 35, "target": 84, "weight": 0.021978}, {"source": 35, "target": 110, "weight": 0.004878}, {"source": 35, "target": 104, "weight": 0.013699}, {"source": 35, "target": 57, "weight": 0.039063}, {"source": 35, "target": 105, "weight": 0.006329}, {"source": 35, "target": 117, "weight": 0.022222}, {"source": 35, "target": 86, "weight": 0.023585}, {"source": 35, "target": 48, "weight": 0.018957}, {"source": 35, "target": 120, "weight": 0.005587}, {"source": 35, "target": 49, "weight": 0.029557}, {"source": 35, "target": 51, "weight": 0.011696}, {"source": 35, "target": 92, "weight": 0.016529}, {"source": 35, "target": 95, "weight": 0.007634}, {"source": 35, "target": 56, "weight": 0.029412}, {"source": 36, "target": 98, "weight": 0.021277}, {"source": 36, "target": 99, "weight": 0.340426}, {"source": 36, "target": 94, "weight": 0.026316}, {"source": 36, "target": 120, "weight": 0.010753}, {"source": 36, "target": 49, "weight": 0.008197}, {"source": 37, "target": 122, "weight": 0.022727}, {"source": 38, "target": 123, "weight": 0.014085}, {"source": 38, "target": 94, "weight": 0.063492}, {"source": 38, "target": 66, "weight": 0.041667}, {"source": 38, "target": 75, "weight": 0.146667}, {"source": 38, "target": 120, "weight": 0.008264}, {"source": 39, "target": 111, "weight": 0.010989}, {"source": 39, "target": 93, "weight": 0.006667}, {"source": 39, "target": 106, "weight": 0.011765}, {"source": 39, "target": 126, "weight": 0.931034}, {"source": 39, "target": 110, "weight": 0.025424}, {"source": 40, "target": 120, "weight": 0.022727}, {"source": 40, "target": 66, "weight": 0.01087}, {"source": 40, "target": 123, "weight": 0.081081}, {"source": 41, "target": 122, "weight": 0.028571}, {"source": 41, "target": 51, "weight": 0.013699}, {"source": 42, "target": 80, "weight": 0.0125}, {"source": 42, "target": 104, "weight": 0.033333}, {"source": 42, "target": 86, "weight": 0.007692}, {"source": 42, "target": 84, "weight": 0.010101}, {"source": 42, "target": 72, "weight": 0.014388}, {"source": 42, "target": 118, "weight": 0.014706}, {"source": 42, "target": 64, "weight": 0.014493}, {"source": 42, "target": 74, "weight": 0.019802}, {"source": 42, "target": 48, "weight": 0.007813}, {"source": 42, "target": 91, "weight": 0.097561}, {"source": 42, "target": 49, "weight": 0.008197}, {"source": 42, "target": 96, "weight": 0.008547}, {"source": 44, "target": 125, "weight": 0.714286}, {"source": 45, "target": 66, "weight": 0.009615}, {"source": 45, "target": 68, "weight": 0.25}, {"source": 45, "target": 103, "weight": 0.021277}, {"source": 46, "target": 89, "weight": 0.014925}, {"source": 46, "target": 78, "weight": 0.818182}, {"source": 47, "target": 111, "weight": 0.008065}, {"source": 47, "target": 50, "weight": 0.010101}, {"source": 47, "target": 87, "weight": 0.157895}, {"source": 48, "target": 128, "weight": 0.008264}, {"source": 48, "target": 60, "weight": 0.017391}, {"source": 48, "target": 117, "weight": 0.03252}, {"source": 48, "target": 87, "weight": 0.006667}, {"source": 48, "target": 66, "weight": 0.005848}, {"source": 48, "target": 104, "weight": 0.014815}, {"source": 48, "target": 120, "weight": 0.005952}, {"source": 48, "target": 49, "weight": 0.010204}, {"source": 49, "target": 119, "weight": 0.022388}, {"source": 49, "target": 101, "weight": 0.011765}, {"source": 49, "target": 64, "weight": 0.014599}, {"source": 49, "target": 70, "weight": 0.005495}, {"source": 49, "target": 105, "weight": 0.014286}, {"source": 49, "target": 127, "weight": 0.007813}, {"source": 49, "target": 96, "weight": 0.198718}, {"source": 49, "target": 79, "weight": 0.021429}, {"source": 49, "target": 104, "weight": 0.023438}, {"source": 49, "target": 82, "weight": 0.007634}, {"source": 49, "target": 116, "weight": 0.017544}, {"source": 49, "target": 117, "weight": 0.008333}, {"source": 49, "target": 86, "weight": 0.010101}, {"source": 49, "target": 89, "weight": 0.019868}, {"source": 50, "target": 73, "weight": 0.045455}, {"source": 51, "target": 62, "weight": 0.008065}, {"source": 51, "target": 63, "weight": 0.013158}, {"source": 51, "target": 95, "weight": 0.012821}, {"source": 51, "target": 86, "weight": 0.006135}, {"source": 51, "target": 84, "weight": 0.015267}, {"source": 51, "target": 70, "weight": 0.006849}, {"source": 51, "target": 129, "weight": 0.010638}, {"source": 52, "target": 122, "weight": 0.042857}, {"source": 52, "target": 111, "weight": 0.008772}, {"source": 52, "target": 61, "weight": 0.016129}, {"source": 52, "target": 100, "weight": 0.009434}, {"source": 52, "target": 124, "weight": 0.091954}, {"source": 52, "target": 72, "weight": 0.107383}, {"source": 52, "target": 101, "weight": 0.007937}, {"source": 52, "target": 74, "weight": 0.016}, {"source": 52, "target": 67, "weight": 0.015385}, {"source": 52, "target": 69, "weight": 0.038462}, {"source": 52, "target": 71, "weight": 0.03125}, {"source": 52, "target": 92, "weight": 0.016667}, {"source": 53, "target": 88, "weight": 0.0625}, {"source": 53, "target": 128, "weight": 0.380952}, {"source": 54, "target": 106, "weight": 0.015385}, {"source": 56, "target": 77, "weight": 0.021277}, {"source": 57, "target": 104, "weight": 0.037736}, {"source": 58, "target": 107, "weight": 0.016949}, {"source": 58, "target": 101, "weight": 0.009174}, {"source": 58, "target": 72, "weight": 0.006803}, {"source": 58, "target": 127, "weight": 0.264151}, {"source": 58, "target": 64, "weight": 0.013158}, {"source": 58, "target": 74, "weight": 0.028037}, {"source": 58, "target": 59, "weight": 0.016949}, {"source": 59, "target": 127, "weight": 0.017241}, {"source": 59, "target": 93, "weight": 0.006757}, {"source": 60, "target": 62, "weight": 0.012658}, {"source": 60, "target": 77, "weight": 0.028571}, {"source": 60, "target": 86, "weight": 0.017094}, {"source": 60, "target": 73, "weight": 0.014925}, {"source": 60, "target": 112, "weight": 0.875}, {"source": 61, "target": 111, "weight": 0.169231}, {"source": 61, "target": 100, "weight": 0.192982}, {"source": 61, "target": 124, "weight": 0.037037}, {"source": 61, "target": 72, "weight": 0.032787}, {"source": 61, "target": 71, "weight": 0.071429}, {"source": 62, "target": 117, "weight": 0.011236}, {"source": 62, "target": 73, "weight": 0.008547}, {"source": 62, "target": 128, "weight": 0.011905}, {"source": 64, "target": 127, "weight": 0.055556}, {"source": 65, "target": 106, "weight": 0.014286}, {"source": 66, "target": 91, "weight": 0.011494}, {"source": 66, "target": 113, "weight": 0.011236}, {"source": 66, "target": 83, "weight": 0.07438}, {"source": 66, "target": 93, "weight": 0.021164}, {"source": 66, "target": 127, "weight": 0.009804}, {"source": 66, "target": 86, "weight": 0.00578}, {"source": 66, "target": 101, "weight": 0.013889}, {"source": 66, "target": 75, "weight": 0.005376}, {"source": 66, "target": 76, "weight": 0.011236}, {"source": 66, "target": 68, "weight": 0.012658}, {"source": 66, "target": 77, "weight": 0.011111}, {"source": 66, "target": 120, "weight": 0.070313}, {"source": 66, "target": 70, "weight": 0.00641}, {"source": 67, "target": 118, "weight": 0.017857}, {"source": 69, "target": 122, "weight": 0.061224}, {"source": 70, "target": 117, "weight": 0.131313}, {"source": 70, "target": 87, "weight": 0.022556}, {"source": 70, "target": 120, "weight": 0.006536}, {"source": 72, "target": 122, "weight": 0.030303}, {"source": 72, "target": 104, "weight": 0.006757}, {"source": 72, "target": 82, "weight": 0.006711}, {"source": 72, "target": 116, "weight": 0.007519}, {"source": 72, "target": 118, "weight": 0.019608}, {"source": 72, "target": 127, "weight": 0.006849}, {"source": 72, "target": 92, "weight": 0.00813}, {"source": 73, "target": 99, "weight": 0.022989}, {"source": 73, "target": 75, "weight": 0.011905}, {"source": 73, "target": 112, "weight": 0.014925}, {"source": 73, "target": 77, "weight": 0.013699}, {"source": 74, "target": 122, "weight": 0.010309}, {"source": 74, "target": 104, "weight": 0.027778}, {"source": 74, "target": 127, "weight": 0.028302}, {"source": 74, "target": 117, "weight": 0.01}, {"source": 74, "target": 75, "weight": 0.005208}, {"source": 75, "target": 101, "weight": 0.005208}, {"source": 75, "target": 120, "weight": 0.016575}, {"source": 75, "target": 77, "weight": 0.007299}, {"source": 75, "target": 111, "weight": 0.005556}, {"source": 75, "target": 104, "weight": 0.006623}, {"source": 75, "target": 113, "weight": 0.030075}, {"source": 75, "target": 82, "weight": 0.006579}, {"source": 75, "target": 90, "weight": 0.083969}, {"source": 75, "target": 91, "weight": 0.007463}, {"source": 75, "target": 121, "weight": 0.036765}, {"source": 75, "target": 97, "weight": 0.008}, {"source": 75, "target": 123, "weight": 0.030769}, {"source": 75, "target": 93, "weight": 0.008403}, {"source": 75, "target": 94, "weight": 0.032}, {"source": 75, "target": 128, "weight": 0.007353}, {"source": 75, "target": 129, "weight": 0.006623}, {"source": 76, "target": 98, "weight": 0.011364}, {"source": 76, "target": 93, "weight": 0.007042}, {"source": 76, "target": 88, "weight": 0.076923}, {"source": 76, "target": 120, "weight": 0.011628}, {"source": 76, "target": 129, "weight": 0.018519}, {"source": 77, "target": 79, "weight": 0.030303}, {"source": 77, "target": 112, "weight": 0.028571}, {"source": 77, "target": 120, "weight": 0.011494}, {"source": 78, "target": 89, "weight": 0.014925}, {"source": 79, "target": 99, "weight": 0.024691}, {"source": 79, "target": 82, "weight": 0.012195}, {"source": 80, "target": 122, "weight": 0.013333}, {"source": 80, "target": 106, "weight": 0.009009}, {"source": 80, "target": 118, "weight": 0.021277}, {"source": 80, "target": 110, "weight": 0.006849}, {"source": 81, "target": 117, "weight": 0.020833}, {"source": 81, "target": 107, "weight": 0.010204}, {"source": 81, "target": 120, "weight": 0.007194}, {"source": 82, "target": 124, "weight": 0.012658}, {"source": 82, "target": 121, "weight": 0.016949}, {"source": 83, "target": 120, "weight": 0.007937}, {"source": 83, "target": 115, "weight": 0.015152}, {"source": 84, "target": 122, "weight": 0.010638}, {"source": 84, "target": 104, "weight": 0.009346}, {"source": 84, "target": 108, "weight": 0.012821}, {"source": 84, "target": 118, "weight": 0.017699}, {"source": 85, "target": 129, "weight": 0.019608}, {"source": 86, "target": 128, "weight": 0.00813}, {"source": 86, "target": 117, "weight": 0.032}, {"source": 86, "target": 87, "weight": 0.006579}, {"source": 86, "target": 104, "weight": 0.014599}, {"source": 86, "target": 120, "weight": 0.005882}, {"source": 87, "target": 117, "weight": 0.013699}, {"source": 87, "target": 107, "weight": 0.013514}, {"source": 88, "target": 128, "weight": 0.037037}, {"source": 88, "target": 98, "weight": 0.013158}, {"source": 89, "target": 99, "weight": 0.010753}, {"source": 89, "target": 116, "weight": 0.012987}, {"source": 89, "target": 110, "weight": 0.006667}, {"source": 90, "target": 123, "weight": 0.3125}, {"source": 90, "target": 94, "weight": 0.027778}, {"source": 90, "target": 120, "weight": 0.010989}, {"source": 90, "target": 110, "weight": 0.008547}, {"source": 90, "target": 121, "weight": 0.020833}, {"source": 91, "target": 104, "weight": 0.039216}, {"source": 92, "target": 101, "weight": 0.011765}, {"source": 92, "target": 110, "weight": 0.009804}, {"source": 93, "target": 98, "weight": 0.005236}, {"source": 93, "target": 116, "weight": 0.007042}, {"source": 93, "target": 126, "weight": 0.006667}, {"source": 93, "target": 120, "weight": 0.010638}, {"source": 94, "target": 114, "weight": 0.119048}, {"source": 95, "target": 117, "weight": 0.023256}, {"source": 96, "target": 104, "weight": 0.008}, {"source": 96, "target": 116, "weight": 0.009091}, {"source": 98, "target": 99, "weight": 0.019417}, {"source": 99, "target": 106, "weight": 0.010753}, {"source": 99, "target": 124, "weight": 0.012658}, {"source": 99, "target": 120, "weight": 0.009804}, {"source": 99, "target": 110, "weight": 0.015748}, {"source": 100, "target": 118, "weight": 0.010309}, {"source": 101, "target": 127, "weight": 0.009259}, {"source": 106, "target": 124, "weight": 0.009901}, {"source": 106, "target": 126, "weight": 0.011765}, {"source": 106, "target": 110, "weight": 0.013423}, {"source": 106, "target": 129, "weight": 0.01087}, {"source": 107, "target": 127, "weight": 0.017241}, {"source": 110, "target": 113, "weight": 0.018018}, {"source": 110, "target": 114, "weight": 0.007874}, {"source": 110, "target": 123, "weight": 0.018519}, {"source": 110, "target": 124, "weight": 0.022388}, {"source": 110, "target": 126, "weight": 0.025424}, {"source": 111, "target": 118, "weight": 0.009524}, {"source": 111, "target": 126, "weight": 0.010989}, {"source": 111, "target": 129, "weight": 0.010204}, {"source": 113, "target": 123, "weight": 0.681818}, {"source": 113, "target": 120, "weight": 0.035714}, {"source": 114, "target": 120, "weight": 0.009901}, {"source": 116, "target": 128, "weight": 0.025641}, {"source": 119, "target": 127, "weight": 0.013699}, {"source": 120, "target": 123, "weight": 0.012048}, {"source": 122, "target": 124, "weight": 0.015385}], "multigraph": false}