{"directed": false, "graph": {}, "nodes": [{"group": 0, "id": "mystery"}, {"group": 1, "id": "mystical"}, {"group": 1, "id": "mystifying", "degree": 3}, {"group": 2, "id": "mythical", "degree": 1}, {"group": 0, "id": "myth", "degree": 5}, {"group": 1, "id": "mystic", "degree": 2}, {"group": 2, "id": "mythological"}, {"group": 3, "id": "mystique", "degree": 0}, {"group": 1, "id": "mystification"}, {"group": 0, "id": "mythos", "degree": 6}, {"group": 4, "id": "mycology", "degree": 0}, {"group": 5, "id": "myrmidon", "degree": 0}, {"group": 6, "id": "myrrh", "degree": 0}, {"group": 7, "id": "myriad", "degree": 0}, {"group": 0, "id": "mythicize", "degree": 2}, {"group": 8, "id": "mythmaker", "degree": 0}, {"group": 1, "id": "mysterious"}, {"group": 0, "id": "mysticism"}, {"group": 0, "id": "mythology"}], "links": [{"source": 0, "target": 4, "weight": 0.082418}, {"source": 0, "target": 9, "weight": 0.079787}, {"source": 0, "target": 14, "weight": 0.006289}, {"source": 1, "target": 5, "weight": 0.1}, {"source": 1, "target": 2, "weight": 0.05}, {"source": 2, "target": 16, "weight": 0.130841}, {"source": 2, "target": 8, "weight": 0.016667}, {"source": 3, "target": 6, "weight": 0.085714}, {"source": 4, "target": 8, "weight": 0.010753}, {"source": 4, "target": 9, "weight": 0.2}, {"source": 4, "target": 14, "weight": 0.017241}, {"source": 4, "target": 17, "weight": 0.016667}, {"source": 4, "target": 18, "weight": 0.387755}, {"source": 5, "target": 16, "weight": 0.06087}, {"source": 8, "target": 9, "weight": 0.010101}, {"source": 9, "target": 14, "weight": 0.015625}, {"source": 9, "target": 17, "weight": 0.015152}, {"source": 9, "target": 18, "weight": 0.275862}, {"source": 14, "target": 18, "weight": 0.033333}], "multigraph": false}