{"directed": false, "graph": {}, "nodes": [{"group": 0, "id": "naturist"}, {"group": 1, "id": "naturalize"}, {"group": 1, "id": "named"}, {"group": 2, "id": "naughty", "degree": 4}, {"group": 3, "id": "nada"}, {"group": 1, "id": "navvy"}, {"group": 1, "id": "navigate"}, {"group": 0, "id": "national", "degree": 10}, {"group": 5, "id": "nautical", "degree": 2}, {"group": 6, "id": "nabbing", "degree": 2}, {"group": 4, "id": "nasalized", "degree": 14}, {"group": 4, "id": "narcotic"}, {"group": 7, "id": "narcosis"}, {"group": 8, "id": "naturalness", "degree": 6}, {"group": 4, "id": "narrows", "degree": 3}, {"group": 9, "id": "narration", "degree": 2}, {"group": 5, "id": "navy", "degree": 2}, {"group": 6, "id": "nag", "degree": 8}, {"group": 1, "id": "naming", "degree": 6}, {"group": 2, "id": "nauseating"}, {"group": 10, "id": "nationalism", "degree": 3}, {"group": 1, "id": "navigator", "degree": 3}, {"group": 6, "id": "narcissistic", "degree": 2}, {"group": 6, "id": "nab", "degree": 3}, {"group": 4, "id": "nacreous", "degree": 11}, {"group": 2, "id": "nadir", "degree": 3}, {"group": 4, "id": "nagging", "degree": 3}, {"group": 1, "id": "namesake", "degree": 3}, {"group": 16, "id": "nativity", "degree": 2}, {"group": 7, "id": "narcolepsy", "degree": 9}, {"group": 1, "id": "nap"}, {"group": 14, "id": "nascent"}, {"group": 6, "id": "narcissist"}, {"group": 1, "id": "nabob"}, {"group": 0, "id": "narcotize"}, {"group": 4, "id": "narrowing"}, {"group": 0, "id": "naturalist"}, {"group": 3, "id": "naught", "degree": 3}, {"group": 6, "id": "nausea"}, {"group": 6, "id": "natty"}, {"group": 1, "id": "narc", "degree": 2}, {"group": 3, "id": "naturally", "degree": 4}, {"group": 3, "id": "narcissism"}, {"group": 11, "id": "nares", "degree": 0}, {"group": 12, "id": "narrator", "degree": 0}, {"group": 1, "id": "nature", "degree": 22}, {"group": 8, "id": "naivete"}, {"group": 0, "id": "naive", "degree": 7}, {"group": 13, "id": "nationalize"}, {"group": 4, "id": "nasal"}, {"group": 13, "id": "naturalization"}, {"group": 10, "id": "nation", "degree": 9}, {"group": 13, "id": "nationalization", "degree": 3}, {"group": 14, "id": "natal", "degree": 4}, {"group": 6, "id": "nanny"}, {"group": 10, "id": "nationality"}, {"group": 2, "id": "nasty", "degree": 10}, {"group": 1, "id": "napery", "degree": 1}, {"group": 4, "id": "nacre", "degree": 2}, {"group": 15, "id": "nameless", "degree": 0}, {"group": 9, "id": "narrate"}, {"group": 0, "id": "naturalistic", "degree": 7}, {"group": 6, "id": "nail"}, {"group": 4, "id": "naturalized"}, {"group": 1, "id": "navar", "degree": 1}, {"group": 0, "id": "natural"}, {"group": 1, "id": "name", "degree": 13}, {"group": 1, "id": "natter", "degree": 0}, {"group": 3, "id": "nay", "degree": 5}, {"group": 4, "id": "nauseated"}, {"group": 5, "id": "navigational", "degree": 3}, {"group": 0, "id": "napping"}, {"group": 2, "id": "nauseous"}, {"group": 0, "id": "naked"}, {"group": 7, "id": "narcohypnosis"}, {"group": 4, "id": "narcotized"}, {"group": 0, "id": "native", "degree": 7}, {"group": 16, "id": "nascency"}, {"group": 9, "id": "narrative"}, {"group": 0, "id": "naturistic", "degree": 6}, {"group": 4, "id": "narrow", "degree": 25}, {"group": 1, "id": "navigation", "degree": 2}, {"group": 3, "id": "naiad"}, {"group": 8, "id": "naturalism", "degree": 3}, {"group": 4, "id": "nappy"}], "links": [{"source": 0, "target": 79, "weight": 0.055556}, {"source": 1, "target": 80, "weight": 0.006734}, {"source": 1, "target": 66, "weight": 0.012422}, {"source": 1, "target": 45, "weight": 0.005155}, {"source": 2, "target": 80, "weight": 0.003546}, {"source": 2, "target": 66, "weight": 0.013793}, {"source": 3, "target": 19, "weight": 0.064}, {"source": 3, "target": 25, "weight": 0.014085}, {"source": 3, "target": 72, "weight": 0.036697}, {"source": 3, "target": 49, "weight": 0.00625}, {"source": 3, "target": 10, "weight": 0.008475}, {"source": 3, "target": 62, "weight": 0.006897}, {"source": 3, "target": 56, "weight": 0.125628}, {"source": 3, "target": 80, "weight": 0.003106}, {"source": 4, "target": 37, "weight": 0.5}, {"source": 4, "target": 68, "weight": 0.017857}, {"source": 5, "target": 21, "weight": 0.026316}, {"source": 5, "target": 17, "weight": 0.00813}, {"source": 6, "target": 66, "weight": 0.022099}, {"source": 6, "target": 47, "weight": 0.007299}, {"source": 6, "target": 10, "weight": 0.008621}, {"source": 6, "target": 27, "weight": 0.014286}, {"source": 6, "target": 17, "weight": 0.006369}, {"source": 6, "target": 21, "weight": 0.018182}, {"source": 6, "target": 80, "weight": 0.00627}, {"source": 6, "target": 81, "weight": 0.020833}, {"source": 6, "target": 76, "weight": 0.007813}, {"source": 7, "target": 65, "weight": 0.014599}, {"source": 7, "target": 61, "weight": 0.009091}, {"source": 7, "target": 51, "weight": 0.029703}, {"source": 7, "target": 53, "weight": 0.013889}, {"source": 7, "target": 55, "weight": 0.022472}, {"source": 7, "target": 79, "weight": 0.020833}, {"source": 7, "target": 76, "weight": 0.069307}, {"source": 7, "target": 39, "weight": 0.015385}, {"source": 7, "target": 60, "weight": 0.02}, {"source": 7, "target": 66, "weight": 0.006135}, {"source": 8, "target": 16, "weight": 0.047619}, {"source": 8, "target": 70, "weight": 0.5}, {"source": 8, "target": 81, "weight": 0.020833}, {"source": 9, "target": 23, "weight": 0.214286}, {"source": 9, "target": 62, "weight": 0.041237}, {"source": 9, "target": 38, "weight": 0.009524}, {"source": 10, "target": 12, "weight": 0.012195}, {"source": 10, "target": 19, "weight": 0.007407}, {"source": 10, "target": 65, "weight": 0.006623}, {"source": 10, "target": 71, "weight": 0.008475}, {"source": 10, "target": 72, "weight": 0.008696}, {"source": 10, "target": 49, "weight": 0.576923}, {"source": 10, "target": 63, "weight": 0.012346}, {"source": 10, "target": 24, "weight": 0.035714}, {"source": 10, "target": 74, "weight": 0.012346}, {"source": 10, "target": 29, "weight": 0.013514}, {"source": 10, "target": 14, "weight": 0.011236}, {"source": 10, "target": 75, "weight": 0.011111}, {"source": 10, "target": 73, "weight": 0.007813}, {"source": 10, "target": 56, "weight": 0.004425}, {"source": 10, "target": 80, "weight": 0.225564}, {"source": 10, "target": 47, "weight": 0.014184}, {"source": 11, "target": 56, "weight": 0.004695}, {"source": 11, "target": 21, "weight": 0.009709}, {"source": 11, "target": 58, "weight": 0.016667}, {"source": 11, "target": 17, "weight": 0.006711}, {"source": 11, "target": 45, "weight": 0.004808}, {"source": 12, "target": 29, "weight": 0.565217}, {"source": 12, "target": 80, "weight": 0.003497}, {"source": 12, "target": 56, "weight": 0.005348}, {"source": 13, "target": 66, "weight": 0.005587}, {"source": 13, "target": 45, "weight": 0.019231}, {"source": 13, "target": 46, "weight": 0.107143}, {"source": 13, "target": 30, "weight": 0.013514}, {"source": 13, "target": 51, "weight": 0.008403}, {"source": 13, "target": 35, "weight": 0.01}, {"source": 13, "target": 53, "weight": 0.011364}, {"source": 13, "target": 33, "weight": 0.011494}, {"source": 13, "target": 83, "weight": 0.180328}, {"source": 13, "target": 76, "weight": 0.00813}, {"source": 14, "target": 35, "weight": 0.039474}, {"source": 14, "target": 80, "weight": 0.010309}, {"source": 14, "target": 49, "weight": 0.007634}, {"source": 15, "target": 78, "weight": 0.433333}, {"source": 15, "target": 60, "weight": 0.034483}, {"source": 15, "target": 45, "weight": 0.005747}, {"source": 16, "target": 45, "weight": 0.011494}, {"source": 16, "target": 70, "weight": 0.04}, {"source": 16, "target": 51, "weight": 0.012048}, {"source": 16, "target": 68, "weight": 0.016129}, {"source": 16, "target": 81, "weight": 0.017857}, {"source": 17, "target": 26, "weight": 0.012903}, {"source": 17, "target": 48, "weight": 0.008621}, {"source": 17, "target": 62, "weight": 0.005291}, {"source": 17, "target": 54, "weight": 0.024194}, {"source": 17, "target": 32, "weight": 0.008333}, {"source": 18, "target": 65, "weight": 0.00339}, {"source": 18, "target": 61, "weight": 0.02381}, {"source": 18, "target": 45, "weight": 0.009434}, {"source": 18, "target": 66, "weight": 0.022472}, {"source": 18, "target": 73, "weight": 0.008333}, {"source": 18, "target": 79, "weight": 0.015152}, {"source": 18, "target": 27, "weight": 0.046154}, {"source": 19, "target": 25, "weight": 0.011364}, {"source": 19, "target": 29, "weight": 0.011364}, {"source": 19, "target": 56, "weight": 0.443114}, {"source": 19, "target": 80, "weight": 0.00295}, {"source": 19, "target": 76, "weight": 0.006803}, {"source": 20, "target": 28, "weight": 0.022222}, {"source": 20, "target": 55, "weight": 0.071429}, {"source": 20, "target": 51, "weight": 0.011494}, {"source": 21, "target": 40, "weight": 0.009901}, {"source": 22, "target": 32, "weight": 0.028571}, {"source": 22, "target": 80, "weight": 0.003559}, {"source": 22, "target": 66, "weight": 0.006897}, {"source": 22, "target": 39, "weight": 0.021277}, {"source": 23, "target": 62, "weight": 0.112245}, {"source": 23, "target": 65, "weight": 0.003802}, {"source": 24, "target": 65, "weight": 0.011278}, {"source": 24, "target": 69, "weight": 0.020833}, {"source": 24, "target": 47, "weight": 0.028571}, {"source": 24, "target": 72, "weight": 0.0125}, {"source": 24, "target": 49, "weight": 0.02381}, {"source": 24, "target": 73, "weight": 0.010753}, {"source": 24, "target": 84, "weight": 0.015385}, {"source": 24, "target": 56, "weight": 0.005236}, {"source": 24, "target": 80, "weight": 0.017483}, {"source": 24, "target": 58, "weight": 0.026316}, {"source": 24, "target": 61, "weight": 0.009901}, {"source": 25, "target": 56, "weight": 0.005587}, {"source": 25, "target": 45, "weight": 0.005747}, {"source": 26, "target": 62, "weight": 0.007042}, {"source": 26, "target": 35, "weight": 0.019417}, {"source": 26, "target": 80, "weight": 0.006289}, {"source": 26, "target": 68, "weight": 0.009804}, {"source": 27, "target": 33, "weight": 0.019608}, {"source": 27, "target": 66, "weight": 0.107692}, {"source": 27, "target": 45, "weight": 0.023256}, {"source": 28, "target": 77, "weight": 0.642857}, {"source": 28, "target": 71, "weight": 0.011905}, {"source": 28, "target": 51, "weight": 0.021277}, {"source": 29, "target": 80, "weight": 0.003597}, {"source": 29, "target": 72, "weight": 0.014706}, {"source": 29, "target": 49, "weight": 0.008621}, {"source": 29, "target": 74, "weight": 0.590909}, {"source": 29, "target": 56, "weight": 0.005587}, {"source": 29, "target": 38, "weight": 0.009434}, {"source": 30, "target": 57, "weight": 0.04878}, {"source": 30, "target": 45, "weight": 0.010929}, {"source": 31, "target": 47, "weight": 0.008696}, {"source": 31, "target": 53, "weight": 0.846154}, {"source": 31, "target": 61, "weight": 0.009174}, {"source": 31, "target": 76, "weight": 0.059406}, {"source": 33, "target": 45, "weight": 0.010204}, {"source": 33, "target": 51, "weight": 0.009524}, {"source": 33, "target": 80, "weight": 0.003322}, {"source": 33, "target": 66, "weight": 0.160839}, {"source": 34, "target": 47, "weight": 0.009709}, {"source": 35, "target": 80, "weight": 0.009615}, {"source": 35, "target": 68, "weight": 0.020833}, {"source": 36, "target": 61, "weight": 0.012658}, {"source": 37, "target": 68, "weight": 0.016949}, {"source": 37, "target": 82, "weight": 0.0625}, {"source": 39, "target": 80, "weight": 0.006803}, {"source": 40, "target": 67, "weight": 0.027778}, {"source": 41, "target": 80, "weight": 0.003205}, {"source": 41, "target": 65, "weight": 0.00692}, {"source": 41, "target": 61, "weight": 0.00813}, {"source": 41, "target": 68, "weight": 0.032258}, {"source": 42, "target": 68, "weight": 0.014706}, {"source": 42, "target": 45, "weight": 0.005525}, {"source": 45, "target": 48, "weight": 0.005714}, {"source": 45, "target": 51, "weight": 0.050228}, {"source": 45, "target": 55, "weight": 0.014019}, {"source": 45, "target": 57, "weight": 0.016949}, {"source": 45, "target": 61, "weight": 0.004237}, {"source": 45, "target": 65, "weight": 0.015075}, {"source": 45, "target": 66, "weight": 0.039427}, {"source": 45, "target": 78, "weight": 0.005291}, {"source": 45, "target": 80, "weight": 0.007092}, {"source": 45, "target": 81, "weight": 0.035714}, {"source": 45, "target": 83, "weight": 0.011111}, {"source": 46, "target": 83, "weight": 0.032258}, {"source": 47, "target": 73, "weight": 0.034483}, {"source": 47, "target": 65, "weight": 0.038339}, {"source": 47, "target": 61, "weight": 0.019355}, {"source": 47, "target": 71, "weight": 0.029412}, {"source": 47, "target": 49, "weight": 0.010929}, {"source": 47, "target": 53, "weight": 0.008403}, {"source": 47, "target": 79, "weight": 0.010526}, {"source": 47, "target": 80, "weight": 0.005797}, {"source": 47, "target": 76, "weight": 0.033333}, {"source": 48, "target": 52, "weight": 0.033333}, {"source": 49, "target": 52, "weight": 0.008475}, {"source": 49, "target": 68, "weight": 0.006667}, {"source": 49, "target": 56, "weight": 0.003731}, {"source": 49, "target": 80, "weight": 0.194805}, {"source": 50, "target": 81, "weight": 0.013889}, {"source": 50, "target": 52, "weight": 0.146341}, {"source": 51, "target": 60, "weight": 0.011905}, {"source": 51, "target": 66, "weight": 0.010204}, {"source": 51, "target": 81, "weight": 0.009091}, {"source": 51, "target": 62, "weight": 0.00641}, {"source": 51, "target": 55, "weight": 0.623377}, {"source": 51, "target": 83, "weight": 0.011236}, {"source": 53, "target": 65, "weight": 0.01444}, {"source": 53, "target": 61, "weight": 0.00885}, {"source": 53, "target": 76, "weight": 0.07767}, {"source": 55, "target": 66, "weight": 0.010929}, {"source": 56, "target": 62, "weight": 0.003953}, {"source": 56, "target": 72, "weight": 0.181818}, {"source": 56, "target": 74, "weight": 0.005376}, {"source": 56, "target": 76, "weight": 0.008439}, {"source": 56, "target": 80, "weight": 0.004662}, {"source": 56, "target": 69, "weight": 0.021622}, {"source": 57, "target": 66, "weight": 0.006803}, {"source": 60, "target": 66, "weight": 0.013986}, {"source": 61, "target": 73, "weight": 0.035971}, {"source": 61, "target": 65, "weight": 0.190299}, {"source": 61, "target": 79, "weight": 0.084337}, {"source": 61, "target": 76, "weight": 0.071942}, {"source": 62, "target": 66, "weight": 0.00463}, {"source": 63, "target": 80, "weight": 0.007042}, {"source": 64, "target": 81, "weight": 0.093023}, {"source": 65, "target": 66, "weight": 0.005405}, {"source": 65, "target": 76, "weight": 0.18797}, {"source": 65, "target": 80, "weight": 0.013972}, {"source": 65, "target": 79, "weight": 0.03629}, {"source": 66, "target": 78, "weight": 0.006369}, {"source": 66, "target": 80, "weight": 0.007673}, {"source": 66, "target": 81, "weight": 0.011834}, {"source": 68, "target": 82, "weight": 0.019231}, {"source": 70, "target": 81, "weight": 0.019231}, {"source": 71, "target": 80, "weight": 0.003106}, {"source": 72, "target": 80, "weight": 0.003135}, {"source": 73, "target": 80, "weight": 0.003012}, {"source": 73, "target": 79, "weight": 0.064935}, {"source": 73, "target": 76, "weight": 0.029197}, {"source": 74, "target": 80, "weight": 0.003509}, {"source": 75, "target": 80, "weight": 0.003401}, {"source": 76, "target": 78, "weight": 0.02}, {"source": 76, "target": 79, "weight": 0.023529}, {"source": 80, "target": 81, "weight": 0.003268}], "multigraph": false}