{"directed": false, "graph": {}, "nodes": [{"group": 0, "id": "needful", "degree": 4}, {"group": 1, "id": "nearness", "degree": 4}, {"group": 1, "id": "negligence"}, {"group": 8, "id": "nettled", "degree": 3}, {"group": 3, "id": "necromancer", "degree": 1}, {"group": 4, "id": "neigh"}, {"group": 4, "id": "nefarious", "degree": 6}, {"group": 4, "id": "newsreel", "degree": 3}, {"group": 5, "id": "nephritis", "degree": 3}, {"group": 6, "id": "nemesis"}, {"group": 7, "id": "newfashioned"}, {"group": 8, "id": "nervous"}, {"group": 2, "id": "necromancy"}, {"group": 5, "id": "neoplasm"}, {"group": 6, "id": "nervousness", "degree": 16}, {"group": 7, "id": "neophyte", "degree": 3}, {"group": 4, "id": "negligent", "degree": 7}, {"group": 1, "id": "nearly", "degree": 2}, {"group": 4, "id": "newly"}, {"group": 8, "id": "neurological"}, {"group": 0, "id": "necessary", "degree": 10}, {"group": 6, "id": "nectar"}, {"group": 3, "id": "newsmonger", "degree": 5}, {"group": 6, "id": "nerves", "degree": 0}, {"group": 1, "id": "neighborhood"}, {"group": 5, "id": "neuralgia"}, {"group": 1, "id": "nearing", "degree": 13}, {"group": 0, "id": "necessaries"}, {"group": 4, "id": "nectarous"}, {"group": 3, "id": "negotiator", "degree": 7}, {"group": 1, "id": "nephew", "degree": 0}, {"group": 9, "id": "newsletter", "degree": 2}, {"group": 6, "id": "network"}, {"group": 6, "id": "neb", "degree": 2}, {"group": 8, "id": "neurosis"}, {"group": 7, "id": "new"}, {"group": 6, "id": "net", "degree": 25}, {"group": 3, "id": "nestor", "degree": 2}, {"group": 4, "id": "never"}, {"group": 7, "id": "newcomer"}, {"group": 9, "id": "news", "degree": 5}, {"group": 7, "id": "newness", "degree": 2}, {"group": 7, "id": "needing"}, {"group": 1, "id": "needlework", "degree": 1}, {"group": 4, "id": "necrological", "degree": 3}, {"group": 1, "id": "neighbor", "degree": 8}, {"group": 4, "id": "nearsighted", "degree": 4}, {"group": 10, "id": "neurologist", "degree": 0}, {"group": 6, "id": "nevus"}, {"group": 4, "id": "neglect"}, {"group": 1, "id": "nearby", "degree": 3}, {"group": 3, "id": "negotiation", "degree": 1}, {"group": 6, "id": "nerve"}, {"group": 11, "id": "netted", "degree": 0}, {"group": 4, "id": "nerveless"}, {"group": 7, "id": "newborn", "degree": 6}, {"group": 8, "id": "neutrality"}, {"group": 8, "id": "negate"}, {"group": 12, "id": "neighborliness", "degree": 0}, {"group": 8, "id": "nervy", "degree": 11}, {"group": 13, "id": "negotiable", "degree": 0}, {"group": 14, "id": "necessarily", "degree": 0}, {"group": 4, "id": "needless"}, {"group": 8, "id": "negative"}, {"group": 1, "id": "next"}, {"group": 9, "id": "newscast"}, {"group": 8, "id": "negativism", "degree": 14}, {"group": 3, "id": "newsman", "degree": 0}, {"group": 6, "id": "needle"}, {"group": 4, "id": "neutral", "degree": 12}, {"group": 7, "id": "neologism", "degree": 5}, {"group": 4, "id": "neap", "degree": 9}, {"group": 4, "id": "nestle"}, {"group": 1, "id": "near"}, {"group": 3, "id": "newspaperman", "degree": 2}, {"group": 4, "id": "neat", "degree": 28}, {"group": 6, "id": "netting"}, {"group": 9, "id": "newspaper", "degree": 6}, {"group": 5, "id": "neuritis"}, {"group": 8, "id": "neutralize"}, {"group": 1, "id": "nexus", "degree": 9}, {"group": 8, "id": "nepotism", "degree": 1}, {"group": 6, "id": "neuron"}, {"group": 0, "id": "need", "degree": 11}, {"group": 6, "id": "needled", "degree": 2}, {"group": 8, "id": "neutralizer", "degree": 7}, {"group": 8, "id": "neatness"}, {"group": 4, "id": "needy", "degree": 2}, {"group": 4, "id": "newsy", "degree": 7}, {"group": 8, "id": "negation", "degree": 12}, {"group": 8, "id": "neurotic"}, {"group": 4, "id": "neighborly"}, {"group": 7, "id": "nestling", "degree": 9}, {"group": 4, "id": "neaten", "degree": 1}, {"group": 2, "id": "necrophilia", "degree": 1}, {"group": 8, "id": "nest"}, {"group": 3, "id": "negotiate"}, {"group": 0, "id": "necessity"}, {"group": 4, "id": "neglectful"}, {"group": 1, "id": "neck"}, {"group": 4, "id": "neuter"}, {"group": 4, "id": "nevertheless", "degree": 8}, {"group": 1, "id": "neighboring", "degree": 5}, {"group": 5, "id": "necrosis", "degree": 5}, {"group": 4, "id": "nebulous"}, {"group": 6, "id": "nettle", "degree": 13}, {"group": 4, "id": "necrology"}, {"group": 7, "id": "nebbish", "degree": 9}, {"group": 4, "id": "negligible", "degree": 9}, {"group": 1, "id": "necklace"}], "links": [{"source": 0, "target": 20, "weight": 0.15873}, {"source": 0, "target": 11, "weight": 0.008264}, {"source": 0, "target": 27, "weight": 0.181818}, {"source": 0, "target": 97, "weight": 0.071429}, {"source": 0, "target": 83, "weight": 0.047619}, {"source": 0, "target": 36, "weight": 0.004444}, {"source": 1, "target": 14, "weight": 0.005747}, {"source": 1, "target": 24, "weight": 0.039063}, {"source": 1, "target": 99, "weight": 0.015152}, {"source": 1, "target": 80, "weight": 0.033613}, {"source": 1, "target": 2, "weight": 0.006623}, {"source": 1, "target": 73, "weight": 0.030612}, {"source": 1, "target": 26, "weight": 0.08547}, {"source": 1, "target": 29, "weight": 0.010753}, {"source": 1, "target": 66, "weight": 0.006711}, {"source": 2, "target": 83, "weight": 0.006623}, {"source": 2, "target": 108, "weight": 0.008772}, {"source": 2, "target": 89, "weight": 0.012821}, {"source": 2, "target": 26, "weight": 0.007813}, {"source": 3, "target": 11, "weight": 0.024}, {"source": 3, "target": 59, "weight": 0.018519}, {"source": 3, "target": 90, "weight": 0.030303}, {"source": 4, "target": 29, "weight": 0.035714}, {"source": 4, "target": 75, "weight": 0.005525}, {"source": 5, "target": 71, "weight": 0.017857}, {"source": 5, "target": 83, "weight": 0.009259}, {"source": 5, "target": 69, "weight": 0.005556}, {"source": 5, "target": 6, "weight": 0.006667}, {"source": 5, "target": 108, "weight": 0.014085}, {"source": 6, "target": 16, "weight": 0.026549}, {"source": 6, "target": 9, "weight": 0.006667}, {"source": 6, "target": 106, "weight": 0.005682}, {"source": 6, "target": 87, "weight": 0.015152}, {"source": 6, "target": 46, "weight": 0.027211}, {"source": 6, "target": 73, "weight": 0.004115}, {"source": 6, "target": 63, "weight": 0.00303}, {"source": 6, "target": 71, "weight": 0.014493}, {"source": 6, "target": 80, "weight": 0.006098}, {"source": 6, "target": 69, "weight": 0.003802}, {"source": 6, "target": 75, "weight": 0.006969}, {"source": 6, "target": 108, "weight": 0.02649}, {"source": 6, "target": 36, "weight": 0.006098}, {"source": 6, "target": 104, "weight": 0.011561}, {"source": 6, "target": 85, "weight": 0.007042}, {"source": 7, "target": 44, "weight": 0.038462}, {"source": 7, "target": 42, "weight": 0.020833}, {"source": 7, "target": 63, "weight": 0.004348}, {"source": 7, "target": 71, "weight": 0.025641}, {"source": 7, "target": 108, "weight": 0.018519}, {"source": 7, "target": 48, "weight": 0.006849}, {"source": 8, "target": 103, "weight": 0.025}, {"source": 8, "target": 78, "weight": 0.6875}, {"source": 8, "target": 25, "weight": 0.033333}, {"source": 9, "target": 105, "weight": 0.027523}, {"source": 9, "target": 14, "weight": 0.007519}, {"source": 9, "target": 36, "weight": 0.008163}, {"source": 10, "target": 41, "weight": 0.038462}, {"source": 10, "target": 70, "weight": 0.030303}, {"source": 10, "target": 92, "weight": 0.009524}, {"source": 10, "target": 75, "weight": 0.005263}, {"source": 10, "target": 59, "weight": 0.009174}, {"source": 11, "target": 14, "weight": 0.014563}, {"source": 11, "target": 20, "weight": 0.011976}, {"source": 11, "target": 75, "weight": 0.007168}, {"source": 11, "target": 59, "weight": 0.212121}, {"source": 11, "target": 85, "weight": 0.007463}, {"source": 12, "target": 94, "weight": 0.028571}, {"source": 13, "target": 103, "weight": 0.027778}, {"source": 14, "target": 95, "weight": 0.005435}, {"source": 14, "target": 52, "weight": 0.005618}, {"source": 14, "target": 21, "weight": 0.008264}, {"source": 14, "target": 80, "weight": 0.006803}, {"source": 14, "target": 103, "weight": 0.006329}, {"source": 14, "target": 68, "weight": 0.011765}, {"source": 14, "target": 63, "weight": 0.003195}, {"source": 14, "target": 59, "weight": 0.005263}, {"source": 14, "target": 105, "weight": 0.017143}, {"source": 14, "target": 76, "weight": 0.007143}, {"source": 14, "target": 83, "weight": 0.005747}, {"source": 14, "target": 23, "weight": 0.048544}, {"source": 14, "target": 48, "weight": 0.004367}, {"source": 14, "target": 36, "weight": 0.003205}, {"source": 15, "target": 70, "weight": 0.016393}, {"source": 15, "target": 42, "weight": 0.012821}, {"source": 15, "target": 92, "weight": 0.196429}, {"source": 15, "target": 55, "weight": 0.035088}, {"source": 15, "target": 107, "weight": 0.012048}, {"source": 15, "target": 39, "weight": 0.444444}, {"source": 15, "target": 22, "weight": 0.012821}, {"source": 15, "target": 35, "weight": 0.014388}, {"source": 16, "target": 98, "weight": 0.162393}, {"source": 16, "target": 84, "weight": 0.007752}, {"source": 16, "target": 100, "weight": 0.030675}, {"source": 16, "target": 101, "weight": 0.007634}, {"source": 16, "target": 88, "weight": 0.006452}, {"source": 16, "target": 26, "weight": 0.006024}, {"source": 16, "target": 54, "weight": 0.04321}, {"source": 16, "target": 63, "weight": 0.003049}, {"source": 16, "target": 73, "weight": 0.004149}, {"source": 16, "target": 75, "weight": 0.003497}, {"source": 16, "target": 69, "weight": 0.031496}, {"source": 17, "target": 73, "weight": 0.044776}, {"source": 17, "target": 75, "weight": 0.005435}, {"source": 17, "target": 26, "weight": 0.048387}, {"source": 17, "target": 50, "weight": 0.2}, {"source": 18, "target": 101, "weight": 0.045455}, {"source": 18, "target": 92, "weight": 0.01087}, {"source": 19, "target": 59, "weight": 0.010101}, {"source": 20, "target": 96, "weight": 0.016}, {"source": 20, "target": 26, "weight": 0.009009}, {"source": 20, "target": 27, "weight": 0.073529}, {"source": 20, "target": 63, "weight": 0.007353}, {"source": 20, "target": 75, "weight": 0.008696}, {"source": 20, "target": 97, "weight": 0.04902}, {"source": 20, "target": 83, "weight": 0.038462}, {"source": 20, "target": 36, "weight": 0.003676}, {"source": 21, "target": 36, "weight": 0.004274}, {"source": 22, "target": 37, "weight": 0.044444}, {"source": 22, "target": 67, "weight": 0.05}, {"source": 22, "target": 99, "weight": 0.006369}, {"source": 22, "target": 65, "weight": 0.02381}, {"source": 22, "target": 29, "weight": 0.040816}, {"source": 22, "target": 74, "weight": 0.15873}, {"source": 22, "target": 77, "weight": 0.037736}, {"source": 22, "target": 31, "weight": 0.047619}, {"source": 24, "target": 80, "weight": 0.009524}, {"source": 24, "target": 36, "weight": 0.007435}, {"source": 24, "target": 26, "weight": 0.009174}, {"source": 26, "target": 102, "weight": 0.013158}, {"source": 26, "target": 64, "weight": 0.037037}, {"source": 26, "target": 91, "weight": 0.011628}, {"source": 26, "target": 73, "weight": 0.177632}, {"source": 26, "target": 75, "weight": 0.004484}, {"source": 26, "target": 45, "weight": 0.021505}, {"source": 26, "target": 35, "weight": 0.013889}, {"source": 26, "target": 50, "weight": 0.061538}, {"source": 27, "target": 83, "weight": 0.157895}, {"source": 28, "target": 75, "weight": 0.020408}, {"source": 29, "target": 99, "weight": 0.006944}, {"source": 29, "target": 80, "weight": 0.015152}, {"source": 29, "target": 96, "weight": 0.011765}, {"source": 29, "target": 69, "weight": 0.006061}, {"source": 29, "target": 85, "weight": 0.022727}, {"source": 30, "target": 107, "weight": 0.019608}, {"source": 30, "target": 45, "weight": 0.017544}, {"source": 31, "target": 77, "weight": 0.346154}, {"source": 31, "target": 40, "weight": 0.222222}, {"source": 31, "target": 65, "weight": 0.045455}, {"source": 32, "target": 105, "weight": 0.008621}, {"source": 32, "target": 36, "weight": 0.166667}, {"source": 33, "target": 105, "weight": 0.02}, {"source": 33, "target": 48, "weight": 0.013158}, {"source": 33, "target": 68, "weight": 0.052023}, {"source": 34, "target": 66, "weight": 0.011236}, {"source": 35, "target": 70, "weight": 0.018692}, {"source": 35, "target": 101, "weight": 0.009091}, {"source": 35, "target": 102, "weight": 0.008475}, {"source": 35, "target": 55, "weight": 0.009524}, {"source": 35, "target": 92, "weight": 0.160256}, {"source": 35, "target": 75, "weight": 0.007576}, {"source": 35, "target": 45, "weight": 0.007353}, {"source": 35, "target": 77, "weight": 0.008621}, {"source": 35, "target": 40, "weight": 0.008772}, {"source": 35, "target": 36, "weight": 0.009868}, {"source": 35, "target": 59, "weight": 0.010929}, {"source": 35, "target": 50, "weight": 0.009091}, {"source": 36, "target": 52, "weight": 0.006897}, {"source": 36, "target": 62, "weight": 0.008772}, {"source": 36, "target": 81, "weight": 0.004444}, {"source": 36, "target": 82, "weight": 0.004608}, {"source": 36, "target": 73, "weight": 0.008902}, {"source": 36, "target": 63, "weight": 0.004706}, {"source": 36, "target": 83, "weight": 0.006993}, {"source": 36, "target": 89, "weight": 0.006849}, {"source": 36, "target": 92, "weight": 0.003344}, {"source": 36, "target": 66, "weight": 0.006993}, {"source": 36, "target": 95, "weight": 0.003367}, {"source": 36, "target": 68, "weight": 0.013661}, {"source": 36, "target": 96, "weight": 0.01083}, {"source": 36, "target": 69, "weight": 0.002786}, {"source": 36, "target": 99, "weight": 0.002959}, {"source": 36, "target": 105, "weight": 0.010417}, {"source": 36, "target": 72, "weight": 0.008065}, {"source": 36, "target": 107, "weight": 0.004016}, {"source": 36, "target": 75, "weight": 0.005222}, {"source": 36, "target": 76, "weight": 0.165138}, {"source": 36, "target": 48, "weight": 0.008824}, {"source": 37, "target": 68, "weight": 0.005814}, {"source": 37, "target": 75, "weight": 0.005376}, {"source": 37, "target": 96, "weight": 0.012346}, {"source": 37, "target": 45, "weight": 0.017544}, {"source": 38, "target": 101, "weight": 0.052632}, {"source": 39, "target": 55, "weight": 0.037037}, {"source": 39, "target": 70, "weight": 0.092593}, {"source": 39, "target": 107, "weight": 0.0125}, {"source": 39, "target": 92, "weight": 0.201835}, {"source": 40, "target": 68, "weight": 0.005618}, {"source": 40, "target": 63, "weight": 0.004274}, {"source": 40, "target": 106, "weight": 0.0125}, {"source": 40, "target": 77, "weight": 0.466667}, {"source": 41, "target": 70, "weight": 0.045455}, {"source": 42, "target": 55, "weight": 0.023256}, {"source": 42, "target": 71, "weight": 0.018519}, {"source": 42, "target": 92, "weight": 0.034783}, {"source": 42, "target": 108, "weight": 0.014493}, {"source": 43, "target": 99, "weight": 0.007937}, {"source": 44, "target": 106, "weight": 0.014493}, {"source": 44, "target": 63, "weight": 0.004484}, {"source": 45, "target": 99, "weight": 0.018072}, {"source": 45, "target": 80, "weight": 0.011111}, {"source": 45, "target": 102, "weight": 0.236364}, {"source": 45, "target": 68, "weight": 0.005}, {"source": 45, "target": 64, "weight": 0.209677}, {"source": 45, "target": 73, "weight": 0.024096}, {"source": 45, "target": 50, "weight": 0.034483}, {"source": 46, "target": 108, "weight": 0.043478}, {"source": 46, "target": 73, "weight": 0.03871}, {"source": 46, "target": 75, "weight": 0.004878}, {"source": 46, "target": 104, "weight": 0.010989}, {"source": 48, "target": 80, "weight": 0.00565}, {"source": 48, "target": 103, "weight": 0.010695}, {"source": 48, "target": 105, "weight": 0.004831}, {"source": 48, "target": 75, "weight": 0.006667}, {"source": 48, "target": 83, "weight": 0.004902}, {"source": 48, "target": 66, "weight": 0.004902}, {"source": 49, "target": 83, "weight": 0.00885}, {"source": 49, "target": 108, "weight": 0.013158}, {"source": 49, "target": 89, "weight": 0.008403}, {"source": 50, "target": 80, "weight": 0.015625}, {"source": 50, "target": 102, "weight": 0.05}, {"source": 50, "target": 64, "weight": 0.042553}, {"source": 50, "target": 73, "weight": 0.074627}, {"source": 50, "target": 75, "weight": 0.010695}, {"source": 50, "target": 59, "weight": 0.009346}, {"source": 51, "target": 96, "weight": 0.013889}, {"source": 52, "target": 75, "weight": 0.004}, {"source": 52, "target": 69, "weight": 0.004444}, {"source": 54, "target": 107, "weight": 0.011111}, {"source": 54, "target": 88, "weight": 0.010638}, {"source": 54, "target": 75, "weight": 0.004444}, {"source": 54, "target": 69, "weight": 0.046875}, {"source": 55, "target": 92, "weight": 0.020619}, {"source": 55, "target": 63, "weight": 0.008929}, {"source": 55, "target": 107, "weight": 0.020833}, {"source": 56, "target": 103, "weight": 0.016129}, {"source": 56, "target": 66, "weight": 0.021583}, {"source": 56, "target": 75, "weight": 0.004202}, {"source": 56, "target": 89, "weight": 0.006803}, {"source": 56, "target": 69, "weight": 0.004695}, {"source": 57, "target": 83, "weight": 0.007042}, {"source": 57, "target": 89, "weight": 0.049296}, {"source": 57, "target": 85, "weight": 0.021739}, {"source": 57, "target": 66, "weight": 0.021429}, {"source": 59, "target": 91, "weight": 0.008}, {"source": 59, "target": 88, "weight": 0.007634}, {"source": 59, "target": 62, "weight": 0.009346}, {"source": 59, "target": 92, "weight": 0.00565}, {"source": 59, "target": 90, "weight": 0.009524}, {"source": 59, "target": 73, "weight": 0.004608}, {"source": 59, "target": 75, "weight": 0.007663}, {"source": 59, "target": 63, "weight": 0.003289}, {"source": 62, "target": 108, "weight": 0.057692}, {"source": 62, "target": 88, "weight": 0.035714}, {"source": 62, "target": 75, "weight": 0.005319}, {"source": 63, "target": 101, "weight": 0.004348}, {"source": 63, "target": 89, "weight": 0.088561}, {"source": 63, "target": 69, "weight": 0.005571}, {"source": 63, "target": 83, "weight": 0.003472}, {"source": 63, "target": 85, "weight": 0.012658}, {"source": 63, "target": 66, "weight": 0.017606}, {"source": 64, "target": 102, "weight": 0.295455}, {"source": 65, "target": 77, "weight": 0.030303}, {"source": 66, "target": 86, "weight": 0.009524}, {"source": 66, "target": 97, "weight": 0.008264}, {"source": 66, "target": 79, "weight": 0.010309}, {"source": 66, "target": 83, "weight": 0.006711}, {"source": 66, "target": 95, "weight": 0.012658}, {"source": 66, "target": 89, "weight": 0.075862}, {"source": 66, "target": 73, "weight": 0.004975}, {"source": 66, "target": 76, "weight": 0.008696}, {"source": 66, "target": 99, "weight": 0.015152}, {"source": 67, "target": 74, "weight": 0.214286}, {"source": 68, "target": 84, "weight": 0.005814}, {"source": 68, "target": 105, "weight": 0.311111}, {"source": 68, "target": 83, "weight": 0.00431}, {"source": 68, "target": 92, "weight": 0.004098}, {"source": 68, "target": 77, "weight": 0.005556}, {"source": 69, "target": 96, "weight": 0.009434}, {"source": 69, "target": 98, "weight": 0.005988}, {"source": 69, "target": 101, "weight": 0.006135}, {"source": 69, "target": 88, "weight": 0.005348}, {"source": 69, "target": 91, "weight": 0.005525}, {"source": 69, "target": 73, "weight": 0.003663}, {"source": 69, "target": 71, "weight": 0.011905}, {"source": 69, "target": 75, "weight": 0.009494}, {"source": 69, "target": 100, "weight": 0.273885}, {"source": 69, "target": 108, "weight": 0.005435}, {"source": 69, "target": 104, "weight": 0.084656}, {"source": 70, "target": 96, "weight": 0.012346}, {"source": 70, "target": 92, "weight": 0.009901}, {"source": 71, "target": 95, "weight": 0.009346}, {"source": 71, "target": 86, "weight": 0.018868}, {"source": 71, "target": 108, "weight": 0.033898}, {"source": 71, "target": 103, "weight": 0.012346}, {"source": 72, "target": 75, "weight": 0.004808}, {"source": 72, "target": 93, "weight": 0.025}, {"source": 73, "target": 87, "weight": 0.006993}, {"source": 73, "target": 80, "weight": 0.005747}, {"source": 73, "target": 75, "weight": 0.013559}, {"source": 73, "target": 102, "weight": 0.013333}, {"source": 73, "target": 83, "weight": 0.004975}, {"source": 73, "target": 108, "weight": 0.01227}, {"source": 73, "target": 85, "weight": 0.006579}, {"source": 75, "target": 80, "weight": 0.004566}, {"source": 75, "target": 83, "weight": 0.004065}, {"source": 75, "target": 86, "weight": 0.00495}, {"source": 75, "target": 91, "weight": 0.004854}, {"source": 75, "target": 88, "weight": 0.014286}, {"source": 75, "target": 93, "weight": 0.011494}, {"source": 75, "target": 96, "weight": 0.004202}, {"source": 75, "target": 100, "weight": 0.004464}, {"source": 75, "target": 104, "weight": 0.004367}, {"source": 75, "target": 108, "weight": 0.004785}, {"source": 76, "target": 103, "weight": 0.010101}, {"source": 76, "target": 105, "weight": 0.008475}, {"source": 76, "target": 83, "weight": 0.008696}, {"source": 78, "target": 103, "weight": 0.022727}, {"source": 79, "target": 89, "weight": 0.019608}, {"source": 79, "target": 85, "weight": 0.042553}, {"source": 80, "target": 99, "weight": 0.017544}, {"source": 80, "target": 109, "weight": 0.011765}, {"source": 81, "target": 86, "weight": 0.023256}, {"source": 81, "target": 89, "weight": 0.010753}, {"source": 83, "target": 97, "weight": 0.244898}, {"source": 83, "target": 89, "weight": 0.012987}, {"source": 83, "target": 105, "weight": 0.006579}, {"source": 84, "target": 105, "weight": 0.01087}, {"source": 88, "target": 91, "weight": 0.027027}, {"source": 89, "target": 99, "weight": 0.004854}, {"source": 89, "target": 107, "weight": 0.017241}, {"source": 89, "target": 97, "weight": 0.007874}, {"source": 92, "target": 95, "weight": 0.005848}, {"source": 92, "target": 107, "weight": 0.00813}, {"source": 95, "target": 105, "weight": 0.006173}, {"source": 97, "target": 105, "weight": 0.008065}, {"source": 98, "target": 101, "weight": 0.027027}, {"source": 99, "target": 105, "weight": 0.004926}, {"source": 99, "target": 107, "weight": 0.006173}, {"source": 100, "target": 101, "weight": 0.014493}], "multigraph": false}