{"directed": false, "graph": {}, "nodes": [{"group": 0, "id": "nimbus"}, {"group": 1, "id": "niggle", "degree": 6}, {"group": 0, "id": "nipper"}, {"group": 2, "id": "nitrogen", "degree": 1}, {"group": 3, "id": "nigh"}, {"group": 0, "id": "nibble"}, {"group": 1, "id": "niggling"}, {"group": 3, "id": "niggardly"}, {"group": 4, "id": "nitpicker", "degree": 0}, {"group": 3, "id": "nippy", "degree": 4}, {"group": 5, "id": "nibbling", "degree": 0}, {"group": 6, "id": "nightwalk", "degree": 3}, {"group": 7, "id": "nitwit"}, {"group": 0, "id": "nightmare", "degree": 1}, {"group": 7, "id": "nihilism", "degree": 4}, {"group": 3, "id": "nicety", "degree": 2}, {"group": 0, "id": "nick", "degree": 13}, {"group": 1, "id": "nipped", "degree": 3}, {"group": 0, "id": "nihilist"}, {"group": 3, "id": "nifty", "degree": 7}, {"group": 2, "id": "nitrate"}, {"group": 0, "id": "nipple"}, {"group": 7, "id": "nincompoop"}, {"group": 3, "id": "nice"}, {"group": 8, "id": "niche", "degree": 0}, {"group": 3, "id": "niggard", "degree": 1}, {"group": 3, "id": "nickel"}, {"group": 3, "id": "nirvanic"}, {"group": 3, "id": "nitwitted", "degree": 1}, {"group": 0, "id": "nib"}, {"group": 1, "id": "nitpick", "degree": 2}, {"group": 0, "id": "nicked", "degree": 0}, {"group": 3, "id": "nimbly"}, {"group": 7, "id": "ninny", "degree": 2}, {"group": 1, "id": "nihilistic"}, {"group": 3, "id": "nimble", "degree": 6}, {"group": 1, "id": "nix", "degree": 3}, {"group": 0, "id": "nightcap", "degree": 2}, {"group": 0, "id": "nip", "degree": 13}, {"group": 0, "id": "nickname"}, {"group": 1, "id": "nit"}, {"group": 9, "id": "nirvana", "degree": 0}, {"group": 0, "id": "nimbleness", "degree": 3}, {"group": 3, "id": "nicely", "degree": 3}, {"group": 6, "id": "nightwalking", "degree": 0}, {"group": 0, "id": "nickelodeon", "degree": 1}, {"group": 0, "id": "nine"}, {"group": 0, "id": "nightclub"}], "links": [{"source": 0, "target": 37, "weight": 0.026316}, {"source": 0, "target": 42, "weight": 0.019231}, {"source": 1, "target": 30, "weight": 0.0625}, {"source": 1, "target": 6, "weight": 0.328571}, {"source": 1, "target": 36, "weight": 0.015385}, {"source": 1, "target": 38, "weight": 0.003096}, {"source": 1, "target": 40, "weight": 0.589744}, {"source": 1, "target": 23, "weight": 0.008584}, {"source": 2, "target": 38, "weight": 0.003215}, {"source": 3, "target": 20, "weight": 0.26087}, {"source": 4, "target": 38, "weight": 0.012384}, {"source": 4, "target": 9, "weight": 0.024691}, {"source": 4, "target": 19, "weight": 0.011364}, {"source": 5, "target": 16, "weight": 0.006369}, {"source": 5, "target": 38, "weight": 0.052459}, {"source": 6, "target": 30, "weight": 0.02381}, {"source": 6, "target": 35, "weight": 0.016949}, {"source": 6, "target": 36, "weight": 0.01}, {"source": 6, "target": 38, "weight": 0.002793}, {"source": 6, "target": 17, "weight": 0.010526}, {"source": 7, "target": 38, "weight": 0.002809}, {"source": 7, "target": 25, "weight": 0.076923}, {"source": 7, "target": 19, "weight": 0.008475}, {"source": 9, "target": 35, "weight": 0.059406}, {"source": 9, "target": 27, "weight": 0.011628}, {"source": 9, "target": 19, "weight": 0.038462}, {"source": 9, "target": 38, "weight": 0.005814}, {"source": 9, "target": 23, "weight": 0.007843}, {"source": 11, "target": 16, "weight": 0.006536}, {"source": 11, "target": 38, "weight": 0.003165}, {"source": 11, "target": 44, "weight": 0.166667}, {"source": 11, "target": 30, "weight": 0.023256}, {"source": 12, "target": 33, "weight": 0.72}, {"source": 12, "target": 14, "weight": 0.023256}, {"source": 13, "target": 38, "weight": 0.009202}, {"source": 14, "target": 36, "weight": 0.016667}, {"source": 14, "target": 22, "weight": 0.021277}, {"source": 14, "target": 33, "weight": 0.021739}, {"source": 15, "target": 43, "weight": 0.015625}, {"source": 15, "target": 38, "weight": 0.005917}, {"source": 15, "target": 42, "weight": 0.013889}, {"source": 15, "target": 23, "weight": 0.012097}, {"source": 16, "target": 37, "weight": 0.006897}, {"source": 16, "target": 26, "weight": 0.005952}, {"source": 16, "target": 29, "weight": 0.012195}, {"source": 16, "target": 39, "weight": 0.006711}, {"source": 16, "target": 31, "weight": 0.007092}, {"source": 16, "target": 34, "weight": 0.005714}, {"source": 16, "target": 46, "weight": 0.006849}, {"source": 16, "target": 18, "weight": 0.005917}, {"source": 16, "target": 21, "weight": 0.006289}, {"source": 16, "target": 38, "weight": 0.036408}, {"source": 16, "target": 23, "weight": 0.005952}, {"source": 17, "target": 38, "weight": 0.003067}, {"source": 17, "target": 23, "weight": 0.004219}, {"source": 19, "target": 25, "weight": 0.015625}, {"source": 19, "target": 35, "weight": 0.036697}, {"source": 19, "target": 38, "weight": 0.005714}, {"source": 19, "target": 23, "weight": 0.023346}, {"source": 20, "target": 38, "weight": 0.003175}, {"source": 21, "target": 38, "weight": 0.009375}, {"source": 22, "target": 33, "weight": 0.88}, {"source": 23, "target": 35, "weight": 0.015504}, {"source": 23, "target": 43, "weight": 0.018018}, {"source": 23, "target": 38, "weight": 0.004008}, {"source": 26, "target": 38, "weight": 0.003021}, {"source": 26, "target": 35, "weight": 0.01087}, {"source": 27, "target": 28, "weight": 0.022727}, {"source": 29, "target": 45, "weight": 0.022727}, {"source": 29, "target": 38, "weight": 0.009202}, {"source": 30, "target": 40, "weight": 0.037736}, {"source": 32, "target": 43, "weight": 0.028571}, {"source": 32, "target": 35, "weight": 0.014085}, {"source": 34, "target": 36, "weight": 0.0125}, {"source": 35, "target": 38, "weight": 0.002857}, {"source": 36, "target": 40, "weight": 0.014493}, {"source": 37, "target": 38, "weight": 0.009804}, {"source": 38, "target": 40, "weight": 0.006135}, {"source": 38, "target": 39, "weight": 0.003205}, {"source": 38, "target": 42, "weight": 0.006231}, {"source": 38, "target": 47, "weight": 0.003086}], "multigraph": false}