{"directed": false, "graph": {}, "nodes": [{"group": 0, "id": "nonporous", "degree": 4}, {"group": 0, "id": "noteworthy"}, {"group": 1, "id": "nonoccupancy", "degree": 3}, {"group": 2, "id": "nonattendance"}, {"group": 2, "id": "nonperformance", "degree": 12}, {"group": 3, "id": "nominated", "degree": 5}, {"group": 0, "id": "notional"}, {"group": 0, "id": "nonreturnable"}, {"group": 4, "id": "nominally", "degree": 2}, {"group": 6, "id": "northeast"}, {"group": 5, "id": "nocturne", "degree": 10}, {"group": 7, "id": "nonintellectual", "degree": 2}, {"group": 0, "id": "normative", "degree": 14}, {"group": 2, "id": "nonfulfillment", "degree": 7}, {"group": 8, "id": "nostalgia"}, {"group": 10, "id": "noncooperative", "degree": 13}, {"group": 8, "id": "nostalgic", "degree": 5}, {"group": 2, "id": "nonchalance", "degree": 11}, {"group": 7, "id": "nonproductive"}, {"group": 9, "id": "nonaligned"}, {"group": 0, "id": "norm", "degree": 22}, {"group": 8, "id": "noncommittal"}, {"group": 0, "id": "nomen"}, {"group": 2, "id": "nonfeasance", "degree": 12}, {"group": 5, "id": "notation", "degree": 23}, {"group": 5, "id": "nod", "degree": 40}, {"group": 0, "id": "nonphysical"}, {"group": 5, "id": "nonplus", "degree": 12}, {"group": 10, "id": "nonobservant"}, {"group": 11, "id": "nowise"}, {"group": 0, "id": "nonelastic", "degree": 2}, {"group": 12, "id": "now", "degree": 4}, {"group": 0, "id": "noosphere"}, {"group": 9, "id": "nosy"}, {"group": 10, "id": "nourishing", "degree": 1}, {"group": 11, "id": "noiseless", "degree": 3}, {"group": 12, "id": "nonattendant", "degree": 2}, {"group": 0, "id": "nobby"}, {"group": 10, "id": "nodding", "degree": 9}, {"group": 5, "id": "nose", "degree": 23}, {"group": 13, "id": "nostril", "degree": 0}, {"group": 0, "id": "nonfunctional", "degree": 1}, {"group": 0, "id": "notorious"}, {"group": 10, "id": "nondescript", "degree": 7}, {"group": 0, "id": "nominative", "degree": 3}, {"group": 2, "id": "noncompliance"}, {"group": 2, "id": "noninterference", "degree": 19}, {"group": 5, "id": "notify"}, {"group": 8, "id": "noncombatant", "degree": 2}, {"group": 14, "id": "nonopposition", "degree": 7}, {"group": 9, "id": "nonessential", "degree": 11}, {"group": 11, "id": "notwithstanding"}, {"group": 1, "id": "novelist"}, {"group": 0, "id": "nobleman", "degree": 3}, {"group": 2, "id": "nominalism", "degree": 11}, {"group": 0, "id": "nondenominational"}, {"group": 9, "id": "nonmandatory"}, {"group": 5, "id": "notarize", "degree": 7}, {"group": 5, "id": "notification", "degree": 12}, {"group": 15, "id": "noon", "degree": 9}, {"group": 6, "id": "norther", "degree": 5}, {"group": 12, "id": "novelty"}, {"group": 2, "id": "nonacceptance"}, {"group": 15, "id": "nook"}, {"group": 0, "id": "nominal"}, {"group": 11, "id": "noway"}, {"group": 15, "id": "noose", "degree": 13}, {"group": 5, "id": "notice", "degree": 14}, {"group": 1, "id": "noise", "degree": 24}, {"group": 10, "id": "nonuniform"}, {"group": 10, "id": "noncom"}, {"group": 0, "id": "noncommunicable", "degree": 3}, {"group": 10, "id": "nonreligious", "degree": 11}, {"group": 0, "id": "notable", "degree": 18}, {"group": 12, "id": "nonexistent"}, {"group": 4, "id": "notably"}, {"group": 2, "id": "nonadmission", "degree": 10}, {"group": 15, "id": "nowhere", "degree": 0}, {"group": 16, "id": "nonobjective", "degree": 0}, {"group": 5, "id": "notary"}, {"group": 2, "id": "nonconformity"}, {"group": 0, "id": "noisy", "degree": 2}, {"group": 0, "id": "noetic", "degree": 10}, {"group": 6, "id": "northern", "degree": 6}, {"group": 0, "id": "noticeable"}, {"group": 2, "id": "nonobservance", "degree": 9}, {"group": 0, "id": "nonemotional"}, {"group": 0, "id": "noted"}, {"group": 5, "id": "notebook", "degree": 9}, {"group": 4, "id": "noticeably", "degree": 2}, {"group": 0, "id": "nonliving", "degree": 5}, {"group": 1, "id": "nonentity"}, {"group": 10, "id": "nonrestrictive", "degree": 4}, {"group": 9, "id": "nonconvergent"}, {"group": 10, "id": "nonspiritual", "degree": 6}, {"group": 15, "id": "nosegay"}, {"group": 15, "id": "noddle", "degree": 10}, {"group": 1, "id": "nought"}, {"group": 1, "id": "nonsense"}, {"group": 10, "id": "nonconformist"}, {"group": 10, "id": "nonpermanent"}, {"group": 14, "id": "nonparticipation"}, {"group": 11, "id": "nohow", "degree": 5}, {"group": 3, "id": "nonesuch", "degree": 15}, {"group": 0, "id": "nonperishable"}, {"group": 0, "id": "noxious"}, {"group": 8, "id": "nonresistive"}, {"group": 0, "id": "normality", "degree": 7}, {"group": 4, "id": "nobly"}, {"group": 10, "id": "noncoherent"}, {"group": 0, "id": "noisome", "degree": 18}, {"group": 10, "id": "noncohesive", "degree": 8}, {"group": 10, "id": "nonconforming"}, {"group": 5, "id": "nourish", "degree": 2}, {"group": 6, "id": "north", "degree": 8}, {"group": 9, "id": "noncommitted"}, {"group": 17, "id": "nodular", "degree": 0}, {"group": 3, "id": "novena"}, {"group": 10, "id": "nonadherent", "degree": 11}, {"group": 5, "id": "notate"}, {"group": 10, "id": "nomadism", "degree": 2}, {"group": 1, "id": "nonoccurrence"}, {"group": 10, "id": "nomad", "degree": 5}, {"group": 8, "id": "nonviolent"}, {"group": 2, "id": "nonuniformity", "degree": 4}, {"group": 0, "id": "notability", "degree": 22}, {"group": 14, "id": "nonviolence"}, {"group": 2, "id": "none"}, {"group": 5, "id": "novel", "degree": 18}, {"group": 5, "id": "nonplussed", "degree": 0}, {"group": 3, "id": "nominate"}, {"group": 1, "id": "nothingness", "degree": 15}, {"group": 10, "id": "noiseproof", "degree": 2}, {"group": 0, "id": "notoriety"}, {"group": 6, "id": "northwesterly"}, {"group": 7, "id": "nonfertile"}, {"group": 5, "id": "nozzle"}, {"group": 3, "id": "notarized", "degree": 1}, {"group": 8, "id": "nonaggressive", "degree": 5}, {"group": 5, "id": "nonfiction", "degree": 3}, {"group": 10, "id": "noncompetitive"}, {"group": 2, "id": "nonintervention"}, {"group": 0, "id": "nonsectarian"}, {"group": 2, "id": "nonrecognition"}, {"group": 3, "id": "nonpareil"}, {"group": 0, "id": "normalize"}, {"group": 0, "id": "nonviable"}, {"group": 6, "id": "northward"}, {"group": 0, "id": "nova", "degree": 2}, {"group": 2, "id": "no", "degree": 21}, {"group": 10, "id": "nonchalant"}, {"group": 1, "id": "novice", "degree": 1}, {"group": 5, "id": "note"}, {"group": 6, "id": "northwest"}, {"group": 0, "id": "nonstop", "degree": 7}, {"group": 5, "id": "node"}, {"group": 0, "id": "noble", "degree": 22}, {"group": 1, "id": "nobody"}, {"group": 0, "id": "normal", "degree": 20}, {"group": 14, "id": "nonresistance", "degree": 8}, {"group": 5, "id": "nourishment"}, {"group": 14, "id": "noninvolvement"}, {"group": 5, "id": "nonagenarian"}, {"group": 15, "id": "noggin"}, {"group": 1, "id": "nothing", "degree": 10}, {"group": 0, "id": "nomination", "degree": 1}, {"group": 0, "id": "nonpolluted"}, {"group": 15, "id": "noodle", "degree": 3}, {"group": 9, "id": "nonpartisan", "degree": 16}, {"group": 11, "id": "nonetheless"}, {"group": 6, "id": "northerly"}, {"group": 10, "id": "nonspecific", "degree": 20}, {"group": 15, "id": "nous", "degree": 12}, {"group": 5, "id": "notch"}, {"group": 0, "id": "nonsensical", "degree": 9}, {"group": 5, "id": "notion"}, {"group": 0, "id": "nobility"}], "links": [{"source": 0, "target": 155, "weight": 0.032787}, {"source": 0, "target": 1, "weight": 0.010101}, {"source": 0, "target": 94, "weight": 0.018868}, {"source": 0, "target": 37, "weight": 0.025641}, {"source": 0, "target": 38, "weight": 0.011905}, {"source": 0, "target": 154, "weight": 0.013333}, {"source": 1, "target": 53, "weight": 0.010753}, {"source": 1, "target": 156, "weight": 0.086142}, {"source": 1, "target": 128, "weight": 0.018018}, {"source": 1, "target": 24, "weight": 0.005319}, {"source": 1, "target": 71, "weight": 0.0375}, {"source": 1, "target": 25, "weight": 0.003876}, {"source": 1, "target": 58, "weight": 0.006993}, {"source": 1, "target": 73, "weight": 0.285714}, {"source": 1, "target": 68, "weight": 0.005882}, {"source": 1, "target": 39, "weight": 0.006289}, {"source": 1, "target": 110, "weight": 0.004405}, {"source": 1, "target": 111, "weight": 0.010309}, {"source": 1, "target": 174, "weight": 0.020833}, {"source": 1, "target": 125, "weight": 0.007407}, {"source": 1, "target": 50, "weight": 0.006897}, {"source": 2, "target": 173, "weight": 0.005208}, {"source": 2, "target": 121, "weight": 0.125}, {"source": 2, "target": 68, "weight": 0.01}, {"source": 2, "target": 131, "weight": 0.045455}, {"source": 2, "target": 91, "weight": 0.04}, {"source": 3, "target": 4, "weight": 0.028571}, {"source": 3, "target": 23, "weight": 0.013889}, {"source": 3, "target": 25, "weight": 0.005076}, {"source": 3, "target": 13, "weight": 0.032258}, {"source": 3, "target": 131, "weight": 0.018519}, {"source": 3, "target": 46, "weight": 0.02439}, {"source": 4, "target": 13, "weight": 0.571429}, {"source": 4, "target": 54, "weight": 0.029412}, {"source": 4, "target": 23, "weight": 0.370968}, {"source": 4, "target": 149, "weight": 0.014493}, {"source": 4, "target": 25, "weight": 0.019417}, {"source": 4, "target": 85, "weight": 0.111111}, {"source": 4, "target": 159, "weight": 0.013699}, {"source": 4, "target": 62, "weight": 0.034483}, {"source": 4, "target": 17, "weight": 0.055556}, {"source": 4, "target": 161, "weight": 0.016129}, {"source": 4, "target": 76, "weight": 0.02439}, {"source": 4, "target": 101, "weight": 0.023256}, {"source": 4, "target": 141, "weight": 0.019608}, {"source": 4, "target": 80, "weight": 0.114286}, {"source": 4, "target": 45, "weight": 0.25}, {"source": 4, "target": 46, "weight": 0.459459}, {"source": 4, "target": 126, "weight": 0.015152}, {"source": 5, "target": 103, "weight": 0.06383}, {"source": 5, "target": 158, "weight": 0.00641}, {"source": 5, "target": 130, "weight": 0.051282}, {"source": 5, "target": 137, "weight": 0.1}, {"source": 5, "target": 144, "weight": 0.056604}, {"source": 5, "target": 176, "weight": 0.010309}, {"source": 6, "target": 82, "weight": 0.033708}, {"source": 6, "target": 156, "weight": 0.003623}, {"source": 6, "target": 103, "weight": 0.010309}, {"source": 6, "target": 73, "weight": 0.006369}, {"source": 6, "target": 36, "weight": 0.014085}, {"source": 6, "target": 128, "weight": 0.020408}, {"source": 6, "target": 122, "weight": 0.012346}, {"source": 6, "target": 139, "weight": 0.010753}, {"source": 6, "target": 171, "weight": 0.018868}, {"source": 6, "target": 41, "weight": 0.014085}, {"source": 6, "target": 110, "weight": 0.004673}, {"source": 6, "target": 174, "weight": 0.075949}, {"source": 7, "target": 53, "weight": 0.022727}, {"source": 7, "target": 156, "weight": 0.105505}, {"source": 7, "target": 71, "weight": 0.030303}, {"source": 7, "target": 73, "weight": 0.008264}, {"source": 7, "target": 30, "weight": 0.055556}, {"source": 7, "target": 154, "weight": 0.042857}, {"source": 7, "target": 90, "weight": 0.028571}, {"source": 8, "target": 75, "weight": 0.021277}, {"source": 8, "target": 89, "weight": 0.05}, {"source": 9, "target": 114, "weight": 0.923077}, {"source": 9, "target": 83, "weight": 0.730769}, {"source": 9, "target": 60, "weight": 0.074074}, {"source": 10, "target": 128, "weight": 0.053571}, {"source": 10, "target": 24, "weight": 0.015038}, {"source": 10, "target": 152, "weight": 0.01087}, {"source": 10, "target": 88, "weight": 0.052632}, {"source": 10, "target": 162, "weight": 0.025641}, {"source": 10, "target": 171, "weight": 0.015152}, {"source": 10, "target": 139, "weight": 0.104167}, {"source": 10, "target": 80, "weight": 0.006667}, {"source": 10, "target": 173, "weight": 0.004808}, {"source": 10, "target": 124, "weight": 0.01087}, {"source": 10, "target": 50, "weight": 0.010989}, {"source": 11, "target": 135, "weight": 0.019231}, {"source": 11, "target": 18, "weight": 0.019231}, {"source": 12, "target": 156, "weight": 0.019685}, {"source": 12, "target": 87, "weight": 0.017241}, {"source": 12, "target": 173, "weight": 0.004329}, {"source": 12, "target": 55, "weight": 0.019231}, {"source": 12, "target": 158, "weight": 0.246667}, {"source": 12, "target": 72, "weight": 0.019608}, {"source": 12, "target": 73, "weight": 0.007194}, {"source": 12, "target": 166, "weight": 0.015152}, {"source": 12, "target": 64, "weight": 0.013158}, {"source": 12, "target": 20, "weight": 0.042105}, {"source": 12, "target": 140, "weight": 0.016129}, {"source": 12, "target": 42, "weight": 0.037267}, {"source": 12, "target": 43, "weight": 0.061728}, {"source": 12, "target": 142, "weight": 0.019231}, {"source": 12, "target": 144, "weight": 0.011765}, {"source": 12, "target": 32, "weight": 0.016949}, {"source": 13, "target": 54, "weight": 0.033333}, {"source": 13, "target": 23, "weight": 0.246154}, {"source": 13, "target": 149, "weight": 0.015385}, {"source": 13, "target": 25, "weight": 0.014778}, {"source": 13, "target": 85, "weight": 0.1}, {"source": 13, "target": 62, "weight": 0.037037}, {"source": 13, "target": 17, "weight": 0.06}, {"source": 13, "target": 76, "weight": 0.027027}, {"source": 13, "target": 80, "weight": 0.117647}, {"source": 13, "target": 124, "weight": 0.010753}, {"source": 13, "target": 45, "weight": 0.266667}, {"source": 13, "target": 46, "weight": 0.315789}, {"source": 14, "target": 16, "weight": 0.151515}, {"source": 15, "target": 69, "weight": 0.005291}, {"source": 15, "target": 118, "weight": 0.012987}, {"source": 15, "target": 149, "weight": 0.020619}, {"source": 15, "target": 105, "weight": 0.011364}, {"source": 15, "target": 85, "weight": 0.010204}, {"source": 15, "target": 27, "weight": 0.012422}, {"source": 15, "target": 62, "weight": 0.011364}, {"source": 15, "target": 74, "weight": 0.012821}, {"source": 15, "target": 28, "weight": 0.085714}, {"source": 15, "target": 30, "weight": 0.030769}, {"source": 15, "target": 112, "weight": 0.098765}, {"source": 15, "target": 132, "weight": 0.015152}, {"source": 15, "target": 99, "weight": 0.1}, {"source": 15, "target": 66, "weight": 0.006211}, {"source": 15, "target": 110, "weight": 0.009709}, {"source": 15, "target": 45, "weight": 0.009259}, {"source": 16, "target": 82, "weight": 0.019608}, {"source": 16, "target": 105, "weight": 0.013986}, {"source": 16, "target": 106, "weight": 0.022727}, {"source": 16, "target": 123, "weight": 0.026316}, {"source": 16, "target": 110, "weight": 0.011561}, {"source": 17, "target": 150, "weight": 0.010753}, {"source": 17, "target": 23, "weight": 0.032967}, {"source": 17, "target": 126, "weight": 0.027027}, {"source": 17, "target": 49, "weight": 0.043478}, {"source": 17, "target": 85, "weight": 0.082192}, {"source": 17, "target": 159, "weight": 0.024691}, {"source": 17, "target": 131, "weight": 0.013333}, {"source": 17, "target": 62, "weight": 0.014706}, {"source": 17, "target": 25, "weight": 0.018605}, {"source": 17, "target": 161, "weight": 0.014085}, {"source": 17, "target": 101, "weight": 0.019231}, {"source": 17, "target": 80, "weight": 0.018519}, {"source": 17, "target": 143, "weight": 0.027778}, {"source": 17, "target": 45, "weight": 0.034884}, {"source": 17, "target": 46, "weight": 0.05}, {"source": 19, "target": 72, "weight": 0.035714}, {"source": 19, "target": 168, "weight": 0.642857}, {"source": 19, "target": 171, "weight": 0.015152}, {"source": 19, "target": 158, "weight": 0.006135}, {"source": 20, "target": 99, "weight": 0.005587}, {"source": 20, "target": 144, "weight": 0.030612}, {"source": 20, "target": 145, "weight": 0.020619}, {"source": 20, "target": 105, "weight": 0.005525}, {"source": 20, "target": 58, "weight": 0.007874}, {"source": 20, "target": 107, "weight": 0.026316}, {"source": 20, "target": 152, "weight": 0.01737}, {"source": 20, "target": 156, "weight": 0.003663}, {"source": 20, "target": 67, "weight": 0.004762}, {"source": 20, "target": 68, "weight": 0.006494}, {"source": 20, "target": 24, "weight": 0.005814}, {"source": 20, "target": 158, "weight": 0.074468}, {"source": 20, "target": 73, "weight": 0.006494}, {"source": 20, "target": 32, "weight": 0.027397}, {"source": 20, "target": 130, "weight": 0.011765}, {"source": 20, "target": 131, "weight": 0.010101}, {"source": 20, "target": 91, "weight": 0.009524}, {"source": 20, "target": 37, "weight": 0.009174}, {"source": 20, "target": 173, "weight": 0.020661}, {"source": 20, "target": 175, "weight": 0.007937}, {"source": 20, "target": 176, "weight": 0.007042}, {"source": 21, "target": 138, "weight": 0.020833}, {"source": 22, "target": 128, "weight": 0.018519}, {"source": 22, "target": 165, "weight": 0.032258}, {"source": 22, "target": 73, "weight": 0.008929}, {"source": 22, "target": 88, "weight": 0.018182}, {"source": 22, "target": 44, "weight": 0.045455}, {"source": 22, "target": 125, "weight": 0.012987}, {"source": 23, "target": 101, "weight": 0.0125}, {"source": 23, "target": 141, "weight": 0.022989}, {"source": 23, "target": 54, "weight": 0.014085}, {"source": 23, "target": 149, "weight": 0.009434}, {"source": 23, "target": 62, "weight": 0.021053}, {"source": 23, "target": 66, "weight": 0.005917}, {"source": 23, "target": 68, "weight": 0.006329}, {"source": 23, "target": 25, "weight": 0.016461}, {"source": 23, "target": 159, "weight": 0.009091}, {"source": 23, "target": 161, "weight": 0.020408}, {"source": 23, "target": 80, "weight": 0.096591}, {"source": 23, "target": 124, "weight": 0.007463}, {"source": 23, "target": 126, "weight": 0.009709}, {"source": 23, "target": 85, "weight": 0.07}, {"source": 23, "target": 76, "weight": 0.012821}, {"source": 23, "target": 173, "weight": 0.008032}, {"source": 23, "target": 45, "weight": 0.17}, {"source": 23, "target": 46, "weight": 0.22973}, {"source": 24, "target": 99, "weight": 0.004202}, {"source": 24, "target": 139, "weight": 0.056338}, {"source": 24, "target": 121, "weight": 0.007692}, {"source": 24, "target": 145, "weight": 0.012821}, {"source": 24, "target": 54, "weight": 0.007937}, {"source": 24, "target": 149, "weight": 0.006211}, {"source": 24, "target": 57, "weight": 0.007246}, {"source": 24, "target": 152, "weight": 0.080645}, {"source": 24, "target": 37, "weight": 0.005952}, {"source": 24, "target": 156, "weight": 0.003012}, {"source": 24, "target": 67, "weight": 0.030534}, {"source": 24, "target": 68, "weight": 0.009434}, {"source": 24, "target": 25, "weight": 0.006667}, {"source": 24, "target": 157, "weight": 0.007692}, {"source": 24, "target": 73, "weight": 0.004695}, {"source": 24, "target": 119, "weight": 0.038168}, {"source": 24, "target": 162, "weight": 0.007353}, {"source": 24, "target": 164, "weight": 0.007042}, {"source": 24, "target": 79, "weight": 0.007246}, {"source": 24, "target": 80, "weight": 0.004049}, {"source": 24, "target": 125, "weight": 0.017045}, {"source": 24, "target": 53, "weight": 0.007353}, {"source": 24, "target": 128, "weight": 0.012987}, {"source": 24, "target": 131, "weight": 0.012739}, {"source": 24, "target": 133, "weight": 0.013514}, {"source": 24, "target": 88, "weight": 0.019481}, {"source": 24, "target": 76, "weight": 0.007519}, {"source": 24, "target": 39, "weight": 0.00495}, {"source": 24, "target": 173, "weight": 0.016611}, {"source": 24, "target": 91, "weight": 0.006098}, {"source": 24, "target": 176, "weight": 0.015075}, {"source": 24, "target": 50, "weight": 0.010695}, {"source": 25, "target": 49, "weight": 0.02551}, {"source": 25, "target": 95, "weight": 0.004651}, {"source": 25, "target": 68, "weight": 0.014286}, {"source": 25, "target": 47, "weight": 0.004717}, {"source": 25, "target": 141, "weight": 0.004695}, {"source": 25, "target": 149, "weight": 0.017544}, {"source": 25, "target": 57, "weight": 0.045}, {"source": 25, "target": 58, "weight": 0.011811}, {"source": 25, "target": 62, "weight": 0.004525}, {"source": 25, "target": 63, "weight": 0.004167}, {"source": 25, "target": 152, "weight": 0.042553}, {"source": 25, "target": 110, "weight": 0.002941}, {"source": 25, "target": 155, "weight": 0.004525}, {"source": 25, "target": 156, "weight": 0.004988}, {"source": 25, "target": 67, "weight": 0.024096}, {"source": 25, "target": 113, "weight": 0.004785}, {"source": 25, "target": 27, "weight": 0.00339}, {"source": 25, "target": 159, "weight": 0.026087}, {"source": 25, "target": 73, "weight": 0.003534}, {"source": 25, "target": 161, "weight": 0.004464}, {"source": 25, "target": 66, "weight": 0.006826}, {"source": 25, "target": 80, "weight": 0.012739}, {"source": 25, "target": 165, "weight": 0.00495}, {"source": 25, "target": 125, "weight": 0.004032}, {"source": 25, "target": 84, "weight": 0.003831}, {"source": 25, "target": 130, "weight": 0.004673}, {"source": 25, "target": 85, "weight": 0.004329}, {"source": 25, "target": 131, "weight": 0.022321}, {"source": 25, "target": 45, "weight": 0.012552}, {"source": 25, "target": 105, "weight": 0.003226}, {"source": 25, "target": 133, "weight": 0.004566}, {"source": 25, "target": 38, "weight": 0.008264}, {"source": 25, "target": 39, "weight": 0.022472}, {"source": 25, "target": 173, "weight": 0.008043}, {"source": 25, "target": 175, "weight": 0.036437}, {"source": 25, "target": 46, "weight": 0.014085}, {"source": 26, "target": 82, "weight": 0.017241}, {"source": 26, "target": 171, "weight": 0.013514}, {"source": 26, "target": 50, "weight": 0.010101}, {"source": 27, "target": 145, "weight": 0.013333}, {"source": 27, "target": 155, "weight": 0.081481}, {"source": 27, "target": 68, "weight": 0.004831}, {"source": 27, "target": 69, "weight": 0.004065}, {"source": 27, "target": 152, "weight": 0.002165}, {"source": 27, "target": 66, "weight": 0.004587}, {"source": 27, "target": 80, "weight": 0.008333}, {"source": 27, "target": 173, "weight": 0.010101}, {"source": 27, "target": 124, "weight": 0.022222}, {"source": 27, "target": 129, "weight": 0.008}, {"source": 28, "target": 92, "weight": 0.052632}, {"source": 28, "target": 72, "weight": 0.1}, {"source": 28, "target": 118, "weight": 0.297297}, {"source": 28, "target": 111, "weight": 0.021277}, {"source": 28, "target": 168, "weight": 0.020408}, {"source": 29, "target": 102, "weight": 0.2}, {"source": 30, "target": 156, "weight": 0.008734}, {"source": 30, "target": 86, "weight": 0.019608}, {"source": 31, "target": 36, "weight": 0.02439}, {"source": 31, "target": 128, "weight": 0.014493}, {"source": 31, "target": 61, "weight": 0.018868}, {"source": 31, "target": 74, "weight": 0.018182}, {"source": 31, "target": 158, "weight": 0.005747}, {"source": 32, "target": 103, "weight": 0.018182}, {"source": 33, "target": 50, "weight": 0.011494}, {"source": 34, "target": 140, "weight": 0.027778}, {"source": 35, "target": 51, "weight": 0.037037}, {"source": 35, "target": 145, "weight": 0.018182}, {"source": 35, "target": 169, "weight": 0.033333}, {"source": 36, "target": 38, "weight": 0.014493}, {"source": 36, "target": 74, "weight": 0.407407}, {"source": 37, "target": 53, "weight": 0.013699}, {"source": 37, "target": 156, "weight": 0.034483}, {"source": 37, "target": 158, "weight": 0.005076}, {"source": 37, "target": 73, "weight": 0.006667}, {"source": 37, "target": 38, "weight": 0.009091}, {"source": 37, "target": 110, "weight": 0.004831}, {"source": 38, "target": 82, "weight": 0.034483}, {"source": 38, "target": 92, "weight": 0.056338}, {"source": 38, "target": 86, "weight": 0.021277}, {"source": 38, "target": 74, "weight": 0.02439}, {"source": 38, "target": 150, "weight": 0.034783}, {"source": 38, "target": 171, "weight": 0.009524}, {"source": 38, "target": 43, "weight": 0.009901}, {"source": 38, "target": 90, "weight": 0.014493}, {"source": 39, "target": 95, "weight": 0.008621}, {"source": 39, "target": 96, "weight": 0.009804}, {"source": 39, "target": 99, "weight": 0.004785}, {"source": 39, "target": 100, "weight": 0.008264}, {"source": 39, "target": 140, "weight": 0.009346}, {"source": 39, "target": 141, "weight": 0.008772}, {"source": 39, "target": 144, "weight": 0.007692}, {"source": 39, "target": 54, "weight": 0.020833}, {"source": 39, "target": 152, "weight": 0.006865}, {"source": 39, "target": 136, "weight": 0.154639}, {"source": 39, "target": 155, "weight": 0.008197}, {"source": 39, "target": 67, "weight": 0.004167}, {"source": 39, "target": 113, "weight": 0.009091}, {"source": 39, "target": 73, "weight": 0.016484}, {"source": 39, "target": 119, "weight": 0.028846}, {"source": 39, "target": 161, "weight": 0.008}, {"source": 39, "target": 163, "weight": 0.009804}, {"source": 39, "target": 79, "weight": 0.009174}, {"source": 39, "target": 80, "weight": 0.009217}, {"source": 39, "target": 125, "weight": 0.020408}, {"source": 39, "target": 167, "weight": 0.009615}, {"source": 39, "target": 133, "weight": 0.008333}, {"source": 39, "target": 172, "weight": 0.017544}, {"source": 39, "target": 173, "weight": 0.010949}, {"source": 39, "target": 91, "weight": 0.007407}, {"source": 39, "target": 176, "weight": 0.005814}, {"source": 41, "target": 50, "weight": 0.011905}, {"source": 42, "target": 156, "weight": 0.039514}, {"source": 42, "target": 128, "weight": 0.006098}, {"source": 42, "target": 158, "weight": 0.018868}, {"source": 42, "target": 94, "weight": 0.020134}, {"source": 42, "target": 72, "weight": 0.007463}, {"source": 42, "target": 73, "weight": 0.14359}, {"source": 42, "target": 66, "weight": 0.004292}, {"source": 42, "target": 110, "weight": 0.296296}, {"source": 42, "target": 43, "weight": 0.018072}, {"source": 42, "target": 174, "weight": 0.013514}, {"source": 42, "target": 125, "weight": 0.005348}, {"source": 42, "target": 81, "weight": 0.012739}, {"source": 43, "target": 156, "weight": 0.003846}, {"source": 43, "target": 69, "weight": 0.05848}, {"source": 43, "target": 84, "weight": 0.008403}, {"source": 43, "target": 158, "weight": 0.027174}, {"source": 43, "target": 99, "weight": 0.006024}, {"source": 43, "target": 171, "weight": 0.243243}, {"source": 43, "target": 140, "weight": 0.015625}, {"source": 43, "target": 166, "weight": 0.014706}, {"source": 43, "target": 154, "weight": 0.01087}, {"source": 44, "target": 64, "weight": 0.162162}, {"source": 44, "target": 99, "weight": 0.007692}, {"source": 44, "target": 158, "weight": 0.006579}, {"source": 45, "target": 54, "weight": 0.015152}, {"source": 45, "target": 149, "weight": 0.259259}, {"source": 45, "target": 85, "weight": 0.5}, {"source": 45, "target": 131, "weight": 0.020619}, {"source": 45, "target": 76, "weight": 0.042254}, {"source": 45, "target": 164, "weight": 0.012195}, {"source": 45, "target": 124, "weight": 0.007752}, {"source": 45, "target": 46, "weight": 0.162162}, {"source": 46, "target": 126, "weight": 0.013889}, {"source": 46, "target": 85, "weight": 0.055556}, {"source": 46, "target": 159, "weight": 0.025641}, {"source": 46, "target": 62, "weight": 0.015385}, {"source": 46, "target": 175, "weight": 0.010101}, {"source": 46, "target": 152, "weight": 0.005249}, {"source": 46, "target": 161, "weight": 0.029851}, {"source": 46, "target": 76, "weight": 0.021277}, {"source": 46, "target": 101, "weight": 0.020408}, {"source": 46, "target": 141, "weight": 0.234043}, {"source": 46, "target": 80, "weight": 0.08}, {"source": 46, "target": 173, "weight": 0.004566}, {"source": 47, "target": 58, "weight": 0.020833}, {"source": 47, "target": 59, "weight": 0.017241}, {"source": 47, "target": 68, "weight": 0.008065}, {"source": 47, "target": 67, "weight": 0.011173}, {"source": 48, "target": 123, "weight": 0.318182}, {"source": 48, "target": 138, "weight": 0.259259}, {"source": 49, "target": 126, "weight": 0.035714}, {"source": 49, "target": 159, "weight": 0.27451}, {"source": 49, "target": 152, "weight": 0.002725}, {"source": 49, "target": 161, "weight": 0.038462}, {"source": 49, "target": 101, "weight": 0.060606}, {"source": 50, "target": 56, "weight": 0.020408}, {"source": 50, "target": 150, "weight": 0.007519}, {"source": 50, "target": 158, "weight": 0.004608}, {"source": 50, "target": 152, "weight": 0.004717}, {"source": 50, "target": 93, "weight": 0.012195}, {"source": 50, "target": 171, "weight": 0.008333}, {"source": 50, "target": 69, "weight": 0.009615}, {"source": 51, "target": 102, "weight": 0.15}, {"source": 51, "target": 168, "weight": 0.025}, {"source": 52, "target": 68, "weight": 0.007937}, {"source": 53, "target": 156, "weight": 0.091743}, {"source": 53, "target": 73, "weight": 0.025862}, {"source": 53, "target": 125, "weight": 0.02439}, {"source": 54, "target": 85, "weight": 0.017857}, {"source": 54, "target": 73, "weight": 0.009259}, {"source": 54, "target": 80, "weight": 0.075188}, {"source": 54, "target": 125, "weight": 0.013699}, {"source": 54, "target": 176, "weight": 0.010417}, {"source": 56, "target": 168, "weight": 0.038462}, {"source": 57, "target": 67, "weight": 0.005682}, {"source": 57, "target": 58, "weight": 0.010753}, {"source": 57, "target": 160, "weight": 0.021739}, {"source": 57, "target": 152, "weight": 0.010753}, {"source": 57, "target": 130, "weight": 0.04}, {"source": 57, "target": 173, "weight": 0.009479}, {"source": 58, "target": 155, "weight": 0.009434}, {"source": 58, "target": 156, "weight": 0.006993}, {"source": 58, "target": 67, "weight": 0.380368}, {"source": 58, "target": 128, "weight": 0.009091}, {"source": 58, "target": 73, "weight": 0.005952}, {"source": 58, "target": 132, "weight": 0.011905}, {"source": 58, "target": 152, "weight": 0.029126}, {"source": 58, "target": 133, "weight": 0.019417}, {"source": 58, "target": 88, "weight": 0.009009}, {"source": 58, "target": 76, "weight": 0.011364}, {"source": 58, "target": 68, "weight": 0.011976}, {"source": 58, "target": 172, "weight": 0.010101}, {"source": 58, "target": 165, "weight": 0.011494}, {"source": 58, "target": 175, "weight": 0.007143}, {"source": 59, "target": 155, "weight": 0.014925}, {"source": 59, "target": 167, "weight": 0.06383}, {"source": 59, "target": 158, "weight": 0.005682}, {"source": 59, "target": 96, "weight": 0.066667}, {"source": 59, "target": 63, "weight": 0.035714}, {"source": 59, "target": 152, "weight": 0.005222}, {"source": 59, "target": 163, "weight": 0.066667}, {"source": 59, "target": 66, "weight": 0.007143}, {"source": 59, "target": 173, "weight": 0.013699}, {"source": 59, "target": 77, "weight": 0.027027}, {"source": 60, "target": 114, "weight": 0.074074}, {"source": 60, "target": 83, "weight": 0.090909}, {"source": 60, "target": 170, "weight": 0.086957}, {"source": 60, "target": 153, "weight": 0.074074}, {"source": 60, "target": 134, "weight": 0.090909}, {"source": 61, "target": 164, "weight": 0.02}, {"source": 61, "target": 85, "weight": 0.014493}, {"source": 62, "target": 103, "weight": 0.013699}, {"source": 62, "target": 149, "weight": 0.344262}, {"source": 62, "target": 85, "weight": 0.366667}, {"source": 62, "target": 131, "weight": 0.025974}, {"source": 62, "target": 76, "weight": 0.058824}, {"source": 62, "target": 164, "weight": 0.016129}, {"source": 63, "target": 66, "weight": 0.006135}, {"source": 63, "target": 68, "weight": 0.006579}, {"source": 64, "target": 82, "weight": 0.030769}, {"source": 64, "target": 158, "weight": 0.028571}, {"source": 64, "target": 138, "weight": 0.017241}, {"source": 64, "target": 110, "weight": 0.010638}, {"source": 64, "target": 168, "weight": 0.016393}, {"source": 65, "target": 102, "weight": 0.2}, {"source": 66, "target": 155, "weight": 0.006944}, {"source": 66, "target": 167, "weight": 0.007937}, {"source": 66, "target": 95, "weight": 0.014599}, {"source": 66, "target": 96, "weight": 0.008065}, {"source": 66, "target": 175, "weight": 0.005618}, {"source": 66, "target": 125, "weight": 0.005848}, {"source": 66, "target": 105, "weight": 0.004292}, {"source": 66, "target": 133, "weight": 0.014184}, {"source": 66, "target": 163, "weight": 0.008065}, {"source": 66, "target": 158, "weight": 0.003953}, {"source": 66, "target": 110, "weight": 0.003802}, {"source": 66, "target": 173, "weight": 0.003356}, {"source": 66, "target": 176, "weight": 0.005155}, {"source": 67, "target": 68, "weight": 0.008}, {"source": 67, "target": 144, "weight": 0.005076}, {"source": 67, "target": 145, "weight": 0.005128}, {"source": 67, "target": 103, "weight": 0.005236}, {"source": 67, "target": 152, "weight": 0.139326}, {"source": 67, "target": 155, "weight": 0.005291}, {"source": 67, "target": 156, "weight": 0.002703}, {"source": 67, "target": 160, "weight": 0.00565}, {"source": 67, "target": 117, "weight": 0.005952}, {"source": 67, "target": 88, "weight": 0.005155}, {"source": 67, "target": 165, "weight": 0.005882}, {"source": 67, "target": 125, "weight": 0.014019}, {"source": 67, "target": 82, "weight": 0.005405}, {"source": 67, "target": 128, "weight": 0.005181}, {"source": 67, "target": 130, "weight": 0.005495}, {"source": 67, "target": 132, "weight": 0.005988}, {"source": 67, "target": 133, "weight": 0.016216}, {"source": 67, "target": 76, "weight": 0.005848}, {"source": 67, "target": 172, "weight": 0.01105}, {"source": 67, "target": 173, "weight": 0.008798}, {"source": 67, "target": 175, "weight": 0.037037}, {"source": 67, "target": 176, "weight": 0.008403}, {"source": 67, "target": 139, "weight": 0.005348}, {"source": 68, "target": 98, "weight": 0.031496}, {"source": 68, "target": 152, "weight": 0.013483}, {"source": 68, "target": 155, "weight": 0.015152}, {"source": 68, "target": 156, "weight": 0.00639}, {"source": 68, "target": 158, "weight": 0.004132}, {"source": 68, "target": 157, "weight": 0.018018}, {"source": 68, "target": 73, "weight": 0.005128}, {"source": 68, "target": 119, "weight": 0.008547}, {"source": 68, "target": 121, "weight": 0.018018}, {"source": 68, "target": 164, "weight": 0.02459}, {"source": 68, "target": 80, "weight": 0.004367}, {"source": 68, "target": 124, "weight": 0.011765}, {"source": 68, "target": 81, "weight": 0.007634}, {"source": 68, "target": 84, "weight": 0.00578}, {"source": 68, "target": 131, "weight": 0.021739}, {"source": 68, "target": 91, "weight": 0.020833}, {"source": 68, "target": 100, "weight": 0.007576}, {"source": 68, "target": 175, "weight": 0.005988}, {"source": 68, "target": 139, "weight": 0.007634}, {"source": 69, "target": 128, "weight": 0.005682}, {"source": 69, "target": 158, "weight": 0.003559}, {"source": 69, "target": 118, "weight": 0.051948}, {"source": 69, "target": 120, "weight": 0.013605}, {"source": 69, "target": 122, "weight": 0.032468}, {"source": 69, "target": 171, "weight": 0.045198}, {"source": 69, "target": 90, "weight": 0.006757}, {"source": 69, "target": 174, "weight": 0.0125}, {"source": 69, "target": 111, "weight": 0.058824}, {"source": 70, "target": 94, "weight": 0.033333}, {"source": 71, "target": 156, "weight": 0.004425}, {"source": 71, "target": 171, "weight": 0.017544}, {"source": 72, "target": 115, "weight": 0.041667}, {"source": 72, "target": 158, "weight": 0.006494}, {"source": 72, "target": 94, "weight": 0.057143}, {"source": 72, "target": 168, "weight": 0.027778}, {"source": 72, "target": 112, "weight": 0.045455}, {"source": 72, "target": 73, "weight": 0.009346}, {"source": 72, "target": 118, "weight": 0.029412}, {"source": 72, "target": 152, "weight": 0.002762}, {"source": 72, "target": 150, "weight": 0.014286}, {"source": 72, "target": 100, "weight": 0.022727}, {"source": 72, "target": 87, "weight": 0.038462}, {"source": 73, "target": 144, "weight": 0.021583}, {"source": 73, "target": 104, "weight": 0.009091}, {"source": 73, "target": 148, "weight": 0.009804}, {"source": 73, "target": 152, "weight": 0.006696}, {"source": 73, "target": 110, "weight": 0.016064}, {"source": 73, "target": 156, "weight": 0.109155}, {"source": 73, "target": 158, "weight": 0.004132}, {"source": 73, "target": 162, "weight": 0.008475}, {"source": 73, "target": 80, "weight": 0.004367}, {"source": 73, "target": 125, "weight": 0.277778}, {"source": 73, "target": 81, "weight": 0.007634}, {"source": 73, "target": 128, "weight": 0.007299}, {"source": 73, "target": 84, "weight": 0.251799}, {"source": 73, "target": 130, "weight": 0.007937}, {"source": 73, "target": 133, "weight": 0.023256}, {"source": 73, "target": 174, "weight": 0.016529}, {"source": 73, "target": 87, "weight": 0.15}, {"source": 73, "target": 176, "weight": 0.016575}, {"source": 74, "target": 149, "weight": 0.014085}, {"source": 74, "target": 85, "weight": 0.014085}, {"source": 74, "target": 131, "weight": 0.014706}, {"source": 74, "target": 164, "weight": 0.019231}, {"source": 75, "target": 89, "weight": 0.104478}, {"source": 76, "target": 103, "weight": 0.018182}, {"source": 76, "target": 149, "weight": 0.032258}, {"source": 76, "target": 85, "weight": 0.032258}, {"source": 76, "target": 80, "weight": 0.020408}, {"source": 80, "target": 103, "weight": 0.017964}, {"source": 80, "target": 149, "weight": 0.040936}, {"source": 80, "target": 85, "weight": 0.098765}, {"source": 80, "target": 124, "weight": 0.107527}, {"source": 80, "target": 125, "weight": 0.010363}, {"source": 81, "target": 84, "weight": 0.009174}, {"source": 82, "target": 156, "weight": 0.008097}, {"source": 82, "target": 158, "weight": 0.023121}, {"source": 82, "target": 122, "weight": 0.018868}, {"source": 82, "target": 166, "weight": 0.017857}, {"source": 82, "target": 152, "weight": 0.002604}, {"source": 82, "target": 123, "weight": 0.02}, {"source": 82, "target": 172, "weight": 0.033898}, {"source": 82, "target": 175, "weight": 0.02}, {"source": 83, "target": 147, "weight": 0.375}, {"source": 83, "target": 114, "weight": 0.730769}, {"source": 83, "target": 86, "weight": 0.017544}, {"source": 83, "target": 170, "weight": 0.863636}, {"source": 83, "target": 153, "weight": 0.730769}, {"source": 83, "target": 134, "weight": 0.904762}, {"source": 84, "target": 156, "weight": 0.046429}, {"source": 84, "target": 128, "weight": 0.008696}, {"source": 84, "target": 111, "weight": 0.020202}, {"source": 84, "target": 118, "weight": 0.01}, {"source": 84, "target": 110, "weight": 0.017621}, {"source": 84, "target": 174, "weight": 0.020202}, {"source": 84, "target": 125, "weight": 0.007246}, {"source": 85, "target": 149, "weight": 0.295775}, {"source": 85, "target": 121, "weight": 0.033898}, {"source": 85, "target": 164, "weight": 0.013889}, {"source": 85, "target": 124, "weight": 0.008403}, {"source": 85, "target": 126, "weight": 0.011364}, {"source": 85, "target": 127, "weight": 0.021739}, {"source": 85, "target": 131, "weight": 0.022989}, {"source": 85, "target": 91, "weight": 0.021505}, {"source": 86, "target": 156, "weight": 0.003937}, {"source": 86, "target": 114, "weight": 0.016129}, {"source": 86, "target": 90, "weight": 0.041667}, {"source": 87, "target": 156, "weight": 0.04}, {"source": 87, "target": 158, "weight": 0.006211}, {"source": 87, "target": 110, "weight": 0.005848}, {"source": 87, "target": 125, "weight": 0.012658}, {"source": 88, "target": 128, "weight": 0.306452}, {"source": 88, "target": 131, "weight": 0.012048}, {"source": 88, "target": 152, "weight": 0.010256}, {"source": 88, "target": 139, "weight": 0.056338}, {"source": 88, "target": 130, "weight": 0.014493}, {"source": 89, "target": 108, "weight": 0.051948}, {"source": 90, "target": 156, "weight": 0.004386}, {"source": 90, "target": 174, "weight": 0.027778}, {"source": 91, "target": 149, "weight": 0.021505}, {"source": 91, "target": 158, "weight": 0.005181}, {"source": 91, "target": 151, "weight": 0.012346}, {"source": 91, "target": 131, "weight": 0.135802}, {"source": 91, "target": 164, "weight": 0.266667}, {"source": 92, "target": 150, "weight": 0.054054}, {"source": 92, "target": 112, "weight": 0.039216}, {"source": 92, "target": 118, "weight": 0.05}, {"source": 92, "target": 171, "weight": 0.031746}, {"source": 92, "target": 138, "weight": 0.078947}, {"source": 93, "target": 168, "weight": 0.027778}, {"source": 94, "target": 105, "weight": 0.013333}, {"source": 94, "target": 100, "weight": 0.016393}, {"source": 94, "target": 110, "weight": 0.01676}, {"source": 96, "target": 103, "weight": 0.018868}, {"source": 96, "target": 149, "weight": 0.016393}, {"source": 96, "target": 152, "weight": 0.002717}, {"source": 96, "target": 167, "weight": 0.789474}, {"source": 96, "target": 163, "weight": 0.777778}, {"source": 96, "target": 172, "weight": 0.071429}, {"source": 96, "target": 144, "weight": 0.016949}, {"source": 97, "target": 164, "weight": 0.071429}, {"source": 97, "target": 131, "weight": 0.022222}, {"source": 99, "target": 103, "weight": 0.012579}, {"source": 99, "target": 158, "weight": 0.003745}, {"source": 99, "target": 118, "weight": 0.013699}, {"source": 99, "target": 132, "weight": 0.007353}, {"source": 99, "target": 128, "weight": 0.01875}, {"source": 99, "target": 110, "weight": 0.00361}, {"source": 99, "target": 168, "weight": 0.013514}, {"source": 99, "target": 111, "weight": 0.013699}, {"source": 99, "target": 139, "weight": 0.00641}, {"source": 100, "target": 118, "weight": 0.016949}, {"source": 100, "target": 122, "weight": 0.075472}, {"source": 101, "target": 159, "weight": 0.372549}, {"source": 102, "target": 150, "weight": 0.014493}, {"source": 102, "target": 169, "weight": 0.238095}, {"source": 103, "target": 167, "weight": 0.018182}, {"source": 103, "target": 176, "weight": 0.024793}, {"source": 103, "target": 117, "weight": 0.019231}, {"source": 103, "target": 144, "weight": 0.322581}, {"source": 103, "target": 130, "weight": 0.030769}, {"source": 103, "target": 163, "weight": 0.018868}, {"source": 103, "target": 175, "weight": 0.009346}, {"source": 104, "target": 125, "weight": 0.013333}, {"source": 104, "target": 154, "weight": 0.016393}, {"source": 105, "target": 156, "weight": 0.002933}, {"source": 105, "target": 158, "weight": 0.003717}, {"source": 105, "target": 110, "weight": 0.656805}, {"source": 106, "target": 138, "weight": 0.020833}, {"source": 106, "target": 156, "weight": 0.004149}, {"source": 106, "target": 168, "weight": 0.019608}, {"source": 107, "target": 145, "weight": 0.016129}, {"source": 107, "target": 126, "weight": 0.015873}, {"source": 107, "target": 158, "weight": 0.012195}, {"source": 107, "target": 130, "weight": 0.020408}, {"source": 107, "target": 152, "weight": 0.002681}, {"source": 107, "target": 133, "weight": 0.018519}, {"source": 107, "target": 176, "weight": 0.038835}, {"source": 107, "target": 172, "weight": 0.041667}, {"source": 109, "target": 111, "weight": 0.461538}, {"source": 109, "target": 118, "weight": 0.461538}, {"source": 109, "target": 171, "weight": 0.016667}, {"source": 110, "target": 145, "weight": 0.005102}, {"source": 110, "target": 156, "weight": 0.005405}, {"source": 110, "target": 128, "weight": 0.005155}, {"source": 110, "target": 146, "weight": 0.006135}, {"source": 110, "target": 174, "weight": 0.011236}, {"source": 110, "target": 176, "weight": 0.004167}, {"source": 111, "target": 150, "weight": 0.02381}, {"source": 111, "target": 112, "weight": 0.016667}, {"source": 111, "target": 118, "weight": 0.315789}, {"source": 111, "target": 171, "weight": 0.013889}, {"source": 112, "target": 118, "weight": 0.22}, {"source": 113, "target": 160, "weight": 0.043478}, {"source": 114, "target": 147, "weight": 0.461538}, {"source": 114, "target": 170, "weight": 0.769231}, {"source": 114, "target": 153, "weight": 0.923077}, {"source": 114, "target": 134, "weight": 0.730769}, {"source": 115, "target": 168, "weight": 0.5}, {"source": 115, "target": 171, "weight": 0.016129}, {"source": 115, "target": 158, "weight": 0.006289}, {"source": 118, "target": 150, "weight": 0.061728}, {"source": 118, "target": 171, "weight": 0.013889}, {"source": 120, "target": 122, "weight": 0.172414}, {"source": 120, "target": 176, "weight": 0.010309}, {"source": 121, "target": 149, "weight": 0.033898}, {"source": 121, "target": 131, "weight": 0.234043}, {"source": 121, "target": 164, "weight": 0.166667}, {"source": 123, "target": 156, "weight": 0.008547}, {"source": 123, "target": 158, "weight": 0.006135}, {"source": 123, "target": 171, "weight": 0.015152}, {"source": 123, "target": 138, "weight": 0.194444}, {"source": 123, "target": 168, "weight": 0.022222}, {"source": 124, "target": 173, "weight": 0.003802}, {"source": 125, "target": 144, "weight": 0.038835}, {"source": 125, "target": 148, "weight": 0.014925}, {"source": 125, "target": 152, "weight": 0.034826}, {"source": 125, "target": 156, "weight": 0.014493}, {"source": 125, "target": 162, "weight": 0.012048}, {"source": 125, "target": 130, "weight": 0.010989}, {"source": 125, "target": 133, "weight": 0.114943}, {"source": 125, "target": 173, "weight": 0.003968}, {"source": 125, "target": 176, "weight": 0.164063}, {"source": 126, "target": 159, "weight": 0.256757}, {"source": 126, "target": 149, "weight": 0.011364}, {"source": 128, "target": 131, "weight": 0.012195}, {"source": 128, "target": 130, "weight": 0.014706}, {"source": 128, "target": 152, "weight": 0.002551}, {"source": 128, "target": 139, "weight": 0.072464}, {"source": 128, "target": 166, "weight": 0.015625}, {"source": 130, "target": 158, "weight": 0.00578}, {"source": 131, "target": 149, "weight": 0.022989}, {"source": 131, "target": 157, "weight": 0.054545}, {"source": 131, "target": 152, "weight": 0.005076}, {"source": 131, "target": 164, "weight": 0.09375}, {"source": 131, "target": 173, "weight": 0.017467}, {"source": 137, "target": 158, "weight": 0.012195}, {"source": 138, "target": 150, "weight": 0.024096}, {"source": 138, "target": 171, "weight": 0.014085}, {"source": 139, "target": 152, "weight": 0.018421}, {"source": 140, "target": 158, "weight": 0.012195}, {"source": 140, "target": 171, "weight": 0.014706}, {"source": 141, "target": 159, "weight": 0.04}, {"source": 144, "target": 158, "weight": 0.005319}, {"source": 144, "target": 148, "weight": 0.020833}, {"source": 144, "target": 167, "weight": 0.016393}, {"source": 144, "target": 172, "weight": 0.028169}, {"source": 145, "target": 158, "weight": 0.005376}, {"source": 145, "target": 154, "weight": 0.011111}, {"source": 145, "target": 168, "weight": 0.014706}, {"source": 149, "target": 152, "weight": 0.007576}, {"source": 149, "target": 158, "weight": 0.005263}, {"source": 149, "target": 163, "weight": 0.016393}, {"source": 149, "target": 164, "weight": 0.013889}, {"source": 149, "target": 167, "weight": 0.015873}, {"source": 149, "target": 175, "weight": 0.008696}, {"source": 150, "target": 168, "weight": 0.035294}, {"source": 150, "target": 154, "weight": 0.009174}, {"source": 152, "target": 156, "weight": 0.003521}, {"source": 152, "target": 158, "weight": 0.010142}, {"source": 152, "target": 159, "weight": 0.002488}, {"source": 152, "target": 167, "weight": 0.002703}, {"source": 152, "target": 172, "weight": 0.002625}, {"source": 154, "target": 156, "weight": 0.011407}, {"source": 154, "target": 158, "weight": 0.021053}, {"source": 154, "target": 171, "weight": 0.021053}, {"source": 156, "target": 158, "weight": 0.019718}, {"source": 156, "target": 168, "weight": 0.004115}, {"source": 156, "target": 166, "weight": 0.052174}, {"source": 156, "target": 174, "weight": 0.004149}, {"source": 156, "target": 175, "weight": 0.003497}, {"source": 157, "target": 164, "weight": 0.5}, {"source": 158, "target": 168, "weight": 0.005848}, {"source": 158, "target": 166, "weight": 0.005917}, {"source": 158, "target": 171, "weight": 0.005208}, {"source": 158, "target": 173, "weight": 0.002994}, {"source": 159, "target": 161, "weight": 0.271429}, {"source": 163, "target": 167, "weight": 0.789474}, {"source": 163, "target": 172, "weight": 0.071429}, {"source": 164, "target": 173, "weight": 0.00463}, {"source": 167, "target": 172, "weight": 0.068182}, {"source": 168, "target": 169, "weight": 0.023256}, {"source": 168, "target": 171, "weight": 0.013514}, {"source": 172, "target": 173, "weight": 0.004587}, {"source": 172, "target": 175, "weight": 0.020619}, {"source": 172, "target": 176, "weight": 0.008772}], "multigraph": false}