{"directed": false, "graph": {}, "nodes": [{"group": 0, "id": "nutritious", "degree": 1}, {"group": 1, "id": "nullity", "degree": 4}, {"group": 2, "id": "nubby", "degree": 0}, {"group": 1, "id": "nudity", "degree": 1}, {"group": 3, "id": "nut", "degree": 8}, {"group": 4, "id": "numbering", "degree": 0}, {"group": 4, "id": "number", "degree": 14}, {"group": 5, "id": "numeric", "degree": 7}, {"group": 6, "id": "nun"}, {"group": 6, "id": "nursery", "degree": 0}, {"group": 7, "id": "nubbin"}, {"group": 4, "id": "numbers", "degree": 12}, {"group": 8, "id": "numerable", "degree": 0}, {"group": 5, "id": "numerative"}, {"group": 1, "id": "null"}, {"group": 7, "id": "nub", "degree": 6}, {"group": 4, "id": "numerate"}, {"group": 5, "id": "numinous", "degree": 2}, {"group": 9, "id": "nuptials", "degree": 0}, {"group": 7, "id": "nuclear"}, {"group": 3, "id": "nuts", "degree": 3}, {"group": 3, "id": "nutty"}, {"group": 6, "id": "nurse", "degree": 14}, {"group": 1, "id": "nullification"}, {"group": 6, "id": "nuzzle"}, {"group": 0, "id": "nutrition"}, {"group": 4, "id": "nuance"}, {"group": 1, "id": "nudist", "degree": 4}, {"group": 1, "id": "nullify"}, {"group": 7, "id": "nucleus"}, {"group": 1, "id": "numb", "degree": 4}, {"group": 10, "id": "nuptial", "degree": 0}, {"group": 4, "id": "nudge"}, {"group": 4, "id": "nuisance"}, {"group": 11, "id": "nuncio", "degree": 0}, {"group": 4, "id": "nutshell", "degree": 3}, {"group": 6, "id": "nursemaid"}, {"group": 5, "id": "numberless", "degree": 3}, {"group": 1, "id": "numbness"}, {"group": 4, "id": "nugget", "degree": 1}, {"group": 5, "id": "numerous"}, {"group": 1, "id": "nude", "degree": 2}, {"group": 6, "id": "nutriment"}, {"group": 1, "id": "numbing"}, {"group": 6, "id": "nurture", "degree": 9}, {"group": 3, "id": "nudzh"}], "links": [{"source": 0, "target": 25, "weight": 0.023256}, {"source": 1, "target": 28, "weight": 0.010753}, {"source": 1, "target": 14, "weight": 0.016129}, {"source": 1, "target": 23, "weight": 0.011494}, {"source": 1, "target": 6, "weight": 0.004762}, {"source": 3, "target": 41, "weight": 0.022727}, {"source": 3, "target": 27, "weight": 0.285714}, {"source": 4, "target": 32, "weight": 0.009132}, {"source": 4, "target": 26, "weight": 0.005917}, {"source": 4, "target": 20, "weight": 0.02439}, {"source": 4, "target": 6, "weight": 0.01476}, {"source": 4, "target": 21, "weight": 0.037838}, {"source": 4, "target": 10, "weight": 0.006061}, {"source": 4, "target": 30, "weight": 0.004608}, {"source": 4, "target": 29, "weight": 0.019481}, {"source": 4, "target": 44, "weight": 0.004444}, {"source": 4, "target": 15, "weight": 0.024155}, {"source": 4, "target": 35, "weight": 0.006757}, {"source": 4, "target": 45, "weight": 0.013889}, {"source": 5, "target": 11, "weight": 0.011765}, {"source": 6, "target": 26, "weight": 0.012097}, {"source": 6, "target": 41, "weight": 0.004651}, {"source": 6, "target": 39, "weight": 0.025641}, {"source": 6, "target": 15, "weight": 0.013841}, {"source": 6, "target": 35, "weight": 0.022222}, {"source": 6, "target": 33, "weight": 0.004926}, {"source": 6, "target": 21, "weight": 0.003676}, {"source": 6, "target": 40, "weight": 0.004082}, {"source": 6, "target": 10, "weight": 0.008163}, {"source": 6, "target": 11, "weight": 0.06383}, {"source": 6, "target": 30, "weight": 0.003356}, {"source": 6, "target": 44, "weight": 0.009868}, {"source": 6, "target": 23, "weight": 0.00431}, {"source": 6, "target": 22, "weight": 0.011811}, {"source": 6, "target": 16, "weight": 0.05}, {"source": 7, "target": 17, "weight": 0.015748}, {"source": 7, "target": 37, "weight": 0.02439}, {"source": 7, "target": 28, "weight": 0.010989}, {"source": 7, "target": 21, "weight": 0.008}, {"source": 7, "target": 26, "weight": 0.009709}, {"source": 7, "target": 13, "weight": 0.736842}, {"source": 7, "target": 14, "weight": 0.016667}, {"source": 8, "target": 22, "weight": 0.011236}, {"source": 9, "target": 44, "weight": 0.006623}, {"source": 9, "target": 22, "weight": 0.009901}, {"source": 9, "target": 11, "weight": 0.010638}, {"source": 10, "target": 39, "weight": 0.034091}, {"source": 10, "target": 15, "weight": 0.383459}, {"source": 10, "target": 11, "weight": 0.007143}, {"source": 11, "target": 32, "weight": 0.020833}, {"source": 11, "target": 26, "weight": 0.028369}, {"source": 11, "target": 39, "weight": 0.032967}, {"source": 11, "target": 40, "weight": 0.007194}, {"source": 11, "target": 29, "weight": 0.007634}, {"source": 11, "target": 15, "weight": 0.016304}, {"source": 11, "target": 35, "weight": 0.00813}, {"source": 11, "target": 16, "weight": 0.012195}, {"source": 13, "target": 17, "weight": 0.015267}, {"source": 13, "target": 37, "weight": 0.022222}, {"source": 14, "target": 41, "weight": 0.030303}, {"source": 14, "target": 27, "weight": 0.025}, {"source": 15, "target": 32, "weight": 0.012712}, {"source": 15, "target": 39, "weight": 0.022388}, {"source": 15, "target": 19, "weight": 0.022222}, {"source": 15, "target": 35, "weight": 0.006024}, {"source": 15, "target": 29, "weight": 0.241135}, {"source": 15, "target": 44, "weight": 0.008264}, {"source": 15, "target": 26, "weight": 0.005348}, {"source": 15, "target": 22, "weight": 0.005181}, {"source": 17, "target": 21, "weight": 0.005208}, {"source": 17, "target": 37, "weight": 0.009259}, {"source": 20, "target": 43, "weight": 0.01}, {"source": 20, "target": 21, "weight": 0.265306}, {"source": 22, "target": 24, "weight": 0.033708}, {"source": 22, "target": 36, "weight": 0.043956}, {"source": 22, "target": 32, "weight": 0.00995}, {"source": 22, "target": 42, "weight": 0.034884}, {"source": 22, "target": 29, "weight": 0.007246}, {"source": 22, "target": 30, "weight": 0.005025}, {"source": 22, "target": 43, "weight": 0.006667}, {"source": 22, "target": 44, "weight": 0.359477}, {"source": 22, "target": 23, "weight": 0.007519}, {"source": 22, "target": 45, "weight": 0.007874}, {"source": 24, "target": 44, "weight": 0.007092}, {"source": 26, "target": 30, "weight": 0.005181}, {"source": 26, "target": 35, "weight": 0.008065}, {"source": 27, "target": 43, "weight": 0.012195}, {"source": 27, "target": 41, "weight": 0.113636}, {"source": 28, "target": 30, "weight": 0.005525}, {"source": 29, "target": 44, "weight": 0.010695}, {"source": 30, "target": 38, "weight": 0.013245}, {"source": 30, "target": 43, "weight": 0.005208}, {"source": 32, "target": 44, "weight": 0.012}, {"source": 36, "target": 44, "weight": 0.013986}, {"source": 37, "target": 40, "weight": 0.025974}, {"source": 41, "target": 43, "weight": 0.009174}, {"source": 42, "target": 44, "weight": 0.069231}, {"source": 44, "target": 45, "weight": 0.00565}], "multigraph": false}