{"directed": false, "graph": {}, "nodes": [{"group": 0, "id": "obdurate", "degree": 3}, {"group": 1, "id": "obscenity", "degree": 4}, {"group": 2, "id": "observance"}, {"group": 3, "id": "obscurity", "degree": 4}, {"group": 2, "id": "observer", "degree": 0}, {"group": 0, "id": "obese"}, {"group": 1, "id": "obviate"}, {"group": 5, "id": "obliged"}, {"group": 6, "id": "oblique", "degree": 4}, {"group": 5, "id": "obtrusive"}, {"group": 0, "id": "obsolete", "degree": 3}, {"group": 7, "id": "obscene", "degree": 15}, {"group": 2, "id": "obedience"}, {"group": 1, "id": "obstruction"}, {"group": 2, "id": "obligate", "degree": 6}, {"group": 8, "id": "obliging"}, {"group": 0, "id": "obtuse", "degree": 13}, {"group": 0, "id": "oblivious"}, {"group": 8, "id": "obsequious"}, {"group": 2, "id": "obsession"}, {"group": 9, "id": "obliteration"}, {"group": 1, "id": "obloquy"}, {"group": 6, "id": "obituary", "degree": 6}, {"group": 4, "id": "obstructive", "degree": 9}, {"group": 7, "id": "obnoxious"}, {"group": 8, "id": "observant", "degree": 6}, {"group": 1, "id": "objection", "degree": 8}, {"group": 0, "id": "obverse"}, {"group": 1, "id": "obstinacy", "degree": 8}, {"group": 2, "id": "obligatory", "degree": 2}, {"group": 5, "id": "obtainable", "degree": 3}, {"group": 0, "id": "obstinate", "degree": 20}, {"group": 0, "id": "objective", "degree": 22}, {"group": 8, "id": "obedient"}, {"group": 0, "id": "objectivity"}, {"group": 0, "id": "obsessive"}, {"group": 2, "id": "obsess"}, {"group": 6, "id": "obelisk"}, {"group": 2, "id": "obeisance", "degree": 7}, {"group": 2, "id": "obey"}, {"group": 8, "id": "obsessed"}, {"group": 1, "id": "oboe", "degree": 3}, {"group": 2, "id": "oblige"}, {"group": 1, "id": "object"}, {"group": 10, "id": "objector", "degree": 0}, {"group": 2, "id": "obtain"}, {"group": 2, "id": "observe", "degree": 15}, {"group": 5, "id": "objectify", "degree": 5}, {"group": 0, "id": "obstructed"}, {"group": 2, "id": "obligation", "degree": 14}, {"group": 3, "id": "obscured", "degree": 10}, {"group": 3, "id": "obscure", "degree": 15}, {"group": 8, "id": "obeisant", "degree": 6}, {"group": 4, "id": "obstreperous", "degree": 7}, {"group": 5, "id": "observable", "degree": 4}, {"group": 4, "id": "objecting"}, {"group": 2, "id": "observatory"}, {"group": 2, "id": "observation", "degree": 16}, {"group": 7, "id": "objectionable"}, {"group": 9, "id": "obliterate", "degree": 1}, {"group": 1, "id": "obstacle", "degree": 12}, {"group": 0, "id": "obsolesce", "degree": 1}, {"group": 11, "id": "obviously", "degree": 0}, {"group": 10, "id": "obstructionist", "degree": 1}, {"group": 2, "id": "oblivion"}, {"group": 3, "id": "obfuscate", "degree": 4}, {"group": 5, "id": "obvious", "degree": 2}, {"group": 2, "id": "obtrude"}, {"group": 1, "id": "obstruct"}, {"group": 6, "id": "oblong"}, {"group": 0, "id": "obligated"}], "links": [{"source": 0, "target": 23, "weight": 0.018182}, {"source": 0, "target": 55, "weight": 0.020619}, {"source": 0, "target": 53, "weight": 0.015625}, {"source": 0, "target": 9, "weight": 0.029412}, {"source": 0, "target": 10, "weight": 0.008333}, {"source": 0, "target": 11, "weight": 0.005495}, {"source": 0, "target": 32, "weight": 0.053476}, {"source": 0, "target": 31, "weight": 0.130802}, {"source": 0, "target": 16, "weight": 0.166667}, {"source": 0, "target": 17, "weight": 0.023669}, {"source": 0, "target": 51, "weight": 0.009677}, {"source": 0, "target": 50, "weight": 0.012821}, {"source": 1, "target": 21, "weight": 0.012821}, {"source": 1, "target": 32, "weight": 0.006494}, {"source": 1, "target": 28, "weight": 0.014184}, {"source": 1, "target": 11, "weight": 0.007143}, {"source": 2, "target": 38, "weight": 0.043956}, {"source": 2, "target": 22, "weight": 0.009346}, {"source": 2, "target": 57, "weight": 0.173516}, {"source": 2, "target": 28, "weight": 0.032922}, {"source": 2, "target": 46, "weight": 0.044355}, {"source": 2, "target": 32, "weight": 0.01938}, {"source": 2, "target": 49, "weight": 0.046809}, {"source": 2, "target": 3, "weight": 0.005181}, {"source": 3, "target": 51, "weight": 0.033088}, {"source": 3, "target": 50, "weight": 0.008}, {"source": 3, "target": 65, "weight": 0.063158}, {"source": 3, "target": 49, "weight": 0.006803}, {"source": 4, "target": 46, "weight": 0.007752}, {"source": 5, "target": 16, "weight": 0.009259}, {"source": 5, "target": 32, "weight": 0.006329}, {"source": 5, "target": 31, "weight": 0.026786}, {"source": 5, "target": 11, "weight": 0.006944}, {"source": 5, "target": 38, "weight": 0.011765}, {"source": 6, "target": 8, "weight": 0.013158}, {"source": 6, "target": 60, "weight": 0.018868}, {"source": 7, "target": 32, "weight": 0.007874}, {"source": 7, "target": 54, "weight": 0.02}, {"source": 7, "target": 31, "weight": 0.010152}, {"source": 8, "target": 38, "weight": 0.010101}, {"source": 8, "target": 22, "weight": 0.008}, {"source": 8, "target": 23, "weight": 0.011494}, {"source": 8, "target": 37, "weight": 0.008333}, {"source": 8, "target": 46, "weight": 0.005952}, {"source": 8, "target": 31, "weight": 0.004115}, {"source": 8, "target": 49, "weight": 0.006452}, {"source": 8, "target": 69, "weight": 0.014706}, {"source": 9, "target": 54, "weight": 0.020408}, {"source": 9, "target": 53, "weight": 0.028037}, {"source": 9, "target": 23, "weight": 0.010989}, {"source": 9, "target": 11, "weight": 0.051613}, {"source": 9, "target": 32, "weight": 0.011429}, {"source": 9, "target": 66, "weight": 0.068966}, {"source": 9, "target": 16, "weight": 0.016}, {"source": 10, "target": 16, "weight": 0.009346}, {"source": 10, "target": 17, "weight": 0.015152}, {"source": 10, "target": 33, "weight": 0.012048}, {"source": 10, "target": 61, "weight": 0.02}, {"source": 11, "target": 68, "weight": 0.005814}, {"source": 11, "target": 55, "weight": 0.008264}, {"source": 11, "target": 23, "weight": 0.007463}, {"source": 11, "target": 58, "weight": 0.310345}, {"source": 11, "target": 27, "weight": 0.005263}, {"source": 11, "target": 41, "weight": 0.007634}, {"source": 11, "target": 31, "weight": 0.003448}, {"source": 11, "target": 32, "weight": 0.004566}, {"source": 11, "target": 48, "weight": 0.007874}, {"source": 11, "target": 51, "weight": 0.002985}, {"source": 11, "target": 18, "weight": 0.007092}, {"source": 11, "target": 24, "weight": 0.24}, {"source": 12, "target": 38, "weight": 0.223881}, {"source": 12, "target": 49, "weight": 0.022222}, {"source": 12, "target": 46, "weight": 0.006667}, {"source": 12, "target": 57, "weight": 0.034722}, {"source": 12, "target": 28, "weight": 0.014184}, {"source": 13, "target": 23, "weight": 0.008696}, {"source": 13, "target": 41, "weight": 0.008929}, {"source": 13, "target": 26, "weight": 0.115854}, {"source": 13, "target": 46, "weight": 0.005102}, {"source": 13, "target": 60, "weight": 0.376471}, {"source": 13, "target": 28, "weight": 0.027174}, {"source": 13, "target": 14, "weight": 0.01087}, {"source": 13, "target": 65, "weight": 0.007353}, {"source": 13, "target": 51, "weight": 0.009554}, {"source": 13, "target": 50, "weight": 0.006211}, {"source": 13, "target": 49, "weight": 0.016575}, {"source": 14, "target": 68, "weight": 0.012821}, {"source": 14, "target": 42, "weight": 0.151515}, {"source": 14, "target": 45, "weight": 0.014286}, {"source": 14, "target": 49, "weight": 0.018692}, {"source": 14, "target": 36, "weight": 0.019231}, {"source": 15, "target": 32, "weight": 0.006536}, {"source": 15, "target": 52, "weight": 0.016667}, {"source": 15, "target": 25, "weight": 0.0875}, {"source": 16, "target": 68, "weight": 0.007353}, {"source": 16, "target": 43, "weight": 0.005181}, {"source": 16, "target": 65, "weight": 0.008403}, {"source": 16, "target": 31, "weight": 0.011905}, {"source": 16, "target": 48, "weight": 0.010989}, {"source": 16, "target": 32, "weight": 0.243243}, {"source": 16, "target": 17, "weight": 0.038961}, {"source": 16, "target": 51, "weight": 0.006711}, {"source": 16, "target": 34, "weight": 0.012821}, {"source": 17, "target": 32, "weight": 0.019417}, {"source": 17, "target": 65, "weight": 0.006897}, {"source": 17, "target": 31, "weight": 0.007168}, {"source": 17, "target": 51, "weight": 0.003077}, {"source": 17, "target": 50, "weight": 0.017857}, {"source": 18, "target": 38, "weight": 0.064103}, {"source": 18, "target": 52, "weight": 0.575}, {"source": 18, "target": 25, "weight": 0.011364}, {"source": 19, "target": 57, "weight": 0.012903}, {"source": 19, "target": 28, "weight": 0.02027}, {"source": 19, "target": 46, "weight": 0.006329}, {"source": 19, "target": 32, "weight": 0.006173}, {"source": 19, "target": 51, "weight": 0.003597}, {"source": 19, "target": 50, "weight": 0.00813}, {"source": 19, "target": 49, "weight": 0.013889}, {"source": 20, "target": 59, "weight": 0.083333}, {"source": 21, "target": 26, "weight": 0.007194}, {"source": 21, "target": 51, "weight": 0.007353}, {"source": 21, "target": 57, "weight": 0.013333}, {"source": 21, "target": 25, "weight": 0.011111}, {"source": 22, "target": 37, "weight": 0.43617}, {"source": 22, "target": 43, "weight": 0.005102}, {"source": 22, "target": 31, "weight": 0.003891}, {"source": 22, "target": 24, "weight": 0.005464}, {"source": 23, "target": 55, "weight": 0.5}, {"source": 23, "target": 53, "weight": 0.064935}, {"source": 23, "target": 58, "weight": 0.0125}, {"source": 23, "target": 27, "weight": 0.008403}, {"source": 23, "target": 60, "weight": 0.015625}, {"source": 23, "target": 31, "weight": 0.042654}, {"source": 23, "target": 24, "weight": 0.006897}, {"source": 24, "target": 41, "weight": 0.007042}, {"source": 24, "target": 54, "weight": 0.013158}, {"source": 24, "target": 30, "weight": 0.008333}, {"source": 24, "target": 31, "weight": 0.003322}, {"source": 24, "target": 32, "weight": 0.004348}, {"source": 24, "target": 66, "weight": 0.006849}, {"source": 24, "target": 51, "weight": 0.00289}, {"source": 24, "target": 52, "weight": 0.022222}, {"source": 25, "target": 52, "weight": 0.013699}, {"source": 25, "target": 53, "weight": 0.010101}, {"source": 25, "target": 40, "weight": 0.038462}, {"source": 25, "target": 43, "weight": 0.005682}, {"source": 25, "target": 33, "weight": 0.148148}, {"source": 25, "target": 32, "weight": 0.006024}, {"source": 25, "target": 31, "weight": 0.034783}, {"source": 25, "target": 50, "weight": 0.007874}, {"source": 26, "target": 68, "weight": 0.024242}, {"source": 26, "target": 44, "weight": 0.008065}, {"source": 26, "target": 57, "weight": 0.014493}, {"source": 26, "target": 43, "weight": 0.102439}, {"source": 26, "target": 45, "weight": 0.012579}, {"source": 26, "target": 28, "weight": 0.120879}, {"source": 26, "target": 60, "weight": 0.137931}, {"source": 26, "target": 49, "weight": 0.010152}, {"source": 26, "target": 65, "weight": 0.006623}, {"source": 26, "target": 51, "weight": 0.009119}, {"source": 26, "target": 36, "weight": 0.007042}, {"source": 27, "target": 47, "weight": 0.02}, {"source": 27, "target": 57, "weight": 0.005051}, {"source": 27, "target": 31, "weight": 0.065637}, {"source": 28, "target": 68, "weight": 0.011561}, {"source": 28, "target": 57, "weight": 0.023697}, {"source": 28, "target": 43, "weight": 0.045045}, {"source": 28, "target": 45, "weight": 0.006024}, {"source": 28, "target": 42, "weight": 0.007519}, {"source": 28, "target": 60, "weight": 0.007299}, {"source": 28, "target": 31, "weight": 0.006873}, {"source": 28, "target": 32, "weight": 0.018349}, {"source": 28, "target": 49, "weight": 0.0199}, {"source": 29, "target": 49, "weight": 0.016}, {"source": 29, "target": 31, "weight": 0.004673}, {"source": 30, "target": 54, "weight": 0.021739}, {"source": 30, "target": 66, "weight": 0.025641}, {"source": 31, "target": 68, "weight": 0.003891}, {"source": 31, "target": 33, "weight": 0.013158}, {"source": 31, "target": 32, "weight": 0.006601}, {"source": 31, "target": 35, "weight": 0.004739}, {"source": 31, "target": 40, "weight": 0.009217}, {"source": 31, "target": 37, "weight": 0.003968}, {"source": 31, "target": 43, "weight": 0.003185}, {"source": 31, "target": 48, "weight": 0.004717}, {"source": 31, "target": 50, "weight": 0.007576}, {"source": 31, "target": 55, "weight": 0.040201}, {"source": 31, "target": 53, "weight": 0.030303}, {"source": 31, "target": 58, "weight": 0.004237}, {"source": 31, "target": 66, "weight": 0.004545}, {"source": 31, "target": 51, "weight": 0.004773}, {"source": 31, "target": 70, "weight": 0.009756}, {"source": 32, "target": 38, "weight": 0.00625}, {"source": 32, "target": 34, "weight": 0.007813}, {"source": 32, "target": 39, "weight": 0.014388}, {"source": 32, "target": 40, "weight": 0.006803}, {"source": 32, "target": 43, "weight": 0.084444}, {"source": 32, "target": 46, "weight": 0.008772}, {"source": 32, "target": 49, "weight": 0.00463}, {"source": 32, "target": 54, "weight": 0.012903}, {"source": 32, "target": 57, "weight": 0.013333}, {"source": 32, "target": 58, "weight": 0.006061}, {"source": 32, "target": 66, "weight": 0.006711}, {"source": 32, "target": 51, "weight": 0.002865}, {"source": 33, "target": 38, "weight": 0.011628}, {"source": 33, "target": 51, "weight": 0.003636}, {"source": 33, "target": 52, "weight": 0.080645}, {"source": 36, "target": 49, "weight": 0.014085}, {"source": 36, "target": 60, "weight": 0.013158}, {"source": 36, "target": 46, "weight": 0.00641}, {"source": 38, "target": 57, "weight": 0.006494}, {"source": 38, "target": 64, "weight": 0.012987}, {"source": 38, "target": 46, "weight": 0.012903}, {"source": 38, "target": 49, "weight": 0.014085}, {"source": 38, "target": 52, "weight": 0.079365}, {"source": 38, "target": 39, "weight": 0.030303}, {"source": 39, "target": 49, "weight": 0.00813}, {"source": 39, "target": 46, "weight": 0.087302}, {"source": 39, "target": 57, "weight": 0.030534}, {"source": 41, "target": 68, "weight": 0.010204}, {"source": 41, "target": 60, "weight": 0.016393}, {"source": 42, "target": 49, "weight": 0.015748}, {"source": 42, "target": 46, "weight": 0.021583}, {"source": 43, "target": 57, "weight": 0.008475}, {"source": 43, "target": 46, "weight": 0.004184}, {"source": 43, "target": 51, "weight": 0.002786}, {"source": 43, "target": 49, "weight": 0.013393}, {"source": 44, "target": 63, "weight": 0.607143}, {"source": 45, "target": 46, "weight": 0.011561}, {"source": 45, "target": 60, "weight": 0.010638}, {"source": 45, "target": 49, "weight": 0.018868}, {"source": 46, "target": 68, "weight": 0.01105}, {"source": 46, "target": 56, "weight": 0.007407}, {"source": 46, "target": 57, "weight": 0.07177}, {"source": 46, "target": 67, "weight": 0.006993}, {"source": 46, "target": 47, "weight": 0.007937}, {"source": 46, "target": 49, "weight": 0.004717}, {"source": 47, "target": 54, "weight": 0.018868}, {"source": 47, "target": 57, "weight": 0.008065}, {"source": 47, "target": 66, "weight": 0.021739}, {"source": 47, "target": 49, "weight": 0.00885}, {"source": 49, "target": 60, "weight": 0.015267}, {"source": 49, "target": 57, "weight": 0.004762}, {"source": 49, "target": 51, "weight": 0.003012}, {"source": 50, "target": 68, "weight": 0.006803}, {"source": 50, "target": 65, "weight": 0.023438}, {"source": 50, "target": 51, "weight": 0.164794}, {"source": 51, "target": 68, "weight": 0.016779}, {"source": 51, "target": 65, "weight": 0.217021}, {"source": 51, "target": 64, "weight": 0.003759}, {"source": 51, "target": 60, "weight": 0.007576}, {"source": 51, "target": 53, "weight": 0.003546}, {"source": 53, "target": 55, "weight": 0.078125}, {"source": 54, "target": 66, "weight": 0.431373}, {"source": 56, "target": 57, "weight": 0.007519}, {"source": 57, "target": 67, "weight": 0.007092}, {"source": 60, "target": 68, "weight": 0.061856}, {"source": 60, "target": 65, "weight": 0.011765}, {"source": 65, "target": 68, "weight": 0.016529}], "multigraph": false}