{"directed": false, "graph": {}, "nodes": [{"group": 0, "id": "occultism", "degree": 0}, {"group": 1, "id": "occurrence", "degree": 3}, {"group": 2, "id": "octagonal", "degree": 1}, {"group": 3, "id": "occlusive", "degree": 2}, {"group": 2, "id": "ocarina", "degree": 1}, {"group": 4, "id": "occur"}, {"group": 4, "id": "occupation", "degree": 9}, {"group": 4, "id": "occupied"}, {"group": 1, "id": "occultation"}, {"group": 2, "id": "octet", "degree": 1}, {"group": 4, "id": "occupancy", "degree": 2}, {"group": 1, "id": "occasional", "degree": 2}, {"group": 3, "id": "occupy"}, {"group": 5, "id": "occasionally", "degree": 0}, {"group": 3, "id": "occlude", "degree": 1}, {"group": 6, "id": "octogenarian", "degree": 0}, {"group": 7, "id": "ocular", "degree": 0}, {"group": 2, "id": "octave"}, {"group": 3, "id": "occult", "degree": 4}, {"group": 3, "id": "occlusion", "degree": 2}, {"group": 3, "id": "ocean"}, {"group": 8, "id": "occidental", "degree": 0}, {"group": 1, "id": "occasion"}], "links": [{"source": 1, "target": 11, "weight": 0.009901}, {"source": 1, "target": 22, "weight": 0.141732}, {"source": 1, "target": 5, "weight": 0.0125}, {"source": 1, "target": 6, "weight": 0.012048}, {"source": 2, "target": 17, "weight": 0.019608}, {"source": 3, "target": 18, "weight": 0.009479}, {"source": 3, "target": 14, "weight": 0.008621}, {"source": 4, "target": 17, "weight": 0.065574}, {"source": 5, "target": 10, "weight": 0.018182}, {"source": 5, "target": 6, "weight": 0.007353}, {"source": 6, "target": 9, "weight": 0.006211}, {"source": 6, "target": 10, "weight": 0.265487}, {"source": 6, "target": 11, "weight": 0.006369}, {"source": 6, "target": 12, "weight": 0.029126}, {"source": 6, "target": 17, "weight": 0.006173}, {"source": 6, "target": 22, "weight": 0.020305}, {"source": 6, "target": 7, "weight": 0.007752}, {"source": 8, "target": 18, "weight": 0.005917}, {"source": 8, "target": 11, "weight": 0.012987}, {"source": 9, "target": 17, "weight": 0.231707}, {"source": 10, "target": 12, "weight": 0.015504}, {"source": 11, "target": 22, "weight": 0.015038}, {"source": 12, "target": 18, "weight": 0.008475}, {"source": 12, "target": 19, "weight": 0.006667}, {"source": 12, "target": 14, "weight": 0.014286}, {"source": 14, "target": 18, "weight": 0.016949}, {"source": 14, "target": 19, "weight": 0.021978}, {"source": 18, "target": 20, "weight": 0.00625}], "multigraph": false}