{"directed": false, "graph": {}, "nodes": [{"group": 0, "id": "oddball"}, {"group": 0, "id": "oddity", "degree": 2}, {"group": 0, "id": "odds", "degree": 2}, {"group": 1, "id": "odious", "degree": 3}, {"group": 2, "id": "ode", "degree": 0}, {"group": 1, "id": "odorous", "degree": 0}, {"group": 0, "id": "odd"}, {"group": 0, "id": "odor", "degree": 3}], "links": [{"source": 0, "target": 7, "weight": 0.006897}, {"source": 0, "target": 1, "weight": 0.256637}, {"source": 0, "target": 3, "weight": 0.004525}, {"source": 1, "target": 2, "weight": 0.033613}, {"source": 1, "target": 6, "weight": 0.020408}, {"source": 1, "target": 7, "weight": 0.045872}, {"source": 2, "target": 6, "weight": 0.004717}, {"source": 3, "target": 5, "weight": 0.090909}, {"source": 3, "target": 6, "weight": 0.003584}, {"source": 6, "target": 7, "weight": 0.004926}], "multigraph": false}