{"directed": false, "graph": {}, "nodes": [{"group": 0, "id": "often", "degree": 0}, {"group": 1, "id": "office", "degree": 5}, {"group": 2, "id": "offense"}, {"group": 1, "id": "offspring", "degree": 6}, {"group": 2, "id": "officious"}, {"group": 3, "id": "offer", "degree": 4}, {"group": 2, "id": "offensive", "degree": 5}, {"group": 3, "id": "offertory", "degree": 2}, {"group": 5, "id": "offered", "degree": 1}, {"group": 3, "id": "offering"}, {"group": 2, "id": "offhand", "degree": 3}, {"group": 4, "id": "offscourings", "degree": 5}, {"group": 1, "id": "offing", "degree": 1}, {"group": 4, "id": "offal"}, {"group": 5, "id": "officeholder"}, {"group": 1, "id": "offset"}, {"group": 2, "id": "offish"}, {"group": 3, "id": "officiate", "degree": 2}, {"group": 2, "id": "off"}, {"group": 6, "id": "offender", "degree": 0}, {"group": 5, "id": "official", "degree": 6}, {"group": 2, "id": "offbeat", "degree": 2}, {"group": 5, "id": "officer"}, {"group": 1, "id": "offshoot"}, {"group": 5, "id": "officialdom", "degree": 2}], "links": [{"source": 1, "target": 9, "weight": 0.005236}, {"source": 1, "target": 20, "weight": 0.007143}, {"source": 1, "target": 6, "weight": 0.002632}, {"source": 1, "target": 3, "weight": 0.004115}, {"source": 1, "target": 15, "weight": 0.008065}, {"source": 1, "target": 23, "weight": 0.010791}, {"source": 1, "target": 2, "weight": 0.004167}, {"source": 1, "target": 17, "weight": 0.005848}, {"source": 1, "target": 24, "weight": 0.006135}, {"source": 2, "target": 6, "weight": 0.073171}, {"source": 2, "target": 5, "weight": 0.005405}, {"source": 3, "target": 18, "weight": 0.003356}, {"source": 3, "target": 5, "weight": 0.005319}, {"source": 3, "target": 12, "weight": 0.009804}, {"source": 3, "target": 15, "weight": 0.005587}, {"source": 3, "target": 23, "weight": 0.116402}, {"source": 4, "target": 6, "weight": 0.004255}, {"source": 5, "target": 9, "weight": 0.096}, {"source": 5, "target": 22, "weight": 0.006536}, {"source": 5, "target": 23, "weight": 0.008929}, {"source": 5, "target": 7, "weight": 0.035714}, {"source": 5, "target": 17, "weight": 0.026316}, {"source": 6, "target": 18, "weight": 0.013953}, {"source": 6, "target": 10, "weight": 0.010274}, {"source": 6, "target": 15, "weight": 0.003165}, {"source": 6, "target": 16, "weight": 0.003788}, {"source": 7, "target": 9, "weight": 0.278689}, {"source": 8, "target": 20, "weight": 0.006623}, {"source": 8, "target": 18, "weight": 0.004202}, {"source": 10, "target": 21, "weight": 0.017094}, {"source": 10, "target": 18, "weight": 0.007117}, {"source": 11, "target": 23, "weight": 0.005525}, {"source": 11, "target": 18, "weight": 0.007463}, {"source": 11, "target": 13, "weight": 0.52459}, {"source": 11, "target": 14, "weight": 0.015625}, {"source": 11, "target": 15, "weight": 0.006667}, {"source": 12, "target": 23, "weight": 0.007194}, {"source": 14, "target": 20, "weight": 0.023256}, {"source": 15, "target": 21, "weight": 0.007143}, {"source": 18, "target": 20, "weight": 0.002976}, {"source": 18, "target": 21, "weight": 0.087866}, {"source": 20, "target": 22, "weight": 0.10625}, {"source": 20, "target": 24, "weight": 0.007634}, {"source": 22, "target": 24, "weight": 0.017241}], "multigraph": false}