{"directed": false, "graph": {}, "nodes": [{"group": 0, "id": "ombudsman", "degree": 0}, {"group": 1, "id": "omit"}, {"group": 1, "id": "omission"}, {"group": 3, "id": "omnipotent", "degree": 2}, {"group": 2, "id": "omnipotence"}, {"group": 3, "id": "omnibus", "degree": 3}, {"group": 1, "id": "omitting", "degree": 2}, {"group": 3, "id": "omnivorous", "degree": 3}, {"group": 2, "id": "omniscience", "degree": 2}, {"group": 3, "id": "omnipresent"}, {"group": 3, "id": "omniscient"}, {"group": 2, "id": "omnipresence"}, {"group": 1, "id": "ominous", "degree": 2}, {"group": 1, "id": "omen", "degree": 0}], "links": [{"source": 1, "target": 6, "weight": 0.033898}, {"source": 2, "target": 12, "weight": 0.005181}, {"source": 2, "target": 6, "weight": 0.015152}, {"source": 3, "target": 5, "weight": 0.038835}, {"source": 3, "target": 9, "weight": 0.486111}, {"source": 3, "target": 7, "weight": 0.0125}, {"source": 3, "target": 10, "weight": 0.607143}, {"source": 4, "target": 8, "weight": 0.714286}, {"source": 5, "target": 9, "weight": 0.333333}, {"source": 5, "target": 10, "weight": 0.025}, {"source": 7, "target": 9, "weight": 0.00885}, {"source": 7, "target": 10, "weight": 0.010417}, {"source": 8, "target": 11, "weight": 0.454545}, {"source": 12, "target": 13, "weight": 0.009174}], "multigraph": false}