{"directed": false, "graph": {}, "nodes": [{"group": 0, "id": "on", "degree": 4}, {"group": 1, "id": "onerous", "degree": 0}, {"group": 1, "id": "onus", "degree": 4}, {"group": 2, "id": "onomatopoeia", "degree": 0}, {"group": 0, "id": "oncoming"}, {"group": 0, "id": "onward"}, {"group": 3, "id": "onetime", "degree": 0}, {"group": 4, "id": "only", "degree": 2}, {"group": 4, "id": "one"}, {"group": 1, "id": "onset"}, {"group": 4, "id": "oneness", "degree": 1}, {"group": 0, "id": "onrush"}, {"group": 0, "id": "ongoing"}, {"group": 1, "id": "ontology", "degree": 0}, {"group": 1, "id": "onslaught", "degree": 5}, {"group": 3, "id": "once", "degree": 1}], "links": [{"source": 0, "target": 4, "weight": 0.046512}, {"source": 0, "target": 5, "weight": 0.086207}, {"source": 0, "target": 12, "weight": 0.152381}, {"source": 0, "target": 11, "weight": 0.021053}, {"source": 1, "target": 14, "weight": 0.009434}, {"source": 2, "target": 9, "weight": 0.01626}, {"source": 2, "target": 4, "weight": 0.009091}, {"source": 2, "target": 13, "weight": 0.012346}, {"source": 2, "target": 14, "weight": 0.007353}, {"source": 4, "target": 14, "weight": 0.009709}, {"source": 6, "target": 15, "weight": 0.542857}, {"source": 7, "target": 15, "weight": 0.012821}, {"source": 7, "target": 8, "weight": 0.05848}, {"source": 8, "target": 10, "weight": 0.008929}, {"source": 9, "target": 14, "weight": 0.204082}, {"source": 11, "target": 14, "weight": 0.009091}, {"source": 12, "target": 14, "weight": 0.007463}], "multigraph": false}