{"directed": false, "graph": {}, "nodes": [{"group": 0, "id": "operant"}, {"group": 1, "id": "openhanded", "degree": 6}, {"group": 2, "id": "oppressed", "degree": 6}, {"group": 1, "id": "optimistic"}, {"group": 0, "id": "operator"}, {"group": 1, "id": "openness", "degree": 2}, {"group": 0, "id": "operation"}, {"group": 1, "id": "open"}, {"group": 0, "id": "operative", "degree": 10}, {"group": 0, "id": "opportune"}, {"group": 3, "id": "opposer", "degree": 5}, {"group": 0, "id": "operable", "degree": 3}, {"group": 4, "id": "optic", "degree": 2}, {"group": 5, "id": "opaque"}, {"group": 1, "id": "optional", "degree": 5}, {"group": 6, "id": "opening"}, {"group": 2, "id": "operose"}, {"group": 0, "id": "operational", "degree": 5}, {"group": 6, "id": "opus", "degree": 6}, {"group": 7, "id": "opossum", "degree": 2}, {"group": 3, "id": "opposed"}, {"group": 0, "id": "oppressor", "degree": 2}, {"group": 4, "id": "optimal", "degree": 2}, {"group": 1, "id": "operatic", "degree": 1}, {"group": 1, "id": "openhearted", "degree": 6}, {"group": 3, "id": "opponent", "degree": 7}, {"group": 3, "id": "opacity"}, {"group": 4, "id": "option"}, {"group": 2, "id": "oppressive", "degree": 10}, {"group": 3, "id": "opposite", "degree": 12}, {"group": 5, "id": "oppression"}, {"group": 1, "id": "opulence", "degree": 3}, {"group": 1, "id": "opulent"}, {"group": 2, "id": "opalescent"}, {"group": 3, "id": "opposing"}, {"group": 0, "id": "operating"}, {"group": 6, "id": "opener", "degree": 1}, {"group": 3, "id": "opposition", "degree": 7}, {"group": 5, "id": "opprobrium"}, {"group": 1, "id": "opportunity"}, {"group": 8, "id": "ophthalmologist", "degree": 0}, {"group": 6, "id": "operetta"}, {"group": 7, "id": "opium", "degree": 3}, {"group": 6, "id": "opera"}, {"group": 4, "id": "opine", "degree": 4}, {"group": 7, "id": "opiate"}, {"group": 5, "id": "oppress", "degree": 8}, {"group": 3, "id": "opinionated"}, {"group": 4, "id": "optimum"}, {"group": 5, "id": "oppose", "degree": 8}, {"group": 2, "id": "openmouthed"}, {"group": 1, "id": "optimist", "degree": 1}, {"group": 4, "id": "opinion", "degree": 3}, {"group": 0, "id": "operate", "degree": 12}, {"group": 5, "id": "oppugn", "degree": 7}, {"group": 3, "id": "oppositional"}], "links": [{"source": 0, "target": 21, "weight": 0.025641}, {"source": 0, "target": 53, "weight": 0.023529}, {"source": 0, "target": 8, "weight": 0.307692}, {"source": 0, "target": 17, "weight": 0.022727}, {"source": 1, "target": 14, "weight": 0.015625}, {"source": 1, "target": 32, "weight": 0.05618}, {"source": 1, "target": 24, "weight": 0.261364}, {"source": 1, "target": 3, "weight": 0.034884}, {"source": 1, "target": 23, "weight": 0.014706}, {"source": 1, "target": 7, "weight": 0.056206}, {"source": 2, "target": 28, "weight": 0.00885}, {"source": 2, "target": 16, "weight": 0.012987}, {"source": 2, "target": 32, "weight": 0.0125}, {"source": 2, "target": 33, "weight": 0.020833}, {"source": 2, "target": 50, "weight": 0.009615}, {"source": 2, "target": 7, "weight": 0.002288}, {"source": 3, "target": 24, "weight": 0.007874}, {"source": 3, "target": 51, "weight": 0.074074}, {"source": 4, "target": 21, "weight": 0.015625}, {"source": 4, "target": 53, "weight": 0.018182}, {"source": 4, "target": 8, "weight": 0.23301}, {"source": 4, "target": 17, "weight": 0.014493}, {"source": 5, "target": 31, "weight": 0.009709}, {"source": 5, "target": 15, "weight": 0.007722}, {"source": 6, "target": 17, "weight": 0.054545}, {"source": 6, "target": 18, "weight": 0.027778}, {"source": 6, "target": 31, "weight": 0.006897}, {"source": 6, "target": 52, "weight": 0.005917}, {"source": 6, "target": 53, "weight": 0.07483}, {"source": 6, "target": 46, "weight": 0.01105}, {"source": 6, "target": 8, "weight": 0.029762}, {"source": 7, "target": 11, "weight": 0.004619}, {"source": 7, "target": 28, "weight": 0.007968}, {"source": 7, "target": 12, "weight": 0.004706}, {"source": 7, "target": 29, "weight": 0.004065}, {"source": 7, "target": 14, "weight": 0.002257}, {"source": 7, "target": 49, "weight": 0.003868}, {"source": 7, "target": 37, "weight": 0.001761}, {"source": 7, "target": 53, "weight": 0.002101}, {"source": 7, "target": 24, "weight": 0.177885}, {"source": 7, "target": 46, "weight": 0.001996}, {"source": 7, "target": 8, "weight": 0.008197}, {"source": 8, "target": 11, "weight": 0.054348}, {"source": 8, "target": 28, "weight": 0.005988}, {"source": 8, "target": 39, "weight": 0.009174}, {"source": 8, "target": 17, "weight": 0.127907}, {"source": 8, "target": 21, "weight": 0.010989}, {"source": 8, "target": 35, "weight": 0.072289}, {"source": 8, "target": 53, "weight": 0.022059}, {"source": 9, "target": 11, "weight": 0.028169}, {"source": 10, "target": 34, "weight": 0.006803}, {"source": 10, "target": 25, "weight": 0.016949}, {"source": 10, "target": 49, "weight": 0.00813}, {"source": 10, "target": 37, "weight": 0.00578}, {"source": 10, "target": 55, "weight": 0.013699}, {"source": 11, "target": 17, "weight": 0.111111}, {"source": 12, "target": 52, "weight": 0.011765}, {"source": 13, "target": 46, "weight": 0.007353}, {"source": 13, "target": 28, "weight": 0.007143}, {"source": 14, "target": 27, "weight": 0.022222}, {"source": 14, "target": 28, "weight": 0.008403}, {"source": 14, "target": 24, "weight": 0.009709}, {"source": 14, "target": 32, "weight": 0.011628}, {"source": 14, "target": 47, "weight": 0.013699}, {"source": 15, "target": 18, "weight": 0.013699}, {"source": 15, "target": 36, "weight": 0.004525}, {"source": 15, "target": 49, "weight": 0.003226}, {"source": 15, "target": 37, "weight": 0.002778}, {"source": 15, "target": 52, "weight": 0.007168}, {"source": 15, "target": 46, "weight": 0.006849}, {"source": 16, "target": 28, "weight": 0.186992}, {"source": 16, "target": 29, "weight": 0.030769}, {"source": 17, "target": 35, "weight": 0.52381}, {"source": 17, "target": 53, "weight": 0.012346}, {"source": 17, "target": 39, "weight": 0.019231}, {"source": 18, "target": 41, "weight": 0.01087}, {"source": 18, "target": 43, "weight": 0.253425}, {"source": 18, "target": 37, "weight": 0.004132}, {"source": 18, "target": 53, "weight": 0.02027}, {"source": 18, "target": 46, "weight": 0.005714}, {"source": 19, "target": 45, "weight": 0.014925}, {"source": 19, "target": 42, "weight": 0.015873}, {"source": 20, "target": 28, "weight": 0.016949}, {"source": 20, "target": 29, "weight": 0.513514}, {"source": 20, "target": 49, "weight": 0.010471}, {"source": 20, "target": 37, "weight": 0.0125}, {"source": 20, "target": 54, "weight": 0.017241}, {"source": 20, "target": 25, "weight": 0.357895}, {"source": 22, "target": 48, "weight": 0.606061}, {"source": 22, "target": 27, "weight": 0.027027}, {"source": 23, "target": 43, "weight": 0.007937}, {"source": 24, "target": 32, "weight": 0.047244}, {"source": 24, "target": 33, "weight": 0.01}, {"source": 24, "target": 53, "weight": 0.007353}, {"source": 24, "target": 39, "weight": 0.009346}, {"source": 25, "target": 29, "weight": 0.4}, {"source": 25, "target": 30, "weight": 0.010989}, {"source": 25, "target": 47, "weight": 0.024096}, {"source": 25, "target": 34, "weight": 0.253731}, {"source": 25, "target": 49, "weight": 0.014085}, {"source": 25, "target": 37, "weight": 0.021053}, {"source": 25, "target": 54, "weight": 0.029851}, {"source": 25, "target": 55, "weight": 0.566667}, {"source": 26, "target": 37, "weight": 0.005814}, {"source": 27, "target": 44, "weight": 0.015625}, {"source": 27, "target": 37, "weight": 0.005882}, {"source": 28, "target": 42, "weight": 0.007752}, {"source": 28, "target": 29, "weight": 0.011905}, {"source": 28, "target": 45, "weight": 0.007519}, {"source": 28, "target": 30, "weight": 0.014184}, {"source": 28, "target": 47, "weight": 0.007407}, {"source": 28, "target": 34, "weight": 0.009217}, {"source": 28, "target": 37, "weight": 0.004098}, {"source": 28, "target": 50, "weight": 0.005814}, {"source": 29, "target": 30, "weight": 0.007692}, {"source": 29, "target": 47, "weight": 0.016393}, {"source": 29, "target": 34, "weight": 0.427586}, {"source": 29, "target": 49, "weight": 0.022346}, {"source": 29, "target": 37, "weight": 0.017467}, {"source": 29, "target": 54, "weight": 0.038462}, {"source": 29, "target": 55, "weight": 0.494382}, {"source": 30, "target": 42, "weight": 0.011111}, {"source": 30, "target": 54, "weight": 0.0125}, {"source": 30, "target": 49, "weight": 0.006452}, {"source": 30, "target": 46, "weight": 0.061069}, {"source": 31, "target": 39, "weight": 0.012195}, {"source": 31, "target": 32, "weight": 0.018868}, {"source": 34, "target": 49, "weight": 0.017544}, {"source": 34, "target": 37, "weight": 0.114625}, {"source": 34, "target": 54, "weight": 0.019481}, {"source": 37, "target": 49, "weight": 0.057377}, {"source": 37, "target": 52, "weight": 0.004405}, {"source": 37, "target": 55, "weight": 0.014634}, {"source": 37, "target": 44, "weight": 0.004975}, {"source": 37, "target": 54, "weight": 0.01105}, {"source": 38, "target": 46, "weight": 0.009804}, {"source": 39, "target": 53, "weight": 0.010638}, {"source": 39, "target": 44, "weight": 0.0125}, {"source": 39, "target": 46, "weight": 0.008403}, {"source": 42, "target": 45, "weight": 0.863636}, {"source": 43, "target": 53, "weight": 0.012987}, {"source": 43, "target": 46, "weight": 0.005556}, {"source": 44, "target": 52, "weight": 0.016667}, {"source": 44, "target": 53, "weight": 0.009174}, {"source": 46, "target": 49, "weight": 0.02139}, {"source": 46, "target": 53, "weight": 0.013605}, {"source": 49, "target": 55, "weight": 0.012821}, {"source": 49, "target": 54, "weight": 0.209091}, {"source": 54, "target": 55, "weight": 0.024691}], "multigraph": false}