{"directed": false, "graph": {}, "nodes": [{"group": 0, "id": "origin"}, {"group": 0, "id": "ordinal", "degree": 12}, {"group": 2, "id": "originate", "degree": 9}, {"group": 3, "id": "ordered"}, {"group": 2, "id": "orientation", "degree": 10}, {"group": 2, "id": "ornithology"}, {"group": 2, "id": "orchestra"}, {"group": 2, "id": "ordination", "degree": 7}, {"group": 0, "id": "orgiastic"}, {"group": 2, "id": "orchestrate"}, {"group": 4, "id": "orbit", "degree": 12}, {"group": 5, "id": "orgasm", "degree": 4}, {"group": 2, "id": "organize"}, {"group": 6, "id": "ornate"}, {"group": 7, "id": "organizer", "degree": 6}, {"group": 2, "id": "orient", "degree": 6}, {"group": 4, "id": "orbital"}, {"group": 2, "id": "oriented", "degree": 2}, {"group": 2, "id": "oratory", "degree": 0}, {"group": 0, "id": "oracular"}, {"group": 2, "id": "orienter"}, {"group": 2, "id": "ordering", "degree": 13}, {"group": 0, "id": "original", "degree": 25}, {"group": 2, "id": "ornament", "degree": 10}, {"group": 3, "id": "orthogonal"}, {"group": 3, "id": "orgasmic"}, {"group": 4, "id": "originality", "degree": 5}, {"group": 2, "id": "oriental"}, {"group": 6, "id": "ornamented", "degree": 2}, {"group": 4, "id": "orbiting"}, {"group": 3, "id": "ordinary"}, {"group": 2, "id": "ordure", "degree": 1}, {"group": 1, "id": "oration", "degree": 2}, {"group": 7, "id": "originator", "degree": 7}, {"group": 0, "id": "orifice", "degree": 2}, {"group": 1, "id": "orate"}, {"group": 6, "id": "orotund", "degree": 4}, {"group": 3, "id": "orthodox", "degree": 7}, {"group": 0, "id": "organized"}, {"group": 0, "id": "origination"}, {"group": 3, "id": "ornery", "degree": 7}, {"group": 8, "id": "orthopedist", "degree": 0}, {"group": 0, "id": "originative"}, {"group": 9, "id": "ore", "degree": 0}, {"group": 4, "id": "orb"}, {"group": 2, "id": "orthodoxy", "degree": 6}, {"group": 2, "id": "ordnance", "degree": 1}, {"group": 0, "id": "orderless"}, {"group": 0, "id": "organic", "degree": 7}, {"group": 4, "id": "orchard", "degree": 2}, {"group": 2, "id": "organ", "degree": 12}, {"group": 2, "id": "organism"}, {"group": 0, "id": "originally"}, {"group": 3, "id": "ordeal", "degree": 4}, {"group": 3, "id": "orts"}, {"group": 2, "id": "ordain", "degree": 13}, {"group": 0, "id": "orison", "degree": 3}, {"group": 2, "id": "order"}, {"group": 2, "id": "ordinance", "degree": 16}, {"group": 0, "id": "orderly"}, {"group": 5, "id": "orgy"}, {"group": 2, "id": "orchestration"}, {"group": 2, "id": "oracle", "degree": 4}, {"group": 2, "id": "organization", "degree": 12}, {"group": 5, "id": "oratorio", "degree": 1}, {"group": 3, "id": "oral"}, {"group": 3, "id": "or", "degree": 10}], "links": [{"source": 0, "target": 1, "weight": 0.009091}, {"source": 0, "target": 33, "weight": 0.010526}, {"source": 0, "target": 58, "weight": 0.008696}, {"source": 0, "target": 34, "weight": 0.012346}, {"source": 0, "target": 2, "weight": 0.03125}, {"source": 0, "target": 22, "weight": 0.054487}, {"source": 0, "target": 63, "weight": 0.026087}, {"source": 0, "target": 7, "weight": 0.011494}, {"source": 1, "target": 12, "weight": 0.006711}, {"source": 1, "target": 3, "weight": 0.00813}, {"source": 1, "target": 19, "weight": 0.013889}, {"source": 1, "target": 50, "weight": 0.007042}, {"source": 1, "target": 58, "weight": 0.025862}, {"source": 1, "target": 39, "weight": 0.007692}, {"source": 1, "target": 56, "weight": 0.012658}, {"source": 1, "target": 57, "weight": 0.002381}, {"source": 1, "target": 59, "weight": 0.026882}, {"source": 1, "target": 28, "weight": 0.011905}, {"source": 1, "target": 13, "weight": 0.011111}, {"source": 1, "target": 30, "weight": 0.003984}, {"source": 1, "target": 22, "weight": 0.009119}, {"source": 2, "target": 33, "weight": 0.025641}, {"source": 2, "target": 12, "weight": 0.125}, {"source": 2, "target": 21, "weight": 0.018018}, {"source": 2, "target": 39, "weight": 0.048276}, {"source": 2, "target": 55, "weight": 0.027586}, {"source": 2, "target": 15, "weight": 0.008547}, {"source": 2, "target": 58, "weight": 0.007194}, {"source": 2, "target": 61, "weight": 0.009434}, {"source": 2, "target": 13, "weight": 0.009009}, {"source": 2, "target": 63, "weight": 0.031746}, {"source": 2, "target": 14, "weight": 0.025424}, {"source": 2, "target": 57, "weight": 0.018433}, {"source": 2, "target": 51, "weight": 0.046875}, {"source": 2, "target": 22, "weight": 0.020231}, {"source": 2, "target": 9, "weight": 0.010989}, {"source": 3, "target": 63, "weight": 0.004032}, {"source": 3, "target": 48, "weight": 0.020833}, {"source": 3, "target": 37, "weight": 0.022059}, {"source": 4, "target": 15, "weight": 0.012048}, {"source": 4, "target": 12, "weight": 0.007353}, {"source": 4, "target": 21, "weight": 0.025974}, {"source": 4, "target": 23, "weight": 0.006098}, {"source": 4, "target": 7, "weight": 0.012987}, {"source": 4, "target": 38, "weight": 0.020202}, {"source": 4, "target": 10, "weight": 0.022599}, {"source": 4, "target": 66, "weight": 0.018349}, {"source": 4, "target": 57, "weight": 0.022556}, {"source": 4, "target": 61, "weight": 0.013889}, {"source": 4, "target": 63, "weight": 0.008929}, {"source": 4, "target": 30, "weight": 0.017021}, {"source": 4, "target": 55, "weight": 0.017699}, {"source": 4, "target": 45, "weight": 0.051948}, {"source": 4, "target": 9, "weight": 0.017544}, {"source": 5, "target": 63, "weight": 0.005263}, {"source": 6, "target": 63, "weight": 0.00905}, {"source": 6, "target": 23, "weight": 0.006211}, {"source": 7, "target": 21, "weight": 0.014706}, {"source": 7, "target": 39, "weight": 0.009346}, {"source": 7, "target": 57, "weight": 0.007595}, {"source": 7, "target": 58, "weight": 0.032258}, {"source": 7, "target": 61, "weight": 0.016129}, {"source": 7, "target": 63, "weight": 0.043478}, {"source": 7, "target": 30, "weight": 0.004386}, {"source": 7, "target": 51, "weight": 0.011236}, {"source": 7, "target": 45, "weight": 0.014286}, {"source": 8, "target": 48, "weight": 0.02381}, {"source": 8, "target": 40, "weight": 0.009174}, {"source": 8, "target": 22, "weight": 0.00304}, {"source": 9, "target": 15, "weight": 0.018868}, {"source": 9, "target": 55, "weight": 0.011905}, {"source": 9, "target": 50, "weight": 0.010101}, {"source": 10, "target": 16, "weight": 0.02}, {"source": 10, "target": 66, "weight": 0.030303}, {"source": 10, "target": 49, "weight": 0.006329}, {"source": 10, "target": 23, "weight": 0.015748}, {"source": 10, "target": 55, "weight": 0.004831}, {"source": 10, "target": 22, "weight": 0.002433}, {"source": 10, "target": 26, "weight": 0.006024}, {"source": 10, "target": 29, "weight": 0.101449}, {"source": 10, "target": 30, "weight": 0.018405}, {"source": 10, "target": 57, "weight": 0.016227}, {"source": 10, "target": 44, "weight": 0.275}, {"source": 10, "target": 45, "weight": 0.00578}, {"source": 11, "target": 63, "weight": 0.004329}, {"source": 11, "target": 64, "weight": 0.014706}, {"source": 11, "target": 60, "weight": 0.185185}, {"source": 11, "target": 57, "weight": 0.002421}, {"source": 12, "target": 50, "weight": 0.005618}, {"source": 12, "target": 21, "weight": 0.024}, {"source": 12, "target": 23, "weight": 0.014218}, {"source": 12, "target": 55, "weight": 0.044586}, {"source": 12, "target": 58, "weight": 0.006494}, {"source": 12, "target": 63, "weight": 0.061776}, {"source": 12, "target": 15, "weight": 0.023077}, {"source": 13, "target": 23, "weight": 0.006494}, {"source": 13, "target": 28, "weight": 0.148148}, {"source": 13, "target": 36, "weight": 0.063492}, {"source": 14, "target": 33, "weight": 0.666667}, {"source": 14, "target": 57, "weight": 0.002463}, {"source": 14, "target": 62, "weight": 0.010417}, {"source": 14, "target": 30, "weight": 0.004219}, {"source": 14, "target": 22, "weight": 0.009524}, {"source": 15, "target": 55, "weight": 0.009091}, {"source": 15, "target": 17, "weight": 0.019608}, {"source": 15, "target": 27, "weight": 0.016949}, {"source": 15, "target": 63, "weight": 0.004525}, {"source": 15, "target": 57, "weight": 0.007481}, {"source": 17, "target": 30, "weight": 0.009756}, {"source": 18, "target": 62, "weight": 0.014925}, {"source": 20, "target": 62, "weight": 0.014706}, {"source": 21, "target": 58, "weight": 0.021053}, {"source": 21, "target": 23, "weight": 0.019608}, {"source": 21, "target": 55, "weight": 0.019231}, {"source": 21, "target": 57, "weight": 0.06117}, {"source": 21, "target": 61, "weight": 0.015873}, {"source": 21, "target": 62, "weight": 0.011364}, {"source": 21, "target": 63, "weight": 0.053398}, {"source": 21, "target": 30, "weight": 0.008772}, {"source": 21, "target": 51, "weight": 0.05814}, {"source": 21, "target": 22, "weight": 0.003236}, {"source": 22, "target": 33, "weight": 0.006349}, {"source": 22, "target": 55, "weight": 0.005814}, {"source": 22, "target": 23, "weight": 0.002532}, {"source": 22, "target": 26, "weight": 0.003289}, {"source": 22, "target": 32, "weight": 0.003367}, {"source": 22, "target": 30, "weight": 0.017316}, {"source": 22, "target": 37, "weight": 0.008721}, {"source": 22, "target": 39, "weight": 0.067278}, {"source": 22, "target": 42, "weight": 0.060284}, {"source": 22, "target": 44, "weight": 0.002933}, {"source": 22, "target": 47, "weight": 0.002778}, {"source": 22, "target": 48, "weight": 0.02}, {"source": 22, "target": 50, "weight": 0.002778}, {"source": 22, "target": 51, "weight": 0.009146}, {"source": 22, "target": 52, "weight": 0.003534}, {"source": 22, "target": 53, "weight": 0.010309}, {"source": 22, "target": 58, "weight": 0.00597}, {"source": 22, "target": 59, "weight": 0.007389}, {"source": 22, "target": 61, "weight": 0.020134}, {"source": 22, "target": 63, "weight": 0.013304}, {"source": 22, "target": 65, "weight": 0.006116}, {"source": 22, "target": 57, "weight": 0.020767}, {"source": 23, "target": 66, "weight": 0.010753}, {"source": 23, "target": 50, "weight": 0.009756}, {"source": 23, "target": 64, "weight": 0.007194}, {"source": 23, "target": 55, "weight": 0.015873}, {"source": 23, "target": 56, "weight": 0.006993}, {"source": 23, "target": 57, "weight": 0.027542}, {"source": 23, "target": 58, "weight": 0.005495}, {"source": 23, "target": 61, "weight": 0.020408}, {"source": 23, "target": 62, "weight": 0.011561}, {"source": 23, "target": 63, "weight": 0.020202}, {"source": 23, "target": 30, "weight": 0.006369}, {"source": 23, "target": 31, "weight": 0.006757}, {"source": 23, "target": 51, "weight": 0.005682}, {"source": 24, "target": 37, "weight": 0.011236}, {"source": 25, "target": 40, "weight": 0.007874}, {"source": 26, "target": 29, "weight": 0.022727}, {"source": 26, "target": 39, "weight": 0.009709}, {"source": 26, "target": 61, "weight": 0.017241}, {"source": 28, "target": 38, "weight": 0.011905}, {"source": 28, "target": 36, "weight": 0.016667}, {"source": 30, "target": 33, "weight": 0.004237}, {"source": 30, "target": 66, "weight": 0.224299}, {"source": 30, "target": 48, "weight": 0.004444}, {"source": 30, "target": 50, "weight": 0.018116}, {"source": 30, "target": 37, "weight": 0.034884}, {"source": 30, "target": 53, "weight": 0.009434}, {"source": 30, "target": 40, "weight": 0.012146}, {"source": 30, "target": 58, "weight": 0.01581}, {"source": 30, "target": 62, "weight": 0.008097}, {"source": 30, "target": 63, "weight": 0.010724}, {"source": 30, "target": 55, "weight": 0.007576}, {"source": 32, "target": 35, "weight": 0.0625}, {"source": 32, "target": 65, "weight": 0.013158}, {"source": 32, "target": 55, "weight": 0.010753}, {"source": 33, "target": 42, "weight": 0.015385}, {"source": 33, "target": 50, "weight": 0.007874}, {"source": 33, "target": 39, "weight": 0.008696}, {"source": 33, "target": 57, "weight": 0.002469}, {"source": 33, "target": 62, "weight": 0.010526}, {"source": 34, "target": 39, "weight": 0.009901}, {"source": 36, "target": 38, "weight": 0.011236}, {"source": 36, "target": 37, "weight": 0.009615}, {"source": 37, "target": 48, "weight": 0.009804}, {"source": 37, "target": 58, "weight": 0.007519}, {"source": 37, "target": 53, "weight": 0.011111}, {"source": 37, "target": 40, "weight": 0.007937}, {"source": 37, "target": 57, "weight": 0.002299}, {"source": 37, "target": 59, "weight": 0.024876}, {"source": 37, "target": 63, "weight": 0.003953}, {"source": 37, "target": 65, "weight": 0.058824}, {"source": 38, "target": 48, "weight": 0.035294}, {"source": 38, "target": 55, "weight": 0.007874}, {"source": 39, "target": 50, "weight": 0.012658}, {"source": 39, "target": 58, "weight": 0.007407}, {"source": 39, "target": 63, "weight": 0.04918}, {"source": 40, "target": 50, "weight": 0.007143}, {"source": 40, "target": 53, "weight": 0.013699}, {"source": 40, "target": 66, "weight": 0.008264}, {"source": 44, "target": 66, "weight": 0.03876}, {"source": 44, "target": 49, "weight": 0.011364}, {"source": 45, "target": 58, "weight": 0.010204}, {"source": 45, "target": 57, "weight": 0.01519}, {"source": 45, "target": 61, "weight": 0.015385}, {"source": 45, "target": 62, "weight": 0.011111}, {"source": 45, "target": 63, "weight": 0.013889}, {"source": 46, "target": 63, "weight": 0.005319}, {"source": 48, "target": 59, "weight": 0.018519}, {"source": 49, "target": 57, "weight": 0.002597}, {"source": 49, "target": 66, "weight": 0.011364}, {"source": 50, "target": 66, "weight": 0.006579}, {"source": 50, "target": 59, "weight": 0.004566}, {"source": 50, "target": 61, "weight": 0.008772}, {"source": 50, "target": 63, "weight": 0.030769}, {"source": 50, "target": 57, "weight": 0.006711}, {"source": 50, "target": 51, "weight": 0.007092}, {"source": 51, "target": 58, "weight": 0.008547}, {"source": 51, "target": 63, "weight": 0.226804}, {"source": 53, "target": 58, "weight": 0.0125}, {"source": 53, "target": 57, "weight": 0.002618}, {"source": 53, "target": 65, "weight": 0.028169}, {"source": 53, "target": 66, "weight": 0.011765}, {"source": 54, "target": 66, "weight": 0.008772}, {"source": 55, "target": 66, "weight": 0.007299}, {"source": 55, "target": 58, "weight": 0.023077}, {"source": 55, "target": 62, "weight": 0.008065}, {"source": 55, "target": 63, "weight": 0.012}, {"source": 55, "target": 57, "weight": 0.055825}, {"source": 56, "target": 63, "weight": 0.004902}, {"source": 56, "target": 57, "weight": 0.002591}, {"source": 57, "target": 58, "weight": 0.044118}, {"source": 57, "target": 66, "weight": 0.007009}, {"source": 57, "target": 62, "weight": 0.019512}, {"source": 57, "target": 63, "weight": 0.13278}, {"source": 58, "target": 63, "weight": 0.012448}, {"source": 58, "target": 62, "weight": 0.045045}, {"source": 59, "target": 63, "weight": 0.006369}, {"source": 60, "target": 64, "weight": 0.015625}, {"source": 60, "target": 63, "weight": 0.004405}, {"source": 61, "target": 63, "weight": 0.019324}, {"source": 62, "target": 66, "weight": 0.008333}, {"source": 63, "target": 66, "weight": 0.008097}], "multigraph": false}