{"directed": false, "graph": {}, "nodes": [{"group": 0, "id": "oscillatory"}, {"group": 1, "id": "ostentatious", "degree": 2}, {"group": 2, "id": "osmose", "degree": 1}, {"group": 3, "id": "ossified", "degree": 1}, {"group": 0, "id": "oscillation", "degree": 3}, {"group": 2, "id": "ostracize"}, {"group": 4, "id": "ostensibly", "degree": 0}, {"group": 0, "id": "oscillating", "degree": 1}, {"group": 1, "id": "ostentation"}, {"group": 1, "id": "ostensible"}, {"group": 2, "id": "ostracism", "degree": 2}, {"group": 5, "id": "osculate", "degree": 0}, {"group": 3, "id": "ossify"}, {"group": 2, "id": "osmosis", "degree": 0}, {"group": 0, "id": "oscillate"}], "links": [{"source": 0, "target": 7, "weight": 0.310345}, {"source": 0, "target": 4, "weight": 0.020833}, {"source": 1, "target": 9, "weight": 0.008621}, {"source": 1, "target": 8, "weight": 0.007519}, {"source": 2, "target": 13, "weight": 0.020833}, {"source": 3, "target": 12, "weight": 0.066667}, {"source": 4, "target": 7, "weight": 0.033333}, {"source": 4, "target": 14, "weight": 0.013889}, {"source": 5, "target": 10, "weight": 0.082353}, {"source": 10, "target": 13, "weight": 0.022727}], "multigraph": false}