{"directed": false, "graph": {}, "nodes": [{"group": 7, "id": "outfield"}, {"group": 0, "id": "outlook", "degree": 9}, {"group": 4, "id": "outpatient"}, {"group": 1, "id": "outwardly", "degree": 16}, {"group": 1, "id": "outmost"}, {"group": 1, "id": "outstanding", "degree": 23}, {"group": 2, "id": "outworn"}, {"group": 0, "id": "outset", "degree": 5}, {"group": 1, "id": "outlying", "degree": 11}, {"group": 3, "id": "outshine"}, {"group": 1, "id": "outre", "degree": 5}, {"group": 3, "id": "outstrip", "degree": 10}, {"group": 4, "id": "outcast", "degree": 8}, {"group": 1, "id": "outward"}, {"group": 5, "id": "oui", "degree": 0}, {"group": 1, "id": "out"}, {"group": 0, "id": "outpouring"}, {"group": 1, "id": "outer"}, {"group": 4, "id": "outsider", "degree": 9}, {"group": 4, "id": "ouster"}, {"group": 6, "id": "outsmart", "degree": 9}, {"group": 1, "id": "outsize"}, {"group": 6, "id": "outflank", "degree": 7}, {"group": 0, "id": "outspoken"}, {"group": 3, "id": "outclass"}, {"group": 1, "id": "outside", "degree": 23}, {"group": 7, "id": "outpost", "degree": 6}, {"group": 6, "id": "outwit", "degree": 12}, {"group": 7, "id": "ounce"}, {"group": 1, "id": "outermost"}, {"group": 6, "id": "outrage", "degree": 14}, {"group": 0, "id": "outbreak"}, {"group": 2, "id": "outmoded", "degree": 12}, {"group": 3, "id": "outrun", "degree": 15}, {"group": 0, "id": "outburst"}, {"group": 4, "id": "outlander"}, {"group": 0, "id": "outgrow"}, {"group": 0, "id": "outgoing"}, {"group": 6, "id": "outguess"}, {"group": 7, "id": "outhouse", "degree": 3}, {"group": 8, "id": "outtalk", "degree": 0}, {"group": 0, "id": "outcrop"}, {"group": 4, "id": "outlawry", "degree": 7}, {"group": 0, "id": "outage", "degree": 3}, {"group": 6, "id": "outreach"}, {"group": 6, "id": "outmaneuver"}, {"group": 4, "id": "outfit"}, {"group": 7, "id": "outback"}, {"group": 1, "id": "outlandish", "degree": 25}, {"group": 3, "id": "outfight", "degree": 18}, {"group": 4, "id": "outlawed"}, {"group": 0, "id": "outstretched", "degree": 3}, {"group": 3, "id": "outdone", "degree": 7}, {"group": 2, "id": "outdated", "degree": 15}, {"group": 4, "id": "outcry", "degree": 2}, {"group": 3, "id": "outdistance"}, {"group": 7, "id": "outskirts", "degree": 5}, {"group": 3, "id": "outweigh", "degree": 8}, {"group": 4, "id": "oust"}, {"group": 0, "id": "outright", "degree": 13}, {"group": 0, "id": "outlay", "degree": 2}, {"group": 1, "id": "outline", "degree": 29}, {"group": 0, "id": "outgrowth", "degree": 8}, {"group": 3, "id": "outperform", "degree": 11}, {"group": 4, "id": "outlaw"}, {"group": 7, "id": "outbuilding"}, {"group": 1, "id": "outrageous", "degree": 16}, {"group": 1, "id": "outrageously", "degree": 4}, {"group": 7, "id": "outrank"}, {"group": 0, "id": "outflow"}, {"group": 0, "id": "output"}, {"group": 3, "id": "outdo"}, {"group": 0, "id": "outcome"}, {"group": 1, "id": "outing"}, {"group": 0, "id": "outflowing"}, {"group": 0, "id": "outlet", "degree": 20}], "links": [{"source": 0, "target": 30, "weight": 0.005682}, {"source": 0, "target": 26, "weight": 0.013333}, {"source": 1, "target": 56, "weight": 0.007692}, {"source": 1, "target": 62, "weight": 0.007246}, {"source": 1, "target": 75, "weight": 0.011111}, {"source": 1, "target": 11, "weight": 0.009091}, {"source": 1, "target": 36, "weight": 0.010309}, {"source": 1, "target": 72, "weight": 0.012121}, {"source": 1, "target": 15, "weight": 0.003876}, {"source": 1, "target": 34, "weight": 0.00813}, {"source": 1, "target": 61, "weight": 0.013953}, {"source": 2, "target": 18, "weight": 0.016667}, {"source": 2, "target": 12, "weight": 0.015873}, {"source": 3, "target": 59, "weight": 0.009091}, {"source": 3, "target": 72, "weight": 0.01}, {"source": 3, "target": 17, "weight": 0.115385}, {"source": 3, "target": 61, "weight": 0.006623}, {"source": 3, "target": 5, "weight": 0.022901}, {"source": 3, "target": 6, "weight": 0.030303}, {"source": 3, "target": 4, "weight": 0.103448}, {"source": 3, "target": 8, "weight": 0.085714}, {"source": 3, "target": 25, "weight": 0.075949}, {"source": 3, "target": 48, "weight": 0.013889}, {"source": 3, "target": 75, "weight": 0.008696}, {"source": 3, "target": 29, "weight": 0.115385}, {"source": 3, "target": 32, "weight": 0.028571}, {"source": 3, "target": 53, "weight": 0.033333}, {"source": 3, "target": 13, "weight": 0.075}, {"source": 3, "target": 15, "weight": 0.037634}, {"source": 4, "target": 61, "weight": 0.031847}, {"source": 4, "target": 5, "weight": 0.133858}, {"source": 4, "target": 8, "weight": 0.548387}, {"source": 4, "target": 25, "weight": 0.233766}, {"source": 4, "target": 48, "weight": 0.019608}, {"source": 4, "target": 75, "weight": 0.008}, {"source": 4, "target": 32, "weight": 0.022222}, {"source": 4, "target": 53, "weight": 0.025}, {"source": 5, "target": 11, "weight": 0.00641}, {"source": 5, "target": 6, "weight": 0.006897}, {"source": 5, "target": 9, "weight": 0.006369}, {"source": 5, "target": 10, "weight": 0.013986}, {"source": 5, "target": 13, "weight": 0.139706}, {"source": 5, "target": 15, "weight": 0.062718}, {"source": 5, "target": 17, "weight": 0.137097}, {"source": 5, "target": 25, "weight": 0.100559}, {"source": 5, "target": 32, "weight": 0.006803}, {"source": 5, "target": 29, "weight": 0.137097}, {"source": 5, "target": 8, "weight": 0.12782}, {"source": 5, "target": 47, "weight": 0.006452}, {"source": 5, "target": 48, "weight": 0.070539}, {"source": 5, "target": 12, "weight": 0.00578}, {"source": 5, "target": 53, "weight": 0.007042}, {"source": 5, "target": 57, "weight": 0.006993}, {"source": 5, "target": 59, "weight": 0.032407}, {"source": 5, "target": 61, "weight": 0.019305}, {"source": 5, "target": 68, "weight": 0.007692}, {"source": 5, "target": 73, "weight": 0.006897}, {"source": 5, "target": 66, "weight": 0.02509}, {"source": 5, "target": 67, "weight": 0.007143}, {"source": 5, "target": 70, "weight": 0.006623}, {"source": 5, "target": 36, "weight": 0.006993}, {"source": 5, "target": 72, "weight": 0.004717}, {"source": 5, "target": 75, "weight": 0.004405}, {"source": 6, "target": 12, "weight": 0.027778}, {"source": 6, "target": 8, "weight": 0.020408}, {"source": 6, "target": 66, "weight": 0.005405}, {"source": 6, "target": 25, "weight": 0.021053}, {"source": 6, "target": 48, "weight": 0.006369}, {"source": 6, "target": 75, "weight": 0.007874}, {"source": 6, "target": 32, "weight": 0.777778}, {"source": 6, "target": 53, "weight": 0.72}, {"source": 7, "target": 61, "weight": 0.00625}, {"source": 7, "target": 62, "weight": 0.025}, {"source": 7, "target": 75, "weight": 0.008065}, {"source": 7, "target": 31, "weight": 0.245614}, {"source": 7, "target": 72, "weight": 0.028037}, {"source": 7, "target": 34, "weight": 0.015152}, {"source": 7, "target": 15, "weight": 0.004975}, {"source": 8, "target": 72, "weight": 0.008621}, {"source": 8, "target": 17, "weight": 0.607143}, {"source": 8, "target": 61, "weight": 0.030675}, {"source": 8, "target": 73, "weight": 0.020408}, {"source": 8, "target": 25, "weight": 0.278481}, {"source": 8, "target": 48, "weight": 0.045161}, {"source": 8, "target": 75, "weight": 0.007634}, {"source": 8, "target": 29, "weight": 0.607143}, {"source": 8, "target": 32, "weight": 0.019608}, {"source": 8, "target": 53, "weight": 0.021739}, {"source": 8, "target": 13, "weight": 0.552632}, {"source": 8, "target": 15, "weight": 0.088542}, {"source": 9, "target": 57, "weight": 0.12}, {"source": 9, "target": 61, "weight": 0.011494}, {"source": 9, "target": 63, "weight": 0.25}, {"source": 9, "target": 22, "weight": 0.065217}, {"source": 9, "target": 20, "weight": 0.060606}, {"source": 9, "target": 25, "weight": 0.018692}, {"source": 9, "target": 49, "weight": 0.638889}, {"source": 9, "target": 66, "weight": 0.005076}, {"source": 9, "target": 27, "weight": 0.130435}, {"source": 9, "target": 11, "weight": 0.301887}, {"source": 9, "target": 30, "weight": 0.005848}, {"source": 9, "target": 52, "weight": 0.016667}, {"source": 9, "target": 33, "weight": 0.707317}, {"source": 10, "target": 21, "weight": 0.017241}, {"source": 10, "target": 25, "weight": 0.021277}, {"source": 10, "target": 66, "weight": 0.10119}, {"source": 10, "target": 47, "weight": 0.018519}, {"source": 10, "target": 48, "weight": 0.075342}, {"source": 10, "target": 15, "weight": 0.02}, {"source": 11, "target": 20, "weight": 0.045455}, {"source": 11, "target": 22, "weight": 0.066667}, {"source": 11, "target": 24, "weight": 0.207547}, {"source": 11, "target": 27, "weight": 0.132353}, {"source": 11, "target": 25, "weight": 0.009346}, {"source": 11, "target": 33, "weight": 0.277778}, {"source": 11, "target": 36, "weight": 0.018519}, {"source": 11, "target": 41, "weight": 0.021277}, {"source": 11, "target": 38, "weight": 0.066667}, {"source": 11, "target": 44, "weight": 0.123288}, {"source": 11, "target": 49, "weight": 0.137255}, {"source": 11, "target": 45, "weight": 0.129412}, {"source": 11, "target": 52, "weight": 0.016949}, {"source": 11, "target": 26, "weight": 0.014493}, {"source": 11, "target": 55, "weight": 0.054054}, {"source": 11, "target": 57, "weight": 0.170213}, {"source": 11, "target": 61, "weight": 0.011561}, {"source": 11, "target": 63, "weight": 0.257143}, {"source": 11, "target": 39, "weight": 0.016129}, {"source": 11, "target": 68, "weight": 0.076923}, {"source": 11, "target": 71, "weight": 0.296296}, {"source": 11, "target": 75, "weight": 0.007246}, {"source": 12, "target": 42, "weight": 0.012658}, {"source": 12, "target": 18, "weight": 0.269231}, {"source": 12, "target": 64, "weight": 0.072848}, {"source": 12, "target": 35, "weight": 0.089286}, {"source": 12, "target": 46, "weight": 0.005618}, {"source": 12, "target": 66, "weight": 0.004695}, {"source": 12, "target": 25, "weight": 0.008065}, {"source": 12, "target": 48, "weight": 0.01087}, {"source": 12, "target": 50, "weight": 0.024096}, {"source": 12, "target": 32, "weight": 0.027027}, {"source": 12, "target": 53, "weight": 0.028986}, {"source": 12, "target": 15, "weight": 0.013043}, {"source": 13, "target": 61, "weight": 0.029762}, {"source": 13, "target": 67, "weight": 0.020408}, {"source": 13, "target": 25, "weight": 0.277108}, {"source": 13, "target": 48, "weight": 0.030864}, {"source": 13, "target": 75, "weight": 0.007353}, {"source": 13, "target": 32, "weight": 0.017857}, {"source": 13, "target": 53, "weight": 0.019608}, {"source": 15, "target": 57, "weight": 0.00495}, {"source": 15, "target": 66, "weight": 0.01173}, {"source": 15, "target": 52, "weight": 0.004831}, {"source": 15, "target": 61, "weight": 0.015723}, {"source": 15, "target": 62, "weight": 0.004115}, {"source": 15, "target": 25, "weight": 0.117904}, {"source": 15, "target": 48, "weight": 0.060201}, {"source": 15, "target": 59, "weight": 0.003559}, {"source": 15, "target": 30, "weight": 0.006309}, {"source": 15, "target": 32, "weight": 0.112903}, {"source": 15, "target": 53, "weight": 0.097826}, {"source": 15, "target": 75, "weight": 0.091255}, {"source": 15, "target": 18, "weight": 0.008772}, {"source": 16, "target": 25, "weight": 0.008197}, {"source": 16, "target": 60, "weight": 0.015873}, {"source": 16, "target": 75, "weight": 0.006536}, {"source": 17, "target": 61, "weight": 0.032468}, {"source": 17, "target": 25, "weight": 0.226667}, {"source": 17, "target": 48, "weight": 0.02}, {"source": 17, "target": 75, "weight": 0.008197}, {"source": 17, "target": 32, "weight": 0.02381}, {"source": 17, "target": 53, "weight": 0.027027}, {"source": 18, "target": 42, "weight": 0.013158}, {"source": 18, "target": 61, "weight": 0.005319}, {"source": 18, "target": 35, "weight": 0.183673}, {"source": 18, "target": 64, "weight": 0.074324}, {"source": 18, "target": 46, "weight": 0.005714}, {"source": 18, "target": 25, "weight": 0.016667}, {"source": 18, "target": 48, "weight": 0.022346}, {"source": 18, "target": 50, "weight": 0.012346}, {"source": 19, "target": 42, "weight": 0.085714}, {"source": 20, "target": 23, "weight": 0.010526}, {"source": 20, "target": 63, "weight": 0.071429}, {"source": 20, "target": 22, "weight": 0.361111}, {"source": 20, "target": 38, "weight": 0.361111}, {"source": 20, "target": 24, "weight": 0.065574}, {"source": 20, "target": 44, "weight": 0.693878}, {"source": 20, "target": 49, "weight": 0.035088}, {"source": 20, "target": 27, "weight": 0.733333}, {"source": 20, "target": 45, "weight": 0.539683}, {"source": 20, "target": 30, "weight": 0.005848}, {"source": 20, "target": 71, "weight": 0.059701}, {"source": 20, "target": 33, "weight": 0.060606}, {"source": 21, "target": 66, "weight": 0.036269}, {"source": 21, "target": 57, "weight": 0.017544}, {"source": 21, "target": 48, "weight": 0.011765}, {"source": 22, "target": 63, "weight": 0.142857}, {"source": 22, "target": 38, "weight": 0.866667}, {"source": 22, "target": 24, "weight": 0.073171}, {"source": 22, "target": 44, "weight": 0.265306}, {"source": 22, "target": 49, "weight": 0.027027}, {"source": 22, "target": 27, "weight": 0.295455}, {"source": 22, "target": 45, "weight": 0.206349}, {"source": 22, "target": 71, "weight": 0.06383}, {"source": 22, "target": 33, "weight": 0.065217}, {"source": 23, "target": 59, "weight": 0.073333}, {"source": 23, "target": 51, "weight": 0.014925}, {"source": 23, "target": 27, "weight": 0.009709}, {"source": 23, "target": 66, "weight": 0.004484}, {"source": 23, "target": 25, "weight": 0.007463}, {"source": 24, "target": 57, "weight": 0.02}, {"source": 24, "target": 61, "weight": 0.005882}, {"source": 24, "target": 63, "weight": 0.290323}, {"source": 24, "target": 25, "weight": 0.009709}, {"source": 24, "target": 49, "weight": 0.741935}, {"source": 24, "target": 66, "weight": 0.005208}, {"source": 24, "target": 27, "weight": 0.140625}, {"source": 24, "target": 30, "weight": 0.006024}, {"source": 24, "target": 52, "weight": 0.018182}, {"source": 24, "target": 33, "weight": 0.805556}, {"source": 25, "target": 35, "weight": 0.02439}, {"source": 25, "target": 51, "weight": 0.0125}, {"source": 25, "target": 30, "weight": 0.004762}, {"source": 25, "target": 32, "weight": 0.010204}, {"source": 25, "target": 33, "weight": 0.009259}, {"source": 25, "target": 37, "weight": 0.009434}, {"source": 25, "target": 29, "weight": 0.226667}, {"source": 25, "target": 49, "weight": 0.010309}, {"source": 25, "target": 48, "weight": 0.082902}, {"source": 25, "target": 45, "weight": 0.007407}, {"source": 25, "target": 53, "weight": 0.010753}, {"source": 25, "target": 26, "weight": 0.018519}, {"source": 25, "target": 56, "weight": 0.024}, {"source": 25, "target": 57, "weight": 0.010638}, {"source": 25, "target": 59, "weight": 0.00578}, {"source": 25, "target": 61, "weight": 0.11399}, {"source": 25, "target": 68, "weight": 0.012346}, {"source": 25, "target": 64, "weight": 0.010929}, {"source": 25, "target": 67, "weight": 0.010989}, {"source": 25, "target": 71, "weight": 0.018519}, {"source": 25, "target": 72, "weight": 0.006135}, {"source": 25, "target": 73, "weight": 0.010417}, {"source": 25, "target": 75, "weight": 0.005618}, {"source": 26, "target": 61, "weight": 0.017241}, {"source": 26, "target": 68, "weight": 0.023256}, {"source": 26, "target": 48, "weight": 0.005882}, {"source": 26, "target": 46, "weight": 0.006135}, {"source": 26, "target": 47, "weight": 0.232143}, {"source": 26, "target": 28, "weight": 0.0125}, {"source": 26, "target": 56, "weight": 0.097561}, {"source": 27, "target": 63, "weight": 0.204545}, {"source": 27, "target": 38, "weight": 0.295455}, {"source": 27, "target": 44, "weight": 0.82}, {"source": 27, "target": 45, "weight": 0.640625}, {"source": 27, "target": 49, "weight": 0.080645}, {"source": 27, "target": 30, "weight": 0.005587}, {"source": 27, "target": 71, "weight": 0.128571}, {"source": 27, "target": 33, "weight": 0.130435}, {"source": 28, "target": 61, "weight": 0.005405}, {"source": 29, "target": 61, "weight": 0.032468}, {"source": 29, "target": 48, "weight": 0.02}, {"source": 29, "target": 75, "weight": 0.008197}, {"source": 29, "target": 32, "weight": 0.02381}, {"source": 29, "target": 53, "weight": 0.027027}, {"source": 30, "target": 73, "weight": 0.006289}, {"source": 30, "target": 61, "weight": 0.00361}, {"source": 30, "target": 64, "weight": 0.004049}, {"source": 30, "target": 43, "weight": 0.006579}, {"source": 30, "target": 44, "weight": 0.005435}, {"source": 30, "target": 49, "weight": 0.00625}, {"source": 30, "target": 66, "weight": 0.003344}, {"source": 30, "target": 48, "weight": 0.00369}, {"source": 30, "target": 45, "weight": 0.010152}, {"source": 30, "target": 71, "weight": 0.005814}, {"source": 30, "target": 33, "weight": 0.005848}, {"source": 30, "target": 75, "weight": 0.004149}, {"source": 31, "target": 62, "weight": 0.018018}, {"source": 31, "target": 61, "weight": 0.005236}, {"source": 31, "target": 75, "weight": 0.006452}, {"source": 32, "target": 66, "weight": 0.005348}, {"source": 32, "target": 48, "weight": 0.006289}, {"source": 32, "target": 70, "weight": 0.018868}, {"source": 32, "target": 72, "weight": 0.008772}, {"source": 32, "target": 53, "weight": 0.730769}, {"source": 32, "target": 75, "weight": 0.007752}, {"source": 33, "target": 57, "weight": 0.018182}, {"source": 33, "target": 61, "weight": 0.005714}, {"source": 33, "target": 63, "weight": 0.25}, {"source": 33, "target": 38, "weight": 0.065217}, {"source": 33, "target": 44, "weight": 0.136986}, {"source": 33, "target": 49, "weight": 0.638889}, {"source": 33, "target": 66, "weight": 0.005076}, {"source": 33, "target": 45, "weight": 0.426471}, {"source": 33, "target": 75, "weight": 0.007194}, {"source": 33, "target": 52, "weight": 0.016667}, {"source": 33, "target": 71, "weight": 0.690476}, {"source": 33, "target": 55, "weight": 0.052632}, {"source": 34, "target": 42, "weight": 0.013333}, {"source": 34, "target": 75, "weight": 0.013333}, {"source": 35, "target": 48, "weight": 0.013986}, {"source": 35, "target": 42, "weight": 0.026316}, {"source": 37, "target": 59, "weight": 0.031008}, {"source": 37, "target": 51, "weight": 0.025641}, {"source": 37, "target": 62, "weight": 0.010638}, {"source": 37, "target": 66, "weight": 0.005128}, {"source": 37, "target": 75, "weight": 0.014706}, {"source": 38, "target": 63, "weight": 0.142857}, {"source": 38, "target": 49, "weight": 0.027027}, {"source": 39, "target": 68, "weight": 0.027778}, {"source": 39, "target": 61, "weight": 0.005917}, {"source": 39, "target": 65, "weight": 0.4}, {"source": 41, "target": 62, "weight": 0.013333}, {"source": 41, "target": 75, "weight": 0.008475}, {"source": 42, "target": 58, "weight": 0.028986}, {"source": 42, "target": 64, "weight": 0.014493}, {"source": 42, "target": 46, "weight": 0.00641}, {"source": 42, "target": 47, "weight": 0.016393}, {"source": 42, "target": 75, "weight": 0.007519}, {"source": 43, "target": 58, "weight": 0.017544}, {"source": 43, "target": 75, "weight": 0.043103}, {"source": 44, "target": 63, "weight": 0.183673}, {"source": 44, "target": 49, "weight": 0.090909}, {"source": 45, "target": 57, "weight": 0.012195}, {"source": 45, "target": 61, "weight": 0.00495}, {"source": 45, "target": 63, "weight": 0.142857}, {"source": 45, "target": 49, "weight": 0.365079}, {"source": 45, "target": 66, "weight": 0.004464}, {"source": 45, "target": 52, "weight": 0.011494}, {"source": 46, "target": 59, "weight": 0.004405}, {"source": 46, "target": 56, "weight": 0.005525}, {"source": 46, "target": 66, "weight": 0.003448}, {"source": 46, "target": 54, "weight": 0.00565}, {"source": 46, "target": 61, "weight": 0.003731}, {"source": 47, "target": 59, "weight": 0.007576}, {"source": 47, "target": 56, "weight": 0.074074}, {"source": 47, "target": 66, "weight": 0.005128}, {"source": 47, "target": 48, "weight": 0.018182}, {"source": 47, "target": 75, "weight": 0.007299}, {"source": 48, "target": 53, "weight": 0.006494}, {"source": 48, "target": 56, "weight": 0.005319}, {"source": 48, "target": 59, "weight": 0.004274}, {"source": 48, "target": 61, "weight": 0.003636}, {"source": 48, "target": 64, "weight": 0.008197}, {"source": 48, "target": 66, "weight": 0.049296}, {"source": 48, "target": 70, "weight": 0.006135}, {"source": 48, "target": 72, "weight": 0.004464}, {"source": 48, "target": 75, "weight": 0.004184}, {"source": 49, "target": 57, "weight": 0.022727}, {"source": 49, "target": 61, "weight": 0.006098}, {"source": 49, "target": 63, "weight": 0.172414}, {"source": 49, "target": 66, "weight": 0.005376}, {"source": 49, "target": 71, "weight": 0.621622}, {"source": 49, "target": 52, "weight": 0.020408}, {"source": 50, "target": 66, "weight": 0.005102}, {"source": 52, "target": 57, "weight": 0.021739}, {"source": 52, "target": 59, "weight": 0.008}, {"source": 52, "target": 71, "weight": 0.016393}, {"source": 53, "target": 72, "weight": 0.009174}, {"source": 53, "target": 66, "weight": 0.005495}, {"source": 53, "target": 75, "weight": 0.008065}, {"source": 54, "target": 66, "weight": 0.004717}, {"source": 55, "target": 57, "weight": 0.083333}, {"source": 55, "target": 75, "weight": 0.018519}, {"source": 56, "target": 61, "weight": 0.020942}, {"source": 56, "target": 73, "weight": 0.013158}, {"source": 57, "target": 59, "weight": 0.008333}, {"source": 57, "target": 61, "weight": 0.006211}, {"source": 57, "target": 75, "weight": 0.008}, {"source": 57, "target": 71, "weight": 0.14}, {"source": 58, "target": 75, "weight": 0.006849}, {"source": 59, "target": 61, "weight": 0.004167}, {"source": 59, "target": 68, "weight": 0.009346}, {"source": 59, "target": 64, "weight": 0.004762}, {"source": 59, "target": 66, "weight": 0.027344}, {"source": 59, "target": 75, "weight": 0.004902}, {"source": 59, "target": 70, "weight": 0.007813}, {"source": 60, "target": 74, "weight": 0.038462}, {"source": 61, "target": 68, "weight": 0.013605}, {"source": 61, "target": 64, "weight": 0.003984}, {"source": 61, "target": 66, "weight": 0.0033}, {"source": 61, "target": 71, "weight": 0.011429}, {"source": 62, "target": 75, "weight": 0.012121}, {"source": 62, "target": 70, "weight": 0.045977}, {"source": 62, "target": 72, "weight": 0.381818}, {"source": 63, "target": 71, "weight": 0.243243}, {"source": 64, "target": 66, "weight": 0.003663}, {"source": 66, "target": 71, "weight": 0.005051}, {"source": 66, "target": 68, "weight": 0.005882}, {"source": 66, "target": 67, "weight": 0.005556}, {"source": 66, "target": 70, "weight": 0.005236}, {"source": 69, "target": 75, "weight": 0.013986}, {"source": 72, "target": 75, "weight": 0.147059}, {"source": 74, "target": 75, "weight": 0.008621}], "multigraph": false}