{"directed": false, "graph": {}, "nodes": [{"group": 0, "id": "ovule"}, {"group": 1, "id": "overpriced"}, {"group": 1, "id": "overnice"}, {"group": 1, "id": "over"}, {"group": 2, "id": "overemphasis"}, {"group": 3, "id": "ovarian", "degree": 0}, {"group": 2, "id": "overburden", "degree": 30}, {"group": 4, "id": "overlap"}, {"group": 5, "id": "oven", "degree": 0}, {"group": 1, "id": "overconfident"}, {"group": 6, "id": "overwhelmed"}, {"group": 7, "id": "overfed", "degree": 16}, {"group": 6, "id": "overturn"}, {"group": 4, "id": "overhaul"}, {"group": 2, "id": "overvalue"}, {"group": 8, "id": "overanxious"}, {"group": 4, "id": "overage"}, {"group": 2, "id": "overemphasize"}, {"group": 6, "id": "overthrow", "degree": 37}, {"group": 6, "id": "override"}, {"group": 4, "id": "oversight", "degree": 20}, {"group": 6, "id": "overcome", "degree": 26}, {"group": 9, "id": "overruling"}, {"group": 4, "id": "overgrowth"}, {"group": 4, "id": "overplus", "degree": 25}, {"group": 2, "id": "overstrain", "degree": 41}, {"group": 1, "id": "overelaborate", "degree": 19}, {"group": 6, "id": "overpowered", "degree": 19}, {"group": 1, "id": "overall", "degree": 2}, {"group": 1, "id": "overdone", "degree": 27}, {"group": 1, "id": "overindulgent", "degree": 23}, {"group": 6, "id": "overmaster", "degree": 22}, {"group": 9, "id": "overpowering", "degree": 8}, {"group": 2, "id": "oversell", "degree": 31}, {"group": 6, "id": "overthrown"}, {"group": 9, "id": "overcritical"}, {"group": 9, "id": "overbearing"}, {"group": 8, "id": "overenthusiastic", "degree": 19}, {"group": 7, "id": "overstuffed"}, {"group": 1, "id": "overworked", "degree": 19}, {"group": 9, "id": "overacted", "degree": 11}, {"group": 7, "id": "overflowing"}, {"group": 6, "id": "ovation", "degree": 2}, {"group": 7, "id": "overfull"}, {"group": 4, "id": "overtone"}, {"group": 1, "id": "overdrawn", "degree": 17}, {"group": 6, "id": "overmatched"}, {"group": 6, "id": "overwhelm", "degree": 49}, {"group": 2, "id": "overexercise"}, {"group": 8, "id": "overheated", "degree": 3}, {"group": 7, "id": "overburdened", "degree": 15}, {"group": 4, "id": "overlie", "degree": 15}, {"group": 9, "id": "overrefined"}, {"group": 1, "id": "overexuberant", "degree": 12}, {"group": 4, "id": "overcompensation"}, {"group": 4, "id": "overlay"}, {"group": 1, "id": "overly"}, {"group": 2, "id": "overload"}, {"group": 2, "id": "overprice", "degree": 19}, {"group": 1, "id": "overgrown"}, {"group": 4, "id": "overrule"}, {"group": 4, "id": "overcrossing", "degree": 10}, {"group": 4, "id": "overlord"}, {"group": 2, "id": "overcharge", "degree": 31}, {"group": 1, "id": "overestimated"}, {"group": 6, "id": "overawe"}, {"group": 1, "id": "overabundant"}, {"group": 4, "id": "overtake", "degree": 14}, {"group": 4, "id": "oversee", "degree": 7}, {"group": 9, "id": "overriding", "degree": 8}, {"group": 1, "id": "oversold", "degree": 15}, {"group": 10, "id": "overconfidence", "degree": 0}, {"group": 1, "id": "overweening", "degree": 31}, {"group": 4, "id": "overseer", "degree": 5}, {"group": 4, "id": "overset"}, {"group": 4, "id": "overabundance", "degree": 26}, {"group": 4, "id": "overspread", "degree": 43}, {"group": 4, "id": "overview", "degree": 4}, {"group": 4, "id": "overshoot"}, {"group": 4, "id": "overgrow"}, {"group": 4, "id": "overkill"}, {"group": 2, "id": "overdo", "degree": 26}, {"group": 1, "id": "overripe", "degree": 17}, {"group": 0, "id": "oval"}, {"group": 1, "id": "overlarge", "degree": 47}, {"group": 2, "id": "overestimate"}, {"group": 6, "id": "overtime"}, {"group": 6, "id": "overdraft", "degree": 3}, {"group": 4, "id": "overlook"}, {"group": 4, "id": "overshadow", "degree": 17}, {"group": 7, "id": "overblown", "degree": 25}, {"group": 6, "id": "overpower"}, {"group": 4, "id": "overclouded"}, {"group": 1, "id": "overhead"}, {"group": 2, "id": "overact"}, {"group": 8, "id": "overreligious"}, {"group": 2, "id": "overprint", "degree": 4}, {"group": 4, "id": "overhang", "degree": 19}, {"group": 4, "id": "oversupply", "degree": 29}, {"group": 2, "id": "overdraw"}, {"group": 1, "id": "overjoyed"}, {"group": 2, "id": "overexpansion"}, {"group": 2, "id": "overtax"}, {"group": 4, "id": "overture", "degree": 2}, {"group": 1, "id": "ovine", "degree": 0}, {"group": 2, "id": "overdrive", "degree": 39}, {"group": 4, "id": "overrunning", "degree": 21}, {"group": 4, "id": "overdose"}, {"group": 4, "id": "overflow", "degree": 45}, {"group": 9, "id": "overwhelming"}, {"group": 4, "id": "overrun"}, {"group": 2, "id": "overplay"}, {"group": 7, "id": "overloaded", "degree": 19}, {"group": 2, "id": "overtire", "degree": 20}, {"group": 0, "id": "ovoid", "degree": 2}, {"group": 2, "id": "overindulge", "degree": 31}, {"group": 1, "id": "overwrought"}, {"group": 4, "id": "overpass", "degree": 47}, {"group": 2, "id": "overfill"}, {"group": 4, "id": "overhanging", "degree": 6}, {"group": 2, "id": "overextend", "degree": 28}, {"group": 2, "id": "overexert"}, {"group": 6, "id": "overlooked", "degree": 9}, {"group": 2, "id": "overstate"}, {"group": 8, "id": "overzealous", "degree": 20}, {"group": 2, "id": "overspend"}, {"group": 1, "id": "overstated", "degree": 24}, {"group": 4, "id": "oversimplification"}, {"group": 2, "id": "overextension", "degree": 17}, {"group": 9, "id": "overconscientious"}, {"group": 1, "id": "overdeveloped", "degree": 31}, {"group": 4, "id": "overstep", "degree": 31}, {"group": 4, "id": "overpopulation", "degree": 17}, {"group": 2, "id": "overweight", "degree": 58}, {"group": 9, "id": "overplayed", "degree": 6}, {"group": 2, "id": "overreact", "degree": 39}, {"group": 2, "id": "overreach"}, {"group": 4, "id": "overt", "degree": 4}, {"group": 9, "id": "oversensitive", "degree": 6}, {"group": 1, "id": "overmuch", "degree": 56}, {"group": 4, "id": "overcast", "degree": 13}, {"group": 2, "id": "overwork"}, {"group": 11, "id": "overseas", "degree": 0}, {"group": 7, "id": "overdue"}, {"group": 8, "id": "overeager"}], "links": [{"source": 0, "target": 114, "weight": 0.117647}, {"source": 1, "target": 126, "weight": 0.102564}, {"source": 1, "target": 45, "weight": 0.102564}, {"source": 1, "target": 37, "weight": 0.051724}, {"source": 1, "target": 139, "weight": 0.116279}, {"source": 1, "target": 112, "weight": 0.014085}, {"source": 1, "target": 70, "weight": 0.102564}, {"source": 1, "target": 124, "weight": 0.037037}, {"source": 1, "target": 130, "weight": 0.185185}, {"source": 1, "target": 39, "weight": 0.021739}, {"source": 1, "target": 30, "weight": 0.060606}, {"source": 1, "target": 72, "weight": 0.106383}, {"source": 1, "target": 29, "weight": 0.05}, {"source": 1, "target": 26, "weight": 0.012821}, {"source": 1, "target": 84, "weight": 0.163934}, {"source": 2, "target": 26, "weight": 0.164384}, {"source": 2, "target": 138, "weight": 0.125}, {"source": 2, "target": 29, "weight": 0.084337}, {"source": 2, "target": 39, "weight": 0.081633}, {"source": 2, "target": 40, "weight": 0.106383}, {"source": 2, "target": 63, "weight": 0.009901}, {"source": 3, "target": 117, "weight": 0.008811}, {"source": 3, "target": 75, "weight": 0.012987}, {"source": 3, "target": 119, "weight": 0.012658}, {"source": 3, "target": 122, "weight": 0.00625}, {"source": 3, "target": 50, "weight": 0.005952}, {"source": 3, "target": 82, "weight": 0.006173}, {"source": 3, "target": 84, "weight": 0.010989}, {"source": 3, "target": 11, "weight": 0.005917}, {"source": 3, "target": 53, "weight": 0.007092}, {"source": 3, "target": 89, "weight": 0.005988}, {"source": 3, "target": 90, "weight": 0.005848}, {"source": 3, "target": 130, "weight": 0.011429}, {"source": 3, "target": 18, "weight": 0.005848}, {"source": 3, "target": 21, "weight": 0.013699}, {"source": 3, "target": 98, "weight": 0.02994}, {"source": 3, "target": 24, "weight": 0.039216}, {"source": 3, "target": 27, "weight": 0.006289}, {"source": 3, "target": 28, "weight": 0.013245}, {"source": 3, "target": 73, "weight": 0.006536}, {"source": 3, "target": 133, "weight": 0.004292}, {"source": 3, "target": 29, "weight": 0.005102}, {"source": 3, "target": 31, "weight": 0.005682}, {"source": 3, "target": 105, "weight": 0.006024}, {"source": 3, "target": 108, "weight": 0.008889}, {"source": 3, "target": 69, "weight": 0.012903}, {"source": 3, "target": 139, "weight": 0.060914}, {"source": 3, "target": 112, "weight": 0.005435}, {"source": 3, "target": 72, "weight": 0.014019}, {"source": 3, "target": 42, "weight": 0.006135}, {"source": 4, "target": 117, "weight": 0.008197}, {"source": 4, "target": 45, "weight": 0.041667}, {"source": 4, "target": 75, "weight": 0.06383}, {"source": 4, "target": 120, "weight": 0.047619}, {"source": 4, "target": 124, "weight": 0.011111}, {"source": 4, "target": 81, "weight": 0.096154}, {"source": 4, "target": 84, "weight": 0.026316}, {"source": 4, "target": 126, "weight": 0.041667}, {"source": 4, "target": 128, "weight": 0.073171}, {"source": 4, "target": 130, "weight": 0.014286}, {"source": 4, "target": 132, "weight": 0.04878}, {"source": 4, "target": 98, "weight": 0.03125}, {"source": 4, "target": 24, "weight": 0.039216}, {"source": 4, "target": 25, "weight": 0.042857}, {"source": 4, "target": 133, "weight": 0.007874}, {"source": 4, "target": 135, "weight": 0.096154}, {"source": 4, "target": 30, "weight": 0.013158}, {"source": 4, "target": 105, "weight": 0.033898}, {"source": 4, "target": 63, "weight": 0.040404}, {"source": 4, "target": 29, "weight": 0.022472}, {"source": 4, "target": 33, "weight": 0.08}, {"source": 4, "target": 6, "weight": 0.017544}, {"source": 4, "target": 108, "weight": 0.025424}, {"source": 4, "target": 37, "weight": 0.014925}, {"source": 4, "target": 139, "weight": 0.061856}, {"source": 4, "target": 70, "weight": 0.041667}, {"source": 4, "target": 72, "weight": 0.009091}, {"source": 4, "target": 115, "weight": 0.025}, {"source": 6, "target": 48, "weight": 0.022727}, {"source": 6, "target": 81, "weight": 0.033898}, {"source": 6, "target": 118, "weight": 0.489362}, {"source": 6, "target": 75, "weight": 0.018868}, {"source": 6, "target": 47, "weight": 0.013072}, {"source": 6, "target": 121, "weight": 0.036364}, {"source": 6, "target": 123, "weight": 0.012658}, {"source": 6, "target": 80, "weight": 0.024691}, {"source": 6, "target": 31, "weight": 0.013514}, {"source": 6, "target": 125, "weight": 0.021739}, {"source": 6, "target": 84, "weight": 0.012346}, {"source": 6, "target": 11, "weight": 0.014925}, {"source": 6, "target": 85, "weight": 0.019231}, {"source": 6, "target": 55, "weight": 0.027397}, {"source": 6, "target": 57, "weight": 0.483871}, {"source": 6, "target": 130, "weight": 0.013514}, {"source": 6, "target": 58, "weight": 0.093023}, {"source": 6, "target": 120, "weight": 0.043478}, {"source": 6, "target": 59, "weight": 0.008772}, {"source": 6, "target": 17, "weight": 0.017241}, {"source": 6, "target": 94, "weight": 0.016129}, {"source": 6, "target": 19, "weight": 0.009009}, {"source": 6, "target": 20, "weight": 0.009434}, {"source": 6, "target": 23, "weight": 0.018182}, {"source": 6, "target": 24, "weight": 0.017857}, {"source": 6, "target": 25, "weight": 0.026667}, {"source": 6, "target": 99, "weight": 0.013333}, {"source": 6, "target": 133, "weight": 0.294118}, {"source": 6, "target": 135, "weight": 0.033898}, {"source": 6, "target": 136, "weight": 0.01}, {"source": 6, "target": 105, "weight": 0.065574}, {"source": 6, "target": 63, "weight": 0.244186}, {"source": 6, "target": 102, "weight": 0.197368}, {"source": 6, "target": 33, "weight": 0.017544}, {"source": 6, "target": 107, "weight": 0.109756}, {"source": 6, "target": 108, "weight": 0.05042}, {"source": 6, "target": 110, "weight": 0.006061}, {"source": 6, "target": 91, "weight": 0.018868}, {"source": 6, "target": 65, "weight": 0.016667}, {"source": 6, "target": 111, "weight": 0.017857}, {"source": 6, "target": 139, "weight": 0.009434}, {"source": 6, "target": 141, "weight": 0.072727}, {"source": 6, "target": 115, "weight": 0.022727}, {"source": 7, "target": 76, "weight": 0.006452}, {"source": 7, "target": 98, "weight": 0.016129}, {"source": 7, "target": 67, "weight": 0.009174}, {"source": 7, "target": 24, "weight": 0.018018}, {"source": 7, "target": 75, "weight": 0.028037}, {"source": 7, "target": 117, "weight": 0.016667}, {"source": 7, "target": 139, "weight": 0.012422}, {"source": 7, "target": 140, "weight": 0.006667}, {"source": 7, "target": 89, "weight": 0.016667}, {"source": 7, "target": 90, "weight": 0.008}, {"source": 7, "target": 61, "weight": 0.03125}, {"source": 7, "target": 31, "weight": 0.007692}, {"source": 7, "target": 51, "weight": 0.101124}, {"source": 7, "target": 63, "weight": 0.006173}, {"source": 7, "target": 119, "weight": 0.00885}, {"source": 7, "target": 132, "weight": 0.019802}, {"source": 7, "target": 108, "weight": 0.022599}, {"source": 7, "target": 133, "weight": 0.010753}, {"source": 7, "target": 97, "weight": 0.080357}, {"source": 9, "target": 26, "weight": 0.010989}, {"source": 9, "target": 139, "weight": 0.009259}, {"source": 9, "target": 29, "weight": 0.010417}, {"source": 9, "target": 130, "weight": 0.013158}, {"source": 9, "target": 72, "weight": 0.360465}, {"source": 9, "target": 84, "weight": 0.012048}, {"source": 10, "target": 126, "weight": 0.010526}, {"source": 10, "target": 25, "weight": 0.008475}, {"source": 10, "target": 26, "weight": 0.007634}, {"source": 10, "target": 27, "weight": 0.351351}, {"source": 10, "target": 117, "weight": 0.005952}, {"source": 10, "target": 47, "weight": 0.015464}, {"source": 10, "target": 113, "weight": 0.010989}, {"source": 10, "target": 122, "weight": 0.01}, {"source": 10, "target": 70, "weight": 0.010526}, {"source": 10, "target": 29, "weight": 0.007353}, {"source": 10, "target": 39, "weight": 0.010101}, {"source": 10, "target": 31, "weight": 0.017391}, {"source": 10, "target": 45, "weight": 0.010526}, {"source": 10, "target": 21, "weight": 0.236641}, {"source": 10, "target": 18, "weight": 0.007092}, {"source": 10, "target": 84, "weight": 0.00813}, {"source": 11, "target": 76, "weight": 0.009524}, {"source": 11, "target": 45, "weight": 0.016949}, {"source": 11, "target": 118, "weight": 0.013333}, {"source": 11, "target": 56, "weight": 0.021277}, {"source": 11, "target": 50, "weight": 0.489796}, {"source": 11, "target": 82, "weight": 0.015152}, {"source": 11, "target": 84, "weight": 0.047619}, {"source": 11, "target": 126, "weight": 0.016949}, {"source": 11, "target": 90, "weight": 0.461538}, {"source": 11, "target": 57, "weight": 0.010309}, {"source": 11, "target": 130, "weight": 0.051948}, {"source": 11, "target": 59, "weight": 0.034188}, {"source": 11, "target": 38, "weight": 0.688889}, {"source": 11, "target": 116, "weight": 0.008696}, {"source": 11, "target": 23, "weight": 0.033333}, {"source": 11, "target": 133, "weight": 0.061538}, {"source": 11, "target": 29, "weight": 0.01}, {"source": 11, "target": 63, "weight": 0.008929}, {"source": 11, "target": 102, "weight": 0.010417}, {"source": 11, "target": 108, "weight": 0.007692}, {"source": 11, "target": 64, "weight": 0.016949}, {"source": 11, "target": 110, "weight": 0.005848}, {"source": 11, "target": 66, "weight": 0.021739}, {"source": 11, "target": 139, "weight": 0.036697}, {"source": 11, "target": 112, "weight": 0.369231}, {"source": 11, "target": 70, "weight": 0.016949}, {"source": 11, "target": 72, "weight": 0.025424}, {"source": 11, "target": 41, "weight": 0.260417}, {"source": 11, "target": 43, "weight": 0.574074}, {"source": 11, "target": 143, "weight": 0.013889}, {"source": 12, "target": 76, "weight": 0.006369}, {"source": 12, "target": 24, "weight": 0.008772}, {"source": 12, "target": 25, "weight": 0.007463}, {"source": 12, "target": 27, "weight": 0.017544}, {"source": 12, "target": 117, "weight": 0.005435}, {"source": 12, "target": 47, "weight": 0.157609}, {"source": 12, "target": 113, "weight": 0.009346}, {"source": 12, "target": 87, "weight": 0.03125}, {"source": 12, "target": 89, "weight": 0.00813}, {"source": 12, "target": 31, "weight": 0.099174}, {"source": 12, "target": 21, "weight": 0.078788}, {"source": 12, "target": 33, "weight": 0.008696}, {"source": 12, "target": 18, "weight": 0.376147}, {"source": 12, "target": 106, "weight": 0.018868}, {"source": 12, "target": 108, "weight": 0.016667}, {"source": 12, "target": 20, "weight": 0.01227}, {"source": 12, "target": 98, "weight": 0.015873}, {"source": 13, "target": 117, "weight": 0.012821}, {"source": 13, "target": 24, "weight": 0.011494}, {"source": 13, "target": 67, "weight": 0.0625}, {"source": 13, "target": 98, "weight": 0.01}, {"source": 13, "target": 68, "weight": 0.028571}, {"source": 13, "target": 77, "weight": 0.061728}, {"source": 13, "target": 73, "weight": 0.012195}, {"source": 13, "target": 89, "weight": 0.010417}, {"source": 13, "target": 131, "weight": 0.012195}, {"source": 13, "target": 51, "weight": 0.013889}, {"source": 13, "target": 96, "weight": 0.013158}, {"source": 13, "target": 18, "weight": 0.011111}, {"source": 13, "target": 20, "weight": 0.007299}, {"source": 13, "target": 97, "weight": 0.010526}, {"source": 14, "target": 117, "weight": 0.010101}, {"source": 14, "target": 25, "weight": 0.020408}, {"source": 14, "target": 81, "weight": 0.096774}, {"source": 14, "target": 135, "weight": 0.096774}, {"source": 14, "target": 131, "weight": 0.041667}, {"source": 14, "target": 105, "weight": 0.027027}, {"source": 14, "target": 63, "weight": 0.038961}, {"source": 14, "target": 33, "weight": 0.107143}, {"source": 14, "target": 115, "weight": 0.058824}, {"source": 15, "target": 25, "weight": 0.0125}, {"source": 15, "target": 37, "weight": 0.245902}, {"source": 15, "target": 138, "weight": 0.016129}, {"source": 15, "target": 120, "weight": 0.019608}, {"source": 15, "target": 49, "weight": 0.017857}, {"source": 15, "target": 124, "weight": 0.192771}, {"source": 15, "target": 32, "weight": 0.012821}, {"source": 16, "target": 76, "weight": 0.011364}, {"source": 16, "target": 24, "weight": 0.703704}, {"source": 16, "target": 75, "weight": 0.131579}, {"source": 16, "target": 117, "weight": 0.026549}, {"source": 16, "target": 47, "weight": 0.014085}, {"source": 16, "target": 139, "weight": 0.043478}, {"source": 16, "target": 131, "weight": 0.025}, {"source": 16, "target": 31, "weight": 0.015873}, {"source": 16, "target": 21, "weight": 0.009259}, {"source": 16, "target": 33, "weight": 0.021739}, {"source": 16, "target": 18, "weight": 0.004348}, {"source": 16, "target": 132, "weight": 0.058824}, {"source": 16, "target": 108, "weight": 0.045872}, {"source": 16, "target": 98, "weight": 0.404762}, {"source": 17, "target": 131, "weight": 0.020833}, {"source": 17, "target": 25, "weight": 0.233333}, {"source": 17, "target": 128, "weight": 0.022727}, {"source": 17, "target": 117, "weight": 0.00813}, {"source": 17, "target": 120, "weight": 0.097561}, {"source": 17, "target": 113, "weight": 0.044444}, {"source": 17, "target": 133, "weight": 0.007813}, {"source": 17, "target": 81, "weight": 0.318182}, {"source": 17, "target": 135, "weight": 0.318182}, {"source": 17, "target": 58, "weight": 0.023256}, {"source": 17, "target": 105, "weight": 0.265306}, {"source": 17, "target": 63, "weight": 0.050505}, {"source": 17, "target": 33, "weight": 0.078431}, {"source": 17, "target": 115, "weight": 0.448276}, {"source": 18, "target": 76, "weight": 0.003584}, {"source": 18, "target": 46, "weight": 0.008511}, {"source": 18, "target": 117, "weight": 0.006557}, {"source": 18, "target": 47, "weight": 0.094771}, {"source": 18, "target": 79, "weight": 0.003831}, {"source": 18, "target": 80, "weight": 0.007663}, {"source": 18, "target": 91, "weight": 0.058824}, {"source": 18, "target": 33, "weight": 0.004219}, {"source": 18, "target": 87, "weight": 0.018433}, {"source": 18, "target": 88, "weight": 0.006623}, {"source": 18, "target": 89, "weight": 0.004082}, {"source": 18, "target": 86, "weight": 0.009132}, {"source": 18, "target": 110, "weight": 0.014663}, {"source": 18, "target": 19, "weight": 0.017422}, {"source": 18, "target": 20, "weight": 0.007018}, {"source": 18, "target": 21, "weight": 0.052632}, {"source": 18, "target": 116, "weight": 0.006944}, {"source": 18, "target": 98, "weight": 0.008065}, {"source": 18, "target": 24, "weight": 0.004237}, {"source": 18, "target": 25, "weight": 0.003906}, {"source": 18, "target": 54, "weight": 0.004386}, {"source": 18, "target": 27, "weight": 0.008475}, {"source": 18, "target": 31, "weight": 0.053719}, {"source": 18, "target": 96, "weight": 0.004444}, {"source": 18, "target": 106, "weight": 0.008772}, {"source": 18, "target": 107, "weight": 0.011194}, {"source": 18, "target": 108, "weight": 0.013289}, {"source": 18, "target": 34, "weight": 0.007605}, {"source": 18, "target": 65, "weight": 0.008368}, {"source": 18, "target": 67, "weight": 0.004292}, {"source": 18, "target": 60, "weight": 0.004274}, {"source": 18, "target": 113, "weight": 0.004367}, {"source": 18, "target": 74, "weight": 0.106838}, {"source": 19, "target": 76, "weight": 0.006711}, {"source": 19, "target": 81, "weight": 0.009091}, {"source": 19, "target": 33, "weight": 0.009346}, {"source": 19, "target": 117, "weight": 0.017241}, {"source": 19, "target": 47, "weight": 0.096257}, {"source": 19, "target": 51, "weight": 0.121951}, {"source": 19, "target": 89, "weight": 0.017544}, {"source": 19, "target": 131, "weight": 0.009901}, {"source": 19, "target": 21, "weight": 0.055901}, {"source": 19, "target": 98, "weight": 0.016949}, {"source": 19, "target": 24, "weight": 0.009434}, {"source": 19, "target": 25, "weight": 0.016}, {"source": 19, "target": 133, "weight": 0.005525}, {"source": 19, "target": 61, "weight": 0.021978}, {"source": 19, "target": 31, "weight": 0.315789}, {"source": 19, "target": 69, "weight": 0.009615}, {"source": 19, "target": 135, "weight": 0.009091}, {"source": 19, "target": 119, "weight": 0.009346}, {"source": 19, "target": 108, "weight": 0.011561}, {"source": 19, "target": 67, "weight": 0.029703}, {"source": 19, "target": 113, "weight": 0.010101}, {"source": 19, "target": 105, "weight": 0.026786}, {"source": 19, "target": 97, "weight": 0.084906}, {"source": 19, "target": 115, "weight": 0.010638}, {"source": 20, "target": 117, "weight": 0.011765}, {"source": 20, "target": 118, "weight": 0.008772}, {"source": 20, "target": 68, "weight": 0.02381}, {"source": 20, "target": 133, "weight": 0.005682}, {"source": 20, "target": 87, "weight": 0.02381}, {"source": 20, "target": 88, "weight": 0.049689}, {"source": 20, "target": 89, "weight": 0.009091}, {"source": 20, "target": 31, "weight": 0.008403}, {"source": 20, "target": 102, "weight": 0.007407}, {"source": 20, "target": 91, "weight": 0.010204}, {"source": 20, "target": 80, "weight": 0.007874}, {"source": 20, "target": 63, "weight": 0.006623}, {"source": 20, "target": 57, "weight": 0.007353}, {"source": 20, "target": 74, "weight": 0.00813}, {"source": 20, "target": 60, "weight": 0.030928}, {"source": 20, "target": 21, "weight": 0.006098}, {"source": 21, "target": 76, "weight": 0.006369}, {"source": 21, "target": 45, "weight": 0.009009}, {"source": 21, "target": 46, "weight": 0.277778}, {"source": 21, "target": 117, "weight": 0.081871}, {"source": 21, "target": 47, "weight": 0.092308}, {"source": 21, "target": 113, "weight": 0.018868}, {"source": 21, "target": 122, "weight": 0.008621}, {"source": 21, "target": 84, "weight": 0.014493}, {"source": 21, "target": 126, "weight": 0.009009}, {"source": 21, "target": 55, "weight": 0.007576}, {"source": 21, "target": 88, "weight": 0.01676}, {"source": 21, "target": 89, "weight": 0.024793}, {"source": 21, "target": 130, "weight": 0.007576}, {"source": 21, "target": 131, "weight": 0.037736}, {"source": 21, "target": 59, "weight": 0.005814}, {"source": 21, "target": 93, "weight": 0.00885}, {"source": 21, "target": 110, "weight": 0.04186}, {"source": 21, "target": 78, "weight": 0.039216}, {"source": 21, "target": 22, "weight": 0.006369}, {"source": 21, "target": 98, "weight": 0.024}, {"source": 21, "target": 24, "weight": 0.008772}, {"source": 21, "target": 25, "weight": 0.015038}, {"source": 21, "target": 26, "weight": 0.006803}, {"source": 21, "target": 27, "weight": 0.288889}, {"source": 21, "target": 133, "weight": 0.005291}, {"source": 21, "target": 61, "weight": 0.01}, {"source": 21, "target": 91, "weight": 0.191489}, {"source": 21, "target": 136, "weight": 0.039216}, {"source": 21, "target": 36, "weight": 0.014388}, {"source": 21, "target": 29, "weight": 0.006579}, {"source": 21, "target": 33, "weight": 0.017544}, {"source": 21, "target": 107, "weight": 0.020548}, {"source": 21, "target": 108, "weight": 0.016667}, {"source": 21, "target": 64, "weight": 0.009009}, {"source": 21, "target": 34, "weight": 0.222222}, {"source": 21, "target": 65, "weight": 0.04386}, {"source": 21, "target": 69, "weight": 0.008929}, {"source": 21, "target": 23, "weight": 0.00885}, {"source": 21, "target": 139, "weight": 0.006098}, {"source": 21, "target": 140, "weight": 0.006579}, {"source": 21, "target": 70, "weight": 0.009009}, {"source": 21, "target": 31, "weight": 0.156522}, {"source": 21, "target": 39, "weight": 0.008696}, {"source": 21, "target": 72, "weight": 0.005814}, {"source": 21, "target": 42, "weight": 0.008403}, {"source": 21, "target": 74, "weight": 0.07874}, {"source": 21, "target": 116, "weight": 0.018182}, {"source": 22, "target": 69, "weight": 0.328571}, {"source": 22, "target": 31, "weight": 0.008929}, {"source": 22, "target": 47, "weight": 0.005208}, {"source": 22, "target": 134, "weight": 0.011494}, {"source": 22, "target": 72, "weight": 0.006579}, {"source": 22, "target": 32, "weight": 0.008929}, {"source": 22, "target": 40, "weight": 0.010638}, {"source": 22, "target": 73, "weight": 0.011236}, {"source": 23, "target": 76, "weight": 0.010753}, {"source": 23, "target": 45, "weight": 0.021277}, {"source": 23, "target": 75, "weight": 0.090909}, {"source": 23, "target": 117, "weight": 0.052174}, {"source": 23, "target": 47, "weight": 0.006757}, {"source": 23, "target": 124, "weight": 0.011364}, {"source": 23, "target": 84, "weight": 0.055556}, {"source": 23, "target": 126, "weight": 0.021277}, {"source": 23, "target": 130, "weight": 0.061538}, {"source": 23, "target": 131, "weight": 0.045455}, {"source": 23, "target": 132, "weight": 0.051282}, {"source": 23, "target": 98, "weight": 0.066667}, {"source": 23, "target": 24, "weight": 0.085106}, {"source": 23, "target": 53, "weight": 0.030303}, {"source": 23, "target": 133, "weight": 0.016129}, {"source": 23, "target": 61, "weight": 0.027778}, {"source": 23, "target": 30, "weight": 0.013514}, {"source": 23, "target": 63, "weight": 0.01}, {"source": 23, "target": 29, "weight": 0.011364}, {"source": 23, "target": 106, "weight": 0.023256}, {"source": 23, "target": 108, "weight": 0.053097}, {"source": 23, "target": 37, "weight": 0.015385}, {"source": 23, "target": 139, "weight": 0.216867}, {"source": 23, "target": 70, "weight": 0.021277}, {"source": 23, "target": 72, "weight": 0.018692}, {"source": 24, "target": 76, "weight": 0.021505}, {"source": 24, "target": 118, "weight": 0.031746}, {"source": 24, "target": 75, "weight": 0.225}, {"source": 24, "target": 117, "weight": 0.02521}, {"source": 24, "target": 47, "weight": 0.020408}, {"source": 24, "target": 78, "weight": 0.02381}, {"source": 24, "target": 79, "weight": 0.026667}, {"source": 24, "target": 106, "weight": 0.022727}, {"source": 24, "target": 80, "weight": 0.114286}, {"source": 24, "target": 84, "weight": 0.013158}, {"source": 24, "target": 53, "weight": 0.029412}, {"source": 24, "target": 56, "weight": 0.027778}, {"source": 24, "target": 57, "weight": 0.035714}, {"source": 24, "target": 130, "weight": 0.014493}, {"source": 24, "target": 131, "weight": 0.021739}, {"source": 24, "target": 59, "weight": 0.018519}, {"source": 24, "target": 132, "weight": 0.105263}, {"source": 24, "target": 98, "weight": 0.413043}, {"source": 24, "target": 133, "weight": 0.024194}, {"source": 24, "target": 91, "weight": 0.020833}, {"source": 24, "target": 136, "weight": 0.010526}, {"source": 24, "target": 63, "weight": 0.030303}, {"source": 24, "target": 33, "weight": 0.019231}, {"source": 24, "target": 43, "weight": 0.013699}, {"source": 24, "target": 107, "weight": 0.061728}, {"source": 24, "target": 108, "weight": 0.081081}, {"source": 24, "target": 110, "weight": 0.125874}, {"source": 24, "target": 66, "weight": 0.028571}, {"source": 24, "target": 139, "weight": 0.085106}, {"source": 24, "target": 31, "weight": 0.014493}, {"source": 24, "target": 72, "weight": 0.009174}, {"source": 24, "target": 74, "weight": 0.275862}, {"source": 25, "target": 117, "weight": 0.007092}, {"source": 25, "target": 48, "weight": 0.276596}, {"source": 25, "target": 81, "weight": 0.245902}, {"source": 25, "target": 118, "weight": 0.011905}, {"source": 25, "target": 47, "weight": 0.011905}, {"source": 25, "target": 121, "weight": 0.531915}, {"source": 25, "target": 78, "weight": 0.016129}, {"source": 25, "target": 123, "weight": 0.067416}, {"source": 25, "target": 57, "weight": 0.019048}, {"source": 25, "target": 83, "weight": 0.015152}, {"source": 25, "target": 125, "weight": 0.291667}, {"source": 25, "target": 46, "weight": 0.014085}, {"source": 25, "target": 58, "weight": 0.016393}, {"source": 25, "target": 128, "weight": 0.145455}, {"source": 25, "target": 85, "weight": 0.079365}, {"source": 25, "target": 120, "weight": 0.340426}, {"source": 25, "target": 110, "weight": 0.005556}, {"source": 25, "target": 33, "weight": 0.073529}, {"source": 25, "target": 94, "weight": 0.2}, {"source": 25, "target": 99, "weight": 0.109756}, {"source": 25, "target": 27, "weight": 0.013889}, {"source": 25, "target": 101, "weight": 0.037037}, {"source": 25, "target": 133, "weight": 0.013793}, {"source": 25, "target": 135, "weight": 0.245902}, {"source": 25, "target": 136, "weight": 0.054545}, {"source": 25, "target": 105, "weight": 0.25}, {"source": 25, "target": 63, "weight": 0.051724}, {"source": 25, "target": 102, "weight": 0.325}, {"source": 25, "target": 96, "weight": 0.016667}, {"source": 25, "target": 74, "weight": 0.010753}, {"source": 25, "target": 107, "weight": 0.009524}, {"source": 25, "target": 34, "weight": 0.010101}, {"source": 25, "target": 111, "weight": 0.220339}, {"source": 25, "target": 113, "weight": 0.354167}, {"source": 25, "target": 141, "weight": 0.275862}, {"source": 25, "target": 131, "weight": 0.015152}, {"source": 25, "target": 115, "weight": 0.276596}, {"source": 25, "target": 116, "weight": 0.008065}, {"source": 26, "target": 45, "weight": 0.037975}, {"source": 26, "target": 82, "weight": 0.011364}, {"source": 26, "target": 84, "weight": 0.037736}, {"source": 26, "target": 126, "weight": 0.037975}, {"source": 26, "target": 129, "weight": 0.027027}, {"source": 26, "target": 55, "weight": 0.009804}, {"source": 26, "target": 90, "weight": 0.031579}, {"source": 26, "target": 57, "weight": 0.008403}, {"source": 26, "target": 130, "weight": 0.009804}, {"source": 26, "target": 52, "weight": 0.116505}, {"source": 26, "target": 59, "weight": 0.014184}, {"source": 26, "target": 116, "weight": 0.586207}, {"source": 26, "target": 27, "weight": 0.011765}, {"source": 26, "target": 29, "weight": 0.397727}, {"source": 26, "target": 105, "weight": 0.01087}, {"source": 26, "target": 63, "weight": 0.007463}, {"source": 26, "target": 102, "weight": 0.008475}, {"source": 26, "target": 64, "weight": 0.037975}, {"source": 26, "target": 110, "weight": 0.005181}, {"source": 26, "target": 35, "weight": 0.026667}, {"source": 26, "target": 36, "weight": 0.018349}, {"source": 26, "target": 138, "weight": 0.023529}, {"source": 26, "target": 139, "weight": 0.007463}, {"source": 26, "target": 112, "weight": 0.04717}, {"source": 26, "target": 70, "weight": 0.037975}, {"source": 26, "target": 141, "weight": 0.011628}, {"source": 26, "target": 39, "weight": 0.323077}, {"source": 26, "target": 72, "weight": 0.014184}, {"source": 26, "target": 40, "weight": 0.075949}, {"source": 26, "target": 41, "weight": 0.014184}, {"source": 27, "target": 117, "weight": 0.008197}, {"source": 27, "target": 45, "weight": 0.020408}, {"source": 27, "target": 46, "weight": 0.892857}, {"source": 27, "target": 47, "weight": 0.02027}, {"source": 27, "target": 70, "weight": 0.020408}, {"source": 27, "target": 122, "weight": 0.018519}, {"source": 27, "target": 84, "weight": 0.012987}, {"source": 27, "target": 126, "weight": 0.020408}, {"source": 27, "target": 91, "weight": 0.041667}, {"source": 27, "target": 116, "weight": 0.029126}, {"source": 27, "target": 29, "weight": 0.011111}, {"source": 27, "target": 136, "weight": 0.010417}, {"source": 27, "target": 64, "weight": 0.020408}, {"source": 27, "target": 34, "weight": 0.446429}, {"source": 27, "target": 113, "weight": 0.022222}, {"source": 27, "target": 31, "weight": 0.028986}, {"source": 27, "target": 39, "weight": 0.018868}, {"source": 27, "target": 74, "weight": 0.027397}, {"source": 28, "target": 109, "weight": 0.009524}, {"source": 29, "target": 45, "weight": 0.338462}, {"source": 29, "target": 124, "weight": 0.024}, {"source": 29, "target": 80, "weight": 0.017544}, {"source": 29, "target": 82, "weight": 0.010753}, {"source": 29, "target": 84, "weight": 0.236559}, {"source": 29, "target": 126, "weight": 0.338462}, {"source": 29, "target": 90, "weight": 0.019802}, {"source": 29, "target": 130, "weight": 0.069307}, {"source": 29, "target": 52, "weight": 0.071429}, {"source": 29, "target": 59, "weight": 0.049645}, {"source": 29, "target": 95, "weight": 0.039474}, {"source": 29, "target": 116, "weight": 0.588889}, {"source": 29, "target": 53, "weight": 0.013889}, {"source": 29, "target": 133, "weight": 0.006098}, {"source": 29, "target": 134, "weight": 0.050633}, {"source": 29, "target": 30, "weight": 0.045872}, {"source": 29, "target": 64, "weight": 0.338462}, {"source": 29, "target": 66, "weight": 0.013699}, {"source": 29, "target": 36, "weight": 0.017544}, {"source": 29, "target": 37, "weight": 0.029412}, {"source": 29, "target": 139, "weight": 0.060606}, {"source": 29, "target": 70, "weight": 0.338462}, {"source": 29, "target": 39, "weight": 0.045977}, {"source": 29, "target": 72, "weight": 0.057143}, {"source": 29, "target": 40, "weight": 0.111111}, {"source": 29, "target": 41, "weight": 0.02069}, {"source": 30, "target": 45, "weight": 0.073529}, {"source": 30, "target": 124, "weight": 0.036364}, {"source": 30, "target": 80, "weight": 0.009901}, {"source": 30, "target": 84, "weight": 0.122222}, {"source": 30, "target": 126, "weight": 0.073529}, {"source": 30, "target": 130, "weight": 0.119048}, {"source": 30, "target": 59, "weight": 0.080645}, {"source": 30, "target": 95, "weight": 0.048387}, {"source": 30, "target": 116, "weight": 0.040323}, {"source": 30, "target": 53, "weight": 0.017241}, {"source": 30, "target": 104, "weight": 0.015873}, {"source": 30, "target": 64, "weight": 0.073529}, {"source": 30, "target": 66, "weight": 0.016949}, {"source": 30, "target": 37, "weight": 0.045977}, {"source": 30, "target": 139, "weight": 0.095652}, {"source": 30, "target": 70, "weight": 0.073529}, {"source": 30, "target": 72, "weight": 0.080645}, {"source": 30, "target": 41, "weight": 0.022901}, {"source": 30, "target": 144, "weight": 0.0125}, {"source": 31, "target": 117, "weight": 0.007194}, {"source": 31, "target": 46, "weight": 0.029412}, {"source": 31, "target": 47, "weight": 0.150685}, {"source": 31, "target": 51, "weight": 0.018519}, {"source": 31, "target": 91, "weight": 0.288462}, {"source": 31, "target": 88, "weight": 0.007353}, {"source": 31, "target": 89, "weight": 0.012821}, {"source": 31, "target": 57, "weight": 0.009615}, {"source": 31, "target": 110, "weight": 0.034682}, {"source": 31, "target": 98, "weight": 0.024691}, {"source": 31, "target": 36, "weight": 0.010526}, {"source": 31, "target": 133, "weight": 0.006944}, {"source": 31, "target": 102, "weight": 0.009709}, {"source": 31, "target": 105, "weight": 0.012987}, {"source": 31, "target": 33, "weight": 0.014286}, {"source": 31, "target": 107, "weight": 0.019608}, {"source": 31, "target": 108, "weight": 0.007299}, {"source": 31, "target": 34, "weight": 0.020833}, {"source": 31, "target": 65, "weight": 0.423077}, {"source": 31, "target": 69, "weight": 0.014925}, {"source": 31, "target": 111, "weight": 0.014493}, {"source": 31, "target": 60, "weight": 0.014925}, {"source": 31, "target": 141, "weight": 0.014085}, {"source": 31, "target": 97, "weight": 0.012987}, {"source": 31, "target": 74, "weight": 0.121951}, {"source": 31, "target": 116, "weight": 0.016529}, {"source": 32, "target": 36, "weight": 0.010526}, {"source": 32, "target": 112, "weight": 0.010526}, {"source": 32, "target": 50, "weight": 0.012658}, {"source": 32, "target": 59, "weight": 0.007874}, {"source": 32, "target": 109, "weight": 0.477273}, {"source": 32, "target": 110, "weight": 0.005618}, {"source": 33, "target": 76, "weight": 0.010526}, {"source": 33, "target": 48, "weight": 0.078947}, {"source": 33, "target": 81, "weight": 0.425}, {"source": 33, "target": 118, "weight": 0.03125}, {"source": 33, "target": 75, "weight": 0.086957}, {"source": 33, "target": 117, "weight": 0.016529}, {"source": 33, "target": 47, "weight": 0.055944}, {"source": 33, "target": 121, "weight": 0.081633}, {"source": 33, "target": 78, "weight": 0.047619}, {"source": 33, "target": 123, "weight": 0.288136}, {"source": 33, "target": 79, "weight": 0.012987}, {"source": 33, "target": 106, "weight": 0.045455}, {"source": 33, "target": 80, "weight": 0.053333}, {"source": 33, "target": 83, "weight": 0.021277}, {"source": 33, "target": 125, "weight": 0.102564}, {"source": 33, "target": 85, "weight": 0.53125}, {"source": 33, "target": 58, "weight": 0.02381}, {"source": 33, "target": 128, "weight": 0.023256}, {"source": 33, "target": 55, "weight": 0.014286}, {"source": 33, "target": 57, "weight": 0.011494}, {"source": 33, "target": 131, "weight": 0.043478}, {"source": 33, "target": 120, "weight": 0.047619}, {"source": 33, "target": 94, "weight": 0.053571}, {"source": 33, "target": 132, "weight": 0.102564}, {"source": 33, "target": 98, "weight": 0.137931}, {"source": 33, "target": 99, "weight": 0.309091}, {"source": 33, "target": 101, "weight": 0.027778}, {"source": 33, "target": 133, "weight": 0.007874}, {"source": 33, "target": 135, "weight": 0.425}, {"source": 33, "target": 91, "weight": 0.041667}, {"source": 33, "target": 136, "weight": 0.2125}, {"source": 33, "target": 105, "weight": 0.051724}, {"source": 33, "target": 63, "weight": 0.197674}, {"source": 33, "target": 102, "weight": 0.060976}, {"source": 33, "target": 74, "weight": 0.013514}, {"source": 33, "target": 107, "weight": 0.101266}, {"source": 33, "target": 108, "weight": 0.070796}, {"source": 33, "target": 110, "weight": 0.065789}, {"source": 33, "target": 111, "weight": 0.06}, {"source": 33, "target": 141, "weight": 0.057692}, {"source": 33, "target": 115, "weight": 0.078947}, {"source": 34, "target": 117, "weight": 0.006711}, {"source": 34, "target": 47, "weight": 0.017143}, {"source": 34, "target": 122, "weight": 0.012346}, {"source": 34, "target": 113, "weight": 0.013889}, {"source": 34, "target": 82, "weight": 0.012048}, {"source": 34, "target": 137, "weight": 0.015625}, {"source": 35, "target": 138, "weight": 0.15}, {"source": 36, "target": 117, "weight": 0.006803}, {"source": 36, "target": 69, "weight": 0.055556}, {"source": 36, "target": 47, "weight": 0.005714}, {"source": 36, "target": 90, "weight": 0.011111}, {"source": 36, "target": 72, "weight": 0.030303}, {"source": 36, "target": 124, "weight": 0.008696}, {"source": 37, "target": 45, "weight": 0.04918}, {"source": 37, "target": 49, "weight": 0.016129}, {"source": 37, "target": 124, "weight": 0.615385}, {"source": 37, "target": 80, "weight": 0.01087}, {"source": 37, "target": 84, "weight": 0.045455}, {"source": 37, "target": 126, "weight": 0.04918}, {"source": 37, "target": 130, "weight": 0.049383}, {"source": 37, "target": 59, "weight": 0.033058}, {"source": 37, "target": 95, "weight": 0.272727}, {"source": 37, "target": 116, "weight": 0.034483}, {"source": 37, "target": 64, "weight": 0.04918}, {"source": 37, "target": 139, "weight": 0.035398}, {"source": 37, "target": 70, "weight": 0.04918}, {"source": 37, "target": 72, "weight": 0.033058}, {"source": 37, "target": 41, "weight": 0.008065}, {"source": 37, "target": 144, "weight": 0.714286}, {"source": 38, "target": 139, "weight": 0.008772}, {"source": 38, "target": 112, "weight": 0.358209}, {"source": 38, "target": 133, "weight": 0.037037}, {"source": 38, "target": 90, "weight": 0.444444}, {"source": 38, "target": 130, "weight": 0.012195}, {"source": 38, "target": 50, "weight": 0.470588}, {"source": 38, "target": 82, "weight": 0.014706}, {"source": 38, "target": 84, "weight": 0.011236}, {"source": 39, "target": 45, "weight": 0.020408}, {"source": 39, "target": 84, "weight": 0.026316}, {"source": 39, "target": 126, "weight": 0.020408}, {"source": 39, "target": 55, "weight": 0.014286}, {"source": 39, "target": 90, "weight": 0.015385}, {"source": 39, "target": 57, "weight": 0.011494}, {"source": 39, "target": 130, "weight": 0.014286}, {"source": 39, "target": 52, "weight": 0.050633}, {"source": 39, "target": 59, "weight": 0.018349}, {"source": 39, "target": 116, "weight": 0.247059}, {"source": 39, "target": 105, "weight": 0.016667}, {"source": 39, "target": 63, "weight": 0.009804}, {"source": 39, "target": 102, "weight": 0.011628}, {"source": 39, "target": 64, "weight": 0.020408}, {"source": 39, "target": 110, "weight": 0.006211}, {"source": 39, "target": 139, "weight": 0.009804}, {"source": 39, "target": 112, "weight": 0.067568}, {"source": 39, "target": 70, "weight": 0.020408}, {"source": 39, "target": 141, "weight": 0.018519}, {"source": 39, "target": 72, "weight": 0.009091}, {"source": 39, "target": 41, "weight": 0.018349}, {"source": 40, "target": 76, "weight": 0.010638}, {"source": 40, "target": 45, "weight": 0.020833}, {"source": 40, "target": 126, "weight": 0.020833}, {"source": 40, "target": 116, "weight": 0.029412}, {"source": 40, "target": 55, "weight": 0.014493}, {"source": 40, "target": 70, "weight": 0.020833}, {"source": 40, "target": 134, "weight": 0.666667}, {"source": 40, "target": 52, "weight": 0.078947}, {"source": 40, "target": 94, "weight": 0.017544}, {"source": 40, "target": 109, "weight": 0.009009}, {"source": 40, "target": 64, "weight": 0.020833}, {"source": 40, "target": 84, "weight": 0.013158}, {"source": 41, "target": 76, "weight": 0.006579}, {"source": 41, "target": 45, "weight": 0.028846}, {"source": 41, "target": 75, "weight": 0.009434}, {"source": 41, "target": 124, "weight": 0.006803}, {"source": 41, "target": 50, "weight": 0.237113}, {"source": 41, "target": 82, "weight": 0.00885}, {"source": 41, "target": 84, "weight": 0.030534}, {"source": 41, "target": 126, "weight": 0.028846}, {"source": 41, "target": 90, "weight": 0.242424}, {"source": 41, "target": 130, "weight": 0.015873}, {"source": 41, "target": 132, "weight": 0.010101}, {"source": 41, "target": 98, "weight": 0.008197}, {"source": 41, "target": 53, "weight": 0.094118}, {"source": 41, "target": 133, "weight": 0.03352}, {"source": 41, "target": 106, "weight": 0.009804}, {"source": 41, "target": 108, "weight": 0.017143}, {"source": 41, "target": 139, "weight": 0.066667}, {"source": 41, "target": 112, "weight": 0.214286}, {"source": 41, "target": 70, "weight": 0.028846}, {"source": 41, "target": 72, "weight": 0.005988}, {"source": 43, "target": 53, "weight": 0.017857}, {"source": 43, "target": 75, "weight": 0.014286}, {"source": 43, "target": 139, "weight": 0.068966}, {"source": 43, "target": 112, "weight": 0.315789}, {"source": 43, "target": 133, "weight": 0.034722}, {"source": 43, "target": 90, "weight": 0.380952}, {"source": 43, "target": 130, "weight": 0.022222}, {"source": 43, "target": 50, "weight": 0.4}, {"source": 43, "target": 72, "weight": 0.007634}, {"source": 43, "target": 82, "weight": 0.012987}, {"source": 43, "target": 108, "weight": 0.007092}, {"source": 43, "target": 84, "weight": 0.020619}, {"source": 44, "target": 103, "weight": 0.010526}, {"source": 45, "target": 124, "weight": 0.035714}, {"source": 45, "target": 80, "weight": 0.027397}, {"source": 45, "target": 84, "weight": 0.423077}, {"source": 45, "target": 126, "weight": 0.916667}, {"source": 45, "target": 90, "weight": 0.016393}, {"source": 45, "target": 130, "weight": 0.116667}, {"source": 45, "target": 59, "weight": 0.07}, {"source": 45, "target": 95, "weight": 0.085714}, {"source": 45, "target": 116, "weight": 0.275}, {"source": 45, "target": 53, "weight": 0.032258}, {"source": 45, "target": 133, "weight": 0.00813}, {"source": 45, "target": 64, "weight": 0.916667}, {"source": 45, "target": 66, "weight": 0.03125}, {"source": 45, "target": 139, "weight": 0.087912}, {"source": 45, "target": 70, "weight": 0.916667}, {"source": 45, "target": 72, "weight": 0.07}, {"source": 46, "target": 117, "weight": 0.008264}, {"source": 46, "target": 47, "weight": 0.020408}, {"source": 46, "target": 122, "weight": 0.018868}, {"source": 46, "target": 113, "weight": 0.022727}, {"source": 47, "target": 76, "weight": 0.021164}, {"source": 47, "target": 81, "weight": 0.006536}, {"source": 47, "target": 118, "weight": 0.01875}, {"source": 47, "target": 75, "weight": 0.035211}, {"source": 47, "target": 117, "weight": 0.013825}, {"source": 47, "target": 78, "weight": 0.007143}, {"source": 47, "target": 123, "weight": 0.011696}, {"source": 47, "target": 79, "weight": 0.017442}, {"source": 47, "target": 80, "weight": 0.005714}, {"source": 47, "target": 85, "weight": 0.006897}, {"source": 47, "target": 88, "weight": 0.00463}, {"source": 47, "target": 57, "weight": 0.016484}, {"source": 47, "target": 59, "weight": 0.004831}, {"source": 47, "target": 110, "weight": 0.074689}, {"source": 47, "target": 132, "weight": 0.029412}, {"source": 47, "target": 98, "weight": 0.058442}, {"source": 47, "target": 99, "weight": 0.005952}, {"source": 47, "target": 133, "weight": 0.013514}, {"source": 47, "target": 102, "weight": 0.005464}, {"source": 47, "target": 136, "weight": 0.015707}, {"source": 47, "target": 67, "weight": 0.006849}, {"source": 47, "target": 63, "weight": 0.015228}, {"source": 47, "target": 135, "weight": 0.006536}, {"source": 47, "target": 106, "weight": 0.028777}, {"source": 47, "target": 107, "weight": 0.045455}, {"source": 47, "target": 108, "weight": 0.073892}, {"source": 47, "target": 91, "weight": 0.113636}, {"source": 47, "target": 65, "weight": 0.054795}, {"source": 47, "target": 69, "weight": 0.006803}, {"source": 47, "target": 139, "weight": 0.005025}, {"source": 47, "target": 113, "weight": 0.014184}, {"source": 47, "target": 141, "weight": 0.006623}, {"source": 47, "target": 131, "weight": 0.013986}, {"source": 47, "target": 105, "weight": 0.006369}, {"source": 47, "target": 74, "weight": 0.088608}, {"source": 47, "target": 116, "weight": 0.00995}, {"source": 48, "target": 131, "weight": 0.029412}, {"source": 48, "target": 81, "weight": 0.419355}, {"source": 48, "target": 117, "weight": 0.009174}, {"source": 48, "target": 120, "weight": 0.107143}, {"source": 48, "target": 113, "weight": 0.064516}, {"source": 48, "target": 133, "weight": 0.008772}, {"source": 48, "target": 135, "weight": 0.419355}, {"source": 48, "target": 58, "weight": 0.034483}, {"source": 48, "target": 105, "weight": 0.371429}, {"source": 48, "target": 63, "weight": 0.046512}, {"source": 48, "target": 115, "weight": 0.866667}, {"source": 49, "target": 100, "weight": 0.025641}, {"source": 49, "target": 124, "weight": 0.011765}, {"source": 49, "target": 144, "weight": 0.019231}, {"source": 50, "target": 66, "weight": 0.022222}, {"source": 50, "target": 56, "weight": 0.021739}, {"source": 50, "target": 139, "weight": 0.009009}, {"source": 50, "target": 112, "weight": 0.660377}, {"source": 50, "target": 133, "weight": 0.030075}, {"source": 50, "target": 90, "weight": 0.470588}, {"source": 50, "target": 130, "weight": 0.012658}, {"source": 50, "target": 59, "weight": 0.008403}, {"source": 50, "target": 82, "weight": 0.015385}, {"source": 50, "target": 109, "weight": 0.008264}, {"source": 50, "target": 84, "weight": 0.011628}, {"source": 50, "target": 143, "weight": 0.014085}, {"source": 51, "target": 65, "weight": 0.025}, {"source": 51, "target": 117, "weight": 0.019048}, {"source": 51, "target": 67, "weight": 0.030303}, {"source": 51, "target": 111, "weight": 0.027778}, {"source": 51, "target": 55, "weight": 0.037736}, {"source": 51, "target": 88, "weight": 0.029703}, {"source": 51, "target": 89, "weight": 0.045455}, {"source": 51, "target": 61, "weight": 0.095238}, {"source": 51, "target": 110, "weight": 0.006897}, {"source": 51, "target": 119, "weight": 0.027027}, {"source": 51, "target": 60, "weight": 0.029412}, {"source": 51, "target": 97, "weight": 0.25}, {"source": 52, "target": 138, "weight": 0.448276}, {"source": 52, "target": 63, "weight": 0.007634}, {"source": 53, "target": 75, "weight": 0.032258}, {"source": 53, "target": 80, "weight": 0.016667}, {"source": 53, "target": 84, "weight": 0.034483}, {"source": 53, "target": 126, "weight": 0.032258}, {"source": 53, "target": 56, "weight": 0.052632}, {"source": 53, "target": 130, "weight": 0.019231}, {"source": 53, "target": 59, "weight": 0.021978}, {"source": 53, "target": 116, "weight": 0.011494}, {"source": 53, "target": 106, "weight": 0.037037}, {"source": 53, "target": 108, "weight": 0.009804}, {"source": 53, "target": 64, "weight": 0.032258}, {"source": 53, "target": 110, "weight": 0.006993}, {"source": 53, "target": 66, "weight": 0.727273}, {"source": 53, "target": 139, "weight": 0.103896}, {"source": 53, "target": 70, "weight": 0.032258}, {"source": 53, "target": 72, "weight": 0.01087}, {"source": 54, "target": 119, "weight": 0.022727}, {"source": 54, "target": 97, "weight": 0.019608}, {"source": 55, "target": 76, "weight": 0.284091}, {"source": 55, "target": 67, "weight": 0.015152}, {"source": 55, "target": 81, "weight": 0.013699}, {"source": 55, "target": 117, "weight": 0.014493}, {"source": 55, "target": 133, "weight": 0.013986}, {"source": 55, "target": 140, "weight": 0.08}, {"source": 55, "target": 89, "weight": 0.128571}, {"source": 55, "target": 134, "weight": 0.016129}, {"source": 55, "target": 135, "weight": 0.013699}, {"source": 55, "target": 63, "weight": 0.111111}, {"source": 55, "target": 108, "weight": 0.022222}, {"source": 55, "target": 58, "weight": 0.016949}, {"source": 55, "target": 97, "weight": 0.026316}, {"source": 56, "target": 75, "weight": 0.030303}, {"source": 56, "target": 139, "weight": 0.12987}, {"source": 56, "target": 112, "weight": 0.016129}, {"source": 56, "target": 90, "weight": 0.020408}, {"source": 56, "target": 130, "weight": 0.018519}, {"source": 56, "target": 72, "weight": 0.010638}, {"source": 56, "target": 108, "weight": 0.009615}, {"source": 56, "target": 84, "weight": 0.016393}, {"source": 57, "target": 76, "weight": 0.015625}, {"source": 57, "target": 81, "weight": 0.022472}, {"source": 57, "target": 75, "weight": 0.037037}, {"source": 57, "target": 106, "weight": 0.012658}, {"source": 57, "target": 84, "weight": 0.009009}, {"source": 57, "target": 128, "weight": 0.012987}, {"source": 57, "target": 130, "weight": 0.009615}, {"source": 57, "target": 58, "weight": 0.054795}, {"source": 57, "target": 120, "weight": 0.026316}, {"source": 57, "target": 132, "weight": 0.013158}, {"source": 57, "target": 98, "weight": 0.010101}, {"source": 57, "target": 133, "weight": 0.285714}, {"source": 57, "target": 135, "weight": 0.022472}, {"source": 57, "target": 105, "weight": 0.043956}, {"source": 57, "target": 63, "weight": 0.383838}, {"source": 57, "target": 108, "weight": 0.061644}, {"source": 57, "target": 139, "weight": 0.022388}, {"source": 57, "target": 140, "weight": 0.008065}, {"source": 57, "target": 115, "weight": 0.013514}, {"source": 58, "target": 81, "weight": 0.045455}, {"source": 58, "target": 118, "weight": 0.057692}, {"source": 58, "target": 120, "weight": 0.03125}, {"source": 58, "target": 121, "weight": 0.02439}, {"source": 58, "target": 125, "weight": 0.032258}, {"source": 58, "target": 85, "weight": 0.027027}, {"source": 58, "target": 94, "weight": 0.021277}, {"source": 58, "target": 99, "weight": 0.016667}, {"source": 58, "target": 123, "weight": 0.015625}, {"source": 58, "target": 133, "weight": 0.035398}, {"source": 58, "target": 135, "weight": 0.045455}, {"source": 58, "target": 136, "weight": 0.02381}, {"source": 58, "target": 105, "weight": 0.020408}, {"source": 58, "target": 63, "weight": 0.194805}, {"source": 58, "target": 102, "weight": 0.245902}, {"source": 58, "target": 108, "weight": 0.018519}, {"source": 58, "target": 111, "weight": 0.02439}, {"source": 58, "target": 141, "weight": 0.023256}, {"source": 58, "target": 115, "weight": 0.034483}, {"source": 59, "target": 76, "weight": 0.006579}, {"source": 59, "target": 75, "weight": 0.009434}, {"source": 59, "target": 117, "weight": 0.005587}, {"source": 59, "target": 122, "weight": 0.009009}, {"source": 59, "target": 124, "weight": 0.027778}, {"source": 59, "target": 82, "weight": 0.017857}, {"source": 59, "target": 84, "weight": 0.323529}, {"source": 59, "target": 126, "weight": 0.07}, {"source": 59, "target": 90, "weight": 0.008197}, {"source": 59, "target": 130, "weight": 0.505882}, {"source": 59, "target": 131, "weight": 0.009615}, {"source": 59, "target": 98, "weight": 0.008197}, {"source": 59, "target": 133, "weight": 0.045198}, {"source": 59, "target": 105, "weight": 0.008547}, {"source": 59, "target": 63, "weight": 0.006289}, {"source": 59, "target": 108, "weight": 0.022989}, {"source": 59, "target": 139, "weight": 0.24031}, {"source": 59, "target": 112, "weight": 0.030303}, {"source": 59, "target": 70, "weight": 0.07}, {"source": 59, "target": 72, "weight": 0.217391}, {"source": 59, "target": 140, "weight": 0.013699}, {"source": 60, "target": 105, "weight": 0.017544}, {"source": 60, "target": 97, "weight": 0.017544}, {"source": 61, "target": 117, "weight": 0.113402}, {"source": 61, "target": 78, "weight": 0.035714}, {"source": 61, "target": 88, "weight": 0.019417}, {"source": 61, "target": 131, "weight": 0.03125}, {"source": 61, "target": 136, "weight": 0.012346}, {"source": 61, "target": 110, "weight": 0.006849}, {"source": 61, "target": 97, "weight": 0.045455}, {"source": 62, "target": 68, "weight": 0.025}, {"source": 62, "target": 69, "weight": 0.037736}, {"source": 62, "target": 73, "weight": 0.04}, {"source": 63, "target": 76, "weight": 0.013986}, {"source": 63, "target": 81, "weight": 0.204545}, {"source": 63, "target": 118, "weight": 0.223404}, {"source": 63, "target": 75, "weight": 0.03125}, {"source": 63, "target": 117, "weight": 0.011765}, {"source": 63, "target": 121, "weight": 0.051546}, {"source": 63, "target": 78, "weight": 0.021978}, {"source": 63, "target": 123, "weight": 0.237624}, {"source": 63, "target": 79, "weight": 0.016}, {"source": 63, "target": 80, "weight": 0.066667}, {"source": 63, "target": 83, "weight": 0.010417}, {"source": 63, "target": 99, "weight": 0.21}, {"source": 63, "target": 125, "weight": 0.057471}, {"source": 63, "target": 84, "weight": 0.007937}, {"source": 63, "target": 85, "weight": 0.209877}, {"source": 63, "target": 128, "weight": 0.01087}, {"source": 63, "target": 130, "weight": 0.008403}, {"source": 63, "target": 131, "weight": 0.021053}, {"source": 63, "target": 120, "weight": 0.033333}, {"source": 63, "target": 94, "weight": 0.038462}, {"source": 63, "target": 132, "weight": 0.010989}, {"source": 63, "target": 116, "weight": 0.006494}, {"source": 63, "target": 98, "weight": 0.017699}, {"source": 63, "target": 101, "weight": 0.011765}, {"source": 63, "target": 133, "weight": 0.172185}, {"source": 63, "target": 135, "weight": 0.204545}, {"source": 63, "target": 136, "weight": 0.140625}, {"source": 63, "target": 105, "weight": 0.037736}, {"source": 63, "target": 102, "weight": 0.20354}, {"source": 63, "target": 106, "weight": 0.010638}, {"source": 63, "target": 107, "weight": 0.088}, {"source": 63, "target": 108, "weight": 0.055901}, {"source": 63, "target": 110, "weight": 0.024272}, {"source": 63, "target": 91, "weight": 0.010204}, {"source": 63, "target": 111, "weight": 0.040816}, {"source": 63, "target": 139, "weight": 0.020134}, {"source": 63, "target": 140, "weight": 0.007194}, {"source": 63, "target": 141, "weight": 0.04}, {"source": 63, "target": 115, "weight": 0.046512}, {"source": 64, "target": 126, "weight": 0.916667}, {"source": 64, "target": 70, "weight": 0.916667}, {"source": 64, "target": 139, "weight": 0.087912}, {"source": 64, "target": 133, "weight": 0.00813}, {"source": 64, "target": 90, "weight": 0.016393}, {"source": 64, "target": 124, "weight": 0.035714}, {"source": 64, "target": 130, "weight": 0.116667}, {"source": 64, "target": 72, "weight": 0.07}, {"source": 64, "target": 84, "weight": 0.423077}, {"source": 65, "target": 133, "weight": 0.007692}, {"source": 65, "target": 105, "weight": 0.015873}, {"source": 65, "target": 97, "weight": 0.015873}, {"source": 66, "target": 126, "weight": 0.03125}, {"source": 66, "target": 75, "weight": 0.03125}, {"source": 66, "target": 139, "weight": 0.102564}, {"source": 66, "target": 112, "weight": 0.016393}, {"source": 66, "target": 70, "weight": 0.03125}, {"source": 66, "target": 90, "weight": 0.020833}, {"source": 66, "target": 130, "weight": 0.018868}, {"source": 66, "target": 72, "weight": 0.010753}, {"source": 66, "target": 106, "weight": 0.035714}, {"source": 66, "target": 108, "weight": 0.009709}, {"source": 66, "target": 84, "weight": 0.033898}, {"source": 67, "target": 76, "weight": 0.010989}, {"source": 67, "target": 88, "weight": 0.017544}, {"source": 67, "target": 111, "weight": 0.042553}, {"source": 67, "target": 78, "weight": 0.025641}, {"source": 67, "target": 117, "weight": 0.017094}, {"source": 67, "target": 131, "weight": 0.023256}, {"source": 67, "target": 136, "weight": 0.01087}, {"source": 67, "target": 110, "weight": 0.006369}, {"source": 67, "target": 96, "weight": 0.027027}, {"source": 67, "target": 83, "weight": 0.023256}, {"source": 67, "target": 107, "weight": 0.012195}, {"source": 67, "target": 97, "weight": 0.017857}, {"source": 68, "target": 117, "weight": 0.009524}, {"source": 68, "target": 77, "weight": 0.030303}, {"source": 68, "target": 88, "weight": 0.05102}, {"source": 68, "target": 89, "weight": 0.022727}, {"source": 68, "target": 73, "weight": 0.033333}, {"source": 69, "target": 73, "weight": 0.022727}, {"source": 70, "target": 124, "weight": 0.035714}, {"source": 70, "target": 80, "weight": 0.027397}, {"source": 70, "target": 84, "weight": 0.423077}, {"source": 70, "target": 126, "weight": 0.916667}, {"source": 70, "target": 90, "weight": 0.016393}, {"source": 70, "target": 130, "weight": 0.116667}, {"source": 70, "target": 95, "weight": 0.085714}, {"source": 70, "target": 116, "weight": 0.275}, {"source": 70, "target": 133, "weight": 0.00813}, {"source": 70, "target": 139, "weight": 0.087912}, {"source": 70, "target": 72, "weight": 0.07}, {"source": 72, "target": 76, "weight": 0.006579}, {"source": 72, "target": 75, "weight": 0.009434}, {"source": 72, "target": 122, "weight": 0.009009}, {"source": 72, "target": 124, "weight": 0.027778}, {"source": 72, "target": 80, "weight": 0.014925}, {"source": 72, "target": 82, "weight": 0.00885}, {"source": 72, "target": 84, "weight": 0.285714}, {"source": 72, "target": 126, "weight": 0.07}, {"source": 72, "target": 130, "weight": 0.306122}, {"source": 72, "target": 93, "weight": 0.009259}, {"source": 72, "target": 95, "weight": 0.042105}, {"source": 72, "target": 100, "weight": 0.009901}, {"source": 72, "target": 133, "weight": 0.016484}, {"source": 72, "target": 105, "weight": 0.008547}, {"source": 72, "target": 108, "weight": 0.00565}, {"source": 72, "target": 109, "weight": 0.005917}, {"source": 72, "target": 110, "weight": 0.004587}, {"source": 72, "target": 139, "weight": 0.230769}, {"source": 72, "target": 112, "weight": 0.007407}, {"source": 72, "target": 116, "weight": 0.058442}, {"source": 73, "target": 77, "weight": 0.022727}, {"source": 73, "target": 88, "weight": 0.017857}, {"source": 74, "target": 113, "weight": 0.015152}, {"source": 74, "target": 76, "weight": 0.017391}, {"source": 74, "target": 75, "weight": 0.044118}, {"source": 74, "target": 117, "weight": 0.021277}, {"source": 74, "target": 139, "weight": 0.016393}, {"source": 74, "target": 89, "weight": 0.012195}, {"source": 74, "target": 131, "weight": 0.014706}, {"source": 74, "target": 106, "weight": 0.015152}, {"source": 74, "target": 132, "weight": 0.015873}, {"source": 74, "target": 108, "weight": 0.028986}, {"source": 74, "target": 98, "weight": 0.225352}, {"source": 75, "target": 76, "weight": 0.022222}, {"source": 75, "target": 118, "weight": 0.033333}, {"source": 75, "target": 117, "weight": 0.017094}, {"source": 75, "target": 79, "weight": 0.027778}, {"source": 75, "target": 80, "weight": 0.136364}, {"source": 75, "target": 84, "weight": 0.013699}, {"source": 75, "target": 130, "weight": 0.015152}, {"source": 75, "target": 132, "weight": 0.625}, {"source": 75, "target": 98, "weight": 0.377778}, {"source": 75, "target": 133, "weight": 0.024793}, {"source": 75, "target": 106, "weight": 0.105263}, {"source": 75, "target": 107, "weight": 0.238806}, {"source": 75, "target": 108, "weight": 0.193878}, {"source": 75, "target": 110, "weight": 0.046358}, {"source": 75, "target": 139, "weight": 0.087912}, {"source": 76, "target": 117, "weight": 0.024845}, {"source": 76, "target": 118, "weight": 0.018868}, {"source": 76, "target": 98, "weight": 0.018868}, {"source": 76, "target": 78, "weight": 0.02381}, {"source": 76, "target": 123, "weight": 0.008547}, {"source": 76, "target": 79, "weight": 0.121495}, {"source": 76, "target": 80, "weight": 0.008333}, {"source": 76, "target": 84, "weight": 0.008403}, {"source": 76, "target": 131, "weight": 0.034483}, {"source": 76, "target": 89, "weight": 0.094737}, {"source": 76, "target": 130, "weight": 0.008929}, {"source": 76, "target": 92, "weight": 0.012346}, {"source": 76, "target": 132, "weight": 0.011905}, {"source": 76, "target": 133, "weight": 0.011905}, {"source": 76, "target": 134, "weight": 0.011494}, {"source": 76, "target": 136, "weight": 0.014599}, {"source": 76, "target": 96, "weight": 0.02439}, {"source": 76, "target": 106, "weight": 0.060241}, {"source": 76, "target": 107, "weight": 0.015748}, {"source": 76, "target": 108, "weight": 0.058442}, {"source": 76, "target": 110, "weight": 0.159091}, {"source": 76, "target": 139, "weight": 0.013986}, {"source": 76, "target": 140, "weight": 0.064}, {"source": 77, "target": 107, "weight": 0.012048}, {"source": 77, "target": 88, "weight": 0.017391}, {"source": 78, "target": 81, "weight": 0.044444}, {"source": 78, "target": 117, "weight": 0.086538}, {"source": 78, "target": 135, "weight": 0.044444}, {"source": 78, "target": 105, "weight": 0.02}, {"source": 78, "target": 131, "weight": 0.310345}, {"source": 78, "target": 115, "weight": 0.033333}, {"source": 78, "target": 108, "weight": 0.018349}, {"source": 78, "target": 98, "weight": 0.018182}, {"source": 79, "target": 117, "weight": 0.020833}, {"source": 79, "target": 139, "weight": 0.016}, {"source": 79, "target": 140, "weight": 0.008772}, {"source": 79, "target": 89, "weight": 0.011765}, {"source": 79, "target": 130, "weight": 0.010638}, {"source": 79, "target": 131, "weight": 0.028571}, {"source": 79, "target": 98, "weight": 0.022727}, {"source": 79, "target": 106, "weight": 0.044776}, {"source": 79, "target": 132, "weight": 0.015152}, {"source": 79, "target": 108, "weight": 0.074074}, {"source": 79, "target": 137, "weight": 0.016393}, {"source": 79, "target": 133, "weight": 0.013333}, {"source": 79, "target": 97, "weight": 0.024096}, {"source": 80, "target": 117, "weight": 0.013699}, {"source": 80, "target": 124, "weight": 0.008696}, {"source": 80, "target": 81, "weight": 0.051282}, {"source": 80, "target": 82, "weight": 0.012346}, {"source": 80, "target": 84, "weight": 0.03}, {"source": 80, "target": 126, "weight": 0.027397}, {"source": 80, "target": 128, "weight": 0.029851}, {"source": 80, "target": 130, "weight": 0.021277}, {"source": 80, "target": 132, "weight": 0.0625}, {"source": 80, "target": 98, "weight": 0.070588}, {"source": 80, "target": 133, "weight": 0.026846}, {"source": 80, "target": 135, "weight": 0.051282}, {"source": 80, "target": 103, "weight": 0.012658}, {"source": 80, "target": 105, "weight": 0.011765}, {"source": 80, "target": 96, "weight": 0.015152}, {"source": 80, "target": 106, "weight": 0.014286}, {"source": 80, "target": 108, "weight": 0.065693}, {"source": 80, "target": 139, "weight": 0.103448}, {"source": 81, "target": 117, "weight": 0.016129}, {"source": 81, "target": 118, "weight": 0.014706}, {"source": 81, "target": 121, "weight": 0.333333}, {"source": 81, "target": 123, "weight": 0.274194}, {"source": 81, "target": 83, "weight": 0.02}, {"source": 81, "target": 125, "weight": 0.4375}, {"source": 81, "target": 85, "weight": 0.485714}, {"source": 81, "target": 128, "weight": 0.021739}, {"source": 81, "target": 131, "weight": 0.040816}, {"source": 81, "target": 120, "weight": 0.119048}, {"source": 81, "target": 94, "weight": 0.265306}, {"source": 81, "target": 98, "weight": 0.014706}, {"source": 81, "target": 99, "weight": 0.339286}, {"source": 81, "target": 101, "weight": 0.025641}, {"source": 81, "target": 133, "weight": 0.015504}, {"source": 81, "target": 135, "weight": 0.935484}, {"source": 81, "target": 136, "weight": 0.204819}, {"source": 81, "target": 105, "weight": 0.254902}, {"source": 81, "target": 102, "weight": 0.2}, {"source": 81, "target": 107, "weight": 0.011236}, {"source": 81, "target": 108, "weight": 0.00813}, {"source": 81, "target": 110, "weight": 0.01227}, {"source": 81, "target": 111, "weight": 0.302326}, {"source": 81, "target": 113, "weight": 0.042553}, {"source": 81, "target": 141, "weight": 0.288889}, {"source": 81, "target": 115, "weight": 0.419355}, {"source": 82, "target": 100, "weight": 0.021277}, {"source": 82, "target": 93, "weight": 0.018519}, {"source": 82, "target": 139, "weight": 0.009524}, {"source": 82, "target": 112, "weight": 0.012346}, {"source": 82, "target": 130, "weight": 0.013699}, {"source": 82, "target": 105, "weight": 0.015873}, {"source": 82, "target": 110, "weight": 0.006098}, {"source": 82, "target": 84, "weight": 0.0125}, {"source": 82, "target": 116, "weight": 0.009259}, {"source": 83, "target": 117, "weight": 0.017391}, {"source": 83, "target": 128, "weight": 0.027027}, {"source": 83, "target": 120, "weight": 0.027027}, {"source": 83, "target": 135, "weight": 0.02}, {"source": 83, "target": 114, "weight": 0.076923}, {"source": 84, "target": 122, "weight": 0.012821}, {"source": 84, "target": 124, "weight": 0.036036}, {"source": 84, "target": 118, "weight": 0.011236}, {"source": 84, "target": 126, "weight": 0.423077}, {"source": 84, "target": 90, "weight": 0.022727}, {"source": 84, "target": 130, "weight": 0.532258}, {"source": 84, "target": 93, "weight": 0.013333}, {"source": 84, "target": 95, "weight": 0.064516}, {"source": 84, "target": 116, "weight": 0.214953}, {"source": 84, "target": 100, "weight": 0.014706}, {"source": 84, "target": 133, "weight": 0.027027}, {"source": 84, "target": 102, "weight": 0.009091}, {"source": 84, "target": 105, "weight": 0.011905}, {"source": 84, "target": 108, "weight": 0.013986}, {"source": 84, "target": 110, "weight": 0.005405}, {"source": 84, "target": 139, "weight": 0.322917}, {"source": 84, "target": 112, "weight": 0.019802}, {"source": 85, "target": 131, "weight": 0.04878}, {"source": 85, "target": 128, "weight": 0.026316}, {"source": 85, "target": 117, "weight": 0.026087}, {"source": 85, "target": 139, "weight": 0.010309}, {"source": 85, "target": 133, "weight": 0.008197}, {"source": 85, "target": 135, "weight": 0.485714}, {"source": 85, "target": 120, "weight": 0.054054}, {"source": 85, "target": 105, "weight": 0.056604}, {"source": 85, "target": 115, "weight": 0.090909}, {"source": 85, "target": 108, "weight": 0.008696}, {"source": 85, "target": 98, "weight": 0.016667}, {"source": 87, "target": 107, "weight": 0.014493}, {"source": 87, "target": 88, "weight": 0.009804}, {"source": 88, "target": 117, "weight": 0.044199}, {"source": 88, "target": 89, "weight": 0.057851}, {"source": 88, "target": 131, "weight": 0.00885}, {"source": 88, "target": 137, "weight": 0.009709}, {"source": 88, "target": 97, "weight": 0.03252}, {"source": 88, "target": 140, "weight": 0.00641}, {"source": 89, "target": 117, "weight": 0.031496}, {"source": 89, "target": 137, "weight": 0.022222}, {"source": 89, "target": 91, "weight": 0.017544}, {"source": 89, "target": 92, "weight": 0.021277}, {"source": 89, "target": 93, "weight": 0.016949}, {"source": 89, "target": 140, "weight": 0.2375}, {"source": 89, "target": 97, "weight": 0.029851}, {"source": 90, "target": 126, "weight": 0.016393}, {"source": 90, "target": 130, "weight": 0.012195}, {"source": 90, "target": 116, "weight": 0.026087}, {"source": 90, "target": 133, "weight": 0.060606}, {"source": 90, "target": 139, "weight": 0.008772}, {"source": 90, "target": 112, "weight": 0.378788}, {"source": 90, "target": 143, "weight": 0.013514}, {"source": 91, "target": 117, "weight": 0.017094}, {"source": 91, "target": 98, "weight": 0.050847}, {"source": 91, "target": 133, "weight": 0.00813}, {"source": 91, "target": 108, "weight": 0.017391}, {"source": 92, "target": 133, "weight": 0.00885}, {"source": 92, "target": 140, "weight": 0.184615}, {"source": 92, "target": 119, "weight": 0.025641}, {"source": 93, "target": 117, "weight": 0.008333}, {"source": 93, "target": 139, "weight": 0.020202}, {"source": 93, "target": 140, "weight": 0.011364}, {"source": 93, "target": 130, "weight": 0.014706}, {"source": 93, "target": 105, "weight": 0.017241}, {"source": 94, "target": 131, "weight": 0.019231}, {"source": 94, "target": 117, "weight": 0.007874}, {"source": 94, "target": 120, "weight": 0.065217}, {"source": 94, "target": 113, "weight": 0.0625}, {"source": 94, "target": 133, "weight": 0.007576}, {"source": 94, "target": 134, "weight": 0.02}, {"source": 94, "target": 135, "weight": 0.265306}, {"source": 94, "target": 105, "weight": 0.245283}, {"source": 94, "target": 115, "weight": 0.393939}, {"source": 95, "target": 126, "weight": 0.085714}, {"source": 95, "target": 139, "weight": 0.045977}, {"source": 95, "target": 124, "weight": 0.215385}, {"source": 95, "target": 130, "weight": 0.072727}, {"source": 96, "target": 128, "weight": 0.032258}, {"source": 96, "target": 120, "weight": 0.032258}, {"source": 96, "target": 121, "weight": 0.025}, {"source": 96, "target": 102, "weight": 0.013514}, {"source": 97, "target": 117, "weight": 0.015625}, {"source": 97, "target": 111, "weight": 0.016949}, {"source": 97, "target": 103, "weight": 0.016393}, {"source": 97, "target": 119, "weight": 0.070175}, {"source": 97, "target": 110, "weight": 0.005952}, {"source": 98, "target": 118, "weight": 0.026316}, {"source": 98, "target": 117, "weight": 0.022727}, {"source": 98, "target": 123, "weight": 0.011494}, {"source": 98, "target": 131, "weight": 0.016949}, {"source": 98, "target": 132, "weight": 0.375}, {"source": 98, "target": 99, "weight": 0.012048}, {"source": 98, "target": 133, "weight": 0.007194}, {"source": 98, "target": 135, "weight": 0.014706}, {"source": 98, "target": 136, "weight": 0.018692}, {"source": 98, "target": 106, "weight": 0.054545}, {"source": 98, "target": 107, "weight": 0.269231}, {"source": 98, "target": 108, "weight": 0.198198}, {"source": 98, "target": 110, "weight": 0.16}, {"source": 98, "target": 139, "weight": 0.045455}, {"source": 99, "target": 131, "weight": 0.03125}, {"source": 99, "target": 128, "weight": 0.033333}, {"source": 99, "target": 117, "weight": 0.014388}, {"source": 99, "target": 113, "weight": 0.015873}, {"source": 99, "target": 133, "weight": 0.006897}, {"source": 99, "target": 135, "weight": 0.339286}, {"source": 99, "target": 120, "weight": 0.087719}, {"source": 99, "target": 105, "weight": 0.067568}, {"source": 99, "target": 115, "weight": 0.092593}, {"source": 99, "target": 108, "weight": 0.007246}, {"source": 100, "target": 139, "weight": 0.010753}, {"source": 100, "target": 130, "weight": 0.016393}, {"source": 100, "target": 105, "weight": 0.019608}, {"source": 101, "target": 128, "weight": 0.5}, {"source": 101, "target": 120, "weight": 0.08}, {"source": 101, "target": 135, "weight": 0.025641}, {"source": 102, "target": 117, "weight": 0.006452}, {"source": 102, "target": 131, "weight": 0.0125}, {"source": 102, "target": 128, "weight": 0.115942}, {"source": 102, "target": 130, "weight": 0.009709}, {"source": 102, "target": 120, "weight": 0.203125}, {"source": 102, "target": 133, "weight": 0.10274}, {"source": 102, "target": 135, "weight": 0.2}, {"source": 102, "target": 105, "weight": 0.323944}, {"source": 102, "target": 108, "weight": 0.026667}, {"source": 102, "target": 113, "weight": 0.039474}, {"source": 102, "target": 115, "weight": 0.213115}, {"source": 104, "target": 124, "weight": 0.012987}, {"source": 105, "target": 117, "weight": 0.007752}, {"source": 105, "target": 121, "weight": 0.333333}, {"source": 105, "target": 123, "weight": 0.0375}, {"source": 105, "target": 125, "weight": 0.351351}, {"source": 105, "target": 128, "weight": 0.02}, {"source": 105, "target": 130, "weight": 0.012987}, {"source": 105, "target": 120, "weight": 0.108696}, {"source": 105, "target": 116, "weight": 0.008929}, {"source": 105, "target": 133, "weight": 0.030534}, {"source": 105, "target": 135, "weight": 0.254902}, {"source": 105, "target": 136, "weight": 0.029703}, {"source": 105, "target": 131, "weight": 0.018519}, {"source": 105, "target": 110, "weight": 0.005952}, {"source": 105, "target": 111, "weight": 0.276596}, {"source": 105, "target": 139, "weight": 0.009174}, {"source": 105, "target": 113, "weight": 0.06}, {"source": 105, "target": 141, "weight": 0.55}, {"source": 105, "target": 115, "weight": 0.371429}, {"source": 106, "target": 117, "weight": 0.008772}, {"source": 106, "target": 132, "weight": 0.09375}, {"source": 106, "target": 133, "weight": 0.008403}, {"source": 106, "target": 107, "weight": 0.039474}, {"source": 106, "target": 108, "weight": 0.086538}, {"source": 106, "target": 110, "weight": 0.054795}, {"source": 106, "target": 139, "weight": 0.021505}, {"source": 107, "target": 117, "weight": 0.006452}, {"source": 107, "target": 132, "weight": 0.245902}, {"source": 107, "target": 133, "weight": 0.066225}, {"source": 107, "target": 135, "weight": 0.011236}, {"source": 107, "target": 108, "weight": 0.166667}, {"source": 107, "target": 139, "weight": 0.030303}, {"source": 107, "target": 113, "weight": 0.012821}, {"source": 108, "target": 118, "weight": 0.064}, {"source": 108, "target": 117, "weight": 0.027027}, {"source": 108, "target": 123, "weight": 0.007042}, {"source": 108, "target": 130, "weight": 0.014706}, {"source": 108, "target": 132, "weight": 0.145833}, {"source": 108, "target": 133, "weight": 0.048387}, {"source": 108, "target": 135, "weight": 0.00813}, {"source": 108, "target": 136, "weight": 0.018634}, {"source": 108, "target": 131, "weight": 0.017699}, {"source": 108, "target": 110, "weight": 0.122549}, {"source": 108, "target": 139, "weight": 0.049383}, {"source": 108, "target": 140, "weight": 0.006369}, {"source": 109, "target": 112, "weight": 0.007299}, {"source": 109, "target": 133, "weight": 0.005376}, {"source": 109, "target": 134, "weight": 0.009615}, {"source": 110, "target": 140, "weight": 0.010152}, {"source": 110, "target": 117, "weight": 0.074419}, {"source": 110, "target": 124, "weight": 0.005051}, {"source": 110, "target": 130, "weight": 0.011299}, {"source": 110, "target": 131, "weight": 0.075862}, {"source": 110, "target": 132, "weight": 0.027211}, {"source": 110, "target": 133, "weight": 0.026087}, {"source": 110, "target": 135, "weight": 0.01227}, {"source": 110, "target": 137, "weight": 0.006897}, {"source": 110, "target": 139, "weight": 0.039409}, {"source": 110, "target": 112, "weight": 0.010811}, {"source": 110, "target": 115, "weight": 0.006757}, {"source": 111, "target": 131, "weight": 0.021739}, {"source": 111, "target": 117, "weight": 0.008264}, {"source": 111, "target": 120, "weight": 0.075}, {"source": 111, "target": 113, "weight": 0.046512}, {"source": 111, "target": 133, "weight": 0.007937}, {"source": 111, "target": 135, "weight": 0.302326}, {"source": 111, "target": 115, "weight": 0.481481}, {"source": 112, "target": 130, "weight": 0.021277}, {"source": 112, "target": 116, "weight": 0.039683}, {"source": 112, "target": 133, "weight": 0.026846}, {"source": 112, "target": 139, "weight": 0.015873}, {"source": 112, "target": 143, "weight": 0.011494}, {"source": 113, "target": 121, "weight": 0.046512}, {"source": 113, "target": 125, "weight": 0.060606}, {"source": 113, "target": 118, "weight": 0.017544}, {"source": 113, "target": 120, "weight": 0.028571}, {"source": 113, "target": 135, "weight": 0.042553}, {"source": 113, "target": 136, "weight": 0.011364}, {"source": 113, "target": 141, "weight": 0.068182}, {"source": 113, "target": 115, "weight": 0.064516}, {"source": 115, "target": 117, "weight": 0.009174}, {"source": 115, "target": 120, "weight": 0.107143}, {"source": 115, "target": 121, "weight": 0.481481}, {"source": 115, "target": 123, "weight": 0.05}, {"source": 115, "target": 125, "weight": 0.764706}, {"source": 115, "target": 131, "weight": 0.029412}, {"source": 115, "target": 133, "weight": 0.008772}, {"source": 115, "target": 135, "weight": 0.419355}, {"source": 115, "target": 136, "weight": 0.037037}, {"source": 115, "target": 141, "weight": 0.448276}, {"source": 116, "target": 117, "weight": 0.005747}, {"source": 116, "target": 120, "weight": 0.010526}, {"source": 116, "target": 124, "weight": 0.028777}, {"source": 116, "target": 126, "weight": 0.275}, {"source": 116, "target": 130, "weight": 0.069565}, {"source": 116, "target": 133, "weight": 0.005587}, {"source": 116, "target": 139, "weight": 0.061644}, {"source": 117, "target": 118, "weight": 0.007463}, {"source": 117, "target": 121, "weight": 0.008264}, {"source": 117, "target": 123, "weight": 0.013986}, {"source": 117, "target": 125, "weight": 0.009009}, {"source": 117, "target": 131, "weight": 0.083333}, {"source": 117, "target": 132, "weight": 0.009009}, {"source": 117, "target": 133, "weight": 0.010256}, {"source": 117, "target": 136, "weight": 0.064103}, {"source": 117, "target": 135, "weight": 0.016129}, {"source": 117, "target": 139, "weight": 0.02381}, {"source": 117, "target": 140, "weight": 0.006289}, {"source": 117, "target": 141, "weight": 0.00813}, {"source": 118, "target": 131, "weight": 0.016949}, {"source": 118, "target": 130, "weight": 0.012195}, {"source": 118, "target": 132, "weight": 0.018519}, {"source": 118, "target": 133, "weight": 0.196581}, {"source": 118, "target": 135, "weight": 0.014706}, {"source": 118, "target": 139, "weight": 0.008772}, {"source": 119, "target": 140, "weight": 0.011111}, {"source": 119, "target": 143, "weight": 0.016129}, {"source": 120, "target": 121, "weight": 0.433333}, {"source": 120, "target": 123, "weight": 0.047619}, {"source": 120, "target": 125, "weight": 0.137931}, {"source": 120, "target": 128, "weight": 0.307692}, {"source": 120, "target": 133, "weight": 0.017241}, {"source": 120, "target": 136, "weight": 0.023529}, {"source": 120, "target": 135, "weight": 0.119048}, {"source": 120, "target": 141, "weight": 0.125}, {"source": 121, "target": 131, "weight": 0.021739}, {"source": 121, "target": 128, "weight": 0.228571}, {"source": 121, "target": 133, "weight": 0.016}, {"source": 121, "target": 135, "weight": 0.333333}, {"source": 122, "target": 139, "weight": 0.009709}, {"source": 122, "target": 130, "weight": 0.014085}, {"source": 123, "target": 128, "weight": 0.03125}, {"source": 123, "target": 131, "weight": 0.029412}, {"source": 123, "target": 133, "weight": 0.006711}, {"source": 123, "target": 135, "weight": 0.274194}, {"source": 124, "target": 126, "weight": 0.035714}, {"source": 124, "target": 130, "weight": 0.038462}, {"source": 124, "target": 139, "weight": 0.029412}, {"source": 124, "target": 144, "weight": 0.461538}, {"source": 125, "target": 131, "weight": 0.027778}, {"source": 125, "target": 133, "weight": 0.008621}, {"source": 125, "target": 135, "weight": 0.4375}, {"source": 126, "target": 130, "weight": 0.116667}, {"source": 126, "target": 133, "weight": 0.00813}, {"source": 126, "target": 139, "weight": 0.087912}, {"source": 127, "target": 140, "weight": 0.014286}, {"source": 128, "target": 136, "weight": 0.011628}, {"source": 128, "target": 135, "weight": 0.021739}, {"source": 128, "target": 141, "weight": 0.022727}, {"source": 129, "target": 138, "weight": 0.153846}, {"source": 130, "target": 133, "weight": 0.028369}, {"source": 130, "target": 139, "weight": 0.333333}, {"source": 130, "target": 143, "weight": 0.012658}, {"source": 131, "target": 135, "weight": 0.040816}, {"source": 131, "target": 136, "weight": 0.109756}, {"source": 131, "target": 141, "weight": 0.020833}, {"source": 132, "target": 133, "weight": 0.008621}, {"source": 132, "target": 139, "weight": 0.033708}, {"source": 133, "target": 135, "weight": 0.015504}, {"source": 133, "target": 136, "weight": 0.005882}, {"source": 133, "target": 139, "weight": 0.047337}, {"source": 133, "target": 141, "weight": 0.032}, {"source": 133, "target": 140, "weight": 0.006098}, {"source": 135, "target": 136, "weight": 0.204819}, {"source": 135, "target": 141, "weight": 0.288889}], "multigraph": false}