{"directed": false, "graph": {}, "nodes": [{"group": 0, "id": "photometry", "degree": 3}, {"group": 1, "id": "phobia", "degree": 2}, {"group": 2, "id": "phenomenon"}, {"group": 3, "id": "phosphorescence", "degree": 0}, {"group": 10, "id": "philology"}, {"group": 0, "id": "phylogenetic"}, {"group": 11, "id": "phonograph", "degree": 0}, {"group": 5, "id": "phrenetic", "degree": 0}, {"group": 4, "id": "phenobarbital", "degree": 2}, {"group": 6, "id": "phoneme"}, {"group": 0, "id": "philosophical"}, {"group": 2, "id": "phylum"}, {"group": 3, "id": "phosphor", "degree": 1}, {"group": 2, "id": "phalanx", "degree": 3}, {"group": 1, "id": "phrase"}, {"group": 0, "id": "pharmacy", "degree": 2}, {"group": 4, "id": "photogenic"}, {"group": 2, "id": "pharisaic"}, {"group": 0, "id": "physical", "degree": 5}, {"group": 2, "id": "phantom"}, {"group": 6, "id": "phonemic", "degree": 4}, {"group": 0, "id": "phlegm", "degree": 3}, {"group": 2, "id": "phantasm", "degree": 9}, {"group": 10, "id": "phonetics"}, {"group": 2, "id": "physique"}, {"group": 0, "id": "physiology"}, {"group": 8, "id": "philanthropy", "degree": 0}, {"group": 0, "id": "physic"}, {"group": 4, "id": "photo"}, {"group": 9, "id": "philander"}, {"group": 6, "id": "philological", "degree": 2}, {"group": 1, "id": "phallus", "degree": 1}, {"group": 4, "id": "photoplay", "degree": 5}, {"group": 0, "id": "physiography", "degree": 1}, {"group": 0, "id": "pharmacology"}, {"group": 1, "id": "pharynx"}, {"group": 0, "id": "phenomenology", "degree": 0}, {"group": 0, "id": "photography", "degree": 2}, {"group": 0, "id": "philosophy", "degree": 11}, {"group": 13, "id": "photon", "degree": 7}, {"group": 4, "id": "phony"}, {"group": 9, "id": "philanderer", "degree": 1}, {"group": 6, "id": "phone", "degree": 3}, {"group": 0, "id": "photoengraving", "degree": 2}, {"group": 6, "id": "photoelectric", "degree": 1}, {"group": 2, "id": "phase", "degree": 9}, {"group": 4, "id": "photographic", "degree": 3}, {"group": 2, "id": "phantomlike"}, {"group": 1, "id": "phraseology", "degree": 9}, {"group": 2, "id": "phantasmagoric"}, {"group": 4, "id": "photograph", "degree": 14}, {"group": 2, "id": "phantasmagoria", "degree": 12}, {"group": 12, "id": "philanthropic", "degree": 1}, {"group": 1, "id": "philippic", "degree": 3}, {"group": 12, "id": "philanthropist"}, {"group": 1, "id": "phrasing"}, {"group": 7, "id": "phlebitis", "degree": 0}, {"group": 6, "id": "phlegmatic"}, {"group": 6, "id": "phonic", "degree": 6}, {"group": 1, "id": "phonate", "degree": 5}, {"group": 10, "id": "phonology", "degree": 5}, {"group": 2, "id": "phantasmal", "degree": 9}, {"group": 0, "id": "phenomenal"}, {"group": 6, "id": "phonetic", "degree": 11}, {"group": 0, "id": "phlebotomy"}, {"group": 13, "id": "photoemission"}, {"group": 6, "id": "pharyngeal", "degree": 13}, {"group": 4, "id": "photocopy"}], "links": [{"source": 0, "target": 37, "weight": 0.02381}, {"source": 0, "target": 38, "weight": 0.017857}, {"source": 0, "target": 27, "weight": 0.021739}, {"source": 1, "target": 19, "weight": 0.013699}, {"source": 1, "target": 53, "weight": 0.016949}, {"source": 2, "target": 45, "weight": 0.057971}, {"source": 2, "target": 61, "weight": 0.013889}, {"source": 2, "target": 50, "weight": 0.007874}, {"source": 2, "target": 51, "weight": 0.183333}, {"source": 2, "target": 22, "weight": 0.108696}, {"source": 3, "target": 12, "weight": 0.428571}, {"source": 4, "target": 60, "weight": 0.6875}, {"source": 4, "target": 48, "weight": 0.021739}, {"source": 5, "target": 18, "weight": 0.015152}, {"source": 8, "target": 57, "weight": 0.007752}, {"source": 8, "target": 40, "weight": 0.005405}, {"source": 9, "target": 20, "weight": 0.176471}, {"source": 9, "target": 58, "weight": 0.1875}, {"source": 9, "target": 59, "weight": 0.017544}, {"source": 9, "target": 42, "weight": 0.659091}, {"source": 9, "target": 63, "weight": 0.154639}, {"source": 9, "target": 66, "weight": 0.371795}, {"source": 9, "target": 18, "weight": 0.011628}, {"source": 10, "target": 38, "weight": 0.028169}, {"source": 10, "target": 59, "weight": 0.017544}, {"source": 10, "target": 18, "weight": 0.011628}, {"source": 11, "target": 50, "weight": 0.00625}, {"source": 11, "target": 51, "weight": 0.019608}, {"source": 11, "target": 60, "weight": 0.011765}, {"source": 11, "target": 45, "weight": 0.049505}, {"source": 11, "target": 63, "weight": 0.006579}, {"source": 11, "target": 13, "weight": 0.02381}, {"source": 11, "target": 22, "weight": 0.015038}, {"source": 13, "target": 14, "weight": 0.018957}, {"source": 13, "target": 24, "weight": 0.020548}, {"source": 13, "target": 21, "weight": 0.008621}, {"source": 14, "target": 50, "weight": 0.008163}, {"source": 14, "target": 51, "weight": 0.010638}, {"source": 14, "target": 53, "weight": 0.021277}, {"source": 14, "target": 59, "weight": 0.170886}, {"source": 14, "target": 60, "weight": 0.005848}, {"source": 14, "target": 42, "weight": 0.005025}, {"source": 14, "target": 45, "weight": 0.015873}, {"source": 14, "target": 22, "weight": 0.004545}, {"source": 14, "target": 66, "weight": 0.004292}, {"source": 14, "target": 48, "weight": 0.103448}, {"source": 15, "target": 25, "weight": 0.030303}, {"source": 15, "target": 27, "weight": 0.020408}, {"source": 16, "target": 50, "weight": 0.010989}, {"source": 16, "target": 46, "weight": 0.1}, {"source": 17, "target": 61, "weight": 0.020408}, {"source": 18, "target": 62, "weight": 0.060606}, {"source": 18, "target": 42, "weight": 0.010101}, {"source": 18, "target": 66, "weight": 0.007519}, {"source": 19, "target": 50, "weight": 0.014286}, {"source": 19, "target": 51, "weight": 0.106383}, {"source": 19, "target": 61, "weight": 0.253968}, {"source": 19, "target": 45, "weight": 0.039474}, {"source": 19, "target": 22, "weight": 0.385185}, {"source": 20, "target": 35, "weight": 0.012048}, {"source": 20, "target": 57, "weight": 0.012346}, {"source": 20, "target": 39, "weight": 0.010638}, {"source": 20, "target": 58, "weight": 0.8}, {"source": 20, "target": 42, "weight": 0.153061}, {"source": 20, "target": 45, "weight": 0.009615}, {"source": 20, "target": 63, "weight": 0.831325}, {"source": 20, "target": 66, "weight": 0.689655}, {"source": 20, "target": 30, "weight": 0.140845}, {"source": 21, "target": 24, "weight": 0.006711}, {"source": 21, "target": 38, "weight": 0.02}, {"source": 21, "target": 57, "weight": 0.006579}, {"source": 22, "target": 49, "weight": 0.011494}, {"source": 22, "target": 50, "weight": 0.019868}, {"source": 22, "target": 51, "weight": 0.182927}, {"source": 22, "target": 47, "weight": 0.034884}, {"source": 22, "target": 24, "weight": 0.02649}, {"source": 22, "target": 40, "weight": 0.009434}, {"source": 22, "target": 61, "weight": 0.03125}, {"source": 22, "target": 45, "weight": 0.053191}, {"source": 23, "target": 60, "weight": 0.8125}, {"source": 23, "target": 48, "weight": 0.020833}, {"source": 24, "target": 50, "weight": 0.005556}, {"source": 24, "target": 51, "weight": 0.024793}, {"source": 24, "target": 38, "weight": 0.007519}, {"source": 24, "target": 39, "weight": 0.008696}, {"source": 24, "target": 45, "weight": 0.032787}, {"source": 24, "target": 63, "weight": 0.005814}, {"source": 24, "target": 48, "weight": 0.008}, {"source": 25, "target": 38, "weight": 0.016949}, {"source": 27, "target": 37, "weight": 0.016393}, {"source": 27, "target": 33, "weight": 0.027027}, {"source": 27, "target": 38, "weight": 0.1875}, {"source": 28, "target": 50, "weight": 0.129032}, {"source": 28, "target": 32, "weight": 0.03125}, {"source": 28, "target": 46, "weight": 0.043478}, {"source": 29, "target": 41, "weight": 0.139535}, {"source": 30, "target": 63, "weight": 0.120482}, {"source": 30, "target": 66, "weight": 0.035294}, {"source": 30, "target": 58, "weight": 0.041096}, {"source": 31, "target": 35, "weight": 0.030303}, {"source": 32, "target": 45, "weight": 0.019231}, {"source": 32, "target": 50, "weight": 0.018868}, {"source": 32, "target": 51, "weight": 0.02}, {"source": 32, "target": 40, "weight": 0.005988}, {"source": 33, "target": 38, "weight": 0.021277}, {"source": 34, "target": 38, "weight": 0.016667}, {"source": 35, "target": 58, "weight": 0.012821}, {"source": 35, "target": 63, "weight": 0.010526}, {"source": 35, "target": 66, "weight": 0.011111}, {"source": 35, "target": 48, "weight": 0.020833}, {"source": 36, "target": 38, "weight": 0.155556}, {"source": 37, "target": 50, "weight": 0.017094}, {"source": 37, "target": 64, "weight": 0.025}, {"source": 37, "target": 38, "weight": 0.014085}, {"source": 37, "target": 43, "weight": 0.411765}, {"source": 38, "target": 50, "weight": 0.007576}, {"source": 38, "target": 67, "weight": 0.016949}, {"source": 38, "target": 57, "weight": 0.007353}, {"source": 39, "target": 58, "weight": 0.011236}, {"source": 39, "target": 45, "weight": 0.016949}, {"source": 39, "target": 63, "weight": 0.009434}, {"source": 39, "target": 65, "weight": 0.04}, {"source": 39, "target": 66, "weight": 0.009901}, {"source": 40, "target": 50, "weight": 0.052632}, {"source": 40, "target": 51, "weight": 0.01105}, {"source": 40, "target": 61, "weight": 0.016484}, {"source": 40, "target": 45, "weight": 0.022099}, {"source": 41, "target": 50, "weight": 0.008403}, {"source": 42, "target": 58, "weight": 0.16129}, {"source": 42, "target": 59, "weight": 0.014286}, {"source": 42, "target": 63, "weight": 0.136364}, {"source": 42, "target": 64, "weight": 0.018519}, {"source": 42, "target": 66, "weight": 0.318681}, {"source": 43, "target": 50, "weight": 0.009259}, {"source": 44, "target": 57, "weight": 0.010101}, {"source": 45, "target": 49, "weight": 0.017241}, {"source": 45, "target": 50, "weight": 0.041667}, {"source": 45, "target": 51, "weight": 0.079365}, {"source": 45, "target": 67, "weight": 0.019608}, {"source": 45, "target": 58, "weight": 0.010101}, {"source": 45, "target": 61, "weight": 0.014493}, {"source": 45, "target": 63, "weight": 0.008621}, {"source": 45, "target": 66, "weight": 0.009009}, {"source": 46, "target": 50, "weight": 0.010204}, {"source": 47, "target": 61, "weight": 0.304348}, {"source": 47, "target": 51, "weight": 0.017544}, {"source": 48, "target": 53, "weight": 0.029412}, {"source": 48, "target": 55, "weight": 0.367347}, {"source": 48, "target": 59, "weight": 0.016129}, {"source": 48, "target": 60, "weight": 0.020408}, {"source": 49, "target": 61, "weight": 0.638889}, {"source": 49, "target": 51, "weight": 0.017857}, {"source": 50, "target": 51, "weight": 0.051282}, {"source": 50, "target": 67, "weight": 0.114583}, {"source": 50, "target": 63, "weight": 0.005848}, {"source": 51, "target": 61, "weight": 0.014925}, {"source": 52, "target": 54, "weight": 0.04}, {"source": 53, "target": 55, "weight": 0.030769}, {"source": 53, "target": 59, "weight": 0.016129}, {"source": 55, "target": 60, "weight": 0.021739}, {"source": 55, "target": 59, "weight": 0.016949}, {"source": 57, "target": 58, "weight": 0.012739}, {"source": 57, "target": 63, "weight": 0.011494}, {"source": 57, "target": 66, "weight": 0.011834}, {"source": 58, "target": 63, "weight": 0.689655}, {"source": 58, "target": 66, "weight": 0.731707}, {"source": 59, "target": 66, "weight": 0.009615}, {"source": 61, "target": 62, "weight": 0.012195}, {"source": 63, "target": 66, "weight": 0.606061}, {"source": 64, "target": 66, "weight": 0.011364}], "multigraph": false}