{"directed": false, "graph": {}, "nodes": [{"group": 0, "id": "pizzazz", "degree": 10}, {"group": 1, "id": "pillory"}, {"group": 2, "id": "piddle"}, {"group": 0, "id": "piazza", "degree": 4}, {"group": 3, "id": "pillowcase"}, {"group": 0, "id": "pinhead", "degree": 8}, {"group": 0, "id": "pique", "degree": 20}, {"group": 4, "id": "piffle"}, {"group": 5, "id": "pitch", "degree": 50}, {"group": 3, "id": "pictographic"}, {"group": 4, "id": "pincers", "degree": 5}, {"group": 0, "id": "pinball", "degree": 1}, {"group": 5, "id": "pile", "degree": 42}, {"group": 6, "id": "piano", "degree": 11}, {"group": 7, "id": "pill"}, {"group": 0, "id": "pitfall", "degree": 2}, {"group": 8, "id": "pindling"}, {"group": 6, "id": "pizzicato", "degree": 10}, {"group": 9, "id": "pigment"}, {"group": 2, "id": "pinchbeck", "degree": 12}, {"group": 5, "id": "pillbox", "degree": 14}, {"group": 5, "id": "pier"}, {"group": 2, "id": "pious"}, {"group": 5, "id": "pilaster", "degree": 15}, {"group": 8, "id": "pithy"}, {"group": 5, "id": "pinnacle"}, {"group": 0, "id": "pimp", "degree": 8}, {"group": 0, "id": "pinch", "degree": 51}, {"group": 5, "id": "pillar"}, {"group": 4, "id": "piping"}, {"group": 1, "id": "pintle"}, {"group": 11, "id": "picker", "degree": 1}, {"group": 8, "id": "pinched", "degree": 9}, {"group": 11, "id": "pillhead", "degree": 4}, {"group": 2, "id": "picnic", "degree": 20}, {"group": 2, "id": "piglet"}, {"group": 1, "id": "picket"}, {"group": 3, "id": "picture", "degree": 56}, {"group": 7, "id": "pickled", "degree": 10}, {"group": 4, "id": "picked", "degree": 7}, {"group": 0, "id": "pittance"}, {"group": 0, "id": "pinpoint"}, {"group": 11, "id": "pigeonholing", "degree": 4}, {"group": 0, "id": "pipes"}, {"group": 2, "id": "pigeon", "degree": 30}, {"group": 11, "id": "pioneer", "degree": 14}, {"group": 0, "id": "pickup"}, {"group": 7, "id": "pixieish"}, {"group": 2, "id": "pizzeria"}, {"group": 0, "id": "pistol", "degree": 22}, {"group": 0, "id": "pirate", "degree": 18}, {"group": 8, "id": "pitiless", "degree": 8}, {"group": 0, "id": "pilfer"}, {"group": 11, "id": "pinhole", "degree": 9}, {"group": 12, "id": "pitchy", "degree": 2}, {"group": 3, "id": "picot", "degree": 15}, {"group": 8, "id": "piggish"}, {"group": 7, "id": "pissed"}, {"group": 0, "id": "pity"}, {"group": 5, "id": "pike", "degree": 25}, {"group": 4, "id": "pipeline"}, {"group": 10, "id": "piety", "degree": 2}, {"group": 8, "id": "piquant"}, {"group": 8, "id": "piercing", "degree": 38}, {"group": 1, "id": "pith", "degree": 27}, {"group": 2, "id": "pilfering"}, {"group": 3, "id": "pictorial"}, {"group": 4, "id": "pick"}, {"group": 2, "id": "pillow"}, {"group": 3, "id": "pictogram", "degree": 13}, {"group": 2, "id": "pietistic"}, {"group": 13, "id": "piecemeal", "degree": 0}, {"group": 6, "id": "pitying", "degree": 5}, {"group": 8, "id": "piteous"}, {"group": 1, "id": "pivot"}, {"group": 3, "id": "pinko"}, {"group": 8, "id": "piddling", "degree": 18}, {"group": 11, "id": "pigeonhole"}, {"group": 6, "id": "pining", "degree": 15}, {"group": 3, "id": "pitching"}, {"group": 6, "id": "pitted"}, {"group": 2, "id": "pinwheel"}, {"group": 3, "id": "pi", "degree": 31}, {"group": 0, "id": "pistil"}, {"group": 11, "id": "pinpointing"}, {"group": 0, "id": "pitilessness", "degree": 4}, {"group": 1, "id": "pirouette", "degree": 13}, {"group": 6, "id": "pianissimo", "degree": 6}, {"group": 7, "id": "pixie", "degree": 4}, {"group": 11, "id": "pilotage", "degree": 12}, {"group": 8, "id": "pinching"}, {"group": 10, "id": "piousness"}, {"group": 6, "id": "pitched"}, {"group": 8, "id": "pitiful", "degree": 15}, {"group": 7, "id": "piqued", "degree": 1}, {"group": 11, "id": "pilot", "degree": 25}, {"group": 0, "id": "pierce"}, {"group": 1, "id": "pivoting"}, {"group": 11, "id": "pilgrim", "degree": 8}, {"group": 8, "id": "piffling", "degree": 3}, {"group": 2, "id": "pinprick", "degree": 27}, {"group": 4, "id": "pitapat", "degree": 15}, {"group": 4, "id": "pippin"}, {"group": 8, "id": "pimping"}, {"group": 0, "id": "piece", "degree": 40}, {"group": 0, "id": "pickle"}, {"group": 3, "id": "picturing"}, {"group": 8, "id": "pigheaded"}, {"group": 12, "id": "pillaging", "degree": 4}, {"group": 2, "id": "pin"}, {"group": 4, "id": "piccolo"}, {"group": 2, "id": "pie", "degree": 9}, {"group": 0, "id": "pig"}, {"group": 0, "id": "picketing"}, {"group": 4, "id": "pip", "degree": 22}, {"group": 6, "id": "pileup"}, {"group": 9, "id": "pinto", "degree": 4}, {"group": 0, "id": "pit"}, {"group": 3, "id": "pink"}, {"group": 2, "id": "pimply"}, {"group": 3, "id": "pictograph"}, {"group": 1, "id": "pigtail", "degree": 7}, {"group": 3, "id": "picturesque", "degree": 9}, {"group": 6, "id": "pianoforte", "degree": 8}, {"group": 12, "id": "pickings"}, {"group": 0, "id": "pine", "degree": 19}, {"group": 11, "id": "piny"}, {"group": 8, "id": "pivotal"}, {"group": 9, "id": "piebald", "degree": 1}, {"group": 11, "id": "pilgrimage", "degree": 19}, {"group": 0, "id": "pimple", "degree": 33}, {"group": 3, "id": "picturization"}, {"group": 7, "id": "pixilated", "degree": 4}, {"group": 4, "id": "pipette"}, {"group": 12, "id": "pillage"}, {"group": 8, "id": "pickling"}, {"group": 14, "id": "piscatory", "degree": 0}, {"group": 8, "id": "piker", "degree": 9}, {"group": 2, "id": "picayune"}, {"group": 2, "id": "pinup"}, {"group": 2, "id": "picky", "degree": 3}, {"group": 3, "id": "pica", "degree": 31}, {"group": 4, "id": "pipe", "degree": 49}, {"group": 8, "id": "pitchman", "degree": 5}, {"group": 6, "id": "pigeonhearted"}, {"group": 1, "id": "pinion", "degree": 14}], "links": [{"source": 0, "target": 34, "weight": 0.008547}, {"source": 0, "target": 36, "weight": 0.013333}, {"source": 0, "target": 111, "weight": 0.010989}, {"source": 0, "target": 6, "weight": 0.005882}, {"source": 0, "target": 8, "weight": 0.008746}, {"source": 0, "target": 117, "weight": 0.007576}, {"source": 0, "target": 118, "weight": 0.006536}, {"source": 0, "target": 109, "weight": 0.004739}, {"source": 0, "target": 46, "weight": 0.012346}, {"source": 0, "target": 12, "weight": 0.004098}, {"source": 0, "target": 49, "weight": 0.029126}, {"source": 0, "target": 130, "weight": 0.005848}, {"source": 0, "target": 37, "weight": 0.003521}, {"source": 0, "target": 85, "weight": 0.034483}, {"source": 0, "target": 89, "weight": 0.016129}, {"source": 0, "target": 138, "weight": 0.006369}, {"source": 0, "target": 139, "weight": 0.011236}, {"source": 0, "target": 95, "weight": 0.006024}, {"source": 0, "target": 59, "weight": 0.009524}, {"source": 0, "target": 96, "weight": 0.005208}, {"source": 0, "target": 113, "weight": 0.021739}, {"source": 0, "target": 27, "weight": 0.009036}, {"source": 0, "target": 100, "weight": 0.009259}, {"source": 0, "target": 142, "weight": 0.004167}, {"source": 0, "target": 64, "weight": 0.039548}, {"source": 0, "target": 67, "weight": 0.006757}, {"source": 1, "target": 6, "weight": 0.005747}, {"source": 1, "target": 145, "weight": 0.078947}, {"source": 1, "target": 17, "weight": 0.010638}, {"source": 1, "target": 86, "weight": 0.010309}, {"source": 1, "target": 27, "weight": 0.002959}, {"source": 2, "target": 37, "weight": 0.004032}, {"source": 2, "target": 34, "weight": 0.012346}, {"source": 2, "target": 44, "weight": 0.032}, {"source": 2, "target": 111, "weight": 0.018182}, {"source": 2, "target": 100, "weight": 0.042857}, {"source": 2, "target": 142, "weight": 0.004902}, {"source": 2, "target": 104, "weight": 0.00295}, {"source": 2, "target": 95, "weight": 0.007692}, {"source": 3, "target": 59, "weight": 0.018182}, {"source": 3, "target": 41, "weight": 0.019231}, {"source": 3, "target": 105, "weight": 0.009174}, {"source": 3, "target": 77, "weight": 0.007407}, {"source": 3, "target": 8, "weight": 0.00339}, {"source": 3, "target": 117, "weight": 0.018868}, {"source": 4, "target": 82, "weight": 0.015873}, {"source": 4, "target": 12, "weight": 0.004975}, {"source": 4, "target": 141, "weight": 0.020408}, {"source": 4, "target": 104, "weight": 0.003012}, {"source": 5, "target": 33, "weight": 0.015873}, {"source": 5, "target": 109, "weight": 0.005102}, {"source": 5, "target": 77, "weight": 0.011834}, {"source": 5, "target": 8, "weight": 0.015337}, {"source": 5, "target": 114, "weight": 0.008065}, {"source": 5, "target": 82, "weight": 0.022222}, {"source": 5, "target": 117, "weight": 0.004}, {"source": 5, "target": 40, "weight": 0.151163}, {"source": 5, "target": 121, "weight": 0.014925}, {"source": 5, "target": 125, "weight": 0.011236}, {"source": 5, "target": 45, "weight": 0.015873}, {"source": 5, "target": 12, "weight": 0.004367}, {"source": 5, "target": 49, "weight": 0.011111}, {"source": 5, "target": 130, "weight": 0.00641}, {"source": 5, "target": 18, "weight": 0.009901}, {"source": 5, "target": 41, "weight": 0.194915}, {"source": 5, "target": 59, "weight": 0.022472}, {"source": 5, "target": 20, "weight": 0.014925}, {"source": 5, "target": 25, "weight": 0.034188}, {"source": 5, "target": 27, "weight": 0.042345}, {"source": 5, "target": 64, "weight": 0.005952}, {"source": 5, "target": 104, "weight": 0.016901}, {"source": 5, "target": 141, "weight": 0.026316}, {"source": 5, "target": 145, "weight": 0.019608}, {"source": 6, "target": 118, "weight": 0.010152}, {"source": 6, "target": 96, "weight": 0.048458}, {"source": 6, "target": 104, "weight": 0.007177}, {"source": 6, "target": 36, "weight": 0.005102}, {"source": 6, "target": 27, "weight": 0.024259}, {"source": 6, "target": 8, "weight": 0.005141}, {"source": 6, "target": 124, "weight": 0.013986}, {"source": 6, "target": 125, "weight": 0.006711}, {"source": 6, "target": 112, "weight": 0.010638}, {"source": 6, "target": 88, "weight": 0.006897}, {"source": 6, "target": 113, "weight": 0.014599}, {"source": 6, "target": 46, "weight": 0.009662}, {"source": 6, "target": 12, "weight": 0.006944}, {"source": 6, "target": 67, "weight": 0.010417}, {"source": 6, "target": 101, "weight": 0.005291}, {"source": 6, "target": 49, "weight": 0.006667}, {"source": 6, "target": 105, "weight": 0.0199}, {"source": 6, "target": 145, "weight": 0.006135}, {"source": 7, "target": 142, "weight": 0.00939}, {"source": 7, "target": 114, "weight": 0.017857}, {"source": 7, "target": 100, "weight": 0.012195}, {"source": 7, "target": 86, "weight": 0.014925}, {"source": 8, "target": 93, "weight": 0.002632}, {"source": 8, "target": 34, "weight": 0.002967}, {"source": 8, "target": 107, "weight": 0.003268}, {"source": 8, "target": 36, "weight": 0.002695}, {"source": 8, "target": 124, "weight": 0.003135}, {"source": 8, "target": 110, "weight": 0.003215}, {"source": 8, "target": 111, "weight": 0.006452}, {"source": 8, "target": 109, "weight": 0.009346}, {"source": 8, "target": 12, "weight": 0.019737}, {"source": 8, "target": 91, "weight": 0.003322}, {"source": 8, "target": 24, "weight": 0.002849}, {"source": 8, "target": 77, "weight": 0.02267}, {"source": 8, "target": 115, "weight": 0.003311}, {"source": 8, "target": 114, "weight": 0.008403}, {"source": 8, "target": 74, "weight": 0.013263}, {"source": 8, "target": 117, "weight": 0.014614}, {"source": 8, "target": 14, "weight": 0.003226}, {"source": 8, "target": 118, "weight": 0.033149}, {"source": 8, "target": 40, "weight": 0.003003}, {"source": 8, "target": 41, "weight": 0.010753}, {"source": 8, "target": 123, "weight": 0.003472}, {"source": 8, "target": 44, "weight": 0.002604}, {"source": 8, "target": 125, "weight": 0.012461}, {"source": 8, "target": 45, "weight": 0.002762}, {"source": 8, "target": 46, "weight": 0.005236}, {"source": 8, "target": 127, "weight": 0.003135}, {"source": 8, "target": 78, "weight": 0.002924}, {"source": 8, "target": 23, "weight": 0.018127}, {"source": 8, "target": 134, "weight": 0.00578}, {"source": 8, "target": 129, "weight": 0.003215}, {"source": 8, "target": 81, "weight": 0.003279}, {"source": 8, "target": 49, "weight": 0.009288}, {"source": 8, "target": 50, "weight": 0.003185}, {"source": 8, "target": 37, "weight": 0.018145}, {"source": 8, "target": 85, "weight": 0.003236}, {"source": 8, "target": 112, "weight": 0.002747}, {"source": 8, "target": 86, "weight": 0.009646}, {"source": 8, "target": 54, "weight": 0.006711}, {"source": 8, "target": 17, "weight": 0.003226}, {"source": 8, "target": 18, "weight": 0.01506}, {"source": 8, "target": 88, "weight": 0.003125}, {"source": 8, "target": 30, "weight": 0.00339}, {"source": 8, "target": 89, "weight": 0.005814}, {"source": 8, "target": 55, "weight": 0.006623}, {"source": 8, "target": 138, "weight": 0.002653}, {"source": 8, "target": 97, "weight": 0.00339}, {"source": 8, "target": 92, "weight": 0.00831}, {"source": 8, "target": 139, "weight": 0.003236}, {"source": 8, "target": 21, "weight": 0.014837}, {"source": 8, "target": 13, "weight": 0.003115}, {"source": 8, "target": 59, "weight": 0.01875}, {"source": 8, "target": 96, "weight": 0.007317}, {"source": 8, "target": 82, "weight": 0.015528}, {"source": 8, "target": 25, "weight": 0.095385}, {"source": 8, "target": 61, "weight": 0.003322}, {"source": 8, "target": 27, "weight": 0.009091}, {"source": 8, "target": 28, "weight": 0.020942}, {"source": 8, "target": 100, "weight": 0.003049}, {"source": 8, "target": 130, "weight": 0.002558}, {"source": 8, "target": 142, "weight": 0.015419}, {"source": 8, "target": 64, "weight": 0.012531}, {"source": 8, "target": 68, "weight": 0.002994}, {"source": 8, "target": 101, "weight": 0.022409}, {"source": 8, "target": 67, "weight": 0.025}, {"source": 8, "target": 104, "weight": 0.025818}, {"source": 8, "target": 105, "weight": 0.010638}, {"source": 8, "target": 141, "weight": 0.009677}, {"source": 8, "target": 145, "weight": 0.002959}, {"source": 9, "target": 37, "weight": 0.004098}, {"source": 9, "target": 82, "weight": 0.015152}, {"source": 9, "target": 141, "weight": 0.019231}, {"source": 9, "target": 122, "weight": 0.057692}, {"source": 10, "target": 52, "weight": 0.015625}, {"source": 10, "target": 60, "weight": 0.060606}, {"source": 10, "target": 133, "weight": 0.119048}, {"source": 10, "target": 27, "weight": 0.007018}, {"source": 10, "target": 142, "weight": 0.010471}, {"source": 10, "target": 29, "weight": 0.027397}, {"source": 11, "target": 27, "weight": 0.003597}, {"source": 12, "target": 36, "weight": 0.030418}, {"source": 12, "target": 130, "weight": 0.013937}, {"source": 12, "target": 112, "weight": 0.003802}, {"source": 12, "target": 23, "weight": 0.134615}, {"source": 12, "target": 77, "weight": 0.016667}, {"source": 12, "target": 108, "weight": 0.004739}, {"source": 12, "target": 114, "weight": 0.011719}, {"source": 12, "target": 74, "weight": 0.007168}, {"source": 12, "target": 117, "weight": 0.054795}, {"source": 12, "target": 118, "weight": 0.00738}, {"source": 12, "target": 40, "weight": 0.013043}, {"source": 12, "target": 41, "weight": 0.00365}, {"source": 12, "target": 123, "weight": 0.005348}, {"source": 12, "target": 44, "weight": 0.003534}, {"source": 12, "target": 125, "weight": 0.004484}, {"source": 12, "target": 46, "weight": 0.003546}, {"source": 12, "target": 78, "weight": 0.004149}, {"source": 12, "target": 109, "weight": 0.021605}, {"source": 12, "target": 124, "weight": 0.013889}, {"source": 12, "target": 129, "weight": 0.004762}, {"source": 12, "target": 13, "weight": 0.004545}, {"source": 12, "target": 49, "weight": 0.022727}, {"source": 12, "target": 50, "weight": 0.004695}, {"source": 12, "target": 52, "weight": 0.004329}, {"source": 12, "target": 133, "weight": 0.004695}, {"source": 12, "target": 134, "weight": 0.008163}, {"source": 12, "target": 96, "weight": 0.006452}, {"source": 12, "target": 18, "weight": 0.008547}, {"source": 12, "target": 30, "weight": 0.005155}, {"source": 12, "target": 89, "weight": 0.004098}, {"source": 12, "target": 138, "weight": 0.007273}, {"source": 12, "target": 21, "weight": 0.12093}, {"source": 12, "target": 93, "weight": 0.003584}, {"source": 12, "target": 121, "weight": 0.004975}, {"source": 12, "target": 58, "weight": 0.004673}, {"source": 12, "target": 60, "weight": 0.004975}, {"source": 12, "target": 20, "weight": 0.01}, {"source": 12, "target": 25, "weight": 0.036585}, {"source": 12, "target": 27, "weight": 0.008889}, {"source": 12, "target": 28, "weight": 0.11583}, {"source": 12, "target": 82, "weight": 0.008929}, {"source": 12, "target": 100, "weight": 0.013333}, {"source": 12, "target": 141, "weight": 0.009524}, {"source": 12, "target": 142, "weight": 0.014085}, {"source": 12, "target": 64, "weight": 0.016779}, {"source": 12, "target": 83, "weight": 0.005348}, {"source": 12, "target": 29, "weight": 0.004149}, {"source": 12, "target": 101, "weight": 0.003802}, {"source": 12, "target": 67, "weight": 0.019011}, {"source": 12, "target": 104, "weight": 0.014344}, {"source": 12, "target": 105, "weight": 0.01087}, {"source": 12, "target": 68, "weight": 0.035398}, {"source": 12, "target": 145, "weight": 0.008475}, {"source": 13, "target": 24, "weight": 0.009346}, {"source": 13, "target": 28, "weight": 0.006897}, {"source": 13, "target": 123, "weight": 0.125}, {"source": 13, "target": 17, "weight": 0.313725}, {"source": 13, "target": 63, "weight": 0.009569}, {"source": 13, "target": 125, "weight": 0.0125}, {"source": 13, "target": 72, "weight": 0.037037}, {"source": 13, "target": 23, "weight": 0.01087}, {"source": 13, "target": 101, "weight": 0.008333}, {"source": 13, "target": 29, "weight": 0.010204}, {"source": 13, "target": 78, "weight": 0.020619}, {"source": 13, "target": 138, "weight": 0.007519}, {"source": 13, "target": 144, "weight": 0.033898}, {"source": 13, "target": 92, "weight": 0.025641}, {"source": 13, "target": 21, "weight": 0.010309}, {"source": 13, "target": 87, "weight": 0.8}, {"source": 14, "target": 88, "weight": 0.047619}, {"source": 14, "target": 19, "weight": 0.010989}, {"source": 14, "target": 63, "weight": 0.005025}, {"source": 14, "target": 100, "weight": 0.013699}, {"source": 15, "target": 27, "weight": 0.007092}, {"source": 15, "target": 117, "weight": 0.004673}, {"source": 16, "target": 32, "weight": 0.054545}, {"source": 16, "target": 37, "weight": 0.004292}, {"source": 16, "target": 76, "weight": 0.244444}, {"source": 16, "target": 99, "weight": 0.157895}, {"source": 16, "target": 64, "weight": 0.007576}, {"source": 16, "target": 27, "weight": 0.003534}, {"source": 17, "target": 37, "weight": 0.008065}, {"source": 17, "target": 96, "weight": 0.006369}, {"source": 17, "target": 69, "weight": 0.024096}, {"source": 17, "target": 27, "weight": 0.003344}, {"source": 17, "target": 87, "weight": 0.355556}, {"source": 17, "target": 123, "weight": 0.030303}, {"source": 17, "target": 63, "weight": 0.010101}, {"source": 17, "target": 101, "weight": 0.009174}, {"source": 17, "target": 67, "weight": 0.00885}, {"source": 17, "target": 131, "weight": 0.028571}, {"source": 18, "target": 37, "weight": 0.026022}, {"source": 18, "target": 116, "weight": 0.014286}, {"source": 18, "target": 128, "weight": 0.014286}, {"source": 18, "target": 64, "weight": 0.011561}, {"source": 18, "target": 27, "weight": 0.006173}, {"source": 18, "target": 104, "weight": 0.002732}, {"source": 18, "target": 100, "weight": 0.010101}, {"source": 18, "target": 45, "weight": 0.007519}, {"source": 18, "target": 39, "weight": 0.011765}, {"source": 18, "target": 114, "weight": 0.015504}, {"source": 18, "target": 82, "weight": 0.010309}, {"source": 18, "target": 49, "weight": 0.010417}, {"source": 18, "target": 141, "weight": 0.012048}, {"source": 19, "target": 37, "weight": 0.021429}, {"source": 19, "target": 35, "weight": 0.01087}, {"source": 19, "target": 109, "weight": 0.009479}, {"source": 19, "target": 119, "weight": 0.030303}, {"source": 19, "target": 27, "weight": 0.02439}, {"source": 19, "target": 44, "weight": 0.024691}, {"source": 19, "target": 100, "weight": 0.018519}, {"source": 19, "target": 70, "weight": 0.019608}, {"source": 19, "target": 64, "weight": 0.005435}, {"source": 19, "target": 65, "weight": 0.020833}, {"source": 19, "target": 90, "weight": 0.015385}, {"source": 19, "target": 138, "weight": 0.012739}, {"source": 19, "target": 22, "weight": 0.019417}, {"source": 19, "target": 93, "weight": 0.006211}, {"source": 19, "target": 112, "weight": 0.006897}, {"source": 19, "target": 52, "weight": 0.00885}, {"source": 19, "target": 50, "weight": 0.010526}, {"source": 20, "target": 25, "weight": 0.01087}, {"source": 20, "target": 41, "weight": 0.008929}, {"source": 20, "target": 36, "weight": 0.028302}, {"source": 20, "target": 27, "weight": 0.003436}, {"source": 20, "target": 28, "weight": 0.016}, {"source": 20, "target": 77, "weight": 0.007042}, {"source": 20, "target": 23, "weight": 0.027778}, {"source": 20, "target": 45, "weight": 0.020408}, {"source": 20, "target": 40, "weight": 0.014286}, {"source": 20, "target": 104, "weight": 0.003012}, {"source": 20, "target": 21, "weight": 0.012821}, {"source": 20, "target": 68, "weight": 0.014085}, {"source": 21, "target": 37, "weight": 0.003571}, {"source": 21, "target": 89, "weight": 0.016667}, {"source": 21, "target": 104, "weight": 0.002695}, {"source": 21, "target": 59, "weight": 0.009901}, {"source": 21, "target": 121, "weight": 0.012821}, {"source": 21, "target": 123, "weight": 0.015625}, {"source": 21, "target": 93, "weight": 0.00641}, {"source": 21, "target": 50, "weight": 0.011111}, {"source": 21, "target": 142, "weight": 0.017167}, {"source": 21, "target": 141, "weight": 0.022989}, {"source": 21, "target": 23, "weight": 0.313953}, {"source": 21, "target": 114, "weight": 0.007407}, {"source": 21, "target": 129, "weight": 0.011494}, {"source": 21, "target": 82, "weight": 0.019802}, {"source": 21, "target": 130, "weight": 0.005988}, {"source": 21, "target": 95, "weight": 0.006173}, {"source": 22, "target": 98, "weight": 0.013158}, {"source": 22, "target": 145, "weight": 0.010417}, {"source": 23, "target": 36, "weight": 0.014184}, {"source": 23, "target": 114, "weight": 0.007692}, {"source": 23, "target": 74, "weight": 0.006579}, {"source": 23, "target": 117, "weight": 0.019841}, {"source": 23, "target": 118, "weight": 0.006944}, {"source": 23, "target": 109, "weight": 0.00995}, {"source": 23, "target": 123, "weight": 0.016949}, {"source": 23, "target": 77, "weight": 0.005682}, {"source": 23, "target": 129, "weight": 0.024691}, {"source": 23, "target": 82, "weight": 0.010309}, {"source": 23, "target": 50, "weight": 0.011765}, {"source": 23, "target": 133, "weight": 0.02381}, {"source": 23, "target": 93, "weight": 0.006623}, {"source": 23, "target": 59, "weight": 0.010417}, {"source": 23, "target": 60, "weight": 0.027778}, {"source": 23, "target": 25, "weight": 0.295918}, {"source": 23, "target": 28, "weight": 0.490741}, {"source": 23, "target": 142, "weight": 0.022026}, {"source": 23, "target": 29, "weight": 0.017857}, {"source": 23, "target": 30, "weight": 0.015152}, {"source": 23, "target": 141, "weight": 0.012048}, {"source": 24, "target": 32, "weight": 0.036036}, {"source": 24, "target": 37, "weight": 0.003448}, {"source": 24, "target": 72, "weight": 0.011765}, {"source": 24, "target": 59, "weight": 0.009009}, {"source": 24, "target": 111, "weight": 0.010309}, {"source": 24, "target": 27, "weight": 0.0059}, {"source": 24, "target": 87, "weight": 0.009901}, {"source": 24, "target": 64, "weight": 0.010638}, {"source": 24, "target": 63, "weight": 0.012605}, {"source": 24, "target": 38, "weight": 0.018692}, {"source": 24, "target": 76, "weight": 0.018018}, {"source": 24, "target": 55, "weight": 0.011236}, {"source": 24, "target": 104, "weight": 0.002625}, {"source": 25, "target": 59, "weight": 0.084112}, {"source": 25, "target": 85, "weight": 0.010101}, {"source": 25, "target": 64, "weight": 0.010417}, {"source": 25, "target": 27, "weight": 0.005831}, {"source": 25, "target": 104, "weight": 0.005208}, {"source": 25, "target": 63, "weight": 0.004098}, {"source": 25, "target": 125, "weight": 0.008772}, {"source": 25, "target": 142, "weight": 0.012097}, {"source": 25, "target": 45, "weight": 0.006579}, {"source": 25, "target": 55, "weight": 0.010753}, {"source": 25, "target": 129, "weight": 0.009901}, {"source": 25, "target": 82, "weight": 0.017391}, {"source": 25, "target": 141, "weight": 0.019802}, {"source": 25, "target": 145, "weight": 0.015748}, {"source": 26, "target": 52, "weight": 0.042857}, {"source": 26, "target": 88, "weight": 0.016667}, {"source": 26, "target": 27, "weight": 0.003401}, {"source": 26, "target": 112, "weight": 0.009615}, {"source": 26, "target": 142, "weight": 0.015152}, {"source": 26, "target": 46, "weight": 0.016393}, {"source": 26, "target": 78, "weight": 0.012195}, {"source": 26, "target": 114, "weight": 0.010101}, {"source": 27, "target": 36, "weight": 0.014045}, {"source": 27, "target": 124, "weight": 0.006515}, {"source": 27, "target": 109, "weight": 0.026829}, {"source": 27, "target": 77, "weight": 0.015424}, {"source": 27, "target": 74, "weight": 0.022039}, {"source": 27, "target": 114, "weight": 0.005764}, {"source": 27, "target": 82, "weight": 0.006369}, {"source": 27, "target": 117, "weight": 0.010638}, {"source": 27, "target": 118, "weight": 0.022535}, {"source": 27, "target": 121, "weight": 0.003436}, {"source": 27, "target": 40, "weight": 0.14539}, {"source": 27, "target": 41, "weight": 0.048851}, {"source": 27, "target": 44, "weight": 0.024658}, {"source": 27, "target": 125, "weight": 0.00641}, {"source": 27, "target": 76, "weight": 0.006369}, {"source": 27, "target": 46, "weight": 0.016349}, {"source": 27, "target": 65, "weight": 0.006579}, {"source": 27, "target": 127, "weight": 0.003247}, {"source": 27, "target": 79, "weight": 0.003436}, {"source": 27, "target": 129, "weight": 0.006689}, {"source": 27, "target": 49, "weight": 0.003185}, {"source": 27, "target": 50, "weight": 0.020134}, {"source": 27, "target": 52, "weight": 0.098976}, {"source": 27, "target": 37, "weight": 0.016461}, {"source": 27, "target": 85, "weight": 0.003356}, {"source": 27, "target": 53, "weight": 0.003436}, {"source": 27, "target": 86, "weight": 0.01}, {"source": 27, "target": 134, "weight": 0.00597}, {"source": 27, "target": 96, "weight": 0.119777}, {"source": 27, "target": 88, "weight": 0.009772}, {"source": 27, "target": 30, "weight": 0.003521}, {"source": 27, "target": 55, "weight": 0.006873}, {"source": 27, "target": 138, "weight": 0.013812}, {"source": 27, "target": 92, "weight": 0.002841}, {"source": 27, "target": 112, "weight": 0.002833}, {"source": 27, "target": 95, "weight": 0.008043}, {"source": 27, "target": 59, "weight": 0.009615}, {"source": 27, "target": 60, "weight": 0.003436}, {"source": 27, "target": 113, "weight": 0.01}, {"source": 27, "target": 133, "weight": 0.006623}, {"source": 27, "target": 28, "weight": 0.002646}, {"source": 27, "target": 64, "weight": 0.012887}, {"source": 27, "target": 63, "weight": 0.004525}, {"source": 27, "target": 100, "weight": 0.009524}, {"source": 27, "target": 130, "weight": 0.016}, {"source": 27, "target": 142, "weight": 0.002227}, {"source": 27, "target": 45, "weight": 0.002849}, {"source": 27, "target": 29, "weight": 0.003021}, {"source": 27, "target": 101, "weight": 0.002833}, {"source": 27, "target": 102, "weight": 0.003484}, {"source": 27, "target": 67, "weight": 0.014164}, {"source": 27, "target": 90, "weight": 0.008902}, {"source": 27, "target": 104, "weight": 0.022727}, {"source": 27, "target": 105, "weight": 0.072674}, {"source": 27, "target": 141, "weight": 0.006667}, {"source": 27, "target": 145, "weight": 0.006135}, {"source": 28, "target": 59, "weight": 0.006711}, {"source": 28, "target": 104, "weight": 0.004785}, {"source": 28, "target": 123, "weight": 0.008929}, {"source": 28, "target": 63, "weight": 0.003597}, {"source": 28, "target": 101, "weight": 0.010695}, {"source": 28, "target": 50, "weight": 0.007246}, {"source": 28, "target": 142, "weight": 0.043956}, {"source": 28, "target": 64, "weight": 0.004405}, {"source": 28, "target": 93, "weight": 0.004902}, {"source": 28, "target": 49, "weight": 0.006711}, {"source": 28, "target": 39, "weight": 0.014599}, {"source": 28, "target": 114, "weight": 0.027933}, {"source": 28, "target": 129, "weight": 0.014925}, {"source": 28, "target": 82, "weight": 0.006667}, {"source": 28, "target": 141, "weight": 0.007353}, {"source": 29, "target": 104, "weight": 0.002688}, {"source": 29, "target": 34, "weight": 0.008772}, {"source": 29, "target": 114, "weight": 0.007353}, {"source": 29, "target": 87, "weight": 0.01087}, {"source": 29, "target": 122, "weight": 0.010989}, {"source": 29, "target": 63, "weight": 0.069124}, {"source": 29, "target": 100, "weight": 0.009524}, {"source": 29, "target": 142, "weight": 0.076923}, {"source": 29, "target": 76, "weight": 0.009709}, {"source": 29, "target": 101, "weight": 0.007092}, {"source": 29, "target": 72, "weight": 0.013158}, {"source": 29, "target": 143, "weight": 0.013889}, {"source": 29, "target": 137, "weight": 0.010101}, {"source": 29, "target": 53, "weight": 0.012658}, {"source": 29, "target": 82, "weight": 0.009709}, {"source": 29, "target": 141, "weight": 0.011236}, {"source": 30, "target": 86, "weight": 0.047619}, {"source": 30, "target": 44, "weight": 0.008772}, {"source": 30, "target": 100, "weight": 0.017241}, {"source": 30, "target": 64, "weight": 0.030769}, {"source": 31, "target": 45, "weight": 0.010417}, {"source": 32, "target": 37, "weight": 0.003745}, {"source": 32, "target": 64, "weight": 0.006024}, {"source": 32, "target": 99, "weight": 0.018182}, {"source": 32, "target": 76, "weight": 0.046512}, {"source": 32, "target": 127, "weight": 0.012195}, {"source": 32, "target": 138, "weight": 0.014388}, {"source": 32, "target": 92, "weight": 0.007937}, {"source": 32, "target": 93, "weight": 0.006993}, {"source": 33, "target": 45, "weight": 0.021277}, {"source": 33, "target": 98, "weight": 0.019608}, {"source": 33, "target": 77, "weight": 0.007246}, {"source": 34, "target": 109, "weight": 0.004926}, {"source": 34, "target": 111, "weight": 0.076923}, {"source": 34, "target": 114, "weight": 0.007634}, {"source": 34, "target": 137, "weight": 0.010638}, {"source": 34, "target": 117, "weight": 0.003891}, {"source": 34, "target": 44, "weight": 0.012903}, {"source": 34, "target": 48, "weight": 0.014085}, {"source": 34, "target": 37, "weight": 0.003623}, {"source": 34, "target": 138, "weight": 0.006711}, {"source": 34, "target": 139, "weight": 0.025}, {"source": 34, "target": 81, "weight": 0.026316}, {"source": 34, "target": 95, "weight": 0.006329}, {"source": 34, "target": 62, "weight": 0.006135}, {"source": 34, "target": 100, "weight": 0.01}, {"source": 34, "target": 142, "weight": 0.008658}, {"source": 34, "target": 64, "weight": 0.005714}, {"source": 34, "target": 102, "weight": 0.014286}, {"source": 34, "target": 67, "weight": 0.007143}, {"source": 34, "target": 104, "weight": 0.002725}, {"source": 34, "target": 68, "weight": 0.019048}, {"source": 35, "target": 137, "weight": 0.014706}, {"source": 35, "target": 104, "weight": 0.002933}, {"source": 35, "target": 44, "weight": 0.039683}, {"source": 36, "target": 145, "weight": 0.188525}, {"source": 36, "target": 45, "weight": 0.024242}, {"source": 36, "target": 104, "weight": 0.002494}, {"source": 36, "target": 142, "weight": 0.007547}, {"source": 36, "target": 49, "weight": 0.007634}, {"source": 36, "target": 114, "weight": 0.012195}, {"source": 36, "target": 82, "weight": 0.007576}, {"source": 36, "target": 141, "weight": 0.008475}, {"source": 36, "target": 95, "weight": 0.005208}, {"source": 37, "target": 52, "weight": 0.00369}, {"source": 37, "target": 69, "weight": 0.056818}, {"source": 37, "target": 124, "weight": 0.003876}, {"source": 37, "target": 110, "weight": 0.004}, {"source": 37, "target": 111, "weight": 0.004}, {"source": 37, "target": 109, "weight": 0.00542}, {"source": 37, "target": 114, "weight": 0.003356}, {"source": 37, "target": 116, "weight": 0.004202}, {"source": 37, "target": 117, "weight": 0.01432}, {"source": 37, "target": 118, "weight": 0.006431}, {"source": 37, "target": 120, "weight": 0.004292}, {"source": 37, "target": 40, "weight": 0.003676}, {"source": 37, "target": 41, "weight": 0.009615}, {"source": 37, "target": 122, "weight": 0.003953}, {"source": 37, "target": 43, "weight": 0.004329}, {"source": 37, "target": 44, "weight": 0.006211}, {"source": 37, "target": 77, "weight": 0.01173}, {"source": 37, "target": 76, "weight": 0.003774}, {"source": 37, "target": 46, "weight": 0.006231}, {"source": 37, "target": 79, "weight": 0.004149}, {"source": 37, "target": 82, "weight": 0.007576}, {"source": 37, "target": 50, "weight": 0.003953}, {"source": 37, "target": 131, "weight": 0.059761}, {"source": 37, "target": 128, "weight": 0.004202}, {"source": 37, "target": 133, "weight": 0.007937}, {"source": 37, "target": 134, "weight": 0.003497}, {"source": 37, "target": 89, "weight": 0.003521}, {"source": 37, "target": 90, "weight": 0.00346}, {"source": 37, "target": 138, "weight": 0.009554}, {"source": 37, "target": 139, "weight": 0.050633}, {"source": 37, "target": 95, "weight": 0.003077}, {"source": 37, "target": 96, "weight": 0.011494}, {"source": 37, "target": 97, "weight": 0.004274}, {"source": 37, "target": 98, "weight": 0.003891}, {"source": 37, "target": 100, "weight": 0.007519}, {"source": 37, "target": 130, "weight": 0.018462}, {"source": 37, "target": 142, "weight": 0.007557}, {"source": 37, "target": 64, "weight": 0.005865}, {"source": 37, "target": 65, "weight": 0.003922}, {"source": 37, "target": 101, "weight": 0.006623}, {"source": 37, "target": 66, "weight": 0.003861}, {"source": 37, "target": 67, "weight": 0.009836}, {"source": 37, "target": 104, "weight": 0.024904}, {"source": 37, "target": 105, "weight": 0.003145}, {"source": 37, "target": 141, "weight": 0.008}, {"source": 37, "target": 106, "weight": 0.03139}, {"source": 38, "target": 118, "weight": 0.007692}, {"source": 38, "target": 132, "weight": 0.021277}, {"source": 38, "target": 62, "weight": 0.020548}, {"source": 38, "target": 63, "weight": 0.024155}, {"source": 38, "target": 111, "weight": 0.014706}, {"source": 38, "target": 76, "weight": 0.012048}, {"source": 38, "target": 46, "weight": 0.007143}, {"source": 38, "target": 127, "weight": 0.013158}, {"source": 38, "target": 90, "weight": 0.009346}, {"source": 38, "target": 92, "weight": 0.008333}, {"source": 38, "target": 105, "weight": 0.022388}, {"source": 38, "target": 50, "weight": 0.014085}, {"source": 38, "target": 57, "weight": 0.470588}, {"source": 39, "target": 104, "weight": 0.002907}, {"source": 39, "target": 64, "weight": 0.006579}, {"source": 39, "target": 124, "weight": 0.014706}, {"source": 39, "target": 45, "weight": 0.009009}, {"source": 39, "target": 67, "weight": 0.102804}, {"source": 39, "target": 49, "weight": 0.013514}, {"source": 40, "target": 59, "weight": 0.010753}, {"source": 40, "target": 64, "weight": 0.005848}, {"source": 40, "target": 100, "weight": 0.031915}, {"source": 40, "target": 130, "weight": 0.012658}, {"source": 40, "target": 88, "weight": 0.011364}, {"source": 40, "target": 76, "weight": 0.010638}, {"source": 40, "target": 104, "weight": 0.01676}, {"source": 40, "target": 114, "weight": 0.015873}, {"source": 40, "target": 45, "weight": 0.007692}, {"source": 40, "target": 82, "weight": 0.010638}, {"source": 40, "target": 141, "weight": 0.0125}, {"source": 41, "target": 69, "weight": 0.006711}, {"source": 41, "target": 95, "weight": 0.010256}, {"source": 41, "target": 114, "weight": 0.005917}, {"source": 41, "target": 82, "weight": 0.007353}, {"source": 41, "target": 122, "weight": 0.008065}, {"source": 41, "target": 42, "weight": 0.009346}, {"source": 41, "target": 125, "weight": 0.007463}, {"source": 41, "target": 45, "weight": 0.005814}, {"source": 41, "target": 49, "weight": 0.007407}, {"source": 41, "target": 130, "weight": 0.01}, {"source": 41, "target": 89, "weight": 0.019608}, {"source": 41, "target": 98, "weight": 0.007813}, {"source": 41, "target": 59, "weight": 0.022556}, {"source": 41, "target": 140, "weight": 0.027027}, {"source": 41, "target": 63, "weight": 0.007605}, {"source": 41, "target": 64, "weight": 0.004695}, {"source": 41, "target": 104, "weight": 0.012469}, {"source": 41, "target": 141, "weight": 0.008197}, {"source": 42, "target": 84, "weight": 0.028571}, {"source": 42, "target": 104, "weight": 0.006135}, {"source": 42, "target": 77, "weight": 0.029851}, {"source": 43, "target": 104, "weight": 0.003106}, {"source": 43, "target": 50, "weight": 0.02439}, {"source": 43, "target": 95, "weight": 0.017857}, {"source": 44, "target": 111, "weight": 0.015504}, {"source": 44, "target": 112, "weight": 0.005464}, {"source": 44, "target": 114, "weight": 0.011299}, {"source": 44, "target": 74, "weight": 0.01005}, {"source": 44, "target": 117, "weight": 0.003289}, {"source": 44, "target": 118, "weight": 0.010471}, {"source": 44, "target": 109, "weight": 0.020325}, {"source": 44, "target": 81, "weight": 0.01626}, {"source": 44, "target": 50, "weight": 0.015152}, {"source": 44, "target": 52, "weight": 0.020134}, {"source": 44, "target": 86, "weight": 0.007576}, {"source": 44, "target": 134, "weight": 0.012121}, {"source": 44, "target": 144, "weight": 0.00813}, {"source": 44, "target": 138, "weight": 0.005102}, {"source": 44, "target": 96, "weight": 0.017544}, {"source": 44, "target": 100, "weight": 0.006803}, {"source": 44, "target": 64, "weight": 0.004505}, {"source": 44, "target": 65, "weight": 0.007407}, {"source": 44, "target": 101, "weight": 0.005464}, {"source": 44, "target": 67, "weight": 0.005348}, {"source": 44, "target": 90, "weight": 0.005917}, {"source": 44, "target": 104, "weight": 0.009732}, {"source": 44, "target": 68, "weight": 0.006536}, {"source": 45, "target": 137, "weight": 0.008403}, {"source": 45, "target": 82, "weight": 0.00813}, {"source": 45, "target": 77, "weight": 0.00995}, {"source": 45, "target": 126, "weight": 0.021277}, {"source": 45, "target": 129, "weight": 0.018692}, {"source": 45, "target": 49, "weight": 0.008197}, {"source": 45, "target": 50, "weight": 0.009009}, {"source": 45, "target": 53, "weight": 0.010101}, {"source": 45, "target": 89, "weight": 0.014184}, {"source": 45, "target": 92, "weight": 0.00625}, {"source": 45, "target": 95, "weight": 0.033708}, {"source": 45, "target": 59, "weight": 0.008197}, {"source": 45, "target": 98, "weight": 0.274725}, {"source": 45, "target": 64, "weight": 0.005}, {"source": 45, "target": 67, "weight": 0.006061}, {"source": 45, "target": 104, "weight": 0.010283}, {"source": 45, "target": 141, "weight": 0.009174}, {"source": 46, "target": 98, "weight": 0.007353}, {"source": 46, "target": 59, "weight": 0.006993}, {"source": 46, "target": 111, "weight": 0.007752}, {"source": 46, "target": 64, "weight": 0.004525}, {"source": 46, "target": 63, "weight": 0.003676}, {"source": 46, "target": 86, "weight": 0.015385}, {"source": 46, "target": 129, "weight": 0.007752}, {"source": 46, "target": 104, "weight": 0.007299}, {"source": 46, "target": 95, "weight": 0.004902}, {"source": 47, "target": 88, "weight": 0.047619}, {"source": 47, "target": 132, "weight": 0.076923}, {"source": 49, "target": 113, "weight": 0.013699}, {"source": 49, "target": 114, "weight": 0.008403}, {"source": 49, "target": 117, "weight": 0.004082}, {"source": 49, "target": 118, "weight": 0.007519}, {"source": 49, "target": 125, "weight": 0.024096}, {"source": 49, "target": 109, "weight": 0.015873}, {"source": 49, "target": 129, "weight": 0.014085}, {"source": 49, "target": 134, "weight": 0.009346}, {"source": 49, "target": 89, "weight": 0.009524}, {"source": 49, "target": 96, "weight": 0.005814}, {"source": 49, "target": 67, "weight": 0.015748}, {"source": 49, "target": 104, "weight": 0.047059}, {"source": 49, "target": 105, "weight": 0.014493}, {"source": 50, "target": 52, "weight": 0.064935}, {"source": 50, "target": 124, "weight": 0.014706}, {"source": 50, "target": 98, "weight": 0.014925}, {"source": 50, "target": 134, "weight": 0.010417}, {"source": 50, "target": 67, "weight": 0.008547}, {"source": 50, "target": 104, "weight": 0.002907}, {"source": 50, "target": 105, "weight": 0.007813}, {"source": 50, "target": 95, "weight": 0.007407}, {"source": 51, "target": 96, "weight": 0.011976}, {"source": 51, "target": 107, "weight": 0.016129}, {"source": 51, "target": 134, "weight": 0.009709}, {"source": 51, "target": 63, "weight": 0.029268}, {"source": 51, "target": 90, "weight": 0.009434}, {"source": 51, "target": 78, "weight": 0.010204}, {"source": 51, "target": 62, "weight": 0.006803}, {"source": 51, "target": 92, "weight": 0.008403}, {"source": 51, "target": 85, "weight": 0.015385}, {"source": 51, "target": 93, "weight": 0.014815}, {"source": 52, "target": 93, "weight": 0.006803}, {"source": 52, "target": 104, "weight": 0.002762}, {"source": 53, "target": 118, "weight": 0.009091}, {"source": 53, "target": 60, "weight": 0.025641}, {"source": 53, "target": 109, "weight": 0.005952}, {"source": 53, "target": 133, "weight": 0.019608}, {"source": 53, "target": 96, "weight": 0.006711}, {"source": 53, "target": 77, "weight": 0.153226}, {"source": 53, "target": 142, "weight": 0.005076}, {"source": 53, "target": 101, "weight": 0.009901}, {"source": 53, "target": 67, "weight": 0.009524}, {"source": 53, "target": 95, "weight": 0.00813}, {"source": 54, "target": 134, "weight": 0.012346}, {"source": 55, "target": 118, "weight": 0.217391}, {"source": 55, "target": 96, "weight": 0.041379}, {"source": 55, "target": 104, "weight": 0.006024}, {"source": 55, "target": 75, "weight": 0.032258}, {"source": 55, "target": 69, "weight": 0.012987}, {"source": 55, "target": 77, "weight": 0.006993}, {"source": 55, "target": 141, "weight": 0.02}, {"source": 55, "target": 143, "weight": 0.030303}, {"source": 55, "target": 67, "weight": 0.009434}, {"source": 55, "target": 82, "weight": 0.015625}, {"source": 55, "target": 117, "weight": 0.009009}, {"source": 55, "target": 130, "weight": 0.007752}, {"source": 55, "target": 131, "weight": 0.015625}, {"source": 56, "target": 76, "weight": 0.011628}, {"source": 56, "target": 93, "weight": 0.014388}, {"source": 56, "target": 63, "weight": 0.004673}, {"source": 57, "target": 132, "weight": 0.02381}, {"source": 57, "target": 63, "weight": 0.004854}, {"source": 57, "target": 76, "weight": 0.012821}, {"source": 57, "target": 130, "weight": 0.006993}, {"source": 57, "target": 94, "weight": 0.016129}, {"source": 58, "target": 85, "weight": 0.016949}, {"source": 58, "target": 72, "weight": 0.020408}, {"source": 58, "target": 108, "weight": 0.016129}, {"source": 58, "target": 125, "weight": 0.013514}, {"source": 59, "target": 125, "weight": 0.011905}, {"source": 59, "target": 117, "weight": 0.004082}, {"source": 59, "target": 118, "weight": 0.022901}, {"source": 59, "target": 77, "weight": 0.006061}, {"source": 59, "target": 82, "weight": 0.011628}, {"source": 59, "target": 90, "weight": 0.009091}, {"source": 59, "target": 92, "weight": 0.00813}, {"source": 59, "target": 95, "weight": 0.006849}, {"source": 59, "target": 64, "weight": 0.006135}, {"source": 59, "target": 105, "weight": 0.007194}, {"source": 59, "target": 141, "weight": 0.013889}, {"source": 59, "target": 145, "weight": 0.020619}, {"source": 60, "target": 63, "weight": 0.005236}, {"source": 60, "target": 100, "weight": 0.015385}, {"source": 60, "target": 142, "weight": 0.093923}, {"source": 60, "target": 114, "weight": 0.010417}, {"source": 60, "target": 101, "weight": 0.009901}, {"source": 60, "target": 82, "weight": 0.015873}, {"source": 60, "target": 141, "weight": 0.020408}, {"source": 61, "target": 91, "weight": 0.407407}, {"source": 62, "target": 122, "weight": 0.007143}, {"source": 62, "target": 63, "weight": 0.101961}, {"source": 62, "target": 142, "weight": 0.003497}, {"source": 62, "target": 143, "weight": 0.008264}, {"source": 62, "target": 137, "weight": 0.006757}, {"source": 62, "target": 93, "weight": 0.004854}, {"source": 62, "target": 104, "weight": 0.002375}, {"source": 62, "target": 130, "weight": 0.004608}, {"source": 63, "target": 72, "weight": 0.005319}, {"source": 63, "target": 73, "weight": 0.029851}, {"source": 63, "target": 137, "weight": 0.004739}, {"source": 63, "target": 117, "weight": 0.005362}, {"source": 63, "target": 118, "weight": 0.011538}, {"source": 63, "target": 119, "weight": 0.004785}, {"source": 63, "target": 76, "weight": 0.004651}, {"source": 63, "target": 65, "weight": 0.004878}, {"source": 63, "target": 127, "weight": 0.014563}, {"source": 63, "target": 78, "weight": 0.004329}, {"source": 63, "target": 79, "weight": 0.005236}, {"source": 63, "target": 80, "weight": 0.004854}, {"source": 63, "target": 133, "weight": 0.004926}, {"source": 63, "target": 87, "weight": 0.009852}, {"source": 63, "target": 135, "weight": 0.005348}, {"source": 63, "target": 96, "weight": 0.006667}, {"source": 63, "target": 111, "weight": 0.005}, {"source": 63, "target": 90, "weight": 0.165049}, {"source": 63, "target": 138, "weight": 0.003759}, {"source": 63, "target": 92, "weight": 0.012}, {"source": 63, "target": 93, "weight": 0.007463}, {"source": 63, "target": 130, "weight": 0.003571}, {"source": 63, "target": 142, "weight": 0.008646}, {"source": 63, "target": 143, "weight": 0.005435}, {"source": 63, "target": 104, "weight": 0.002066}, {"source": 63, "target": 105, "weight": 0.007491}, {"source": 64, "target": 109, "weight": 0.015038}, {"source": 64, "target": 114, "weight": 0.005076}, {"source": 64, "target": 74, "weight": 0.151832}, {"source": 64, "target": 117, "weight": 0.006211}, {"source": 64, "target": 118, "weight": 0.004739}, {"source": 64, "target": 115, "weight": 0.007143}, {"source": 64, "target": 76, "weight": 0.006098}, {"source": 64, "target": 127, "weight": 0.006369}, {"source": 64, "target": 82, "weight": 0.006098}, {"source": 64, "target": 131, "weight": 0.006098}, {"source": 64, "target": 85, "weight": 0.006803}, {"source": 64, "target": 86, "weight": 0.006623}, {"source": 64, "target": 89, "weight": 0.005464}, {"source": 64, "target": 138, "weight": 0.004651}, {"source": 64, "target": 121, "weight": 0.007143}, {"source": 64, "target": 141, "weight": 0.006667}, {"source": 64, "target": 67, "weight": 0.014706}, {"source": 64, "target": 104, "weight": 0.00463}, {"source": 64, "target": 105, "weight": 0.009259}, {"source": 64, "target": 68, "weight": 0.011696}, {"source": 65, "target": 108, "weight": 0.015873}, {"source": 66, "target": 145, "weight": 0.010753}, {"source": 66, "target": 104, "weight": 0.005731}, {"source": 66, "target": 122, "weight": 0.09375}, {"source": 67, "target": 111, "weight": 0.008772}, {"source": 67, "target": 114, "weight": 0.012422}, {"source": 67, "target": 121, "weight": 0.009524}, {"source": 67, "target": 129, "weight": 0.008772}, {"source": 67, "target": 100, "weight": 0.015385}, {"source": 67, "target": 130, "weight": 0.005155}, {"source": 67, "target": 142, "weight": 0.015385}, {"source": 67, "target": 101, "weight": 0.037037}, {"source": 67, "target": 104, "weight": 0.010127}, {"source": 68, "target": 111, "weight": 0.038462}, {"source": 68, "target": 130, "weight": 0.00625}, {"source": 68, "target": 142, "weight": 0.013216}, {"source": 68, "target": 78, "weight": 0.009009}, {"source": 68, "target": 101, "weight": 0.007519}, {"source": 68, "target": 82, "weight": 0.021277}, {"source": 68, "target": 141, "weight": 0.025}, {"source": 68, "target": 95, "weight": 0.012987}, {"source": 69, "target": 118, "weight": 0.013699}, {"source": 69, "target": 120, "weight": 0.189655}, {"source": 69, "target": 75, "weight": 0.014925}, {"source": 69, "target": 109, "weight": 0.004878}, {"source": 69, "target": 104, "weight": 0.016484}, {"source": 69, "target": 77, "weight": 0.011236}, {"source": 69, "target": 113, "weight": 0.011494}, {"source": 69, "target": 106, "weight": 0.015625}, {"source": 69, "target": 79, "weight": 0.013158}, {"source": 69, "target": 127, "weight": 0.010753}, {"source": 69, "target": 92, "weight": 0.007299}, {"source": 69, "target": 82, "weight": 0.041237}, {"source": 69, "target": 141, "weight": 0.048193}, {"source": 69, "target": 131, "weight": 0.603175}, {"source": 70, "target": 98, "weight": 0.013333}, {"source": 70, "target": 145, "weight": 0.010526}, {"source": 72, "target": 87, "weight": 0.041667}, {"source": 72, "target": 144, "weight": 0.026316}, {"source": 72, "target": 92, "weight": 0.010309}, {"source": 73, "target": 78, "weight": 0.010638}, {"source": 73, "target": 143, "weight": 0.021277}, {"source": 73, "target": 137, "weight": 0.013514}, {"source": 73, "target": 93, "weight": 0.127119}, {"source": 73, "target": 130, "weight": 0.006993}, {"source": 74, "target": 104, "weight": 0.007335}, {"source": 74, "target": 121, "weight": 0.008475}, {"source": 74, "target": 86, "weight": 0.160714}, {"source": 74, "target": 145, "weight": 0.013072}, {"source": 74, "target": 100, "weight": 0.006944}, {"source": 74, "target": 130, "weight": 0.004831}, {"source": 74, "target": 142, "weight": 0.007273}, {"source": 74, "target": 89, "weight": 0.006211}, {"source": 74, "target": 114, "weight": 0.005714}, {"source": 74, "target": 129, "weight": 0.007874}, {"source": 74, "target": 82, "weight": 0.007042}, {"source": 74, "target": 141, "weight": 0.007813}, {"source": 74, "target": 95, "weight": 0.00495}, {"source": 76, "target": 109, "weight": 0.005208}, {"source": 76, "target": 103, "weight": 0.021739}, {"source": 76, "target": 100, "weight": 0.011236}, {"source": 76, "target": 137, "weight": 0.012048}, {"source": 76, "target": 99, "weight": 0.173913}, {"source": 76, "target": 90, "weight": 0.056604}, {"source": 76, "target": 138, "weight": 0.094488}, {"source": 76, "target": 93, "weight": 0.014286}, {"source": 77, "target": 93, "weight": 0.004545}, {"source": 77, "target": 82, "weight": 0.012121}, {"source": 77, "target": 89, "weight": 0.01087}, {"source": 77, "target": 95, "weight": 0.004425}, {"source": 77, "target": 142, "weight": 0.003333}, {"source": 77, "target": 101, "weight": 0.004902}, {"source": 77, "target": 104, "weight": 0.009259}, {"source": 77, "target": 141, "weight": 0.006579}, {"source": 77, "target": 145, "weight": 0.005618}, {"source": 78, "target": 96, "weight": 0.005291}, {"source": 78, "target": 87, "weight": 0.021978}, {"source": 78, "target": 125, "weight": 0.009901}, {"source": 78, "target": 111, "weight": 0.011364}, {"source": 78, "target": 80, "weight": 0.010638}, {"source": 78, "target": 138, "weight": 0.006494}, {"source": 78, "target": 115, "weight": 0.012658}, {"source": 78, "target": 92, "weight": 0.007143}, {"source": 80, "target": 93, "weight": 0.007576}, {"source": 80, "target": 130, "weight": 0.006993}, {"source": 81, "target": 121, "weight": 0.02381}, {"source": 81, "target": 100, "weight": 0.112903}, {"source": 81, "target": 137, "weight": 0.016129}, {"source": 81, "target": 104, "weight": 0.005988}, {"source": 82, "target": 107, "weight": 0.014925}, {"source": 82, "target": 117, "weight": 0.012295}, {"source": 82, "target": 118, "weight": 0.007463}, {"source": 82, "target": 130, "weight": 0.013245}, {"source": 82, "target": 131, "weight": 0.023256}, {"source": 82, "target": 133, "weight": 0.013333}, {"source": 82, "target": 89, "weight": 0.009434}, {"source": 82, "target": 92, "weight": 0.008065}, {"source": 82, "target": 141, "weight": 0.574468}, {"source": 82, "target": 142, "weight": 0.004525}, {"source": 82, "target": 104, "weight": 0.005634}, {"source": 82, "target": 105, "weight": 0.007143}, {"source": 83, "target": 130, "weight": 0.008772}, {"source": 84, "target": 89, "weight": 0.012048}, {"source": 86, "target": 96, "weight": 0.00625}, {"source": 86, "target": 121, "weight": 0.02}, {"source": 86, "target": 109, "weight": 0.022727}, {"source": 86, "target": 112, "weight": 0.008929}, {"source": 86, "target": 142, "weight": 0.004808}, {"source": 86, "target": 129, "weight": 0.016949}, {"source": 86, "target": 117, "weight": 0.004292}, {"source": 86, "target": 130, "weight": 0.007194}, {"source": 86, "target": 97, "weight": 0.047619}, {"source": 86, "target": 95, "weight": 0.007463}, {"source": 87, "target": 123, "weight": 0.026316}, {"source": 87, "target": 125, "weight": 0.013514}, {"source": 87, "target": 101, "weight": 0.008772}, {"source": 87, "target": 138, "weight": 0.007874}, {"source": 87, "target": 144, "weight": 0.037736}, {"source": 87, "target": 92, "weight": 0.027027}, {"source": 88, "target": 132, "weight": 0.022222}, {"source": 88, "target": 145, "weight": 0.010753}, {"source": 89, "target": 107, "weight": 0.011628}, {"source": 89, "target": 118, "weight": 0.006536}, {"source": 89, "target": 129, "weight": 0.010989}, {"source": 89, "target": 139, "weight": 0.011236}, {"source": 89, "target": 95, "weight": 0.018293}, {"source": 89, "target": 96, "weight": 0.005208}, {"source": 89, "target": 98, "weight": 0.010204}, {"source": 89, "target": 142, "weight": 0.004167}, {"source": 89, "target": 104, "weight": 0.002667}, {"source": 89, "target": 105, "weight": 0.019108}, {"source": 90, "target": 142, "weight": 0.004082}, {"source": 90, "target": 143, "weight": 0.0125}, {"source": 90, "target": 137, "weight": 0.009346}, {"source": 90, "target": 93, "weight": 0.006061}, {"source": 90, "target": 104, "weight": 0.002632}, {"source": 92, "target": 104, "weight": 0.005102}, {"source": 92, "target": 141, "weight": 0.009091}, {"source": 93, "target": 110, "weight": 0.007937}, {"source": 93, "target": 114, "weight": 0.005747}, {"source": 93, "target": 119, "weight": 0.007407}, {"source": 93, "target": 124, "weight": 0.007463}, {"source": 93, "target": 126, "weight": 0.00885}, {"source": 93, "target": 138, "weight": 0.005208}, {"source": 93, "target": 105, "weight": 0.005155}, {"source": 95, "target": 112, "weight": 0.005405}, {"source": 95, "target": 129, "weight": 0.007576}, {"source": 95, "target": 130, "weight": 0.004717}, {"source": 95, "target": 96, "weight": 0.004292}, {"source": 95, "target": 98, "weight": 0.007194}, {"source": 95, "target": 142, "weight": 0.003559}, {"source": 95, "target": 101, "weight": 0.005405}, {"source": 95, "target": 104, "weight": 0.012136}, {"source": 95, "target": 145, "weight": 0.006289}, {"source": 96, "target": 121, "weight": 0.006711}, {"source": 96, "target": 125, "weight": 0.02381}, {"source": 96, "target": 129, "weight": 0.006329}, {"source": 96, "target": 130, "weight": 0.030172}, {"source": 96, "target": 100, "weight": 0.011494}, {"source": 96, "target": 142, "weight": 0.006536}, {"source": 96, "target": 101, "weight": 0.004739}, {"source": 96, "target": 104, "weight": 0.011416}, {"source": 97, "target": 142, "weight": 0.005263}, {"source": 97, "target": 101, "weight": 0.010638}, {"source": 97, "target": 114, "weight": 0.011236}, {"source": 97, "target": 104, "weight": 0.003077}, {"source": 98, "target": 126, "weight": 0.019608}, {"source": 98, "target": 137, "weight": 0.013333}, {"source": 98, "target": 129, "weight": 0.031746}, {"source": 99, "target": 138, "weight": 0.071429}, {"source": 99, "target": 109, "weight": 0.006329}, {"source": 99, "target": 100, "weight": 0.018182}, {"source": 99, "target": 137, "weight": 0.020408}, {"source": 100, "target": 111, "weight": 0.056338}, {"source": 100, "target": 112, "weight": 0.007874}, {"source": 100, "target": 117, "weight": 0.008097}, {"source": 100, "target": 109, "weight": 0.226415}, {"source": 100, "target": 133, "weight": 0.012987}, {"source": 100, "target": 138, "weight": 0.342857}, {"source": 100, "target": 139, "weight": 0.013889}, {"source": 100, "target": 130, "weight": 0.006494}, {"source": 100, "target": 142, "weight": 0.009009}, {"source": 100, "target": 101, "weight": 0.007874}, {"source": 100, "target": 104, "weight": 0.002793}, {"source": 100, "target": 145, "weight": 0.009901}, {"source": 101, "target": 109, "weight": 0.008734}, {"source": 101, "target": 111, "weight": 0.009091}, {"source": 101, "target": 114, "weight": 0.019231}, {"source": 101, "target": 118, "weight": 0.005814}, {"source": 101, "target": 130, "weight": 0.010582}, {"source": 101, "target": 133, "weight": 0.00885}, {"source": 101, "target": 138, "weight": 0.005682}, {"source": 101, "target": 142, "weight": 0.023622}, {"source": 101, "target": 104, "weight": 0.01023}, {"source": 102, "target": 142, "weight": 0.010417}, {"source": 102, "target": 114, "weight": 0.192308}, {"source": 102, "target": 125, "weight": 0.017544}, {"source": 104, "target": 124, "weight": 0.005747}, {"source": 104, "target": 112, "weight": 0.007653}, {"source": 104, "target": 114, "weight": 0.005155}, {"source": 104, "target": 120, "weight": 0.003086}, {"source": 104, "target": 117, "weight": 0.003891}, {"source": 104, "target": 118, "weight": 0.007481}, {"source": 104, "target": 121, "weight": 0.006042}, {"source": 104, "target": 109, "weight": 0.015385}, {"source": 104, "target": 129, "weight": 0.002933}, {"source": 104, "target": 131, "weight": 0.014205}, {"source": 104, "target": 133, "weight": 0.002907}, {"source": 104, "target": 134, "weight": 0.005319}, {"source": 104, "target": 138, "weight": 0.002457}, {"source": 104, "target": 130, "weight": 0.004762}, {"source": 104, "target": 142, "weight": 0.008214}, {"source": 104, "target": 105, "weight": 0.007371}, {"source": 104, "target": 141, "weight": 0.005865}, {"source": 104, "target": 145, "weight": 0.002717}, {"source": 105, "target": 125, "weight": 0.007246}, {"source": 105, "target": 130, "weight": 0.009804}, {"source": 105, "target": 114, "weight": 0.00578}, {"source": 105, "target": 141, "weight": 0.007937}, {"source": 105, "target": 145, "weight": 0.013245}, {"source": 108, "target": 134, "weight": 0.25}, {"source": 108, "target": 124, "weight": 0.030769}, {"source": 109, "target": 111, "weight": 0.022989}, {"source": 109, "target": 114, "weight": 0.013453}, {"source": 109, "target": 142, "weight": 0.015528}, {"source": 109, "target": 145, "weight": 0.0199}, {"source": 110, "target": 142, "weight": 0.078125}, {"source": 110, "target": 114, "weight": 0.019231}, {"source": 111, "target": 142, "weight": 0.009756}, {"source": 111, "target": 138, "weight": 0.033333}, {"source": 111, "target": 139, "weight": 0.018182}, {"source": 112, "target": 142, "weight": 0.003861}, {"source": 113, "target": 142, "weight": 0.009662}, {"source": 113, "target": 114, "weight": 0.009346}, {"source": 114, "target": 117, "weight": 0.029412}, {"source": 114, "target": 125, "weight": 0.008475}, {"source": 114, "target": 130, "weight": 0.005405}, {"source": 114, "target": 133, "weight": 0.009259}, {"source": 114, "target": 144, "weight": 0.010204}, {"source": 114, "target": 139, "weight": 0.04}, {"source": 114, "target": 142, "weight": 0.148649}, {"source": 115, "target": 142, "weight": 0.005076}, {"source": 116, "target": 142, "weight": 0.005155}, {"source": 116, "target": 128, "weight": 0.888889}, {"source": 117, "target": 121, "weight": 0.00905}, {"source": 117, "target": 125, "weight": 0.004098}, {"source": 117, "target": 129, "weight": 0.004329}, {"source": 117, "target": 130, "weight": 0.181818}, {"source": 117, "target": 142, "weight": 0.002632}, {"source": 117, "target": 141, "weight": 0.013043}, {"source": 118, "target": 125, "weight": 0.007576}, {"source": 118, "target": 130, "weight": 0.005025}, {"source": 118, "target": 142, "weight": 0.003731}, {"source": 118, "target": 143, "weight": 0.009709}, {"source": 118, "target": 141, "weight": 0.008333}, {"source": 119, "target": 130, "weight": 0.013793}, {"source": 121, "target": 130, "weight": 0.007813}, {"source": 121, "target": 145, "weight": 0.027027}, {"source": 122, "target": 138, "weight": 0.007937}, {"source": 122, "target": 131, "weight": 0.013333}, {"source": 122, "target": 140, "weight": 0.019231}, {"source": 125, "target": 133, "weight": 0.013699}, {"source": 125, "target": 134, "weight": 0.009434}, {"source": 125, "target": 139, "weight": 0.014706}, {"source": 125, "target": 142, "weight": 0.009174}, {"source": 127, "target": 140, "weight": 0.017544}, {"source": 127, "target": 142, "weight": 0.004673}, {"source": 128, "target": 142, "weight": 0.005155}, {"source": 130, "target": 141, "weight": 0.014599}, {"source": 131, "target": 141, "weight": 0.027778}, {"source": 133, "target": 142, "weight": 0.076923}, {"source": 133, "target": 141, "weight": 0.016393}, {"source": 134, "target": 142, "weight": 0.004132}, {"source": 137, "target": 143, "weight": 0.081633}, {"source": 138, "target": 140, "weight": 0.054545}, {"source": 138, "target": 142, "weight": 0.00738}, {"source": 138, "target": 145, "weight": 0.006667}, {"source": 139, "target": 142, "weight": 0.014851}, {"source": 141, "target": 142, "weight": 0.004831}], "multigraph": false}