{"directed": false, "graph": {}, "nodes": [{"group": 0, "id": "planetary"}, {"group": 1, "id": "plash", "degree": 16}, {"group": 1, "id": "plenary", "degree": 25}, {"group": 2, "id": "playful"}, {"group": 2, "id": "planning", "degree": 15}, {"group": 3, "id": "playbook"}, {"group": 4, "id": "playactor", "degree": 13}, {"group": 5, "id": "plight"}, {"group": 2, "id": "plodding"}, {"group": 5, "id": "playhouse", "degree": 8}, {"group": 6, "id": "planter", "degree": 4}, {"group": 3, "id": "plume", "degree": 21}, {"group": 5, "id": "plumb"}, {"group": 0, "id": "plumed"}, {"group": 5, "id": "plantation", "degree": 11}, {"group": 5, "id": "platform", "degree": 40}, {"group": 7, "id": "planted"}, {"group": 5, "id": "plateau"}, {"group": 0, "id": "plaited", "degree": 14}, {"group": 8, "id": "pledget", "degree": 14}, {"group": 9, "id": "pleasing", "degree": 23}, {"group": 10, "id": "plasma", "degree": 2}, {"group": 7, "id": "plump", "degree": 48}, {"group": 3, "id": "plate"}, {"group": 2, "id": "pleading"}, {"group": 4, "id": "plaintiff"}, {"group": 8, "id": "plaster"}, {"group": 2, "id": "plausibility", "degree": 7}, {"group": 11, "id": "pleasureless", "degree": 2}, {"group": 2, "id": "plagiarism"}, {"group": 9, "id": "placid", "degree": 9}, {"group": 7, "id": "plainness", "degree": 8}, {"group": 3, "id": "plundering"}, {"group": 9, "id": "placate", "degree": 10}, {"group": 7, "id": "plunk", "degree": 62}, {"group": 9, "id": "plush", "degree": 21}, {"group": 1, "id": "pledged"}, {"group": 12, "id": "plutocrat", "degree": 0}, {"group": 0, "id": "plagued"}, {"group": 7, "id": "plummet"}, {"group": 2, "id": "pledge"}, {"group": 3, "id": "pleat", "degree": 28}, {"group": 3, "id": "plexus", "degree": 8}, {"group": 2, "id": "plaid", "degree": 3}, {"group": 2, "id": "play", "degree": 47}, {"group": 9, "id": "plausible"}, {"group": 3, "id": "pleach"}, {"group": 8, "id": "plead"}, {"group": 3, "id": "pleiad"}, {"group": 6, "id": "plowman"}, {"group": 2, "id": "playfulness", "degree": 7}, {"group": 10, "id": "plasticity", "degree": 6}, {"group": 9, "id": "placed"}, {"group": 10, "id": "please"}, {"group": 7, "id": "plummeting", "degree": 19}, {"group": 9, "id": "pleased", "degree": 6}, {"group": 5, "id": "plinth", "degree": 15}, {"group": 3, "id": "plywood"}, {"group": 5, "id": "playa", "degree": 17}, {"group": 7, "id": "platitude"}, {"group": 10, "id": "pleasantness", "degree": 12}, {"group": 2, "id": "plural"}, {"group": 2, "id": "plotting", "degree": 7}, {"group": 0, "id": "plexiform", "degree": 0}, {"group": 1, "id": "plenteous", "degree": 9}, {"group": 3, "id": "plodder", "degree": 6}, {"group": 7, "id": "platitudinous", "degree": 22}, {"group": 3, "id": "ply", "degree": 43}, {"group": 9, "id": "pleasant"}, {"group": 3, "id": "pluck", "degree": 21}, {"group": 2, "id": "plea"}, {"group": 4, "id": "plagiarist", "degree": 4}, {"group": 3, "id": "plug"}, {"group": 5, "id": "playroom"}, {"group": 2, "id": "placard"}, {"group": 4, "id": "plotter", "degree": 4}, {"group": 5, "id": "plum", "degree": 7}, {"group": 9, "id": "plaza"}, {"group": 7, "id": "plunging", "degree": 21}, {"group": 5, "id": "place"}, {"group": 1, "id": "planned"}, {"group": 8, "id": "plankton"}, {"group": 5, "id": "placket", "degree": 6}, {"group": 0, "id": "planless", "degree": 4}, {"group": 1, "id": "plotted"}, {"group": 13, "id": "playwright", "degree": 0}, {"group": 10, "id": "pluralism"}, {"group": 5, "id": "plainly", "degree": 3}, {"group": 1, "id": "plethora", "degree": 4}, {"group": 5, "id": "plenum"}, {"group": 9, "id": "placidly", "degree": 1}, {"group": 5, "id": "playground"}, {"group": 8, "id": "plurality"}, {"group": 0, "id": "pliant"}, {"group": 10, "id": "pleasantry"}, {"group": 2, "id": "plot", "degree": 57}, {"group": 3, "id": "plow", "degree": 42}, {"group": 7, "id": "plop"}, {"group": 8, "id": "platoon", "degree": 34}, {"group": 4, "id": "plagiarized", "degree": 10}, {"group": 0, "id": "plastered"}, {"group": 2, "id": "ploy", "degree": 27}, {"group": 0, "id": "plastic", "degree": 18}, {"group": 1, "id": "plentiful"}, {"group": 3, "id": "plod"}, {"group": 5, "id": "plaint"}, {"group": 2, "id": "plaything"}, {"group": 4, "id": "plagiarize"}, {"group": 7, "id": "plunge"}, {"group": 7, "id": "plebeian"}, {"group": 1, "id": "plenitude", "degree": 30}, {"group": 2, "id": "playmate", "degree": 1}, {"group": 6, "id": "planner", "degree": 4}, {"group": 3, "id": "plague", "degree": 23}, {"group": 7, "id": "plebiscite"}, {"group": 0, "id": "plashy"}, {"group": 2, "id": "plucky", "degree": 6}, {"group": 11, "id": "plaintive"}, {"group": 10, "id": "plaudit"}, {"group": 5, "id": "plain", "degree": 37}, {"group": 3, "id": "plicate"}, {"group": 2, "id": "playbill", "degree": 7}, {"group": 3, "id": "plait"}, {"group": 4, "id": "plunger"}, {"group": 9, "id": "pleasurable"}, {"group": 10, "id": "pleasance"}, {"group": 3, "id": "planking"}, {"group": 0, "id": "pleated"}, {"group": 14, "id": "plunderer", "degree": 0}, {"group": 4, "id": "player", "degree": 26}, {"group": 11, "id": "plangent", "degree": 15}, {"group": 0, "id": "pluralistic"}, {"group": 5, "id": "planting", "degree": 6}, {"group": 15, "id": "placation", "degree": 0}, {"group": 10, "id": "pliability", "degree": 7}, {"group": 1, "id": "plugged", "degree": 11}, {"group": 1, "id": "plenipotentiary", "degree": 3}, {"group": 1, "id": "plus"}, {"group": 2, "id": "plant"}, {"group": 3, "id": "plaguing"}, {"group": 2, "id": "pleader", "degree": 5}, {"group": 2, "id": "plugging"}, {"group": 3, "id": "plat", "degree": 38}, {"group": 3, "id": "plunder"}, {"group": 5, "id": "plane", "degree": 33}, {"group": 2, "id": "plan"}, {"group": 1, "id": "plenty", "degree": 30}, {"group": 3, "id": "pleura", "degree": 4}, {"group": 3, "id": "plank", "degree": 38}, {"group": 9, "id": "pleasantly", "degree": 4}, {"group": 5, "id": "placement", "degree": 29}, {"group": 0, "id": "pliable", "degree": 13}, {"group": 5, "id": "plage", "degree": 7}, {"group": 4, "id": "playboy"}, {"group": 4, "id": "platypus"}, {"group": 3, "id": "plating"}, {"group": 16, "id": "planimetry", "degree": 0}, {"group": 10, "id": "plumbing"}, {"group": 10, "id": "pleasure", "degree": 17}, {"group": 3, "id": "platter", "degree": 11}, {"group": 2, "id": "playacting", "degree": 15}, {"group": 2, "id": "playing"}, {"group": 5, "id": "plaque"}], "links": [{"source": 0, "target": 119, "weight": 0.00545}, {"source": 0, "target": 83, "weight": 0.041667}, {"source": 0, "target": 2, "weight": 0.009346}, {"source": 1, "target": 72, "weight": 0.004878}, {"source": 1, "target": 23, "weight": 0.00625}, {"source": 1, "target": 96, "weight": 0.008621}, {"source": 1, "target": 108, "weight": 0.007491}, {"source": 1, "target": 40, "weight": 0.007092}, {"source": 1, "target": 110, "weight": 0.019481}, {"source": 1, "target": 88, "weight": 0.034091}, {"source": 1, "target": 155, "weight": 0.011111}, {"source": 1, "target": 54, "weight": 0.018519}, {"source": 1, "target": 148, "weight": 0.00641}, {"source": 1, "target": 122, "weight": 0.007299}, {"source": 1, "target": 79, "weight": 0.002475}, {"source": 1, "target": 67, "weight": 0.00495}, {"source": 1, "target": 146, "weight": 0.020101}, {"source": 1, "target": 57, "weight": 0.008772}, {"source": 1, "target": 44, "weight": 0.011236}, {"source": 1, "target": 41, "weight": 0.009346}, {"source": 1, "target": 35, "weight": 0.008547}, {"source": 1, "target": 97, "weight": 0.023622}, {"source": 2, "target": 88, "weight": 0.011494}, {"source": 2, "target": 89, "weight": 0.006329}, {"source": 2, "target": 129, "weight": 0.008065}, {"source": 2, "target": 130, "weight": 0.010204}, {"source": 2, "target": 93, "weight": 0.008}, {"source": 2, "target": 6, "weight": 0.010204}, {"source": 2, "target": 131, "weight": 0.006803}, {"source": 2, "target": 102, "weight": 0.006329}, {"source": 2, "target": 8, "weight": 0.005714}, {"source": 2, "target": 97, "weight": 0.016}, {"source": 2, "target": 100, "weight": 0.0125}, {"source": 2, "target": 12, "weight": 0.045872}, {"source": 2, "target": 135, "weight": 0.066667}, {"source": 2, "target": 103, "weight": 0.037383}, {"source": 2, "target": 17, "weight": 0.007519}, {"source": 2, "target": 79, "weight": 0.005}, {"source": 2, "target": 35, "weight": 0.008772}, {"source": 2, "target": 22, "weight": 0.015707}, {"source": 2, "target": 23, "weight": 0.006369}, {"source": 2, "target": 64, "weight": 0.014706}, {"source": 2, "target": 110, "weight": 0.013158}, {"source": 2, "target": 136, "weight": 0.028986}, {"source": 2, "target": 68, "weight": 0.005814}, {"source": 2, "target": 144, "weight": 0.013333}, {"source": 2, "target": 146, "weight": 0.020408}, {"source": 2, "target": 151, "weight": 0.007692}, {"source": 2, "target": 34, "weight": 0.012121}, {"source": 2, "target": 137, "weight": 0.00813}, {"source": 2, "target": 80, "weight": 0.008403}, {"source": 2, "target": 119, "weight": 0.033994}, {"source": 2, "target": 162, "weight": 0.010753}, {"source": 2, "target": 84, "weight": 0.010526}, {"source": 3, "target": 44, "weight": 0.00295}, {"source": 3, "target": 116, "weight": 0.02}, {"source": 3, "target": 146, "weight": 0.005495}, {"source": 4, "target": 138, "weight": 0.005435}, {"source": 4, "target": 93, "weight": 0.007634}, {"source": 4, "target": 7, "weight": 0.005747}, {"source": 4, "target": 95, "weight": 0.045872}, {"source": 4, "target": 98, "weight": 0.008264}, {"source": 4, "target": 101, "weight": 0.053571}, {"source": 4, "target": 14, "weight": 0.010309}, {"source": 4, "target": 15, "weight": 0.013423}, {"source": 4, "target": 61, "weight": 0.014925}, {"source": 4, "target": 62, "weight": 0.075}, {"source": 4, "target": 106, "weight": 0.01626}, {"source": 4, "target": 44, "weight": 0.008333}, {"source": 4, "target": 27, "weight": 0.012346}, {"source": 4, "target": 89, "weight": 0.006098}, {"source": 4, "target": 145, "weight": 0.084211}, {"source": 4, "target": 148, "weight": 0.006289}, {"source": 4, "target": 116, "weight": 0.013699}, {"source": 4, "target": 150, "weight": 0.013889}, {"source": 4, "target": 121, "weight": 0.057971}, {"source": 4, "target": 79, "weight": 0.002457}, {"source": 4, "target": 157, "weight": 0.012195}, {"source": 4, "target": 158, "weight": 0.015873}, {"source": 5, "target": 95, "weight": 0.010101}, {"source": 5, "target": 96, "weight": 0.022222}, {"source": 5, "target": 41, "weight": 0.012195}, {"source": 5, "target": 110, "weight": 0.007634}, {"source": 5, "target": 44, "weight": 0.021341}, {"source": 5, "target": 67, "weight": 0.00565}, {"source": 5, "target": 129, "weight": 0.009804}, {"source": 5, "target": 146, "weight": 0.00565}, {"source": 5, "target": 6, "weight": 0.013158}, {"source": 6, "target": 138, "weight": 0.00578}, {"source": 6, "target": 129, "weight": 0.263158}, {"source": 6, "target": 8, "weight": 0.005882}, {"source": 6, "target": 101, "weight": 0.009434}, {"source": 6, "target": 148, "weight": 0.006757}, {"source": 6, "target": 99, "weight": 0.033333}, {"source": 6, "target": 57, "weight": 0.009434}, {"source": 6, "target": 106, "weight": 0.00885}, {"source": 6, "target": 107, "weight": 0.012346}, {"source": 6, "target": 23, "weight": 0.006579}, {"source": 6, "target": 44, "weight": 0.014409}, {"source": 6, "target": 153, "weight": 0.018519}, {"source": 6, "target": 67, "weight": 0.010363}, {"source": 6, "target": 113, "weight": 0.006135}, {"source": 6, "target": 71, "weight": 0.328125}, {"source": 6, "target": 155, "weight": 0.012195}, {"source": 6, "target": 122, "weight": 0.007752}, {"source": 6, "target": 79, "weight": 0.002525}, {"source": 6, "target": 123, "weight": 0.015152}, {"source": 6, "target": 160, "weight": 0.009615}, {"source": 6, "target": 161, "weight": 0.009901}, {"source": 7, "target": 95, "weight": 0.010563}, {"source": 7, "target": 44, "weight": 0.01199}, {"source": 7, "target": 150, "weight": 0.035354}, {"source": 7, "target": 98, "weight": 0.005556}, {"source": 7, "target": 42, "weight": 0.00641}, {"source": 7, "target": 101, "weight": 0.005682}, {"source": 7, "target": 67, "weight": 0.01145}, {"source": 7, "target": 142, "weight": 0.006211}, {"source": 7, "target": 14, "weight": 0.012903}, {"source": 7, "target": 15, "weight": 0.004785}, {"source": 7, "target": 113, "weight": 0.04}, {"source": 7, "target": 146, "weight": 0.003788}, {"source": 7, "target": 158, "weight": 0.005376}, {"source": 7, "target": 160, "weight": 0.005747}, {"source": 7, "target": 9, "weight": 0.015504}, {"source": 8, "target": 95, "weight": 0.003413}, {"source": 8, "target": 44, "weight": 0.002336}, {"source": 8, "target": 150, "weight": 0.004739}, {"source": 8, "target": 98, "weight": 0.005348}, {"source": 8, "target": 110, "weight": 0.008929}, {"source": 8, "target": 119, "weight": 0.016279}, {"source": 8, "target": 66, "weight": 0.006289}, {"source": 8, "target": 142, "weight": 0.005952}, {"source": 8, "target": 129, "weight": 0.005102}, {"source": 8, "target": 15, "weight": 0.00463}, {"source": 8, "target": 144, "weight": 0.004484}, {"source": 8, "target": 69, "weight": 0.01}, {"source": 8, "target": 58, "weight": 0.005848}, {"source": 8, "target": 158, "weight": 0.005181}, {"source": 8, "target": 19, "weight": 0.006944}, {"source": 8, "target": 102, "weight": 0.004348}, {"source": 8, "target": 116, "weight": 0.021898}, {"source": 9, "target": 44, "weight": 0.003145}, {"source": 9, "target": 150, "weight": 0.009901}, {"source": 9, "target": 67, "weight": 0.006211}, {"source": 9, "target": 15, "weight": 0.038835}, {"source": 9, "target": 79, "weight": 0.01676}, {"source": 9, "target": 82, "weight": 0.030303}, {"source": 9, "target": 106, "weight": 0.0125}, {"source": 10, "target": 119, "weight": 0.002976}, {"source": 10, "target": 108, "weight": 0.004219}, {"source": 10, "target": 112, "weight": 0.048387}, {"source": 10, "target": 49, "weight": 0.64}, {"source": 11, "target": 41, "weight": 0.02439}, {"source": 11, "target": 42, "weight": 0.014286}, {"source": 11, "target": 44, "weight": 0.002985}, {"source": 11, "target": 45, "weight": 0.012658}, {"source": 11, "target": 46, "weight": 0.018868}, {"source": 11, "target": 95, "weight": 0.005}, {"source": 11, "target": 96, "weight": 0.033333}, {"source": 11, "target": 14, "weight": 0.014286}, {"source": 11, "target": 104, "weight": 0.009174}, {"source": 11, "target": 138, "weight": 0.006369}, {"source": 11, "target": 108, "weight": 0.004098}, {"source": 11, "target": 132, "weight": 0.023256}, {"source": 11, "target": 26, "weight": 0.007752}, {"source": 11, "target": 67, "weight": 0.005618}, {"source": 11, "target": 142, "weight": 0.013333}, {"source": 11, "target": 144, "weight": 0.007692}, {"source": 11, "target": 113, "weight": 0.006803}, {"source": 11, "target": 69, "weight": 0.009259}, {"source": 11, "target": 148, "weight": 0.007576}, {"source": 11, "target": 76, "weight": 0.035714}, {"source": 11, "target": 120, "weight": 0.017544}, {"source": 11, "target": 48, "weight": 0.020408}, {"source": 11, "target": 122, "weight": 0.027027}, {"source": 11, "target": 162, "weight": 0.013889}, {"source": 11, "target": 145, "weight": 0.007143}, {"source": 12, "target": 87, "weight": 0.019231}, {"source": 12, "target": 88, "weight": 0.004739}, {"source": 12, "target": 42, "weight": 0.004651}, {"source": 12, "target": 130, "weight": 0.004505}, {"source": 12, "target": 102, "weight": 0.014337}, {"source": 12, "target": 95, "weight": 0.008746}, {"source": 12, "target": 96, "weight": 0.008475}, {"source": 12, "target": 41, "weight": 0.008811}, {"source": 12, "target": 54, "weight": 0.008734}, {"source": 12, "target": 135, "weight": 0.005348}, {"source": 12, "target": 15, "weight": 0.003731}, {"source": 12, "target": 60, "weight": 0.004854}, {"source": 12, "target": 20, "weight": 0.003472}, {"source": 12, "target": 22, "weight": 0.056478}, {"source": 12, "target": 44, "weight": 0.006276}, {"source": 12, "target": 64, "weight": 0.005208}, {"source": 12, "target": 110, "weight": 0.00361}, {"source": 12, "target": 136, "weight": 0.005155}, {"source": 12, "target": 66, "weight": 0.004739}, {"source": 12, "target": 67, "weight": 0.018868}, {"source": 12, "target": 142, "weight": 0.013761}, {"source": 12, "target": 144, "weight": 0.022222}, {"source": 12, "target": 113, "weight": 0.003425}, {"source": 12, "target": 69, "weight": 0.007937}, {"source": 12, "target": 146, "weight": 0.009346}, {"source": 12, "target": 148, "weight": 0.02583}, {"source": 12, "target": 34, "weight": 0.069853}, {"source": 12, "target": 76, "weight": 0.00495}, {"source": 12, "target": 78, "weight": 0.023166}, {"source": 12, "target": 56, "weight": 0.005}, {"source": 12, "target": 119, "weight": 0.096413}, {"source": 13, "target": 18, "weight": 0.025}, {"source": 14, "target": 95, "weight": 0.014493}, {"source": 14, "target": 96, "weight": 0.009901}, {"source": 14, "target": 150, "weight": 0.04065}, {"source": 14, "target": 104, "weight": 0.008475}, {"source": 14, "target": 34, "weight": 0.006494}, {"source": 14, "target": 56, "weight": 0.015625}, {"source": 14, "target": 132, "weight": 0.12766}, {"source": 14, "target": 69, "weight": 0.008547}, {"source": 14, "target": 142, "weight": 0.036585}, {"source": 14, "target": 15, "weight": 0.007576}, {"source": 14, "target": 79, "weight": 0.023622}, {"source": 14, "target": 17, "weight": 0.008264}, {"source": 14, "target": 58, "weight": 0.011494}, {"source": 14, "target": 119, "weight": 0.002841}, {"source": 14, "target": 22, "weight": 0.005525}, {"source": 15, "target": 44, "weight": 0.007595}, {"source": 15, "target": 126, "weight": 0.007353}, {"source": 15, "target": 89, "weight": 0.025641}, {"source": 15, "target": 91, "weight": 0.037383}, {"source": 15, "target": 95, "weight": 0.015444}, {"source": 15, "target": 97, "weight": 0.005988}, {"source": 15, "target": 54, "weight": 0.006803}, {"source": 15, "target": 104, "weight": 0.011765}, {"source": 15, "target": 122, "weight": 0.017341}, {"source": 15, "target": 17, "weight": 0.060606}, {"source": 15, "target": 58, "weight": 0.044444}, {"source": 15, "target": 22, "weight": 0.004274}, {"source": 15, "target": 23, "weight": 0.020513}, {"source": 15, "target": 138, "weight": 0.004566}, {"source": 15, "target": 108, "weight": 0.003268}, {"source": 15, "target": 109, "weight": 0.008475}, {"source": 15, "target": 132, "weight": 0.019231}, {"source": 15, "target": 26, "weight": 0.010526}, {"source": 15, "target": 78, "weight": 0.011111}, {"source": 15, "target": 67, "weight": 0.016878}, {"source": 15, "target": 142, "weight": 0.007299}, {"source": 15, "target": 144, "weight": 0.096591}, {"source": 15, "target": 145, "weight": 0.014749}, {"source": 15, "target": 148, "weight": 0.015625}, {"source": 15, "target": 72, "weight": 0.004115}, {"source": 15, "target": 57, "weight": 0.013245}, {"source": 15, "target": 73, "weight": 0.037383}, {"source": 15, "target": 150, "weight": 0.022599}, {"source": 15, "target": 46, "weight": 0.008696}, {"source": 15, "target": 34, "weight": 0.004831}, {"source": 15, "target": 77, "weight": 0.028302}, {"source": 15, "target": 155, "weight": 0.015748}, {"source": 15, "target": 121, "weight": 0.009346}, {"source": 15, "target": 56, "weight": 0.008547}, {"source": 15, "target": 79, "weight": 0.110276}, {"source": 15, "target": 119, "weight": 0.041026}, {"source": 15, "target": 162, "weight": 0.022727}, {"source": 16, "target": 78, "weight": 0.01}, {"source": 16, "target": 44, "weight": 0.003165}, {"source": 16, "target": 66, "weight": 0.021277}, {"source": 16, "target": 98, "weight": 0.013333}, {"source": 16, "target": 22, "weight": 0.006536}, {"source": 17, "target": 41, "weight": 0.007463}, {"source": 17, "target": 95, "weight": 0.003984}, {"source": 17, "target": 96, "weight": 0.006993}, {"source": 17, "target": 54, "weight": 0.022388}, {"source": 17, "target": 60, "weight": 0.008929}, {"source": 17, "target": 58, "weight": 0.287129}, {"source": 17, "target": 35, "weight": 0.006944}, {"source": 17, "target": 22, "weight": 0.004484}, {"source": 17, "target": 44, "weight": 0.010444}, {"source": 17, "target": 67, "weight": 0.022222}, {"source": 17, "target": 144, "weight": 0.29078}, {"source": 17, "target": 69, "weight": 0.012658}, {"source": 17, "target": 148, "weight": 0.010989}, {"source": 17, "target": 150, "weight": 0.005917}, {"source": 17, "target": 152, "weight": 0.010101}, {"source": 17, "target": 34, "weight": 0.010256}, {"source": 17, "target": 78, "weight": 0.005882}, {"source": 17, "target": 56, "weight": 0.009434}, {"source": 17, "target": 119, "weight": 0.05615}, {"source": 18, "target": 102, "weight": 0.01626}, {"source": 18, "target": 120, "weight": 0.216216}, {"source": 18, "target": 151, "weight": 0.089888}, {"source": 18, "target": 41, "weight": 0.014286}, {"source": 18, "target": 122, "weight": 0.01}, {"source": 18, "target": 127, "weight": 0.242424}, {"source": 18, "target": 100, "weight": 0.021739}, {"source": 18, "target": 67, "weight": 0.006061}, {"source": 18, "target": 142, "weight": 0.016129}, {"source": 18, "target": 99, "weight": 0.03125}, {"source": 18, "target": 63, "weight": 0.038462}, {"source": 18, "target": 38, "weight": 0.018868}, {"source": 18, "target": 93, "weight": 0.022222}, {"source": 19, "target": 150, "weight": 0.009259}, {"source": 19, "target": 97, "weight": 0.010526}, {"source": 19, "target": 98, "weight": 0.024096}, {"source": 19, "target": 34, "weight": 0.007407}, {"source": 19, "target": 26, "weight": 0.2}, {"source": 19, "target": 47, "weight": 0.017544}, {"source": 19, "target": 141, "weight": 0.009804}, {"source": 19, "target": 67, "weight": 0.005952}, {"source": 19, "target": 148, "weight": 0.033613}, {"source": 19, "target": 144, "weight": 0.008333}, {"source": 19, "target": 145, "weight": 0.00369}, {"source": 19, "target": 70, "weight": 0.017857}, {"source": 19, "target": 81, "weight": 0.032258}, {"source": 19, "target": 159, "weight": 0.030303}, {"source": 19, "target": 22, "weight": 0.006173}, {"source": 20, "target": 45, "weight": 0.0125}, {"source": 20, "target": 130, "weight": 0.006289}, {"source": 20, "target": 93, "weight": 0.021858}, {"source": 20, "target": 55, "weight": 0.007519}, {"source": 20, "target": 29, "weight": 0.006667}, {"source": 20, "target": 102, "weight": 0.013825}, {"source": 20, "target": 103, "weight": 0.005848}, {"source": 20, "target": 35, "weight": 0.023256}, {"source": 20, "target": 124, "weight": 0.298246}, {"source": 20, "target": 26, "weight": 0.004739}, {"source": 20, "target": 68, "weight": 0.212435}, {"source": 20, "target": 144, "weight": 0.004717}, {"source": 20, "target": 30, "weight": 0.013423}, {"source": 20, "target": 146, "weight": 0.003846}, {"source": 20, "target": 149, "weight": 0.007937}, {"source": 20, "target": 33, "weight": 0.007874}, {"source": 20, "target": 151, "weight": 0.005236}, {"source": 20, "target": 119, "weight": 0.036496}, {"source": 20, "target": 77, "weight": 0.007813}, {"source": 20, "target": 78, "weight": 0.01}, {"source": 20, "target": 80, "weight": 0.005556}, {"source": 20, "target": 158, "weight": 0.01105}, {"source": 20, "target": 22, "weight": 0.007905}, {"source": 20, "target": 84, "weight": 0.00641}, {"source": 21, "target": 53, "weight": 0.02439}, {"source": 21, "target": 94, "weight": 0.012821}, {"source": 22, "target": 67, "weight": 0.017544}, {"source": 22, "target": 39, "weight": 0.105263}, {"source": 22, "target": 40, "weight": 0.004386}, {"source": 22, "target": 88, "weight": 0.011364}, {"source": 22, "target": 126, "weight": 0.005405}, {"source": 22, "target": 45, "weight": 0.005263}, {"source": 22, "target": 155, "weight": 0.00565}, {"source": 22, "target": 122, "weight": 0.004464}, {"source": 22, "target": 69, "weight": 0.009174}, {"source": 22, "target": 129, "weight": 0.004673}, {"source": 22, "target": 130, "weight": 0.016129}, {"source": 22, "target": 44, "weight": 0.013605}, {"source": 22, "target": 102, "weight": 0.008097}, {"source": 22, "target": 95, "weight": 0.003215}, {"source": 22, "target": 97, "weight": 0.382166}, {"source": 22, "target": 98, "weight": 0.009804}, {"source": 22, "target": 104, "weight": 0.009132}, {"source": 22, "target": 101, "weight": 0.004975}, {"source": 22, "target": 54, "weight": 0.05914}, {"source": 22, "target": 135, "weight": 0.006536}, {"source": 22, "target": 57, "weight": 0.004975}, {"source": 22, "target": 35, "weight": 0.014851}, {"source": 22, "target": 103, "weight": 0.015152}, {"source": 22, "target": 23, "weight": 0.00813}, {"source": 22, "target": 138, "weight": 0.011278}, {"source": 22, "target": 108, "weight": 0.075529}, {"source": 22, "target": 64, "weight": 0.006329}, {"source": 22, "target": 110, "weight": 0.004115}, {"source": 22, "target": 26, "weight": 0.025532}, {"source": 22, "target": 66, "weight": 0.011364}, {"source": 22, "target": 144, "weight": 0.008333}, {"source": 22, "target": 142, "weight": 0.005376}, {"source": 22, "target": 68, "weight": 0.007663}, {"source": 22, "target": 143, "weight": 0.005291}, {"source": 22, "target": 112, "weight": 0.005495}, {"source": 22, "target": 145, "weight": 0.005115}, {"source": 22, "target": 146, "weight": 0.010453}, {"source": 22, "target": 31, "weight": 0.004673}, {"source": 22, "target": 148, "weight": 0.04721}, {"source": 22, "target": 72, "weight": 0.010345}, {"source": 22, "target": 132, "weight": 0.006494}, {"source": 22, "target": 33, "weight": 0.00641}, {"source": 22, "target": 109, "weight": 0.005988}, {"source": 22, "target": 118, "weight": 0.006579}, {"source": 22, "target": 34, "weight": 0.324742}, {"source": 22, "target": 77, "weight": 0.006369}, {"source": 22, "target": 78, "weight": 0.013158}, {"source": 22, "target": 52, "weight": 0.00565}, {"source": 22, "target": 92, "weight": 0.005587}, {"source": 22, "target": 79, "weight": 0.014433}, {"source": 22, "target": 80, "weight": 0.004785}, {"source": 22, "target": 114, "weight": 0.01875}, {"source": 22, "target": 119, "weight": 0.008869}, {"source": 22, "target": 124, "weight": 0.005682}, {"source": 22, "target": 123, "weight": 0.006211}, {"source": 22, "target": 82, "weight": 0.006211}, {"source": 22, "target": 160, "weight": 0.005025}, {"source": 22, "target": 161, "weight": 0.005102}, {"source": 22, "target": 84, "weight": 0.005405}, {"source": 23, "target": 41, "weight": 0.025806}, {"source": 23, "target": 129, "weight": 0.005618}, {"source": 23, "target": 95, "weight": 0.010989}, {"source": 23, "target": 96, "weight": 0.012048}, {"source": 23, "target": 98, "weight": 0.005917}, {"source": 23, "target": 147, "weight": 0.018018}, {"source": 23, "target": 54, "weight": 0.00625}, {"source": 23, "target": 58, "weight": 0.006536}, {"source": 23, "target": 44, "weight": 0.00489}, {"source": 23, "target": 67, "weight": 0.165138}, {"source": 23, "target": 142, "weight": 0.02027}, {"source": 23, "target": 144, "weight": 0.014778}, {"source": 23, "target": 113, "weight": 0.004505}, {"source": 23, "target": 69, "weight": 0.010989}, {"source": 23, "target": 148, "weight": 0.209302}, {"source": 23, "target": 43, "weight": 0.00885}, {"source": 23, "target": 150, "weight": 0.005181}, {"source": 23, "target": 34, "weight": 0.018433}, {"source": 23, "target": 78, "weight": 0.010363}, {"source": 23, "target": 121, "weight": 0.008333}, {"source": 23, "target": 119, "weight": 0.004796}, {"source": 23, "target": 159, "weight": 0.025862}, {"source": 24, "target": 95, "weight": 0.005181}, {"source": 24, "target": 160, "weight": 0.012346}, {"source": 24, "target": 27, "weight": 0.021277}, {"source": 24, "target": 140, "weight": 0.015873}, {"source": 25, "target": 67, "weight": 0.005714}, {"source": 25, "target": 75, "weight": 0.022727}, {"source": 25, "target": 148, "weight": 0.007752}, {"source": 25, "target": 98, "weight": 0.010989}, {"source": 26, "target": 96, "weight": 0.012579}, {"source": 26, "target": 98, "weight": 0.012422}, {"source": 26, "target": 58, "weight": 0.006849}, {"source": 26, "target": 35, "weight": 0.0125}, {"source": 26, "target": 44, "weight": 0.002481}, {"source": 26, "target": 67, "weight": 0.004065}, {"source": 26, "target": 144, "weight": 0.093407}, {"source": 26, "target": 113, "weight": 0.004651}, {"source": 26, "target": 69, "weight": 0.011429}, {"source": 26, "target": 148, "weight": 0.030769}, {"source": 26, "target": 33, "weight": 0.017857}, {"source": 26, "target": 150, "weight": 0.005376}, {"source": 26, "target": 34, "weight": 0.014218}, {"source": 26, "target": 78, "weight": 0.005348}, {"source": 26, "target": 119, "weight": 0.009804}, {"source": 26, "target": 159, "weight": 0.009009}, {"source": 26, "target": 30, "weight": 0.007353}, {"source": 27, "target": 95, "weight": 0.005181}, {"source": 27, "target": 150, "weight": 0.009009}, {"source": 27, "target": 70, "weight": 0.016949}, {"source": 27, "target": 110, "weight": 0.008}, {"source": 27, "target": 145, "weight": 0.00365}, {"source": 27, "target": 160, "weight": 0.025}, {"source": 27, "target": 60, "weight": 0.018519}, {"source": 28, "target": 117, "weight": 0.020833}, {"source": 28, "target": 130, "weight": 0.014286}, {"source": 28, "target": 38, "weight": 0.016949}, {"source": 29, "target": 99, "weight": 0.019231}, {"source": 29, "target": 71, "weight": 0.013333}, {"source": 29, "target": 160, "weight": 0.043478}, {"source": 29, "target": 67, "weight": 0.005405}, {"source": 30, "target": 45, "weight": 0.011628}, {"source": 30, "target": 33, "weight": 0.06}, {"source": 30, "target": 119, "weight": 0.008621}, {"source": 30, "target": 78, "weight": 0.007937}, {"source": 30, "target": 90, "weight": 0.023256}, {"source": 30, "target": 68, "weight": 0.006329}, {"source": 30, "target": 52, "weight": 0.013699}, {"source": 30, "target": 144, "weight": 0.014706}, {"source": 30, "target": 54, "weight": 0.01087}, {"source": 30, "target": 108, "weight": 0.003984}, {"source": 30, "target": 55, "weight": 0.035088}, {"source": 31, "target": 95, "weight": 0.004132}, {"source": 31, "target": 44, "weight": 0.002653}, {"source": 31, "target": 108, "weight": 0.003497}, {"source": 31, "target": 86, "weight": 0.008547}, {"source": 31, "target": 109, "weight": 0.010204}, {"source": 31, "target": 110, "weight": 0.017442}, {"source": 31, "target": 59, "weight": 0.023529}, {"source": 31, "target": 78, "weight": 0.006211}, {"source": 31, "target": 145, "weight": 0.003096}, {"source": 31, "target": 146, "weight": 0.004545}, {"source": 31, "target": 119, "weight": 0.002597}, {"source": 31, "target": 60, "weight": 0.009709}, {"source": 32, "target": 113, "weight": 0.007463}, {"source": 33, "target": 44, "weight": 0.003135}, {"source": 33, "target": 108, "weight": 0.004386}, {"source": 33, "target": 119, "weight": 0.003058}, {"source": 33, "target": 45, "weight": 0.015873}, {"source": 33, "target": 144, "weight": 0.017699}, {"source": 33, "target": 79, "weight": 0.002747}, {"source": 34, "target": 39, "weight": 0.089286}, {"source": 34, "target": 40, "weight": 0.004975}, {"source": 34, "target": 88, "weight": 0.006667}, {"source": 34, "target": 126, "weight": 0.019231}, {"source": 34, "target": 127, "weight": 0.007299}, {"source": 34, "target": 155, "weight": 0.02027}, {"source": 34, "target": 69, "weight": 0.032086}, {"source": 34, "target": 129, "weight": 0.005348}, {"source": 34, "target": 130, "weight": 0.006211}, {"source": 34, "target": 44, "weight": 0.014493}, {"source": 34, "target": 102, "weight": 0.009091}, {"source": 34, "target": 94, "weight": 0.005618}, {"source": 34, "target": 45, "weight": 0.006135}, {"source": 34, "target": 95, "weight": 0.007067}, {"source": 34, "target": 96, "weight": 0.017241}, {"source": 34, "target": 97, "weight": 0.30137}, {"source": 34, "target": 98, "weight": 0.005618}, {"source": 34, "target": 104, "weight": 0.021053}, {"source": 34, "target": 41, "weight": 0.012048}, {"source": 34, "target": 101, "weight": 0.017442}, {"source": 34, "target": 54, "weight": 0.055901}, {"source": 34, "target": 135, "weight": 0.007937}, {"source": 34, "target": 103, "weight": 0.011628}, {"source": 34, "target": 122, "weight": 0.015385}, {"source": 34, "target": 106, "weight": 0.005525}, {"source": 34, "target": 138, "weight": 0.004149}, {"source": 34, "target": 108, "weight": 0.064725}, {"source": 34, "target": 64, "weight": 0.007634}, {"source": 34, "target": 110, "weight": 0.00463}, {"source": 34, "target": 65, "weight": 0.007353}, {"source": 34, "target": 66, "weight": 0.006667}, {"source": 34, "target": 67, "weight": 0.031373}, {"source": 34, "target": 142, "weight": 0.006289}, {"source": 34, "target": 68, "weight": 0.004255}, {"source": 34, "target": 144, "weight": 0.014151}, {"source": 34, "target": 145, "weight": 0.005495}, {"source": 34, "target": 146, "weight": 0.007663}, {"source": 34, "target": 148, "weight": 0.068966}, {"source": 34, "target": 72, "weight": 0.031008}, {"source": 34, "target": 132, "weight": 0.007874}, {"source": 34, "target": 57, "weight": 0.017442}, {"source": 34, "target": 109, "weight": 0.007143}, {"source": 34, "target": 118, "weight": 0.008}, {"source": 34, "target": 119, "weight": 0.009434}, {"source": 34, "target": 77, "weight": 0.007692}, {"source": 34, "target": 154, "weight": 0.008065}, {"source": 34, "target": 78, "weight": 0.009901}, {"source": 34, "target": 92, "weight": 0.006579}, {"source": 34, "target": 79, "weight": 0.013072}, {"source": 34, "target": 123, "weight": 0.007463}, {"source": 34, "target": 82, "weight": 0.007463}, {"source": 34, "target": 160, "weight": 0.005814}, {"source": 34, "target": 161, "weight": 0.005917}, {"source": 35, "target": 39, "weight": 0.007692}, {"source": 35, "target": 97, "weight": 0.007299}, {"source": 35, "target": 54, "weight": 0.008547}, {"source": 35, "target": 103, "weight": 0.033898}, {"source": 35, "target": 58, "weight": 0.009091}, {"source": 35, "target": 124, "weight": 0.010309}, {"source": 35, "target": 108, "weight": 0.003623}, {"source": 35, "target": 64, "weight": 0.012658}, {"source": 35, "target": 69, "weight": 0.007143}, {"source": 35, "target": 68, "weight": 0.027933}, {"source": 35, "target": 143, "weight": 0.009091}, {"source": 35, "target": 144, "weight": 0.01875}, {"source": 35, "target": 146, "weight": 0.014423}, {"source": 35, "target": 72, "weight": 0.004695}, {"source": 35, "target": 74, "weight": 0.013158}, {"source": 35, "target": 119, "weight": 0.005348}, {"source": 35, "target": 78, "weight": 0.006623}, {"source": 35, "target": 158, "weight": 0.007576}, {"source": 36, "target": 119, "weight": 0.002915}, {"source": 36, "target": 135, "weight": 0.02381}, {"source": 38, "target": 146, "weight": 0.005464}, {"source": 38, "target": 67, "weight": 0.005464}, {"source": 38, "target": 113, "weight": 0.006579}, {"source": 39, "target": 95, "weight": 0.004219}, {"source": 39, "target": 96, "weight": 0.007752}, {"source": 39, "target": 41, "weight": 0.008333}, {"source": 39, "target": 78, "weight": 0.019481}, {"source": 39, "target": 66, "weight": 0.009709}, {"source": 39, "target": 44, "weight": 0.005391}, {"source": 39, "target": 54, "weight": 0.23}, {"source": 39, "target": 142, "weight": 0.008929}, {"source": 39, "target": 69, "weight": 0.020979}, {"source": 39, "target": 144, "weight": 0.018182}, {"source": 39, "target": 67, "weight": 0.014085}, {"source": 39, "target": 58, "weight": 0.008696}, {"source": 39, "target": 119, "weight": 0.007937}, {"source": 39, "target": 148, "weight": 0.024096}, {"source": 39, "target": 102, "weight": 0.005747}, {"source": 40, "target": 44, "weight": 0.007712}, {"source": 40, "target": 96, "weight": 0.013605}, {"source": 40, "target": 150, "weight": 0.005747}, {"source": 40, "target": 41, "weight": 0.007194}, {"source": 40, "target": 101, "weight": 0.006849}, {"source": 40, "target": 111, "weight": 0.025862}, {"source": 40, "target": 69, "weight": 0.006098}, {"source": 40, "target": 121, "weight": 0.009901}, {"source": 40, "target": 56, "weight": 0.009009}, {"source": 40, "target": 146, "weight": 0.004274}, {"source": 40, "target": 158, "weight": 0.00641}, {"source": 40, "target": 148, "weight": 0.005319}, {"source": 41, "target": 127, "weight": 0.041096}, {"source": 41, "target": 155, "weight": 0.047059}, {"source": 41, "target": 69, "weight": 0.023438}, {"source": 41, "target": 46, "weight": 0.027027}, {"source": 41, "target": 94, "weight": 0.008621}, {"source": 41, "target": 95, "weight": 0.004505}, {"source": 41, "target": 96, "weight": 0.352941}, {"source": 41, "target": 54, "weight": 0.009346}, {"source": 41, "target": 104, "weight": 0.007634}, {"source": 41, "target": 122, "weight": 0.152542}, {"source": 41, "target": 57, "weight": 0.036697}, {"source": 41, "target": 107, "weight": 0.011494}, {"source": 41, "target": 138, "weight": 0.005587}, {"source": 41, "target": 108, "weight": 0.007547}, {"source": 41, "target": 66, "weight": 0.011364}, {"source": 41, "target": 67, "weight": 0.098361}, {"source": 41, "target": 142, "weight": 0.209877}, {"source": 41, "target": 143, "weight": 0.01}, {"source": 41, "target": 144, "weight": 0.006579}, {"source": 41, "target": 113, "weight": 0.011905}, {"source": 41, "target": 145, "weight": 0.0033}, {"source": 41, "target": 148, "weight": 0.02649}, {"source": 41, "target": 44, "weight": 0.005618}, {"source": 41, "target": 151, "weight": 0.007634}, {"source": 41, "target": 120, "weight": 0.269841}, {"source": 41, "target": 56, "weight": 0.012987}, {"source": 41, "target": 79, "weight": 0.002488}, {"source": 41, "target": 119, "weight": 0.00274}, {"source": 42, "target": 72, "weight": 0.015957}, {"source": 42, "target": 73, "weight": 0.017544}, {"source": 42, "target": 69, "weight": 0.008547}, {"source": 42, "target": 46, "weight": 0.105263}, {"source": 42, "target": 122, "weight": 0.051282}, {"source": 42, "target": 113, "weight": 0.00641}, {"source": 42, "target": 145, "weight": 0.013937}, {"source": 42, "target": 91, "weight": 0.017544}, {"source": 43, "target": 102, "weight": 0.008772}, {"source": 43, "target": 106, "weight": 0.013514}, {"source": 44, "target": 120, "weight": 0.006061}, {"source": 44, "target": 86, "weight": 0.002865}, {"source": 44, "target": 89, "weight": 0.014778}, {"source": 44, "target": 129, "weight": 0.013405}, {"source": 44, "target": 53, "weight": 0.006061}, {"source": 44, "target": 93, "weight": 0.002646}, {"source": 44, "target": 47, "weight": 0.005882}, {"source": 44, "target": 78, "weight": 0.007673}, {"source": 44, "target": 95, "weight": 0.041667}, {"source": 44, "target": 96, "weight": 0.002732}, {"source": 44, "target": 134, "weight": 0.002899}, {"source": 44, "target": 50, "weight": 0.003012}, {"source": 44, "target": 98, "weight": 0.00545}, {"source": 44, "target": 99, "weight": 0.009464}, {"source": 44, "target": 94, "weight": 0.010959}, {"source": 44, "target": 101, "weight": 0.028169}, {"source": 44, "target": 54, "weight": 0.002786}, {"source": 44, "target": 145, "weight": 0.02963}, {"source": 44, "target": 155, "weight": 0.002941}, {"source": 44, "target": 105, "weight": 0.0059}, {"source": 44, "target": 79, "weight": 0.034755}, {"source": 44, "target": 62, "weight": 0.009091}, {"source": 44, "target": 107, "weight": 0.024096}, {"source": 44, "target": 138, "weight": 0.006993}, {"source": 44, "target": 108, "weight": 0.070103}, {"source": 44, "target": 91, "weight": 0.003106}, {"source": 44, "target": 110, "weight": 0.004938}, {"source": 44, "target": 72, "weight": 0.002198}, {"source": 44, "target": 66, "weight": 0.002941}, {"source": 44, "target": 104, "weight": 0.010526}, {"source": 44, "target": 67, "weight": 0.048611}, {"source": 44, "target": 142, "weight": 0.011561}, {"source": 44, "target": 143, "weight": 0.002841}, {"source": 44, "target": 144, "weight": 0.0125}, {"source": 44, "target": 113, "weight": 0.00716}, {"source": 44, "target": 69, "weight": 0.005249}, {"source": 44, "target": 146, "weight": 0.006667}, {"source": 44, "target": 73, "weight": 0.003106}, {"source": 44, "target": 148, "weight": 0.007426}, {"source": 44, "target": 116, "weight": 0.003125}, {"source": 44, "target": 97, "weight": 0.013333}, {"source": 44, "target": 57, "weight": 0.002747}, {"source": 44, "target": 71, "weight": 0.011799}, {"source": 44, "target": 150, "weight": 0.002551}, {"source": 44, "target": 51, "weight": 0.003021}, {"source": 44, "target": 141, "weight": 0.002591}, {"source": 44, "target": 77, "weight": 0.003125}, {"source": 44, "target": 48, "weight": 0.003096}, {"source": 44, "target": 70, "weight": 0.002941}, {"source": 44, "target": 52, "weight": 0.002941}, {"source": 44, "target": 122, "weight": 0.005181}, {"source": 44, "target": 137, "weight": 0.00266}, {"source": 44, "target": 80, "weight": 0.002688}, {"source": 44, "target": 119, "weight": 0.004878}, {"source": 44, "target": 158, "weight": 0.010782}, {"source": 44, "target": 123, "weight": 0.003086}, {"source": 44, "target": 106, "weight": 0.024793}, {"source": 44, "target": 160, "weight": 0.022535}, {"source": 44, "target": 161, "weight": 0.028571}, {"source": 44, "target": 84, "weight": 0.002874}, {"source": 45, "target": 87, "weight": 0.011905}, {"source": 45, "target": 98, "weight": 0.008929}, {"source": 45, "target": 144, "weight": 0.006757}, {"source": 45, "target": 119, "weight": 0.005556}, {"source": 45, "target": 160, "weight": 0.009434}, {"source": 46, "target": 95, "weight": 0.010471}, {"source": 46, "target": 96, "weight": 0.011905}, {"source": 46, "target": 67, "weight": 0.011834}, {"source": 46, "target": 142, "weight": 0.030303}, {"source": 46, "target": 82, "weight": 0.02381}, {"source": 46, "target": 148, "weight": 0.008065}, {"source": 47, "target": 150, "weight": 0.008065}, {"source": 47, "target": 67, "weight": 0.005435}, {"source": 47, "target": 78, "weight": 0.008}, {"source": 47, "target": 113, "weight": 0.006536}, {"source": 48, "target": 95, "weight": 0.005319}, {"source": 49, "target": 119, "weight": 0.00304}, {"source": 49, "target": 112, "weight": 0.035714}, {"source": 50, "target": 95, "weight": 0.005076}, {"source": 50, "target": 110, "weight": 0.007752}, {"source": 50, "target": 101, "weight": 0.011494}, {"source": 50, "target": 69, "weight": 0.009524}, {"source": 50, "target": 146, "weight": 0.005714}, {"source": 50, "target": 94, "weight": 0.010989}, {"source": 51, "target": 138, "weight": 0.006536}, {"source": 51, "target": 134, "weight": 0.387755}, {"source": 51, "target": 94, "weight": 0.011111}, {"source": 51, "target": 79, "weight": 0.00266}, {"source": 51, "target": 86, "weight": 0.014085}, {"source": 51, "target": 157, "weight": 0.019608}, {"source": 51, "target": 60, "weight": 0.017544}, {"source": 52, "target": 98, "weight": 0.010101}, {"source": 52, "target": 119, "weight": 0.002874}, {"source": 52, "target": 66, "weight": 0.014085}, {"source": 52, "target": 78, "weight": 0.008065}, {"source": 52, "target": 144, "weight": 0.007407}, {"source": 52, "target": 55, "weight": 0.017857}, {"source": 53, "target": 158, "weight": 0.031915}, {"source": 53, "target": 55, "weight": 0.021277}, {"source": 53, "target": 67, "weight": 0.005747}, {"source": 54, "target": 127, "weight": 0.012987}, {"source": 54, "target": 89, "weight": 0.006211}, {"source": 54, "target": 69, "weight": 0.007576}, {"source": 54, "target": 132, "weight": 0.014925}, {"source": 54, "target": 96, "weight": 0.008621}, {"source": 54, "target": 97, "weight": 0.092437}, {"source": 54, "target": 58, "weight": 0.009804}, {"source": 54, "target": 155, "weight": 0.011111}, {"source": 54, "target": 108, "weight": 0.102459}, {"source": 54, "target": 67, "weight": 0.00995}, {"source": 54, "target": 144, "weight": 0.006494}, {"source": 54, "target": 148, "weight": 0.00641}, {"source": 54, "target": 72, "weight": 0.004878}, {"source": 54, "target": 57, "weight": 0.008772}, {"source": 54, "target": 78, "weight": 0.133858}, {"source": 54, "target": 122, "weight": 0.007299}, {"source": 54, "target": 79, "weight": 0.004963}, {"source": 54, "target": 119, "weight": 0.002725}, {"source": 54, "target": 158, "weight": 0.008065}, {"source": 55, "target": 119, "weight": 0.012121}, {"source": 55, "target": 68, "weight": 0.044118}, {"source": 55, "target": 93, "weight": 0.010638}, {"source": 56, "target": 126, "weight": 0.029851}, {"source": 56, "target": 132, "weight": 0.027027}, {"source": 56, "target": 96, "weight": 0.011628}, {"source": 56, "target": 98, "weight": 0.011364}, {"source": 56, "target": 104, "weight": 0.009709}, {"source": 56, "target": 106, "weight": 0.010989}, {"source": 56, "target": 138, "weight": 0.006623}, {"source": 56, "target": 108, "weight": 0.004202}, {"source": 56, "target": 109, "weight": 0.02}, {"source": 56, "target": 110, "weight": 0.007937}, {"source": 56, "target": 144, "weight": 0.008065}, {"source": 56, "target": 146, "weight": 0.005814}, {"source": 56, "target": 148, "weight": 0.016}, {"source": 56, "target": 72, "weight": 0.005714}, {"source": 56, "target": 57, "weight": 0.024096}, {"source": 56, "target": 74, "weight": 0.026316}, {"source": 56, "target": 79, "weight": 0.005362}, {"source": 56, "target": 162, "weight": 0.046875}, {"source": 57, "target": 129, "weight": 0.007576}, {"source": 57, "target": 95, "weight": 0.004367}, {"source": 57, "target": 96, "weight": 0.008264}, {"source": 57, "target": 147, "weight": 0.030769}, {"source": 57, "target": 58, "weight": 0.018868}, {"source": 57, "target": 69, "weight": 0.014706}, {"source": 57, "target": 142, "weight": 0.029412}, {"source": 57, "target": 144, "weight": 0.012658}, {"source": 57, "target": 113, "weight": 0.005682}, {"source": 57, "target": 67, "weight": 0.195402}, {"source": 57, "target": 148, "weight": 0.572816}, {"source": 57, "target": 152, "weight": 0.012987}, {"source": 57, "target": 119, "weight": 0.002688}, {"source": 57, "target": 159, "weight": 0.028169}, {"source": 58, "target": 126, "weight": 0.045455}, {"source": 58, "target": 89, "weight": 0.006494}, {"source": 58, "target": 95, "weight": 0.004608}, {"source": 58, "target": 96, "weight": 0.009174}, {"source": 58, "target": 148, "weight": 0.013514}, {"source": 58, "target": 155, "weight": 0.012048}, {"source": 58, "target": 108, "weight": 0.003831}, {"source": 58, "target": 67, "weight": 0.010309}, {"source": 58, "target": 144, "weight": 0.049645}, {"source": 58, "target": 145, "weight": 0.003356}, {"source": 58, "target": 60, "weight": 0.012821}, {"source": 58, "target": 72, "weight": 0.005051}, {"source": 58, "target": 152, "weight": 0.346939}, {"source": 58, "target": 119, "weight": 0.058651}, {"source": 58, "target": 77, "weight": 0.015873}, {"source": 58, "target": 78, "weight": 0.007353}, {"source": 58, "target": 122, "weight": 0.007692}, {"source": 58, "target": 79, "weight": 0.002519}, {"source": 59, "target": 102, "weight": 0.008333}, {"source": 59, "target": 66, "weight": 0.020408}, {"source": 59, "target": 119, "weight": 0.006154}, {"source": 60, "target": 125, "weight": 0.068182}, {"source": 60, "target": 134, "weight": 0.014085}, {"source": 60, "target": 118, "weight": 0.02439}, {"source": 60, "target": 110, "weight": 0.015267}, {"source": 60, "target": 119, "weight": 0.002915}, {"source": 60, "target": 79, "weight": 0.002632}, {"source": 60, "target": 158, "weight": 0.041237}, {"source": 60, "target": 94, "weight": 0.032609}, {"source": 61, "target": 146, "weight": 0.006369}, {"source": 62, "target": 95, "weight": 0.11236}, {"source": 62, "target": 138, "weight": 0.006494}, {"source": 62, "target": 98, "weight": 0.010989}, {"source": 62, "target": 101, "weight": 0.113924}, {"source": 62, "target": 142, "weight": 0.013889}, {"source": 62, "target": 145, "weight": 0.014545}, {"source": 62, "target": 93, "weight": 0.009901}, {"source": 62, "target": 157, "weight": 0.019231}, {"source": 62, "target": 116, "weight": 0.023256}, {"source": 62, "target": 106, "weight": 0.010638}, {"source": 64, "target": 97, "weight": 0.010989}, {"source": 64, "target": 110, "weight": 0.017094}, {"source": 64, "target": 88, "weight": 0.039216}, {"source": 64, "target": 135, "weight": 0.035714}, {"source": 64, "target": 103, "weight": 0.288136}, {"source": 64, "target": 130, "weight": 0.015873}, {"source": 64, "target": 146, "weight": 0.092715}, {"source": 65, "target": 72, "weight": 0.029762}, {"source": 65, "target": 141, "weight": 0.019608}, {"source": 65, "target": 69, "weight": 0.010101}, {"source": 65, "target": 89, "weight": 0.007813}, {"source": 65, "target": 104, "weight": 0.052083}, {"source": 65, "target": 106, "weight": 0.011364}, {"source": 66, "target": 120, "weight": 0.016129}, {"source": 66, "target": 95, "weight": 0.004878}, {"source": 66, "target": 97, "weight": 0.018349}, {"source": 66, "target": 98, "weight": 0.010101}, {"source": 66, "target": 102, "weight": 0.021429}, {"source": 66, "target": 125, "weight": 0.019608}, {"source": 66, "target": 138, "weight": 0.006173}, {"source": 66, "target": 108, "weight": 0.004016}, {"source": 66, "target": 109, "weight": 0.050847}, {"source": 66, "target": 110, "weight": 0.007299}, {"source": 66, "target": 67, "weight": 0.005464}, {"source": 66, "target": 142, "weight": 0.025316}, {"source": 66, "target": 146, "weight": 0.005464}, {"source": 66, "target": 77, "weight": 0.019608}, {"source": 66, "target": 78, "weight": 0.01626}, {"source": 66, "target": 122, "weight": 0.008475}, {"source": 66, "target": 79, "weight": 0.005208}, {"source": 66, "target": 80, "weight": 0.009709}, {"source": 66, "target": 119, "weight": 0.017493}, {"source": 66, "target": 84, "weight": 0.012658}, {"source": 67, "target": 126, "weight": 0.032258}, {"source": 67, "target": 127, "weight": 0.011834}, {"source": 67, "target": 89, "weight": 0.02}, {"source": 67, "target": 129, "weight": 0.004545}, {"source": 67, "target": 95, "weight": 0.019231}, {"source": 67, "target": 96, "weight": 0.029412}, {"source": 67, "target": 97, "weight": 0.018265}, {"source": 67, "target": 98, "weight": 0.004739}, {"source": 67, "target": 104, "weight": 0.008889}, {"source": 67, "target": 147, "weight": 0.013072}, {"source": 67, "target": 101, "weight": 0.014634}, {"source": 67, "target": 139, "weight": 0.010753}, {"source": 67, "target": 107, "weight": 0.01105}, {"source": 67, "target": 138, "weight": 0.00365}, {"source": 67, "target": 108, "weight": 0.034286}, {"source": 67, "target": 91, "weight": 0.012195}, {"source": 67, "target": 78, "weight": 0.012821}, {"source": 67, "target": 69, "weight": 0.022624}, {"source": 67, "target": 142, "weight": 0.096591}, {"source": 67, "target": 143, "weight": 0.005128}, {"source": 67, "target": 144, "weight": 0.016393}, {"source": 67, "target": 113, "weight": 0.077236}, {"source": 67, "target": 145, "weight": 0.010127}, {"source": 67, "target": 73, "weight": 0.012195}, {"source": 67, "target": 148, "weight": 0.168224}, {"source": 67, "target": 72, "weight": 0.013559}, {"source": 67, "target": 159, "weight": 0.012579}, {"source": 67, "target": 151, "weight": 0.004425}, {"source": 67, "target": 152, "weight": 0.006061}, {"source": 67, "target": 120, "weight": 0.107595}, {"source": 67, "target": 155, "weight": 0.226667}, {"source": 67, "target": 122, "weight": 0.276243}, {"source": 67, "target": 79, "weight": 0.018405}, {"source": 67, "target": 119, "weight": 0.00655}, {"source": 67, "target": 158, "weight": 0.004608}, {"source": 67, "target": 71, "weight": 0.005405}, {"source": 67, "target": 82, "weight": 0.005988}, {"source": 67, "target": 161, "weight": 0.00495}, {"source": 67, "target": 162, "weight": 0.010638}, {"source": 68, "target": 102, "weight": 0.013333}, {"source": 68, "target": 95, "weight": 0.003448}, {"source": 68, "target": 151, "weight": 0.005025}, {"source": 68, "target": 101, "weight": 0.005556}, {"source": 68, "target": 130, "weight": 0.018182}, {"source": 68, "target": 146, "weight": 0.007491}, {"source": 68, "target": 119, "weight": 0.018779}, {"source": 68, "target": 149, "weight": 0.015038}, {"source": 69, "target": 127, "weight": 0.01}, {"source": 69, "target": 132, "weight": 0.011111}, {"source": 69, "target": 96, "weight": 0.014493}, {"source": 69, "target": 97, "weight": 0.006579}, {"source": 69, "target": 104, "weight": 0.032895}, {"source": 69, "target": 119, "weight": 0.005141}, {"source": 69, "target": 155, "weight": 0.017857}, {"source": 69, "target": 108, "weight": 0.013889}, {"source": 69, "target": 141, "weight": 0.006289}, {"source": 69, "target": 142, "weight": 0.016529}, {"source": 69, "target": 143, "weight": 0.02439}, {"source": 69, "target": 144, "weight": 0.017143}, {"source": 69, "target": 148, "weight": 0.022727}, {"source": 69, "target": 72, "weight": 0.013274}, {"source": 69, "target": 120, "weight": 0.019417}, {"source": 69, "target": 122, "weight": 0.025478}, {"source": 69, "target": 75, "weight": 0.010638}, {"source": 70, "target": 95, "weight": 0.004878}, {"source": 70, "target": 150, "weight": 0.00813}, {"source": 70, "target": 160, "weight": 0.010753}, {"source": 71, "target": 107, "weight": 0.042857}, {"source": 71, "target": 129, "weight": 0.057143}, {"source": 71, "target": 101, "weight": 0.010309}, {"source": 71, "target": 99, "weight": 0.019231}, {"source": 71, "target": 113, "weight": 0.006494}, {"source": 71, "target": 106, "weight": 0.009615}, {"source": 72, "target": 129, "weight": 0.004484}, {"source": 72, "target": 95, "weight": 0.009434}, {"source": 72, "target": 96, "weight": 0.004717}, {"source": 72, "target": 98, "weight": 0.004673}, {"source": 72, "target": 135, "weight": 0.006173}, {"source": 72, "target": 110, "weight": 0.003968}, {"source": 72, "target": 140, "weight": 0.005263}, {"source": 72, "target": 142, "weight": 0.005128}, {"source": 72, "target": 144, "weight": 0.008032}, {"source": 72, "target": 113, "weight": 0.015152}, {"source": 72, "target": 146, "weight": 0.003356}, {"source": 72, "target": 148, "weight": 0.012}, {"source": 72, "target": 150, "weight": 0.008439}, {"source": 72, "target": 78, "weight": 0.004184}, {"source": 72, "target": 121, "weight": 0.006061}, {"source": 72, "target": 82, "weight": 0.005882}, {"source": 73, "target": 95, "weight": 0.005348}, {"source": 73, "target": 76, "weight": 0.022727}, {"source": 73, "target": 142, "weight": 0.016129}, {"source": 73, "target": 78, "weight": 0.009434}, {"source": 73, "target": 129, "weight": 0.011111}, {"source": 74, "target": 121, "weight": 0.035714}, {"source": 74, "target": 148, "weight": 0.008696}, {"source": 75, "target": 123, "weight": 0.027778}, {"source": 75, "target": 154, "weight": 0.038462}, {"source": 76, "target": 95, "weight": 0.005102}, {"source": 76, "target": 110, "weight": 0.007813}, {"source": 76, "target": 101, "weight": 0.011628}, {"source": 76, "target": 143, "weight": 0.013514}, {"source": 76, "target": 137, "weight": 0.010204}, {"source": 76, "target": 145, "weight": 0.014599}, {"source": 76, "target": 146, "weight": 0.005747}, {"source": 76, "target": 158, "weight": 0.021053}, {"source": 76, "target": 162, "weight": 0.029851}, {"source": 76, "target": 91, "weight": 0.022727}, {"source": 77, "target": 102, "weight": 0.008197}, {"source": 77, "target": 95, "weight": 0.005405}, {"source": 77, "target": 150, "weight": 0.009709}, {"source": 77, "target": 142, "weight": 0.016667}, {"source": 77, "target": 119, "weight": 0.003049}, {"source": 77, "target": 160, "weight": 0.013699}, {"source": 77, "target": 149, "weight": 0.034483}, {"source": 78, "target": 89, "weight": 0.015544}, {"source": 78, "target": 129, "weight": 0.006211}, {"source": 78, "target": 92, "weight": 0.007937}, {"source": 78, "target": 132, "weight": 0.009901}, {"source": 78, "target": 97, "weight": 0.018634}, {"source": 78, "target": 98, "weight": 0.006579}, {"source": 78, "target": 101, "weight": 0.006757}, {"source": 78, "target": 103, "weight": 0.006803}, {"source": 78, "target": 108, "weight": 0.03413}, {"source": 78, "target": 91, "weight": 0.009434}, {"source": 78, "target": 110, "weight": 0.010582}, {"source": 78, "target": 138, "weight": 0.004651}, {"source": 78, "target": 113, "weight": 0.004878}, {"source": 78, "target": 146, "weight": 0.012821}, {"source": 78, "target": 116, "weight": 0.009615}, {"source": 78, "target": 79, "weight": 0.006881}, {"source": 78, "target": 80, "weight": 0.00641}, {"source": 78, "target": 119, "weight": 0.01005}, {"source": 78, "target": 123, "weight": 0.009259}, {"source": 78, "target": 160, "weight": 0.006849}, {"source": 78, "target": 84, "weight": 0.007576}, {"source": 79, "target": 129, "weight": 0.00237}, {"source": 79, "target": 102, "weight": 0.002193}, {"source": 79, "target": 95, "weight": 0.027668}, {"source": 79, "target": 96, "weight": 0.004878}, {"source": 79, "target": 134, "weight": 0.002564}, {"source": 79, "target": 98, "weight": 0.017199}, {"source": 79, "target": 101, "weight": 0.004902}, {"source": 79, "target": 148, "weight": 0.018018}, {"source": 79, "target": 132, "weight": 0.00554}, {"source": 79, "target": 142, "weight": 0.018041}, {"source": 79, "target": 144, "weight": 0.027397}, {"source": 79, "target": 113, "weight": 0.002146}, {"source": 79, "target": 146, "weight": 0.002012}, {"source": 79, "target": 150, "weight": 0.068293}, {"source": 79, "target": 159, "weight": 0.008333}, {"source": 79, "target": 119, "weight": 0.013761}, {"source": 79, "target": 158, "weight": 0.007194}, {"source": 79, "target": 82, "weight": 0.005435}, {"source": 79, "target": 160, "weight": 0.007407}, {"source": 80, "target": 102, "weight": 0.005747}, {"source": 80, "target": 151, "weight": 0.006849}, {"source": 80, "target": 98, "weight": 0.007634}, {"source": 80, "target": 135, "weight": 0.012658}, {"source": 82, "target": 96, "weight": 0.012346}, {"source": 82, "target": 122, "weight": 0.009804}, {"source": 83, "target": 102, "weight": 0.006667}, {"source": 83, "target": 119, "weight": 0.005634}, {"source": 83, "target": 131, "weight": 0.068702}, {"source": 84, "target": 98, "weight": 0.009346}, {"source": 84, "target": 135, "weight": 0.018182}, {"source": 87, "target": 119, "weight": 0.002874}, {"source": 88, "target": 97, "weight": 0.009091}, {"source": 88, "target": 110, "weight": 0.159664}, {"source": 88, "target": 135, "weight": 0.021277}, {"source": 88, "target": 103, "weight": 0.043956}, {"source": 88, "target": 130, "weight": 0.012195}, {"source": 88, "target": 137, "weight": 0.028571}, {"source": 88, "target": 146, "weight": 0.142857}, {"source": 89, "target": 95, "weight": 0.007273}, {"source": 89, "target": 96, "weight": 0.005952}, {"source": 89, "target": 150, "weight": 0.015625}, {"source": 89, "target": 98, "weight": 0.03012}, {"source": 89, "target": 110, "weight": 0.009662}, {"source": 89, "target": 152, "weight": 0.008065}, {"source": 89, "target": 144, "weight": 0.019704}, {"source": 89, "target": 146, "weight": 0.007905}, {"source": 89, "target": 119, "weight": 0.004785}, {"source": 89, "target": 159, "weight": 0.008403}, {"source": 89, "target": 148, "weight": 0.004808}, {"source": 91, "target": 95, "weight": 0.005348}, {"source": 91, "target": 142, "weight": 0.016129}, {"source": 91, "target": 129, "weight": 0.011111}, {"source": 92, "target": 95, "weight": 0.004831}, {"source": 92, "target": 98, "weight": 0.085106}, {"source": 92, "target": 110, "weight": 0.021898}, {"source": 92, "target": 113, "weight": 0.047297}, {"source": 92, "target": 146, "weight": 0.016393}, {"source": 92, "target": 148, "weight": 0.007194}, {"source": 93, "target": 102, "weight": 0.330882}, {"source": 93, "target": 95, "weight": 0.004115}, {"source": 93, "target": 151, "weight": 0.471154}, {"source": 93, "target": 119, "weight": 0.005195}, {"source": 93, "target": 101, "weight": 0.007519}, {"source": 93, "target": 116, "weight": 0.011236}, {"source": 94, "target": 96, "weight": 0.008}, {"source": 94, "target": 134, "weight": 0.009615}, {"source": 94, "target": 160, "weight": 0.008264}, {"source": 94, "target": 129, "weight": 0.007353}, {"source": 94, "target": 158, "weight": 0.072}, {"source": 95, "target": 120, "weight": 0.005102}, {"source": 95, "target": 146, "weight": 0.006329}, {"source": 95, "target": 126, "weight": 0.004695}, {"source": 95, "target": 131, "weight": 0.003774}, {"source": 95, "target": 98, "weight": 0.017391}, {"source": 95, "target": 101, "weight": 0.173469}, {"source": 95, "target": 102, "weight": 0.003623}, {"source": 95, "target": 122, "weight": 0.016064}, {"source": 95, "target": 106, "weight": 0.012821}, {"source": 95, "target": 107, "weight": 0.004902}, {"source": 95, "target": 138, "weight": 0.017123}, {"source": 95, "target": 108, "weight": 0.007874}, {"source": 95, "target": 110, "weight": 0.00369}, {"source": 95, "target": 142, "weight": 0.137566}, {"source": 95, "target": 144, "weight": 0.003717}, {"source": 95, "target": 145, "weight": 0.22029}, {"source": 95, "target": 148, "weight": 0.00369}, {"source": 95, "target": 116, "weight": 0.005405}, {"source": 95, "target": 97, "weight": 0.004098}, {"source": 95, "target": 112, "weight": 0.004762}, {"source": 95, "target": 150, "weight": 0.011765}, {"source": 95, "target": 155, "weight": 0.004878}, {"source": 95, "target": 121, "weight": 0.005435}, {"source": 95, "target": 119, "weight": 0.004158}, {"source": 95, "target": 157, "weight": 0.010363}, {"source": 95, "target": 158, "weight": 0.004184}, {"source": 95, "target": 160, "weight": 0.017857}, {"source": 95, "target": 161, "weight": 0.008969}, {"source": 96, "target": 126, "weight": 0.009524}, {"source": 96, "target": 127, "weight": 0.024096}, {"source": 96, "target": 153, "weight": 0.014493}, {"source": 96, "target": 97, "weight": 0.007353}, {"source": 96, "target": 104, "weight": 0.014388}, {"source": 96, "target": 122, "weight": 0.035714}, {"source": 96, "target": 138, "weight": 0.010695}, {"source": 96, "target": 108, "weight": 0.026022}, {"source": 96, "target": 142, "weight": 0.028846}, {"source": 96, "target": 143, "weight": 0.018519}, {"source": 96, "target": 144, "weight": 0.018868}, {"source": 96, "target": 145, "weight": 0.009677}, {"source": 96, "target": 148, "weight": 0.012346}, {"source": 96, "target": 152, "weight": 0.012658}, {"source": 96, "target": 120, "weight": 0.034884}, {"source": 96, "target": 155, "weight": 0.010309}, {"source": 96, "target": 160, "weight": 0.008403}, {"source": 96, "target": 161, "weight": 0.008621}, {"source": 97, "target": 129, "weight": 0.006803}, {"source": 97, "target": 130, "weight": 0.008264}, {"source": 97, "target": 102, "weight": 0.011111}, {"source": 97, "target": 98, "weight": 0.014599}, {"source": 97, "target": 101, "weight": 0.007463}, {"source": 97, "target": 135, "weight": 0.011628}, {"source": 97, "target": 110, "weight": 0.005682}, {"source": 97, "target": 142, "weight": 0.008403}, {"source": 97, "target": 144, "weight": 0.011561}, {"source": 97, "target": 146, "weight": 0.00905}, {"source": 97, "target": 148, "weight": 0.066265}, {"source": 97, "target": 112, "weight": 0.008696}, {"source": 97, "target": 119, "weight": 0.010417}, {"source": 98, "target": 114, "weight": 0.011905}, {"source": 98, "target": 129, "weight": 0.007353}, {"source": 98, "target": 138, "weight": 0.015957}, {"source": 98, "target": 108, "weight": 0.00361}, {"source": 98, "target": 141, "weight": 0.006897}, {"source": 98, "target": 142, "weight": 0.009259}, {"source": 98, "target": 111, "weight": 0.010526}, {"source": 98, "target": 113, "weight": 0.011173}, {"source": 98, "target": 145, "weight": 0.012862}, {"source": 98, "target": 148, "weight": 0.012195}, {"source": 98, "target": 150, "weight": 0.013333}, {"source": 98, "target": 157, "weight": 0.011364}, {"source": 98, "target": 159, "weight": 0.013158}, {"source": 98, "target": 162, "weight": 0.009524}, {"source": 99, "target": 107, "weight": 0.06383}, {"source": 99, "target": 138, "weight": 0.007092}, {"source": 99, "target": 151, "weight": 0.010753}, {"source": 99, "target": 127, "weight": 0.027027}, {"source": 99, "target": 120, "weight": 0.02439}, {"source": 99, "target": 160, "weight": 0.013889}, {"source": 99, "target": 161, "weight": 0.014493}, {"source": 101, "target": 108, "weight": 0.018587}, {"source": 101, "target": 142, "weight": 0.009615}, {"source": 101, "target": 145, "weight": 0.026403}, {"source": 101, "target": 148, "weight": 0.006211}, {"source": 101, "target": 116, "weight": 0.013333}, {"source": 101, "target": 154, "weight": 0.014493}, {"source": 101, "target": 119, "weight": 0.002688}, {"source": 101, "target": 106, "weight": 0.03252}, {"source": 101, "target": 160, "weight": 0.017241}, {"source": 101, "target": 161, "weight": 0.008772}, {"source": 101, "target": 162, "weight": 0.009901}, {"source": 102, "target": 120, "weight": 0.015152}, {"source": 102, "target": 127, "weight": 0.015625}, {"source": 102, "target": 131, "weight": 0.020101}, {"source": 102, "target": 125, "weight": 0.008197}, {"source": 102, "target": 109, "weight": 0.031008}, {"source": 102, "target": 142, "weight": 0.006623}, {"source": 102, "target": 144, "weight": 0.004854}, {"source": 102, "target": 145, "weight": 0.002801}, {"source": 102, "target": 115, "weight": 0.008065}, {"source": 102, "target": 151, "weight": 0.367647}, {"source": 102, "target": 119, "weight": 0.02439}, {"source": 102, "target": 124, "weight": 0.014286}, {"source": 103, "target": 110, "weight": 0.018987}, {"source": 103, "target": 144, "weight": 0.006329}, {"source": 103, "target": 135, "weight": 0.014286}, {"source": 103, "target": 130, "weight": 0.019231}, {"source": 103, "target": 113, "weight": 0.011494}, {"source": 103, "target": 146, "weight": 0.262195}, {"source": 103, "target": 119, "weight": 0.005405}, {"source": 104, "target": 132, "weight": 0.010989}, {"source": 104, "target": 142, "weight": 0.00813}, {"source": 104, "target": 144, "weight": 0.011299}, {"source": 104, "target": 148, "weight": 0.005556}, {"source": 105, "target": 150, "weight": 0.024793}, {"source": 106, "target": 119, "weight": 0.002639}, {"source": 106, "target": 144, "weight": 0.006024}, {"source": 106, "target": 129, "weight": 0.014493}, {"source": 106, "target": 140, "weight": 0.019048}, {"source": 107, "target": 142, "weight": 0.012658}, {"source": 108, "target": 110, "weight": 0.006369}, {"source": 108, "target": 142, "weight": 0.003876}, {"source": 108, "target": 144, "weight": 0.022801}, {"source": 108, "target": 146, "weight": 0.005556}, {"source": 108, "target": 148, "weight": 0.029316}, {"source": 108, "target": 150, "weight": 0.006667}, {"source": 108, "target": 119, "weight": 0.005725}, {"source": 108, "target": 158, "weight": 0.003534}, {"source": 109, "target": 144, "weight": 0.008}, {"source": 109, "target": 119, "weight": 0.039877}, {"source": 110, "target": 130, "weight": 0.006757}, {"source": 110, "target": 135, "weight": 0.00885}, {"source": 110, "target": 138, "weight": 0.017778}, {"source": 110, "target": 141, "weight": 0.010989}, {"source": 110, "target": 146, "weight": 0.428571}, {"source": 110, "target": 142, "weight": 0.006849}, {"source": 110, "target": 121, "weight": 0.008621}, {"source": 110, "target": 157, "weight": 0.016}, {"source": 112, "target": 129, "weight": 0.00885}, {"source": 113, "target": 139, "weight": 0.012903}, {"source": 113, "target": 155, "weight": 0.006579}, {"source": 113, "target": 142, "weight": 0.0125}, {"source": 113, "target": 143, "weight": 0.006098}, {"source": 113, "target": 146, "weight": 0.003788}, {"source": 113, "target": 148, "weight": 0.004587}, {"source": 113, "target": 120, "weight": 0.014085}, {"source": 113, "target": 122, "weight": 0.010101}, {"source": 113, "target": 137, "weight": 0.010695}, {"source": 113, "target": 158, "weight": 0.005376}, {"source": 114, "target": 160, "weight": 0.012821}, {"source": 114, "target": 150, "weight": 0.009259}, {"source": 114, "target": 140, "weight": 0.016667}, {"source": 115, "target": 119, "weight": 0.00303}, {"source": 116, "target": 141, "weight": 0.031579}, {"source": 117, "target": 130, "weight": 0.469388}, {"source": 118, "target": 148, "weight": 0.008929}, {"source": 119, "target": 120, "weight": 0.00295}, {"source": 119, "target": 131, "weight": 0.004914}, {"source": 119, "target": 139, "weight": 0.002841}, {"source": 119, "target": 138, "weight": 0.002278}, {"source": 119, "target": 136, "weight": 0.003021}, {"source": 119, "target": 142, "weight": 0.005618}, {"source": 119, "target": 144, "weight": 0.064433}, {"source": 119, "target": 146, "weight": 0.004357}, {"source": 119, "target": 148, "weight": 0.004843}, {"source": 119, "target": 149, "weight": 0.003067}, {"source": 119, "target": 151, "weight": 0.007712}, {"source": 119, "target": 155, "weight": 0.002874}, {"source": 119, "target": 122, "weight": 0.005076}, {"source": 119, "target": 137, "weight": 0.005222}, {"source": 119, "target": 125, "weight": 0.003049}, {"source": 119, "target": 124, "weight": 0.011628}, {"source": 119, "target": 160, "weight": 0.002703}, {"source": 119, "target": 145, "weight": 0.005348}, {"source": 120, "target": 151, "weight": 0.081633}, {"source": 120, "target": 142, "weight": 0.309091}, {"source": 120, "target": 148, "weight": 0.02381}, {"source": 121, "target": 145, "weight": 0.015267}, {"source": 121, "target": 146, "weight": 0.006173}, {"source": 121, "target": 159, "weight": 0.037037}, {"source": 121, "target": 148, "weight": 0.017391}, {"source": 122, "target": 129, "weight": 0.006452}, {"source": 122, "target": 147, "weight": 0.022727}, {"source": 122, "target": 142, "weight": 0.153153}, {"source": 122, "target": 144, "weight": 0.01105}, {"source": 122, "target": 148, "weight": 0.225166}, {"source": 122, "target": 159, "weight": 0.021277}, {"source": 122, "target": 151, "weight": 0.006211}, {"source": 123, "target": 129, "weight": 0.177215}, {"source": 124, "target": 149, "weight": 0.020833}, {"source": 124, "target": 130, "weight": 0.012346}, {"source": 124, "target": 146, "weight": 0.005495}, {"source": 125, "target": 158, "weight": 0.102564}, {"source": 126, "target": 152, "weight": 0.068966}, {"source": 126, "target": 148, "weight": 0.237288}, {"source": 127, "target": 151, "weight": 0.085106}, {"source": 127, "target": 142, "weight": 0.014925}, {"source": 127, "target": 144, "weight": 0.008197}, {"source": 127, "target": 148, "weight": 0.008065}, {"source": 129, "target": 155, "weight": 0.009259}, {"source": 129, "target": 138, "weight": 0.005025}, {"source": 129, "target": 153, "weight": 0.038462}, {"source": 129, "target": 148, "weight": 0.005747}, {"source": 129, "target": 157, "weight": 0.010309}, {"source": 129, "target": 161, "weight": 0.007874}, {"source": 130, "target": 135, "weight": 0.017241}, {"source": 130, "target": 146, "weight": 0.010363}, {"source": 131, "target": 136, "weight": 0.008772}, {"source": 131, "target": 146, "weight": 0.004115}, {"source": 132, "target": 138, "weight": 0.007194}, {"source": 134, "target": 138, "weight": 0.005988}, {"source": 134, "target": 157, "weight": 0.015385}, {"source": 134, "target": 158, "weight": 0.018349}, {"source": 135, "target": 146, "weight": 0.006289}, {"source": 137, "target": 146, "weight": 0.004566}, {"source": 138, "target": 144, "weight": 0.008889}, {"source": 138, "target": 146, "weight": 0.01476}, {"source": 138, "target": 150, "weight": 0.004673}, {"source": 140, "target": 145, "weight": 0.003448}, {"source": 141, "target": 150, "weight": 0.005917}, {"source": 141, "target": 158, "weight": 0.006623}, {"source": 142, "target": 155, "weight": 0.038462}, {"source": 142, "target": 145, "weight": 0.00339}, {"source": 142, "target": 146, "weight": 0.010471}, {"source": 142, "target": 148, "weight": 0.020833}, {"source": 142, "target": 150, "weight": 0.007576}, {"source": 142, "target": 151, "weight": 0.00813}, {"source": 143, "target": 148, "weight": 0.006711}, {"source": 144, "target": 146, "weight": 0.004049}, {"source": 144, "target": 148, "weight": 0.020202}, {"source": 144, "target": 150, "weight": 0.005348}, {"source": 144, "target": 155, "weight": 0.014925}, {"source": 144, "target": 145, "weight": 0.008621}, {"source": 145, "target": 148, "weight": 0.011461}, {"source": 145, "target": 150, "weight": 0.018018}, {"source": 145, "target": 151, "weight": 0.00304}, {"source": 145, "target": 158, "weight": 0.025559}, {"source": 145, "target": 160, "weight": 0.016447}, {"source": 146, "target": 157, "weight": 0.011696}, {"source": 147, "target": 155, "weight": 0.04878}, {"source": 147, "target": 148, "weight": 0.018692}, {"source": 148, "target": 155, "weight": 0.326923}, {"source": 148, "target": 152, "weight": 0.008403}, {"source": 148, "target": 159, "weight": 0.036036}, {"source": 148, "target": 160, "weight": 0.006289}, {"source": 148, "target": 162, "weight": 0.021277}, {"source": 150, "target": 158, "weight": 0.012821}, {"source": 155, "target": 159, "weight": 0.042553}, {"source": 160, "target": 161, "weight": 0.255556}], "multigraph": false}