{"directed": false, "graph": {}, "nodes": [{"group": 0, "id": "pollen"}, {"group": 3, "id": "positioned", "degree": 11}, {"group": 1, "id": "portraying"}, {"group": 2, "id": "pope", "degree": 1}, {"group": 3, "id": "powdery", "degree": 5}, {"group": 4, "id": "poach"}, {"group": 1, "id": "pointed", "degree": 26}, {"group": 5, "id": "poesy"}, {"group": 6, "id": "ponderousness"}, {"group": 0, "id": "potentiality"}, {"group": 9, "id": "pooch", "degree": 3}, {"group": 5, "id": "polish", "degree": 30}, {"group": 7, "id": "powerhouse"}, {"group": 6, "id": "pointer"}, {"group": 7, "id": "postprandial"}, {"group": 8, "id": "polarity", "degree": 14}, {"group": 1, "id": "police"}, {"group": 7, "id": "pornographic"}, {"group": 1, "id": "pollster"}, {"group": 8, "id": "polarizing", "degree": 1}, {"group": 14, "id": "polyhedral"}, {"group": 3, "id": "pocky"}, {"group": 9, "id": "poultry", "degree": 9}, {"group": 0, "id": "policy", "degree": 28}, {"group": 7, "id": "portentous"}, {"group": 1, "id": "poised", "degree": 6}, {"group": 0, "id": "possess"}, {"group": 1, "id": "poppycock", "degree": 3}, {"group": 3, "id": "pocked", "degree": 5}, {"group": 9, "id": "potter"}, {"group": 4, "id": "potbelly"}, {"group": 1, "id": "possible", "degree": 22}, {"group": 4, "id": "pocket"}, {"group": 4, "id": "popover", "degree": 3}, {"group": 6, "id": "pomposity"}, {"group": 5, "id": "poser", "degree": 9}, {"group": 1, "id": "pompous"}, {"group": 6, "id": "posture"}, {"group": 0, "id": "posteriority", "degree": 10}, {"group": 9, "id": "polliwog", "degree": 3}, {"group": 1, "id": "policeman", "degree": 2}, {"group": 6, "id": "poet"}, {"group": 4, "id": "polyglot"}, {"group": 7, "id": "poisoner", "degree": 7}, {"group": 1, "id": "popular"}, {"group": 4, "id": "pod", "degree": 29}, {"group": 7, "id": "poisoned", "degree": 3}, {"group": 4, "id": "pommel", "degree": 23}, {"group": 10, "id": "polyp", "degree": 10}, {"group": 1, "id": "poor", "degree": 47}, {"group": 5, "id": "pork", "degree": 6}, {"group": 7, "id": "portable"}, {"group": 11, "id": "portraitist", "degree": 0}, {"group": 12, "id": "podiatrist", "degree": 0}, {"group": 1, "id": "portly"}, {"group": 13, "id": "pointlessly", "degree": 0}, {"group": 6, "id": "pore"}, {"group": 1, "id": "potent", "degree": 15}, {"group": 7, "id": "portend", "degree": 5}, {"group": 9, "id": "polymer", "degree": 8}, {"group": 4, "id": "powder", "degree": 20}, {"group": 6, "id": "poltergeist", "degree": 19}, {"group": 5, "id": "pornography", "degree": 3}, {"group": 5, "id": "portrait", "degree": 24}, {"group": 6, "id": "port", "degree": 55}, {"group": 3, "id": "popping", "degree": 3}, {"group": 7, "id": "portent"}, {"group": 4, "id": "pounce"}, {"group": 4, "id": "poke"}, {"group": 4, "id": "portfolio", "degree": 7}, {"group": 0, "id": "power"}, {"group": 5, "id": "pomade", "degree": 5}, {"group": 0, "id": "populace"}, {"group": 7, "id": "poisonous", "degree": 17}, {"group": 4, "id": "posse"}, {"group": 7, "id": "poison"}, {"group": 7, "id": "polluted"}, {"group": 15, "id": "potentate", "degree": 0}, {"group": 4, "id": "pounding", "degree": 17}, {"group": 10, "id": "pock"}, {"group": 1, "id": "podgy", "degree": 14}, {"group": 4, "id": "postpone"}, {"group": 16, "id": "poorly", "degree": 0}, {"group": 7, "id": "porter"}, {"group": 1, "id": "poky", "degree": 37}, {"group": 4, "id": "porridge", "degree": 14}, {"group": 9, "id": "postulant", "degree": 0}, {"group": 1, "id": "posh", "degree": 19}, {"group": 5, "id": "poem", "degree": 10}, {"group": 4, "id": "porcelain"}, {"group": 6, "id": "pose"}, {"group": 6, "id": "poise", "degree": 26}, {"group": 1, "id": "ponderous", "degree": 21}, {"group": 1, "id": "polite", "degree": 4}, {"group": 4, "id": "potage", "degree": 5}, {"group": 1, "id": "poignant"}, {"group": 0, "id": "poverty"}, {"group": 0, "id": "possibility"}, {"group": 4, "id": "posy", "degree": 18}, {"group": 0, "id": "posterity", "degree": 20}, {"group": 6, "id": "post"}, {"group": 5, "id": "pothead", "degree": 7}, {"group": 9, "id": "possum"}, {"group": 1, "id": "popeyed"}, {"group": 6, "id": "positioning", "degree": 9}, {"group": 8, "id": "polarize", "degree": 7}, {"group": 7, "id": "popularize", "degree": 15}, {"group": 4, "id": "pooling", "degree": 3}, {"group": 1, "id": "potbellied"}, {"group": 6, "id": "popeyes", "degree": 3}, {"group": 1, "id": "porpoise"}, {"group": 7, "id": "pollution", "degree": 12}, {"group": 1, "id": "polished"}, {"group": 9, "id": "poltroon"}, {"group": 10, "id": "pox"}, {"group": 6, "id": "point", "degree": 103}, {"group": 1, "id": "positivistic"}, {"group": 4, "id": "pot", "degree": 48}, {"group": 1, "id": "powerful"}, {"group": 4, "id": "pop"}, {"group": 5, "id": "possessive", "degree": 3}, {"group": 6, "id": "pole", "degree": 55}, {"group": 5, "id": "portrayal", "degree": 22}, {"group": 7, "id": "potted", "degree": 14}, {"group": 5, "id": "poll"}, {"group": 1, "id": "pointless"}, {"group": 1, "id": "pouring", "degree": 8}, {"group": 7, "id": "poaching"}, {"group": 6, "id": "polestar", "degree": 3}, {"group": 4, "id": "pocketbook", "degree": 18}, {"group": 9, "id": "porcupine", "degree": 9}, {"group": 1, "id": "positive", "degree": 55}, {"group": 1, "id": "political", "degree": 4}, {"group": 6, "id": "pointlessness", "degree": 3}, {"group": 14, "id": "polychromatic", "degree": 16}, {"group": 9, "id": "polecat"}, {"group": 3, "id": "powdered", "degree": 14}, {"group": 6, "id": "postulate", "degree": 35}, {"group": 4, "id": "potpourri"}, {"group": 0, "id": "possession", "degree": 22}, {"group": 8, "id": "polemical", "degree": 1}, {"group": 6, "id": "pomp", "degree": 23}, {"group": 6, "id": "posting"}, {"group": 17, "id": "porch", "degree": 9}, {"group": 1, "id": "postgraduate", "degree": 1}, {"group": 18, "id": "polytheist", "degree": 0}, {"group": 5, "id": "portraiture", "degree": 21}, {"group": 5, "id": "politeness"}, {"group": 0, "id": "posterior"}, {"group": 1, "id": "powerfully", "degree": 4}, {"group": 14, "id": "polychrome"}, {"group": 4, "id": "pouch"}, {"group": 4, "id": "poultice"}, {"group": 1, "id": "positively", "degree": 23}, {"group": 0, "id": "population", "degree": 15}, {"group": 1, "id": "pontifical", "degree": 17}, {"group": 1, "id": "positivist"}, {"group": 1, "id": "politician", "degree": 11}, {"group": 0, "id": "postscript"}, {"group": 4, "id": "pout"}, {"group": 17, "id": "portico"}, {"group": 4, "id": "pour", "degree": 31}, {"group": 6, "id": "politics"}, {"group": 1, "id": "politic", "degree": 41}, {"group": 19, "id": "postdated", "degree": 0}, {"group": 0, "id": "pontificate"}, {"group": 6, "id": "posit", "degree": 22}, {"group": 7, "id": "poisoning"}, {"group": 20, "id": "positivism", "degree": 0}, {"group": 5, "id": "poseur"}, {"group": 1, "id": "powerless"}, {"group": 4, "id": "pomander", "degree": 2}, {"group": 3, "id": "potholed", "degree": 14}, {"group": 0, "id": "postdate", "degree": 4}, {"group": 4, "id": "pound"}, {"group": 4, "id": "pony", "degree": 24}, {"group": 2, "id": "pontiff", "degree": 2}, {"group": 7, "id": "pollute"}, {"group": 1, "id": "pooped"}, {"group": 8, "id": "polemic", "degree": 7}, {"group": 6, "id": "poundage", "degree": 21}, {"group": 1, "id": "pointedly"}, {"group": 5, "id": "posing"}, {"group": 6, "id": "postmortem"}, {"group": 4, "id": "pond"}, {"group": 4, "id": "potty", "degree": 16}, {"group": 4, "id": "poolroom", "degree": 7}, {"group": 5, "id": "portray"}, {"group": 8, "id": "ponder"}, {"group": 10, "id": "polio", "degree": 4}, {"group": 1, "id": "polysyllable"}, {"group": 4, "id": "potation", "degree": 27}, {"group": 6, "id": "portage", "degree": 24}, {"group": 1, "id": "poking", "degree": 11}, {"group": 5, "id": "poetry", "degree": 6}, {"group": 4, "id": "potshot"}, {"group": 8, "id": "polarization"}, {"group": 5, "id": "poetic"}, {"group": 1, "id": "potential"}, {"group": 7, "id": "poster", "degree": 4}, {"group": 0, "id": "polis"}, {"group": 3, "id": "populous"}, {"group": 5, "id": "pother"}, {"group": 6, "id": "polar"}, {"group": 4, "id": "poker"}, {"group": 4, "id": "potion"}, {"group": 17, "id": "postern"}, {"group": 6, "id": "populate"}, {"group": 3, "id": "pockmarked"}, {"group": 10, "id": "pockmark", "degree": 25}, {"group": 8, "id": "powwow", "degree": 11}, {"group": 5, "id": "polymerize"}, {"group": 0, "id": "polity"}, {"group": 6, "id": "podium", "degree": 5}, {"group": 17, "id": "portal"}, {"group": 1, "id": "posthaste"}, {"group": 0, "id": "poignancy", "degree": 21}, {"group": 4, "id": "potable"}, {"group": 4, "id": "pool"}, {"group": 4, "id": "pottery"}, {"group": 3, "id": "posted"}, {"group": 0, "id": "potency", "degree": 39}, {"group": 6, "id": "porthole"}, {"group": 8, "id": "potato"}, {"group": 1, "id": "possessed"}, {"group": 5, "id": "popularity"}, {"group": 8, "id": "polytheism"}, {"group": 4, "id": "portion", "degree": 41}, {"group": 4, "id": "poacher"}, {"group": 6, "id": "position"}], "links": [{"source": 0, "target": 99, "weight": 0.02381}, {"source": 0, "target": 117, "weight": 0.006135}, {"source": 1, "target": 28, "weight": 0.027778}, {"source": 1, "target": 90, "weight": 0.007463}, {"source": 1, "target": 115, "weight": 0.001745}, {"source": 1, "target": 131, "weight": 0.004386}, {"source": 1, "target": 117, "weight": 0.005952}, {"source": 1, "target": 74, "weight": 0.011765}, {"source": 1, "target": 161, "weight": 0.008197}, {"source": 1, "target": 21, "weight": 0.014286}, {"source": 1, "target": 136, "weight": 0.027778}, {"source": 1, "target": 208, "weight": 0.027778}, {"source": 1, "target": 229, "weight": 0.003984}, {"source": 1, "target": 166, "weight": 0.028571}, {"source": 1, "target": 201, "weight": 0.022222}, {"source": 1, "target": 100, "weight": 0.003378}, {"source": 1, "target": 44, "weight": 0.01626}, {"source": 1, "target": 64, "weight": 0.006369}, {"source": 1, "target": 220, "weight": 0.354839}, {"source": 2, "target": 131, "weight": 0.004348}, {"source": 2, "target": 6, "weight": 0.007937}, {"source": 2, "target": 31, "weight": 0.014085}, {"source": 3, "target": 131, "weight": 0.00431}, {"source": 3, "target": 31, "weight": 0.013699}, {"source": 3, "target": 119, "weight": 0.013605}, {"source": 3, "target": 176, "weight": 0.882353}, {"source": 4, "target": 112, "weight": 0.009434}, {"source": 4, "target": 87, "weight": 0.014085}, {"source": 4, "target": 92, "weight": 0.00885}, {"source": 4, "target": 185, "weight": 0.016949}, {"source": 4, "target": 136, "weight": 0.615385}, {"source": 4, "target": 229, "weight": 0.003906}, {"source": 4, "target": 137, "weight": 0.008696}, {"source": 4, "target": 125, "weight": 0.011628}, {"source": 4, "target": 100, "weight": 0.003322}, {"source": 4, "target": 153, "weight": 0.014286}, {"source": 4, "target": 84, "weight": 0.005155}, {"source": 5, "target": 115, "weight": 0.003215}, {"source": 5, "target": 221, "weight": 0.006173}, {"source": 5, "target": 175, "weight": 0.009009}, {"source": 5, "target": 129, "weight": 0.011628}, {"source": 5, "target": 179, "weight": 0.009091}, {"source": 5, "target": 117, "weight": 0.018605}, {"source": 5, "target": 48, "weight": 0.010417}, {"source": 5, "target": 163, "weight": 0.00495}, {"source": 5, "target": 227, "weight": 0.009434}, {"source": 5, "target": 191, "weight": 0.015267}, {"source": 5, "target": 47, "weight": 0.008696}, {"source": 5, "target": 186, "weight": 0.011905}, {"source": 6, "target": 112, "weight": 0.00495}, {"source": 6, "target": 177, "weight": 0.004739}, {"source": 6, "target": 115, "weight": 0.004464}, {"source": 6, "target": 54, "weight": 0.00641}, {"source": 6, "target": 118, "weight": 0.027027}, {"source": 6, "target": 57, "weight": 0.013953}, {"source": 6, "target": 174, "weight": 0.00627}, {"source": 6, "target": 60, "weight": 0.005291}, {"source": 6, "target": 123, "weight": 0.014599}, {"source": 6, "target": 124, "weight": 0.004219}, {"source": 6, "target": 36, "weight": 0.014925}, {"source": 6, "target": 68, "weight": 0.0033}, {"source": 6, "target": 131, "weight": 0.024845}, {"source": 6, "target": 76, "weight": 0.011561}, {"source": 6, "target": 198, "weight": 0.00578}, {"source": 6, "target": 80, "weight": 0.006289}, {"source": 6, "target": 201, "weight": 0.013793}, {"source": 6, "target": 25, "weight": 0.013889}, {"source": 6, "target": 84, "weight": 0.003448}, {"source": 6, "target": 49, "weight": 0.00597}, {"source": 6, "target": 87, "weight": 0.012048}, {"source": 6, "target": 31, "weight": 0.011834}, {"source": 6, "target": 32, "weight": 0.003759}, {"source": 6, "target": 95, "weight": 0.045249}, {"source": 6, "target": 119, "weight": 0.004082}, {"source": 6, "target": 100, "weight": 0.002519}, {"source": 6, "target": 116, "weight": 0.006536}, {"source": 6, "target": 155, "weight": 0.007194}, {"source": 6, "target": 157, "weight": 0.007576}, {"source": 6, "target": 163, "weight": 0.016}, {"source": 6, "target": 227, "weight": 0.003788}, {"source": 6, "target": 44, "weight": 0.008929}, {"source": 6, "target": 108, "weight": 0.006135}, {"source": 6, "target": 47, "weight": 0.006024}, {"source": 7, "target": 88, "weight": 0.044118}, {"source": 7, "target": 137, "weight": 0.009346}, {"source": 7, "target": 194, "weight": 0.25}, {"source": 7, "target": 117, "weight": 0.006061}, {"source": 7, "target": 98, "weight": 0.022727}, {"source": 8, "target": 221, "weight": 0.007246}, {"source": 8, "target": 141, "weight": 0.033708}, {"source": 8, "target": 115, "weight": 0.003344}, {"source": 8, "target": 216, "weight": 0.021978}, {"source": 8, "target": 133, "weight": 0.25}, {"source": 8, "target": 92, "weight": 0.007463}, {"source": 8, "target": 180, "weight": 0.166667}, {"source": 8, "target": 80, "weight": 0.011905}, {"source": 9, "target": 139, "weight": 0.022901}, {"source": 9, "target": 227, "weight": 0.004902}, {"source": 9, "target": 221, "weight": 0.362832}, {"source": 9, "target": 157, "weight": 0.013889}, {"source": 9, "target": 38, "weight": 0.038462}, {"source": 9, "target": 115, "weight": 0.008197}, {"source": 9, "target": 191, "weight": 0.00813}, {"source": 9, "target": 192, "weight": 0.011236}, {"source": 9, "target": 209, "weight": 0.017857}, {"source": 9, "target": 216, "weight": 0.113402}, {"source": 9, "target": 31, "weight": 0.009091}, {"source": 9, "target": 121, "weight": 0.009217}, {"source": 9, "target": 180, "weight": 0.012987}, {"source": 9, "target": 99, "weight": 0.011364}, {"source": 9, "target": 141, "weight": 0.009434}, {"source": 9, "target": 45, "weight": 0.01087}, {"source": 9, "target": 117, "weight": 0.004785}, {"source": 10, "target": 202, "weight": 0.011173}, {"source": 10, "target": 135, "weight": 0.071429}, {"source": 10, "target": 39, "weight": 0.083333}, {"source": 11, "target": 139, "weight": 0.005882}, {"source": 11, "target": 112, "weight": 0.022727}, {"source": 11, "target": 115, "weight": 0.003077}, {"source": 11, "target": 117, "weight": 0.004065}, {"source": 11, "target": 182, "weight": 0.014184}, {"source": 11, "target": 175, "weight": 0.007194}, {"source": 11, "target": 187, "weight": 0.007407}, {"source": 11, "target": 68, "weight": 0.003571}, {"source": 11, "target": 70, "weight": 0.003003}, {"source": 11, "target": 71, "weight": 0.027027}, {"source": 11, "target": 131, "weight": 0.003268}, {"source": 11, "target": 194, "weight": 0.052083}, {"source": 11, "target": 75, "weight": 0.004274}, {"source": 11, "target": 79, "weight": 0.005076}, {"source": 11, "target": 147, "weight": 0.018519}, {"source": 11, "target": 202, "weight": 0.003861}, {"source": 11, "target": 15, "weight": 0.007092}, {"source": 11, "target": 205, "weight": 0.007874}, {"source": 11, "target": 141, "weight": 0.014085}, {"source": 11, "target": 87, "weight": 0.013986}, {"source": 11, "target": 90, "weight": 0.009479}, {"source": 11, "target": 91, "weight": 0.015075}, {"source": 11, "target": 212, "weight": 0.005747}, {"source": 11, "target": 34, "weight": 0.007874}, {"source": 11, "target": 100, "weight": 0.002674}, {"source": 11, "target": 152, "weight": 0.018519}, {"source": 11, "target": 37, "weight": 0.0125}, {"source": 11, "target": 23, "weight": 0.007353}, {"source": 11, "target": 225, "weight": 0.006944}, {"source": 11, "target": 161, "weight": 0.005}, {"source": 11, "target": 163, "weight": 0.013158}, {"source": 11, "target": 227, "weight": 0.004149}, {"source": 11, "target": 229, "weight": 0.009174}, {"source": 12, "target": 80, "weight": 0.016667}, {"source": 12, "target": 121, "weight": 0.005587}, {"source": 12, "target": 43, "weight": 0.030303}, {"source": 12, "target": 57, "weight": 0.008475}, {"source": 13, "target": 61, "weight": 0.013889}, {"source": 13, "target": 45, "weight": 0.012987}, {"source": 13, "target": 216, "weight": 0.01087}, {"source": 13, "target": 121, "weight": 0.009901}, {"source": 13, "target": 115, "weight": 0.010101}, {"source": 14, "target": 43, "weight": 0.027778}, {"source": 15, "target": 49, "weight": 0.003636}, {"source": 15, "target": 203, "weight": 0.0125}, {"source": 15, "target": 91, "weight": 0.037975}, {"source": 15, "target": 115, "weight": 0.00491}, {"source": 15, "target": 32, "weight": 0.004878}, {"source": 15, "target": 227, "weight": 0.004926}, {"source": 15, "target": 226, "weight": 0.016949}, {"source": 15, "target": 210, "weight": 0.012658}, {"source": 15, "target": 75, "weight": 0.005102}, {"source": 15, "target": 139, "weight": 0.015267}, {"source": 15, "target": 196, "weight": 0.16129}, {"source": 15, "target": 179, "weight": 0.030612}, {"source": 15, "target": 121, "weight": 0.004608}, {"source": 15, "target": 79, "weight": 0.006289}, {"source": 15, "target": 105, "weight": 0.016667}, {"source": 15, "target": 100, "weight": 0.008982}, {"source": 15, "target": 218, "weight": 0.009524}, {"source": 15, "target": 188, "weight": 0.012048}, {"source": 16, "target": 87, "weight": 0.010638}, {"source": 16, "target": 40, "weight": 0.016129}, {"source": 16, "target": 131, "weight": 0.003906}, {"source": 16, "target": 227, "weight": 0.005236}, {"source": 16, "target": 25, "weight": 0.013889}, {"source": 16, "target": 64, "weight": 0.016393}, {"source": 17, "target": 49, "weight": 0.016327}, {"source": 17, "target": 73, "weight": 0.058824}, {"source": 17, "target": 84, "weight": 0.020101}, {"source": 18, "target": 40, "weight": 0.035714}, {"source": 19, "target": 179, "weight": 0.032258}, {"source": 19, "target": 140, "weight": 0.117647}, {"source": 20, "target": 134, "weight": 0.029412}, {"source": 21, "target": 49, "weight": 0.021661}, {"source": 21, "target": 172, "weight": 0.366667}, {"source": 21, "target": 28, "weight": 0.272727}, {"source": 21, "target": 131, "weight": 0.003636}, {"source": 21, "target": 73, "weight": 0.016393}, {"source": 21, "target": 185, "weight": 0.009901}, {"source": 21, "target": 136, "weight": 0.076923}, {"source": 21, "target": 84, "weight": 0.012821}, {"source": 22, "target": 175, "weight": 0.014085}, {"source": 22, "target": 113, "weight": 0.033333}, {"source": 22, "target": 178, "weight": 0.009901}, {"source": 22, "target": 117, "weight": 0.005618}, {"source": 22, "target": 195, "weight": 0.017544}, {"source": 22, "target": 32, "weight": 0.005714}, {"source": 22, "target": 165, "weight": 0.018182}, {"source": 22, "target": 170, "weight": 0.015625}, {"source": 22, "target": 39, "weight": 0.111111}, {"source": 23, "target": 115, "weight": 0.00495}, {"source": 23, "target": 147, "weight": 0.015152}, {"source": 23, "target": 63, "weight": 0.008772}, {"source": 23, "target": 124, "weight": 0.005848}, {"source": 23, "target": 64, "weight": 0.005208}, {"source": 23, "target": 186, "weight": 0.014493}, {"source": 23, "target": 72, "weight": 0.014925}, {"source": 23, "target": 79, "weight": 0.013072}, {"source": 23, "target": 200, "weight": 0.011628}, {"source": 23, "target": 137, "weight": 0.013889}, {"source": 23, "target": 154, "weight": 0.012658}, {"source": 23, "target": 139, "weight": 0.015873}, {"source": 23, "target": 141, "weight": 0.01}, {"source": 23, "target": 70, "weight": 0.00692}, {"source": 23, "target": 209, "weight": 0.018868}, {"source": 23, "target": 90, "weight": 0.011905}, {"source": 23, "target": 91, "weight": 0.012739}, {"source": 23, "target": 212, "weight": 0.222222}, {"source": 23, "target": 213, "weight": 0.015873}, {"source": 23, "target": 34, "weight": 0.011905}, {"source": 23, "target": 99, "weight": 0.012195}, {"source": 23, "target": 100, "weight": 0.009119}, {"source": 23, "target": 37, "weight": 0.020408}, {"source": 23, "target": 38, "weight": 0.013514}, {"source": 23, "target": 221, "weight": 0.006803}, {"source": 23, "target": 161, "weight": 0.006369}, {"source": 23, "target": 227, "weight": 0.005051}, {"source": 23, "target": 229, "weight": 0.047445}, {"source": 24, "target": 49, "weight": 0.014286}, {"source": 24, "target": 155, "weight": 0.011628}, {"source": 24, "target": 87, "weight": 0.008772}, {"source": 24, "target": 73, "weight": 0.05042}, {"source": 24, "target": 84, "weight": 0.017094}, {"source": 24, "target": 57, "weight": 0.01227}, {"source": 24, "target": 92, "weight": 0.026144}, {"source": 24, "target": 80, "weight": 0.009434}, {"source": 24, "target": 46, "weight": 0.013514}, {"source": 24, "target": 64, "weight": 0.004878}, {"source": 24, "target": 111, "weight": 0.027027}, {"source": 25, "target": 36, "weight": 0.180952}, {"source": 25, "target": 155, "weight": 0.052632}, {"source": 25, "target": 87, "weight": 0.011494}, {"source": 25, "target": 131, "weight": 0.082251}, {"source": 25, "target": 31, "weight": 0.011111}, {"source": 25, "target": 92, "weight": 0.007752}, {"source": 25, "target": 163, "weight": 0.00578}, {"source": 25, "target": 116, "weight": 0.013699}, {"source": 25, "target": 224, "weight": 0.032609}, {"source": 25, "target": 153, "weight": 0.011628}, {"source": 26, "target": 130, "weight": 0.014286}, {"source": 26, "target": 139, "weight": 0.007353}, {"source": 26, "target": 221, "weight": 0.012903}, {"source": 26, "target": 115, "weight": 0.003247}, {"source": 26, "target": 192, "weight": 0.01087}, {"source": 26, "target": 117, "weight": 0.004717}, {"source": 26, "target": 129, "weight": 0.0125}, {"source": 26, "target": 58, "weight": 0.012821}, {"source": 26, "target": 121, "weight": 0.009091}, {"source": 26, "target": 216, "weight": 0.018349}, {"source": 26, "target": 80, "weight": 0.009804}, {"source": 26, "target": 61, "weight": 0.022472}, {"source": 26, "target": 137, "weight": 0.006494}, {"source": 26, "target": 123, "weight": 0.012346}, {"source": 26, "target": 45, "weight": 0.010526}, {"source": 27, "target": 122, "weight": 0.009174}, {"source": 27, "target": 68, "weight": 0.004695}, {"source": 27, "target": 125, "weight": 0.01087}, {"source": 27, "target": 92, "weight": 0.008403}, {"source": 27, "target": 84, "weight": 0.005}, {"source": 28, "target": 49, "weight": 0.008097}, {"source": 28, "target": 172, "weight": 0.043478}, {"source": 28, "target": 208, "weight": 0.923077}, {"source": 28, "target": 185, "weight": 0.014925}, {"source": 28, "target": 136, "weight": 0.136364}, {"source": 28, "target": 201, "weight": 0.017241}, {"source": 28, "target": 220, "weight": 0.018519}, {"source": 29, "target": 130, "weight": 0.029412}, {"source": 29, "target": 88, "weight": 0.012346}, {"source": 29, "target": 175, "weight": 0.014493}, {"source": 29, "target": 115, "weight": 0.001721}, {"source": 29, "target": 117, "weight": 0.005682}, {"source": 29, "target": 193, "weight": 0.016393}, {"source": 29, "target": 227, "weight": 0.005848}, {"source": 29, "target": 84, "weight": 0.005076}, {"source": 30, "target": 115, "weight": 0.001706}, {"source": 30, "target": 117, "weight": 0.10303}, {"source": 30, "target": 92, "weight": 0.016667}, {"source": 30, "target": 185, "weight": 0.014925}, {"source": 30, "target": 227, "weight": 0.005682}, {"source": 30, "target": 45, "weight": 0.015625}, {"source": 30, "target": 84, "weight": 0.00495}, {"source": 31, "target": 59, "weight": 0.012658}, {"source": 31, "target": 176, "weight": 0.013699}, {"source": 31, "target": 178, "weight": 0.007299}, {"source": 31, "target": 116, "weight": 0.020619}, {"source": 31, "target": 64, "weight": 0.009901}, {"source": 31, "target": 131, "weight": 0.108871}, {"source": 31, "target": 74, "weight": 0.007634}, {"source": 31, "target": 195, "weight": 0.010753}, {"source": 31, "target": 197, "weight": 0.012195}, {"source": 31, "target": 198, "weight": 0.226804}, {"source": 31, "target": 117, "weight": 0.004673}, {"source": 31, "target": 70, "weight": 0.003322}, {"source": 31, "target": 91, "weight": 0.005917}, {"source": 31, "target": 97, "weight": 0.014085}, {"source": 31, "target": 149, "weight": 0.010989}, {"source": 31, "target": 36, "weight": 0.006757}, {"source": 31, "target": 153, "weight": 0.009009}, {"source": 31, "target": 155, "weight": 0.011905}, {"source": 31, "target": 163, "weight": 0.015306}, {"source": 31, "target": 227, "weight": 0.004785}, {"source": 31, "target": 44, "weight": 0.005882}, {"source": 32, "target": 139, "weight": 0.004274}, {"source": 32, "target": 175, "weight": 0.02}, {"source": 32, "target": 115, "weight": 0.009873}, {"source": 32, "target": 98, "weight": 0.010638}, {"source": 32, "target": 121, "weight": 0.006289}, {"source": 32, "target": 60, "weight": 0.004348}, {"source": 32, "target": 180, "weight": 0.017045}, {"source": 32, "target": 63, "weight": 0.004525}, {"source": 32, "target": 122, "weight": 0.004167}, {"source": 32, "target": 123, "weight": 0.005587}, {"source": 32, "target": 64, "weight": 0.003344}, {"source": 32, "target": 129, "weight": 0.022857}, {"source": 32, "target": 131, "weight": 0.002703}, {"source": 32, "target": 185, "weight": 0.005102}, {"source": 32, "target": 137, "weight": 0.007968}, {"source": 32, "target": 117, "weight": 0.065068}, {"source": 32, "target": 84, "weight": 0.003021}, {"source": 32, "target": 85, "weight": 0.00495}, {"source": 32, "target": 143, "weight": 0.005263}, {"source": 32, "target": 209, "weight": 0.014151}, {"source": 32, "target": 91, "weight": 0.003774}, {"source": 32, "target": 146, "weight": 0.004608}, {"source": 32, "target": 105, "weight": 0.006173}, {"source": 32, "target": 69, "weight": 0.005917}, {"source": 32, "target": 92, "weight": 0.004}, {"source": 32, "target": 216, "weight": 0.009662}, {"source": 32, "target": 161, "weight": 0.015326}, {"source": 32, "target": 163, "weight": 0.003401}, {"source": 32, "target": 227, "weight": 0.016611}, {"source": 32, "target": 192, "weight": 0.005263}, {"source": 32, "target": 94, "weight": 0.006061}, {"source": 32, "target": 45, "weight": 0.026455}, {"source": 33, "target": 174, "weight": 0.004651}, {"source": 33, "target": 121, "weight": 0.00578}, {"source": 33, "target": 78, "weight": 0.021739}, {"source": 33, "target": 227, "weight": 0.006289}, {"source": 33, "target": 98, "weight": 0.023256}, {"source": 33, "target": 124, "weight": 0.007576}, {"source": 34, "target": 139, "weight": 0.025862}, {"source": 34, "target": 221, "weight": 0.007246}, {"source": 34, "target": 141, "weight": 0.15}, {"source": 34, "target": 180, "weight": 0.016129}, {"source": 34, "target": 91, "weight": 0.119403}, {"source": 34, "target": 133, "weight": 0.052632}, {"source": 34, "target": 61, "weight": 0.013889}, {"source": 34, "target": 45, "weight": 0.012987}, {"source": 34, "target": 64, "weight": 0.010989}, {"source": 35, "target": 202, "weight": 0.039216}, {"source": 35, "target": 127, "weight": 0.015152}, {"source": 35, "target": 115, "weight": 0.003322}, {"source": 35, "target": 125, "weight": 0.009009}, {"source": 35, "target": 90, "weight": 0.03125}, {"source": 35, "target": 182, "weight": 0.043956}, {"source": 35, "target": 63, "weight": 0.028037}, {"source": 35, "target": 229, "weight": 0.003559}, {"source": 35, "target": 169, "weight": 0.245902}, {"source": 35, "target": 37, "weight": 0.020942}, {"source": 36, "target": 49, "weight": 0.009615}, {"source": 36, "target": 155, "weight": 0.145631}, {"source": 36, "target": 141, "weight": 0.013986}, {"source": 36, "target": 87, "weight": 0.020979}, {"source": 36, "target": 131, "weight": 0.069444}, {"source": 36, "target": 73, "weight": 0.006452}, {"source": 36, "target": 193, "weight": 0.015267}, {"source": 36, "target": 92, "weight": 0.112426}, {"source": 36, "target": 80, "weight": 0.014706}, {"source": 36, "target": 123, "weight": 0.008621}, {"source": 36, "target": 153, "weight": 0.006944}, {"source": 36, "target": 84, "weight": 0.042636}, {"source": 37, "target": 172, "weight": 0.005714}, {"source": 37, "target": 175, "weight": 0.00495}, {"source": 37, "target": 115, "weight": 0.030259}, {"source": 37, "target": 117, "weight": 0.009772}, {"source": 37, "target": 121, "weight": 0.003145}, {"source": 37, "target": 60, "weight": 0.004367}, {"source": 37, "target": 180, "weight": 0.00565}, {"source": 37, "target": 63, "weight": 0.018433}, {"source": 37, "target": 61, "weight": 0.010753}, {"source": 37, "target": 45, "weight": 0.005208}, {"source": 37, "target": 64, "weight": 0.200803}, {"source": 37, "target": 191, "weight": 0.004484}, {"source": 37, "target": 192, "weight": 0.010638}, {"source": 37, "target": 73, "weight": 0.004608}, {"source": 37, "target": 134, "weight": 0.005587}, {"source": 37, "target": 137, "weight": 0.020243}, {"source": 37, "target": 85, "weight": 0.004975}, {"source": 37, "target": 84, "weight": 0.00303}, {"source": 37, "target": 49, "weight": 0.00266}, {"source": 37, "target": 141, "weight": 0.024752}, {"source": 37, "target": 209, "weight": 0.004695}, {"source": 37, "target": 91, "weight": 0.193694}, {"source": 37, "target": 146, "weight": 0.014019}, {"source": 37, "target": 139, "weight": 0.008621}, {"source": 37, "target": 105, "weight": 0.0125}, {"source": 37, "target": 99, "weight": 0.005319}, {"source": 37, "target": 154, "weight": 0.01087}, {"source": 37, "target": 122, "weight": 0.030043}, {"source": 37, "target": 221, "weight": 0.003953}, {"source": 37, "target": 104, "weight": 0.011834}, {"source": 37, "target": 227, "weight": 0.013289}, {"source": 37, "target": 131, "weight": 0.005435}, {"source": 37, "target": 166, "weight": 0.023121}, {"source": 37, "target": 109, "weight": 0.006211}, {"source": 37, "target": 106, "weight": 0.005714}, {"source": 38, "target": 173, "weight": 0.073171}, {"source": 38, "target": 68, "weight": 0.004587}, {"source": 38, "target": 141, "weight": 0.025}, {"source": 38, "target": 158, "weight": 0.018182}, {"source": 38, "target": 159, "weight": 0.016393}, {"source": 38, "target": 115, "weight": 0.005111}, {"source": 38, "target": 97, "weight": 0.076923}, {"source": 38, "target": 148, "weight": 0.014706}, {"source": 38, "target": 198, "weight": 0.034884}, {"source": 38, "target": 212, "weight": 0.008929}, {"source": 38, "target": 99, "weight": 0.032258}, {"source": 38, "target": 229, "weight": 0.011321}, {"source": 38, "target": 151, "weight": 0.020833}, {"source": 39, "target": 204, "weight": 0.02381}, {"source": 39, "target": 135, "weight": 0.016393}, {"source": 39, "target": 86, "weight": 0.016667}, {"source": 40, "target": 132, "weight": 0.019231}, {"source": 41, "target": 61, "weight": 0.014286}, {"source": 42, "target": 63, "weight": 0.0125}, {"source": 42, "target": 122, "weight": 0.010101}, {"source": 42, "target": 107, "weight": 0.047619}, {"source": 42, "target": 146, "weight": 0.013158}, {"source": 42, "target": 129, "weight": 0.055556}, {"source": 43, "target": 177, "weight": 0.008475}, {"source": 43, "target": 117, "weight": 0.011429}, {"source": 43, "target": 195, "weight": 0.037037}, {"source": 43, "target": 75, "weight": 0.130137}, {"source": 43, "target": 83, "weight": 0.021277}, {"source": 43, "target": 111, "weight": 0.013699}, {"source": 44, "target": 172, "weight": 0.007407}, {"source": 44, "target": 175, "weight": 0.006173}, {"source": 44, "target": 115, "weight": 0.004464}, {"source": 44, "target": 57, "weight": 0.018692}, {"source": 44, "target": 121, "weight": 0.003597}, {"source": 44, "target": 64, "weight": 0.003876}, {"source": 44, "target": 186, "weight": 0.007407}, {"source": 44, "target": 126, "weight": 0.007519}, {"source": 44, "target": 191, "weight": 0.005464}, {"source": 44, "target": 131, "weight": 0.01227}, {"source": 44, "target": 132, "weight": 0.007042}, {"source": 44, "target": 117, "weight": 0.007463}, {"source": 44, "target": 49, "weight": 0.00597}, {"source": 44, "target": 87, "weight": 0.005988}, {"source": 44, "target": 93, "weight": 0.007353}, {"source": 44, "target": 94, "weight": 0.008065}, {"source": 44, "target": 154, "weight": 0.006897}, {"source": 44, "target": 161, "weight": 0.004484}, {"source": 44, "target": 227, "weight": 0.003788}, {"source": 44, "target": 166, "weight": 0.007353}, {"source": 45, "target": 174, "weight": 0.00813}, {"source": 45, "target": 115, "weight": 0.003333}, {"source": 45, "target": 117, "weight": 0.020725}, {"source": 45, "target": 98, "weight": 0.013333}, {"source": 45, "target": 119, "weight": 0.005814}, {"source": 45, "target": 121, "weight": 0.004878}, {"source": 45, "target": 60, "weight": 0.008621}, {"source": 45, "target": 123, "weight": 0.015385}, {"source": 45, "target": 68, "weight": 0.004348}, {"source": 45, "target": 74, "weight": 0.045872}, {"source": 45, "target": 195, "weight": 0.013333}, {"source": 45, "target": 185, "weight": 0.012195}, {"source": 45, "target": 200, "weight": 0.012658}, {"source": 45, "target": 139, "weight": 0.008333}, {"source": 45, "target": 141, "weight": 0.010753}, {"source": 45, "target": 70, "weight": 0.007092}, {"source": 45, "target": 89, "weight": 0.016393}, {"source": 45, "target": 91, "weight": 0.006623}, {"source": 45, "target": 212, "weight": 0.008065}, {"source": 45, "target": 216, "weight": 0.010638}, {"source": 45, "target": 100, "weight": 0.006192}, {"source": 45, "target": 218, "weight": 0.021739}, {"source": 45, "target": 219, "weight": 0.013333}, {"source": 45, "target": 221, "weight": 0.007143}, {"source": 45, "target": 227, "weight": 0.010526}, {"source": 45, "target": 229, "weight": 0.003584}, {"source": 46, "target": 49, "weight": 0.004202}, {"source": 46, "target": 73, "weight": 0.012658}, {"source": 46, "target": 75, "weight": 0.006289}, {"source": 46, "target": 76, "weight": 0.084507}, {"source": 46, "target": 111, "weight": 0.014706}, {"source": 47, "target": 85, "weight": 0.019802}, {"source": 47, "target": 174, "weight": 0.12931}, {"source": 47, "target": 175, "weight": 0.009709}, {"source": 47, "target": 177, "weight": 0.013245}, {"source": 47, "target": 115, "weight": 0.004894}, {"source": 47, "target": 119, "weight": 0.021858}, {"source": 47, "target": 60, "weight": 0.023438}, {"source": 47, "target": 122, "weight": 0.007143}, {"source": 47, "target": 124, "weight": 0.005618}, {"source": 47, "target": 68, "weight": 0.074561}, {"source": 47, "target": 178, "weight": 0.007519}, {"source": 47, "target": 195, "weight": 0.011236}, {"source": 47, "target": 78, "weight": 0.033333}, {"source": 47, "target": 117, "weight": 0.004762}, {"source": 47, "target": 202, "weight": 0.004484}, {"source": 47, "target": 205, "weight": 0.010989}, {"source": 47, "target": 100, "weight": 0.002959}, {"source": 47, "target": 152, "weight": 0.015748}, {"source": 47, "target": 161, "weight": 0.01227}, {"source": 47, "target": 227, "weight": 0.009804}, {"source": 47, "target": 110, "weight": 0.015625}, {"source": 48, "target": 114, "weight": 0.02439}, {"source": 48, "target": 177, "weight": 0.015152}, {"source": 48, "target": 115, "weight": 0.001678}, {"source": 48, "target": 209, "weight": 0.103448}, {"source": 48, "target": 75, "weight": 0.011236}, {"source": 48, "target": 95, "weight": 0.006579}, {"source": 48, "target": 79, "weight": 0.276786}, {"source": 48, "target": 167, "weight": 0.014493}, {"source": 48, "target": 108, "weight": 0.011765}, {"source": 48, "target": 111, "weight": 0.011364}, {"source": 49, "target": 172, "weight": 0.012295}, {"source": 49, "target": 74, "weight": 0.003367}, {"source": 49, "target": 112, "weight": 0.00641}, {"source": 49, "target": 113, "weight": 0.00431}, {"source": 49, "target": 177, "weight": 0.006231}, {"source": 49, "target": 115, "weight": 0.002551}, {"source": 49, "target": 118, "weight": 0.002959}, {"source": 49, "target": 119, "weight": 0.005634}, {"source": 49, "target": 59, "weight": 0.004082}, {"source": 49, "target": 121, "weight": 0.002571}, {"source": 49, "target": 174, "weight": 0.00232}, {"source": 49, "target": 60, "weight": 0.003333}, {"source": 49, "target": 123, "weight": 0.004016}, {"source": 49, "target": 124, "weight": 0.002874}, {"source": 49, "target": 125, "weight": 0.013793}, {"source": 49, "target": 131, "weight": 0.009153}, {"source": 49, "target": 73, "weight": 0.021201}, {"source": 49, "target": 178, "weight": 0.009967}, {"source": 49, "target": 193, "weight": 0.003774}, {"source": 49, "target": 75, "weight": 0.002717}, {"source": 49, "target": 76, "weight": 0.02509}, {"source": 49, "target": 196, "weight": 0.004115}, {"source": 49, "target": 78, "weight": 0.003817}, {"source": 49, "target": 136, "weight": 0.004032}, {"source": 49, "target": 54, "weight": 0.003745}, {"source": 49, "target": 84, "weight": 0.175439}, {"source": 49, "target": 203, "weight": 0.003968}, {"source": 49, "target": 208, "weight": 0.008097}, {"source": 49, "target": 92, "weight": 0.012618}, {"source": 49, "target": 80, "weight": 0.003704}, {"source": 49, "target": 95, "weight": 0.014837}, {"source": 49, "target": 96, "weight": 0.004237}, {"source": 49, "target": 229, "weight": 0.00216}, {"source": 49, "target": 100, "weight": 0.003945}, {"source": 49, "target": 224, "weight": 0.003509}, {"source": 49, "target": 108, "weight": 0.00365}, {"source": 49, "target": 170, "weight": 0.007547}, {"source": 49, "target": 111, "weight": 0.00361}, {"source": 50, "target": 68, "weight": 0.005051}, {"source": 50, "target": 71, "weight": 0.032258}, {"source": 50, "target": 115, "weight": 0.001757}, {"source": 50, "target": 148, "weight": 0.020833}, {"source": 50, "target": 121, "weight": 0.00578}, {"source": 50, "target": 135, "weight": 0.02439}, {"source": 50, "target": 122, "weight": 0.010638}, {"source": 51, "target": 73, "weight": 0.027397}, {"source": 51, "target": 64, "weight": 0.006452}, {"source": 54, "target": 155, "weight": 0.044118}, {"source": 54, "target": 87, "weight": 0.010204}, {"source": 54, "target": 131, "weight": 0.003846}, {"source": 54, "target": 91, "weight": 0.006452}, {"source": 54, "target": 57, "weight": 0.049296}, {"source": 54, "target": 92, "weight": 0.036765}, {"source": 54, "target": 180, "weight": 0.014706}, {"source": 54, "target": 80, "weight": 0.784314}, {"source": 54, "target": 153, "weight": 0.010309}, {"source": 54, "target": 84, "weight": 0.013699}, {"source": 56, "target": 60, "weight": 0.007519}, {"source": 56, "target": 115, "weight": 0.006504}, {"source": 56, "target": 209, "weight": 0.026087}, {"source": 56, "target": 143, "weight": 0.010753}, {"source": 56, "target": 91, "weight": 0.005952}, {"source": 56, "target": 161, "weight": 0.018182}, {"source": 56, "target": 64, "weight": 0.134078}, {"source": 56, "target": 163, "weight": 0.005076}, {"source": 56, "target": 227, "weight": 0.004808}, {"source": 56, "target": 92, "weight": 0.006536}, {"source": 56, "target": 180, "weight": 0.012346}, {"source": 56, "target": 106, "weight": 0.012658}, {"source": 56, "target": 84, "weight": 0.004274}, {"source": 57, "target": 155, "weight": 0.007634}, {"source": 57, "target": 198, "weight": 0.006061}, {"source": 57, "target": 70, "weight": 0.002874}, {"source": 57, "target": 203, "weight": 0.007519}, {"source": 57, "target": 131, "weight": 0.018987}, {"source": 57, "target": 225, "weight": 0.006289}, {"source": 57, "target": 118, "weight": 0.594203}, {"source": 57, "target": 92, "weight": 0.01}, {"source": 57, "target": 163, "weight": 0.004082}, {"source": 57, "target": 95, "weight": 0.056872}, {"source": 57, "target": 149, "weight": 0.007246}, {"source": 57, "target": 80, "weight": 0.041096}, {"source": 57, "target": 132, "weight": 0.046512}, {"source": 57, "target": 108, "weight": 0.04}, {"source": 57, "target": 153, "weight": 0.006329}, {"source": 57, "target": 220, "weight": 0.007463}, {"source": 58, "target": 177, "weight": 0.016667}, {"source": 58, "target": 159, "weight": 0.017857}, {"source": 58, "target": 75, "weight": 0.012048}, {"source": 58, "target": 137, "weight": 0.008264}, {"source": 58, "target": 66, "weight": 0.093023}, {"source": 59, "target": 113, "weight": 0.033333}, {"source": 59, "target": 115, "weight": 0.006897}, {"source": 59, "target": 131, "weight": 0.004202}, {"source": 59, "target": 117, "weight": 0.005618}, {"source": 59, "target": 118, "weight": 0.007353}, {"source": 59, "target": 121, "weight": 0.005348}, {"source": 59, "target": 60, "weight": 0.010204}, {"source": 59, "target": 216, "weight": 0.013158}, {"source": 59, "target": 95, "weight": 0.007194}, {"source": 59, "target": 100, "weight": 0.003268}, {"source": 59, "target": 64, "weight": 0.005988}, {"source": 59, "target": 84, "weight": 0.005025}, {"source": 60, "target": 174, "weight": 0.096154}, {"source": 60, "target": 175, "weight": 0.007937}, {"source": 60, "target": 113, "weight": 0.011765}, {"source": 60, "target": 115, "weight": 0.012678}, {"source": 60, "target": 120, "weight": 0.011628}, {"source": 60, "target": 121, "weight": 0.004132}, {"source": 60, "target": 62, "weight": 0.011494}, {"source": 60, "target": 65, "weight": 0.011765}, {"source": 60, "target": 67, "weight": 0.014925}, {"source": 60, "target": 68, "weight": 0.011321}, {"source": 60, "target": 71, "weight": 0.020202}, {"source": 60, "target": 191, "weight": 0.006803}, {"source": 60, "target": 178, "weight": 0.00641}, {"source": 60, "target": 195, "weight": 0.008929}, {"source": 60, "target": 78, "weight": 0.026549}, {"source": 60, "target": 79, "weight": 0.010929}, {"source": 60, "target": 201, "weight": 0.009091}, {"source": 60, "target": 137, "weight": 0.011494}, {"source": 60, "target": 85, "weight": 0.05}, {"source": 60, "target": 117, "weight": 0.004292}, {"source": 60, "target": 84, "weight": 0.003937}, {"source": 60, "target": 187, "weight": 0.008197}, {"source": 60, "target": 204, "weight": 0.010989}, {"source": 60, "target": 205, "weight": 0.017699}, {"source": 60, "target": 209, "weight": 0.007299}, {"source": 60, "target": 139, "weight": 0.006369}, {"source": 60, "target": 100, "weight": 0.011173}, {"source": 60, "target": 152, "weight": 0.034014}, {"source": 60, "target": 154, "weight": 0.009174}, {"source": 60, "target": 219, "weight": 0.008929}, {"source": 60, "target": 161, "weight": 0.010753}, {"source": 60, "target": 138, "weight": 0.009091}, {"source": 60, "target": 227, "weight": 0.017778}, {"source": 60, "target": 229, "weight": 0.006349}, {"source": 61, "target": 115, "weight": 0.006745}, {"source": 61, "target": 117, "weight": 0.005236}, {"source": 61, "target": 216, "weight": 0.011236}, {"source": 61, "target": 182, "weight": 0.011494}, {"source": 61, "target": 222, "weight": 0.014706}, {"source": 61, "target": 63, "weight": 0.009804}, {"source": 61, "target": 64, "weight": 0.005556}, {"source": 61, "target": 66, "weight": 0.017241}, {"source": 61, "target": 187, "weight": 0.0125}, {"source": 61, "target": 88, "weight": 0.010417}, {"source": 61, "target": 137, "weight": 0.007519}, {"source": 61, "target": 139, "weight": 0.008696}, {"source": 61, "target": 141, "weight": 0.011364}, {"source": 61, "target": 70, "weight": 0.003597}, {"source": 61, "target": 90, "weight": 0.012821}, {"source": 61, "target": 91, "weight": 0.006849}, {"source": 61, "target": 221, "weight": 0.007407}, {"source": 62, "target": 88, "weight": 0.013889}, {"source": 62, "target": 119, "weight": 0.006993}, {"source": 63, "target": 174, "weight": 0.003636}, {"source": 63, "target": 112, "weight": 0.006369}, {"source": 63, "target": 115, "weight": 0.008}, {"source": 63, "target": 150, "weight": 0.011494}, {"source": 63, "target": 182, "weight": 0.052174}, {"source": 63, "target": 122, "weight": 0.210938}, {"source": 63, "target": 124, "weight": 0.015789}, {"source": 63, "target": 100, "weight": 0.002841}, {"source": 63, "target": 66, "weight": 0.010989}, {"source": 63, "target": 187, "weight": 0.055556}, {"source": 63, "target": 88, "weight": 0.015625}, {"source": 63, "target": 68, "weight": 0.007782}, {"source": 63, "target": 129, "weight": 0.01087}, {"source": 63, "target": 191, "weight": 0.007246}, {"source": 63, "target": 131, "weight": 0.014235}, {"source": 63, "target": 195, "weight": 0.009709}, {"source": 63, "target": 134, "weight": 0.010638}, {"source": 63, "target": 79, "weight": 0.005714}, {"source": 63, "target": 138, "weight": 0.009901}, {"source": 63, "target": 204, "weight": 0.012195}, {"source": 63, "target": 205, "weight": 0.009524}, {"source": 63, "target": 141, "weight": 0.008264}, {"source": 63, "target": 209, "weight": 0.007813}, {"source": 63, "target": 90, "weight": 0.015957}, {"source": 63, "target": 91, "weight": 0.005587}, {"source": 63, "target": 146, "weight": 0.245283}, {"source": 63, "target": 212, "weight": 0.006579}, {"source": 63, "target": 105, "weight": 0.013158}, {"source": 63, "target": 119, "weight": 0.005}, {"source": 63, "target": 101, "weight": 0.012048}, {"source": 63, "target": 159, "weight": 0.009901}, {"source": 63, "target": 225, "weight": 0.008197}, {"source": 63, "target": 161, "weight": 0.005618}, {"source": 63, "target": 227, "weight": 0.004566}, {"source": 63, "target": 192, "weight": 0.009615}, {"source": 63, "target": 229, "weight": 0.013158}, {"source": 63, "target": 169, "weight": 0.030303}, {"source": 64, "target": 174, "weight": 0.002833}, {"source": 64, "target": 175, "weight": 0.005128}, {"source": 64, "target": 115, "weight": 0.018705}, {"source": 64, "target": 117, "weight": 0.003311}, {"source": 64, "target": 222, "weight": 0.111111}, {"source": 64, "target": 119, "weight": 0.00722}, {"source": 64, "target": 121, "weight": 0.009709}, {"source": 64, "target": 182, "weight": 0.025773}, {"source": 64, "target": 180, "weight": 0.005882}, {"source": 64, "target": 124, "weight": 0.007435}, {"source": 64, "target": 188, "weight": 0.00565}, {"source": 64, "target": 67, "weight": 0.004902}, {"source": 64, "target": 203, "weight": 0.005747}, {"source": 64, "target": 68, "weight": 0.002976}, {"source": 64, "target": 192, "weight": 0.022346}, {"source": 64, "target": 74, "weight": 0.009174}, {"source": 64, "target": 198, "weight": 0.004854}, {"source": 64, "target": 79, "weight": 0.003953}, {"source": 64, "target": 147, "weight": 0.006061}, {"source": 64, "target": 137, "weight": 0.004098}, {"source": 64, "target": 154, "weight": 0.011299}, {"source": 64, "target": 139, "weight": 0.004425}, {"source": 64, "target": 187, "weight": 0.005236}, {"source": 64, "target": 206, "weight": 0.010929}, {"source": 64, "target": 70, "weight": 0.005155}, {"source": 64, "target": 143, "weight": 0.01105}, {"source": 64, "target": 209, "weight": 0.004854}, {"source": 64, "target": 90, "weight": 0.164502}, {"source": 64, "target": 91, "weight": 0.156951}, {"source": 64, "target": 212, "weight": 0.004348}, {"source": 64, "target": 213, "weight": 0.012422}, {"source": 64, "target": 214, "weight": 0.011696}, {"source": 64, "target": 100, "weight": 0.016509}, {"source": 64, "target": 152, "weight": 0.004545}, {"source": 64, "target": 220, "weight": 0.005714}, {"source": 64, "target": 219, "weight": 0.011111}, {"source": 64, "target": 221, "weight": 0.004065}, {"source": 64, "target": 160, "weight": 0.032258}, {"source": 64, "target": 105, "weight": 0.006494}, {"source": 64, "target": 161, "weight": 0.019841}, {"source": 64, "target": 166, "weight": 0.011905}, {"source": 64, "target": 227, "weight": 0.006757}, {"source": 64, "target": 186, "weight": 0.005952}, {"source": 64, "target": 131, "weight": 0.002762}, {"source": 64, "target": 229, "weight": 0.029333}, {"source": 65, "target": 201, "weight": 0.02381}, {"source": 65, "target": 95, "weight": 0.007937}, {"source": 66, "target": 115, "weight": 0.006873}, {"source": 66, "target": 199, "weight": 0.035714}, {"source": 66, "target": 227, "weight": 0.005714}, {"source": 67, "target": 115, "weight": 0.013051}, {"source": 67, "target": 191, "weight": 0.007752}, {"source": 67, "target": 131, "weight": 0.007299}, {"source": 67, "target": 117, "weight": 0.004651}, {"source": 67, "target": 143, "weight": 0.010526}, {"source": 67, "target": 210, "weight": 0.011628}, {"source": 67, "target": 161, "weight": 0.036585}, {"source": 67, "target": 121, "weight": 0.004464}, {"source": 67, "target": 80, "weight": 0.009524}, {"source": 67, "target": 137, "weight": 0.012821}, {"source": 68, "target": 85, "weight": 0.012658}, {"source": 68, "target": 175, "weight": 0.008368}, {"source": 68, "target": 115, "weight": 0.023098}, {"source": 68, "target": 216, "weight": 0.020747}, {"source": 68, "target": 173, "weight": 0.004854}, {"source": 68, "target": 121, "weight": 0.025862}, {"source": 68, "target": 122, "weight": 0.00361}, {"source": 68, "target": 123, "weight": 0.00463}, {"source": 68, "target": 126, "weight": 0.004739}, {"source": 68, "target": 189, "weight": 0.004425}, {"source": 68, "target": 129, "weight": 0.014085}, {"source": 68, "target": 191, "weight": 0.011583}, {"source": 68, "target": 192, "weight": 0.004405}, {"source": 68, "target": 193, "weight": 0.00431}, {"source": 68, "target": 78, "weight": 0.017699}, {"source": 68, "target": 117, "weight": 0.020528}, {"source": 68, "target": 84, "weight": 0.002717}, {"source": 68, "target": 130, "weight": 0.004878}, {"source": 68, "target": 199, "weight": 0.005128}, {"source": 68, "target": 209, "weight": 0.016129}, {"source": 68, "target": 91, "weight": 0.003311}, {"source": 68, "target": 146, "weight": 0.003937}, {"source": 68, "target": 98, "weight": 0.008889}, {"source": 68, "target": 101, "weight": 0.004854}, {"source": 68, "target": 221, "weight": 0.024561}, {"source": 68, "target": 161, "weight": 0.02027}, {"source": 68, "target": 163, "weight": 0.003021}, {"source": 68, "target": 227, "weight": 0.023881}, {"source": 68, "target": 166, "weight": 0.004673}, {"source": 68, "target": 106, "weight": 0.004695}, {"source": 69, "target": 204, "weight": 0.033333}, {"source": 69, "target": 115, "weight": 0.001733}, {"source": 69, "target": 117, "weight": 0.005814}, {"source": 69, "target": 158, "weight": 0.023256}, {"source": 69, "target": 121, "weight": 0.011111}, {"source": 69, "target": 228, "weight": 0.038462}, {"source": 69, "target": 98, "weight": 0.019608}, {"source": 69, "target": 229, "weight": 0.003922}, {"source": 69, "target": 100, "weight": 0.010067}, {"source": 69, "target": 124, "weight": 0.007143}, {"source": 70, "target": 115, "weight": 0.020253}, {"source": 70, "target": 117, "weight": 0.012626}, {"source": 70, "target": 121, "weight": 0.025}, {"source": 70, "target": 180, "weight": 0.007491}, {"source": 70, "target": 191, "weight": 0.003185}, {"source": 70, "target": 192, "weight": 0.003571}, {"source": 70, "target": 137, "weight": 0.008824}, {"source": 70, "target": 139, "weight": 0.116838}, {"source": 70, "target": 141, "weight": 0.017065}, {"source": 70, "target": 209, "weight": 0.006601}, {"source": 70, "target": 91, "weight": 0.008499}, {"source": 70, "target": 149, "weight": 0.00361}, {"source": 70, "target": 216, "weight": 0.045455}, {"source": 70, "target": 99, "weight": 0.007194}, {"source": 70, "target": 153, "weight": 0.003367}, {"source": 70, "target": 154, "weight": 0.02214}, {"source": 70, "target": 221, "weight": 0.25}, {"source": 70, "target": 157, "weight": 0.003802}, {"source": 70, "target": 104, "weight": 0.003831}, {"source": 70, "target": 161, "weight": 0.002825}, {"source": 70, "target": 163, "weight": 0.002604}, {"source": 70, "target": 227, "weight": 0.028571}, {"source": 70, "target": 94, "weight": 0.003922}, {"source": 71, "target": 187, "weight": 0.014493}, {"source": 71, "target": 85, "weight": 0.013889}, {"source": 71, "target": 112, "weight": 0.00885}, {"source": 71, "target": 163, "weight": 0.006098}, {"source": 71, "target": 152, "weight": 0.010204}, {"source": 72, "target": 139, "weight": 0.051546}, {"source": 72, "target": 141, "weight": 0.013514}, {"source": 72, "target": 107, "weight": 0.019608}, {"source": 72, "target": 99, "weight": 0.017857}, {"source": 72, "target": 154, "weight": 0.5}, {"source": 73, "target": 172, "weight": 0.011494}, {"source": 73, "target": 177, "weight": 0.006135}, {"source": 73, "target": 131, "weight": 0.003559}, {"source": 73, "target": 224, "weight": 0.007937}, {"source": 73, "target": 74, "weight": 0.007246}, {"source": 73, "target": 118, "weight": 0.005587}, {"source": 73, "target": 84, "weight": 0.016736}, {"source": 73, "target": 75, "weight": 0.02439}, {"source": 73, "target": 76, "weight": 0.076271}, {"source": 73, "target": 95, "weight": 0.022346}, {"source": 73, "target": 229, "weight": 0.003289}, {"source": 73, "target": 123, "weight": 0.011111}, {"source": 73, "target": 111, "weight": 0.017094}, {"source": 74, "target": 172, "weight": 0.010417}, {"source": 74, "target": 175, "weight": 0.016393}, {"source": 74, "target": 115, "weight": 0.011129}, {"source": 74, "target": 131, "weight": 0.003448}, {"source": 74, "target": 161, "weight": 0.010929}, {"source": 74, "target": 91, "weight": 0.005405}, {"source": 74, "target": 121, "weight": 0.008403}, {"source": 74, "target": 227, "weight": 0.036697}, {"source": 74, "target": 98, "weight": 0.009174}, {"source": 74, "target": 166, "weight": 0.010309}, {"source": 74, "target": 141, "weight": 0.024}, {"source": 74, "target": 193, "weight": 0.008696}, {"source": 74, "target": 117, "weight": 0.008734}, {"source": 74, "target": 84, "weight": 0.003984}, {"source": 75, "target": 221, "weight": 0.008197}, {"source": 75, "target": 115, "weight": 0.002837}, {"source": 75, "target": 191, "weight": 0.004651}, {"source": 75, "target": 192, "weight": 0.005525}, {"source": 75, "target": 227, "weight": 0.00678}, {"source": 75, "target": 216, "weight": 0.010101}, {"source": 75, "target": 209, "weight": 0.009804}, {"source": 75, "target": 117, "weight": 0.010033}, {"source": 75, "target": 106, "weight": 0.012048}, {"source": 75, "target": 111, "weight": 0.156977}, {"source": 76, "target": 115, "weight": 0.001605}, {"source": 76, "target": 191, "weight": 0.007576}, {"source": 76, "target": 84, "weight": 0.012658}, {"source": 76, "target": 123, "weight": 0.353846}, {"source": 76, "target": 111, "weight": 0.008696}, {"source": 78, "target": 126, "weight": 0.016949}, {"source": 78, "target": 204, "weight": 0.018868}, {"source": 78, "target": 202, "weight": 0.009662}, {"source": 78, "target": 178, "weight": 0.008475}, {"source": 78, "target": 175, "weight": 0.011364}, {"source": 78, "target": 115, "weight": 0.001667}, {"source": 78, "target": 227, "weight": 0.005263}, {"source": 78, "target": 195, "weight": 0.013514}, {"source": 78, "target": 161, "weight": 0.027397}, {"source": 78, "target": 121, "weight": 0.004902}, {"source": 78, "target": 174, "weight": 0.102679}, {"source": 78, "target": 119, "weight": 0.011765}, {"source": 78, "target": 98, "weight": 0.013514}, {"source": 78, "target": 122, "weight": 0.008}, {"source": 78, "target": 124, "weight": 0.006135}, {"source": 79, "target": 175, "weight": 0.006369}, {"source": 79, "target": 115, "weight": 0.029186}, {"source": 79, "target": 117, "weight": 0.003788}, {"source": 79, "target": 121, "weight": 0.003663}, {"source": 79, "target": 122, "weight": 0.005155}, {"source": 79, "target": 186, "weight": 0.007692}, {"source": 79, "target": 131, "weight": 0.009317}, {"source": 79, "target": 137, "weight": 0.004854}, {"source": 79, "target": 87, "weight": 0.006173}, {"source": 79, "target": 209, "weight": 0.536364}, {"source": 79, "target": 146, "weight": 0.005848}, {"source": 79, "target": 216, "weight": 0.006173}, {"source": 79, "target": 221, "weight": 0.009662}, {"source": 79, "target": 163, "weight": 0.004032}, {"source": 79, "target": 227, "weight": 0.007752}, {"source": 79, "target": 106, "weight": 0.007692}, {"source": 79, "target": 111, "weight": 0.006211}, {"source": 80, "target": 118, "weight": 0.045161}, {"source": 80, "target": 180, "weight": 0.014085}, {"source": 80, "target": 124, "weight": 0.005848}, {"source": 80, "target": 87, "weight": 0.009901}, {"source": 80, "target": 131, "weight": 0.003802}, {"source": 80, "target": 84, "weight": 0.008969}, {"source": 80, "target": 207, "weight": 0.014085}, {"source": 80, "target": 91, "weight": 0.006329}, {"source": 80, "target": 92, "weight": 0.021277}, {"source": 80, "target": 119, "weight": 0.011236}, {"source": 80, "target": 201, "weight": 0.0125}, {"source": 80, "target": 153, "weight": 0.01}, {"source": 80, "target": 155, "weight": 0.042254}, {"source": 80, "target": 103, "weight": 0.011364}, {"source": 80, "target": 108, "weight": 0.689655}, {"source": 81, "target": 209, "weight": 0.012821}, {"source": 81, "target": 161, "weight": 0.007813}, {"source": 81, "target": 129, "weight": 0.02381}, {"source": 83, "target": 131, "weight": 0.004098}, {"source": 83, "target": 199, "weight": 0.03125}, {"source": 84, "target": 172, "weight": 0.01005}, {"source": 84, "target": 174, "weight": 0.002597}, {"source": 84, "target": 112, "weight": 0.007519}, {"source": 84, "target": 113, "weight": 0.005376}, {"source": 84, "target": 177, "weight": 0.007273}, {"source": 84, "target": 115, "weight": 0.001353}, {"source": 84, "target": 121, "weight": 0.002915}, {"source": 84, "target": 124, "weight": 0.003311}, {"source": 84, "target": 125, "weight": 0.221675}, {"source": 84, "target": 186, "weight": 0.005}, {"source": 84, "target": 126, "weight": 0.005051}, {"source": 84, "target": 188, "weight": 0.004785}, {"source": 84, "target": 229, "weight": 0.002398}, {"source": 84, "target": 131, "weight": 0.012821}, {"source": 84, "target": 193, "weight": 0.195652}, {"source": 84, "target": 134, "weight": 0.004902}, {"source": 84, "target": 136, "weight": 0.00495}, {"source": 84, "target": 201, "weight": 0.004739}, {"source": 84, "target": 118, "weight": 0.006873}, {"source": 84, "target": 210, "weight": 0.004878}, {"source": 84, "target": 92, "weight": 0.222222}, {"source": 84, "target": 95, "weight": 0.017182}, {"source": 84, "target": 100, "weight": 0.006522}, {"source": 84, "target": 152, "weight": 0.003968}, {"source": 84, "target": 153, "weight": 0.004329}, {"source": 84, "target": 155, "weight": 0.009852}, {"source": 84, "target": 178, "weight": 0.04878}, {"source": 84, "target": 161, "weight": 0.003472}, {"source": 84, "target": 163, "weight": 0.012698}, {"source": 84, "target": 108, "weight": 0.008811}, {"source": 84, "target": 170, "weight": 0.027907}, {"source": 85, "target": 202, "weight": 0.004587}, {"source": 85, "target": 152, "weight": 0.117117}, {"source": 85, "target": 177, "weight": 0.006803}, {"source": 85, "target": 115, "weight": 0.001639}, {"source": 85, "target": 119, "weight": 0.005525}, {"source": 85, "target": 138, "weight": 0.024691}, {"source": 85, "target": 94, "weight": 0.051724}, {"source": 85, "target": 174, "weight": 0.023904}, {"source": 85, "target": 183, "weight": 0.014706}, {"source": 85, "target": 229, "weight": 0.003472}, {"source": 85, "target": 137, "weight": 0.006803}, {"source": 85, "target": 110, "weight": 0.016949}, {"source": 87, "target": 174, "weight": 0.003817}, {"source": 87, "target": 112, "weight": 0.050725}, {"source": 87, "target": 118, "weight": 0.011905}, {"source": 87, "target": 119, "weight": 0.010753}, {"source": 87, "target": 124, "weight": 0.005587}, {"source": 87, "target": 131, "weight": 0.00369}, {"source": 87, "target": 136, "weight": 0.012658}, {"source": 87, "target": 93, "weight": 0.012821}, {"source": 87, "target": 95, "weight": 0.017647}, {"source": 87, "target": 151, "weight": 0.013333}, {"source": 87, "target": 153, "weight": 0.009259}, {"source": 87, "target": 157, "weight": 0.013514}, {"source": 87, "target": 159, "weight": 0.011364}, {"source": 87, "target": 225, "weight": 0.009174}, {"source": 87, "target": 163, "weight": 0.015544}, {"source": 87, "target": 165, "weight": 0.022989}, {"source": 87, "target": 108, "weight": 0.009524}, {"source": 88, "target": 187, "weight": 0.028571}, {"source": 88, "target": 227, "weight": 0.009434}, {"source": 88, "target": 205, "weight": 0.010101}, {"source": 88, "target": 175, "weight": 0.009009}, {"source": 88, "target": 115, "weight": 0.008078}, {"source": 88, "target": 191, "weight": 0.007576}, {"source": 88, "target": 194, "weight": 0.042857}, {"source": 88, "target": 146, "weight": 0.032787}, {"source": 88, "target": 119, "weight": 0.005155}, {"source": 88, "target": 211, "weight": 0.013514}, {"source": 88, "target": 122, "weight": 0.027586}, {"source": 88, "target": 137, "weight": 0.00625}, {"source": 88, "target": 124, "weight": 0.005376}, {"source": 88, "target": 197, "weight": 0.023529}, {"source": 89, "target": 94, "weight": 0.030303}, {"source": 89, "target": 185, "weight": 0.015625}, {"source": 89, "target": 121, "weight": 0.005348}, {"source": 89, "target": 117, "weight": 0.111801}, {"source": 90, "target": 175, "weight": 0.005814}, {"source": 90, "target": 115, "weight": 0.017831}, {"source": 90, "target": 117, "weight": 0.007194}, {"source": 90, "target": 121, "weight": 0.017606}, {"source": 90, "target": 180, "weight": 0.006803}, {"source": 90, "target": 122, "weight": 0.029412}, {"source": 90, "target": 192, "weight": 0.012658}, {"source": 90, "target": 134, "weight": 0.006711}, {"source": 90, "target": 137, "weight": 0.088235}, {"source": 90, "target": 139, "weight": 0.004926}, {"source": 90, "target": 141, "weight": 0.011429}, {"source": 90, "target": 91, "weight": 0.223958}, {"source": 90, "target": 146, "weight": 0.010811}, {"source": 90, "target": 105, "weight": 0.015385}, {"source": 90, "target": 161, "weight": 0.021834}, {"source": 90, "target": 227, "weight": 0.00365}, {"source": 90, "target": 166, "weight": 0.122137}, {"source": 90, "target": 106, "weight": 0.006897}, {"source": 91, "target": 202, "weight": 0.003559}, {"source": 91, "target": 115, "weight": 0.012012}, {"source": 91, "target": 222, "weight": 0.006897}, {"source": 91, "target": 119, "weight": 0.004098}, {"source": 91, "target": 121, "weight": 0.00361}, {"source": 91, "target": 182, "weight": 0.024845}, {"source": 91, "target": 180, "weight": 0.007353}, {"source": 91, "target": 122, "weight": 0.005051}, {"source": 91, "target": 188, "weight": 0.014085}, {"source": 91, "target": 200, "weight": 0.006623}, {"source": 91, "target": 192, "weight": 0.013605}, {"source": 91, "target": 194, "weight": 0.008197}, {"source": 91, "target": 134, "weight": 0.007246}, {"source": 91, "target": 218, "weight": 0.012195}, {"source": 91, "target": 147, "weight": 0.015385}, {"source": 91, "target": 137, "weight": 0.004762}, {"source": 91, "target": 139, "weight": 0.037634}, {"source": 91, "target": 141, "weight": 0.018405}, {"source": 91, "target": 100, "weight": 0.007614}, {"source": 91, "target": 153, "weight": 0.012195}, {"source": 91, "target": 212, "weight": 0.010256}, {"source": 91, "target": 162, "weight": 0.008772}, {"source": 91, "target": 163, "weight": 0.003968}, {"source": 91, "target": 227, "weight": 0.003802}, {"source": 91, "target": 131, "weight": 0.003049}, {"source": 91, "target": 166, "weight": 0.007407}, {"source": 91, "target": 229, "weight": 0.02029}, {"source": 91, "target": 108, "weight": 0.006173}, {"source": 92, "target": 180, "weight": 0.008264}, {"source": 92, "target": 125, "weight": 0.368852}, {"source": 92, "target": 186, "weight": 0.008403}, {"source": 92, "target": 190, "weight": 0.009009}, {"source": 92, "target": 131, "weight": 0.00641}, {"source": 92, "target": 178, "weight": 0.053571}, {"source": 92, "target": 193, "weight": 0.02963}, {"source": 92, "target": 134, "weight": 0.00813}, {"source": 92, "target": 197, "weight": 0.008264}, {"source": 92, "target": 136, "weight": 0.008264}, {"source": 92, "target": 203, "weight": 0.008}, {"source": 92, "target": 118, "weight": 0.014354}, {"source": 92, "target": 95, "weight": 0.00939}, {"source": 92, "target": 100, "weight": 0.002625}, {"source": 92, "target": 152, "weight": 0.005848}, {"source": 92, "target": 153, "weight": 0.006667}, {"source": 92, "target": 155, "weight": 0.059829}, {"source": 92, "target": 103, "weight": 0.007246}, {"source": 92, "target": 161, "weight": 0.004831}, {"source": 92, "target": 108, "weight": 0.02069}, {"source": 92, "target": 170, "weight": 0.021898}, {"source": 93, "target": 112, "weight": 0.027027}, {"source": 93, "target": 131, "weight": 0.008368}, {"source": 93, "target": 132, "weight": 0.038462}, {"source": 93, "target": 163, "weight": 0.037736}, {"source": 94, "target": 219, "weight": 0.021277}, {"source": 94, "target": 117, "weight": 0.005952}, {"source": 94, "target": 227, "weight": 0.006135}, {"source": 95, "target": 172, "weight": 0.007143}, {"source": 95, "target": 157, "weight": 0.007299}, {"source": 95, "target": 115, "weight": 0.001473}, {"source": 95, "target": 131, "weight": 0.012085}, {"source": 95, "target": 126, "weight": 0.007246}, {"source": 95, "target": 163, "weight": 0.011719}, {"source": 95, "target": 121, "weight": 0.003534}, {"source": 95, "target": 117, "weight": 0.00365}, {"source": 95, "target": 111, "weight": 0.005848}, {"source": 96, "target": 216, "weight": 0.014925}, {"source": 97, "target": 221, "weight": 0.008772}, {"source": 98, "target": 174, "weight": 0.008264}, {"source": 98, "target": 117, "weight": 0.032086}, {"source": 98, "target": 121, "weight": 0.004975}, {"source": 98, "target": 124, "weight": 0.00625}, {"source": 98, "target": 129, "weight": 0.016667}, {"source": 98, "target": 195, "weight": 0.014085}, {"source": 98, "target": 137, "weight": 0.007463}, {"source": 98, "target": 138, "weight": 0.029412}, {"source": 98, "target": 205, "weight": 0.013699}, {"source": 98, "target": 171, "weight": 0.023256}, {"source": 98, "target": 100, "weight": 0.00627}, {"source": 98, "target": 218, "weight": 0.011236}, {"source": 98, "target": 227, "weight": 0.032967}, {"source": 98, "target": 165, "weight": 0.014493}, {"source": 99, "target": 212, "weight": 0.016807}, {"source": 99, "target": 221, "weight": 0.022388}, {"source": 99, "target": 141, "weight": 0.011236}, {"source": 99, "target": 207, "weight": 0.016667}, {"source": 99, "target": 115, "weight": 0.005042}, {"source": 99, "target": 159, "weight": 0.014493}, {"source": 99, "target": 117, "weight": 0.005208}, {"source": 99, "target": 188, "weight": 0.014925}, {"source": 99, "target": 161, "weight": 0.006849}, {"source": 99, "target": 158, "weight": 0.032258}, {"source": 99, "target": 167, "weight": 0.014286}, {"source": 99, "target": 229, "weight": 0.01845}, {"source": 99, "target": 154, "weight": 0.014706}, {"source": 100, "target": 115, "weight": 0.032927}, {"source": 100, "target": 216, "weight": 0.00295}, {"source": 100, "target": 121, "weight": 0.13602}, {"source": 100, "target": 180, "weight": 0.003236}, {"source": 100, "target": 122, "weight": 0.005405}, {"source": 100, "target": 129, "weight": 0.013072}, {"source": 100, "target": 191, "weight": 0.008499}, {"source": 100, "target": 131, "weight": 0.004}, {"source": 100, "target": 136, "weight": 0.003236}, {"source": 100, "target": 137, "weight": 0.015873}, {"source": 100, "target": 117, "weight": 0.020785}, {"source": 100, "target": 141, "weight": 0.002959}, {"source": 100, "target": 143, "weight": 0.015773}, {"source": 100, "target": 199, "weight": 0.006944}, {"source": 100, "target": 209, "weight": 0.002899}, {"source": 100, "target": 210, "weight": 0.003205}, {"source": 100, "target": 146, "weight": 0.005764}, {"source": 100, "target": 139, "weight": 0.008264}, {"source": 100, "target": 154, "weight": 0.003155}, {"source": 100, "target": 221, "weight": 0.007833}, {"source": 100, "target": 104, "weight": 0.01}, {"source": 100, "target": 161, "weight": 0.020619}, {"source": 100, "target": 227, "weight": 0.025822}, {"source": 100, "target": 192, "weight": 0.012579}, {"source": 100, "target": 166, "weight": 0.03}, {"source": 101, "target": 115, "weight": 0.001733}, {"source": 101, "target": 146, "weight": 0.012658}, {"source": 101, "target": 122, "weight": 0.009804}, {"source": 101, "target": 229, "weight": 0.003922}, {"source": 101, "target": 124, "weight": 0.007143}, {"source": 102, "target": 130, "weight": 0.875}, {"source": 102, "target": 175, "weight": 0.015625}, {"source": 102, "target": 115, "weight": 0.001736}, {"source": 103, "target": 155, "weight": 0.045455}, {"source": 103, "target": 123, "weight": 0.014925}, {"source": 104, "target": 142, "weight": 0.414634}, {"source": 104, "target": 115, "weight": 0.006944}, {"source": 104, "target": 192, "weight": 0.037736}, {"source": 104, "target": 212, "weight": 0.009804}, {"source": 104, "target": 213, "weight": 0.029412}, {"source": 104, "target": 180, "weight": 0.02381}, {"source": 104, "target": 229, "weight": 0.015748}, {"source": 105, "target": 115, "weight": 0.001754}, {"source": 105, "target": 196, "weight": 0.035714}, {"source": 105, "target": 182, "weight": 0.033333}, {"source": 105, "target": 229, "weight": 0.004032}, {"source": 106, "target": 187, "weight": 0.014706}, {"source": 106, "target": 141, "weight": 0.013158}, {"source": 106, "target": 177, "weight": 0.016667}, {"source": 106, "target": 209, "weight": 0.012048}, {"source": 106, "target": 195, "weight": 0.017241}, {"source": 106, "target": 163, "weight": 0.006135}, {"source": 106, "target": 119, "weight": 0.006452}, {"source": 106, "target": 174, "weight": 0.004348}, {"source": 106, "target": 182, "weight": 0.013333}, {"source": 106, "target": 229, "weight": 0.003817}, {"source": 107, "target": 212, "weight": 0.008696}, {"source": 107, "target": 154, "weight": 0.015873}, {"source": 108, "target": 172, "weight": 0.013699}, {"source": 108, "target": 155, "weight": 0.04}, {"source": 108, "target": 131, "weight": 0.003745}, {"source": 108, "target": 180, "weight": 0.013333}, {"source": 108, "target": 153, "weight": 0.009615}, {"source": 109, "target": 229, "weight": 0.004032}, {"source": 109, "target": 128, "weight": 0.055556}, {"source": 109, "target": 222, "weight": 0.02381}, {"source": 110, "target": 157, "weight": 0.033333}, {"source": 111, "target": 127, "weight": 0.039474}, {"source": 111, "target": 177, "weight": 0.0625}, {"source": 111, "target": 118, "weight": 0.005952}, {"source": 111, "target": 174, "weight": 0.003831}, {"source": 111, "target": 167, "weight": 0.098765}, {"source": 112, "target": 157, "weight": 0.018519}, {"source": 112, "target": 115, "weight": 0.003077}, {"source": 112, "target": 191, "weight": 0.00625}, {"source": 112, "target": 131, "weight": 0.023333}, {"source": 112, "target": 193, "weight": 0.015385}, {"source": 112, "target": 163, "weight": 0.05}, {"source": 112, "target": 136, "weight": 0.008772}, {"source": 112, "target": 153, "weight": 0.006993}, {"source": 113, "target": 121, "weight": 0.005747}, {"source": 114, "target": 227, "weight": 0.006329}, {"source": 114, "target": 189, "weight": 0.02381}, {"source": 115, "target": 183, "weight": 0.003448}, {"source": 115, "target": 130, "weight": 0.001736}, {"source": 115, "target": 180, "weight": 0.006861}, {"source": 115, "target": 117, "weight": 0.011252}, {"source": 115, "target": 118, "weight": 0.001479}, {"source": 115, "target": 119, "weight": 0.007246}, {"source": 115, "target": 121, "weight": 0.064327}, {"source": 115, "target": 174, "weight": 0.026667}, {"source": 115, "target": 122, "weight": 0.01248}, {"source": 115, "target": 123, "weight": 0.001704}, {"source": 115, "target": 124, "weight": 0.016272}, {"source": 115, "target": 131, "weight": 0.003866}, {"source": 115, "target": 134, "weight": 0.001701}, {"source": 115, "target": 135, "weight": 0.001681}, {"source": 115, "target": 147, "weight": 0.001721}, {"source": 115, "target": 137, "weight": 0.020062}, {"source": 115, "target": 141, "weight": 0.003257}, {"source": 115, "target": 142, "weight": 0.006689}, {"source": 115, "target": 143, "weight": 0.001672}, {"source": 115, "target": 146, "weight": 0.012945}, {"source": 115, "target": 148, "weight": 0.005}, {"source": 115, "target": 151, "weight": 0.003442}, {"source": 115, "target": 152, "weight": 0.006319}, {"source": 115, "target": 220, "weight": 0.001692}, {"source": 115, "target": 159, "weight": 0.003367}, {"source": 115, "target": 161, "weight": 0.018154}, {"source": 115, "target": 166, "weight": 0.005146}, {"source": 115, "target": 173, "weight": 0.003472}, {"source": 115, "target": 175, "weight": 0.009901}, {"source": 115, "target": 177, "weight": 0.003035}, {"source": 115, "target": 222, "weight": 0.001681}, {"source": 115, "target": 158, "weight": 0.003401}, {"source": 115, "target": 182, "weight": 0.003263}, {"source": 115, "target": 186, "weight": 0.005155}, {"source": 115, "target": 187, "weight": 0.015025}, {"source": 115, "target": 188, "weight": 0.00678}, {"source": 115, "target": 191, "weight": 0.007962}, {"source": 115, "target": 192, "weight": 0.001672}, {"source": 115, "target": 195, "weight": 0.006734}, {"source": 115, "target": 196, "weight": 0.001721}, {"source": 115, "target": 198, "weight": 0.001608}, {"source": 115, "target": 202, "weight": 0.008264}, {"source": 115, "target": 203, "weight": 0.006814}, {"source": 115, "target": 204, "weight": 0.003478}, {"source": 115, "target": 205, "weight": 0.010101}, {"source": 115, "target": 206, "weight": 0.005017}, {"source": 115, "target": 207, "weight": 0.001706}, {"source": 115, "target": 209, "weight": 0.029752}, {"source": 115, "target": 210, "weight": 0.003401}, {"source": 115, "target": 212, "weight": 0.004658}, {"source": 115, "target": 213, "weight": 0.005208}, {"source": 115, "target": 214, "weight": 0.001701}, {"source": 115, "target": 216, "weight": 0.045763}, {"source": 115, "target": 218, "weight": 0.004894}, {"source": 115, "target": 221, "weight": 0.010671}, {"source": 115, "target": 225, "weight": 0.004886}, {"source": 115, "target": 227, "weight": 0.037791}, {"source": 115, "target": 228, "weight": 0.001748}, {"source": 115, "target": 229, "weight": 0.070761}, {"source": 116, "target": 155, "weight": 0.114754}, {"source": 116, "target": 144, "weight": 0.018868}, {"source": 116, "target": 131, "weight": 0.032}, {"source": 117, "target": 184, "weight": 0.011834}, {"source": 117, "target": 174, "weight": 0.013889}, {"source": 117, "target": 175, "weight": 0.004854}, {"source": 117, "target": 177, "weight": 0.003922}, {"source": 117, "target": 119, "weight": 0.017544}, {"source": 117, "target": 121, "weight": 0.015723}, {"source": 117, "target": 123, "weight": 0.005495}, {"source": 117, "target": 124, "weight": 0.007143}, {"source": 117, "target": 186, "weight": 0.005587}, {"source": 117, "target": 188, "weight": 0.005319}, {"source": 117, "target": 118, "weight": 0.00369}, {"source": 117, "target": 129, "weight": 0.005525}, {"source": 117, "target": 191, "weight": 0.004405}, {"source": 117, "target": 192, "weight": 0.005181}, {"source": 117, "target": 195, "weight": 0.122093}, {"source": 117, "target": 185, "weight": 0.005025}, {"source": 117, "target": 138, "weight": 0.010582}, {"source": 117, "target": 202, "weight": 0.006154}, {"source": 117, "target": 219, "weight": 0.115607}, {"source": 117, "target": 205, "weight": 0.015625}, {"source": 117, "target": 141, "weight": 0.004762}, {"source": 117, "target": 207, "weight": 0.005525}, {"source": 117, "target": 165, "weight": 0.005263}, {"source": 117, "target": 151, "weight": 0.017143}, {"source": 117, "target": 218, "weight": 0.024272}, {"source": 117, "target": 220, "weight": 0.005376}, {"source": 117, "target": 221, "weight": 0.003891}, {"source": 117, "target": 161, "weight": 0.02682}, {"source": 117, "target": 159, "weight": 0.010582}, {"source": 117, "target": 227, "weight": 0.036913}, {"source": 117, "target": 131, "weight": 0.002681}, {"source": 117, "target": 166, "weight": 0.011173}, {"source": 117, "target": 229, "weight": 0.010178}, {"source": 118, "target": 155, "weight": 0.007092}, {"source": 118, "target": 131, "weight": 0.018405}, {"source": 118, "target": 132, "weight": 0.043165}, {"source": 118, "target": 126, "weight": 0.007407}, {"source": 118, "target": 163, "weight": 0.007874}, {"source": 118, "target": 121, "weight": 0.003571}, {"source": 118, "target": 149, "weight": 0.006757}, {"source": 119, "target": 172, "weight": 0.006452}, {"source": 119, "target": 176, "weight": 0.013605}, {"source": 119, "target": 121, "weight": 0.003356}, {"source": 119, "target": 122, "weight": 0.004566}, {"source": 119, "target": 129, "weight": 0.012821}, {"source": 119, "target": 191, "weight": 0.051546}, {"source": 119, "target": 192, "weight": 0.005917}, {"source": 119, "target": 134, "weight": 0.006289}, {"source": 119, "target": 209, "weight": 0.005181}, {"source": 119, "target": 216, "weight": 0.005348}, {"source": 119, "target": 153, "weight": 0.005376}, {"source": 119, "target": 154, "weight": 0.006061}, {"source": 119, "target": 221, "weight": 0.004292}, {"source": 119, "target": 157, "weight": 0.006579}, {"source": 119, "target": 161, "weight": 0.016667}, {"source": 119, "target": 163, "weight": 0.007353}, {"source": 119, "target": 227, "weight": 0.021505}, {"source": 120, "target": 139, "weight": 0.011111}, {"source": 120, "target": 197, "weight": 0.029412}, {"source": 121, "target": 202, "weight": 0.002985}, {"source": 121, "target": 174, "weight": 0.010811}, {"source": 121, "target": 175, "weight": 0.004651}, {"source": 121, "target": 216, "weight": 0.013761}, {"source": 121, "target": 222, "weight": 0.005025}, {"source": 121, "target": 158, "weight": 0.010417}, {"source": 121, "target": 180, "weight": 0.005263}, {"source": 121, "target": 141, "weight": 0.004566}, {"source": 121, "target": 124, "weight": 0.028269}, {"source": 121, "target": 143, "weight": 0.00995}, {"source": 121, "target": 129, "weight": 0.005263}, {"source": 121, "target": 191, "weight": 0.004237}, {"source": 121, "target": 148, "weight": 0.009756}, {"source": 121, "target": 196, "weight": 0.005405}, {"source": 121, "target": 200, "weight": 0.004878}, {"source": 121, "target": 137, "weight": 0.007605}, {"source": 121, "target": 203, "weight": 0.015625}, {"source": 121, "target": 206, "weight": 0.009852}, {"source": 121, "target": 207, "weight": 0.010582}, {"source": 121, "target": 210, "weight": 0.005181}, {"source": 121, "target": 183, "weight": 0.005405}, {"source": 121, "target": 213, "weight": 0.005495}, {"source": 121, "target": 214, "weight": 0.005208}, {"source": 121, "target": 219, "weight": 0.004975}, {"source": 121, "target": 221, "weight": 0.007547}, {"source": 121, "target": 160, "weight": 0.029126}, {"source": 121, "target": 161, "weight": 0.003623}, {"source": 121, "target": 166, "weight": 0.016043}, {"source": 121, "target": 227, "weight": 0.006329}, {"source": 121, "target": 229, "weight": 0.00995}, {"source": 121, "target": 217, "weight": 0.005464}, {"source": 122, "target": 174, "weight": 0.003401}, {"source": 122, "target": 182, "weight": 0.147541}, {"source": 122, "target": 124, "weight": 0.019231}, {"source": 122, "target": 187, "weight": 0.055556}, {"source": 122, "target": 129, "weight": 0.009009}, {"source": 122, "target": 131, "weight": 0.009967}, {"source": 122, "target": 141, "weight": 0.007143}, {"source": 122, "target": 209, "weight": 0.006803}, {"source": 122, "target": 146, "weight": 0.623656}, {"source": 122, "target": 218, "weight": 0.007143}, {"source": 122, "target": 225, "weight": 0.007092}, {"source": 122, "target": 161, "weight": 0.005076}, {"source": 122, "target": 229, "weight": 0.009259}, {"source": 123, "target": 151, "weight": 0.021739}, {"source": 123, "target": 224, "weight": 0.011494}, {"source": 123, "target": 129, "weight": 0.02}, {"source": 123, "target": 218, "weight": 0.012658}, {"source": 124, "target": 175, "weight": 0.005747}, {"source": 124, "target": 180, "weight": 0.006711}, {"source": 124, "target": 129, "weight": 0.027397}, {"source": 124, "target": 191, "weight": 0.005128}, {"source": 124, "target": 141, "weight": 0.005618}, {"source": 124, "target": 209, "weight": 0.005405}, {"source": 124, "target": 146, "weight": 0.016129}, {"source": 124, "target": 153, "weight": 0.005618}, {"source": 124, "target": 221, "weight": 0.004444}, {"source": 124, "target": 227, "weight": 0.037453}, {"source": 124, "target": 166, "weight": 0.006757}, {"source": 125, "target": 155, "weight": 0.021053}, {"source": 125, "target": 131, "weight": 0.003497}, {"source": 125, "target": 193, "weight": 0.018182}, {"source": 125, "target": 161, "weight": 0.005556}, {"source": 125, "target": 134, "weight": 0.010417}, {"source": 125, "target": 136, "weight": 0.010638}, {"source": 125, "target": 186, "weight": 0.01087}, {"source": 125, "target": 153, "weight": 0.00813}, {"source": 126, "target": 178, "weight": 0.01}, {"source": 126, "target": 193, "weight": 0.016129}, {"source": 126, "target": 163, "weight": 0.006211}, {"source": 126, "target": 174, "weight": 0.004386}, {"source": 127, "target": 179, "weight": 0.013699}, {"source": 127, "target": 192, "weight": 0.016393}, {"source": 128, "target": 229, "weight": 0.004016}, {"source": 128, "target": 137, "weight": 0.018692}, {"source": 128, "target": 225, "weight": 0.015625}, {"source": 129, "target": 174, "weight": 0.00431}, {"source": 129, "target": 205, "weight": 0.016129}, {"source": 129, "target": 146, "weight": 0.011364}, {"source": 129, "target": 151, "weight": 0.095238}, {"source": 129, "target": 152, "weight": 0.010101}, {"source": 129, "target": 218, "weight": 0.025974}, {"source": 129, "target": 159, "weight": 0.035088}, {"source": 129, "target": 227, "weight": 0.005682}, {"source": 130, "target": 175, "weight": 0.015625}, {"source": 130, "target": 174, "weight": 0.004505}, {"source": 130, "target": 135, "weight": 0.4}, {"source": 130, "target": 169, "weight": 0.042553}, {"source": 131, "target": 172, "weight": 0.004184}, {"source": 131, "target": 176, "weight": 0.00431}, {"source": 131, "target": 186, "weight": 0.004184}, {"source": 131, "target": 191, "weight": 0.003484}, {"source": 131, "target": 132, "weight": 0.004065}, {"source": 131, "target": 195, "weight": 0.003968}, {"source": 131, "target": 134, "weight": 0.004115}, {"source": 131, "target": 197, "weight": 0.004149}, {"source": 131, "target": 187, "weight": 0.007663}, {"source": 131, "target": 153, "weight": 0.014981}, {"source": 131, "target": 201, "weight": 0.004}, {"source": 131, "target": 203, "weight": 0.012346}, {"source": 131, "target": 205, "weight": 0.003937}, {"source": 131, "target": 209, "weight": 0.010909}, {"source": 131, "target": 215, "weight": 0.004405}, {"source": 131, "target": 149, "weight": 0.004}, {"source": 131, "target": 146, "weight": 0.010791}, {"source": 131, "target": 198, "weight": 0.00361}, {"source": 131, "target": 218, "weight": 0.003704}, {"source": 131, "target": 220, "weight": 0.004065}, {"source": 131, "target": 155, "weight": 0.038298}, {"source": 131, "target": 156, "weight": 0.004348}, {"source": 131, "target": 224, "weight": 0.003597}, {"source": 131, "target": 163, "weight": 0.017045}, {"source": 131, "target": 229, "weight": 0.004396}, {"source": 132, "target": 163, "weight": 0.023952}, {"source": 132, "target": 220, "weight": 0.016949}, {"source": 133, "target": 221, "weight": 0.008197}, {"source": 133, "target": 141, "weight": 0.027027}, {"source": 133, "target": 180, "weight": 0.021739}, {"source": 134, "target": 182, "weight": 0.012658}, {"source": 134, "target": 191, "weight": 0.010309}, {"source": 134, "target": 192, "weight": 0.015873}, {"source": 134, "target": 195, "weight": 0.016129}, {"source": 134, "target": 185, "weight": 0.014493}, {"source": 134, "target": 138, "weight": 0.016667}, {"source": 134, "target": 205, "weight": 0.015625}, {"source": 134, "target": 146, "weight": 0.022472}, {"source": 134, "target": 163, "weight": 0.005988}, {"source": 134, "target": 227, "weight": 0.005618}, {"source": 134, "target": 150, "weight": 0.424242}, {"source": 135, "target": 175, "weight": 0.012048}, {"source": 136, "target": 208, "weight": 0.136364}, {"source": 136, "target": 185, "weight": 0.014925}, {"source": 136, "target": 229, "weight": 0.003788}, {"source": 136, "target": 201, "weight": 0.017241}, {"source": 136, "target": 137, "weight": 0.00813}, {"source": 136, "target": 153, "weight": 0.012821}, {"source": 136, "target": 220, "weight": 0.018519}, {"source": 137, "target": 174, "weight": 0.003268}, {"source": 137, "target": 175, "weight": 0.006757}, {"source": 137, "target": 216, "weight": 0.006536}, {"source": 137, "target": 158, "weight": 0.007937}, {"source": 137, "target": 182, "weight": 0.006623}, {"source": 137, "target": 194, "weight": 0.009174}, {"source": 137, "target": 205, "weight": 0.007353}, {"source": 137, "target": 141, "weight": 0.006579}, {"source": 137, "target": 207, "weight": 0.00813}, {"source": 137, "target": 212, "weight": 0.010989}, {"source": 137, "target": 152, "weight": 0.00578}, {"source": 137, "target": 218, "weight": 0.006579}, {"source": 137, "target": 154, "weight": 0.007634}, {"source": 137, "target": 221, "weight": 0.005025}, {"source": 137, "target": 225, "weight": 0.006536}, {"source": 137, "target": 227, "weight": 0.008032}, {"source": 137, "target": 166, "weight": 0.12844}, {"source": 137, "target": 229, "weight": 0.066038}, {"source": 138, "target": 171, "weight": 0.2}, {"source": 138, "target": 227, "weight": 0.005405}, {"source": 139, "target": 174, "weight": 0.003472}, {"source": 139, "target": 188, "weight": 0.008929}, {"source": 139, "target": 189, "weight": 0.008621}, {"source": 139, "target": 198, "weight": 0.007092}, {"source": 139, "target": 200, "weight": 0.315217}, {"source": 139, "target": 154, "weight": 0.065421}, {"source": 139, "target": 202, "weight": 0.004}, {"source": 139, "target": 141, "weight": 0.007463}, {"source": 139, "target": 212, "weight": 0.220588}, {"source": 139, "target": 216, "weight": 0.007407}, {"source": 139, "target": 218, "weight": 0.007463}, {"source": 139, "target": 221, "weight": 0.034091}, {"source": 139, "target": 227, "weight": 0.00431}, {"source": 139, "target": 165, "weight": 0.026786}, {"source": 139, "target": 229, "weight": 0.015823}, {"source": 141, "target": 225, "weight": 0.018692}, {"source": 141, "target": 175, "weight": 0.009709}, {"source": 141, "target": 174, "weight": 0.003831}, {"source": 141, "target": 182, "weight": 0.019048}, {"source": 141, "target": 180, "weight": 0.012821}, {"source": 141, "target": 187, "weight": 0.010101}, {"source": 141, "target": 200, "weight": 0.010753}, {"source": 141, "target": 146, "weight": 0.008547}, {"source": 141, "target": 183, "weight": 0.013699}, {"source": 141, "target": 154, "weight": 0.011628}, {"source": 141, "target": 221, "weight": 0.006494}, {"source": 141, "target": 212, "weight": 0.014599}, {"source": 141, "target": 160, "weight": 0.010101}, {"source": 141, "target": 161, "weight": 0.006098}, {"source": 141, "target": 227, "weight": 0.004878}, {"source": 141, "target": 229, "weight": 0.017301}, {"source": 142, "target": 175, "weight": 0.011236}, {"source": 142, "target": 192, "weight": 0.026667}, {"source": 142, "target": 213, "weight": 0.017857}, {"source": 142, "target": 180, "weight": 0.015625}, {"source": 143, "target": 187, "weight": 0.012195}, {"source": 143, "target": 206, "weight": 0.357143}, {"source": 143, "target": 160, "weight": 0.0375}, {"source": 143, "target": 213, "weight": 0.018868}, {"source": 143, "target": 214, "weight": 0.454545}, {"source": 143, "target": 148, "weight": 0.012987}, {"source": 144, "target": 163, "weight": 0.006536}, {"source": 144, "target": 157, "weight": 0.064516}, {"source": 146, "target": 150, "weight": 0.012048}, {"source": 146, "target": 182, "weight": 0.035398}, {"source": 146, "target": 187, "weight": 0.067961}, {"source": 146, "target": 209, "weight": 0.008065}, {"source": 146, "target": 225, "weight": 0.008475}, {"source": 146, "target": 229, "weight": 0.009967}, {"source": 147, "target": 194, "weight": 0.033333}, {"source": 147, "target": 210, "weight": 0.021277}, {"source": 148, "target": 173, "weight": 0.017857}, {"source": 148, "target": 166, "weight": 0.015625}, {"source": 149, "target": 163, "weight": 0.005747}, {"source": 149, "target": 181, "weight": 0.026667}, {"source": 149, "target": 153, "weight": 0.047619}, {"source": 150, "target": 191, "weight": 0.011111}, {"source": 150, "target": 192, "weight": 0.017857}, {"source": 150, "target": 163, "weight": 0.00625}, {"source": 150, "target": 227, "weight": 0.005848}, {"source": 150, "target": 185, "weight": 0.016129}, {"source": 151, "target": 191, "weight": 0.010989}, {"source": 151, "target": 227, "weight": 0.005814}, {"source": 152, "target": 194, "weight": 0.011765}, {"source": 152, "target": 166, "weight": 0.010204}, {"source": 153, "target": 178, "weight": 0.007519}, {"source": 153, "target": 181, "weight": 0.010417}, {"source": 153, "target": 163, "weight": 0.010363}, {"source": 154, "target": 212, "weight": 0.191919}, {"source": 154, "target": 200, "weight": 0.089552}, {"source": 154, "target": 207, "weight": 0.017544}, {"source": 154, "target": 227, "weight": 0.016484}, {"source": 154, "target": 192, "weight": 0.014493}, {"source": 154, "target": 229, "weight": 0.01487}, {"source": 155, "target": 156, "weight": 0.025}, {"source": 155, "target": 163, "weight": 0.005988}, {"source": 157, "target": 221, "weight": 0.008333}, {"source": 157, "target": 163, "weight": 0.025478}, {"source": 158, "target": 221, "weight": 0.007813}, {"source": 159, "target": 179, "weight": 0.012195}, {"source": 159, "target": 191, "weight": 0.009615}, {"source": 159, "target": 227, "weight": 0.005405}, {"source": 160, "target": 175, "weight": 0.010526}, {"source": 160, "target": 213, "weight": 0.016129}, {"source": 160, "target": 166, "weight": 0.014493}, {"source": 161, "target": 184, "weight": 0.01626}, {"source": 161, "target": 174, "weight": 0.015924}, {"source": 161, "target": 175, "weight": 0.00625}, {"source": 161, "target": 186, "weight": 0.007519}, {"source": 161, "target": 188, "weight": 0.007042}, {"source": 161, "target": 194, "weight": 0.008264}, {"source": 161, "target": 195, "weight": 0.020833}, {"source": 161, "target": 198, "weight": 0.005848}, {"source": 161, "target": 201, "weight": 0.006944}, {"source": 161, "target": 202, "weight": 0.003571}, {"source": 161, "target": 187, "weight": 0.00641}, {"source": 161, "target": 204, "weight": 0.008}, {"source": 161, "target": 210, "weight": 0.007246}, {"source": 161, "target": 166, "weight": 0.007463}, {"source": 161, "target": 218, "weight": 0.01227}, {"source": 161, "target": 220, "weight": 0.007143}, {"source": 161, "target": 212, "weight": 0.005128}, {"source": 161, "target": 227, "weight": 0.027344}, {"source": 161, "target": 229, "weight": 0.002857}, {"source": 163, "target": 174, "weight": 0.002874}, {"source": 163, "target": 193, "weight": 0.022346}, {"source": 163, "target": 188, "weight": 0.005814}, {"source": 163, "target": 195, "weight": 0.005682}, {"source": 163, "target": 198, "weight": 0.004975}, {"source": 163, "target": 202, "weight": 0.003226}, {"source": 163, "target": 209, "weight": 0.004975}, {"source": 163, "target": 215, "weight": 0.006623}, {"source": 163, "target": 210, "weight": 0.005952}, {"source": 163, "target": 220, "weight": 0.005882}, {"source": 163, "target": 225, "weight": 0.005128}, {"source": 163, "target": 229, "weight": 0.002632}, {"source": 165, "target": 221, "weight": 0.015038}, {"source": 166, "target": 182, "weight": 0.013158}, {"source": 166, "target": 183, "weight": 0.023256}, {"source": 166, "target": 220, "weight": 0.018868}, {"source": 166, "target": 207, "weight": 0.020833}, {"source": 166, "target": 227, "weight": 0.005714}, {"source": 166, "target": 229, "weight": 0.047619}, {"source": 169, "target": 185, "weight": 0.013158}, {"source": 169, "target": 175, "weight": 0.012048}, {"source": 170, "target": 175, "weight": 0.021978}, {"source": 170, "target": 193, "weight": 0.036585}, {"source": 171, "target": 195, "weight": 0.023256}, {"source": 172, "target": 208, "weight": 0.043478}, {"source": 172, "target": 229, "weight": 0.003817}, {"source": 173, "target": 227, "weight": 0.005988}, {"source": 174, "target": 175, "weight": 0.053061}, {"source": 174, "target": 186, "weight": 0.008734}, {"source": 174, "target": 189, "weight": 0.004115}, {"source": 174, "target": 191, "weight": 0.00722}, {"source": 174, "target": 209, "weight": 0.018939}, {"source": 174, "target": 216, "weight": 0.015444}, {"source": 174, "target": 221, "weight": 0.026578}, {"source": 174, "target": 227, "weight": 0.022727}, {"source": 175, "target": 182, "weight": 0.009804}, {"source": 175, "target": 186, "weight": 0.013889}, {"source": 175, "target": 209, "weight": 0.009091}, {"source": 175, "target": 214, "weight": 0.013158}, {"source": 177, "target": 191, "weight": 0.005917}, {"source": 177, "target": 227, "weight": 0.012097}, {"source": 177, "target": 216, "weight": 0.006536}, {"source": 177, "target": 209, "weight": 0.012658}, {"source": 178, "target": 193, "weight": 0.042735}, {"source": 179, "target": 202, "weight": 0.037915}, {"source": 179, "target": 188, "weight": 0.0125}, {"source": 179, "target": 223, "weight": 0.018182}, {"source": 179, "target": 196, "weight": 0.029851}, {"source": 180, "target": 192, "weight": 0.050847}, {"source": 180, "target": 198, "weight": 0.011765}, {"source": 180, "target": 221, "weight": 0.008}, {"source": 180, "target": 227, "weight": 0.011429}, {"source": 180, "target": 229, "weight": 0.003788}, {"source": 183, "target": 209, "weight": 0.0125}, {"source": 185, "target": 219, "weight": 0.012821}, {"source": 185, "target": 208, "weight": 0.014925}, {"source": 185, "target": 195, "weight": 0.012821}, {"source": 185, "target": 218, "weight": 0.010417}, {"source": 186, "target": 212, "weight": 0.009346}, {"source": 186, "target": 209, "weight": 0.012048}, {"source": 186, "target": 204, "weight": 0.027027}, {"source": 186, "target": 227, "weight": 0.005747}, {"source": 187, "target": 191, "weight": 0.008621}, {"source": 187, "target": 209, "weight": 0.019048}, {"source": 187, "target": 227, "weight": 0.005076}, {"source": 188, "target": 193, "weight": 0.013699}, {"source": 188, "target": 210, "weight": 0.016949}, {"source": 191, "target": 195, "weight": 0.019048}, {"source": 191, "target": 205, "weight": 0.297619}, {"source": 191, "target": 221, "weight": 0.005848}, {"source": 191, "target": 227, "weight": 0.115}, {"source": 191, "target": 192, "weight": 0.009346}, {"source": 191, "target": 229, "weight": 0.003226}, {"source": 191, "target": 217, "weight": 0.236111}, {"source": 192, "target": 195, "weight": 0.028169}, {"source": 192, "target": 205, "weight": 0.013514}, {"source": 192, "target": 221, "weight": 0.007299}, {"source": 192, "target": 227, "weight": 0.005319}, {"source": 192, "target": 229, "weight": 0.007273}, {"source": 193, "target": 210, "weight": 0.014493}, {"source": 193, "target": 201, "weight": 0.013333}, {"source": 195, "target": 209, "weight": 0.010417}, {"source": 195, "target": 221, "weight": 0.007353}, {"source": 195, "target": 227, "weight": 0.010753}, {"source": 196, "target": 210, "weight": 0.021277}, {"source": 196, "target": 227, "weight": 0.005848}, {"source": 198, "target": 221, "weight": 0.0125}, {"source": 198, "target": 216, "weight": 0.008696}, {"source": 198, "target": 227, "weight": 0.019139}, {"source": 200, "target": 227, "weight": 0.005236}, {"source": 200, "target": 221, "weight": 0.014388}, {"source": 200, "target": 216, "weight": 0.010638}, {"source": 202, "target": 227, "weight": 0.00625}, {"source": 202, "target": 216, "weight": 0.004464}, {"source": 205, "target": 221, "weight": 0.007246}, {"source": 205, "target": 227, "weight": 0.165644}, {"source": 209, "target": 216, "weight": 0.008696}, {"source": 209, "target": 221, "weight": 0.0125}, {"source": 209, "target": 227, "weight": 0.004717}, {"source": 209, "target": 229, "weight": 0.006689}, {"source": 212, "target": 227, "weight": 0.008511}, {"source": 212, "target": 221, "weight": 0.027624}, {"source": 212, "target": 213, "weight": 0.009901}, {"source": 212, "target": 216, "weight": 0.007194}, {"source": 213, "target": 229, "weight": 0.007843}, {"source": 216, "target": 221, "weight": 0.090909}, {"source": 216, "target": 227, "weight": 0.004854}, {"source": 216, "target": 229, "weight": 0.003401}, {"source": 217, "target": 227, "weight": 0.011905}, {"source": 218, "target": 227, "weight": 0.009804}, {"source": 221, "target": 225, "weight": 0.012987}, {"source": 221, "target": 227, "weight": 0.003968}, {"source": 221, "target": 229, "weight": 0.011869}, {"source": 227, "target": 228, "weight": 0.006173}, {"source": 227, "target": 229, "weight": 0.034301}], "multigraph": false}