{"directed": false, "graph": {}, "nodes": [{"group": 0, "id": "psychopathy", "degree": 1}, {"group": 1, "id": "psychodrama", "degree": 2}, {"group": 2, "id": "psychology", "degree": 0}, {"group": 3, "id": "psychopathic"}, {"group": 1, "id": "psychotherapy", "degree": 1}, {"group": 0, "id": "psychoneurosis"}, {"group": 3, "id": "pseudo"}, {"group": 1, "id": "psalter", "degree": 3}, {"group": 0, "id": "psychosis", "degree": 2}, {"group": 3, "id": "psychological"}, {"group": 3, "id": "psychotic", "degree": 7}, {"group": 1, "id": "psalmbook"}, {"group": 1, "id": "psych"}, {"group": 4, "id": "psychometrics", "degree": 1}, {"group": 3, "id": "psychical"}, {"group": 3, "id": "psycho", "degree": 5}, {"group": 3, "id": "psychopath", "degree": 3}, {"group": 4, "id": "psychics", "degree": 0}, {"group": 3, "id": "psychic"}, {"group": 5, "id": "psychedelic", "degree": 0}, {"group": 3, "id": "psychoneurotic", "degree": 4}], "links": [{"source": 0, "target": 5, "weight": 0.066667}, {"source": 0, "target": 8, "weight": 0.210526}, {"source": 1, "target": 4, "weight": 0.113208}, {"source": 1, "target": 11, "weight": 0.029851}, {"source": 1, "target": 12, "weight": 0.011364}, {"source": 1, "target": 7, "weight": 0.029851}, {"source": 3, "target": 10, "weight": 0.333333}, {"source": 3, "target": 15, "weight": 0.097561}, {"source": 3, "target": 16, "weight": 0.3125}, {"source": 3, "target": 20, "weight": 0.25}, {"source": 5, "target": 8, "weight": 0.071429}, {"source": 6, "target": 15, "weight": 0.012658}, {"source": 7, "target": 11, "weight": 0.904762}, {"source": 7, "target": 12, "weight": 0.016949}, {"source": 9, "target": 10, "weight": 0.103448}, {"source": 9, "target": 15, "weight": 0.046512}, {"source": 9, "target": 16, "weight": 0.05}, {"source": 9, "target": 20, "weight": 0.052632}, {"source": 10, "target": 20, "weight": 0.36}, {"source": 10, "target": 18, "weight": 0.042553}, {"source": 10, "target": 14, "weight": 0.074074}, {"source": 10, "target": 15, "weight": 0.156863}, {"source": 10, "target": 16, "weight": 0.458333}, {"source": 13, "target": 17, "weight": 0.0625}, {"source": 14, "target": 15, "weight": 0.02439}, {"source": 15, "target": 20, "weight": 0.068182}, {"source": 15, "target": 18, "weight": 0.016393}, {"source": 15, "target": 16, "weight": 0.090909}, {"source": 16, "target": 20, "weight": 0.533333}], "multigraph": false}