{"directed": false, "graph": {}, "nodes": [{"group": 5, "id": "punctilious", "degree": 17}, {"group": 7, "id": "purulence"}, {"group": 2, "id": "puffball"}, {"group": 0, "id": "pussyfoot", "degree": 14}, {"group": 2, "id": "puling", "degree": 1}, {"group": 1, "id": "purifier"}, {"group": 4, "id": "publicist"}, {"group": 2, "id": "pulsing"}, {"group": 1, "id": "purgation", "degree": 10}, {"group": 4, "id": "putterer", "degree": 5}, {"group": 5, "id": "purified", "degree": 7}, {"group": 4, "id": "purser"}, {"group": 6, "id": "pungency"}, {"group": 7, "id": "purulent", "degree": 6}, {"group": 4, "id": "puddinghead", "degree": 1}, {"group": 8, "id": "punchy", "degree": 9}, {"group": 6, "id": "punctureproof"}, {"group": 6, "id": "publicity", "degree": 17}, {"group": 9, "id": "puzzled"}, {"group": 5, "id": "punctual"}, {"group": 5, "id": "puffy"}, {"group": 7, "id": "puky", "degree": 4}, {"group": 6, "id": "pullulate", "degree": 14}, {"group": 9, "id": "puzzler", "degree": 5}, {"group": 1, "id": "pulpiness", "degree": 2}, {"group": 5, "id": "purely", "degree": 2}, {"group": 9, "id": "purlieus"}, {"group": 10, "id": "puckered", "degree": 1}, {"group": 0, "id": "pullback"}, {"group": 9, "id": "pursue"}, {"group": 6, "id": "purl", "degree": 14}, {"group": 5, "id": "pulverized", "degree": 4}, {"group": 2, "id": "pummel", "degree": 16}, {"group": 5, "id": "pubescent", "degree": 12}, {"group": 8, "id": "pushy"}, {"group": 4, "id": "puddle"}, {"group": 2, "id": "pulse", "degree": 24}, {"group": 1, "id": "punitive"}, {"group": 9, "id": "pursuance", "degree": 15}, {"group": 8, "id": "pugnacious", "degree": 11}, {"group": 4, "id": "purveyor"}, {"group": 7, "id": "putrid"}, {"group": 11, "id": "puma", "degree": 0}, {"group": 4, "id": "purple"}, {"group": 4, "id": "putter", "degree": 8}, {"group": 6, "id": "publish"}, {"group": 1, "id": "puckering"}, {"group": 6, "id": "pump"}, {"group": 9, "id": "pulpit"}, {"group": 2, "id": "pulsating", "degree": 4}, {"group": 10, "id": "pursed", "degree": 4}, {"group": 4, "id": "public"}, {"group": 3, "id": "pun", "degree": 4}, {"group": 6, "id": "pug"}, {"group": 8, "id": "pushing"}, {"group": 6, "id": "punch", "degree": 45}, {"group": 4, "id": "pub", "degree": 5}, {"group": 9, "id": "pursuit"}, {"group": 5, "id": "pulpy", "degree": 10}, {"group": 6, "id": "put"}, {"group": 3, "id": "pup", "degree": 15}, {"group": 7, "id": "pus"}, {"group": 6, "id": "pudenda"}, {"group": 4, "id": "publisher", "degree": 8}, {"group": 3, "id": "puerile"}, {"group": 5, "id": "purist", "degree": 6}, {"group": 5, "id": "punk"}, {"group": 6, "id": "punt", "degree": 6}, {"group": 6, "id": "pudding"}, {"group": 6, "id": "published"}, {"group": 6, "id": "puff", "degree": 24}, {"group": 5, "id": "punishment"}, {"group": 5, "id": "puny", "degree": 22}, {"group": 3, "id": "pulverizer"}, {"group": 4, "id": "purview"}, {"group": 2, "id": "puce", "degree": 2}, {"group": 6, "id": "purport"}, {"group": 5, "id": "puritan"}, {"group": 9, "id": "puzzle", "degree": 17}, {"group": 3, "id": "puck"}, {"group": 4, "id": "puppet", "degree": 14}, {"group": 5, "id": "punishable", "degree": 4}, {"group": 5, "id": "purblind", "degree": 13}, {"group": 12, "id": "pulmonary", "degree": 2}, {"group": 2, "id": "pulverize"}, {"group": 6, "id": "publication", "degree": 22}, {"group": 4, "id": "pundit", "degree": 13}, {"group": 1, "id": "pudency", "degree": 2}, {"group": 3, "id": "puke"}, {"group": 1, "id": "pudgy"}, {"group": 6, "id": "purloin", "degree": 7}, {"group": 7, "id": "putrefaction", "degree": 5}, {"group": 9, "id": "purlieu", "degree": 13}, {"group": 13, "id": "purposely", "degree": 0}, {"group": 1, "id": "purgatory", "degree": 13}, {"group": 1, "id": "purgatorial"}, {"group": 2, "id": "punish"}, {"group": 6, "id": "punctuate", "degree": 25}, {"group": 4, "id": "pugilist"}, {"group": 7, "id": "putrefied", "degree": 9}, {"group": 14, "id": "publican", "degree": 1}, {"group": 6, "id": "pustule"}, {"group": 0, "id": "pussyfooting", "degree": 9}, {"group": 6, "id": "pull"}, {"group": 6, "id": "pule", "degree": 8}, {"group": 8, "id": "puissant"}, {"group": 8, "id": "pungent"}, {"group": 5, "id": "purposeless", "degree": 5}, {"group": 6, "id": "publishing", "degree": 6}, {"group": 1, "id": "purge"}, {"group": 5, "id": "purposeful", "degree": 5}, {"group": 7, "id": "putrefy"}, {"group": 2, "id": "pulsation", "degree": 16}, {"group": 6, "id": "pulp"}, {"group": 0, "id": "puttering", "degree": 0}, {"group": 1, "id": "purifying", "degree": 11}, {"group": 14, "id": "pusher"}, {"group": 9, "id": "pucker"}, {"group": 1, "id": "purgative"}, {"group": 9, "id": "purse", "degree": 22}, {"group": 1, "id": "pulling"}, {"group": 1, "id": "purity", "degree": 12}, {"group": 1, "id": "punctuality"}, {"group": 1, "id": "purification", "degree": 17}, {"group": 3, "id": "pussycat"}, {"group": 2, "id": "purr"}, {"group": 5, "id": "puritanical"}, {"group": 8, "id": "puzzling", "degree": 2}, {"group": 7, "id": "purchasable"}, {"group": 6, "id": "punctuation", "degree": 4}, {"group": 3, "id": "punster", "degree": 2}, {"group": 5, "id": "pure", "degree": 20}, {"group": 1, "id": "punishing", "degree": 8}, {"group": 3, "id": "puppy", "degree": 20}, {"group": 12, "id": "puffing", "degree": 3}, {"group": 4, "id": "pushover", "degree": 18}, {"group": 4, "id": "pursuer", "degree": 7}, {"group": 5, "id": "puristic"}, {"group": 0, "id": "pullout"}, {"group": 5, "id": "purged"}, {"group": 2, "id": "purring", "degree": 3}, {"group": 6, "id": "purpose"}, {"group": 6, "id": "puncture"}, {"group": 6, "id": "purchase", "degree": 16}, {"group": 8, "id": "pushful", "degree": 3}, {"group": 3, "id": "puss", "degree": 9}, {"group": 5, "id": "pukka"}, {"group": 2, "id": "pulsate"}, {"group": 1, "id": "purify", "degree": 29}, {"group": 3, "id": "pullet"}, {"group": 1, "id": "purging"}, {"group": 4, "id": "pupil", "degree": 8}, {"group": 2, "id": "puree"}, {"group": 6, "id": "push"}, {"group": 6, "id": "publicize"}, {"group": 5, "id": "purehearted", "degree": 4}], "links": [{"source": 0, "target": 82, "weight": 0.010638}, {"source": 0, "target": 126, "weight": 0.08642}, {"source": 0, "target": 131, "weight": 0.006969}, {"source": 0, "target": 49, "weight": 0.010753}, {"source": 0, "target": 137, "weight": 0.240385}, {"source": 0, "target": 29, "weight": 0.008696}, {"source": 0, "target": 65, "weight": 0.012346}, {"source": 0, "target": 33, "weight": 0.03125}, {"source": 0, "target": 148, "weight": 0.007194}, {"source": 0, "target": 119, "weight": 0.008333}, {"source": 0, "target": 31, "weight": 0.0125}, {"source": 0, "target": 71, "weight": 0.012195}, {"source": 0, "target": 77, "weight": 0.03}, {"source": 0, "target": 19, "weight": 0.607595}, {"source": 0, "target": 96, "weight": 0.010309}, {"source": 0, "target": 117, "weight": 0.006135}, {"source": 0, "target": 110, "weight": 0.010309}, {"source": 0, "target": 59, "weight": 0.004695}, {"source": 0, "target": 10, "weight": 0.011905}, {"source": 0, "target": 139, "weight": 0.013514}, {"source": 0, "target": 72, "weight": 0.013072}, {"source": 1, "target": 13, "weight": 0.038462}, {"source": 1, "target": 99, "weight": 0.030303}, {"source": 1, "target": 8, "weight": 0.013158}, {"source": 2, "target": 63, "weight": 0.016129}, {"source": 2, "target": 75, "weight": 0.02}, {"source": 2, "target": 55, "weight": 0.00346}, {"source": 2, "target": 36, "weight": 0.297872}, {"source": 2, "target": 22, "weight": 0.013699}, {"source": 2, "target": 58, "weight": 0.015385}, {"source": 2, "target": 112, "weight": 0.012346}, {"source": 2, "target": 136, "weight": 0.013333}, {"source": 3, "target": 103, "weight": 0.007067}, {"source": 3, "target": 29, "weight": 0.020202}, {"source": 3, "target": 138, "weight": 0.057971}, {"source": 3, "target": 78, "weight": 0.015873}, {"source": 3, "target": 53, "weight": 0.008264}, {"source": 3, "target": 149, "weight": 0.011364}, {"source": 3, "target": 36, "weight": 0.007143}, {"source": 3, "target": 22, "weight": 0.01087}, {"source": 3, "target": 28, "weight": 0.046875}, {"source": 3, "target": 51, "weight": 0.005236}, {"source": 3, "target": 153, "weight": 0.007435}, {"source": 3, "target": 59, "weight": 0.010152}, {"source": 3, "target": 136, "weight": 0.010638}, {"source": 3, "target": 102, "weight": 0.0625}, {"source": 3, "target": 117, "weight": 0.006757}, {"source": 3, "target": 90, "weight": 0.012821}, {"source": 4, "target": 7, "weight": 0.020833}, {"source": 5, "target": 97, "weight": 0.009709}, {"source": 5, "target": 78, "weight": 0.009009}, {"source": 5, "target": 148, "weight": 0.048077}, {"source": 5, "target": 55, "weight": 0.006873}, {"source": 5, "target": 115, "weight": 0.102041}, {"source": 5, "target": 123, "weight": 0.0125}, {"source": 5, "target": 8, "weight": 0.011364}, {"source": 5, "target": 30, "weight": 0.013514}, {"source": 6, "target": 70, "weight": 0.003636}, {"source": 6, "target": 86, "weight": 0.015385}, {"source": 6, "target": 63, "weight": 0.06}, {"source": 7, "target": 85, "weight": 0.006803}, {"source": 7, "target": 55, "weight": 0.003425}, {"source": 7, "target": 36, "weight": 0.041667}, {"source": 7, "target": 49, "weight": 0.188679}, {"source": 7, "target": 112, "weight": 0.049383}, {"source": 8, "target": 115, "weight": 0.040541}, {"source": 8, "target": 17, "weight": 0.008547}, {"source": 8, "target": 85, "weight": 0.005882}, {"source": 8, "target": 91, "weight": 0.015385}, {"source": 8, "target": 118, "weight": 0.036036}, {"source": 8, "target": 148, "weight": 0.007634}, {"source": 8, "target": 150, "weight": 0.485294}, {"source": 8, "target": 109, "weight": 0.135371}, {"source": 8, "target": 120, "weight": 0.012987}, {"source": 8, "target": 95, "weight": 0.013333}, {"source": 8, "target": 94, "weight": 0.089744}, {"source": 8, "target": 123, "weight": 0.061224}, {"source": 8, "target": 71, "weight": 0.027397}, {"source": 8, "target": 61, "weight": 0.010989}, {"source": 9, "target": 44, "weight": 0.051282}, {"source": 9, "target": 133, "weight": 0.011905}, {"source": 9, "target": 14, "weight": 0.043478}, {"source": 9, "target": 55, "weight": 0.003571}, {"source": 9, "target": 86, "weight": 0.030769}, {"source": 10, "target": 105, "weight": 0.010989}, {"source": 10, "target": 19, "weight": 0.012048}, {"source": 10, "target": 33, "weight": 0.018182}, {"source": 10, "target": 148, "weight": 0.021053}, {"source": 10, "target": 51, "weight": 0.006135}, {"source": 10, "target": 109, "weight": 0.008969}, {"source": 10, "target": 131, "weight": 0.046809}, {"source": 10, "target": 139, "weight": 0.142857}, {"source": 11, "target": 63, "weight": 0.016393}, {"source": 11, "target": 80, "weight": 0.007042}, {"source": 11, "target": 151, "weight": 0.021739}, {"source": 12, "target": 97, "weight": 0.010204}, {"source": 12, "target": 123, "weight": 0.013333}, {"source": 12, "target": 52, "weight": 0.018519}, {"source": 12, "target": 55, "weight": 0.017668}, {"source": 13, "target": 41, "weight": 0.011236}, {"source": 13, "target": 142, "weight": 0.005882}, {"source": 13, "target": 96, "weight": 0.025641}, {"source": 13, "target": 99, "weight": 0.055556}, {"source": 13, "target": 39, "weight": 0.02381}, {"source": 13, "target": 101, "weight": 0.012658}, {"source": 13, "target": 61, "weight": 0.02439}, {"source": 14, "target": 59, "weight": 0.005682}, {"source": 14, "target": 44, "weight": 0.021739}, {"source": 14, "target": 135, "weight": 0.033333}, {"source": 14, "target": 86, "weight": 0.013889}, {"source": 15, "target": 41, "weight": 0.008621}, {"source": 15, "target": 64, "weight": 0.021739}, {"source": 15, "target": 127, "weight": 0.021053}, {"source": 15, "target": 18, "weight": 0.010753}, {"source": 15, "target": 34, "weight": 0.029412}, {"source": 15, "target": 54, "weight": 0.033898}, {"source": 15, "target": 106, "weight": 0.072581}, {"source": 15, "target": 142, "weight": 0.005076}, {"source": 15, "target": 105, "weight": 0.11828}, {"source": 15, "target": 85, "weight": 0.006803}, {"source": 16, "target": 17, "weight": 0.012821}, {"source": 16, "target": 85, "weight": 0.007634}, {"source": 17, "target": 76, "weight": 0.008264}, {"source": 17, "target": 80, "weight": 0.005714}, {"source": 17, "target": 121, "weight": 0.007246}, {"source": 17, "target": 122, "weight": 0.010417}, {"source": 17, "target": 85, "weight": 0.229167}, {"source": 17, "target": 45, "weight": 0.018868}, {"source": 17, "target": 47, "weight": 0.006494}, {"source": 17, "target": 134, "weight": 0.027778}, {"source": 17, "target": 59, "weight": 0.004739}, {"source": 17, "target": 108, "weight": 0.011111}, {"source": 17, "target": 103, "weight": 0.006757}, {"source": 17, "target": 97, "weight": 0.007576}, {"source": 17, "target": 104, "weight": 0.010309}, {"source": 17, "target": 150, "weight": 0.009434}, {"source": 17, "target": 109, "weight": 0.007576}, {"source": 17, "target": 68, "weight": 0.007576}, {"source": 17, "target": 153, "weight": 0.010676}, {"source": 17, "target": 70, "weight": 0.06}, {"source": 17, "target": 154, "weight": 0.04}, {"source": 17, "target": 72, "weight": 0.006579}, {"source": 18, "target": 32, "weight": 0.009259}, {"source": 18, "target": 112, "weight": 0.008929}, {"source": 18, "target": 78, "weight": 0.014493}, {"source": 18, "target": 36, "weight": 0.006579}, {"source": 18, "target": 134, "weight": 0.013889}, {"source": 19, "target": 31, "weight": 0.012658}, {"source": 19, "target": 82, "weight": 0.010753}, {"source": 19, "target": 131, "weight": 0.006993}, {"source": 19, "target": 110, "weight": 0.021053}, {"source": 19, "target": 33, "weight": 0.031579}, {"source": 19, "target": 148, "weight": 0.007246}, {"source": 19, "target": 119, "weight": 0.008403}, {"source": 19, "target": 49, "weight": 0.01087}, {"source": 19, "target": 72, "weight": 0.013158}, {"source": 20, "target": 132, "weight": 0.010309}, {"source": 20, "target": 131, "weight": 0.003472}, {"source": 20, "target": 82, "weight": 0.010638}, {"source": 20, "target": 58, "weight": 0.010101}, {"source": 21, "target": 41, "weight": 0.362637}, {"source": 21, "target": 66, "weight": 0.068376}, {"source": 21, "target": 99, "weight": 0.06}, {"source": 21, "target": 31, "weight": 0.017857}, {"source": 22, "target": 103, "weight": 0.003584}, {"source": 22, "target": 60, "weight": 0.01}, {"source": 22, "target": 36, "weight": 0.007407}, {"source": 22, "target": 117, "weight": 0.006993}, {"source": 22, "target": 45, "weight": 0.011236}, {"source": 22, "target": 47, "weight": 0.022388}, {"source": 22, "target": 67, "weight": 0.014706}, {"source": 22, "target": 68, "weight": 0.008772}, {"source": 22, "target": 121, "weight": 0.008333}, {"source": 22, "target": 142, "weight": 0.004808}, {"source": 22, "target": 70, "weight": 0.020408}, {"source": 22, "target": 133, "weight": 0.009346}, {"source": 22, "target": 102, "weight": 0.012658}, {"source": 23, "target": 117, "weight": 0.018018}, {"source": 23, "target": 47, "weight": 0.009524}, {"source": 23, "target": 78, "weight": 0.15}, {"source": 23, "target": 119, "weight": 0.014493}, {"source": 23, "target": 57, "weight": 0.012821}, {"source": 24, "target": 87, "weight": 0.0625}, {"source": 24, "target": 122, "weight": 0.025}, {"source": 25, "target": 155, "weight": 0.012346}, {"source": 25, "target": 148, "weight": 0.007937}, {"source": 25, "target": 26, "weight": 0.009804}, {"source": 25, "target": 109, "weight": 0.003937}, {"source": 25, "target": 131, "weight": 0.010989}, {"source": 25, "target": 58, "weight": 0.011628}, {"source": 26, "target": 143, "weight": 0.007519}, {"source": 26, "target": 32, "weight": 0.010101}, {"source": 26, "target": 55, "weight": 0.003215}, {"source": 26, "target": 36, "weight": 0.014085}, {"source": 26, "target": 92, "weight": 0.052632}, {"source": 26, "target": 31, "weight": 0.014706}, {"source": 27, "target": 50, "weight": 0.92}, {"source": 27, "target": 105, "weight": 0.010638}, {"source": 27, "target": 82, "weight": 0.037736}, {"source": 27, "target": 72, "weight": 0.017699}, {"source": 28, "target": 102, "weight": 0.018868}, {"source": 28, "target": 55, "weight": 0.00361}, {"source": 28, "target": 32, "weight": 0.015385}, {"source": 29, "target": 97, "weight": 0.008197}, {"source": 29, "target": 94, "weight": 0.0125}, {"source": 29, "target": 143, "weight": 0.007519}, {"source": 29, "target": 78, "weight": 0.023438}, {"source": 29, "target": 148, "weight": 0.007874}, {"source": 29, "target": 119, "weight": 0.009259}, {"source": 29, "target": 55, "weight": 0.003215}, {"source": 29, "target": 38, "weight": 0.036145}, {"source": 29, "target": 82, "weight": 0.012195}, {"source": 29, "target": 133, "weight": 0.017544}, {"source": 29, "target": 60, "weight": 0.009259}, {"source": 29, "target": 72, "weight": 0.007042}, {"source": 29, "target": 136, "weight": 0.031579}, {"source": 30, "target": 103, "weight": 0.00361}, {"source": 30, "target": 97, "weight": 0.008929}, {"source": 30, "target": 131, "weight": 0.003759}, {"source": 30, "target": 35, "weight": 0.016129}, {"source": 30, "target": 110, "weight": 0.013333}, {"source": 30, "target": 118, "weight": 0.01}, {"source": 30, "target": 119, "weight": 0.010204}, {"source": 30, "target": 55, "weight": 0.003322}, {"source": 30, "target": 51, "weight": 0.005435}, {"source": 30, "target": 109, "weight": 0.004082}, {"source": 30, "target": 57, "weight": 0.009346}, {"source": 30, "target": 142, "weight": 0.009756}, {"source": 30, "target": 59, "weight": 0.005236}, {"source": 30, "target": 117, "weight": 0.007092}, {"source": 31, "target": 41, "weight": 0.01}, {"source": 31, "target": 33, "weight": 0.019608}, {"source": 31, "target": 92, "weight": 0.015625}, {"source": 31, "target": 71, "weight": 0.028571}, {"source": 32, "target": 78, "weight": 0.007937}, {"source": 32, "target": 36, "weight": 0.014493}, {"source": 32, "target": 80, "weight": 0.006211}, {"source": 32, "target": 109, "weight": 0.003984}, {"source": 32, "target": 92, "weight": 0.010526}, {"source": 32, "target": 94, "weight": 0.013158}, {"source": 32, "target": 96, "weight": 0.051282}, {"source": 32, "target": 55, "weight": 0.051195}, {"source": 32, "target": 98, "weight": 0.012048}, {"source": 32, "target": 142, "weight": 0.014286}, {"source": 32, "target": 59, "weight": 0.010204}, {"source": 32, "target": 97, "weight": 0.017094}, {"source": 32, "target": 147, "weight": 0.052632}, {"source": 32, "target": 117, "weight": 0.006803}, {"source": 32, "target": 68, "weight": 0.017094}, {"source": 32, "target": 152, "weight": 0.021978}, {"source": 32, "target": 153, "weight": 0.007463}, {"source": 32, "target": 112, "weight": 0.030928}, {"source": 32, "target": 113, "weight": 0.018349}, {"source": 32, "target": 84, "weight": 0.270833}, {"source": 33, "target": 41, "weight": 0.008475}, {"source": 33, "target": 131, "weight": 0.007752}, {"source": 33, "target": 66, "weight": 0.008403}, {"source": 33, "target": 71, "weight": 0.018868}, {"source": 33, "target": 68, "weight": 0.009524}, {"source": 33, "target": 70, "weight": 0.003448}, {"source": 33, "target": 139, "weight": 0.022222}, {"source": 33, "target": 72, "weight": 0.032787}, {"source": 34, "target": 39, "weight": 0.027778}, {"source": 34, "target": 144, "weight": 0.121951}, {"source": 35, "target": 91, "weight": 0.033333}, {"source": 35, "target": 44, "weight": 0.108108}, {"source": 35, "target": 119, "weight": 0.012987}, {"source": 36, "target": 75, "weight": 0.008929}, {"source": 36, "target": 66, "weight": 0.005682}, {"source": 36, "target": 78, "weight": 0.005882}, {"source": 36, "target": 38, "weight": 0.008}, {"source": 36, "target": 84, "weight": 0.012195}, {"source": 36, "target": 46, "weight": 0.00885}, {"source": 36, "target": 92, "weight": 0.007194}, {"source": 36, "target": 49, "weight": 0.033898}, {"source": 36, "target": 51, "weight": 0.004274}, {"source": 36, "target": 136, "weight": 0.007299}, {"source": 36, "target": 131, "weight": 0.003165}, {"source": 36, "target": 55, "weight": 0.011494}, {"source": 36, "target": 153, "weight": 0.00641}, {"source": 36, "target": 57, "weight": 0.006369}, {"source": 36, "target": 142, "weight": 0.007843}, {"source": 36, "target": 58, "weight": 0.007874}, {"source": 36, "target": 59, "weight": 0.008333}, {"source": 36, "target": 61, "weight": 0.007874}, {"source": 36, "target": 103, "weight": 0.006135}, {"source": 36, "target": 97, "weight": 0.006173}, {"source": 36, "target": 147, "weight": 0.24}, {"source": 36, "target": 63, "weight": 0.008065}, {"source": 36, "target": 117, "weight": 0.010526}, {"source": 36, "target": 109, "weight": 0.00339}, {"source": 36, "target": 111, "weight": 0.018519}, {"source": 36, "target": 70, "weight": 0.00578}, {"source": 36, "target": 112, "weight": 0.16129}, {"source": 37, "target": 132, "weight": 0.090909}, {"source": 37, "target": 115, "weight": 0.09375}, {"source": 38, "target": 103, "weight": 0.003717}, {"source": 38, "target": 76, "weight": 0.010753}, {"source": 38, "target": 74, "weight": 0.012658}, {"source": 38, "target": 55, "weight": 0.003413}, {"source": 38, "target": 45, "weight": 0.012658}, {"source": 38, "target": 57, "weight": 0.176471}, {"source": 38, "target": 142, "weight": 0.005051}, {"source": 38, "target": 153, "weight": 0.003922}, {"source": 38, "target": 122, "weight": 0.014706}, {"source": 38, "target": 136, "weight": 0.012658}, {"source": 38, "target": 112, "weight": 0.02381}, {"source": 38, "target": 51, "weight": 0.005682}, {"source": 38, "target": 141, "weight": 0.02}, {"source": 39, "target": 41, "weight": 0.008333}, {"source": 39, "target": 96, "weight": 0.028986}, {"source": 39, "target": 54, "weight": 0.031746}, {"source": 39, "target": 144, "weight": 0.022222}, {"source": 39, "target": 142, "weight": 0.01}, {"source": 39, "target": 153, "weight": 0.003876}, {"source": 39, "target": 102, "weight": 0.013889}, {"source": 39, "target": 51, "weight": 0.005587}, {"source": 39, "target": 136, "weight": 0.012195}, {"source": 40, "target": 80, "weight": 0.007937}, {"source": 41, "target": 143, "weight": 0.006061}, {"source": 41, "target": 99, "weight": 0.141176}, {"source": 41, "target": 82, "weight": 0.008772}, {"source": 41, "target": 72, "weight": 0.005747}, {"source": 43, "target": 97, "weight": 0.008403}, {"source": 43, "target": 151, "weight": 0.015152}, {"source": 43, "target": 55, "weight": 0.003247}, {"source": 44, "target": 117, "weight": 0.008403}, {"source": 44, "target": 68, "weight": 0.011111}, {"source": 44, "target": 80, "weight": 0.015152}, {"source": 44, "target": 70, "weight": 0.003636}, {"source": 44, "target": 133, "weight": 0.012048}, {"source": 44, "target": 135, "weight": 0.04878}, {"source": 44, "target": 61, "weight": 0.018182}, {"source": 45, "target": 97, "weight": 0.044643}, {"source": 45, "target": 85, "weight": 0.03871}, {"source": 45, "target": 55, "weight": 0.026846}, {"source": 45, "target": 67, "weight": 0.014286}, {"source": 45, "target": 131, "weight": 0.003704}, {"source": 45, "target": 70, "weight": 0.013423}, {"source": 45, "target": 108, "weight": 0.056338}, {"source": 46, "target": 148, "weight": 0.010309}, {"source": 46, "target": 119, "weight": 0.012821}, {"source": 46, "target": 121, "weight": 0.010204}, {"source": 46, "target": 123, "weight": 0.029412}, {"source": 47, "target": 63, "weight": 0.008}, {"source": 47, "target": 78, "weight": 0.005848}, {"source": 47, "target": 148, "weight": 0.018072}, {"source": 47, "target": 119, "weight": 0.006711}, {"source": 47, "target": 55, "weight": 0.014368}, {"source": 47, "target": 107, "weight": 0.007813}, {"source": 47, "target": 80, "weight": 0.004854}, {"source": 47, "target": 123, "weight": 0.007143}, {"source": 47, "target": 70, "weight": 0.083851}, {"source": 47, "target": 133, "weight": 0.00641}, {"source": 48, "target": 78, "weight": 0.021053}, {"source": 48, "target": 92, "weight": 0.047619}, {"source": 49, "target": 55, "weight": 0.00346}, {"source": 49, "target": 131, "weight": 0.003937}, {"source": 49, "target": 112, "weight": 0.064935}, {"source": 50, "target": 105, "weight": 0.010638}, {"source": 50, "target": 82, "weight": 0.037736}, {"source": 50, "target": 72, "weight": 0.017699}, {"source": 51, "target": 85, "weight": 0.007813}, {"source": 51, "target": 86, "weight": 0.010695}, {"source": 51, "target": 136, "weight": 0.131737}, {"source": 51, "target": 135, "weight": 0.004808}, {"source": 51, "target": 148, "weight": 0.004587}, {"source": 51, "target": 56, "weight": 0.1875}, {"source": 51, "target": 108, "weight": 0.011765}, {"source": 51, "target": 80, "weight": 0.03629}, {"source": 51, "target": 131, "weight": 0.02507}, {"source": 51, "target": 151, "weight": 0.00625}, {"source": 52, "target": 60, "weight": 0.012048}, {"source": 52, "target": 149, "weight": 0.015152}, {"source": 52, "target": 133, "weight": 0.011111}, {"source": 52, "target": 102, "weight": 0.016129}, {"source": 52, "target": 61, "weight": 0.016129}, {"source": 53, "target": 97, "weight": 0.035971}, {"source": 53, "target": 135, "weight": 0.007246}, {"source": 53, "target": 55, "weight": 0.027778}, {"source": 53, "target": 133, "weight": 0.007353}, {"source": 53, "target": 60, "weight": 0.007752}, {"source": 53, "target": 72, "weight": 0.006135}, {"source": 54, "target": 144, "weight": 0.193548}, {"source": 55, "target": 74, "weight": 0.006579}, {"source": 55, "target": 76, "weight": 0.019108}, {"source": 55, "target": 66, "weight": 0.002907}, {"source": 55, "target": 78, "weight": 0.01497}, {"source": 55, "target": 119, "weight": 0.003165}, {"source": 55, "target": 80, "weight": 0.002681}, {"source": 55, "target": 86, "weight": 0.003279}, {"source": 55, "target": 141, "weight": 0.01548}, {"source": 55, "target": 129, "weight": 0.003802}, {"source": 55, "target": 88, "weight": 0.003597}, {"source": 55, "target": 90, "weight": 0.010453}, {"source": 55, "target": 92, "weight": 0.003257}, {"source": 55, "target": 133, "weight": 0.003096}, {"source": 55, "target": 94, "weight": 0.003472}, {"source": 55, "target": 84, "weight": 0.034056}, {"source": 55, "target": 96, "weight": 0.010309}, {"source": 55, "target": 135, "weight": 0.003077}, {"source": 55, "target": 153, "weight": 0.242268}, {"source": 55, "target": 57, "weight": 0.012422}, {"source": 55, "target": 142, "weight": 0.235465}, {"source": 55, "target": 59, "weight": 0.027569}, {"source": 55, "target": 101, "weight": 0.027692}, {"source": 55, "target": 60, "weight": 0.009554}, {"source": 55, "target": 103, "weight": 0.124717}, {"source": 55, "target": 97, "weight": 0.190647}, {"source": 55, "target": 147, "weight": 0.010381}, {"source": 55, "target": 63, "weight": 0.006873}, {"source": 55, "target": 117, "weight": 0.002786}, {"source": 55, "target": 109, "weight": 0.00216}, {"source": 55, "target": 67, "weight": 0.007067}, {"source": 55, "target": 68, "weight": 0.012232}, {"source": 55, "target": 152, "weight": 0.009934}, {"source": 55, "target": 143, "weight": 0.036364}, {"source": 55, "target": 111, "weight": 0.00361}, {"source": 55, "target": 70, "weight": 0.011765}, {"source": 55, "target": 154, "weight": 0.007299}, {"source": 55, "target": 136, "weight": 0.003279}, {"source": 55, "target": 112, "weight": 0.012987}, {"source": 55, "target": 113, "weight": 0.012539}, {"source": 55, "target": 121, "weight": 0.002976}, {"source": 56, "target": 69, "weight": 0.025}, {"source": 56, "target": 138, "weight": 0.019608}, {"source": 56, "target": 131, "weight": 0.003968}, {"source": 56, "target": 136, "weight": 0.013699}, {"source": 57, "target": 97, "weight": 0.014815}, {"source": 57, "target": 85, "weight": 0.005556}, {"source": 57, "target": 136, "weight": 0.009009}, {"source": 57, "target": 78, "weight": 0.006944}, {"source": 57, "target": 119, "weight": 0.008197}, {"source": 57, "target": 90, "weight": 0.010526}, {"source": 57, "target": 80, "weight": 0.005587}, {"source": 57, "target": 92, "weight": 0.017857}, {"source": 58, "target": 148, "weight": 0.009009}, {"source": 58, "target": 106, "weight": 0.007407}, {"source": 58, "target": 89, "weight": 0.012195}, {"source": 58, "target": 67, "weight": 0.016667}, {"source": 58, "target": 107, "weight": 0.014085}, {"source": 58, "target": 70, "weight": 0.003436}, {"source": 58, "target": 72, "weight": 0.03252}, {"source": 59, "target": 78, "weight": 0.017778}, {"source": 59, "target": 119, "weight": 0.004854}, {"source": 59, "target": 80, "weight": 0.003802}, {"source": 59, "target": 85, "weight": 0.007605}, {"source": 59, "target": 130, "weight": 0.005917}, {"source": 59, "target": 92, "weight": 0.010204}, {"source": 59, "target": 131, "weight": 0.002674}, {"source": 59, "target": 135, "weight": 0.014085}, {"source": 59, "target": 60, "weight": 0.014706}, {"source": 59, "target": 108, "weight": 0.005618}, {"source": 59, "target": 143, "weight": 0.0131}, {"source": 59, "target": 97, "weight": 0.004545}, {"source": 59, "target": 104, "weight": 0.005405}, {"source": 59, "target": 65, "weight": 0.005988}, {"source": 59, "target": 123, "weight": 0.005076}, {"source": 59, "target": 67, "weight": 0.023392}, {"source": 59, "target": 70, "weight": 0.00995}, {"source": 59, "target": 72, "weight": 0.004167}, {"source": 60, "target": 124, "weight": 0.023529}, {"source": 60, "target": 103, "weight": 0.003425}, {"source": 60, "target": 79, "weight": 0.023529}, {"source": 60, "target": 86, "weight": 0.019802}, {"source": 60, "target": 66, "weight": 0.021583}, {"source": 60, "target": 78, "weight": 0.007407}, {"source": 60, "target": 149, "weight": 0.276316}, {"source": 60, "target": 153, "weight": 0.00722}, {"source": 60, "target": 145, "weight": 0.024691}, {"source": 60, "target": 88, "weight": 0.013333}, {"source": 60, "target": 70, "weight": 0.003205}, {"source": 60, "target": 133, "weight": 0.657534}, {"source": 61, "target": 91, "weight": 0.095238}, {"source": 61, "target": 99, "weight": 0.020833}, {"source": 62, "target": 90, "weight": 0.020408}, {"source": 62, "target": 119, "weight": 0.013158}, {"source": 63, "target": 143, "weight": 0.008772}, {"source": 63, "target": 86, "weight": 0.012821}, {"source": 63, "target": 103, "weight": 0.007491}, {"source": 63, "target": 151, "weight": 0.02}, {"source": 63, "target": 153, "weight": 0.007905}, {"source": 63, "target": 70, "weight": 0.003472}, {"source": 63, "target": 154, "weight": 0.020833}, {"source": 63, "target": 74, "weight": 0.012821}, {"source": 64, "target": 145, "weight": 0.025641}, {"source": 64, "target": 85, "weight": 0.007813}, {"source": 65, "target": 126, "weight": 0.02439}, {"source": 65, "target": 86, "weight": 0.015873}, {"source": 65, "target": 137, "weight": 0.024691}, {"source": 65, "target": 136, "weight": 0.015873}, {"source": 66, "target": 145, "weight": 0.009091}, {"source": 66, "target": 131, "weight": 0.003236}, {"source": 66, "target": 132, "weight": 0.008475}, {"source": 66, "target": 102, "weight": 0.016807}, {"source": 66, "target": 107, "weight": 0.008333}, {"source": 66, "target": 80, "weight": 0.025773}, {"source": 66, "target": 81, "weight": 0.009259}, {"source": 66, "target": 82, "weight": 0.017544}, {"source": 66, "target": 70, "weight": 0.0059}, {"source": 66, "target": 133, "weight": 0.020548}, {"source": 66, "target": 135, "weight": 0.055944}, {"source": 66, "target": 72, "weight": 0.079755}, {"source": 66, "target": 99, "weight": 0.031579}, {"source": 67, "target": 103, "weight": 0.027559}, {"source": 67, "target": 104, "weight": 0.016667}, {"source": 67, "target": 153, "weight": 0.016461}, {"source": 67, "target": 142, "weight": 0.005291}, {"source": 67, "target": 70, "weight": 0.007168}, {"source": 68, "target": 145, "weight": 0.010417}, {"source": 68, "target": 78, "weight": 0.006711}, {"source": 68, "target": 80, "weight": 0.005435}, {"source": 68, "target": 70, "weight": 0.086379}, {"source": 68, "target": 135, "weight": 0.022388}, {"source": 69, "target": 136, "weight": 0.017241}, {"source": 69, "target": 131, "weight": 0.004219}, {"source": 69, "target": 85, "weight": 0.015873}, {"source": 69, "target": 108, "weight": 0.05}, {"source": 70, "target": 80, "weight": 0.00271}, {"source": 70, "target": 83, "weight": 0.003788}, {"source": 70, "target": 84, "weight": 0.00304}, {"source": 70, "target": 85, "weight": 0.00542}, {"source": 70, "target": 88, "weight": 0.00365}, {"source": 70, "target": 90, "weight": 0.003509}, {"source": 70, "target": 133, "weight": 0.003135}, {"source": 70, "target": 134, "weight": 0.011321}, {"source": 70, "target": 119, "weight": 0.006431}, {"source": 70, "target": 135, "weight": 0.012579}, {"source": 70, "target": 141, "weight": 0.003096}, {"source": 70, "target": 142, "weight": 0.007177}, {"source": 70, "target": 106, "weight": 0.002817}, {"source": 70, "target": 101, "weight": 0.021672}, {"source": 70, "target": 103, "weight": 0.029289}, {"source": 70, "target": 97, "weight": 0.003067}, {"source": 70, "target": 104, "weight": 0.010381}, {"source": 70, "target": 147, "weight": 0.003484}, {"source": 70, "target": 148, "weight": 0.012195}, {"source": 70, "target": 117, "weight": 0.011364}, {"source": 70, "target": 109, "weight": 0.010989}, {"source": 70, "target": 152, "weight": 0.010067}, {"source": 70, "target": 153, "weight": 0.021368}, {"source": 70, "target": 154, "weight": 0.054264}, {"source": 70, "target": 113, "weight": 0.019169}, {"source": 71, "target": 94, "weight": 0.021277}, {"source": 72, "target": 115, "weight": 0.009009}, {"source": 72, "target": 76, "weight": 0.006667}, {"source": 72, "target": 77, "weight": 0.007752}, {"source": 72, "target": 118, "weight": 0.006711}, {"source": 72, "target": 79, "weight": 0.008333}, {"source": 72, "target": 119, "weight": 0.006803}, {"source": 72, "target": 114, "weight": 0.009901}, {"source": 72, "target": 82, "weight": 0.051724}, {"source": 72, "target": 126, "weight": 0.026786}, {"source": 72, "target": 85, "weight": 0.004878}, {"source": 72, "target": 131, "weight": 0.016077}, {"source": 72, "target": 95, "weight": 0.009091}, {"source": 72, "target": 135, "weight": 0.00641}, {"source": 72, "target": 98, "weight": 0.007937}, {"source": 72, "target": 141, "weight": 0.006329}, {"source": 72, "target": 102, "weight": 0.024194}, {"source": 72, "target": 148, "weight": 0.012121}, {"source": 72, "target": 117, "weight": 0.005263}, {"source": 72, "target": 107, "weight": 0.007937}, {"source": 73, "target": 133, "weight": 0.013889}, {"source": 74, "target": 143, "weight": 0.015873}, {"source": 74, "target": 86, "weight": 0.010989}, {"source": 74, "target": 121, "weight": 0.008197}, {"source": 74, "target": 92, "weight": 0.010753}, {"source": 74, "target": 151, "weight": 0.015873}, {"source": 75, "target": 140, "weight": 0.022727}, {"source": 76, "target": 143, "weight": 0.021583}, {"source": 76, "target": 97, "weight": 0.007692}, {"source": 76, "target": 85, "weight": 0.005747}, {"source": 76, "target": 129, "weight": 0.032258}, {"source": 76, "target": 119, "weight": 0.008621}, {"source": 76, "target": 123, "weight": 0.018868}, {"source": 76, "target": 87, "weight": 0.014286}, {"source": 76, "target": 82, "weight": 0.011111}, {"source": 76, "target": 121, "weight": 0.007353}, {"source": 77, "target": 115, "weight": 0.016949}, {"source": 77, "target": 131, "weight": 0.003802}, {"source": 77, "target": 86, "weight": 0.024096}, {"source": 77, "target": 110, "weight": 0.028169}, {"source": 77, "target": 82, "weight": 0.029412}, {"source": 78, "target": 119, "weight": 0.007407}, {"source": 78, "target": 84, "weight": 0.006579}, {"source": 78, "target": 92, "weight": 0.007937}, {"source": 78, "target": 94, "weight": 0.009346}, {"source": 78, "target": 96, "weight": 0.018018}, {"source": 78, "target": 142, "weight": 0.016667}, {"source": 78, "target": 143, "weight": 0.012579}, {"source": 78, "target": 97, "weight": 0.006711}, {"source": 78, "target": 147, "weight": 0.009091}, {"source": 78, "target": 117, "weight": 0.111801}, {"source": 78, "target": 152, "weight": 0.00813}, {"source": 78, "target": 153, "weight": 0.013468}, {"source": 78, "target": 112, "weight": 0.007692}, {"source": 78, "target": 113, "weight": 0.007092}, {"source": 78, "target": 141, "weight": 0.006849}, {"source": 79, "target": 133, "weight": 0.021739}, {"source": 79, "target": 130, "weight": 0.086957}, {"source": 80, "target": 124, "weight": 0.014085}, {"source": 80, "target": 86, "weight": 0.006289}, {"source": 80, "target": 92, "weight": 0.006211}, {"source": 80, "target": 133, "weight": 0.00565}, {"source": 80, "target": 136, "weight": 0.059603}, {"source": 80, "target": 135, "weight": 0.090909}, {"source": 80, "target": 98, "weight": 0.006711}, {"source": 80, "target": 103, "weight": 0.002865}, {"source": 80, "target": 105, "weight": 0.005435}, {"source": 80, "target": 109, "weight": 0.003155}, {"source": 80, "target": 151, "weight": 0.007634}, {"source": 81, "target": 109, "weight": 0.004405}, {"source": 81, "target": 153, "weight": 0.004082}, {"source": 81, "target": 107, "weight": 0.016949}, {"source": 82, "target": 137, "weight": 0.043478}, {"source": 82, "target": 117, "weight": 0.007692}, {"source": 82, "target": 148, "weight": 0.009434}, {"source": 82, "target": 119, "weight": 0.011494}, {"source": 82, "target": 126, "weight": 0.122449}, {"source": 82, "target": 141, "weight": 0.010204}, {"source": 82, "target": 105, "weight": 0.009901}, {"source": 82, "target": 102, "weight": 0.015152}, {"source": 83, "target": 134, "weight": 0.615385}, {"source": 84, "target": 94, "weight": 0.009804}, {"source": 84, "target": 104, "weight": 0.009174}, {"source": 84, "target": 148, "weight": 0.006711}, {"source": 84, "target": 131, "weight": 0.003356}, {"source": 84, "target": 112, "weight": 0.02439}, {"source": 85, "target": 120, "weight": 0.007353}, {"source": 85, "target": 122, "weight": 0.006711}, {"source": 85, "target": 108, "weight": 0.180328}, {"source": 85, "target": 145, "weight": 0.007143}, {"source": 85, "target": 103, "weight": 0.005731}, {"source": 85, "target": 105, "weight": 0.005405}, {"source": 85, "target": 150, "weight": 0.006289}, {"source": 85, "target": 109, "weight": 0.006309}, {"source": 85, "target": 153, "weight": 0.00597}, {"source": 85, "target": 141, "weight": 0.005495}, {"source": 86, "target": 103, "weight": 0.003559}, {"source": 86, "target": 109, "weight": 0.004016}, {"source": 86, "target": 143, "weight": 0.007874}, {"source": 86, "target": 151, "weight": 0.032258}, {"source": 86, "target": 153, "weight": 0.003745}, {"source": 86, "target": 133, "weight": 0.018519}, {"source": 86, "target": 136, "weight": 0.045455}, {"source": 87, "target": 122, "weight": 0.022222}, {"source": 87, "target": 121, "weight": 0.023256}, {"source": 88, "target": 145, "weight": 0.022727}, {"source": 89, "target": 132, "weight": 0.0125}, {"source": 90, "target": 103, "weight": 0.003774}, {"source": 90, "target": 148, "weight": 0.009524}, {"source": 90, "target": 119, "weight": 0.011628}, {"source": 90, "target": 109, "weight": 0.004292}, {"source": 90, "target": 143, "weight": 0.018182}, {"source": 90, "target": 153, "weight": 0.008}, {"source": 90, "target": 154, "weight": 0.022222}, {"source": 91, "target": 111, "weight": 0.12}, {"source": 91, "target": 94, "weight": 0.026316}, {"source": 92, "target": 153, "weight": 0.003717}, {"source": 92, "target": 101, "weight": 0.008264}, {"source": 94, "target": 103, "weight": 0.003788}, {"source": 94, "target": 96, "weight": 0.05}, {"source": 94, "target": 150, "weight": 0.013699}, {"source": 94, "target": 109, "weight": 0.00431}, {"source": 94, "target": 142, "weight": 0.005181}, {"source": 94, "target": 147, "weight": 0.016667}, {"source": 94, "target": 123, "weight": 0.013158}, {"source": 94, "target": 112, "weight": 0.0125}, {"source": 95, "target": 115, "weight": 0.518519}, {"source": 95, "target": 123, "weight": 0.014925}, {"source": 95, "target": 131, "weight": 0.004098}, {"source": 96, "target": 143, "weight": 0.008696}, {"source": 96, "target": 97, "weight": 0.009615}, {"source": 96, "target": 148, "weight": 0.009174}, {"source": 97, "target": 129, "weight": 0.013514}, {"source": 97, "target": 141, "weight": 0.022059}, {"source": 97, "target": 142, "weight": 0.282609}, {"source": 97, "target": 101, "weight": 0.028369}, {"source": 97, "target": 103, "weight": 0.030201}, {"source": 97, "target": 147, "weight": 0.009804}, {"source": 97, "target": 153, "weight": 0.013841}, {"source": 97, "target": 112, "weight": 0.008197}, {"source": 98, "target": 143, "weight": 0.008547}, {"source": 98, "target": 135, "weight": 0.009901}, {"source": 98, "target": 133, "weight": 0.010101}, {"source": 99, "target": 143, "weight": 0.010638}, {"source": 99, "target": 128, "weight": 0.055556}, {"source": 99, "target": 111, "weight": 0.033333}, {"source": 99, "target": 101, "weight": 0.011628}, {"source": 100, "target": 116, "weight": 0.166667}, {"source": 101, "target": 133, "weight": 0.007299}, {"source": 102, "target": 138, "weight": 0.016949}, {"source": 102, "target": 153, "weight": 0.003891}, {"source": 102, "target": 114, "weight": 0.021739}, {"source": 103, "target": 132, "weight": 0.003717}, {"source": 103, "target": 119, "weight": 0.006873}, {"source": 103, "target": 121, "weight": 0.003205}, {"source": 103, "target": 131, "weight": 0.002174}, {"source": 103, "target": 108, "weight": 0.007605}, {"source": 103, "target": 143, "weight": 0.046053}, {"source": 103, "target": 145, "weight": 0.003831}, {"source": 103, "target": 104, "weight": 0.00369}, {"source": 103, "target": 148, "weight": 0.022951}, {"source": 103, "target": 123, "weight": 0.010676}, {"source": 104, "target": 142, "weight": 0.005}, {"source": 104, "target": 154, "weight": 0.019608}, {"source": 105, "target": 131, "weight": 0.00339}, {"source": 105, "target": 127, "weight": 0.007463}, {"source": 105, "target": 132, "weight": 0.009615}, {"source": 105, "target": 110, "weight": 0.009615}, {"source": 106, "target": 132, "weight": 0.007519}, {"source": 106, "target": 140, "weight": 0.00813}, {"source": 106, "target": 131, "weight": 0.009317}, {"source": 107, "target": 109, "weight": 0.004184}, {"source": 108, "target": 153, "weight": 0.004}, {"source": 109, "target": 115, "weight": 0.036866}, {"source": 109, "target": 121, "weight": 0.003571}, {"source": 109, "target": 155, "weight": 0.004274}, {"source": 109, "target": 131, "weight": 0.004684}, {"source": 109, "target": 148, "weight": 0.068702}, {"source": 109, "target": 123, "weight": 0.02439}, {"source": 110, "target": 137, "weight": 0.020619}, {"source": 110, "target": 131, "weight": 0.003876}, {"source": 111, "target": 143, "weight": 0.010101}, {"source": 112, "target": 125, "weight": 0.015385}, {"source": 112, "target": 147, "weight": 0.183099}, {"source": 112, "target": 117, "weight": 0.013333}, {"source": 112, "target": 142, "weight": 0.00463}, {"source": 112, "target": 153, "weight": 0.003663}, {"source": 112, "target": 122, "weight": 0.035714}, {"source": 113, "target": 145, "weight": 0.011364}, {"source": 113, "target": 121, "weight": 0.007194}, {"source": 115, "target": 126, "weight": 0.022727}, {"source": 115, "target": 131, "weight": 0.004082}, {"source": 115, "target": 118, "weight": 0.333333}, {"source": 115, "target": 150, "weight": 0.137931}, {"source": 115, "target": 123, "weight": 0.045455}, {"source": 117, "target": 148, "weight": 0.035294}, {"source": 117, "target": 119, "weight": 0.266129}, {"source": 117, "target": 123, "weight": 0.006803}, {"source": 118, "target": 131, "weight": 0.003534}, {"source": 118, "target": 135, "weight": 0.008065}, {"source": 118, "target": 148, "weight": 0.007463}, {"source": 118, "target": 123, "weight": 0.038835}, {"source": 119, "target": 124, "weight": 0.011628}, {"source": 119, "target": 126, "weight": 0.0125}, {"source": 119, "target": 145, "weight": 0.012195}, {"source": 119, "target": 148, "weight": 0.039063}, {"source": 119, "target": 123, "weight": 0.009615}, {"source": 119, "target": 153, "weight": 0.003597}, {"source": 120, "target": 123, "weight": 0.044776}, {"source": 121, "target": 123, "weight": 0.02459}, {"source": 121, "target": 153, "weight": 0.003356}, {"source": 121, "target": 122, "weight": 0.037037}, {"source": 122, "target": 123, "weight": 0.012195}, {"source": 123, "target": 132, "weight": 0.012346}, {"source": 123, "target": 141, "weight": 0.017544}, {"source": 123, "target": 142, "weight": 0.004717}, {"source": 123, "target": 148, "weight": 0.016393}, {"source": 123, "target": 150, "weight": 0.068966}, {"source": 123, "target": 153, "weight": 0.003717}, {"source": 124, "target": 145, "weight": 0.217391}, {"source": 124, "target": 135, "weight": 0.010526}, {"source": 124, "target": 133, "weight": 0.021739}, {"source": 125, "target": 140, "weight": 0.027027}, {"source": 126, "target": 131, "weight": 0.008097}, {"source": 126, "target": 148, "weight": 0.010101}, {"source": 128, "target": 143, "weight": 0.011494}, {"source": 129, "target": 141, "weight": 0.014085}, {"source": 129, "target": 142, "weight": 0.011976}, {"source": 131, "target": 137, "weight": 0.006944}, {"source": 131, "target": 135, "weight": 0.003448}, {"source": 131, "target": 146, "weight": 0.008889}, {"source": 131, "target": 155, "weight": 0.132743}, {"source": 131, "target": 148, "weight": 0.006689}, {"source": 131, "target": 139, "weight": 0.004255}, {"source": 133, "target": 149, "weight": 0.253012}, {"source": 133, "target": 145, "weight": 0.022727}, {"source": 133, "target": 153, "weight": 0.003509}, {"source": 134, "target": 153, "weight": 0.004292}, {"source": 134, "target": 154, "weight": 0.037037}, {"source": 135, "target": 143, "weight": 0.013699}, {"source": 135, "target": 145, "weight": 0.010989}, {"source": 135, "target": 149, "weight": 0.009524}, {"source": 135, "target": 153, "weight": 0.003484}, {"source": 135, "target": 155, "weight": 0.010417}, {"source": 135, "target": 136, "weight": 0.009009}, {"source": 136, "target": 153, "weight": 0.003745}, {"source": 136, "target": 151, "weight": 0.015873}, {"source": 139, "target": 148, "weight": 0.011628}, {"source": 141, "target": 143, "weight": 0.013514}, {"source": 142, "target": 143, "weight": 0.008163}, {"source": 142, "target": 148, "weight": 0.008368}, {"source": 143, "target": 145, "weight": 0.009346}, {"source": 143, "target": 153, "weight": 0.034014}, {"source": 144, "target": 153, "weight": 0.004348}, {"source": 145, "target": 149, "weight": 0.047619}, {"source": 148, "target": 155, "weight": 0.009434}, {"source": 148, "target": 150, "weight": 0.008333}, {"source": 148, "target": 153, "weight": 0.003367}], "multigraph": false}