{"directed": false, "graph": {}, "nodes": [{"group": 0, "id": "quelled", "degree": 6}, {"group": 1, "id": "quizzical"}, {"group": 2, "id": "queen", "degree": 15}, {"group": 2, "id": "quintessential", "degree": 21}, {"group": 3, "id": "quake", "degree": 10}, {"group": 2, "id": "queer"}, {"group": 1, "id": "query", "degree": 10}, {"group": 4, "id": "quartered"}, {"group": 1, "id": "questioner", "degree": 3}, {"group": 5, "id": "quietism", "degree": 7}, {"group": 2, "id": "quaint"}, {"group": 0, "id": "quadroon", "degree": 3}, {"group": 5, "id": "quiescence"}, {"group": 2, "id": "quasi"}, {"group": 5, "id": "quash", "degree": 6}, {"group": 6, "id": "quadrate", "degree": 11}, {"group": 2, "id": "quiddity"}, {"group": 0, "id": "quartering", "degree": 15}, {"group": 4, "id": "quirk", "degree": 24}, {"group": 2, "id": "quantified"}, {"group": 4, "id": "quickness"}, {"group": 0, "id": "qualified"}, {"group": 7, "id": "quicksand", "degree": 8}, {"group": 5, "id": "quietude"}, {"group": 6, "id": "quadrangle"}, {"group": 0, "id": "quarantine", "degree": 12}, {"group": 2, "id": "quarterback"}, {"group": 6, "id": "quaternary"}, {"group": 2, "id": "quick", "degree": 16}, {"group": 3, "id": "quaking"}, {"group": 0, "id": "quarter"}, {"group": 6, "id": "quartet", "degree": 17}, {"group": 4, "id": "quilt"}, {"group": 0, "id": "quantum"}, {"group": 0, "id": "questionnaire"}, {"group": 4, "id": "quill", "degree": 4}, {"group": 3, "id": "quicken"}, {"group": 5, "id": "quitclaim", "degree": 4}, {"group": 0, "id": "quantify"}, {"group": 1, "id": "qualmish"}, {"group": 5, "id": "queenly"}, {"group": 8, "id": "quadrillion", "degree": 0}, {"group": 9, "id": "quadruplicate", "degree": 5}, {"group": 6, "id": "quoit", "degree": 4}, {"group": 10, "id": "quondam", "degree": 0}, {"group": 4, "id": "quite"}, {"group": 0, "id": "quoin"}, {"group": 4, "id": "qualify"}, {"group": 11, "id": "quinsy", "degree": 0}, {"group": 6, "id": "quits", "degree": 5}, {"group": 3, "id": "quack"}, {"group": 4, "id": "quarreler"}, {"group": 4, "id": "quarrelsome", "degree": 7}, {"group": 5, "id": "quell"}, {"group": 6, "id": "quadruped"}, {"group": 2, "id": "quintessence", "degree": 15}, {"group": 4, "id": "quibble", "degree": 20}, {"group": 4, "id": "qualification", "degree": 14}, {"group": 6, "id": "quatrain", "degree": 12}, {"group": 2, "id": "quipster"}, {"group": 5, "id": "quietly", "degree": 4}, {"group": 1, "id": "question"}, {"group": 6, "id": "quadrilateral"}, {"group": 2, "id": "quickly"}, {"group": 4, "id": "quality", "degree": 21}, {"group": 5, "id": "quit"}, {"group": 4, "id": "quip", "degree": 19}, {"group": 4, "id": "qualifying", "degree": 1}, {"group": 3, "id": "quaver", "degree": 13}, {"group": 1, "id": "quiz"}, {"group": 2, "id": "quid", "degree": 16}, {"group": 5, "id": "quibbler", "degree": 4}, {"group": 2, "id": "quirky", "degree": 9}, {"group": 1, "id": "questionable"}, {"group": 4, "id": "quay", "degree": 3}, {"group": 5, "id": "quarry", "degree": 31}, {"group": 6, "id": "quintet"}, {"group": 5, "id": "quickening"}, {"group": 0, "id": "quarantined", "degree": 3}, {"group": 4, "id": "quibbling"}, {"group": 5, "id": "quiescent"}, {"group": 1, "id": "qualm", "degree": 10}, {"group": 9, "id": "quotation"}, {"group": 1, "id": "queasy", "degree": 8}, {"group": 2, "id": "quicksilver", "degree": 13}, {"group": 4, "id": "quarrel", "degree": 21}, {"group": 3, "id": "quiver", "degree": 29}, {"group": 3, "id": "quivering"}, {"group": 5, "id": "quench", "degree": 11}, {"group": 5, "id": "quiet", "degree": 43}, {"group": 6, "id": "quantification"}, {"group": 6, "id": "quintuplet"}, {"group": 0, "id": "quadrat"}, {"group": 5, "id": "qualifier", "degree": 5}, {"group": 1, "id": "quail", "degree": 14}, {"group": 4, "id": "queue"}, {"group": 7, "id": "quagmire"}, {"group": 4, "id": "querulous", "degree": 4}, {"group": 0, "id": "quaff", "degree": 3}, {"group": 9, "id": "quote", "degree": 5}, {"group": 0, "id": "quota"}, {"group": 0, "id": "quisling", "degree": 7}, {"group": 1, "id": "questioning", "degree": 14}, {"group": 5, "id": "quietus", "degree": 18}, {"group": 5, "id": "quietening", "degree": 1}, {"group": 2, "id": "quarto"}, {"group": 4, "id": "queenship"}, {"group": 4, "id": "quorum", "degree": 10}, {"group": 5, "id": "quittance"}, {"group": 7, "id": "quandary"}, {"group": 3, "id": "quavering", "degree": 8}, {"group": 0, "id": "quadrant", "degree": 16}, {"group": 1, "id": "quest"}, {"group": 2, "id": "quixotic"}, {"group": 2, "id": "quantitative"}, {"group": 0, "id": "quantity", "degree": 21}], "links": [{"source": 0, "target": 110, "weight": 0.012658}, {"source": 0, "target": 25, "weight": 0.010204}, {"source": 0, "target": 89, "weight": 0.03861}, {"source": 0, "target": 78, "weight": 0.019608}, {"source": 0, "target": 21, "weight": 0.028302}, {"source": 0, "target": 80, "weight": 0.017241}, {"source": 0, "target": 30, "weight": 0.004202}, {"source": 1, "target": 28, "weight": 0.007576}, {"source": 1, "target": 6, "weight": 0.021505}, {"source": 1, "target": 72, "weight": 0.029412}, {"source": 1, "target": 102, "weight": 0.054945}, {"source": 2, "target": 59, "weight": 0.011111}, {"source": 2, "target": 86, "weight": 0.021622}, {"source": 2, "target": 3, "weight": 0.068182}, {"source": 2, "target": 5, "weight": 0.076923}, {"source": 2, "target": 33, "weight": 0.007634}, {"source": 2, "target": 94, "weight": 0.008264}, {"source": 2, "target": 51, "weight": 0.008621}, {"source": 2, "target": 10, "weight": 0.009346}, {"source": 2, "target": 64, "weight": 0.009524}, {"source": 2, "target": 39, "weight": 0.011111}, {"source": 2, "target": 61, "weight": 0.005076}, {"source": 2, "target": 70, "weight": 0.015748}, {"source": 2, "target": 13, "weight": 0.016529}, {"source": 2, "target": 72, "weight": 0.008547}, {"source": 2, "target": 16, "weight": 0.019608}, {"source": 2, "target": 18, "weight": 0.006211}, {"source": 2, "target": 100, "weight": 0.007874}, {"source": 2, "target": 46, "weight": 0.009434}, {"source": 2, "target": 83, "weight": 0.012048}, {"source": 2, "target": 20, "weight": 0.005525}, {"source": 2, "target": 89, "weight": 0.003185}, {"source": 2, "target": 95, "weight": 0.015038}, {"source": 2, "target": 55, "weight": 0.136}, {"source": 2, "target": 38, "weight": 0.008772}, {"source": 2, "target": 30, "weight": 0.003521}, {"source": 2, "target": 115, "weight": 0.005181}, {"source": 3, "target": 68, "weight": 0.005435}, {"source": 3, "target": 5, "weight": 0.012712}, {"source": 3, "target": 33, "weight": 0.007576}, {"source": 3, "target": 34, "weight": 0.011364}, {"source": 3, "target": 64, "weight": 0.004717}, {"source": 3, "target": 10, "weight": 0.018692}, {"source": 3, "target": 38, "weight": 0.008696}, {"source": 3, "target": 61, "weight": 0.005051}, {"source": 3, "target": 96, "weight": 0.008772}, {"source": 3, "target": 70, "weight": 0.048387}, {"source": 3, "target": 72, "weight": 0.025862}, {"source": 3, "target": 16, "weight": 0.060606}, {"source": 3, "target": 18, "weight": 0.006173}, {"source": 3, "target": 42, "weight": 0.010753}, {"source": 3, "target": 100, "weight": 0.007813}, {"source": 3, "target": 21, "weight": 0.026316}, {"source": 3, "target": 22, "weight": 0.008547}, {"source": 3, "target": 89, "weight": 0.006369}, {"source": 3, "target": 111, "weight": 0.01}, {"source": 3, "target": 55, "weight": 0.134921}, {"source": 3, "target": 28, "weight": 0.014493}, {"source": 3, "target": 30, "weight": 0.003509}, {"source": 3, "target": 115, "weight": 0.005155}, {"source": 4, "target": 50, "weight": 0.017857}, {"source": 4, "target": 86, "weight": 0.37037}, {"source": 4, "target": 87, "weight": 0.076923}, {"source": 4, "target": 88, "weight": 0.008264}, {"source": 4, "target": 82, "weight": 0.009434}, {"source": 4, "target": 15, "weight": 0.011905}, {"source": 4, "target": 68, "weight": 0.353383}, {"source": 4, "target": 47, "weight": 0.01227}, {"source": 4, "target": 110, "weight": 0.079646}, {"source": 4, "target": 21, "weight": 0.006667}, {"source": 4, "target": 103, "weight": 0.005882}, {"source": 4, "target": 57, "weight": 0.021739}, {"source": 4, "target": 81, "weight": 0.009259}, {"source": 4, "target": 94, "weight": 0.008547}, {"source": 4, "target": 36, "weight": 0.006849}, {"source": 4, "target": 29, "weight": 0.087379}, {"source": 4, "target": 98, "weight": 0.010204}, {"source": 4, "target": 85, "weight": 0.006849}, {"source": 5, "target": 83, "weight": 0.011111}, {"source": 5, "target": 86, "weight": 0.003497}, {"source": 5, "target": 66, "weight": 0.00463}, {"source": 5, "target": 75, "weight": 0.004016}, {"source": 5, "target": 18, "weight": 0.003861}, {"source": 5, "target": 88, "weight": 0.004484}, {"source": 5, "target": 57, "weight": 0.00346}, {"source": 5, "target": 102, "weight": 0.009756}, {"source": 5, "target": 55, "weight": 0.004184}, {"source": 5, "target": 97, "weight": 0.00463}, {"source": 5, "target": 72, "weight": 0.186813}, {"source": 5, "target": 94, "weight": 0.004566}, {"source": 5, "target": 35, "weight": 0.005181}, {"source": 5, "target": 84, "weight": 0.007905}, {"source": 6, "target": 73, "weight": 0.008475}, {"source": 6, "target": 8, "weight": 0.019231}, {"source": 6, "target": 115, "weight": 0.006211}, {"source": 6, "target": 61, "weight": 0.296875}, {"source": 6, "target": 109, "weight": 0.014286}, {"source": 6, "target": 102, "weight": 0.084507}, {"source": 6, "target": 112, "weight": 0.025316}, {"source": 6, "target": 56, "weight": 0.021277}, {"source": 6, "target": 81, "weight": 0.038462}, {"source": 6, "target": 94, "weight": 0.011236}, {"source": 6, "target": 34, "weight": 0.018182}, {"source": 6, "target": 69, "weight": 0.292308}, {"source": 6, "target": 85, "weight": 0.017094}, {"source": 7, "target": 64, "weight": 0.006369}, {"source": 7, "target": 66, "weight": 0.015625}, {"source": 7, "target": 18, "weight": 0.009346}, {"source": 8, "target": 61, "weight": 0.007042}, {"source": 8, "target": 69, "weight": 0.016667}, {"source": 9, "target": 14, "weight": 0.010638}, {"source": 9, "target": 23, "weight": 0.222222}, {"source": 9, "target": 88, "weight": 0.009615}, {"source": 9, "target": 89, "weight": 0.069091}, {"source": 9, "target": 12, "weight": 0.356164}, {"source": 9, "target": 53, "weight": 0.027027}, {"source": 9, "target": 103, "weight": 0.019868}, {"source": 9, "target": 80, "weight": 0.007042}, {"source": 10, "target": 83, "weight": 0.019608}, {"source": 10, "target": 88, "weight": 0.010753}, {"source": 10, "target": 102, "weight": 0.026667}, {"source": 10, "target": 72, "weight": 0.146667}, {"source": 11, "target": 30, "weight": 0.004464}, {"source": 11, "target": 97, "weight": 0.017241}, {"source": 11, "target": 17, "weight": 0.015625}, {"source": 12, "target": 60, "weight": 0.015385}, {"source": 12, "target": 88, "weight": 0.009524}, {"source": 12, "target": 89, "weight": 0.046099}, {"source": 12, "target": 14, "weight": 0.021277}, {"source": 12, "target": 103, "weight": 0.013072}, {"source": 13, "target": 83, "weight": 0.015152}, {"source": 13, "target": 66, "weight": 0.009901}, {"source": 13, "target": 89, "weight": 0.003367}, {"source": 13, "target": 84, "weight": 0.007194}, {"source": 13, "target": 72, "weight": 0.030612}, {"source": 13, "target": 85, "weight": 0.007519}, {"source": 14, "target": 65, "weight": 0.024793}, {"source": 14, "target": 37, "weight": 0.015385}, {"source": 14, "target": 23, "weight": 0.021277}, {"source": 14, "target": 66, "weight": 0.010638}, {"source": 14, "target": 75, "weight": 0.007874}, {"source": 14, "target": 108, "weight": 0.008772}, {"source": 14, "target": 88, "weight": 0.324675}, {"source": 14, "target": 71, "weight": 0.019231}, {"source": 14, "target": 89, "weight": 0.046763}, {"source": 14, "target": 47, "weight": 0.006944}, {"source": 14, "target": 103, "weight": 0.02027}, {"source": 14, "target": 53, "weight": 0.337349}, {"source": 15, "target": 65, "weight": 0.010417}, {"source": 15, "target": 57, "weight": 0.007143}, {"source": 15, "target": 24, "weight": 0.019231}, {"source": 15, "target": 62, "weight": 0.344828}, {"source": 15, "target": 54, "weight": 0.051282}, {"source": 15, "target": 27, "weight": 0.12}, {"source": 15, "target": 47, "weight": 0.035088}, {"source": 15, "target": 21, "weight": 0.009709}, {"source": 15, "target": 49, "weight": 0.033333}, {"source": 15, "target": 30, "weight": 0.004292}, {"source": 15, "target": 31, "weight": 0.015625}, {"source": 16, "target": 66, "weight": 0.064103}, {"source": 16, "target": 75, "weight": 0.008696}, {"source": 16, "target": 18, "weight": 0.041322}, {"source": 16, "target": 70, "weight": 0.409091}, {"source": 16, "target": 56, "weight": 0.057471}, {"source": 16, "target": 28, "weight": 0.021008}, {"source": 16, "target": 94, "weight": 0.011765}, {"source": 16, "target": 55, "weight": 0.341772}, {"source": 16, "target": 64, "weight": 0.017341}, {"source": 17, "target": 95, "weight": 0.008403}, {"source": 17, "target": 86, "weight": 0.00578}, {"source": 17, "target": 97, "weight": 0.009709}, {"source": 17, "target": 70, "weight": 0.00885}, {"source": 17, "target": 24, "weight": 0.034884}, {"source": 17, "target": 57, "weight": 0.005682}, {"source": 17, "target": 89, "weight": 0.003344}, {"source": 17, "target": 101, "weight": 0.009709}, {"source": 17, "target": 100, "weight": 0.018018}, {"source": 17, "target": 111, "weight": 0.036585}, {"source": 17, "target": 46, "weight": 0.022222}, {"source": 17, "target": 53, "weight": 0.008403}, {"source": 17, "target": 84, "weight": 0.007092}, {"source": 17, "target": 105, "weight": 0.032258}, {"source": 17, "target": 35, "weight": 0.0125}, {"source": 17, "target": 30, "weight": 0.221719}, {"source": 17, "target": 115, "weight": 0.005618}, {"source": 17, "target": 85, "weight": 0.007407}, {"source": 18, "target": 61, "weight": 0.004566}, {"source": 18, "target": 94, "weight": 0.006993}, {"source": 18, "target": 33, "weight": 0.006536}, {"source": 18, "target": 92, "weight": 0.009346}, {"source": 18, "target": 64, "weight": 0.258065}, {"source": 18, "target": 66, "weight": 0.052239}, {"source": 18, "target": 68, "weight": 0.004878}, {"source": 18, "target": 69, "weight": 0.014706}, {"source": 18, "target": 70, "weight": 0.013423}, {"source": 18, "target": 47, "weight": 0.005263}, {"source": 18, "target": 72, "weight": 0.007194}, {"source": 18, "target": 93, "weight": 0.009615}, {"source": 18, "target": 75, "weight": 0.00578}, {"source": 18, "target": 100, "weight": 0.006711}, {"source": 18, "target": 46, "weight": 0.015748}, {"source": 18, "target": 79, "weight": 0.014493}, {"source": 18, "target": 20, "weight": 0.004926}, {"source": 18, "target": 109, "weight": 0.008065}, {"source": 18, "target": 95, "weight": 0.012903}, {"source": 18, "target": 55, "weight": 0.006135}, {"source": 18, "target": 56, "weight": 0.034483}, {"source": 18, "target": 57, "weight": 0.009434}, {"source": 18, "target": 28, "weight": 0.003333}, {"source": 18, "target": 115, "weight": 0.004651}, {"source": 19, "target": 28, "weight": 0.004608}, {"source": 20, "target": 86, "weight": 0.008734}, {"source": 20, "target": 75, "weight": 0.005181}, {"source": 20, "target": 70, "weight": 0.005882}, {"source": 20, "target": 103, "weight": 0.00463}, {"source": 20, "target": 57, "weight": 0.063636}, {"source": 20, "target": 81, "weight": 0.006494}, {"source": 20, "target": 28, "weight": 0.009434}, {"source": 20, "target": 55, "weight": 0.005464}, {"source": 20, "target": 64, "weight": 0.024194}, {"source": 20, "target": 31, "weight": 0.006369}, {"source": 20, "target": 115, "weight": 0.004255}, {"source": 20, "target": 85, "weight": 0.005208}, {"source": 21, "target": 25, "weight": 0.006289}, {"source": 21, "target": 57, "weight": 0.014706}, {"source": 21, "target": 89, "weight": 0.00304}, {"source": 21, "target": 78, "weight": 0.027273}, {"source": 21, "target": 84, "weight": 0.005848}, {"source": 21, "target": 22, "weight": 0.007634}, {"source": 21, "target": 28, "weight": 0.013793}, {"source": 21, "target": 72, "weight": 0.007576}, {"source": 21, "target": 115, "weight": 0.004808}, {"source": 22, "target": 75, "weight": 0.007813}, {"source": 22, "target": 115, "weight": 0.011834}, {"source": 22, "target": 109, "weight": 0.09589}, {"source": 22, "target": 100, "weight": 0.009615}, {"source": 22, "target": 96, "weight": 0.685185}, {"source": 22, "target": 55, "weight": 0.008475}, {"source": 22, "target": 47, "weight": 0.006897}, {"source": 22, "target": 33, "weight": 0.009259}, {"source": 22, "target": 30, "weight": 0.003831}, {"source": 22, "target": 85, "weight": 0.007874}, {"source": 23, "target": 60, "weight": 0.015385}, {"source": 23, "target": 88, "weight": 0.019231}, {"source": 23, "target": 89, "weight": 0.18}, {"source": 23, "target": 103, "weight": 0.019737}, {"source": 23, "target": 64, "weight": 0.010526}, {"source": 23, "target": 31, "weight": 0.021277}, {"source": 23, "target": 93, "weight": 0.016129}, {"source": 24, "target": 25, "weight": 0.028302}, {"source": 24, "target": 43, "weight": 0.018519}, {"source": 24, "target": 89, "weight": 0.00722}, {"source": 24, "target": 111, "weight": 0.015873}, {"source": 24, "target": 49, "weight": 0.022222}, {"source": 24, "target": 115, "weight": 0.012821}, {"source": 24, "target": 31, "weight": 0.066667}, {"source": 24, "target": 85, "weight": 0.008772}, {"source": 25, "target": 65, "weight": 0.006579}, {"source": 25, "target": 86, "weight": 0.005181}, {"source": 25, "target": 108, "weight": 0.006993}, {"source": 25, "target": 38, "weight": 0.008403}, {"source": 25, "target": 100, "weight": 0.023077}, {"source": 25, "target": 109, "weight": 0.009346}, {"source": 25, "target": 111, "weight": 0.019417}, {"source": 25, "target": 47, "weight": 0.011628}, {"source": 25, "target": 80, "weight": 0.005952}, {"source": 25, "target": 57, "weight": 0.010256}, {"source": 25, "target": 94, "weight": 0.007937}, {"source": 25, "target": 30, "weight": 0.013986}, {"source": 25, "target": 78, "weight": 0.03}, {"source": 25, "target": 85, "weight": 0.006452}, {"source": 26, "target": 75, "weight": 0.007874}, {"source": 26, "target": 70, "weight": 0.009615}, {"source": 26, "target": 89, "weight": 0.00692}, {"source": 26, "target": 84, "weight": 0.007576}, {"source": 26, "target": 103, "weight": 0.006667}, {"source": 26, "target": 55, "weight": 0.008547}, {"source": 27, "target": 49, "weight": 0.05}, {"source": 27, "target": 31, "weight": 0.1}, {"source": 28, "target": 86, "weight": 0.003058}, {"source": 28, "target": 87, "weight": 0.015094}, {"source": 28, "target": 68, "weight": 0.006231}, {"source": 28, "target": 64, "weight": 0.002857}, {"source": 28, "target": 36, "weight": 0.013986}, {"source": 28, "target": 66, "weight": 0.003891}, {"source": 28, "target": 84, "weight": 0.038596}, {"source": 28, "target": 39, "weight": 0.004367}, {"source": 28, "target": 61, "weight": 0.002976}, {"source": 28, "target": 63, "weight": 0.047009}, {"source": 28, "target": 70, "weight": 0.022901}, {"source": 28, "target": 40, "weight": 0.004082}, {"source": 28, "target": 75, "weight": 0.003448}, {"source": 28, "target": 77, "weight": 0.00431}, {"source": 28, "target": 102, "weight": 0.004049}, {"source": 28, "target": 29, "weight": 0.003937}, {"source": 28, "target": 45, "weight": 0.003636}, {"source": 28, "target": 89, "weight": 0.008889}, {"source": 28, "target": 110, "weight": 0.003788}, {"source": 28, "target": 55, "weight": 0.018116}, {"source": 28, "target": 103, "weight": 0.003195}, {"source": 28, "target": 113, "weight": 0.004505}, {"source": 28, "target": 114, "weight": 0.004587}, {"source": 28, "target": 115, "weight": 0.003012}, {"source": 29, "target": 68, "weight": 0.167883}, {"source": 29, "target": 86, "weight": 0.161972}, {"source": 29, "target": 110, "weight": 0.569231}, {"source": 30, "target": 86, "weight": 0.006024}, {"source": 30, "target": 64, "weight": 0.025862}, {"source": 30, "target": 35, "weight": 0.004167}, {"source": 30, "target": 58, "weight": 0.004292}, {"source": 30, "target": 75, "weight": 0.00678}, {"source": 30, "target": 70, "weight": 0.014815}, {"source": 30, "target": 97, "weight": 0.003802}, {"source": 30, "target": 98, "weight": 0.004049}, {"source": 30, "target": 74, "weight": 0.008368}, {"source": 30, "target": 43, "weight": 0.004255}, {"source": 30, "target": 101, "weight": 0.003802}, {"source": 30, "target": 103, "weight": 0.009464}, {"source": 30, "target": 107, "weight": 0.003937}, {"source": 30, "target": 89, "weight": 0.002179}, {"source": 30, "target": 111, "weight": 0.108597}, {"source": 30, "target": 84, "weight": 0.013423}, {"source": 30, "target": 57, "weight": 0.012012}, {"source": 30, "target": 85, "weight": 0.00339}, {"source": 30, "target": 115, "weight": 0.018018}, {"source": 31, "target": 65, "weight": 0.00813}, {"source": 31, "target": 108, "weight": 0.008772}, {"source": 31, "target": 76, "weight": 0.795918}, {"source": 31, "target": 49, "weight": 0.017544}, {"source": 31, "target": 43, "weight": 0.015152}, {"source": 31, "target": 89, "weight": 0.00692}, {"source": 31, "target": 62, "weight": 0.03125}, {"source": 31, "target": 54, "weight": 0.014925}, {"source": 31, "target": 84, "weight": 0.007576}, {"source": 31, "target": 91, "weight": 0.021277}, {"source": 31, "target": 115, "weight": 0.005917}, {"source": 31, "target": 58, "weight": 0.048387}, {"source": 32, "target": 74, "weight": 0.022222}, {"source": 32, "target": 89, "weight": 0.003788}, {"source": 33, "target": 86, "weight": 0.005556}, {"source": 33, "target": 107, "weight": 0.009901}, {"source": 33, "target": 75, "weight": 0.006993}, {"source": 33, "target": 66, "weight": 0.009091}, {"source": 33, "target": 57, "weight": 0.005464}, {"source": 33, "target": 89, "weight": 0.006557}, {"source": 33, "target": 111, "weight": 0.082353}, {"source": 33, "target": 70, "weight": 0.016807}, {"source": 33, "target": 103, "weight": 0.018293}, {"source": 33, "target": 84, "weight": 0.006757}, {"source": 33, "target": 98, "weight": 0.010638}, {"source": 33, "target": 55, "weight": 0.015152}, {"source": 33, "target": 64, "weight": 0.009901}, {"source": 33, "target": 115, "weight": 0.113772}, {"source": 33, "target": 58, "weight": 0.0125}, {"source": 34, "target": 111, "weight": 0.021277}, {"source": 34, "target": 86, "weight": 0.007353}, {"source": 34, "target": 89, "weight": 0.003817}, {"source": 35, "target": 75, "weight": 0.009346}, {"source": 35, "target": 61, "weight": 0.006536}, {"source": 35, "target": 95, "weight": 0.011111}, {"source": 35, "target": 85, "weight": 0.019048}, {"source": 36, "target": 86, "weight": 0.015228}, {"source": 36, "target": 88, "weight": 0.007353}, {"source": 36, "target": 99, "weight": 0.016807}, {"source": 36, "target": 68, "weight": 0.005155}, {"source": 36, "target": 89, "weight": 0.006173}, {"source": 37, "target": 65, "weight": 0.101124}, {"source": 37, "target": 66, "weight": 0.014706}, {"source": 37, "target": 96, "weight": 0.015873}, {"source": 38, "target": 86, "weight": 0.006135}, {"source": 38, "target": 111, "weight": 0.013514}, {"source": 38, "target": 55, "weight": 0.008621}, {"source": 38, "target": 115, "weight": 0.049689}, {"source": 38, "target": 64, "weight": 0.005376}, {"source": 38, "target": 58, "weight": 0.015873}, {"source": 39, "target": 83, "weight": 0.25}, {"source": 39, "target": 72, "weight": 0.014706}, {"source": 39, "target": 89, "weight": 0.003774}, {"source": 39, "target": 102, "weight": 0.034483}, {"source": 39, "target": 56, "weight": 0.012821}, {"source": 39, "target": 81, "weight": 0.04918}, {"source": 39, "target": 94, "weight": 0.013889}, {"source": 40, "target": 103, "weight": 0.007092}, {"source": 40, "target": 89, "weight": 0.007143}, {"source": 42, "target": 99, "weight": 0.086207}, {"source": 42, "target": 55, "weight": 0.010638}, {"source": 42, "target": 115, "weight": 0.006849}, {"source": 42, "target": 82, "weight": 0.032258}, {"source": 43, "target": 76, "weight": 0.016129}, {"source": 43, "target": 107, "weight": 0.016667}, {"source": 45, "target": 64, "weight": 0.004808}, {"source": 46, "target": 68, "weight": 0.006667}, {"source": 46, "target": 89, "weight": 0.003559}, {"source": 46, "target": 101, "weight": 0.011765}, {"source": 46, "target": 72, "weight": 0.011905}, {"source": 46, "target": 94, "weight": 0.011364}, {"source": 46, "target": 64, "weight": 0.005618}, {"source": 47, "target": 107, "weight": 0.007246}, {"source": 47, "target": 75, "weight": 0.005556}, {"source": 47, "target": 88, "weight": 0.013072}, {"source": 47, "target": 99, "weight": 0.022059}, {"source": 47, "target": 57, "weight": 0.037559}, {"source": 47, "target": 101, "weight": 0.006803}, {"source": 47, "target": 78, "weight": 0.007937}, {"source": 47, "target": 103, "weight": 0.004926}, {"source": 47, "target": 56, "weight": 0.00641}, {"source": 47, "target": 115, "weight": 0.004505}, {"source": 47, "target": 64, "weight": 0.012605}, {"source": 47, "target": 85, "weight": 0.005587}, {"source": 49, "target": 65, "weight": 0.011236}, {"source": 49, "target": 62, "weight": 0.032258}, {"source": 49, "target": 82, "weight": 0.019231}, {"source": 50, "target": 86, "weight": 0.02454}, {"source": 50, "target": 66, "weight": 0.010417}, {"source": 50, "target": 68, "weight": 0.08}, {"source": 50, "target": 71, "weight": 0.018519}, {"source": 50, "target": 110, "weight": 0.009709}, {"source": 50, "target": 81, "weight": 0.011111}, {"source": 51, "target": 84, "weight": 0.007519}, {"source": 51, "target": 52, "weight": 0.018868}, {"source": 51, "target": 101, "weight": 0.010526}, {"source": 52, "target": 73, "weight": 0.007092}, {"source": 52, "target": 87, "weight": 0.008333}, {"source": 52, "target": 84, "weight": 0.006803}, {"source": 52, "target": 79, "weight": 0.009259}, {"source": 52, "target": 97, "weight": 0.028037}, {"source": 52, "target": 85, "weight": 0.021583}, {"source": 53, "target": 60, "weight": 0.0125}, {"source": 53, "target": 66, "weight": 0.00885}, {"source": 53, "target": 88, "weight": 0.287234}, {"source": 53, "target": 71, "weight": 0.014085}, {"source": 53, "target": 89, "weight": 0.107143}, {"source": 53, "target": 103, "weight": 0.017964}, {"source": 53, "target": 75, "weight": 0.006849}, {"source": 53, "target": 57, "weight": 0.005376}, {"source": 54, "target": 89, "weight": 0.003759}, {"source": 55, "target": 64, "weight": 0.014218}, {"source": 55, "target": 66, "weight": 0.008333}, {"source": 55, "target": 61, "weight": 0.025641}, {"source": 55, "target": 96, "weight": 0.008696}, {"source": 55, "target": 70, "weight": 0.259615}, {"source": 55, "target": 75, "weight": 0.013158}, {"source": 55, "target": 99, "weight": 0.009009}, {"source": 55, "target": 105, "weight": 0.0125}, {"source": 55, "target": 82, "weight": 0.008929}, {"source": 55, "target": 89, "weight": 0.003165}, {"source": 55, "target": 56, "weight": 0.007752}, {"source": 55, "target": 115, "weight": 0.005128}, {"source": 56, "target": 73, "weight": 0.007246}, {"source": 56, "target": 86, "weight": 0.005682}, {"source": 56, "target": 66, "weight": 0.07}, {"source": 56, "target": 81, "weight": 0.020202}, {"source": 56, "target": 61, "weight": 0.016393}, {"source": 56, "target": 79, "weight": 0.277108}, {"source": 56, "target": 102, "weight": 0.021053}, {"source": 56, "target": 70, "weight": 0.008621}, {"source": 56, "target": 97, "weight": 0.019048}, {"source": 56, "target": 94, "weight": 0.047619}, {"source": 56, "target": 57, "weight": 0.011236}, {"source": 56, "target": 69, "weight": 0.009709}, {"source": 56, "target": 64, "weight": 0.005025}, {"source": 56, "target": 85, "weight": 0.069231}, {"source": 57, "target": 86, "weight": 0.004167}, {"source": 57, "target": 68, "weight": 0.004255}, {"source": 57, "target": 64, "weight": 0.011494}, {"source": 57, "target": 67, "weight": 0.015504}, {"source": 57, "target": 61, "weight": 0.004016}, {"source": 57, "target": 79, "weight": 0.005917}, {"source": 57, "target": 77, "weight": 0.006897}, {"source": 57, "target": 100, "weight": 0.005587}, {"source": 57, "target": 101, "weight": 0.005882}, {"source": 57, "target": 80, "weight": 0.004651}, {"source": 57, "target": 81, "weight": 0.006098}, {"source": 57, "target": 82, "weight": 0.006173}, {"source": 57, "target": 89, "weight": 0.002732}, {"source": 57, "target": 95, "weight": 0.005376}, {"source": 57, "target": 103, "weight": 0.013393}, {"source": 57, "target": 85, "weight": 0.00495}, {"source": 57, "target": 115, "weight": 0.016529}, {"source": 58, "target": 65, "weight": 0.010417}, {"source": 58, "target": 76, "weight": 0.051724}, {"source": 58, "target": 61, "weight": 0.006849}, {"source": 58, "target": 100, "weight": 0.013158}, {"source": 58, "target": 68, "weight": 0.015267}, {"source": 58, "target": 95, "weight": 0.012048}, {"source": 58, "target": 90, "weight": 0.021739}, {"source": 58, "target": 94, "weight": 0.014286}, {"source": 58, "target": 115, "weight": 0.014184}, {"source": 60, "target": 80, "weight": 0.009174}, {"source": 60, "target": 89, "weight": 0.003846}, {"source": 61, "target": 94, "weight": 0.005587}, {"source": 61, "target": 64, "weight": 0.007463}, {"source": 61, "target": 66, "weight": 0.005682}, {"source": 61, "target": 84, "weight": 0.004673}, {"source": 61, "target": 68, "weight": 0.004149}, {"source": 61, "target": 70, "weight": 0.021858}, {"source": 61, "target": 93, "weight": 0.007143}, {"source": 61, "target": 99, "weight": 0.005988}, {"source": 61, "target": 102, "weight": 0.04375}, {"source": 61, "target": 81, "weight": 0.06875}, {"source": 61, "target": 115, "weight": 0.008}, {"source": 61, "target": 85, "weight": 0.009662}, {"source": 64, "target": 68, "weight": 0.007874}, {"source": 64, "target": 92, "weight": 0.006369}, {"source": 64, "target": 65, "weight": 0.004566}, {"source": 64, "target": 66, "weight": 0.010582}, {"source": 64, "target": 69, "weight": 0.005348}, {"source": 64, "target": 70, "weight": 0.01005}, {"source": 64, "target": 106, "weight": 0.006579}, {"source": 64, "target": 93, "weight": 0.006494}, {"source": 64, "target": 75, "weight": 0.009009}, {"source": 64, "target": 100, "weight": 0.010101}, {"source": 64, "target": 108, "weight": 0.009569}, {"source": 64, "target": 89, "weight": 0.007813}, {"source": 64, "target": 95, "weight": 0.004854}, {"source": 64, "target": 84, "weight": 0.004386}, {"source": 64, "target": 115, "weight": 0.019157}, {"source": 65, "target": 86, "weight": 0.005102}, {"source": 65, "target": 75, "weight": 0.019108}, {"source": 65, "target": 88, "weight": 0.007519}, {"source": 65, "target": 89, "weight": 0.012539}, {"source": 65, "target": 103, "weight": 0.022346}, {"source": 65, "target": 94, "weight": 0.007752}, {"source": 66, "target": 88, "weight": 0.009615}, {"source": 66, "target": 94, "weight": 0.01}, {"source": 66, "target": 69, "weight": 0.032609}, {"source": 66, "target": 68, "weight": 0.006173}, {"source": 66, "target": 96, "weight": 0.01087}, {"source": 66, "target": 70, "weight": 0.009346}, {"source": 66, "target": 75, "weight": 0.007692}, {"source": 66, "target": 100, "weight": 0.009434}, {"source": 66, "target": 79, "weight": 0.043011}, {"source": 66, "target": 89, "weight": 0.003413}, {"source": 68, "target": 86, "weight": 0.39521}, {"source": 68, "target": 87, "weight": 0.152318}, {"source": 68, "target": 94, "weight": 0.006061}, {"source": 68, "target": 69, "weight": 0.006289}, {"source": 68, "target": 98, "weight": 0.006849}, {"source": 68, "target": 81, "weight": 0.00641}, {"source": 68, "target": 82, "weight": 0.006494}, {"source": 68, "target": 89, "weight": 0.002793}, {"source": 68, "target": 110, "weight": 0.156463}, {"source": 68, "target": 95, "weight": 0.005618}, {"source": 68, "target": 85, "weight": 0.005155}, {"source": 68, "target": 115, "weight": 0.004219}, {"source": 69, "target": 107, "weight": 0.011765}, {"source": 69, "target": 81, "weight": 0.022989}, {"source": 69, "target": 72, "weight": 0.010753}, {"source": 69, "target": 102, "weight": 0.118421}, {"source": 69, "target": 94, "weight": 0.010309}, {"source": 69, "target": 115, "weight": 0.005917}, {"source": 69, "target": 85, "weight": 0.007937}, {"source": 70, "target": 75, "weight": 0.007143}, {"source": 70, "target": 84, "weight": 0.006897}, {"source": 70, "target": 98, "weight": 0.022222}, {"source": 70, "target": 100, "weight": 0.008621}, {"source": 70, "target": 105, "weight": 0.030303}, {"source": 70, "target": 95, "weight": 0.016393}, {"source": 70, "target": 115, "weight": 0.005495}, {"source": 71, "target": 88, "weight": 0.016129}, {"source": 72, "target": 83, "weight": 0.016393}, {"source": 72, "target": 97, "weight": 0.021053}, {"source": 73, "target": 83, "weight": 0.010638}, {"source": 73, "target": 89, "weight": 0.006173}, {"source": 73, "target": 101, "weight": 0.007752}, {"source": 73, "target": 102, "weight": 0.034483}, {"source": 73, "target": 84, "weight": 0.005988}, {"source": 73, "target": 110, "weight": 0.007353}, {"source": 74, "target": 95, "weight": 0.011111}, {"source": 74, "target": 107, "weight": 0.015385}, {"source": 75, "target": 88, "weight": 0.007299}, {"source": 75, "target": 109, "weight": 0.008772}, {"source": 75, "target": 96, "weight": 0.016129}, {"source": 75, "target": 93, "weight": 0.010638}, {"source": 75, "target": 99, "weight": 0.008264}, {"source": 75, "target": 77, "weight": 0.009524}, {"source": 75, "target": 100, "weight": 0.007194}, {"source": 75, "target": 103, "weight": 0.016304}, {"source": 75, "target": 82, "weight": 0.008197}, {"source": 75, "target": 95, "weight": 0.006849}, {"source": 75, "target": 112, "weight": 0.01626}, {"source": 75, "target": 98, "weight": 0.008772}, {"source": 75, "target": 85, "weight": 0.006173}, {"source": 76, "target": 89, "weight": 0.007018}, {"source": 76, "target": 84, "weight": 0.007813}, {"source": 76, "target": 115, "weight": 0.006061}, {"source": 78, "target": 89, "weight": 0.01487}, {"source": 78, "target": 80, "weight": 0.02521}, {"source": 79, "target": 97, "weight": 0.021053}, {"source": 79, "target": 81, "weight": 0.011111}, {"source": 79, "target": 85, "weight": 0.007813}, {"source": 80, "target": 88, "weight": 0.006711}, {"source": 80, "target": 89, "weight": 0.156997}, {"source": 80, "target": 104, "weight": 0.009174}, {"source": 81, "target": 86, "weight": 0.0125}, {"source": 81, "target": 107, "weight": 0.012195}, {"source": 81, "target": 89, "weight": 0.003484}, {"source": 81, "target": 102, "weight": 0.012346}, {"source": 81, "target": 94, "weight": 0.067416}, {"source": 81, "target": 82, "weight": 0.02439}, {"source": 82, "target": 86, "weight": 0.006289}, {"source": 82, "target": 107, "weight": 0.0125}, {"source": 82, "target": 99, "weight": 0.065789}, {"source": 82, "target": 110, "weight": 0.010417}, {"source": 82, "target": 111, "weight": 0.028986}, {"source": 83, "target": 102, "weight": 0.019231}, {"source": 83, "target": 97, "weight": 0.016129}, {"source": 84, "target": 98, "weight": 0.008403}, {"source": 84, "target": 89, "weight": 0.003021}, {"source": 84, "target": 85, "weight": 0.012048}, {"source": 85, "target": 86, "weight": 0.015228}, {"source": 85, "target": 87, "weight": 0.007143}, {"source": 85, "target": 96, "weight": 0.008065}, {"source": 85, "target": 102, "weight": 0.008403}, {"source": 85, "target": 107, "weight": 0.008333}, {"source": 85, "target": 89, "weight": 0.003077}, {"source": 85, "target": 95, "weight": 0.006897}, {"source": 85, "target": 115, "weight": 0.004902}, {"source": 86, "target": 87, "weight": 0.18543}, {"source": 86, "target": 88, "weight": 0.005747}, {"source": 86, "target": 92, "weight": 0.007463}, {"source": 86, "target": 94, "weight": 0.017857}, {"source": 86, "target": 98, "weight": 0.006623}, {"source": 86, "target": 115, "weight": 0.016736}, {"source": 86, "target": 100, "weight": 0.011429}, {"source": 86, "target": 103, "weight": 0.004484}, {"source": 86, "target": 107, "weight": 0.006329}, {"source": 86, "target": 89, "weight": 0.002755}, {"source": 86, "target": 110, "weight": 0.151316}, {"source": 86, "target": 111, "weight": 0.006757}, {"source": 87, "target": 107, "weight": 0.010101}, {"source": 87, "target": 110, "weight": 0.468354}, {"source": 88, "target": 89, "weight": 0.045139}, {"source": 88, "target": 103, "weight": 0.012579}, {"source": 89, "target": 95, "weight": 0.009772}, {"source": 89, "target": 93, "weight": 0.003891}, {"source": 89, "target": 100, "weight": 0.003311}, {"source": 89, "target": 104, "weight": 0.003846}, {"source": 89, "target": 103, "weight": 0.008646}, {"source": 90, "target": 115, "weight": 0.006623}, {"source": 92, "target": 111, "weight": 0.022222}, {"source": 92, "target": 115, "weight": 0.029412}, {"source": 94, "target": 102, "weight": 0.011111}, {"source": 95, "target": 107, "weight": 0.009615}, {"source": 95, "target": 115, "weight": 0.005319}, {"source": 96, "target": 115, "weight": 0.012048}, {"source": 98, "target": 100, "weight": 0.011111}, {"source": 98, "target": 111, "weight": 0.016129}, {"source": 98, "target": 115, "weight": 0.00641}, {"source": 100, "target": 111, "weight": 0.353846}, {"source": 100, "target": 103, "weight": 0.01875}, {"source": 100, "target": 107, "weight": 0.010309}, {"source": 100, "target": 115, "weight": 0.064327}, {"source": 102, "target": 112, "weight": 0.012346}, {"source": 103, "target": 108, "weight": 0.10828}, {"source": 103, "target": 115, "weight": 0.004386}, {"source": 105, "target": 111, "weight": 0.026316}, {"source": 108, "target": 111, "weight": 0.010204}, {"source": 111, "target": 115, "weight": 0.013158}], "multigraph": false}