{"directed": false, "graph": {}, "nodes": [{"group": 0, "id": "rakish"}, {"group": 1, "id": "rating", "degree": 36}, {"group": 1, "id": "radix"}, {"group": 2, "id": "ramous", "degree": 3}, {"group": 0, "id": "rambling"}, {"group": 3, "id": "ratify"}, {"group": 4, "id": "rapture", "degree": 17}, {"group": 5, "id": "rabbi"}, {"group": 0, "id": "random", "degree": 15}, {"group": 6, "id": "rapscallion", "degree": 6}, {"group": 0, "id": "rabbinic", "degree": 2}, {"group": 1, "id": "radar"}, {"group": 7, "id": "radio"}, {"group": 8, "id": "railing", "degree": 7}, {"group": 9, "id": "rampart"}, {"group": 4, "id": "rambler", "degree": 1}, {"group": 9, "id": "racecourse"}, {"group": 0, "id": "rapid"}, {"group": 1, "id": "ratio", "degree": 36}, {"group": 0, "id": "rash", "degree": 21}, {"group": 0, "id": "randy", "degree": 11}, {"group": 1, "id": "rankle"}, {"group": 1, "id": "rasp"}, {"group": 4, "id": "rabbinate"}, {"group": 10, "id": "rabble"}, {"group": 8, "id": "raillery", "degree": 7}, {"group": 1, "id": "ravel"}, {"group": 4, "id": "raven", "degree": 27}, {"group": 1, "id": "ranking"}, {"group": 11, "id": "rancorous", "degree": 10}, {"group": 11, "id": "radiator"}, {"group": 12, "id": "ragman"}, {"group": 13, "id": "rani", "degree": 0}, {"group": 1, "id": "rake", "degree": 48}, {"group": 8, "id": "razzing", "degree": 6}, {"group": 8, "id": "raiment", "degree": 10}, {"group": 0, "id": "rapturous"}, {"group": 1, "id": "rawhide", "degree": 32}, {"group": 2, "id": "ramshackle"}, {"group": 9, "id": "railroad", "degree": 13}, {"group": 4, "id": "ravishment"}, {"group": 4, "id": "randomness"}, {"group": 4, "id": "raptorial"}, {"group": 0, "id": "ranting"}, {"group": 0, "id": "radiant"}, {"group": 0, "id": "racy"}, {"group": 1, "id": "rabbet"}, {"group": 1, "id": "race", "degree": 60}, {"group": 1, "id": "rattail", "degree": 16}, {"group": 14, "id": "radial", "degree": 4}, {"group": 1, "id": "rack", "degree": 63}, {"group": 9, "id": "rathskeller"}, {"group": 4, "id": "rayless"}, {"group": 4, "id": "radicalism"}, {"group": 11, "id": "radium"}, {"group": 1, "id": "rate"}, {"group": 1, "id": "radius"}, {"group": 4, "id": "racket", "degree": 42}, {"group": 4, "id": "ravenous"}, {"group": 4, "id": "ransack", "degree": 24}, {"group": 6, "id": "rapist", "degree": 27}, {"group": 1, "id": "rarely"}, {"group": 7, "id": "radiology", "degree": 1}, {"group": 6, "id": "rascal", "degree": 8}, {"group": 6, "id": "raffish", "degree": 3}, {"group": 3, "id": "ratiocination", "degree": 12}, {"group": 3, "id": "rational"}, {"group": 4, "id": "ranter", "degree": 5}, {"group": 0, "id": "racing"}, {"group": 3, "id": "rapping"}, {"group": 15, "id": "ranged"}, {"group": 1, "id": "ration"}, {"group": 0, "id": "rapacious"}, {"group": 16, "id": "ranger", "degree": 0}, {"group": 8, "id": "ragtime", "degree": 17}, {"group": 15, "id": "ranked", "degree": 4}, {"group": 0, "id": "rapidly"}, {"group": 2, "id": "racked"}, {"group": 6, "id": "raider", "degree": 1}, {"group": 12, "id": "ragpicker", "degree": 2}, {"group": 1, "id": "rationing", "degree": 11}, {"group": 8, "id": "razz", "degree": 12}, {"group": 1, "id": "rare", "degree": 38}, {"group": 1, "id": "rasher"}, {"group": 4, "id": "ravish"}, {"group": 9, "id": "raddled"}, {"group": 0, "id": "rationalistic"}, {"group": 4, "id": "ramp", "degree": 28}, {"group": 1, "id": "range", "degree": 80}, {"group": 3, "id": "ratification", "degree": 19}, {"group": 4, "id": "raccoon"}, {"group": 9, "id": "railway"}, {"group": 2, "id": "raze"}, {"group": 0, "id": "raised", "degree": 22}, {"group": 4, "id": "railroader", "degree": 6}, {"group": 1, "id": "radical"}, {"group": 17, "id": "raconteur", "degree": 0}, {"group": 6, "id": "ravager", "degree": 4}, {"group": 1, "id": "rank"}, {"group": 4, "id": "rant", "degree": 27}, {"group": 5, "id": "raiser", "degree": 5}, {"group": 4, "id": "rave"}, {"group": 7, "id": "radiate"}, {"group": 2, "id": "ravaged"}, {"group": 2, "id": "raggedy", "degree": 14}, {"group": 10, "id": "rashness"}, {"group": 15, "id": "rated"}, {"group": 1, "id": "raise", "degree": 40}, {"group": 2, "id": "ratty"}, {"group": 8, "id": "raff"}, {"group": 11, "id": "racism"}, {"group": 4, "id": "ravage"}, {"group": 4, "id": "rattle", "degree": 58}, {"group": 6, "id": "racketeer"}, {"group": 2, "id": "racist", "degree": 4}, {"group": 5, "id": "rancher", "degree": 1}, {"group": 1, "id": "raft", "degree": 16}, {"group": 11, "id": "rankled"}, {"group": 10, "id": "rainfall"}, {"group": 1, "id": "rather"}, {"group": 2, "id": "rawboned", "degree": 4}, {"group": 3, "id": "rationalism", "degree": 11}, {"group": 4, "id": "racer"}, {"group": 4, "id": "rabbit", "degree": 0}, {"group": 0, "id": "raunchy"}, {"group": 0, "id": "rampant"}, {"group": 1, "id": "raising"}, {"group": 4, "id": "raga", "degree": 2}, {"group": 4, "id": "rampage"}, {"group": 4, "id": "rage", "degree": 51}, {"group": 6, "id": "ravisher"}, {"group": 7, "id": "radiorays"}, {"group": 1, "id": "rarity"}, {"group": 0, "id": "rattlebrained", "degree": 7}, {"group": 18, "id": "rationally", "degree": 0}, {"group": 1, "id": "ratchet", "degree": 8}, {"group": 3, "id": "rationalization", "degree": 24}, {"group": 11, "id": "rancor", "degree": 8}, {"group": 0, "id": "ravished", "degree": 22}, {"group": 8, "id": "rag"}, {"group": 7, "id": "radiance"}, {"group": 7, "id": "radiogram", "degree": 1}, {"group": 10, "id": "rapids"}, {"group": 0, "id": "raging", "degree": 21}, {"group": 4, "id": "ram", "degree": 21}, {"group": 0, "id": "rapt"}, {"group": 7, "id": "radiotherapy", "degree": 2}, {"group": 0, "id": "raw"}, {"group": 6, "id": "rat", "degree": 18}, {"group": 10, "id": "rainstorm", "degree": 13}, {"group": 1, "id": "rap"}, {"group": 1, "id": "rally"}, {"group": 11, "id": "radioelement", "degree": 2}, {"group": 4, "id": "rape", "degree": 18}, {"group": 7, "id": "ray", "degree": 21}, {"group": 1, "id": "ransom", "degree": 5}, {"group": 3, "id": "rapprochement", "degree": 8}, {"group": 0, "id": "rainy", "degree": 14}, {"group": 12, "id": "ragamuffin", "degree": 5}, {"group": 4, "id": "rapacity", "degree": 8}, {"group": 1, "id": "raddle", "degree": 17}, {"group": 7, "id": "radiation"}, {"group": 1, "id": "rarefy"}, {"group": 1, "id": "ratified"}, {"group": 3, "id": "rapport"}, {"group": 10, "id": "rapidity", "degree": 16}, {"group": 5, "id": "rainmaker", "degree": 2}, {"group": 4, "id": "raffle"}, {"group": 4, "id": "raid"}, {"group": 0, "id": "rabies"}, {"group": 1, "id": "rainbow", "degree": 25}, {"group": 10, "id": "raindrop", "degree": 12}, {"group": 2, "id": "racking", "degree": 13}, {"group": 9, "id": "rail", "degree": 30}, {"group": 1, "id": "radically", "degree": 5}, {"group": 10, "id": "rain", "degree": 33}, {"group": 1, "id": "rarefied", "degree": 26}, {"group": 2, "id": "raucous"}, {"group": 1, "id": "rations"}, {"group": 0, "id": "rabid", "degree": 23}, {"group": 3, "id": "rationale", "degree": 8}, {"group": 2, "id": "rasping", "degree": 17}, {"group": 1, "id": "ramify"}, {"group": 4, "id": "ramble", "degree": 38}, {"group": 14, "id": "radiating", "degree": 3}, {"group": 1, "id": "rationalize", "degree": 16}, {"group": 1, "id": "ranch", "degree": 9}, {"group": 0, "id": "rancid"}, {"group": 2, "id": "ragged"}, {"group": 3, "id": "radionics"}, {"group": 1, "id": "ramification", "degree": 16}, {"group": 1, "id": "rainbowlike", "degree": 0}, {"group": 1, "id": "ravine"}, {"group": 0, "id": "raving"}, {"group": 3, "id": "rationality"}], "links": [{"source": 0, "target": 155, "weight": 0.014085}, {"source": 0, "target": 143, "weight": 0.021053}, {"source": 0, "target": 33, "weight": 0.013072}, {"source": 0, "target": 64, "weight": 0.04878}, {"source": 0, "target": 19, "weight": 0.015873}, {"source": 0, "target": 74, "weight": 0.02}, {"source": 0, "target": 179, "weight": 0.022727}, {"source": 0, "target": 138, "weight": 0.026667}, {"source": 1, "target": 139, "weight": 0.013575}, {"source": 1, "target": 2, "weight": 0.007634}, {"source": 1, "target": 112, "weight": 0.003165}, {"source": 1, "target": 95, "weight": 0.00597}, {"source": 1, "target": 144, "weight": 0.005848}, {"source": 1, "target": 98, "weight": 0.082437}, {"source": 1, "target": 99, "weight": 0.013043}, {"source": 1, "target": 55, "weight": 0.119469}, {"source": 1, "target": 56, "weight": 0.009302}, {"source": 1, "target": 150, "weight": 0.018072}, {"source": 1, "target": 101, "weight": 0.01087}, {"source": 1, "target": 151, "weight": 0.005291}, {"source": 1, "target": 153, "weight": 0.022727}, {"source": 1, "target": 147, "weight": 0.003623}, {"source": 1, "target": 17, "weight": 0.00578}, {"source": 1, "target": 18, "weight": 0.030303}, {"source": 1, "target": 107, "weight": 0.009412}, {"source": 1, "target": 110, "weight": 0.007519}, {"source": 1, "target": 111, "weight": 0.004292}, {"source": 1, "target": 164, "weight": 0.004762}, {"source": 1, "target": 28, "weight": 0.138298}, {"source": 1, "target": 71, "weight": 0.012121}, {"source": 1, "target": 168, "weight": 0.0125}, {"source": 1, "target": 33, "weight": 0.004292}, {"source": 1, "target": 173, "weight": 0.011905}, {"source": 1, "target": 175, "weight": 0.004808}, {"source": 1, "target": 194, "weight": 0.006173}, {"source": 1, "target": 181, "weight": 0.007042}, {"source": 1, "target": 39, "weight": 0.007299}, {"source": 1, "target": 125, "weight": 0.004065}, {"source": 1, "target": 182, "weight": 0.006024}, {"source": 1, "target": 80, "weight": 0.007576}, {"source": 1, "target": 128, "weight": 0.011765}, {"source": 1, "target": 129, "weight": 0.007576}, {"source": 1, "target": 84, "weight": 0.005208}, {"source": 1, "target": 87, "weight": 0.016304}, {"source": 1, "target": 187, "weight": 0.006061}, {"source": 1, "target": 88, "weight": 0.042184}, {"source": 1, "target": 47, "weight": 0.114865}, {"source": 1, "target": 190, "weight": 0.017964}, {"source": 1, "target": 40, "weight": 0.005952}, {"source": 1, "target": 136, "weight": 0.014851}, {"source": 1, "target": 91, "weight": 0.007353}, {"source": 1, "target": 92, "weight": 0.011494}, {"source": 1, "target": 50, "weight": 0.002933}, {"source": 1, "target": 12, "weight": 0.005952}, {"source": 1, "target": 186, "weight": 0.021127}, {"source": 2, "target": 18, "weight": 0.025641}, {"source": 2, "target": 107, "weight": 0.002959}, {"source": 2, "target": 33, "weight": 0.006993}, {"source": 2, "target": 87, "weight": 0.010417}, {"source": 2, "target": 175, "weight": 0.008475}, {"source": 2, "target": 65, "weight": 0.023256}, {"source": 2, "target": 47, "weight": 0.016949}, {"source": 2, "target": 190, "weight": 0.012658}, {"source": 2, "target": 179, "weight": 0.012821}, {"source": 2, "target": 136, "weight": 0.008772}, {"source": 3, "target": 182, "weight": 0.015152}, {"source": 3, "target": 120, "weight": 0.034483}, {"source": 3, "target": 190, "weight": 0.014493}, {"source": 4, "target": 112, "weight": 0.002558}, {"source": 4, "target": 8, "weight": 0.086957}, {"source": 4, "target": 57, "weight": 0.002786}, {"source": 4, "target": 172, "weight": 0.004608}, {"source": 4, "target": 99, "weight": 0.003257}, {"source": 4, "target": 59, "weight": 0.004608}, {"source": 4, "target": 154, "weight": 0.004425}, {"source": 4, "target": 158, "weight": 0.014354}, {"source": 4, "target": 160, "weight": 0.004202}, {"source": 4, "target": 15, "weight": 0.005025}, {"source": 4, "target": 19, "weight": 0.010753}, {"source": 4, "target": 143, "weight": 0.028689}, {"source": 4, "target": 104, "weight": 0.008772}, {"source": 4, "target": 27, "weight": 0.004098}, {"source": 4, "target": 33, "weight": 0.006515}, {"source": 4, "target": 179, "weight": 0.02521}, {"source": 4, "target": 181, "weight": 0.004608}, {"source": 4, "target": 79, "weight": 0.014354}, {"source": 4, "target": 82, "weight": 0.008499}, {"source": 4, "target": 183, "weight": 0.067227}, {"source": 4, "target": 129, "weight": 0.002941}, {"source": 4, "target": 133, "weight": 0.019608}, {"source": 4, "target": 88, "weight": 0.014344}, {"source": 4, "target": 47, "weight": 0.002475}, {"source": 4, "target": 48, "weight": 0.004975}, {"source": 4, "target": 50, "weight": 0.002404}, {"source": 4, "target": 138, "weight": 0.026667}, {"source": 5, "target": 88, "weight": 0.00271}, {"source": 5, "target": 89, "weight": 0.058824}, {"source": 5, "target": 107, "weight": 0.005305}, {"source": 5, "target": 175, "weight": 0.006329}, {"source": 5, "target": 185, "weight": 0.007299}, {"source": 6, "target": 140, "weight": 0.0375}, {"source": 6, "target": 53, "weight": 0.014085}, {"source": 6, "target": 99, "weight": 0.012195}, {"source": 6, "target": 57, "weight": 0.023474}, {"source": 6, "target": 153, "weight": 0.018018}, {"source": 6, "target": 60, "weight": 0.010309}, {"source": 6, "target": 107, "weight": 0.005556}, {"source": 6, "target": 111, "weight": 0.006024}, {"source": 6, "target": 164, "weight": 0.006993}, {"source": 6, "target": 168, "weight": 0.010638}, {"source": 6, "target": 169, "weight": 0.012658}, {"source": 6, "target": 126, "weight": 0.016949}, {"source": 6, "target": 43, "weight": 0.010101}, {"source": 6, "target": 183, "weight": 0.009009}, {"source": 6, "target": 128, "weight": 0.019417}, {"source": 6, "target": 129, "weight": 0.081522}, {"source": 6, "target": 84, "weight": 0.02439}, {"source": 6, "target": 87, "weight": 0.008403}, {"source": 6, "target": 40, "weight": 0.545455}, {"source": 6, "target": 193, "weight": 0.007692}, {"source": 6, "target": 50, "weight": 0.00365}, {"source": 6, "target": 101, "weight": 0.017094}, {"source": 7, "target": 89, "weight": 0.010309}, {"source": 7, "target": 100, "weight": 0.009901}, {"source": 7, "target": 107, "weight": 0.002717}, {"source": 7, "target": 166, "weight": 0.017544}, {"source": 8, "target": 143, "weight": 0.013158}, {"source": 8, "target": 95, "weight": 0.003185}, {"source": 8, "target": 98, "weight": 0.003448}, {"source": 8, "target": 147, "weight": 0.003937}, {"source": 8, "target": 172, "weight": 0.008333}, {"source": 8, "target": 104, "weight": 0.007576}, {"source": 8, "target": 188, "weight": 0.035874}, {"source": 8, "target": 158, "weight": 0.008772}, {"source": 8, "target": 52, "weight": 0.009434}, {"source": 8, "target": 31, "weight": 0.008772}, {"source": 8, "target": 176, "weight": 0.013699}, {"source": 8, "target": 43, "weight": 0.013986}, {"source": 8, "target": 125, "weight": 0.013514}, {"source": 8, "target": 79, "weight": 0.008772}, {"source": 8, "target": 41, "weight": 0.008621}, {"source": 8, "target": 82, "weight": 0.011719}, {"source": 8, "target": 183, "weight": 0.012903}, {"source": 8, "target": 44, "weight": 0.004739}, {"source": 8, "target": 133, "weight": 0.009091}, {"source": 8, "target": 88, "weight": 0.002519}, {"source": 8, "target": 193, "weight": 0.023256}, {"source": 9, "target": 60, "weight": 0.050633}, {"source": 9, "target": 63, "weight": 0.75}, {"source": 9, "target": 148, "weight": 0.030303}, {"source": 9, "target": 177, "weight": 0.013699}, {"source": 9, "target": 64, "weight": 0.025641}, {"source": 9, "target": 113, "weight": 0.030769}, {"source": 9, "target": 190, "weight": 0.023256}, {"source": 10, "target": 86, "weight": 0.021739}, {"source": 10, "target": 145, "weight": 0.008333}, {"source": 11, "target": 88, "weight": 0.00625}, {"source": 11, "target": 185, "weight": 0.011236}, {"source": 12, "target": 47, "weight": 0.007273}, {"source": 12, "target": 18, "weight": 0.008621}, {"source": 12, "target": 141, "weight": 0.084746}, {"source": 12, "target": 112, "weight": 0.003802}, {"source": 12, "target": 144, "weight": 0.008475}, {"source": 12, "target": 148, "weight": 0.007692}, {"source": 12, "target": 107, "weight": 0.008043}, {"source": 12, "target": 88, "weight": 0.002732}, {"source": 12, "target": 89, "weight": 0.009615}, {"source": 12, "target": 82, "weight": 0.004405}, {"source": 12, "target": 67, "weight": 0.012821}, {"source": 12, "target": 50, "weight": 0.003472}, {"source": 12, "target": 154, "weight": 0.020619}, {"source": 13, "target": 81, "weight": 0.016667}, {"source": 13, "target": 39, "weight": 0.018182}, {"source": 13, "target": 44, "weight": 0.006623}, {"source": 13, "target": 33, "weight": 0.006623}, {"source": 13, "target": 173, "weight": 0.060241}, {"source": 13, "target": 55, "weight": 0.005882}, {"source": 13, "target": 34, "weight": 0.578947}, {"source": 13, "target": 46, "weight": 0.007874}, {"source": 13, "target": 14, "weight": 0.035714}, {"source": 13, "target": 91, "weight": 0.018519}, {"source": 13, "target": 25, "weight": 0.276596}, {"source": 14, "target": 144, "weight": 0.017094}, {"source": 14, "target": 107, "weight": 0.002667}, {"source": 14, "target": 112, "weight": 0.007634}, {"source": 14, "target": 87, "weight": 0.022901}, {"source": 14, "target": 33, "weight": 0.016854}, {"source": 14, "target": 173, "weight": 0.054054}, {"source": 14, "target": 88, "weight": 0.002732}, {"source": 14, "target": 89, "weight": 0.009615}, {"source": 14, "target": 190, "weight": 0.017391}, {"source": 14, "target": 57, "weight": 0.004329}, {"source": 14, "target": 116, "weight": 0.011111}, {"source": 14, "target": 39, "weight": 0.011905}, {"source": 14, "target": 154, "weight": 0.010204}, {"source": 14, "target": 50, "weight": 0.006969}, {"source": 14, "target": 27, "weight": 0.008621}, {"source": 15, "target": 88, "weight": 0.003106}, {"source": 15, "target": 183, "weight": 0.012346}, {"source": 16, "target": 183, "weight": 0.011765}, {"source": 16, "target": 160, "weight": 0.014286}, {"source": 16, "target": 173, "weight": 0.013158}, {"source": 16, "target": 88, "weight": 0.018692}, {"source": 16, "target": 47, "weight": 0.004237}, {"source": 16, "target": 39, "weight": 0.022727}, {"source": 16, "target": 50, "weight": 0.004032}, {"source": 16, "target": 107, "weight": 0.002985}, {"source": 17, "target": 93, "weight": 0.008403}, {"source": 17, "target": 107, "weight": 0.005277}, {"source": 17, "target": 129, "weight": 0.004608}, {"source": 17, "target": 33, "weight": 0.005405}, {"source": 17, "target": 87, "weight": 0.007246}, {"source": 17, "target": 19, "weight": 0.067114}, {"source": 17, "target": 99, "weight": 0.005435}, {"source": 17, "target": 47, "weight": 0.003559}, {"source": 17, "target": 190, "weight": 0.008264}, {"source": 17, "target": 175, "weight": 0.00625}, {"source": 17, "target": 172, "weight": 0.010638}, {"source": 17, "target": 67, "weight": 0.012048}, {"source": 17, "target": 165, "weight": 0.020619}, {"source": 17, "target": 154, "weight": 0.009709}, {"source": 18, "target": 139, "weight": 0.011765}, {"source": 18, "target": 95, "weight": 0.007067}, {"source": 18, "target": 98, "weight": 0.020333}, {"source": 18, "target": 162, "weight": 0.009901}, {"source": 18, "target": 55, "weight": 0.069149}, {"source": 18, "target": 56, "weight": 0.071429}, {"source": 18, "target": 150, "weight": 0.007042}, {"source": 18, "target": 151, "weight": 0.006135}, {"source": 18, "target": 154, "weight": 0.010101}, {"source": 18, "target": 156, "weight": 0.021505}, {"source": 18, "target": 107, "weight": 0.010724}, {"source": 18, "target": 88, "weight": 0.108434}, {"source": 18, "target": 164, "weight": 0.025806}, {"source": 18, "target": 65, "weight": 0.051282}, {"source": 18, "target": 21, "weight": 0.007407}, {"source": 18, "target": 66, "weight": 0.014184}, {"source": 18, "target": 121, "weight": 0.026316}, {"source": 18, "target": 27, "weight": 0.008547}, {"source": 18, "target": 71, "weight": 0.055046}, {"source": 18, "target": 168, "weight": 0.009174}, {"source": 18, "target": 22, "weight": 0.007143}, {"source": 18, "target": 33, "weight": 0.022472}, {"source": 18, "target": 173, "weight": 0.017241}, {"source": 18, "target": 175, "weight": 0.012903}, {"source": 18, "target": 176, "weight": 0.008547}, {"source": 18, "target": 37, "weight": 0.009009}, {"source": 18, "target": 180, "weight": 0.025641}, {"source": 18, "target": 136, "weight": 0.026846}, {"source": 18, "target": 125, "weight": 0.005155}, {"source": 18, "target": 126, "weight": 0.007463}, {"source": 18, "target": 183, "weight": 0.007937}, {"source": 18, "target": 82, "weight": 0.004386}, {"source": 18, "target": 83, "weight": 0.007692}, {"source": 18, "target": 185, "weight": 0.007407}, {"source": 18, "target": 87, "weight": 0.022727}, {"source": 18, "target": 188, "weight": 0.005}, {"source": 18, "target": 46, "weight": 0.012821}, {"source": 18, "target": 47, "weight": 0.018315}, {"source": 18, "target": 192, "weight": 0.016129}, {"source": 18, "target": 92, "weight": 0.016393}, {"source": 18, "target": 50, "weight": 0.017544}, {"source": 18, "target": 194, "weight": 0.168421}, {"source": 19, "target": 29, "weight": 0.007463}, {"source": 19, "target": 93, "weight": 0.006579}, {"source": 19, "target": 142, "weight": 0.007407}, {"source": 19, "target": 112, "weight": 0.003322}, {"source": 19, "target": 147, "weight": 0.003831}, {"source": 19, "target": 104, "weight": 0.007194}, {"source": 19, "target": 188, "weight": 0.012766}, {"source": 19, "target": 76, "weight": 0.008621}, {"source": 19, "target": 107, "weight": 0.004854}, {"source": 19, "target": 143, "weight": 0.00625}, {"source": 19, "target": 20, "weight": 0.008065}, {"source": 19, "target": 21, "weight": 0.005814}, {"source": 19, "target": 22, "weight": 0.00565}, {"source": 19, "target": 117, "weight": 0.00885}, {"source": 19, "target": 169, "weight": 0.015385}, {"source": 19, "target": 175, "weight": 0.005181}, {"source": 19, "target": 177, "weight": 0.007143}, {"source": 19, "target": 179, "weight": 0.006536}, {"source": 19, "target": 125, "weight": 0.008696}, {"source": 19, "target": 43, "weight": 0.006623}, {"source": 19, "target": 129, "weight": 0.016194}, {"source": 19, "target": 133, "weight": 0.008547}, {"source": 19, "target": 47, "weight": 0.003185}, {"source": 19, "target": 193, "weight": 0.005495}, {"source": 19, "target": 92, "weight": 0.00625}, {"source": 19, "target": 50, "weight": 0.003067}, {"source": 19, "target": 138, "weight": 0.007143}, {"source": 20, "target": 98, "weight": 0.003846}, {"source": 20, "target": 43, "weight": 0.011905}, {"source": 20, "target": 143, "weight": 0.021739}, {"source": 20, "target": 33, "weight": 0.006623}, {"source": 20, "target": 157, "weight": 0.017857}, {"source": 20, "target": 45, "weight": 0.028571}, {"source": 20, "target": 72, "weight": 0.015152}, {"source": 20, "target": 147, "weight": 0.010363}, {"source": 20, "target": 74, "weight": 0.021277}, {"source": 20, "target": 179, "weight": 0.011628}, {"source": 20, "target": 124, "weight": 0.09434}, {"source": 20, "target": 58, "weight": 0.013889}, {"source": 20, "target": 193, "weight": 0.008696}, {"source": 20, "target": 138, "weight": 0.013699}, {"source": 21, "target": 112, "weight": 0.007117}, {"source": 21, "target": 144, "weight": 0.014706}, {"source": 21, "target": 137, "weight": 0.009804}, {"source": 21, "target": 99, "weight": 0.015306}, {"source": 21, "target": 59, "weight": 0.009259}, {"source": 21, "target": 107, "weight": 0.015424}, {"source": 21, "target": 160, "weight": 0.023622}, {"source": 21, "target": 153, "weight": 0.006897}, {"source": 21, "target": 135, "weight": 0.011111}, {"source": 21, "target": 27, "weight": 0.007407}, {"source": 21, "target": 33, "weight": 0.010101}, {"source": 21, "target": 175, "weight": 0.005747}, {"source": 21, "target": 176, "weight": 0.007407}, {"source": 21, "target": 37, "weight": 0.007752}, {"source": 21, "target": 181, "weight": 0.009259}, {"source": 21, "target": 82, "weight": 0.004065}, {"source": 21, "target": 183, "weight": 0.006944}, {"source": 21, "target": 129, "weight": 0.022026}, {"source": 21, "target": 186, "weight": 0.009091}, {"source": 21, "target": 87, "weight": 0.013245}, {"source": 21, "target": 88, "weight": 0.007833}, {"source": 21, "target": 47, "weight": 0.010239}, {"source": 21, "target": 48, "weight": 0.01087}, {"source": 21, "target": 50, "weight": 0.140741}, {"source": 22, "target": 112, "weight": 0.006993}, {"source": 22, "target": 144, "weight": 0.007042}, {"source": 22, "target": 137, "weight": 0.009346}, {"source": 22, "target": 99, "weight": 0.014925}, {"source": 22, "target": 57, "weight": 0.003922}, {"source": 22, "target": 59, "weight": 0.00885}, {"source": 22, "target": 107, "weight": 0.002506}, {"source": 22, "target": 160, "weight": 0.022727}, {"source": 22, "target": 153, "weight": 0.006667}, {"source": 22, "target": 135, "weight": 0.010526}, {"source": 22, "target": 33, "weight": 0.014851}, {"source": 22, "target": 35, "weight": 0.007519}, {"source": 22, "target": 176, "weight": 0.007143}, {"source": 22, "target": 37, "weight": 0.007463}, {"source": 22, "target": 181, "weight": 0.055556}, {"source": 22, "target": 82, "weight": 0.003984}, {"source": 22, "target": 183, "weight": 0.006711}, {"source": 22, "target": 129, "weight": 0.012821}, {"source": 22, "target": 87, "weight": 0.006369}, {"source": 22, "target": 88, "weight": 0.010336}, {"source": 22, "target": 47, "weight": 0.006689}, {"source": 22, "target": 48, "weight": 0.010309}, {"source": 22, "target": 50, "weight": 0.142336}, {"source": 23, "target": 57, "weight": 0.005587}, {"source": 24, "target": 107, "weight": 0.011834}, {"source": 24, "target": 112, "weight": 0.008772}, {"source": 24, "target": 144, "weight": 0.036585}, {"source": 24, "target": 175, "weight": 0.02521}, {"source": 24, "target": 88, "weight": 0.003012}, {"source": 24, "target": 47, "weight": 0.004132}, {"source": 24, "target": 149, "weight": 0.069767}, {"source": 24, "target": 116, "weight": 0.036364}, {"source": 24, "target": 50, "weight": 0.003937}, {"source": 25, "target": 139, "weight": 0.058824}, {"source": 25, "target": 81, "weight": 0.166667}, {"source": 25, "target": 69, "weight": 0.018519}, {"source": 25, "target": 109, "weight": 0.020833}, {"source": 25, "target": 122, "weight": 0.014706}, {"source": 25, "target": 34, "weight": 0.377778}, {"source": 25, "target": 164, "weight": 0.007692}, {"source": 25, "target": 74, "weight": 0.020408}, {"source": 25, "target": 47, "weight": 0.004016}, {"source": 25, "target": 150, "weight": 0.011765}, {"source": 25, "target": 57, "weight": 0.004902}, {"source": 25, "target": 151, "weight": 0.023891}, {"source": 26, "target": 183, "weight": 0.008065}, {"source": 26, "target": 185, "weight": 0.055118}, {"source": 26, "target": 112, "weight": 0.023346}, {"source": 26, "target": 33, "weight": 0.005587}, {"source": 26, "target": 160, "weight": 0.018519}, {"source": 26, "target": 88, "weight": 0.005495}, {"source": 26, "target": 48, "weight": 0.013889}, {"source": 26, "target": 57, "weight": 0.004348}, {"source": 26, "target": 116, "weight": 0.011236}, {"source": 26, "target": 107, "weight": 0.002674}, {"source": 27, "target": 139, "weight": 0.011765}, {"source": 27, "target": 112, "weight": 0.003788}, {"source": 27, "target": 95, "weight": 0.003521}, {"source": 27, "target": 144, "weight": 0.016949}, {"source": 27, "target": 98, "weight": 0.005464}, {"source": 27, "target": 99, "weight": 0.022599}, {"source": 27, "target": 148, "weight": 0.007634}, {"source": 27, "target": 56, "weight": 0.006098}, {"source": 27, "target": 59, "weight": 0.263889}, {"source": 27, "target": 60, "weight": 0.008929}, {"source": 27, "target": 107, "weight": 0.00266}, {"source": 27, "target": 88, "weight": 0.005464}, {"source": 27, "target": 111, "weight": 0.1375}, {"source": 27, "target": 52, "weight": 0.054795}, {"source": 27, "target": 167, "weight": 0.015873}, {"source": 27, "target": 168, "weight": 0.208791}, {"source": 27, "target": 170, "weight": 0.021898}, {"source": 27, "target": 33, "weight": 0.022472}, {"source": 27, "target": 175, "weight": 0.00641}, {"source": 27, "target": 37, "weight": 0.009009}, {"source": 27, "target": 153, "weight": 0.07563}, {"source": 27, "target": 128, "weight": 0.025641}, {"source": 27, "target": 129, "weight": 0.019048}, {"source": 27, "target": 84, "weight": 0.155738}, {"source": 27, "target": 87, "weight": 0.030534}, {"source": 27, "target": 46, "weight": 0.019355}, {"source": 27, "target": 47, "weight": 0.00361}, {"source": 27, "target": 40, "weight": 0.054054}, {"source": 27, "target": 192, "weight": 0.008}, {"source": 27, "target": 101, "weight": 0.030769}, {"source": 28, "target": 80, "weight": 0.008065}, {"source": 28, "target": 82, "weight": 0.018657}, {"source": 28, "target": 107, "weight": 0.002381}, {"source": 28, "target": 184, "weight": 0.009091}, {"source": 28, "target": 136, "weight": 0.005102}, {"source": 28, "target": 88, "weight": 0.009804}, {"source": 28, "target": 47, "weight": 0.012579}, {"source": 28, "target": 100, "weight": 0.006536}, {"source": 28, "target": 49, "weight": 0.009091}, {"source": 28, "target": 181, "weight": 0.007463}, {"source": 28, "target": 190, "weight": 0.0125}, {"source": 29, "target": 108, "weight": 0.014706}, {"source": 29, "target": 54, "weight": 0.044444}, {"source": 29, "target": 137, "weight": 0.015625}, {"source": 29, "target": 72, "weight": 0.013158}, {"source": 29, "target": 147, "weight": 0.014851}, {"source": 29, "target": 98, "weight": 0.005671}, {"source": 29, "target": 95, "weight": 0.003788}, {"source": 29, "target": 58, "weight": 0.012195}, {"source": 29, "target": 117, "weight": 0.295455}, {"source": 29, "target": 45, "weight": 0.012346}, {"source": 29, "target": 44, "weight": 0.006211}, {"source": 30, "target": 152, "weight": 0.166667}, {"source": 31, "target": 33, "weight": 0.006757}, {"source": 31, "target": 183, "weight": 0.044444}, {"source": 31, "target": 158, "weight": 0.925926}, {"source": 31, "target": 63, "weight": 0.016949}, {"source": 31, "target": 88, "weight": 0.012085}, {"source": 31, "target": 79, "weight": 0.925926}, {"source": 33, "target": 142, "weight": 0.025157}, {"source": 33, "target": 112, "weight": 0.012308}, {"source": 33, "target": 95, "weight": 0.002874}, {"source": 33, "target": 98, "weight": 0.004894}, {"source": 33, "target": 162, "weight": 0.012195}, {"source": 33, "target": 55, "weight": 0.01145}, {"source": 33, "target": 150, "weight": 0.020408}, {"source": 33, "target": 102, "weight": 0.005882}, {"source": 33, "target": 57, "weight": 0.00678}, {"source": 33, "target": 151, "weight": 0.005128}, {"source": 33, "target": 59, "weight": 0.054422}, {"source": 33, "target": 154, "weight": 0.012346}, {"source": 33, "target": 60, "weight": 0.005682}, {"source": 33, "target": 107, "weight": 0.013793}, {"source": 33, "target": 158, "weight": 0.006757}, {"source": 33, "target": 161, "weight": 0.006024}, {"source": 33, "target": 46, "weight": 0.018349}, {"source": 33, "target": 111, "weight": 0.016529}, {"source": 33, "target": 131, "weight": 0.007576}, {"source": 33, "target": 190, "weight": 0.01676}, {"source": 33, "target": 139, "weight": 0.017241}, {"source": 33, "target": 118, "weight": 0.007246}, {"source": 33, "target": 144, "weight": 0.016575}, {"source": 33, "target": 168, "weight": 0.011628}, {"source": 33, "target": 171, "weight": 0.014493}, {"source": 33, "target": 71, "weight": 0.005618}, {"source": 33, "target": 173, "weight": 0.076923}, {"source": 33, "target": 175, "weight": 0.027907}, {"source": 33, "target": 35, "weight": 0.005747}, {"source": 33, "target": 176, "weight": 0.011111}, {"source": 33, "target": 74, "weight": 0.014286}, {"source": 33, "target": 37, "weight": 0.011494}, {"source": 33, "target": 153, "weight": 0.010526}, {"source": 33, "target": 136, "weight": 0.00463}, {"source": 33, "target": 39, "weight": 0.006711}, {"source": 33, "target": 125, "weight": 0.003876}, {"source": 33, "target": 79, "weight": 0.006757}, {"source": 33, "target": 82, "weight": 0.006873}, {"source": 33, "target": 83, "weight": 0.026316}, {"source": 33, "target": 129, "weight": 0.00361}, {"source": 33, "target": 120, "weight": 0.007092}, {"source": 33, "target": 84, "weight": 0.0199}, {"source": 33, "target": 87, "weight": 0.047368}, {"source": 33, "target": 148, "weight": 0.005128}, {"source": 33, "target": 188, "weight": 0.003788}, {"source": 33, "target": 88, "weight": 0.021277}, {"source": 33, "target": 47, "weight": 0.011834}, {"source": 33, "target": 135, "weight": 0.104839}, {"source": 33, "target": 192, "weight": 0.005291}, {"source": 33, "target": 91, "weight": 0.006757}, {"source": 33, "target": 92, "weight": 0.016216}, {"source": 33, "target": 50, "weight": 0.017241}, {"source": 33, "target": 186, "weight": 0.012903}, {"source": 34, "target": 139, "weight": 0.014085}, {"source": 34, "target": 81, "weight": 0.05}, {"source": 34, "target": 44, "weight": 0.006536}, {"source": 34, "target": 173, "weight": 0.011236}, {"source": 34, "target": 150, "weight": 0.003891}, {"source": 34, "target": 151, "weight": 0.003344}, {"source": 35, "target": 150, "weight": 0.003597}, {"source": 35, "target": 139, "weight": 0.050955}, {"source": 35, "target": 81, "weight": 0.012048}, {"source": 35, "target": 83, "weight": 0.00813}, {"source": 35, "target": 55, "weight": 0.005181}, {"source": 35, "target": 129, "weight": 0.009756}, {"source": 35, "target": 88, "weight": 0.002778}, {"source": 35, "target": 98, "weight": 0.001838}, {"source": 35, "target": 99, "weight": 0.00578}, {"source": 35, "target": 74, "weight": 0.014286}, {"source": 35, "target": 47, "weight": 0.007435}, {"source": 35, "target": 151, "weight": 0.00627}, {"source": 35, "target": 181, "weight": 0.02439}, {"source": 35, "target": 92, "weight": 0.017391}, {"source": 35, "target": 50, "weight": 0.003546}, {"source": 35, "target": 107, "weight": 0.00271}, {"source": 36, "target": 143, "weight": 0.064103}, {"source": 36, "target": 93, "weight": 0.027397}, {"source": 36, "target": 50, "weight": 0.004032}, {"source": 36, "target": 138, "weight": 0.340426}, {"source": 36, "target": 179, "weight": 0.070423}, {"source": 37, "target": 139, "weight": 0.012195}, {"source": 37, "target": 55, "weight": 0.005155}, {"source": 37, "target": 150, "weight": 0.060606}, {"source": 37, "target": 57, "weight": 0.004425}, {"source": 37, "target": 59, "weight": 0.024096}, {"source": 37, "target": 107, "weight": 0.002703}, {"source": 37, "target": 160, "weight": 0.009524}, {"source": 37, "target": 162, "weight": 0.010526}, {"source": 37, "target": 111, "weight": 0.005714}, {"source": 37, "target": 71, "weight": 0.009259}, {"source": 37, "target": 168, "weight": 0.009709}, {"source": 37, "target": 175, "weight": 0.006667}, {"source": 37, "target": 176, "weight": 0.009009}, {"source": 37, "target": 74, "weight": 0.014085}, {"source": 37, "target": 46, "weight": 0.006623}, {"source": 37, "target": 82, "weight": 0.004505}, {"source": 37, "target": 83, "weight": 0.01626}, {"source": 37, "target": 84, "weight": 0.007463}, {"source": 37, "target": 186, "weight": 0.011628}, {"source": 37, "target": 148, "weight": 0.008}, {"source": 37, "target": 188, "weight": 0.005155}, {"source": 37, "target": 88, "weight": 0.00277}, {"source": 37, "target": 47, "weight": 0.007407}, {"source": 37, "target": 190, "weight": 0.018182}, {"source": 37, "target": 192, "weight": 0.008403}, {"source": 37, "target": 92, "weight": 0.008547}, {"source": 37, "target": 50, "weight": 0.003534}, {"source": 38, "target": 176, "weight": 0.012821}, {"source": 38, "target": 104, "weight": 0.032258}, {"source": 38, "target": 82, "weight": 0.005291}, {"source": 38, "target": 120, "weight": 0.054054}, {"source": 39, "target": 93, "weight": 0.012048}, {"source": 39, "target": 112, "weight": 0.00431}, {"source": 39, "target": 144, "weight": 0.011494}, {"source": 39, "target": 98, "weight": 0.003861}, {"source": 39, "target": 57, "weight": 0.005}, {"source": 39, "target": 55, "weight": 0.005952}, {"source": 39, "target": 151, "weight": 0.006803}, {"source": 39, "target": 164, "weight": 0.007937}, {"source": 39, "target": 68, "weight": 0.023256}, {"source": 39, "target": 173, "weight": 0.409836}, {"source": 39, "target": 125, "weight": 0.006173}, {"source": 39, "target": 182, "weight": 0.012195}, {"source": 39, "target": 85, "weight": 0.016949}, {"source": 39, "target": 88, "weight": 0.005988}, {"source": 39, "target": 47, "weight": 0.008197}, {"source": 39, "target": 190, "weight": 0.011765}, {"source": 39, "target": 91, "weight": 0.892857}, {"source": 40, "target": 60, "weight": 0.009009}, {"source": 40, "target": 183, "weight": 0.008}, {"source": 40, "target": 129, "weight": 0.092308}, {"source": 40, "target": 159, "weight": 0.029412}, {"source": 40, "target": 87, "weight": 0.030769}, {"source": 40, "target": 107, "weight": 0.005348}, {"source": 40, "target": 99, "weight": 0.022727}, {"source": 40, "target": 153, "weight": 0.198113}, {"source": 40, "target": 57, "weight": 0.022026}, {"source": 40, "target": 50, "weight": 0.003472}, {"source": 40, "target": 59, "weight": 0.071429}, {"source": 41, "target": 112, "weight": 0.004292}, {"source": 41, "target": 57, "weight": 0.015075}, {"source": 41, "target": 129, "weight": 0.016667}, {"source": 42, "target": 159, "weight": 0.037037}, {"source": 43, "target": 60, "weight": 0.018519}, {"source": 43, "target": 157, "weight": 0.02439}, {"source": 43, "target": 183, "weight": 0.016393}, {"source": 43, "target": 129, "weight": 0.019324}, {"source": 43, "target": 87, "weight": 0.007634}, {"source": 43, "target": 133, "weight": 0.026316}, {"source": 43, "target": 99, "weight": 0.00565}, {"source": 43, "target": 143, "weight": 0.613333}, {"source": 43, "target": 179, "weight": 0.5}, {"source": 43, "target": 153, "weight": 0.008065}, {"source": 43, "target": 172, "weight": 0.011494}, {"source": 43, "target": 50, "weight": 0.003497}, {"source": 43, "target": 138, "weight": 0.442857}, {"source": 44, "target": 170, "weight": 0.004926}, {"source": 44, "target": 93, "weight": 0.016949}, {"source": 44, "target": 143, "weight": 0.005348}, {"source": 44, "target": 157, "weight": 0.006667}, {"source": 44, "target": 64, "weight": 0.007519}, {"source": 44, "target": 179, "weight": 0.005556}, {"source": 44, "target": 153, "weight": 0.005236}, {"source": 44, "target": 50, "weight": 0.002833}, {"source": 44, "target": 138, "weight": 0.030675}, {"source": 45, "target": 172, "weight": 0.027397}, {"source": 45, "target": 170, "weight": 0.00813}, {"source": 45, "target": 74, "weight": 0.016393}, {"source": 46, "target": 112, "weight": 0.013289}, {"source": 46, "target": 144, "weight": 0.032258}, {"source": 46, "target": 148, "weight": 0.005848}, {"source": 46, "target": 59, "weight": 0.007692}, {"source": 46, "target": 154, "weight": 0.014493}, {"source": 46, "target": 156, "weight": 0.007463}, {"source": 46, "target": 107, "weight": 0.009685}, {"source": 46, "target": 173, "weight": 0.012821}, {"source": 46, "target": 176, "weight": 0.006369}, {"source": 46, "target": 181, "weight": 0.007692}, {"source": 46, "target": 82, "weight": 0.003731}, {"source": 46, "target": 185, "weight": 0.005714}, {"source": 46, "target": 129, "weight": 0.003953}, {"source": 46, "target": 88, "weight": 0.009901}, {"source": 46, "target": 47, "weight": 0.015974}, {"source": 46, "target": 190, "weight": 0.012821}, {"source": 46, "target": 50, "weight": 0.018519}, {"source": 47, "target": 93, "weight": 0.003636}, {"source": 47, "target": 142, "weight": 0.031873}, {"source": 47, "target": 112, "weight": 0.016746}, {"source": 47, "target": 95, "weight": 0.013667}, {"source": 47, "target": 54, "weight": 0.004425}, {"source": 47, "target": 144, "weight": 0.018182}, {"source": 47, "target": 98, "weight": 0.075529}, {"source": 47, "target": 99, "weight": 0.01791}, {"source": 47, "target": 55, "weight": 0.052478}, {"source": 47, "target": 149, "weight": 0.012605}, {"source": 47, "target": 150, "weight": 0.00905}, {"source": 47, "target": 102, "weight": 0.007547}, {"source": 47, "target": 57, "weight": 0.018135}, {"source": 47, "target": 151, "weight": 0.033898}, {"source": 47, "target": 59, "weight": 0.004}, {"source": 47, "target": 105, "weight": 0.004348}, {"source": 47, "target": 147, "weight": 0.005222}, {"source": 47, "target": 156, "weight": 0.003937}, {"source": 47, "target": 107, "weight": 0.028736}, {"source": 47, "target": 186, "weight": 0.020161}, {"source": 47, "target": 185, "weight": 0.006803}, {"source": 47, "target": 161, "weight": 0.003817}, {"source": 47, "target": 164, "weight": 0.009494}, {"source": 47, "target": 139, "weight": 0.003021}, {"source": 47, "target": 165, "weight": 0.015936}, {"source": 47, "target": 116, "weight": 0.008}, {"source": 47, "target": 67, "weight": 0.004184}, {"source": 47, "target": 154, "weight": 0.007752}, {"source": 47, "target": 118, "weight": 0.004274}, {"source": 47, "target": 71, "weight": 0.01476}, {"source": 47, "target": 171, "weight": 0.004255}, {"source": 47, "target": 173, "weight": 0.007246}, {"source": 47, "target": 175, "weight": 0.019293}, {"source": 47, "target": 122, "weight": 0.003906}, {"source": 47, "target": 178, "weight": 0.003968}, {"source": 47, "target": 101, "weight": 0.013793}, {"source": 47, "target": 153, "weight": 0.006993}, {"source": 47, "target": 136, "weight": 0.003205}, {"source": 47, "target": 125, "weight": 0.005666}, {"source": 47, "target": 126, "weight": 0.003401}, {"source": 47, "target": 83, "weight": 0.003448}, {"source": 47, "target": 182, "weight": 0.011029}, {"source": 47, "target": 80, "weight": 0.004167}, {"source": 47, "target": 183, "weight": 0.010563}, {"source": 47, "target": 128, "weight": 0.014493}, {"source": 47, "target": 129, "weight": 0.010811}, {"source": 47, "target": 56, "weight": 0.009317}, {"source": 47, "target": 131, "weight": 0.004386}, {"source": 47, "target": 87, "weight": 0.013746}, {"source": 47, "target": 148, "weight": 0.003436}, {"source": 47, "target": 187, "weight": 0.003663}, {"source": 47, "target": 88, "weight": 0.058116}, {"source": 47, "target": 89, "weight": 0.003774}, {"source": 47, "target": 190, "weight": 0.018315}, {"source": 47, "target": 192, "weight": 0.017794}, {"source": 47, "target": 91, "weight": 0.00823}, {"source": 47, "target": 92, "weight": 0.010676}, {"source": 47, "target": 50, "weight": 0.020408}, {"source": 47, "target": 194, "weight": 0.003704}, {"source": 48, "target": 182, "weight": 0.014085}, {"source": 48, "target": 183, "weight": 0.012048}, {"source": 48, "target": 84, "weight": 0.010309}, {"source": 48, "target": 160, "weight": 0.045455}, {"source": 48, "target": 98, "weight": 0.001969}, {"source": 48, "target": 88, "weight": 0.003086}, {"source": 48, "target": 111, "weight": 0.007246}, {"source": 48, "target": 190, "weight": 0.013514}, {"source": 48, "target": 150, "weight": 0.004132}, {"source": 48, "target": 57, "weight": 0.005291}, {"source": 48, "target": 50, "weight": 0.008163}, {"source": 48, "target": 83, "weight": 0.011494}, {"source": 49, "target": 151, "weight": 0.003623}, {"source": 49, "target": 56, "weight": 0.00885}, {"source": 49, "target": 184, "weight": 0.777778}, {"source": 50, "target": 93, "weight": 0.003484}, {"source": 50, "target": 150, "weight": 0.008811}, {"source": 50, "target": 139, "weight": 0.008798}, {"source": 50, "target": 112, "weight": 0.013921}, {"source": 50, "target": 95, "weight": 0.004396}, {"source": 50, "target": 144, "weight": 0.020979}, {"source": 50, "target": 98, "weight": 0.006954}, {"source": 50, "target": 137, "weight": 0.003906}, {"source": 50, "target": 55, "weight": 0.013587}, {"source": 50, "target": 56, "weight": 0.008982}, {"source": 50, "target": 111, "weight": 0.005682}, {"source": 50, "target": 102, "weight": 0.003597}, {"source": 50, "target": 57, "weight": 0.007463}, {"source": 50, "target": 151, "weight": 0.012146}, {"source": 50, "target": 132, "weight": 0.003717}, {"source": 50, "target": 99, "weight": 0.014368}, {"source": 50, "target": 165, "weight": 0.011364}, {"source": 50, "target": 60, "weight": 0.003521}, {"source": 50, "target": 107, "weight": 0.009191}, {"source": 50, "target": 160, "weight": 0.010676}, {"source": 50, "target": 162, "weight": 0.007353}, {"source": 50, "target": 109, "weight": 0.004032}, {"source": 50, "target": 77, "weight": 0.003937}, {"source": 50, "target": 143, "weight": 0.00339}, {"source": 50, "target": 66, "weight": 0.003185}, {"source": 50, "target": 71, "weight": 0.007018}, {"source": 50, "target": 147, "weight": 0.002525}, {"source": 50, "target": 170, "weight": 0.003215}, {"source": 50, "target": 173, "weight": 0.00346}, {"source": 50, "target": 176, "weight": 0.00346}, {"source": 50, "target": 74, "weight": 0.004016}, {"source": 50, "target": 178, "weight": 0.019231}, {"source": 50, "target": 101, "weight": 0.016611}, {"source": 50, "target": 153, "weight": 0.006711}, {"source": 50, "target": 116, "weight": 0.011494}, {"source": 50, "target": 181, "weight": 0.007663}, {"source": 50, "target": 145, "weight": 0.003012}, {"source": 50, "target": 125, "weight": 0.002732}, {"source": 50, "target": 83, "weight": 0.01}, {"source": 50, "target": 81, "weight": 0.003817}, {"source": 50, "target": 82, "weight": 0.0025}, {"source": 50, "target": 183, "weight": 0.034602}, {"source": 50, "target": 128, "weight": 0.006897}, {"source": 50, "target": 129, "weight": 0.015789}, {"source": 50, "target": 85, "weight": 0.003802}, {"source": 50, "target": 84, "weight": 0.003205}, {"source": 50, "target": 87, "weight": 0.023333}, {"source": 50, "target": 148, "weight": 0.0033}, {"source": 50, "target": 187, "weight": 0.003509}, {"source": 50, "target": 188, "weight": 0.002688}, {"source": 50, "target": 88, "weight": 0.030534}, {"source": 50, "target": 89, "weight": 0.00361}, {"source": 50, "target": 135, "weight": 0.004098}, {"source": 50, "target": 192, "weight": 0.003367}, {"source": 50, "target": 193, "weight": 0.003155}, {"source": 50, "target": 92, "weight": 0.034965}, {"source": 50, "target": 138, "weight": 0.003636}, {"source": 50, "target": 179, "weight": 0.003472}, {"source": 51, "target": 173, "weight": 0.013514}, {"source": 52, "target": 57, "weight": 0.005236}, {"source": 53, "target": 129, "weight": 0.005495}, {"source": 53, "target": 179, "weight": 0.011765}, {"source": 53, "target": 107, "weight": 0.002899}, {"source": 53, "target": 159, "weight": 0.081081}, {"source": 54, "target": 152, "weight": 0.1}, {"source": 54, "target": 137, "weight": 0.030303}, {"source": 55, "target": 112, "weight": 0.00578}, {"source": 55, "target": 99, "weight": 0.003802}, {"source": 55, "target": 57, "weight": 0.009585}, {"source": 55, "target": 165, "weight": 0.011364}, {"source": 55, "target": 107, "weight": 0.013216}, {"source": 55, "target": 153, "weight": 0.004762}, {"source": 55, "target": 173, "weight": 0.02551}, {"source": 55, "target": 175, "weight": 0.008403}, {"source": 55, "target": 74, "weight": 0.00625}, {"source": 55, "target": 81, "weight": 0.00578}, {"source": 55, "target": 183, "weight": 0.004785}, {"source": 55, "target": 185, "weight": 0.028169}, {"source": 55, "target": 186, "weight": 0.011494}, {"source": 55, "target": 87, "weight": 0.009259}, {"source": 55, "target": 88, "weight": 0.105392}, {"source": 56, "target": 170, "weight": 0.038889}, {"source": 56, "target": 93, "weight": 0.006173}, {"source": 56, "target": 183, "weight": 0.011628}, {"source": 56, "target": 184, "weight": 0.00885}, {"source": 56, "target": 160, "weight": 0.012739}, {"source": 56, "target": 87, "weight": 0.011111}, {"source": 56, "target": 107, "weight": 0.024155}, {"source": 56, "target": 99, "weight": 0.004405}, {"source": 56, "target": 88, "weight": 0.115591}, {"source": 56, "target": 136, "weight": 0.005025}, {"source": 56, "target": 154, "weight": 0.057554}, {"source": 56, "target": 59, "weight": 0.007299}, {"source": 57, "target": 150, "weight": 0.025575}, {"source": 57, "target": 112, "weight": 0.111111}, {"source": 57, "target": 144, "weight": 0.004274}, {"source": 57, "target": 98, "weight": 0.003008}, {"source": 57, "target": 99, "weight": 0.024221}, {"source": 57, "target": 102, "weight": 0.004525}, {"source": 57, "target": 151, "weight": 0.01373}, {"source": 57, "target": 165, "weight": 0.004785}, {"source": 57, "target": 60, "weight": 0.004405}, {"source": 57, "target": 107, "weight": 0.006135}, {"source": 57, "target": 153, "weight": 0.016736}, {"source": 57, "target": 71, "weight": 0.004367}, {"source": 57, "target": 69, "weight": 0.005076}, {"source": 57, "target": 170, "weight": 0.003937}, {"source": 57, "target": 173, "weight": 0.00431}, {"source": 57, "target": 175, "weight": 0.00369}, {"source": 57, "target": 122, "weight": 0.004739}, {"source": 57, "target": 126, "weight": 0.008065}, {"source": 57, "target": 183, "weight": 0.016807}, {"source": 57, "target": 83, "weight": 0.004082}, {"source": 57, "target": 128, "weight": 0.146341}, {"source": 57, "target": 129, "weight": 0.126712}, {"source": 57, "target": 185, "weight": 0.004}, {"source": 57, "target": 87, "weight": 0.01626}, {"source": 57, "target": 148, "weight": 0.004065}, {"source": 57, "target": 88, "weight": 0.00625}, {"source": 57, "target": 136, "weight": 0.022901}, {"source": 57, "target": 91, "weight": 0.005025}, {"source": 57, "target": 193, "weight": 0.003846}, {"source": 57, "target": 101, "weight": 0.024691}, {"source": 58, "target": 82, "weight": 0.004695}, {"source": 58, "target": 159, "weight": 0.018182}, {"source": 58, "target": 133, "weight": 0.015385}, {"source": 58, "target": 104, "weight": 0.011494}, {"source": 59, "target": 139, "weight": 0.006944}, {"source": 59, "target": 112, "weight": 0.004219}, {"source": 59, "target": 95, "weight": 0.003891}, {"source": 59, "target": 144, "weight": 0.01087}, {"source": 59, "target": 99, "weight": 0.019868}, {"source": 59, "target": 150, "weight": 0.003876}, {"source": 59, "target": 101, "weight": 0.028846}, {"source": 59, "target": 151, "weight": 0.003333}, {"source": 59, "target": 153, "weight": 0.097826}, {"source": 59, "target": 170, "weight": 0.008929}, {"source": 59, "target": 107, "weight": 0.002865}, {"source": 59, "target": 111, "weight": 0.148148}, {"source": 59, "target": 167, "weight": 0.027778}, {"source": 59, "target": 168, "weight": 0.296875}, {"source": 59, "target": 173, "weight": 0.011111}, {"source": 59, "target": 74, "weight": 0.02}, {"source": 59, "target": 128, "weight": 0.033333}, {"source": 59, "target": 129, "weight": 0.016304}, {"source": 59, "target": 84, "weight": 0.2}, {"source": 59, "target": 87, "weight": 0.028571}, {"source": 59, "target": 88, "weight": 0.0059}, {"source": 59, "target": 135, "weight": 0.022222}, {"source": 59, "target": 92, "weight": 0.010417}, {"source": 60, "target": 143, "weight": 0.017094}, {"source": 60, "target": 95, "weight": 0.003584}, {"source": 60, "target": 99, "weight": 0.005714}, {"source": 60, "target": 148, "weight": 0.024194}, {"source": 60, "target": 101, "weight": 0.007813}, {"source": 60, "target": 153, "weight": 0.008197}, {"source": 60, "target": 63, "weight": 0.047619}, {"source": 60, "target": 113, "weight": 0.033708}, {"source": 60, "target": 97, "weight": 0.066667}, {"source": 60, "target": 177, "weight": 0.010204}, {"source": 60, "target": 179, "weight": 0.027523}, {"source": 60, "target": 78, "weight": 0.050847}, {"source": 60, "target": 125, "weight": 0.005291}, {"source": 60, "target": 128, "weight": 0.008772}, {"source": 60, "target": 129, "weight": 0.009662}, {"source": 60, "target": 130, "weight": 0.066667}, {"source": 60, "target": 87, "weight": 0.007752}, {"source": 60, "target": 193, "weight": 0.014388}, {"source": 60, "target": 138, "weight": 0.010204}, {"source": 61, "target": 174, "weight": 0.038462}, {"source": 61, "target": 82, "weight": 0.011173}, {"source": 62, "target": 146, "weight": 0.2}, {"source": 63, "target": 158, "weight": 0.016949}, {"source": 63, "target": 177, "weight": 0.012821}, {"source": 63, "target": 64, "weight": 0.022727}, {"source": 63, "target": 113, "weight": 0.028571}, {"source": 63, "target": 190, "weight": 0.01087}, {"source": 63, "target": 79, "weight": 0.016949}, {"source": 63, "target": 148, "weight": 0.04902}, {"source": 64, "target": 177, "weight": 0.018182}, {"source": 65, "target": 150, "weight": 0.008065}, {"source": 65, "target": 180, "weight": 0.1}, {"source": 65, "target": 69, "weight": 0.021739}, {"source": 65, "target": 185, "weight": 0.010101}, {"source": 65, "target": 95, "weight": 0.004032}, {"source": 65, "target": 164, "weight": 0.008197}, {"source": 65, "target": 189, "weight": 0.026316}, {"source": 65, "target": 89, "weight": 0.014493}, {"source": 65, "target": 194, "weight": 0.209677}, {"source": 65, "target": 66, "weight": 0.019048}, {"source": 65, "target": 136, "weight": 0.125}, {"source": 65, "target": 121, "weight": 0.3125}, {"source": 65, "target": 151, "weight": 0.003436}, {"source": 66, "target": 170, "weight": 0.006098}, {"source": 66, "target": 82, "weight": 0.003953}, {"source": 66, "target": 107, "weight": 0.005}, {"source": 66, "target": 156, "weight": 0.008403}, {"source": 66, "target": 176, "weight": 0.007042}, {"source": 66, "target": 88, "weight": 0.002551}, {"source": 66, "target": 179, "weight": 0.014286}, {"source": 66, "target": 180, "weight": 0.009615}, {"source": 66, "target": 136, "weight": 0.00565}, {"source": 67, "target": 129, "weight": 0.017341}, {"source": 67, "target": 99, "weight": 0.028777}, {"source": 67, "target": 101, "weight": 0.032258}, {"source": 68, "target": 88, "weight": 0.003077}, {"source": 68, "target": 173, "weight": 0.013333}, {"source": 68, "target": 157, "weight": 0.046512}, {"source": 69, "target": 156, "weight": 0.016949}, {"source": 69, "target": 112, "weight": 0.017699}, {"source": 69, "target": 148, "weight": 0.010417}, {"source": 69, "target": 121, "weight": 0.02381}, {"source": 69, "target": 136, "weight": 0.008547}, {"source": 69, "target": 99, "weight": 0.013889}, {"source": 70, "target": 75, "weight": 0.607143}, {"source": 71, "target": 82, "weight": 0.004444}, {"source": 71, "target": 107, "weight": 0.005376}, {"source": 71, "target": 175, "weight": 0.026667}, {"source": 71, "target": 176, "weight": 0.008772}, {"source": 71, "target": 88, "weight": 0.028169}, {"source": 71, "target": 116, "weight": 0.072289}, {"source": 72, "target": 82, "weight": 0.004831}, {"source": 72, "target": 159, "weight": 0.020408}, {"source": 72, "target": 143, "weight": 0.009804}, {"source": 72, "target": 179, "weight": 0.010526}, {"source": 72, "target": 104, "weight": 0.012346}, {"source": 72, "target": 138, "weight": 0.012195}, {"source": 74, "target": 139, "weight": 0.137931}, {"source": 74, "target": 81, "weight": 0.040816}, {"source": 74, "target": 112, "weight": 0.004464}, {"source": 74, "target": 164, "weight": 0.008475}, {"source": 74, "target": 99, "weight": 0.007143}, {"source": 74, "target": 88, "weight": 0.003058}, {"source": 74, "target": 150, "weight": 0.008197}, {"source": 74, "target": 151, "weight": 0.006993}, {"source": 75, "target": 85, "weight": 0.017544}, {"source": 75, "target": 106, "weight": 0.4}, {"source": 75, "target": 145, "weight": 0.007937}, {"source": 77, "target": 172, "weight": 0.018182}, {"source": 77, "target": 104, "weight": 0.014925}, {"source": 77, "target": 114, "weight": 0.018868}, {"source": 78, "target": 130, "weight": 0.384615}, {"source": 78, "target": 97, "weight": 0.384615}, {"source": 79, "target": 183, "weight": 0.044444}, {"source": 79, "target": 158, "weight": 0.925926}, {"source": 79, "target": 88, "weight": 0.012085}, {"source": 80, "target": 156, "weight": 0.017544}, {"source": 80, "target": 168, "weight": 0.013889}, {"source": 80, "target": 83, "weight": 0.010753}, {"source": 80, "target": 95, "weight": 0.004049}, {"source": 80, "target": 98, "weight": 0.001946}, {"source": 80, "target": 164, "weight": 0.008264}, {"source": 80, "target": 147, "weight": 0.005348}, {"source": 80, "target": 190, "weight": 0.0125}, {"source": 80, "target": 192, "weight": 0.011364}, {"source": 81, "target": 139, "weight": 0.16}, {"source": 81, "target": 107, "weight": 0.002865}, {"source": 81, "target": 112, "weight": 0.004219}, {"source": 81, "target": 109, "weight": 0.020408}, {"source": 81, "target": 88, "weight": 0.0059}, {"source": 81, "target": 99, "weight": 0.006536}, {"source": 81, "target": 150, "weight": 0.011719}, {"source": 81, "target": 151, "weight": 0.078853}, {"source": 82, "target": 139, "weight": 0.003546}, {"source": 82, "target": 140, "weight": 0.004808}, {"source": 82, "target": 112, "weight": 0.002667}, {"source": 82, "target": 95, "weight": 0.005076}, {"source": 82, "target": 98, "weight": 0.00607}, {"source": 82, "target": 147, "weight": 0.009009}, {"source": 82, "target": 150, "weight": 0.002525}, {"source": 82, "target": 88, "weight": 0.002092}, {"source": 82, "target": 104, "weight": 0.004695}, {"source": 82, "target": 154, "weight": 0.004762}, {"source": 82, "target": 170, "weight": 0.004}, {"source": 82, "target": 157, "weight": 0.005076}, {"source": 82, "target": 103, "weight": 0.004525}, {"source": 82, "target": 107, "weight": 0.002053}, {"source": 82, "target": 119, "weight": 0.009091}, {"source": 82, "target": 161, "weight": 0.004695}, {"source": 82, "target": 162, "weight": 0.014286}, {"source": 82, "target": 163, "weight": 0.01005}, {"source": 82, "target": 120, "weight": 0.005319}, {"source": 82, "target": 180, "weight": 0.005263}, {"source": 82, "target": 125, "weight": 0.003279}, {"source": 82, "target": 176, "weight": 0.258242}, {"source": 82, "target": 83, "weight": 0.004149}, {"source": 82, "target": 85, "weight": 0.00495}, {"source": 82, "target": 188, "weight": 0.009709}, {"source": 82, "target": 192, "weight": 0.004237}, {"source": 83, "target": 144, "weight": 0.007576}, {"source": 83, "target": 129, "weight": 0.004425}, {"source": 83, "target": 112, "weight": 0.007246}, {"source": 83, "target": 173, "weight": 0.031496}, {"source": 83, "target": 175, "weight": 0.005917}, {"source": 83, "target": 176, "weight": 0.007692}, {"source": 83, "target": 160, "weight": 0.008065}, {"source": 83, "target": 88, "weight": 0.01061}, {"source": 83, "target": 116, "weight": 0.009615}, {"source": 83, "target": 154, "weight": 0.008929}, {"source": 84, "target": 185, "weight": 0.012739}, {"source": 84, "target": 170, "weight": 0.006173}, {"source": 84, "target": 160, "weight": 0.007463}, {"source": 84, "target": 183, "weight": 0.006711}, {"source": 84, "target": 129, "weight": 0.030435}, {"source": 84, "target": 112, "weight": 0.006993}, {"source": 84, "target": 87, "weight": 0.039474}, {"source": 84, "target": 148, "weight": 0.006494}, {"source": 84, "target": 153, "weight": 0.179688}, {"source": 84, "target": 88, "weight": 0.002564}, {"source": 84, "target": 144, "weight": 0.007042}, {"source": 84, "target": 99, "weight": 0.030303}, {"source": 85, "target": 93, "weight": 0.022727}, {"source": 85, "target": 173, "weight": 0.010989}, {"source": 85, "target": 88, "weight": 0.002933}, {"source": 85, "target": 138, "weight": 0.012987}, {"source": 87, "target": 94, "weight": 0.011628}, {"source": 87, "target": 150, "weight": 0.016779}, {"source": 87, "target": 143, "weight": 0.007143}, {"source": 87, "target": 95, "weight": 0.003322}, {"source": 87, "target": 144, "weight": 0.007353}, {"source": 87, "target": 98, "weight": 0.0053}, {"source": 87, "target": 99, "weight": 0.214724}, {"source": 87, "target": 149, "weight": 0.010309}, {"source": 87, "target": 102, "weight": 0.00813}, {"source": 87, "target": 151, "weight": 0.002907}, {"source": 87, "target": 107, "weight": 0.015464}, {"source": 87, "target": 142, "weight": 0.017544}, {"source": 87, "target": 153, "weight": 0.239316}, {"source": 87, "target": 111, "weight": 0.058511}, {"source": 87, "target": 112, "weight": 0.007143}, {"source": 87, "target": 116, "weight": 0.009259}, {"source": 87, "target": 139, "weight": 0.005319}, {"source": 87, "target": 168, "weight": 0.067227}, {"source": 87, "target": 175, "weight": 0.00578}, {"source": 87, "target": 122, "weight": 0.00885}, {"source": 87, "target": 179, "weight": 0.007519}, {"source": 87, "target": 183, "weight": 0.021277}, {"source": 87, "target": 128, "weight": 0.256881}, {"source": 87, "target": 129, "weight": 0.178571}, {"source": 87, "target": 186, "weight": 0.009174}, {"source": 87, "target": 88, "weight": 0.013158}, {"source": 87, "target": 136, "weight": 0.005917}, {"source": 87, "target": 193, "weight": 0.006173}, {"source": 87, "target": 92, "weight": 0.036765}, {"source": 87, "target": 101, "weight": 0.290598}, {"source": 88, "target": 89, "weight": 0.002817}, {"source": 88, "target": 91, "weight": 0.006006}, {"source": 88, "target": 92, "weight": 0.021858}, {"source": 88, "target": 93, "weight": 0.00274}, {"source": 88, "target": 95, "weight": 0.009434}, {"source": 88, "target": 98, "weight": 0.11855}, {"source": 88, "target": 99, "weight": 0.004662}, {"source": 88, "target": 101, "weight": 0.005236}, {"source": 88, "target": 102, "weight": 0.005634}, {"source": 88, "target": 107, "weight": 0.034653}, {"source": 88, "target": 111, "weight": 0.00232}, {"source": 88, "target": 116, "weight": 0.005882}, {"source": 88, "target": 122, "weight": 0.00289}, {"source": 88, "target": 125, "weight": 0.00907}, {"source": 88, "target": 126, "weight": 0.007853}, {"source": 88, "target": 128, "weight": 0.00271}, {"source": 88, "target": 129, "weight": 0.006508}, {"source": 88, "target": 132, "weight": 0.002882}, {"source": 88, "target": 136, "weight": 0.004988}, {"source": 88, "target": 139, "weight": 0.014423}, {"source": 88, "target": 140, "weight": 0.002882}, {"source": 88, "target": 142, "weight": 0.002874}, {"source": 88, "target": 112, "weight": 0.005859}, {"source": 88, "target": 144, "weight": 0.00271}, {"source": 88, "target": 147, "weight": 0.00211}, {"source": 88, "target": 150, "weight": 0.007519}, {"source": 88, "target": 151, "weight": 0.041441}, {"source": 88, "target": 154, "weight": 0.011561}, {"source": 88, "target": 170, "weight": 0.005155}, {"source": 88, "target": 158, "weight": 0.012085}, {"source": 88, "target": 160, "weight": 0.00277}, {"source": 88, "target": 161, "weight": 0.011461}, {"source": 88, "target": 162, "weight": 0.011494}, {"source": 88, "target": 164, "weight": 0.004914}, {"source": 88, "target": 165, "weight": 0.002907}, {"source": 88, "target": 167, "weight": 0.003195}, {"source": 88, "target": 168, "weight": 0.005587}, {"source": 88, "target": 173, "weight": 0.010989}, {"source": 88, "target": 175, "weight": 0.009926}, {"source": 88, "target": 176, "weight": 0.002725}, {"source": 88, "target": 178, "weight": 0.002924}, {"source": 88, "target": 181, "weight": 0.002941}, {"source": 88, "target": 182, "weight": 0.01108}, {"source": 88, "target": 183, "weight": 0.071023}, {"source": 88, "target": 185, "weight": 0.015789}, {"source": 88, "target": 186, "weight": 0.011799}, {"source": 88, "target": 187, "weight": 0.002755}, {"source": 88, "target": 188, "weight": 0.002222}, {"source": 88, "target": 192, "weight": 0.005348}, {"source": 88, "target": 194, "weight": 0.005571}, {"source": 89, "target": 185, "weight": 0.00813}, {"source": 89, "target": 156, "weight": 0.012195}, {"source": 89, "target": 175, "weight": 0.006944}, {"source": 89, "target": 98, "weight": 0.001855}, {"source": 89, "target": 164, "weight": 0.020833}, {"source": 89, "target": 194, "weight": 0.010204}, {"source": 89, "target": 121, "weight": 0.015385}, {"source": 89, "target": 136, "weight": 0.014388}, {"source": 89, "target": 154, "weight": 0.011494}, {"source": 89, "target": 165, "weight": 0.024691}, {"source": 89, "target": 105, "weight": 0.017241}, {"source": 90, "target": 112, "weight": 0.004545}, {"source": 90, "target": 148, "weight": 0.011494}, {"source": 90, "target": 144, "weight": 0.013333}, {"source": 91, "target": 93, "weight": 0.012195}, {"source": 91, "target": 173, "weight": 0.416667}, {"source": 91, "target": 190, "weight": 0.011905}, {"source": 92, "target": 144, "weight": 0.008}, {"source": 92, "target": 129, "weight": 0.023256}, {"source": 92, "target": 112, "weight": 0.003704}, {"source": 92, "target": 171, "weight": 0.012346}, {"source": 92, "target": 137, "weight": 0.011111}, {"source": 92, "target": 160, "weight": 0.017241}, {"source": 92, "target": 153, "weight": 0.022901}, {"source": 92, "target": 175, "weight": 0.01875}, {"source": 92, "target": 181, "weight": 0.065934}, {"source": 92, "target": 99, "weight": 0.027473}, {"source": 93, "target": 98, "weight": 0.007326}, {"source": 93, "target": 145, "weight": 0.012739}, {"source": 93, "target": 151, "weight": 0.003077}, {"source": 93, "target": 102, "weight": 0.009615}, {"source": 93, "target": 154, "weight": 0.010309}, {"source": 93, "target": 107, "weight": 0.010782}, {"source": 93, "target": 161, "weight": 0.01}, {"source": 93, "target": 173, "weight": 0.008696}, {"source": 93, "target": 125, "weight": 0.066298}, {"source": 93, "target": 126, "weight": 0.007576}, {"source": 93, "target": 182, "weight": 0.008929}, {"source": 93, "target": 185, "weight": 0.007519}, {"source": 93, "target": 187, "weight": 0.009009}, {"source": 93, "target": 193, "weight": 0.006993}, {"source": 93, "target": 138, "weight": 0.02}, {"source": 94, "target": 128, "weight": 0.014085}, {"source": 94, "target": 129, "weight": 0.006061}, {"source": 94, "target": 99, "weight": 0.007576}, {"source": 94, "target": 122, "weight": 0.042553}, {"source": 94, "target": 101, "weight": 0.011765}, {"source": 94, "target": 153, "weight": 0.012658}, {"source": 95, "target": 143, "weight": 0.003448}, {"source": 95, "target": 137, "weight": 0.008}, {"source": 95, "target": 154, "weight": 0.003759}, {"source": 95, "target": 174, "weight": 0.008333}, {"source": 95, "target": 107, "weight": 0.005545}, {"source": 95, "target": 160, "weight": 0.003597}, {"source": 95, "target": 114, "weight": 0.003922}, {"source": 95, "target": 170, "weight": 0.006557}, {"source": 95, "target": 175, "weight": 0.003096}, {"source": 95, "target": 176, "weight": 0.003521}, {"source": 95, "target": 179, "weight": 0.025271}, {"source": 95, "target": 185, "weight": 0.003311}, {"source": 95, "target": 190, "weight": 0.003521}, {"source": 95, "target": 136, "weight": 0.003135}, {"source": 95, "target": 138, "weight": 0.003704}, {"source": 97, "target": 130, "weight": 0.818182}, {"source": 97, "target": 148, "weight": 0.012195}, {"source": 97, "target": 113, "weight": 0.043478}, {"source": 98, "target": 112, "weight": 0.005755}, {"source": 98, "target": 148, "weight": 0.00177}, {"source": 98, "target": 172, "weight": 0.003824}, {"source": 98, "target": 104, "weight": 0.018975}, {"source": 98, "target": 165, "weight": 0.001894}, {"source": 98, "target": 170, "weight": 0.001745}, {"source": 98, "target": 157, "weight": 0.003854}, {"source": 98, "target": 107, "weight": 0.015019}, {"source": 98, "target": 185, "weight": 0.02518}, {"source": 98, "target": 160, "weight": 0.005525}, {"source": 98, "target": 143, "weight": 0.00722}, {"source": 98, "target": 116, "weight": 0.001905}, {"source": 98, "target": 144, "weight": 0.003623}, {"source": 98, "target": 173, "weight": 0.005464}, {"source": 98, "target": 174, "weight": 0.001969}, {"source": 98, "target": 175, "weight": 0.001695}, {"source": 98, "target": 176, "weight": 0.001815}, {"source": 98, "target": 181, "weight": 0.001908}, {"source": 98, "target": 190, "weight": 0.007299}, {"source": 98, "target": 127, "weight": 0.002028}, {"source": 98, "target": 183, "weight": 0.001786}, {"source": 98, "target": 129, "weight": 0.003096}, {"source": 98, "target": 186, "weight": 0.009579}, {"source": 98, "target": 136, "weight": 0.001706}, {"source": 98, "target": 138, "weight": 0.001862}, {"source": 99, "target": 112, "weight": 0.064935}, {"source": 99, "target": 144, "weight": 0.005495}, {"source": 99, "target": 101, "weight": 0.551181}, {"source": 99, "target": 149, "weight": 0.014085}, {"source": 99, "target": 150, "weight": 0.017493}, {"source": 99, "target": 102, "weight": 0.005917}, {"source": 99, "target": 151, "weight": 0.007732}, {"source": 99, "target": 160, "weight": 0.005747}, {"source": 99, "target": 109, "weight": 0.014493}, {"source": 99, "target": 111, "weight": 0.042553}, {"source": 99, "target": 143, "weight": 0.005376}, {"source": 99, "target": 165, "weight": 0.006369}, {"source": 99, "target": 148, "weight": 0.010363}, {"source": 99, "target": 118, "weight": 0.007299}, {"source": 99, "target": 168, "weight": 0.042169}, {"source": 99, "target": 171, "weight": 0.007246}, {"source": 99, "target": 179, "weight": 0.005587}, {"source": 99, "target": 153, "weight": 0.171779}, {"source": 99, "target": 181, "weight": 0.006536}, {"source": 99, "target": 183, "weight": 0.049724}, {"source": 99, "target": 128, "weight": 0.188312}, {"source": 99, "target": 129, "weight": 0.306604}, {"source": 99, "target": 122, "weight": 0.006289}, {"source": 99, "target": 136, "weight": 0.004651}, {"source": 99, "target": 193, "weight": 0.009662}, {"source": 100, "target": 115, "weight": 0.253968}, {"source": 100, "target": 148, "weight": 0.00813}, {"source": 100, "target": 107, "weight": 0.002717}, {"source": 101, "target": 143, "weight": 0.007194}, {"source": 101, "target": 144, "weight": 0.007407}, {"source": 101, "target": 148, "weight": 0.006803}, {"source": 101, "target": 149, "weight": 0.010417}, {"source": 101, "target": 107, "weight": 0.002551}, {"source": 101, "target": 160, "weight": 0.007874}, {"source": 101, "target": 112, "weight": 0.029304}, {"source": 101, "target": 153, "weight": 0.241379}, {"source": 101, "target": 175, "weight": 0.005814}, {"source": 101, "target": 179, "weight": 0.007576}, {"source": 101, "target": 181, "weight": 0.009434}, {"source": 101, "target": 183, "weight": 0.067164}, {"source": 101, "target": 129, "weight": 0.385542}, {"source": 101, "target": 136, "weight": 0.005952}, {"source": 102, "target": 144, "weight": 0.009259}, {"source": 102, "target": 183, "weight": 0.008696}, {"source": 102, "target": 129, "weight": 0.00495}, {"source": 102, "target": 112, "weight": 0.016}, {"source": 102, "target": 175, "weight": 0.020979}, {"source": 102, "target": 107, "weight": 0.01105}, {"source": 102, "target": 190, "weight": 0.009434}, {"source": 102, "target": 153, "weight": 0.008621}, {"source": 102, "target": 154, "weight": 0.098765}, {"source": 103, "target": 143, "weight": 0.008621}, {"source": 103, "target": 104, "weight": 0.054945}, {"source": 103, "target": 179, "weight": 0.009174}, {"source": 103, "target": 138, "weight": 0.010417}, {"source": 104, "target": 188, "weight": 0.300699}, {"source": 104, "target": 157, "weight": 0.014085}, {"source": 104, "target": 109, "weight": 0.016393}, {"source": 104, "target": 108, "weight": 0.254237}, {"source": 104, "target": 187, "weight": 0.010204}, {"source": 104, "target": 177, "weight": 0.011364}, {"source": 104, "target": 124, "weight": 0.028169}, {"source": 104, "target": 125, "weight": 0.005587}, {"source": 105, "target": 175, "weight": 0.009174}, {"source": 105, "target": 165, "weight": 0.170732}, {"source": 105, "target": 171, "weight": 0.035714}, {"source": 107, "target": 150, "weight": 0.001838}, {"source": 107, "target": 142, "weight": 0.002801}, {"source": 107, "target": 112, "weight": 0.011583}, {"source": 107, "target": 144, "weight": 0.007979}, {"source": 107, "target": 162, "weight": 0.074405}, {"source": 107, "target": 149, "weight": 0.00295}, {"source": 107, "target": 111, "weight": 0.002273}, {"source": 107, "target": 151, "weight": 0.083026}, {"source": 107, "target": 154, "weight": 0.002793}, {"source": 107, "target": 155, "weight": 0.005618}, {"source": 107, "target": 185, "weight": 0.012821}, {"source": 107, "target": 119, "weight": 0.005435}, {"source": 107, "target": 161, "weight": 0.005556}, {"source": 107, "target": 164, "weight": 0.007229}, {"source": 107, "target": 115, "weight": 0.002899}, {"source": 107, "target": 116, "weight": 0.008621}, {"source": 107, "target": 139, "weight": 0.002326}, {"source": 107, "target": 175, "weight": 0.022113}, {"source": 107, "target": 178, "weight": 0.005714}, {"source": 107, "target": 192, "weight": 0.005222}, {"source": 107, "target": 125, "weight": 0.008889}, {"source": 107, "target": 126, "weight": 0.053476}, {"source": 107, "target": 182, "weight": 0.021858}, {"source": 107, "target": 183, "weight": 0.005208}, {"source": 107, "target": 128, "weight": 0.002646}, {"source": 107, "target": 129, "weight": 0.012848}, {"source": 107, "target": 186, "weight": 0.038348}, {"source": 107, "target": 136, "weight": 0.002433}, {"source": 108, "target": 157, "weight": 0.017544}, {"source": 109, "target": 170, "weight": 0.010204}, {"source": 109, "target": 116, "weight": 0.02}, {"source": 110, "target": 137, "weight": 0.042553}, {"source": 111, "target": 112, "weight": 0.006116}, {"source": 111, "target": 144, "weight": 0.005464}, {"source": 111, "target": 148, "weight": 0.005128}, {"source": 111, "target": 153, "weight": 0.246753}, {"source": 111, "target": 170, "weight": 0.004926}, {"source": 111, "target": 159, "weight": 0.015038}, {"source": 111, "target": 160, "weight": 0.005714}, {"source": 111, "target": 183, "weight": 0.005263}, {"source": 111, "target": 129, "weight": 0.041199}, {"source": 111, "target": 185, "weight": 0.010101}, {"source": 112, "target": 186, "weight": 0.004184}, {"source": 112, "target": 142, "weight": 0.004082}, {"source": 112, "target": 144, "weight": 0.150862}, {"source": 112, "target": 162, "weight": 0.020492}, {"source": 112, "target": 149, "weight": 0.004405}, {"source": 112, "target": 150, "weight": 0.023641}, {"source": 112, "target": 151, "weight": 0.012793}, {"source": 112, "target": 165, "weight": 0.004149}, {"source": 112, "target": 157, "weight": 0.004292}, {"source": 112, "target": 148, "weight": 0.01087}, {"source": 112, "target": 139, "weight": 0.006309}, {"source": 112, "target": 118, "weight": 0.018349}, {"source": 112, "target": 168, "weight": 0.003906}, {"source": 112, "target": 171, "weight": 0.013636}, {"source": 112, "target": 173, "weight": 0.003788}, {"source": 112, "target": 175, "weight": 0.009967}, {"source": 112, "target": 176, "weight": 0.003788}, {"source": 112, "target": 123, "weight": 0.004717}, {"source": 112, "target": 153, "weight": 0.011029}, {"source": 112, "target": 183, "weight": 0.01107}, {"source": 112, "target": 182, "weight": 0.019455}, {"source": 112, "target": 128, "weight": 0.076613}, {"source": 112, "target": 129, "weight": 0.068047}, {"source": 112, "target": 122, "weight": 0.008264}, {"source": 113, "target": 148, "weight": 0.027778}, {"source": 114, "target": 148, "weight": 0.009804}, {"source": 114, "target": 179, "weight": 0.011494}, {"source": 116, "target": 175, "weight": 0.023438}, {"source": 116, "target": 142, "weight": 0.013889}, {"source": 116, "target": 122, "weight": 0.014286}, {"source": 116, "target": 178, "weight": 0.063492}, {"source": 116, "target": 149, "weight": 0.018519}, {"source": 116, "target": 150, "weight": 0.007752}, {"source": 116, "target": 151, "weight": 0.003322}, {"source": 116, "target": 132, "weight": 0.014085}, {"source": 117, "target": 137, "weight": 0.023256}, {"source": 118, "target": 157, "weight": 0.047619}, {"source": 118, "target": 171, "weight": 0.5}, {"source": 118, "target": 175, "weight": 0.055556}, {"source": 118, "target": 148, "weight": 0.011364}, {"source": 118, "target": 165, "weight": 0.04}, {"source": 119, "target": 176, "weight": 0.009091}, {"source": 119, "target": 174, "weight": 0.030303}, {"source": 120, "target": 139, "weight": 0.007634}, {"source": 120, "target": 188, "weight": 0.00625}, {"source": 120, "target": 177, "weight": 0.015873}, {"source": 121, "target": 150, "weight": 0.004082}, {"source": 121, "target": 189, "weight": 0.029412}, {"source": 121, "target": 185, "weight": 0.010526}, {"source": 121, "target": 164, "weight": 0.008475}, {"source": 121, "target": 194, "weight": 0.183333}, {"source": 121, "target": 180, "weight": 0.081081}, {"source": 121, "target": 136, "weight": 0.097087}, {"source": 121, "target": 151, "weight": 0.003484}, {"source": 122, "target": 129, "weight": 0.005208}, {"source": 122, "target": 190, "weight": 0.010417}, {"source": 122, "target": 153, "weight": 0.009434}, {"source": 122, "target": 166, "weight": 0.022727}, {"source": 123, "target": 148, "weight": 0.012658}, {"source": 123, "target": 144, "weight": 0.014925}, {"source": 124, "target": 143, "weight": 0.032967}, {"source": 124, "target": 170, "weight": 0.009174}, {"source": 124, "target": 157, "weight": 0.036364}, {"source": 125, "target": 143, "weight": 0.01005}, {"source": 125, "target": 173, "weight": 0.005155}, {"source": 125, "target": 174, "weight": 0.006623}, {"source": 125, "target": 179, "weight": 0.021053}, {"source": 125, "target": 175, "weight": 0.004292}, {"source": 125, "target": 138, "weight": 0.022599}, {"source": 125, "target": 154, "weight": 0.005682}, {"source": 126, "target": 186, "weight": 0.009174}, {"source": 126, "target": 175, "weight": 0.00578}, {"source": 126, "target": 154, "weight": 0.017391}, {"source": 127, "target": 129, "weight": 0.006452}, {"source": 128, "target": 143, "weight": 0.008}, {"source": 128, "target": 144, "weight": 0.008264}, {"source": 128, "target": 149, "weight": 0.012195}, {"source": 128, "target": 153, "weight": 0.27451}, {"source": 128, "target": 179, "weight": 0.008475}, {"source": 128, "target": 183, "weight": 0.032}, {"source": 128, "target": 129, "weight": 0.263158}, {"source": 128, "target": 136, "weight": 0.006494}, {"source": 129, "target": 144, "weight": 0.004651}, {"source": 129, "target": 162, "weight": 0.010204}, {"source": 129, "target": 148, "weight": 0.004405}, {"source": 129, "target": 149, "weight": 0.011429}, {"source": 129, "target": 150, "weight": 0.015957}, {"source": 129, "target": 151, "weight": 0.009524}, {"source": 129, "target": 160, "weight": 0.004831}, {"source": 129, "target": 143, "weight": 0.013825}, {"source": 129, "target": 139, "weight": 0.003745}, {"source": 129, "target": 168, "weight": 0.040404}, {"source": 129, "target": 169, "weight": 0.005263}, {"source": 129, "target": 179, "weight": 0.014286}, {"source": 129, "target": 153, "weight": 0.148718}, {"source": 129, "target": 181, "weight": 0.005376}, {"source": 129, "target": 183, "weight": 0.042056}, {"source": 129, "target": 136, "weight": 0.004032}, {"source": 129, "target": 193, "weight": 0.021097}, {"source": 129, "target": 138, "weight": 0.010101}, {"source": 130, "target": 148, "weight": 0.012195}, {"source": 131, "target": 173, "weight": 0.014706}, {"source": 131, "target": 175, "weight": 0.009346}, {"source": 131, "target": 154, "weight": 0.214286}, {"source": 133, "target": 147, "weight": 0.016216}, {"source": 133, "target": 193, "weight": 0.018692}, {"source": 135, "target": 173, "weight": 0.013889}, {"source": 135, "target": 190, "weight": 0.013889}, {"source": 135, "target": 136, "weight": 0.009346}, {"source": 136, "target": 150, "weight": 0.003125}, {"source": 136, "target": 151, "weight": 0.00554}, {"source": 136, "target": 165, "weight": 0.007752}, {"source": 136, "target": 155, "weight": 0.007519}, {"source": 136, "target": 170, "weight": 0.005747}, {"source": 136, "target": 164, "weight": 0.005181}, {"source": 136, "target": 153, "weight": 0.006173}, {"source": 136, "target": 190, "weight": 0.006579}, {"source": 136, "target": 168, "weight": 0.006944}, {"source": 136, "target": 194, "weight": 0.097744}, {"source": 136, "target": 180, "weight": 0.045455}, {"source": 136, "target": 185, "weight": 0.023952}, {"source": 136, "target": 189, "weight": 0.009174}, {"source": 138, "target": 143, "weight": 0.392405}, {"source": 138, "target": 145, "weight": 0.122137}, {"source": 138, "target": 172, "weight": 0.013158}, {"source": 138, "target": 151, "weight": 0.003195}, {"source": 138, "target": 157, "weight": 0.028169}, {"source": 138, "target": 179, "weight": 0.430556}, {"source": 138, "target": 187, "weight": 0.010101}, {"source": 138, "target": 193, "weight": 0.306931}, {"source": 139, "target": 144, "weight": 0.00578}, {"source": 139, "target": 160, "weight": 0.044025}, {"source": 139, "target": 153, "weight": 0.011111}, {"source": 139, "target": 171, "weight": 0.007752}, {"source": 139, "target": 173, "weight": 0.036145}, {"source": 139, "target": 175, "weight": 0.009569}, {"source": 139, "target": 183, "weight": 0.005556}, {"source": 139, "target": 190, "weight": 0.005848}, {"source": 140, "target": 170, "weight": 0.034483}, {"source": 140, "target": 146, "weight": 0.02381}, {"source": 140, "target": 176, "weight": 0.010309}, {"source": 140, "target": 180, "weight": 0.034483}, {"source": 140, "target": 154, "weight": 0.09589}, {"source": 142, "target": 171, "weight": 0.036364}, {"source": 142, "target": 148, "weight": 0.008929}, {"source": 142, "target": 149, "weight": 0.050847}, {"source": 142, "target": 175, "weight": 0.086614}, {"source": 142, "target": 190, "weight": 0.010204}, {"source": 142, "target": 165, "weight": 0.013333}, {"source": 142, "target": 154, "weight": 0.0125}, {"source": 143, "target": 145, "weight": 0.030864}, {"source": 143, "target": 172, "weight": 0.010417}, {"source": 143, "target": 153, "weight": 0.007519}, {"source": 143, "target": 147, "weight": 0.022124}, {"source": 143, "target": 157, "weight": 0.107143}, {"source": 143, "target": 177, "weight": 0.037736}, {"source": 143, "target": 179, "weight": 0.447059}, {"source": 143, "target": 181, "weight": 0.010417}, {"source": 143, "target": 187, "weight": 0.008403}, {"source": 143, "target": 188, "weight": 0.009756}, {"source": 143, "target": 193, "weight": 0.583333}, {"source": 144, "target": 150, "weight": 0.021277}, {"source": 144, "target": 151, "weight": 0.006098}, {"source": 144, "target": 170, "weight": 0.007092}, {"source": 144, "target": 168, "weight": 0.009009}, {"source": 144, "target": 175, "weight": 0.006329}, {"source": 144, "target": 153, "weight": 0.015625}, {"source": 144, "target": 183, "weight": 0.007813}, {"source": 144, "target": 186, "weight": 0.010638}, {"source": 145, "target": 179, "weight": 0.032258}, {"source": 146, "target": 161, "weight": 0.021277}, {"source": 147, "target": 170, "weight": 0.008163}, {"source": 147, "target": 157, "weight": 0.026455}, {"source": 147, "target": 176, "weight": 0.004464}, {"source": 147, "target": 175, "weight": 0.003802}, {"source": 147, "target": 172, "weight": 0.020619}, {"source": 147, "target": 181, "weight": 0.005076}, {"source": 148, "target": 150, "weight": 0.010101}, {"source": 148, "target": 165, "weight": 0.009259}, {"source": 148, "target": 169, "weight": 0.009259}, {"source": 148, "target": 153, "weight": 0.007092}, {"source": 148, "target": 170, "weight": 0.013158}, {"source": 148, "target": 171, "weight": 0.011236}, {"source": 148, "target": 175, "weight": 0.005882}, {"source": 148, "target": 183, "weight": 0.014388}, {"source": 148, "target": 190, "weight": 0.007634}, {"source": 148, "target": 192, "weight": 0.007194}, {"source": 149, "target": 168, "weight": 0.013889}, {"source": 149, "target": 175, "weight": 0.034483}, {"source": 149, "target": 153, "weight": 0.011111}, {"source": 150, "target": 165, "weight": 0.011538}, {"source": 150, "target": 170, "weight": 0.006536}, {"source": 150, "target": 157, "weight": 0.003937}, {"source": 150, "target": 153, "weight": 0.010239}, {"source": 150, "target": 171, "weight": 0.004115}, {"source": 150, "target": 173, "weight": 0.003509}, {"source": 150, "target": 176, "weight": 0.003509}, {"source": 150, "target": 180, "weight": 0.004049}, {"source": 150, "target": 175, "weight": 0.012461}, {"source": 150, "target": 183, "weight": 0.003401}, {"source": 150, "target": 185, "weight": 0.009967}, {"source": 151, "target": 165, "weight": 0.003289}, {"source": 151, "target": 154, "weight": 0.003236}, {"source": 151, "target": 155, "weight": 0.033445}, {"source": 151, "target": 170, "weight": 0.002865}, {"source": 151, "target": 185, "weight": 0.011696}, {"source": 151, "target": 171, "weight": 0.003509}, {"source": 151, "target": 173, "weight": 0.012346}, {"source": 151, "target": 175, "weight": 0.013812}, {"source": 151, "target": 180, "weight": 0.00346}, {"source": 151, "target": 183, "weight": 0.00597}, {"source": 151, "target": 184, "weight": 0.003623}, {"source": 151, "target": 186, "weight": 0.006645}, {"source": 151, "target": 190, "weight": 0.006135}, {"source": 153, "target": 159, "weight": 0.025316}, {"source": 153, "target": 168, "weight": 0.212121}, {"source": 153, "target": 179, "weight": 0.007937}, {"source": 153, "target": 192, "weight": 0.007407}, {"source": 153, "target": 183, "weight": 0.022388}, {"source": 153, "target": 193, "weight": 0.012987}, {"source": 154, "target": 161, "weight": 0.268657}, {"source": 154, "target": 173, "weight": 0.010101}, {"source": 154, "target": 175, "weight": 0.007246}, {"source": 154, "target": 176, "weight": 0.010101}, {"source": 154, "target": 180, "weight": 0.016393}, {"source": 154, "target": 182, "weight": 0.021053}, {"source": 154, "target": 190, "weight": 0.010101}, {"source": 154, "target": 192, "weight": 0.009346}, {"source": 155, "target": 185, "weight": 0.008621}, {"source": 156, "target": 164, "weight": 0.307692}, {"source": 156, "target": 194, "weight": 0.023256}, {"source": 157, "target": 171, "weight": 0.022727}, {"source": 157, "target": 188, "weight": 0.005917}, {"source": 157, "target": 187, "weight": 0.012195}, {"source": 157, "target": 176, "weight": 0.011628}, {"source": 157, "target": 179, "weight": 0.02381}, {"source": 157, "target": 193, "weight": 0.055046}, {"source": 158, "target": 183, "weight": 0.044444}, {"source": 159, "target": 168, "weight": 0.032787}, {"source": 160, "target": 175, "weight": 0.006667}, {"source": 160, "target": 177, "weight": 0.010309}, {"source": 160, "target": 181, "weight": 0.011905}, {"source": 160, "target": 183, "weight": 0.008333}, {"source": 161, "target": 173, "weight": 0.009804}, {"source": 161, "target": 175, "weight": 0.007092}, {"source": 161, "target": 176, "weight": 0.009804}, {"source": 161, "target": 180, "weight": 0.048387}, {"source": 162, "target": 186, "weight": 0.013158}, {"source": 162, "target": 183, "weight": 0.018349}, {"source": 162, "target": 175, "weight": 0.014388}, {"source": 162, "target": 176, "weight": 0.030303}, {"source": 164, "target": 185, "weight": 0.005682}, {"source": 164, "target": 173, "weight": 0.006329}, {"source": 164, "target": 175, "weight": 0.005076}, {"source": 164, "target": 190, "weight": 0.006329}, {"source": 165, "target": 183, "weight": 0.009709}, {"source": 165, "target": 171, "weight": 0.039216}, {"source": 165, "target": 175, "weight": 0.015152}, {"source": 168, "target": 170, "weight": 0.007634}, {"source": 168, "target": 175, "weight": 0.006757}, {"source": 170, "target": 188, "weight": 0.00905}, {"source": 170, "target": 191, "weight": 0.011765}, {"source": 170, "target": 193, "weight": 0.005988}, {"source": 171, "target": 175, "weight": 0.074766}, {"source": 172, "target": 188, "weight": 0.011628}, {"source": 172, "target": 177, "weight": 0.026667}, {"source": 172, "target": 179, "weight": 0.011236}, {"source": 172, "target": 181, "weight": 0.032258}, {"source": 172, "target": 193, "weight": 0.008475}, {"source": 173, "target": 190, "weight": 0.017241}, {"source": 173, "target": 175, "weight": 0.00641}, {"source": 173, "target": 182, "weight": 0.008772}, {"source": 175, "target": 178, "weight": 0.007634}, {"source": 175, "target": 182, "weight": 0.013158}, {"source": 175, "target": 190, "weight": 0.00641}, {"source": 175, "target": 194, "weight": 0.006711}, {"source": 176, "target": 180, "weight": 0.012658}, {"source": 176, "target": 188, "weight": 0.005}, {"source": 176, "target": 192, "weight": 0.008}, {"source": 177, "target": 181, "weight": 0.069444}, {"source": 179, "target": 193, "weight": 0.342593}, {"source": 180, "target": 185, "weight": 0.020833}, {"source": 180, "target": 194, "weight": 0.057971}, {"source": 181, "target": 188, "weight": 0.029586}, {"source": 182, "target": 185, "weight": 0.007576}, {"source": 182, "target": 190, "weight": 0.036036}, {"source": 183, "target": 193, "weight": 0.013072}, {"source": 185, "target": 194, "weight": 0.007813}, {"source": 185, "target": 192, "weight": 0.006993}, {"source": 190, "target": 192, "weight": 0.008}], "multigraph": false}