{"directed": false, "graph": {}, "nodes": [{"group": 0, "id": "rheumy", "degree": 0}, {"group": 1, "id": "rhapsodist", "degree": 0}, {"group": 2, "id": "rhetoric", "degree": 2}, {"group": 2, "id": "rhapsodize", "degree": 1}, {"group": 4, "id": "rhetorician", "degree": 0}, {"group": 3, "id": "rhapsodic"}, {"group": 3, "id": "rhyme", "degree": 3}, {"group": 5, "id": "rhapsodical", "degree": 0}, {"group": 6, "id": "rhinestone", "degree": 0}, {"group": 7, "id": "rheum", "degree": 1}, {"group": 3, "id": "rhyming"}, {"group": 3, "id": "rhythm"}, {"group": 7, "id": "rheumatism"}, {"group": 2, "id": "rhapsody"}, {"group": 2, "id": "rhetorical", "degree": 2}], "links": [{"source": 2, "target": 13, "weight": 0.031746}, {"source": 2, "target": 14, "weight": 0.011111}, {"source": 2, "target": 3, "weight": 0.016393}, {"source": 3, "target": 13, "weight": 0.133333}, {"source": 5, "target": 6, "weight": 0.027027}, {"source": 6, "target": 10, "weight": 0.074074}, {"source": 6, "target": 11, "weight": 0.05}, {"source": 9, "target": 12, "weight": 0.047619}, {"source": 13, "target": 14, "weight": 0.022222}], "multigraph": false}