{"directed": false, "graph": {}, "nodes": [{"group": 0, "id": "rive"}, {"group": 1, "id": "ritardando", "degree": 1}, {"group": 2, "id": "rigidity"}, {"group": 8, "id": "ritualistic", "degree": 4}, {"group": 1, "id": "rick", "degree": 25}, {"group": 3, "id": "rich"}, {"group": 1, "id": "riding", "degree": 1}, {"group": 4, "id": "riverside"}, {"group": 2, "id": "righteous", "degree": 24}, {"group": 5, "id": "rinsing", "degree": 9}, {"group": 2, "id": "righteousness", "degree": 1}, {"group": 0, "id": "risk", "degree": 12}, {"group": 5, "id": "rise"}, {"group": 3, "id": "rivaling"}, {"group": 0, "id": "riskiness", "degree": 6}, {"group": 3, "id": "ritzy", "degree": 18}, {"group": 6, "id": "risible"}, {"group": 7, "id": "rigmarole", "degree": 4}, {"group": 5, "id": "river"}, {"group": 1, "id": "rivet", "degree": 13}, {"group": 2, "id": "right"}, {"group": 6, "id": "ripply", "degree": 7}, {"group": 0, "id": "rivulet"}, {"group": 1, "id": "rile", "degree": 14}, {"group": 3, "id": "rigorous", "degree": 23}, {"group": 1, "id": "ribbon"}, {"group": 2, "id": "rigidly"}, {"group": 1, "id": "rigging", "degree": 18}, {"group": 6, "id": "ribald", "degree": 8}, {"group": 8, "id": "rite"}, {"group": 0, "id": "rime"}, {"group": 2, "id": "rightness"}, {"group": 3, "id": "ringleader", "degree": 3}, {"group": 2, "id": "rightward"}, {"group": 5, "id": "risibility", "degree": 1}, {"group": 2, "id": "rigorously", "degree": 15}, {"group": 4, "id": "riviera", "degree": 6}, {"group": 6, "id": "ribbed"}, {"group": 8, "id": "ritual", "degree": 10}, {"group": 1, "id": "riposte"}, {"group": 7, "id": "riffraff", "degree": 3}, {"group": 0, "id": "riddle"}, {"group": 0, "id": "ringmaster"}, {"group": 6, "id": "ridiculing", "degree": 4}, {"group": 5, "id": "rising", "degree": 33}, {"group": 1, "id": "rink"}, {"group": 1, "id": "rind"}, {"group": 1, "id": "ring", "degree": 38}, {"group": 3, "id": "ripping", "degree": 15}, {"group": 9, "id": "riled", "degree": 0}, {"group": 1, "id": "ridge", "degree": 24}, {"group": 3, "id": "ripened"}, {"group": 0, "id": "rifleman", "degree": 4}, {"group": 5, "id": "riot", "degree": 32}, {"group": 1, "id": "rictus", "degree": 3}, {"group": 5, "id": "rioting"}, {"group": 6, "id": "ridiculous"}, {"group": 3, "id": "rigid", "degree": 14}, {"group": 0, "id": "rifle"}, {"group": 5, "id": "rivalry"}, {"group": 3, "id": "rioter", "degree": 14}, {"group": 1, "id": "ringlet"}, {"group": 7, "id": "rigamarole", "degree": 5}, {"group": 3, "id": "rival"}, {"group": 1, "id": "ride"}, {"group": 5, "id": "riches"}, {"group": 5, "id": "ripen"}, {"group": 6, "id": "ribaldry"}, {"group": 3, "id": "rigged", "degree": 4}, {"group": 0, "id": "riddance", "degree": 8}, {"group": 6, "id": "rickety", "degree": 6}, {"group": 2, "id": "rialto"}, {"group": 6, "id": "risky"}, {"group": 1, "id": "ridicule", "degree": 11}, {"group": 2, "id": "rightly", "degree": 10}, {"group": 1, "id": "ringing", "degree": 14}, {"group": 3, "id": "ripe"}, {"group": 7, "id": "ringer"}, {"group": 6, "id": "rippled"}, {"group": 0, "id": "rip", "degree": 23}, {"group": 6, "id": "risque", "degree": 7}, {"group": 1, "id": "ripple"}, {"group": 4, "id": "rim"}, {"group": 1, "id": "rig", "degree": 7}, {"group": 6, "id": "rid"}, {"group": 1, "id": "rib", "degree": 9}, {"group": 3, "id": "riotous"}, {"group": 10, "id": "ringed", "degree": 0}, {"group": 0, "id": "riptide"}, {"group": 3, "id": "rider", "degree": 3}, {"group": 2, "id": "rightfully", "degree": 11}, {"group": 2, "id": "rightist"}, {"group": 0, "id": "rigor"}, {"group": 2, "id": "rightful", "degree": 13}, {"group": 0, "id": "rift", "degree": 29}, {"group": 5, "id": "riverhead"}, {"group": 1, "id": "rimple"}, {"group": 5, "id": "ricochet", "degree": 6}, {"group": 3, "id": "rife", "degree": 9}, {"group": 1, "id": "riffle"}, {"group": 5, "id": "rinse"}], "links": [{"source": 0, "target": 94, "weight": 0.197605}, {"source": 0, "target": 50, "weight": 0.005882}, {"source": 0, "target": 75, "weight": 0.011111}, {"source": 0, "target": 53, "weight": 0.008163}, {"source": 0, "target": 79, "weight": 0.172619}, {"source": 0, "target": 89, "weight": 0.009804}, {"source": 0, "target": 47, "weight": 0.003012}, {"source": 0, "target": 69, "weight": 0.009615}, {"source": 0, "target": 11, "weight": 0.00885}, {"source": 1, "target": 47, "weight": 0.003401}, {"source": 1, "target": 12, "weight": 0.003125}, {"source": 1, "target": 75, "weight": 0.039216}, {"source": 2, "target": 74, "weight": 0.015873}, {"source": 2, "target": 35, "weight": 0.012658}, {"source": 2, "target": 90, "weight": 0.018519}, {"source": 2, "target": 38, "weight": 0.008621}, {"source": 2, "target": 24, "weight": 0.004}, {"source": 2, "target": 8, "weight": 0.008696}, {"source": 2, "target": 14, "weight": 0.017857}, {"source": 2, "target": 93, "weight": 0.007634}, {"source": 3, "target": 20, "weight": 0.007853}, {"source": 3, "target": 15, "weight": 0.014706}, {"source": 3, "target": 38, "weight": 0.178082}, {"source": 3, "target": 29, "weight": 0.089286}, {"source": 3, "target": 8, "weight": 0.011905}, {"source": 3, "target": 93, "weight": 0.01}, {"source": 4, "target": 41, "weight": 0.003135}, {"source": 4, "target": 79, "weight": 0.008811}, {"source": 4, "target": 82, "weight": 0.008264}, {"source": 4, "target": 44, "weight": 0.008299}, {"source": 4, "target": 81, "weight": 0.005917}, {"source": 4, "target": 83, "weight": 0.015957}, {"source": 4, "target": 47, "weight": 0.00551}, {"source": 4, "target": 85, "weight": 0.006173}, {"source": 4, "target": 25, "weight": 0.01105}, {"source": 4, "target": 50, "weight": 0.00995}, {"source": 4, "target": 27, "weight": 0.01105}, {"source": 4, "target": 86, "weight": 0.005102}, {"source": 4, "target": 5, "weight": 0.003623}, {"source": 4, "target": 7, "weight": 0.019417}, {"source": 4, "target": 53, "weight": 0.014545}, {"source": 4, "target": 54, "weight": 0.017544}, {"source": 4, "target": 12, "weight": 0.012953}, {"source": 4, "target": 94, "weight": 0.004329}, {"source": 4, "target": 48, "weight": 0.007353}, {"source": 4, "target": 61, "weight": 0.008929}, {"source": 4, "target": 96, "weight": 0.009524}, {"source": 4, "target": 36, "weight": 0.019608}, {"source": 4, "target": 64, "weight": 0.010309}, {"source": 4, "target": 65, "weight": 0.009804}, {"source": 4, "target": 98, "weight": 0.006173}, {"source": 5, "target": 9, "weight": 0.004608}, {"source": 5, "target": 43, "weight": 0.004115}, {"source": 5, "target": 75, "weight": 0.017857}, {"source": 5, "target": 53, "weight": 0.005236}, {"source": 5, "target": 80, "weight": 0.009217}, {"source": 5, "target": 98, "weight": 0.201794}, {"source": 5, "target": 44, "weight": 0.002882}, {"source": 5, "target": 50, "weight": 0.003257}, {"source": 5, "target": 24, "weight": 0.015345}, {"source": 5, "target": 57, "weight": 0.009146}, {"source": 5, "target": 8, "weight": 0.003831}, {"source": 5, "target": 48, "weight": 0.008333}, {"source": 5, "target": 15, "weight": 0.042373}, {"source": 6, "target": 47, "weight": 0.003175}, {"source": 6, "target": 20, "weight": 0.002457}, {"source": 7, "target": 36, "weight": 0.85}, {"source": 7, "target": 79, "weight": 0.006211}, {"source": 8, "target": 20, "weight": 0.136247}, {"source": 8, "target": 74, "weight": 0.034483}, {"source": 8, "target": 76, "weight": 0.034014}, {"source": 8, "target": 24, "weight": 0.014652}, {"source": 8, "target": 83, "weight": 0.005714}, {"source": 8, "target": 26, "weight": 0.031579}, {"source": 8, "target": 51, "weight": 0.010101}, {"source": 8, "target": 91, "weight": 0.012048}, {"source": 8, "target": 15, "weight": 0.008}, {"source": 8, "target": 90, "weight": 0.025316}, {"source": 8, "target": 12, "weight": 0.002667}, {"source": 8, "target": 56, "weight": 0.007353}, {"source": 8, "target": 57, "weight": 0.014423}, {"source": 8, "target": 93, "weight": 0.161765}, {"source": 8, "target": 33, "weight": 0.012346}, {"source": 8, "target": 35, "weight": 0.029126}, {"source": 8, "target": 38, "weight": 0.007042}, {"source": 8, "target": 98, "weight": 0.006803}, {"source": 8, "target": 92, "weight": 0.005618}, {"source": 8, "target": 31, "weight": 0.011765}, {"source": 8, "target": 71, "weight": 0.011765}, {"source": 9, "target": 41, "weight": 0.003846}, {"source": 9, "target": 20, "weight": 0.002519}, {"source": 9, "target": 27, "weight": 0.00813}, {"source": 9, "target": 64, "weight": 0.007353}, {"source": 9, "target": 98, "weight": 0.009709}, {"source": 9, "target": 100, "weight": 0.1625}, {"source": 9, "target": 81, "weight": 0.009091}, {"source": 9, "target": 18, "weight": 0.019231}, {"source": 9, "target": 86, "weight": 0.007299}, {"source": 10, "target": 20, "weight": 0.007576}, {"source": 11, "target": 94, "weight": 0.014778}, {"source": 11, "target": 42, "weight": 0.013333}, {"source": 11, "target": 20, "weight": 0.002326}, {"source": 11, "target": 53, "weight": 0.003968}, {"source": 11, "target": 71, "weight": 0.013514}, {"source": 11, "target": 73, "weight": 0.007194}, {"source": 11, "target": 65, "weight": 0.013158}, {"source": 11, "target": 41, "weight": 0.006849}, {"source": 11, "target": 19, "weight": 0.01}, {"source": 11, "target": 30, "weight": 0.016667}, {"source": 11, "target": 12, "weight": 0.01108}, {"source": 11, "target": 44, "weight": 0.00463}, {"source": 11, "target": 79, "weight": 0.00495}, {"source": 11, "target": 52, "weight": 0.012195}, {"source": 11, "target": 58, "weight": 0.006711}, {"source": 11, "target": 92, "weight": 0.012048}, {"source": 11, "target": 47, "weight": 0.002959}, {"source": 11, "target": 69, "weight": 0.009091}, {"source": 11, "target": 14, "weight": 0.16129}, {"source": 11, "target": 72, "weight": 0.008264}, {"source": 12, "target": 75, "weight": 0.005882}, {"source": 12, "target": 79, "weight": 0.022831}, {"source": 12, "target": 23, "weight": 0.007895}, {"source": 12, "target": 44, "weight": 0.163728}, {"source": 12, "target": 24, "weight": 0.003929}, {"source": 12, "target": 47, "weight": 0.028169}, {"source": 12, "target": 48, "weight": 0.002817}, {"source": 12, "target": 50, "weight": 0.039409}, {"source": 12, "target": 27, "weight": 0.002494}, {"source": 12, "target": 85, "weight": 0.005263}, {"source": 12, "target": 89, "weight": 0.002833}, {"source": 12, "target": 53, "weight": 0.048421}, {"source": 12, "target": 60, "weight": 0.005714}, {"source": 12, "target": 93, "weight": 0.002558}, {"source": 12, "target": 94, "weight": 0.006696}, {"source": 12, "target": 36, "weight": 0.003106}, {"source": 12, "target": 15, "weight": 0.002786}, {"source": 12, "target": 38, "weight": 0.005333}, {"source": 12, "target": 97, "weight": 0.003096}, {"source": 12, "target": 69, "weight": 0.008499}, {"source": 13, "target": 44, "weight": 0.005405}, {"source": 13, "target": 60, "weight": 0.013333}, {"source": 13, "target": 48, "weight": 0.012658}, {"source": 14, "target": 94, "weight": 0.006369}, {"source": 14, "target": 20, "weight": 0.002618}, {"source": 14, "target": 92, "weight": 0.008403}, {"source": 14, "target": 31, "weight": 0.038462}, {"source": 15, "target": 20, "weight": 0.009479}, {"source": 15, "target": 43, "weight": 0.009346}, {"source": 15, "target": 76, "weight": 0.014925}, {"source": 15, "target": 57, "weight": 0.010363}, {"source": 15, "target": 38, "weight": 0.007937}, {"source": 15, "target": 82, "weight": 0.011111}, {"source": 15, "target": 66, "weight": 0.011111}, {"source": 15, "target": 24, "weight": 0.015564}, {"source": 15, "target": 98, "weight": 0.007634}, {"source": 15, "target": 99, "weight": 0.010989}, {"source": 15, "target": 56, "weight": 0.008333}, {"source": 15, "target": 86, "weight": 0.006061}, {"source": 15, "target": 81, "weight": 0.007246}, {"source": 15, "target": 44, "weight": 0.004739}, {"source": 15, "target": 47, "weight": 0.003003}, {"source": 15, "target": 48, "weight": 0.06}, {"source": 15, "target": 51, "weight": 0.02439}, {"source": 16, "target": 98, "weight": 0.009346}, {"source": 16, "target": 85, "weight": 0.009346}, {"source": 16, "target": 43, "weight": 0.012048}, {"source": 17, "target": 41, "weight": 0.007576}, {"source": 17, "target": 53, "weight": 0.004464}, {"source": 17, "target": 62, "weight": 0.939394}, {"source": 17, "target": 77, "weight": 0.011628}, {"source": 17, "target": 40, "weight": 0.032258}, {"source": 17, "target": 81, "weight": 0.008696}, {"source": 18, "target": 94, "weight": 0.005848}, {"source": 18, "target": 44, "weight": 0.01105}, {"source": 18, "target": 79, "weight": 0.018072}, {"source": 18, "target": 53, "weight": 0.018605}, {"source": 19, "target": 41, "weight": 0.018519}, {"source": 19, "target": 94, "weight": 0.005376}, {"source": 19, "target": 20, "weight": 0.004878}, {"source": 19, "target": 50, "weight": 0.012821}, {"source": 19, "target": 61, "weight": 0.030303}, {"source": 19, "target": 96, "weight": 0.016667}, {"source": 19, "target": 27, "weight": 0.014706}, {"source": 19, "target": 79, "weight": 0.016575}, {"source": 19, "target": 89, "weight": 0.011236}, {"source": 19, "target": 30, "weight": 0.009804}, {"source": 19, "target": 58, "weight": 0.007692}, {"source": 19, "target": 83, "weight": 0.006897}, {"source": 19, "target": 47, "weight": 0.015873}, {"source": 19, "target": 85, "weight": 0.017241}, {"source": 19, "target": 71, "weight": 0.018182}, {"source": 19, "target": 25, "weight": 0.007299}, {"source": 20, "target": 74, "weight": 0.023622}, {"source": 20, "target": 75, "weight": 0.002457}, {"source": 20, "target": 79, "weight": 0.005871}, {"source": 20, "target": 44, "weight": 0.001898}, {"source": 20, "target": 24, "weight": 0.03777}, {"source": 20, "target": 83, "weight": 0.004219}, {"source": 20, "target": 47, "weight": 0.006192}, {"source": 20, "target": 48, "weight": 0.00716}, {"source": 20, "target": 90, "weight": 0.01061}, {"source": 20, "target": 57, "weight": 0.05144}, {"source": 20, "target": 93, "weight": 0.114355}, {"source": 20, "target": 94, "weight": 0.003883}, {"source": 20, "target": 35, "weight": 0.054545}, {"source": 20, "target": 38, "weight": 0.011416}, {"source": 20, "target": 98, "weight": 0.011287}, {"source": 20, "target": 68, "weight": 0.002597}, {"source": 21, "target": 41, "weight": 0.003906}, {"source": 21, "target": 37, "weight": 0.055556}, {"source": 21, "target": 63, "weight": 0.007407}, {"source": 21, "target": 28, "weight": 0.023529}, {"source": 21, "target": 81, "weight": 0.009434}, {"source": 21, "target": 56, "weight": 0.011364}, {"source": 21, "target": 24, "weight": 0.004386}, {"source": 21, "target": 78, "weight": 0.030303}, {"source": 21, "target": 70, "weight": 0.009346}, {"source": 21, "target": 60, "weight": 0.014493}, {"source": 21, "target": 86, "weight": 0.007519}, {"source": 22, "target": 94, "weight": 0.006024}, {"source": 22, "target": 44, "weight": 0.011364}, {"source": 22, "target": 79, "weight": 0.012346}, {"source": 22, "target": 53, "weight": 0.009434}, {"source": 23, "target": 41, "weight": 0.022951}, {"source": 23, "target": 94, "weight": 0.004484}, {"source": 23, "target": 38, "weight": 0.006711}, {"source": 23, "target": 50, "weight": 0.010363}, {"source": 23, "target": 53, "weight": 0.018797}, {"source": 23, "target": 61, "weight": 0.009615}, {"source": 23, "target": 96, "weight": 0.020833}, {"source": 23, "target": 54, "weight": 0.009346}, {"source": 23, "target": 64, "weight": 0.296552}, {"source": 23, "target": 73, "weight": 0.006369}, {"source": 23, "target": 66, "weight": 0.00885}, {"source": 23, "target": 79, "weight": 0.027907}, {"source": 23, "target": 99, "weight": 0.026786}, {"source": 23, "target": 92, "weight": 0.005405}, {"source": 23, "target": 58, "weight": 0.005988}, {"source": 23, "target": 81, "weight": 0.182482}, {"source": 23, "target": 29, "weight": 0.008065}, {"source": 23, "target": 85, "weight": 0.019737}, {"source": 24, "target": 74, "weight": 0.004464}, {"source": 24, "target": 75, "weight": 0.004132}, {"source": 24, "target": 76, "weight": 0.003497}, {"source": 24, "target": 79, "weight": 0.002874}, {"source": 24, "target": 80, "weight": 0.004292}, {"source": 24, "target": 44, "weight": 0.002762}, {"source": 24, "target": 81, "weight": 0.00346}, {"source": 24, "target": 48, "weight": 0.028}, {"source": 24, "target": 26, "weight": 0.013043}, {"source": 24, "target": 28, "weight": 0.007463}, {"source": 24, "target": 51, "weight": 0.004274}, {"source": 24, "target": 86, "weight": 0.01278}, {"source": 24, "target": 78, "weight": 0.009302}, {"source": 24, "target": 91, "weight": 0.009217}, {"source": 24, "target": 53, "weight": 0.002513}, {"source": 24, "target": 90, "weight": 0.004651}, {"source": 24, "target": 56, "weight": 0.011152}, {"source": 24, "target": 57, "weight": 0.335907}, {"source": 24, "target": 60, "weight": 0.007968}, {"source": 24, "target": 93, "weight": 0.024476}, {"source": 24, "target": 33, "weight": 0.00463}, {"source": 24, "target": 35, "weight": 0.012605}, {"source": 24, "target": 63, "weight": 0.049342}, {"source": 24, "target": 39, "weight": 0.003788}, {"source": 24, "target": 98, "weight": 0.003546}, {"source": 24, "target": 92, "weight": 0.003195}, {"source": 24, "target": 31, "weight": 0.004545}, {"source": 24, "target": 71, "weight": 0.004545}, {"source": 24, "target": 100, "weight": 0.00369}, {"source": 24, "target": 72, "weight": 0.011321}, {"source": 25, "target": 53, "weight": 0.00346}, {"source": 25, "target": 27, "weight": 0.010417}, {"source": 25, "target": 44, "weight": 0.003953}, {"source": 25, "target": 47, "weight": 0.032967}, {"source": 26, "target": 74, "weight": 0.045455}, {"source": 26, "target": 35, "weight": 0.55}, {"source": 26, "target": 90, "weight": 0.027778}, {"source": 26, "target": 57, "weight": 0.012121}, {"source": 26, "target": 93, "weight": 0.045872}, {"source": 27, "target": 41, "weight": 0.00303}, {"source": 27, "target": 38, "weight": 0.005952}, {"source": 27, "target": 50, "weight": 0.014218}, {"source": 27, "target": 83, "weight": 0.195266}, {"source": 27, "target": 100, "weight": 0.006173}, {"source": 27, "target": 64, "weight": 0.004854}, {"source": 27, "target": 73, "weight": 0.005682}, {"source": 27, "target": 79, "weight": 0.004184}, {"source": 27, "target": 44, "weight": 0.007937}, {"source": 27, "target": 58, "weight": 0.005376}, {"source": 27, "target": 29, "weight": 0.006993}, {"source": 27, "target": 47, "weight": 0.021739}, {"source": 27, "target": 85, "weight": 0.011628}, {"source": 27, "target": 39, "weight": 0.012987}, {"source": 28, "target": 42, "weight": 0.012658}, {"source": 28, "target": 43, "weight": 0.044643}, {"source": 28, "target": 75, "weight": 0.01}, {"source": 28, "target": 63, "weight": 0.023121}, {"source": 28, "target": 80, "weight": 0.226667}, {"source": 28, "target": 81, "weight": 0.006803}, {"source": 28, "target": 67, "weight": 0.012346}, {"source": 28, "target": 56, "weight": 0.007752}, {"source": 28, "target": 60, "weight": 0.037383}, {"source": 28, "target": 86, "weight": 0.005747}, {"source": 28, "target": 72, "weight": 0.008}, {"source": 29, "target": 53, "weight": 0.004184}, {"source": 29, "target": 38, "weight": 0.322222}, {"source": 29, "target": 83, "weight": 0.006623}, {"source": 30, "target": 94, "weight": 0.395973}, {"source": 30, "target": 50, "weight": 0.011299}, {"source": 30, "target": 75, "weight": 0.010204}, {"source": 30, "target": 79, "weight": 0.090426}, {"source": 30, "target": 44, "weight": 0.009217}, {"source": 30, "target": 47, "weight": 0.002941}, {"source": 30, "target": 69, "weight": 0.018018}, {"source": 31, "target": 74, "weight": 0.030303}, {"source": 31, "target": 35, "weight": 0.020408}, {"source": 31, "target": 90, "weight": 0.041667}, {"source": 31, "target": 93, "weight": 0.009901}, {"source": 32, "target": 50, "weight": 0.007246}, {"source": 32, "target": 89, "weight": 0.014286}, {"source": 32, "target": 83, "weight": 0.007937}, {"source": 32, "target": 47, "weight": 0.003333}, {"source": 32, "target": 85, "weight": 0.010204}, {"source": 32, "target": 60, "weight": 0.014706}, {"source": 32, "target": 48, "weight": 0.013889}, {"source": 33, "target": 74, "weight": 0.034483}, {"source": 33, "target": 35, "weight": 0.022222}, {"source": 33, "target": 90, "weight": 0.05}, {"source": 33, "target": 93, "weight": 0.010309}, {"source": 34, "target": 53, "weight": 0.004739}, {"source": 35, "target": 41, "weight": 0.003731}, {"source": 35, "target": 74, "weight": 0.08}, {"source": 35, "target": 90, "weight": 0.022727}, {"source": 35, "target": 63, "weight": 0.006803}, {"source": 35, "target": 57, "weight": 0.011561}, {"source": 35, "target": 92, "weight": 0.007042}, {"source": 35, "target": 91, "weight": 0.021277}, {"source": 35, "target": 71, "weight": 0.020408}, {"source": 35, "target": 93, "weight": 0.042735}, {"source": 36, "target": 64, "weight": 0.007874}, {"source": 36, "target": 79, "weight": 0.00625}, {"source": 36, "target": 82, "weight": 0.058824}, {"source": 36, "target": 88, "weight": 0.038462}, {"source": 37, "target": 94, "weight": 0.012579}, {"source": 37, "target": 79, "weight": 0.012821}, {"source": 38, "target": 41, "weight": 0.003279}, {"source": 38, "target": 93, "weight": 0.006329}, {"source": 38, "target": 64, "weight": 0.005525}, {"source": 38, "target": 83, "weight": 0.005682}, {"source": 38, "target": 92, "weight": 0.005587}, {"source": 39, "target": 94, "weight": 0.004902}, {"source": 39, "target": 73, "weight": 0.037313}, {"source": 39, "target": 79, "weight": 0.004975}, {"source": 39, "target": 47, "weight": 0.002967}, {"source": 40, "target": 50, "weight": 0.006757}, {"source": 40, "target": 62, "weight": 0.032258}, {"source": 40, "target": 64, "weight": 0.007092}, {"source": 40, "target": 73, "weight": 0.009009}, {"source": 40, "target": 46, "weight": 0.011765}, {"source": 40, "target": 47, "weight": 0.006472}, {"source": 40, "target": 85, "weight": 0.018692}, {"source": 41, "target": 94, "weight": 0.041096}, {"source": 41, "target": 50, "weight": 0.002857}, {"source": 41, "target": 53, "weight": 0.016667}, {"source": 41, "target": 62, "weight": 0.007576}, {"source": 41, "target": 79, "weight": 0.050139}, {"source": 41, "target": 52, "weight": 0.003906}, {"source": 41, "target": 83, "weight": 0.01194}, {"source": 41, "target": 47, "weight": 0.005882}, {"source": 41, "target": 85, "weight": 0.003226}, {"source": 43, "target": 73, "weight": 0.047244}, {"source": 43, "target": 80, "weight": 0.065789}, {"source": 43, "target": 56, "weight": 0.008475}, {"source": 44, "target": 76, "weight": 0.004219}, {"source": 44, "target": 45, "weight": 0.005747}, {"source": 44, "target": 81, "weight": 0.012605}, {"source": 44, "target": 47, "weight": 0.028302}, {"source": 44, "target": 85, "weight": 0.030837}, {"source": 44, "target": 88, "weight": 0.018405}, {"source": 44, "target": 50, "weight": 0.030075}, {"source": 44, "target": 89, "weight": 0.004878}, {"source": 44, "target": 53, "weight": 0.029412}, {"source": 44, "target": 54, "weight": 0.005376}, {"source": 44, "target": 55, "weight": 0.005882}, {"source": 44, "target": 79, "weight": 0.023891}, {"source": 44, "target": 94, "weight": 0.041237}, {"source": 44, "target": 48, "weight": 0.004831}, {"source": 44, "target": 95, "weight": 0.011976}, {"source": 44, "target": 64, "weight": 0.007547}, {"source": 44, "target": 66, "weight": 0.021164}, {"source": 44, "target": 97, "weight": 0.005714}, {"source": 44, "target": 98, "weight": 0.012987}, {"source": 44, "target": 86, "weight": 0.003745}, {"source": 44, "target": 99, "weight": 0.015707}, {"source": 44, "target": 57, "weight": 0.003378}, {"source": 44, "target": 69, "weight": 0.009709}, {"source": 44, "target": 70, "weight": 0.004149}, {"source": 45, "target": 94, "weight": 0.006135}, {"source": 45, "target": 47, "weight": 0.013652}, {"source": 46, "target": 94, "weight": 0.005025}, {"source": 46, "target": 50, "weight": 0.005882}, {"source": 46, "target": 73, "weight": 0.007519}, {"source": 46, "target": 79, "weight": 0.015464}, {"source": 46, "target": 47, "weight": 0.003012}, {"source": 46, "target": 85, "weight": 0.007692}, {"source": 47, "target": 75, "weight": 0.067568}, {"source": 47, "target": 76, "weight": 0.002786}, {"source": 47, "target": 82, "weight": 0.012862}, {"source": 47, "target": 83, "weight": 0.010526}, {"source": 47, "target": 81, "weight": 0.016807}, {"source": 47, "target": 48, "weight": 0.006098}, {"source": 47, "target": 50, "weight": 0.147826}, {"source": 47, "target": 85, "weight": 0.163399}, {"source": 47, "target": 53, "weight": 0.002123}, {"source": 47, "target": 54, "weight": 0.006515}, {"source": 47, "target": 57, "weight": 0.004796}, {"source": 47, "target": 79, "weight": 0.00716}, {"source": 47, "target": 94, "weight": 0.024096}, {"source": 47, "target": 61, "weight": 0.003279}, {"source": 47, "target": 96, "weight": 0.006734}, {"source": 47, "target": 63, "weight": 0.007712}, {"source": 47, "target": 64, "weight": 0.007772}, {"source": 47, "target": 66, "weight": 0.003185}, {"source": 47, "target": 99, "weight": 0.009585}, {"source": 47, "target": 92, "weight": 0.002591}, {"source": 47, "target": 71, "weight": 0.013793}, {"source": 48, "target": 76, "weight": 0.007634}, {"source": 48, "target": 79, "weight": 0.026455}, {"source": 48, "target": 81, "weight": 0.007463}, {"source": 48, "target": 85, "weight": 0.007874}, {"source": 48, "target": 86, "weight": 0.006211}, {"source": 48, "target": 50, "weight": 0.005988}, {"source": 48, "target": 92, "weight": 0.006329}, {"source": 48, "target": 60, "weight": 0.020833}, {"source": 48, "target": 94, "weight": 0.005102}, {"source": 48, "target": 63, "weight": 0.012346}, {"source": 48, "target": 99, "weight": 0.011494}, {"source": 48, "target": 57, "weight": 0.015957}, {"source": 48, "target": 69, "weight": 0.009901}, {"source": 50, "target": 75, "weight": 0.006536}, {"source": 50, "target": 79, "weight": 0.003861}, {"source": 50, "target": 82, "weight": 0.026846}, {"source": 50, "target": 81, "weight": 0.098361}, {"source": 50, "target": 85, "weight": 0.347222}, {"source": 50, "target": 53, "weight": 0.006494}, {"source": 50, "target": 54, "weight": 0.013793}, {"source": 50, "target": 92, "weight": 0.013514}, {"source": 50, "target": 58, "weight": 0.014706}, {"source": 50, "target": 94, "weight": 0.039526}, {"source": 50, "target": 95, "weight": 0.007813}, {"source": 50, "target": 61, "weight": 0.006993}, {"source": 50, "target": 96, "weight": 0.141667}, {"source": 50, "target": 63, "weight": 0.004367}, {"source": 50, "target": 64, "weight": 0.004425}, {"source": 50, "target": 66, "weight": 0.006579}, {"source": 50, "target": 99, "weight": 0.013158}, {"source": 51, "target": 57, "weight": 0.005952}, {"source": 52, "target": 89, "weight": 0.014085}, {"source": 52, "target": 58, "weight": 0.153061}, {"source": 53, "target": 76, "weight": 0.003663}, {"source": 53, "target": 81, "weight": 0.018382}, {"source": 53, "target": 85, "weight": 0.015038}, {"source": 53, "target": 88, "weight": 0.01}, {"source": 53, "target": 54, "weight": 0.004505}, {"source": 53, "target": 55, "weight": 0.06701}, {"source": 53, "target": 57, "weight": 0.003012}, {"source": 53, "target": 79, "weight": 0.018182}, {"source": 53, "target": 58, "weight": 0.010714}, {"source": 53, "target": 59, "weight": 0.004717}, {"source": 53, "target": 60, "weight": 0.008403}, {"source": 53, "target": 94, "weight": 0.002959}, {"source": 53, "target": 62, "weight": 0.004464}, {"source": 53, "target": 63, "weight": 0.02}, {"source": 53, "target": 64, "weight": 0.023649}, {"source": 53, "target": 73, "weight": 0.018657}, {"source": 53, "target": 65, "weight": 0.014493}, {"source": 53, "target": 66, "weight": 0.008811}, {"source": 53, "target": 98, "weight": 0.007463}, {"source": 53, "target": 99, "weight": 0.013216}, {"source": 53, "target": 92, "weight": 0.006689}, {"source": 53, "target": 86, "weight": 0.013333}, {"source": 53, "target": 100, "weight": 0.003876}, {"source": 54, "target": 97, "weight": 0.020833}, {"source": 54, "target": 58, "weight": 0.008403}, {"source": 54, "target": 81, "weight": 0.00885}, {"source": 54, "target": 85, "weight": 0.019048}, {"source": 56, "target": 80, "weight": 0.010753}, {"source": 56, "target": 98, "weight": 0.021429}, {"source": 56, "target": 70, "weight": 0.013423}, {"source": 56, "target": 60, "weight": 0.008929}, {"source": 57, "target": 76, "weight": 0.018433}, {"source": 57, "target": 63, "weight": 0.012}, {"source": 57, "target": 79, "weight": 0.003546}, {"source": 57, "target": 71, "weight": 0.006494}, {"source": 57, "target": 91, "weight": 0.013245}, {"source": 57, "target": 86, "weight": 0.004}, {"source": 57, "target": 68, "weight": 0.006494}, {"source": 57, "target": 93, "weight": 0.022523}, {"source": 57, "target": 60, "weight": 0.005376}, {"source": 58, "target": 94, "weight": 0.053571}, {"source": 58, "target": 79, "weight": 0.035556}, {"source": 60, "target": 63, "weight": 0.25}, {"source": 60, "target": 86, "weight": 0.025974}, {"source": 60, "target": 81, "weight": 0.007692}, {"source": 60, "target": 89, "weight": 0.010526}, {"source": 61, "target": 94, "weight": 0.011696}, {"source": 61, "target": 79, "weight": 0.005917}, {"source": 62, "target": 77, "weight": 0.011628}, {"source": 62, "target": 81, "weight": 0.008696}, {"source": 63, "target": 94, "weight": 0.003876}, {"source": 63, "target": 89, "weight": 0.0125}, {"source": 63, "target": 85, "weight": 0.005291}, {"source": 63, "target": 93, "weight": 0.010101}, {"source": 64, "target": 94, "weight": 0.003922}, {"source": 64, "target": 73, "weight": 0.079545}, {"source": 64, "target": 79, "weight": 0.020161}, {"source": 64, "target": 97, "weight": 0.007813}, {"source": 64, "target": 85, "weight": 0.093567}, {"source": 66, "target": 79, "weight": 0.005618}, {"source": 67, "target": 73, "weight": 0.010309}, {"source": 67, "target": 80, "weight": 0.022222}, {"source": 68, "target": 98, "weight": 0.010989}, {"source": 68, "target": 76, "weight": 0.066667}, {"source": 69, "target": 94, "weight": 0.010256}, {"source": 69, "target": 79, "weight": 0.005181}, {"source": 69, "target": 84, "weight": 0.018182}, {"source": 69, "target": 100, "weight": 0.008621}, {"source": 70, "target": 98, "weight": 0.006211}, {"source": 70, "target": 84, "weight": 0.022727}, {"source": 70, "target": 86, "weight": 0.010309}, {"source": 70, "target": 72, "weight": 0.020833}, {"source": 71, "target": 74, "weight": 0.030303}, {"source": 71, "target": 90, "weight": 0.041667}, {"source": 71, "target": 93, "weight": 0.02}, {"source": 72, "target": 80, "weight": 0.058824}, {"source": 73, "target": 77, "weight": 0.007463}, {"source": 73, "target": 85, "weight": 0.090278}, {"source": 74, "target": 90, "weight": 0.45}, {"source": 74, "target": 92, "weight": 0.007937}, {"source": 74, "target": 91, "weight": 0.032258}, {"source": 74, "target": 93, "weight": 0.019231}, {"source": 75, "target": 94, "weight": 0.005495}, {"source": 75, "target": 76, "weight": 0.008547}, {"source": 75, "target": 85, "weight": 0.00885}, {"source": 75, "target": 79, "weight": 0.005587}, {"source": 75, "target": 98, "weight": 0.00885}, {"source": 75, "target": 86, "weight": 0.006803}, {"source": 76, "target": 98, "weight": 0.006369}, {"source": 76, "target": 83, "weight": 0.005405}, {"source": 76, "target": 93, "weight": 0.030675}, {"source": 77, "target": 83, "weight": 0.006289}, {"source": 79, "target": 81, "weight": 0.013393}, {"source": 79, "target": 85, "weight": 0.004566}, {"source": 79, "target": 88, "weight": 0.055556}, {"source": 79, "target": 86, "weight": 0.003953}, {"source": 79, "target": 94, "weight": 0.151394}, {"source": 79, "target": 96, "weight": 0.006173}, {"source": 79, "target": 97, "weight": 0.006211}, {"source": 79, "target": 99, "weight": 0.005587}, {"source": 79, "target": 92, "weight": 0.004}, {"source": 79, "target": 100, "weight": 0.004808}, {"source": 81, "target": 94, "weight": 0.004367}, {"source": 81, "target": 85, "weight": 0.018987}, {"source": 82, "target": 97, "weight": 0.018519}, {"source": 82, "target": 83, "weight": 0.007143}, {"source": 82, "target": 85, "weight": 0.018018}, {"source": 83, "target": 100, "weight": 0.005882}, {"source": 83, "target": 93, "weight": 0.005236}, {"source": 85, "target": 94, "weight": 0.037209}, {"source": 85, "target": 96, "weight": 0.021053}, {"source": 86, "target": 98, "weight": 0.305556}, {"source": 88, "target": 94, "weight": 0.006494}, {"source": 90, "target": 92, "weight": 0.008547}, {"source": 90, "target": 91, "weight": 0.045455}, {"source": 90, "target": 93, "weight": 0.021053}, {"source": 91, "target": 93, "weight": 0.010101}, {"source": 92, "target": 93, "weight": 0.005155}, {"source": 93, "target": 98, "weight": 0.006135}, {"source": 94, "target": 96, "weight": 0.006061}, {"source": 95, "target": 97, "weight": 0.033333}, {"source": 98, "target": 100, "weight": 0.007042}], "multigraph": false}