{"directed": false, "graph": {}, "nodes": [{"group": 0, "id": "rocker", "degree": 13}, {"group": 1, "id": "roaster", "degree": 8}, {"group": 2, "id": "rounded", "degree": 17}, {"group": 2, "id": "rocket"}, {"group": 3, "id": "rob", "degree": 15}, {"group": 4, "id": "rod"}, {"group": 1, "id": "roe", "degree": 6}, {"group": 5, "id": "rodent", "degree": 0}, {"group": 6, "id": "rounder", "degree": 7}, {"group": 7, "id": "rondeau", "degree": 16}, {"group": 2, "id": "rouge"}, {"group": 8, "id": "routinely"}, {"group": 2, "id": "rough", "degree": 35}, {"group": 2, "id": "rot"}, {"group": 9, "id": "roach"}, {"group": 10, "id": "row", "degree": 54}, {"group": 6, "id": "rover"}, {"group": 4, "id": "roughcast"}, {"group": 0, "id": "rooftop"}, {"group": 2, "id": "rosette"}, {"group": 2, "id": "rousing", "degree": 9}, {"group": 10, "id": "rose"}, {"group": 4, "id": "royal", "degree": 19}, {"group": 10, "id": "rouleau"}, {"group": 0, "id": "roadhouse", "degree": 4}, {"group": 2, "id": "rosy", "degree": 14}, {"group": 2, "id": "roustabout", "degree": 6}, {"group": 10, "id": "robe"}, {"group": 10, "id": "roadway", "degree": 25}, {"group": 4, "id": "rollback", "degree": 8}, {"group": 7, "id": "roundel"}, {"group": 0, "id": "roost"}, {"group": 10, "id": "robotlike", "degree": 9}, {"group": 10, "id": "roommate"}, {"group": 2, "id": "rogue"}, {"group": 11, "id": "roundabout", "degree": 40}, {"group": 3, "id": "roister"}, {"group": 10, "id": "rotation"}, {"group": 6, "id": "roving", "degree": 17}, {"group": 12, "id": "romantic", "degree": 10}, {"group": 2, "id": "rootlike", "degree": 1}, {"group": 10, "id": "rotate"}, {"group": 2, "id": "rocky", "degree": 13}, {"group": 2, "id": "roughneck", "degree": 18}, {"group": 10, "id": "roadblock"}, {"group": 8, "id": "roundly", "degree": 4}, {"group": 10, "id": "roast", "degree": 31}, {"group": 10, "id": "rock"}, {"group": 9, "id": "rota"}, {"group": 10, "id": "rote", "degree": 6}, {"group": 10, "id": "round", "degree": 48}, {"group": 0, "id": "roundhouse"}, {"group": 1, "id": "roebuck"}, {"group": 3, "id": "rollick", "degree": 21}, {"group": 13, "id": "rood"}, {"group": 12, "id": "romancer", "degree": 1}, {"group": 4, "id": "royalism", "degree": 1}, {"group": 9, "id": "roster", "degree": 14}, {"group": 2, "id": "rollicking"}, {"group": 2, "id": "rotten"}, {"group": 3, "id": "rodomontade"}, {"group": 10, "id": "routine"}, {"group": 0, "id": "rookery"}, {"group": 2, "id": "roomy"}, {"group": 3, "id": "robbery", "degree": 5}, {"group": 6, "id": "roaming"}, {"group": 2, "id": "roaring", "degree": 11}, {"group": 11, "id": "roller"}, {"group": 9, "id": "roundup", "degree": 3}, {"group": 13, "id": "rosary", "degree": 3}, {"group": 10, "id": "roar"}, {"group": 10, "id": "route", "degree": 20}, {"group": 10, "id": "roil"}, {"group": 0, "id": "roman"}, {"group": 2, "id": "roan", "degree": 4}, {"group": 6, "id": "roam"}, {"group": 14, "id": "rotogravure", "degree": 0}, {"group": 10, "id": "road", "degree": 20}, {"group": 10, "id": "roughen", "degree": 32}, {"group": 2, "id": "rockbound", "degree": 7}, {"group": 12, "id": "rooted"}, {"group": 4, "id": "routinize"}, {"group": 2, "id": "roguery", "degree": 2}, {"group": 4, "id": "roughhew", "degree": 17}, {"group": 11, "id": "rooter", "degree": 3}, {"group": 2, "id": "roundsman"}, {"group": 0, "id": "roofing"}, {"group": 11, "id": "rondelle"}, {"group": 2, "id": "rococo"}, {"group": 10, "id": "roomette"}, {"group": 15, "id": "roentgenotherapy", "degree": 0}, {"group": 16, "id": "roily", "degree": 8}, {"group": 10, "id": "roasting", "degree": 6}, {"group": 2, "id": "roguish"}, {"group": 10, "id": "rocking", "degree": 5}, {"group": 10, "id": "rouse"}, {"group": 11, "id": "robber"}, {"group": 10, "id": "roadbed", "degree": 19}, {"group": 3, "id": "rook"}, {"group": 0, "id": "room", "degree": 31}, {"group": 10, "id": "roulette", "degree": 1}, {"group": 10, "id": "roorback", "degree": 7}, {"group": 2, "id": "ropy", "degree": 9}, {"group": 0, "id": "roof", "degree": 32}, {"group": 0, "id": "rope"}, {"group": 12, "id": "romanticized"}, {"group": 11, "id": "rotator"}, {"group": 10, "id": "roughhouse"}, {"group": 4, "id": "root"}, {"group": 3, "id": "romp"}, {"group": 2, "id": "rowdy", "degree": 19}, {"group": 12, "id": "romanticism"}, {"group": 1, "id": "rooster"}, {"group": 11, "id": "rotor", "degree": 15}, {"group": 17, "id": "rocketry", "degree": 0}, {"group": 10, "id": "rout"}, {"group": 9, "id": "rodeo"}, {"group": 0, "id": "roughness", "degree": 16}, {"group": 10, "id": "romance"}, {"group": 10, "id": "role", "degree": 24}, {"group": 2, "id": "rookie", "degree": 6}, {"group": 6, "id": "roue", "degree": 3}, {"group": 10, "id": "roll"}, {"group": 18, "id": "royalist", "degree": 0}, {"group": 2, "id": "roisterous"}, {"group": 10, "id": "rolling", "degree": 19}, {"group": 2, "id": "robust", "degree": 17}, {"group": 10, "id": "rostrum", "degree": 11}, {"group": 2, "id": "rotund", "degree": 17}, {"group": 16, "id": "roiled"}, {"group": 2, "id": "roomer"}, {"group": 2, "id": "rotting"}, {"group": 11, "id": "rotary", "degree": 21}, {"group": 4, "id": "roughhewn", "degree": 11}, {"group": 8, "id": "roughly"}, {"group": 7, "id": "roundelay", "degree": 18}, {"group": 4, "id": "royalty"}, {"group": 6, "id": "rove"}, {"group": 6, "id": "roamer", "degree": 3}], "links": [{"source": 0, "target": 41, "weight": 0.01087}, {"source": 0, "target": 99, "weight": 0.009901}, {"source": 0, "target": 122, "weight": 0.004515}, {"source": 0, "target": 61, "weight": 0.009662}, {"source": 0, "target": 5, "weight": 0.012346}, {"source": 0, "target": 72, "weight": 0.006757}, {"source": 0, "target": 117, "weight": 0.007813}, {"source": 0, "target": 104, "weight": 0.007463}, {"source": 0, "target": 83, "weight": 0.018519}, {"source": 0, "target": 73, "weight": 0.035714}, {"source": 0, "target": 35, "weight": 0.014925}, {"source": 0, "target": 46, "weight": 0.006494}, {"source": 0, "target": 47, "weight": 0.011905}, {"source": 0, "target": 62, "weight": 0.02439}, {"source": 0, "target": 37, "weight": 0.010417}, {"source": 0, "target": 17, "weight": 0.011765}, {"source": 0, "target": 108, "weight": 0.007246}, {"source": 0, "target": 50, "weight": 0.006383}, {"source": 0, "target": 51, "weight": 0.033333}, {"source": 0, "target": 15, "weight": 0.003861}, {"source": 1, "target": 98, "weight": 0.013889}, {"source": 1, "target": 109, "weight": 0.009709}, {"source": 1, "target": 115, "weight": 0.006024}, {"source": 1, "target": 101, "weight": 0.023256}, {"source": 1, "target": 6, "weight": 0.027778}, {"source": 1, "target": 72, "weight": 0.006579}, {"source": 1, "target": 112, "weight": 0.488372}, {"source": 1, "target": 118, "weight": 0.009009}, {"source": 1, "target": 62, "weight": 0.022222}, {"source": 1, "target": 122, "weight": 0.002232}, {"source": 1, "target": 15, "weight": 0.003802}, {"source": 2, "target": 53, "weight": 0.006897}, {"source": 2, "target": 79, "weight": 0.007299}, {"source": 2, "target": 3, "weight": 0.006024}, {"source": 2, "target": 30, "weight": 0.006849}, {"source": 2, "target": 9, "weight": 0.00813}, {"source": 2, "target": 36, "weight": 0.00813}, {"source": 2, "target": 12, "weight": 0.017279}, {"source": 2, "target": 15, "weight": 0.006135}, {"source": 2, "target": 20, "weight": 0.007353}, {"source": 2, "target": 87, "weight": 0.008197}, {"source": 2, "target": 117, "weight": 0.005102}, {"source": 2, "target": 59, "weight": 0.006623}, {"source": 2, "target": 60, "weight": 0.006711}, {"source": 2, "target": 119, "weight": 0.007463}, {"source": 2, "target": 25, "weight": 0.006289}, {"source": 2, "target": 61, "weight": 0.007273}, {"source": 2, "target": 63, "weight": 0.037594}, {"source": 2, "target": 122, "weight": 0.001953}, {"source": 2, "target": 89, "weight": 0.009009}, {"source": 2, "target": 28, "weight": 0.006579}, {"source": 2, "target": 97, "weight": 0.006579}, {"source": 2, "target": 31, "weight": 0.007092}, {"source": 2, "target": 32, "weight": 0.015504}, {"source": 2, "target": 35, "weight": 0.009901}, {"source": 2, "target": 125, "weight": 0.011765}, {"source": 2, "target": 126, "weight": 0.012579}, {"source": 2, "target": 37, "weight": 0.006098}, {"source": 2, "target": 39, "weight": 0.006173}, {"source": 2, "target": 128, "weight": 0.06383}, {"source": 2, "target": 40, "weight": 0.009434}, {"source": 2, "target": 41, "weight": 0.012579}, {"source": 2, "target": 42, "weight": 0.005952}, {"source": 2, "target": 109, "weight": 0.005988}, {"source": 2, "target": 70, "weight": 0.003906}, {"source": 2, "target": 71, "weight": 0.007874}, {"source": 2, "target": 102, "weight": 0.027397}, {"source": 2, "target": 132, "weight": 0.024845}, {"source": 2, "target": 135, "weight": 0.00813}, {"source": 2, "target": 73, "weight": 0.008}, {"source": 2, "target": 46, "weight": 0.004505}, {"source": 2, "target": 50, "weight": 0.030476}, {"source": 2, "target": 77, "weight": 0.010363}, {"source": 3, "target": 53, "weight": 0.008197}, {"source": 3, "target": 29, "weight": 0.009091}, {"source": 3, "target": 43, "weight": 0.017857}, {"source": 3, "target": 71, "weight": 0.009615}, {"source": 3, "target": 110, "weight": 0.005587}, {"source": 3, "target": 6, "weight": 0.017699}, {"source": 3, "target": 103, "weight": 0.007092}, {"source": 3, "target": 35, "weight": 0.005556}, {"source": 3, "target": 46, "weight": 0.010101}, {"source": 3, "target": 120, "weight": 0.008929}, {"source": 3, "target": 125, "weight": 0.006757}, {"source": 3, "target": 12, "weight": 0.002237}, {"source": 3, "target": 50, "weight": 0.005825}, {"source": 3, "target": 77, "weight": 0.005848}, {"source": 4, "target": 98, "weight": 0.016667}, {"source": 4, "target": 53, "weight": 0.014493}, {"source": 4, "target": 43, "weight": 0.016667}, {"source": 4, "target": 70, "weight": 0.022599}, {"source": 4, "target": 57, "weight": 0.016129}, {"source": 4, "target": 5, "weight": 0.013699}, {"source": 4, "target": 23, "weight": 0.018182}, {"source": 4, "target": 125, "weight": 0.010526}, {"source": 4, "target": 41, "weight": 0.011905}, {"source": 4, "target": 64, "weight": 0.075472}, {"source": 4, "target": 47, "weight": 0.006211}, {"source": 4, "target": 48, "weight": 0.019231}, {"source": 4, "target": 12, "weight": 0.002538}, {"source": 4, "target": 67, "weight": 0.010989}, {"source": 4, "target": 15, "weight": 0.003984}, {"source": 5, "target": 78, "weight": 0.010989}, {"source": 5, "target": 99, "weight": 0.007752}, {"source": 5, "target": 43, "weight": 0.010417}, {"source": 5, "target": 22, "weight": 0.022388}, {"source": 5, "target": 103, "weight": 0.008065}, {"source": 5, "target": 32, "weight": 0.011111}, {"source": 5, "target": 119, "weight": 0.010638}, {"source": 5, "target": 127, "weight": 0.011111}, {"source": 5, "target": 50, "weight": 0.012121}, {"source": 5, "target": 15, "weight": 0.006993}, {"source": 6, "target": 52, "weight": 0.340909}, {"source": 6, "target": 98, "weight": 0.011905}, {"source": 6, "target": 109, "weight": 0.017544}, {"source": 6, "target": 112, "weight": 0.055556}, {"source": 8, "target": 16, "weight": 0.035714}, {"source": 8, "target": 79, "weight": 0.0125}, {"source": 8, "target": 43, "weight": 0.012658}, {"source": 8, "target": 65, "weight": 0.030303}, {"source": 8, "target": 110, "weight": 0.013889}, {"source": 8, "target": 102, "weight": 0.01087}, {"source": 8, "target": 59, "weight": 0.008163}, {"source": 8, "target": 34, "weight": 0.038462}, {"source": 8, "target": 137, "weight": 0.055556}, {"source": 8, "target": 75, "weight": 0.067797}, {"source": 8, "target": 26, "weight": 0.013889}, {"source": 8, "target": 36, "weight": 0.015152}, {"source": 8, "target": 12, "weight": 0.002421}, {"source": 8, "target": 121, "weight": 0.25641}, {"source": 8, "target": 38, "weight": 0.027972}, {"source": 9, "target": 128, "weight": 0.012048}, {"source": 9, "target": 104, "weight": 0.007353}, {"source": 9, "target": 41, "weight": 0.010638}, {"source": 9, "target": 87, "weight": 0.036364}, {"source": 9, "target": 71, "weight": 0.016393}, {"source": 9, "target": 30, "weight": 0.421053}, {"source": 9, "target": 132, "weight": 0.010204}, {"source": 9, "target": 50, "weight": 0.012793}, {"source": 9, "target": 135, "weight": 0.933333}, {"source": 9, "target": 35, "weight": 0.007299}, {"source": 9, "target": 46, "weight": 0.00641}, {"source": 9, "target": 61, "weight": 0.004762}, {"source": 9, "target": 37, "weight": 0.010204}, {"source": 9, "target": 108, "weight": 0.007143}, {"source": 9, "target": 122, "weight": 0.002242}, {"source": 9, "target": 77, "weight": 0.007813}, {"source": 9, "target": 15, "weight": 0.007692}, {"source": 10, "target": 126, "weight": 0.011236}, {"source": 10, "target": 74, "weight": 0.047619}, {"source": 10, "target": 25, "weight": 0.034884}, {"source": 10, "target": 46, "weight": 0.013333}, {"source": 10, "target": 50, "weight": 0.002132}, {"source": 11, "target": 45, "weight": 0.105263}, {"source": 11, "target": 12, "weight": 0.002525}, {"source": 12, "target": 78, "weight": 0.022277}, {"source": 12, "target": 53, "weight": 0.004706}, {"source": 12, "target": 79, "weight": 0.019465}, {"source": 12, "target": 81, "weight": 0.00495}, {"source": 12, "target": 133, "weight": 0.066313}, {"source": 12, "target": 112, "weight": 0.002451}, {"source": 12, "target": 83, "weight": 0.004975}, {"source": 12, "target": 72, "weight": 0.008097}, {"source": 12, "target": 36, "weight": 0.004963}, {"source": 12, "target": 65, "weight": 0.00495}, {"source": 12, "target": 15, "weight": 0.001645}, {"source": 12, "target": 17, "weight": 0.060976}, {"source": 12, "target": 19, "weight": 0.002571}, {"source": 12, "target": 20, "weight": 0.002398}, {"source": 12, "target": 124, "weight": 0.015625}, {"source": 12, "target": 58, "weight": 0.014888}, {"source": 12, "target": 59, "weight": 0.019164}, {"source": 12, "target": 60, "weight": 0.002326}, {"source": 12, "target": 120, "weight": 0.009685}, {"source": 12, "target": 134, "weight": 0.007282}, {"source": 12, "target": 110, "weight": 0.169082}, {"source": 12, "target": 93, "weight": 0.002525}, {"source": 12, "target": 91, "weight": 0.0075}, {"source": 12, "target": 14, "weight": 0.002294}, {"source": 12, "target": 137, "weight": 0.004854}, {"source": 12, "target": 57, "weight": 0.004785}, {"source": 12, "target": 61, "weight": 0.005405}, {"source": 12, "target": 34, "weight": 0.012077}, {"source": 12, "target": 35, "weight": 0.008316}, {"source": 12, "target": 125, "weight": 0.002212}, {"source": 12, "target": 126, "weight": 0.023148}, {"source": 12, "target": 94, "weight": 0.002551}, {"source": 12, "target": 66, "weight": 0.014493}, {"source": 12, "target": 38, "weight": 0.052061}, {"source": 12, "target": 67, "weight": 0.004474}, {"source": 12, "target": 128, "weight": 0.002326}, {"source": 12, "target": 98, "weight": 0.002398}, {"source": 12, "target": 37, "weight": 0.002247}, {"source": 12, "target": 42, "weight": 0.029748}, {"source": 12, "target": 43, "weight": 0.071795}, {"source": 12, "target": 70, "weight": 0.009381}, {"source": 12, "target": 88, "weight": 0.004751}, {"source": 12, "target": 102, "weight": 0.009368}, {"source": 12, "target": 132, "weight": 0.006772}, {"source": 12, "target": 103, "weight": 0.002247}, {"source": 12, "target": 122, "weight": 0.003793}, {"source": 12, "target": 131, "weight": 0.005141}, {"source": 12, "target": 45, "weight": 0.002525}, {"source": 12, "target": 136, "weight": 0.002433}, {"source": 12, "target": 74, "weight": 0.002532}, {"source": 12, "target": 46, "weight": 0.003984}, {"source": 12, "target": 48, "weight": 0.002445}, {"source": 12, "target": 107, "weight": 0.002398}, {"source": 12, "target": 108, "weight": 0.002053}, {"source": 12, "target": 50, "weight": 0.009828}, {"source": 13, "target": 83, "weight": 0.008772}, {"source": 13, "target": 74, "weight": 0.009434}, {"source": 13, "target": 99, "weight": 0.006211}, {"source": 13, "target": 50, "weight": 0.003766}, {"source": 13, "target": 15, "weight": 0.003135}, {"source": 14, "target": 57, "weight": 0.029412}, {"source": 14, "target": 46, "weight": 0.021622}, {"source": 14, "target": 15, "weight": 0.003413}, {"source": 14, "target": 50, "weight": 0.007952}, {"source": 14, "target": 127, "weight": 0.010417}, {"source": 15, "target": 78, "weight": 0.034483}, {"source": 15, "target": 53, "weight": 0.010676}, {"source": 15, "target": 72, "weight": 0.163934}, {"source": 15, "target": 81, "weight": 0.011538}, {"source": 15, "target": 111, "weight": 0.003922}, {"source": 15, "target": 44, "weight": 0.007463}, {"source": 15, "target": 87, "weight": 0.007722}, {"source": 15, "target": 115, "weight": 0.149533}, {"source": 15, "target": 23, "weight": 0.003717}, {"source": 15, "target": 117, "weight": 0.009036}, {"source": 15, "target": 59, "weight": 0.002268}, {"source": 15, "target": 60, "weight": 0.017668}, {"source": 15, "target": 119, "weight": 0.003676}, {"source": 15, "target": 21, "weight": 0.012658}, {"source": 15, "target": 61, "weight": 0.112601}, {"source": 15, "target": 27, "weight": 0.003534}, {"source": 15, "target": 122, "weight": 0.055105}, {"source": 15, "target": 28, "weight": 0.127907}, {"source": 15, "target": 97, "weight": 0.127907}, {"source": 15, "target": 91, "weight": 0.003861}, {"source": 15, "target": 46, "weight": 0.014045}, {"source": 15, "target": 57, "weight": 0.003623}, {"source": 15, "target": 30, "weight": 0.007067}, {"source": 15, "target": 75, "weight": 0.003891}, {"source": 15, "target": 31, "weight": 0.003584}, {"source": 15, "target": 104, "weight": 0.01791}, {"source": 15, "target": 136, "weight": 0.003731}, {"source": 15, "target": 92, "weight": 0.010345}, {"source": 15, "target": 125, "weight": 0.013072}, {"source": 15, "target": 36, "weight": 0.015504}, {"source": 15, "target": 37, "weight": 0.16092}, {"source": 15, "target": 95, "weight": 0.013793}, {"source": 15, "target": 67, "weight": 0.003279}, {"source": 15, "target": 127, "weight": 0.003731}, {"source": 15, "target": 128, "weight": 0.003484}, {"source": 15, "target": 41, "weight": 0.023973}, {"source": 15, "target": 69, "weight": 0.003731}, {"source": 15, "target": 99, "weight": 0.006536}, {"source": 15, "target": 109, "weight": 0.003279}, {"source": 15, "target": 70, "weight": 0.109551}, {"source": 15, "target": 108, "weight": 0.005831}, {"source": 15, "target": 71, "weight": 0.023077}, {"source": 15, "target": 101, "weight": 0.008197}, {"source": 15, "target": 54, "weight": 0.003922}, {"source": 15, "target": 132, "weight": 0.003311}, {"source": 15, "target": 103, "weight": 0.003311}, {"source": 15, "target": 135, "weight": 0.007692}, {"source": 15, "target": 137, "weight": 0.003704}, {"source": 15, "target": 47, "weight": 0.024523}, {"source": 15, "target": 48, "weight": 0.003759}, {"source": 15, "target": 107, "weight": 0.122449}, {"source": 15, "target": 49, "weight": 0.008}, {"source": 15, "target": 50, "weight": 0.079491}, {"source": 15, "target": 77, "weight": 0.121212}, {"source": 15, "target": 35, "weight": 0.005882}, {"source": 16, "target": 138, "weight": 0.619048}, {"source": 16, "target": 38, "weight": 0.015748}, {"source": 17, "target": 78, "weight": 0.010526}, {"source": 17, "target": 29, "weight": 0.010309}, {"source": 17, "target": 42, "weight": 0.015267}, {"source": 17, "target": 43, "weight": 0.01}, {"source": 17, "target": 110, "weight": 0.006024}, {"source": 17, "target": 133, "weight": 0.393443}, {"source": 17, "target": 132, "weight": 0.007813}, {"source": 17, "target": 83, "weight": 0.45}, {"source": 17, "target": 119, "weight": 0.020619}, {"source": 17, "target": 126, "weight": 0.008065}, {"source": 17, "target": 50, "weight": 0.005976}, {"source": 18, "target": 113, "weight": 0.038462}, {"source": 18, "target": 35, "weight": 0.016667}, {"source": 18, "target": 103, "weight": 0.169014}, {"source": 18, "target": 117, "weight": 0.008772}, {"source": 19, "target": 102, "weight": 0.014706}, {"source": 20, "target": 73, "weight": 0.013889}, {"source": 20, "target": 58, "weight": 0.027397}, {"source": 20, "target": 59, "weight": 0.016194}, {"source": 20, "target": 25, "weight": 0.019048}, {"source": 20, "target": 126, "weight": 0.028571}, {"source": 20, "target": 66, "weight": 0.011765}, {"source": 20, "target": 122, "weight": 0.002179}, {"source": 21, "target": 28, "weight": 0.006944}, {"source": 21, "target": 78, "weight": 0.00813}, {"source": 21, "target": 69, "weight": 0.008197}, {"source": 21, "target": 99, "weight": 0.018868}, {"source": 21, "target": 97, "weight": 0.006944}, {"source": 21, "target": 22, "weight": 0.011976}, {"source": 21, "target": 103, "weight": 0.019481}, {"source": 21, "target": 32, "weight": 0.008197}, {"source": 21, "target": 24, "weight": 0.009346}, {"source": 21, "target": 25, "weight": 0.027027}, {"source": 21, "target": 46, "weight": 0.00939}, {"source": 21, "target": 126, "weight": 0.006579}, {"source": 21, "target": 127, "weight": 0.033613}, {"source": 21, "target": 50, "weight": 0.021073}, {"source": 21, "target": 77, "weight": 0.005376}, {"source": 22, "target": 128, "weight": 0.007353}, {"source": 22, "target": 78, "weight": 0.008475}, {"source": 22, "target": 98, "weight": 0.00813}, {"source": 22, "target": 80, "weight": 0.008}, {"source": 22, "target": 87, "weight": 0.009174}, {"source": 22, "target": 136, "weight": 0.12381}, {"source": 22, "target": 30, "weight": 0.007519}, {"source": 22, "target": 103, "weight": 0.006623}, {"source": 22, "target": 50, "weight": 0.00956}, {"source": 22, "target": 32, "weight": 0.008547}, {"source": 22, "target": 73, "weight": 0.008929}, {"source": 22, "target": 61, "weight": 0.003802}, {"source": 22, "target": 23, "weight": 0.017094}, {"source": 22, "target": 47, "weight": 0.004464}, {"source": 22, "target": 126, "weight": 0.013699}, {"source": 22, "target": 88, "weight": 0.015748}, {"source": 22, "target": 122, "weight": 0.004016}, {"source": 22, "target": 77, "weight": 0.005525}, {"source": 22, "target": 25, "weight": 0.020833}, {"source": 23, "target": 28, "weight": 0.021505}, {"source": 23, "target": 113, "weight": 0.02}, {"source": 23, "target": 53, "weight": 0.011494}, {"source": 23, "target": 97, "weight": 0.021505}, {"source": 23, "target": 57, "weight": 0.025316}, {"source": 23, "target": 103, "weight": 0.009434}, {"source": 23, "target": 119, "weight": 0.013158}, {"source": 23, "target": 35, "weight": 0.006897}, {"source": 23, "target": 125, "weight": 0.00885}, {"source": 23, "target": 127, "weight": 0.013889}, {"source": 23, "target": 50, "weight": 0.00625}, {"source": 24, "target": 99, "weight": 0.010526}, {"source": 24, "target": 31, "weight": 0.014925}, {"source": 24, "target": 103, "weight": 0.011111}, {"source": 24, "target": 35, "weight": 0.007752}, {"source": 24, "target": 61, "weight": 0.00495}, {"source": 24, "target": 108, "weight": 0.007576}, {"source": 25, "target": 55, "weight": 0.012048}, {"source": 25, "target": 58, "weight": 0.010309}, {"source": 25, "target": 59, "weight": 0.003663}, {"source": 25, "target": 88, "weight": 0.009009}, {"source": 25, "target": 122, "weight": 0.004158}, {"source": 25, "target": 92, "weight": 0.008065}, {"source": 25, "target": 125, "weight": 0.007092}, {"source": 25, "target": 126, "weight": 0.031496}, {"source": 25, "target": 37, "weight": 0.007463}, {"source": 25, "target": 66, "weight": 0.018692}, {"source": 25, "target": 128, "weight": 0.016949}, {"source": 25, "target": 41, "weight": 0.007692}, {"source": 25, "target": 39, "weight": 0.007576}, {"source": 25, "target": 70, "weight": 0.004425}, {"source": 25, "target": 102, "weight": 0.008403}, {"source": 25, "target": 74, "weight": 0.011905}, {"source": 25, "target": 46, "weight": 0.005208}, {"source": 25, "target": 50, "weight": 0.00789}, {"source": 26, "target": 79, "weight": 0.012987}, {"source": 26, "target": 102, "weight": 0.011236}, {"source": 26, "target": 34, "weight": 0.012987}, {"source": 26, "target": 85, "weight": 0.014925}, {"source": 26, "target": 50, "weight": 0.002083}, {"source": 27, "target": 50, "weight": 0.006073}, {"source": 27, "target": 77, "weight": 0.006667}, {"source": 27, "target": 46, "weight": 0.011299}, {"source": 28, "target": 103, "weight": 0.007874}, {"source": 28, "target": 86, "weight": 0.012048}, {"source": 28, "target": 115, "weight": 0.010417}, {"source": 28, "target": 119, "weight": 0.020833}, {"source": 28, "target": 61, "weight": 0.012658}, {"source": 28, "target": 122, "weight": 0.008475}, {"source": 28, "target": 68, "weight": 0.013699}, {"source": 28, "target": 104, "weight": 0.006061}, {"source": 28, "target": 35, "weight": 0.006024}, {"source": 28, "target": 37, "weight": 0.015873}, {"source": 28, "target": 67, "weight": 0.015504}, {"source": 28, "target": 127, "weight": 0.021739}, {"source": 28, "target": 97, "weight": 0.966102}, {"source": 28, "target": 99, "weight": 0.007576}, {"source": 28, "target": 70, "weight": 0.004566}, {"source": 28, "target": 71, "weight": 0.034091}, {"source": 28, "target": 72, "weight": 0.005587}, {"source": 28, "target": 44, "weight": 0.021505}, {"source": 28, "target": 116, "weight": 0.013333}, {"source": 28, "target": 107, "weight": 0.010101}, {"source": 28, "target": 50, "weight": 0.012048}, {"source": 28, "target": 77, "weight": 0.284553}, {"source": 29, "target": 41, "weight": 0.019417}, {"source": 29, "target": 115, "weight": 0.005747}, {"source": 29, "target": 50, "weight": 0.002066}, {"source": 29, "target": 83, "weight": 0.015152}, {"source": 29, "target": 136, "weight": 0.013514}, {"source": 29, "target": 56, "weight": 0.020408}, {"source": 29, "target": 122, "weight": 0.002193}, {"source": 30, "target": 128, "weight": 0.009434}, {"source": 30, "target": 113, "weight": 0.03125}, {"source": 30, "target": 53, "weight": 0.009804}, {"source": 30, "target": 71, "weight": 0.036585}, {"source": 30, "target": 132, "weight": 0.008264}, {"source": 30, "target": 103, "weight": 0.008264}, {"source": 30, "target": 135, "weight": 0.421053}, {"source": 30, "target": 35, "weight": 0.025478}, {"source": 30, "target": 46, "weight": 0.005587}, {"source": 30, "target": 50, "weight": 0.061834}, {"source": 30, "target": 77, "weight": 0.020134}, {"source": 31, "target": 128, "weight": 0.009901}, {"source": 31, "target": 99, "weight": 0.22}, {"source": 31, "target": 103, "weight": 0.044643}, {"source": 31, "target": 83, "weight": 0.013514}, {"source": 31, "target": 77, "weight": 0.006849}, {"source": 32, "target": 78, "weight": 0.013889}, {"source": 32, "target": 99, "weight": 0.009091}, {"source": 32, "target": 61, "weight": 0.048077}, {"source": 32, "target": 132, "weight": 0.029126}, {"source": 32, "target": 50, "weight": 0.006263}, {"source": 32, "target": 47, "weight": 0.011299}, {"source": 32, "target": 62, "weight": 0.02}, {"source": 32, "target": 89, "weight": 0.019231}, {"source": 32, "target": 122, "weight": 0.006652}, {"source": 32, "target": 42, "weight": 0.009174}, {"source": 33, "target": 50, "weight": 0.002123}, {"source": 34, "target": 79, "weight": 0.011765}, {"source": 34, "target": 43, "weight": 0.0625}, {"source": 34, "target": 110, "weight": 0.170543}, {"source": 34, "target": 102, "weight": 0.010309}, {"source": 34, "target": 82, "weight": 0.018182}, {"source": 34, "target": 119, "weight": 0.012195}, {"source": 34, "target": 103, "weight": 0.008929}, {"source": 34, "target": 46, "weight": 0.005882}, {"source": 34, "target": 50, "weight": 0.004107}, {"source": 35, "target": 78, "weight": 0.006897}, {"source": 35, "target": 72, "weight": 0.004348}, {"source": 35, "target": 37, "weight": 0.017045}, {"source": 35, "target": 113, "weight": 0.069565}, {"source": 35, "target": 87, "weight": 0.030075}, {"source": 35, "target": 115, "weight": 0.004098}, {"source": 35, "target": 59, "weight": 0.006329}, {"source": 35, "target": 61, "weight": 0.003448}, {"source": 35, "target": 88, "weight": 0.006452}, {"source": 35, "target": 122, "weight": 0.007648}, {"source": 35, "target": 97, "weight": 0.006024}, {"source": 35, "target": 46, "weight": 0.004237}, {"source": 35, "target": 86, "weight": 0.007463}, {"source": 35, "target": 75, "weight": 0.007519}, {"source": 35, "target": 104, "weight": 0.00463}, {"source": 35, "target": 125, "weight": 0.01087}, {"source": 35, "target": 65, "weight": 0.014599}, {"source": 35, "target": 38, "weight": 0.073892}, {"source": 35, "target": 67, "weight": 0.045977}, {"source": 35, "target": 128, "weight": 0.037975}, {"source": 35, "target": 41, "weight": 0.017442}, {"source": 35, "target": 99, "weight": 0.005464}, {"source": 35, "target": 71, "weight": 0.014286}, {"source": 35, "target": 132, "weight": 0.09816}, {"source": 35, "target": 103, "weight": 0.011299}, {"source": 35, "target": 135, "weight": 0.007299}, {"source": 35, "target": 77, "weight": 0.014563}, {"source": 35, "target": 137, "weight": 0.006849}, {"source": 35, "target": 47, "weight": 0.003984}, {"source": 35, "target": 106, "weight": 0.072727}, {"source": 35, "target": 50, "weight": 0.037383}, {"source": 35, "target": 51, "weight": 0.008929}, {"source": 36, "target": 78, "weight": 0.015385}, {"source": 36, "target": 53, "weight": 0.311475}, {"source": 36, "target": 110, "weight": 0.007353}, {"source": 36, "target": 50, "weight": 0.00211}, {"source": 36, "target": 46, "weight": 0.00641}, {"source": 36, "target": 121, "weight": 0.025641}, {"source": 36, "target": 38, "weight": 0.007299}, {"source": 37, "target": 78, "weight": 0.009434}, {"source": 37, "target": 113, "weight": 0.012048}, {"source": 37, "target": 128, "weight": 0.008065}, {"source": 37, "target": 125, "weight": 0.027972}, {"source": 37, "target": 97, "weight": 0.015873}, {"source": 37, "target": 99, "weight": 0.006944}, {"source": 37, "target": 71, "weight": 0.061856}, {"source": 37, "target": 101, "weight": 0.012195}, {"source": 37, "target": 132, "weight": 0.007194}, {"source": 37, "target": 135, "weight": 0.010204}, {"source": 37, "target": 46, "weight": 0.010204}, {"source": 37, "target": 49, "weight": 0.011364}, {"source": 37, "target": 50, "weight": 0.129103}, {"source": 37, "target": 77, "weight": 0.042945}, {"source": 38, "target": 138, "weight": 0.008197}, {"source": 38, "target": 91, "weight": 0.007407}, {"source": 38, "target": 88, "weight": 0.012987}, {"source": 38, "target": 42, "weight": 0.033898}, {"source": 38, "target": 130, "weight": 0.008333}, {"source": 38, "target": 75, "weight": 0.030769}, {"source": 38, "target": 132, "weight": 0.052941}, {"source": 38, "target": 59, "weight": 0.015974}, {"source": 38, "target": 137, "weight": 0.097015}, {"source": 38, "target": 125, "weight": 0.01087}, {"source": 38, "target": 126, "weight": 0.005747}, {"source": 38, "target": 65, "weight": 0.263636}, {"source": 38, "target": 121, "weight": 0.008403}, {"source": 38, "target": 122, "weight": 0.001901}, {"source": 38, "target": 50, "weight": 0.016484}, {"source": 39, "target": 80, "weight": 0.018182}, {"source": 39, "target": 102, "weight": 0.016529}, {"source": 39, "target": 111, "weight": 0.011111}, {"source": 39, "target": 118, "weight": 0.006757}, {"source": 39, "target": 59, "weight": 0.014652}, {"source": 39, "target": 105, "weight": 0.246377}, {"source": 39, "target": 55, "weight": 0.12987}, {"source": 39, "target": 63, "weight": 0.018349}, {"source": 39, "target": 89, "weight": 0.011905}, {"source": 41, "target": 128, "weight": 0.008333}, {"source": 41, "target": 78, "weight": 0.009804}, {"source": 41, "target": 53, "weight": 0.008621}, {"source": 41, "target": 99, "weight": 0.007143}, {"source": 41, "target": 113, "weight": 0.025641}, {"source": 41, "target": 57, "weight": 0.009174}, {"source": 41, "target": 132, "weight": 0.022556}, {"source": 41, "target": 50, "weight": 0.051335}, {"source": 41, "target": 135, "weight": 0.010638}, {"source": 41, "target": 46, "weight": 0.005181}, {"source": 41, "target": 125, "weight": 0.036232}, {"source": 41, "target": 71, "weight": 0.020619}, {"source": 41, "target": 77, "weight": 0.012195}, {"source": 42, "target": 86, "weight": 0.020408}, {"source": 42, "target": 79, "weight": 0.181818}, {"source": 42, "target": 43, "weight": 0.008696}, {"source": 42, "target": 131, "weight": 0.011364}, {"source": 42, "target": 110, "weight": 0.011111}, {"source": 42, "target": 102, "weight": 0.02381}, {"source": 42, "target": 59, "weight": 0.025362}, {"source": 42, "target": 47, "weight": 0.023585}, {"source": 42, "target": 126, "weight": 0.021898}, {"source": 43, "target": 78, "weight": 0.012821}, {"source": 43, "target": 124, "weight": 0.037037}, {"source": 43, "target": 70, "weight": 0.004926}, {"source": 43, "target": 133, "weight": 0.014925}, {"source": 43, "target": 47, "weight": 0.005435}, {"source": 43, "target": 134, "weight": 0.0125}, {"source": 43, "target": 58, "weight": 0.027397}, {"source": 43, "target": 59, "weight": 0.004}, {"source": 43, "target": 103, "weight": 0.009009}, {"source": 43, "target": 120, "weight": 0.0375}, {"source": 43, "target": 102, "weight": 0.010417}, {"source": 43, "target": 110, "weight": 0.282051}, {"source": 43, "target": 96, "weight": 0.018868}, {"source": 44, "target": 97, "weight": 0.021505}, {"source": 44, "target": 83, "weight": 0.015625}, {"source": 44, "target": 119, "weight": 0.013158}, {"source": 44, "target": 50, "weight": 0.002075}, {"source": 44, "target": 77, "weight": 0.062016}, {"source": 45, "target": 134, "weight": 0.111111}, {"source": 45, "target": 50, "weight": 0.004301}, {"source": 46, "target": 126, "weight": 0.005181}, {"source": 46, "target": 135, "weight": 0.00641}, {"source": 46, "target": 87, "weight": 0.006452}, {"source": 46, "target": 115, "weight": 0.003802}, {"source": 46, "target": 61, "weight": 0.009772}, {"source": 46, "target": 122, "weight": 0.01487}, {"source": 46, "target": 92, "weight": 0.016216}, {"source": 46, "target": 125, "weight": 0.014851}, {"source": 46, "target": 95, "weight": 0.016129}, {"source": 46, "target": 128, "weight": 0.005495}, {"source": 46, "target": 98, "weight": 0.011905}, {"source": 46, "target": 109, "weight": 0.005}, {"source": 46, "target": 70, "weight": 0.013986}, {"source": 46, "target": 71, "weight": 0.012579}, {"source": 46, "target": 110, "weight": 0.004255}, {"source": 46, "target": 132, "weight": 0.005076}, {"source": 46, "target": 72, "weight": 0.02459}, {"source": 46, "target": 104, "weight": 0.004255}, {"source": 46, "target": 73, "weight": 0.012739}, {"source": 46, "target": 47, "weight": 0.011194}, {"source": 46, "target": 107, "weight": 0.005917}, {"source": 46, "target": 50, "weight": 0.028674}, {"source": 46, "target": 77, "weight": 0.00885}, {"source": 47, "target": 78, "weight": 0.065089}, {"source": 47, "target": 91, "weight": 0.005917}, {"source": 47, "target": 53, "weight": 0.015707}, {"source": 47, "target": 79, "weight": 0.005405}, {"source": 47, "target": 99, "weight": 0.004608}, {"source": 47, "target": 110, "weight": 0.004}, {"source": 47, "target": 57, "weight": 0.005376}, {"source": 47, "target": 132, "weight": 0.004717}, {"source": 47, "target": 117, "weight": 0.00823}, {"source": 47, "target": 125, "weight": 0.013825}, {"source": 47, "target": 94, "weight": 0.006289}, {"source": 47, "target": 50, "weight": 0.010292}, {"source": 48, "target": 68, "weight": 0.06383}, {"source": 48, "target": 53, "weight": 0.011905}, {"source": 48, "target": 57, "weight": 0.733333}, {"source": 48, "target": 125, "weight": 0.009091}, {"source": 49, "target": 50, "weight": 0.01087}, {"source": 49, "target": 73, "weight": 0.020408}, {"source": 49, "target": 61, "weight": 0.020305}, {"source": 49, "target": 122, "weight": 0.002294}, {"source": 50, "target": 78, "weight": 0.00625}, {"source": 50, "target": 53, "weight": 0.00404}, {"source": 50, "target": 80, "weight": 0.002045}, {"source": 50, "target": 81, "weight": 0.006342}, {"source": 50, "target": 110, "weight": 0.003623}, {"source": 50, "target": 73, "weight": 0.010593}, {"source": 50, "target": 134, "weight": 0.006224}, {"source": 50, "target": 83, "weight": 0.002114}, {"source": 50, "target": 108, "weight": 0.003597}, {"source": 50, "target": 113, "weight": 0.010989}, {"source": 50, "target": 61, "weight": 0.088388}, {"source": 50, "target": 115, "weight": 0.010417}, {"source": 50, "target": 116, "weight": 0.00216}, {"source": 50, "target": 117, "weight": 0.003663}, {"source": 50, "target": 67, "weight": 0.009728}, {"source": 50, "target": 59, "weight": 0.004601}, {"source": 50, "target": 60, "weight": 0.002}, {"source": 50, "target": 119, "weight": 0.006211}, {"source": 50, "target": 120, "weight": 0.002058}, {"source": 50, "target": 63, "weight": 0.006173}, {"source": 50, "target": 122, "weight": 0.061425}, {"source": 50, "target": 89, "weight": 0.002165}, {"source": 50, "target": 128, "weight": 0.018293}, {"source": 50, "target": 137, "weight": 0.006237}, {"source": 50, "target": 72, "weight": 0.007092}, {"source": 50, "target": 104, "weight": 0.033582}, {"source": 50, "target": 93, "weight": 0.002146}, {"source": 50, "target": 125, "weight": 0.019493}, {"source": 50, "target": 126, "weight": 0.003922}, {"source": 50, "target": 65, "weight": 0.004219}, {"source": 50, "target": 96, "weight": 0.002188}, {"source": 50, "target": 127, "weight": 0.002079}, {"source": 50, "target": 97, "weight": 0.012048}, {"source": 50, "target": 98, "weight": 0.008264}, {"source": 50, "target": 99, "weight": 0.025591}, {"source": 50, "target": 109, "weight": 0.005814}, {"source": 50, "target": 70, "weight": 0.004959}, {"source": 50, "target": 88, "weight": 0.002033}, {"source": 50, "target": 71, "weight": 0.032328}, {"source": 50, "target": 101, "weight": 0.002183}, {"source": 50, "target": 133, "weight": 0.004255}, {"source": 50, "target": 132, "weight": 0.036145}, {"source": 50, "target": 103, "weight": 0.005848}, {"source": 50, "target": 75, "weight": 0.002128}, {"source": 50, "target": 135, "weight": 0.012793}, {"source": 50, "target": 51, "weight": 0.004464}, {"source": 50, "target": 87, "weight": 0.060403}, {"source": 50, "target": 106, "weight": 0.008869}, {"source": 50, "target": 136, "weight": 0.006263}, {"source": 50, "target": 107, "weight": 0.002053}, {"source": 50, "target": 77, "weight": 0.034091}, {"source": 51, "target": 99, "weight": 0.012821}, {"source": 53, "target": 87, "weight": 0.012821}, {"source": 53, "target": 115, "weight": 0.010811}, {"source": 53, "target": 58, "weight": 0.012048}, {"source": 53, "target": 118, "weight": 0.015385}, {"source": 53, "target": 60, "weight": 0.081633}, {"source": 53, "target": 122, "weight": 0.030769}, {"source": 53, "target": 57, "weight": 0.010638}, {"source": 53, "target": 125, "weight": 0.007874}, {"source": 53, "target": 67, "weight": 0.00813}, {"source": 53, "target": 99, "weight": 0.008}, {"source": 53, "target": 109, "weight": 0.278351}, {"source": 53, "target": 70, "weight": 0.044118}, {"source": 53, "target": 110, "weight": 0.006329}, {"source": 53, "target": 72, "weight": 0.017647}, {"source": 53, "target": 104, "weight": 0.006329}, {"source": 53, "target": 64, "weight": 0.011364}, {"source": 53, "target": 108, "weight": 0.012422}, {"source": 54, "target": 69, "weight": 0.340909}, {"source": 55, "target": 105, "weight": 0.057143}, {"source": 56, "target": 136, "weight": 0.021739}, {"source": 57, "target": 68, "weight": 0.052632}, {"source": 57, "target": 70, "weight": 0.004878}, {"source": 57, "target": 61, "weight": 0.004444}, {"source": 57, "target": 125, "weight": 0.008333}, {"source": 57, "target": 116, "weight": 0.050847}, {"source": 57, "target": 122, "weight": 0.081967}, {"source": 57, "target": 67, "weight": 0.008621}, {"source": 57, "target": 127, "weight": 0.012658}, {"source": 58, "target": 78, "weight": 0.014493}, {"source": 58, "target": 110, "weight": 0.052239}, {"source": 58, "target": 133, "weight": 0.017241}, {"source": 58, "target": 126, "weight": 0.087912}, {"source": 58, "target": 66, "weight": 0.069444}, {"source": 59, "target": 78, "weight": 0.004082}, {"source": 59, "target": 133, "weight": 0.004274}, {"source": 59, "target": 121, "weight": 0.004566}, {"source": 59, "target": 110, "weight": 0.006349}, {"source": 59, "target": 91, "weight": 0.008547}, {"source": 59, "target": 126, "weight": 0.00365}, {"source": 59, "target": 66, "weight": 0.003968}, {"source": 59, "target": 128, "weight": 0.003802}, {"source": 59, "target": 102, "weight": 0.011494}, {"source": 59, "target": 132, "weight": 0.00722}, {"source": 60, "target": 78, "weight": 0.010989}, {"source": 60, "target": 119, "weight": 0.010638}, {"source": 61, "target": 78, "weight": 0.004587}, {"source": 61, "target": 83, "weight": 0.009615}, {"source": 61, "target": 119, "weight": 0.009091}, {"source": 61, "target": 128, "weight": 0.004237}, {"source": 61, "target": 125, "weight": 0.003876}, {"source": 61, "target": 97, "weight": 0.012658}, {"source": 61, "target": 99, "weight": 0.003906}, {"source": 61, "target": 71, "weight": 0.028708}, {"source": 61, "target": 101, "weight": 0.005155}, {"source": 61, "target": 132, "weight": 0.016129}, {"source": 61, "target": 103, "weight": 0.003984}, {"source": 61, "target": 135, "weight": 0.004762}, {"source": 61, "target": 77, "weight": 0.029197}, {"source": 62, "target": 99, "weight": 0.022727}, {"source": 62, "target": 103, "weight": 0.011905}, {"source": 62, "target": 117, "weight": 0.008621}, {"source": 63, "target": 128, "weight": 0.010309}, {"source": 63, "target": 125, "weight": 0.008403}, {"source": 63, "target": 94, "weight": 0.016949}, {"source": 64, "target": 109, "weight": 0.009091}, {"source": 64, "target": 70, "weight": 0.010101}, {"source": 64, "target": 119, "weight": 0.012987}, {"source": 64, "target": 122, "weight": 0.002198}, {"source": 64, "target": 67, "weight": 0.009091}, {"source": 65, "target": 132, "weight": 0.030928}, {"source": 66, "target": 124, "weight": 0.09434}, {"source": 66, "target": 110, "weight": 0.013333}, {"source": 66, "target": 70, "weight": 0.004878}, {"source": 66, "target": 125, "weight": 0.043103}, {"source": 66, "target": 126, "weight": 0.028037}, {"source": 66, "target": 94, "weight": 0.016667}, {"source": 66, "target": 88, "weight": 0.011111}, {"source": 66, "target": 122, "weight": 0.004348}, {"source": 67, "target": 78, "weight": 0.009174}, {"source": 67, "target": 97, "weight": 0.015504}, {"source": 67, "target": 92, "weight": 0.007576}, {"source": 67, "target": 113, "weight": 0.101266}, {"source": 67, "target": 132, "weight": 0.007042}, {"source": 67, "target": 103, "weight": 0.014184}, {"source": 67, "target": 117, "weight": 0.005747}, {"source": 67, "target": 83, "weight": 0.01}, {"source": 67, "target": 119, "weight": 0.008929}, {"source": 67, "target": 125, "weight": 0.006711}, {"source": 67, "target": 127, "weight": 0.009259}, {"source": 68, "target": 97, "weight": 0.013699}, {"source": 68, "target": 116, "weight": 0.789474}, {"source": 68, "target": 122, "weight": 0.006961}, {"source": 69, "target": 104, "weight": 0.006993}, {"source": 70, "target": 97, "weight": 0.004566}, {"source": 70, "target": 101, "weight": 0.023392}, {"source": 70, "target": 117, "weight": 0.003802}, {"source": 70, "target": 125, "weight": 0.012712}, {"source": 70, "target": 74, "weight": 0.005525}, {"source": 70, "target": 126, "weight": 0.00885}, {"source": 70, "target": 77, "weight": 0.007692}, {"source": 71, "target": 78, "weight": 0.014493}, {"source": 71, "target": 112, "weight": 0.015385}, {"source": 71, "target": 104, "weight": 0.014388}, {"source": 71, "target": 87, "weight": 0.051724}, {"source": 71, "target": 115, "weight": 0.005952}, {"source": 71, "target": 119, "weight": 0.013889}, {"source": 71, "target": 122, "weight": 0.011211}, {"source": 71, "target": 128, "weight": 0.011494}, {"source": 71, "target": 72, "weight": 0.006494}, {"source": 71, "target": 125, "weight": 0.028037}, {"source": 71, "target": 97, "weight": 0.034091}, {"source": 71, "target": 98, "weight": 0.013514}, {"source": 71, "target": 99, "weight": 0.009346}, {"source": 71, "target": 132, "weight": 0.009804}, {"source": 71, "target": 103, "weight": 0.009804}, {"source": 71, "target": 135, "weight": 0.016393}, {"source": 71, "target": 77, "weight": 0.146552}, {"source": 72, "target": 78, "weight": 0.177778}, {"source": 72, "target": 91, "weight": 0.006757}, {"source": 72, "target": 97, "weight": 0.005587}, {"source": 72, "target": 110, "weight": 0.004367}, {"source": 72, "target": 117, "weight": 0.004484}, {"source": 72, "target": 77, "weight": 0.009091}, {"source": 72, "target": 92, "weight": 0.011111}, {"source": 73, "target": 132, "weight": 0.01}, {"source": 73, "target": 103, "weight": 0.01}, {"source": 73, "target": 117, "weight": 0.007576}, {"source": 73, "target": 83, "weight": 0.017241}, {"source": 73, "target": 127, "weight": 0.015152}, {"source": 74, "target": 110, "weight": 0.007874}, {"source": 74, "target": 77, "weight": 0.008403}, {"source": 75, "target": 138, "weight": 0.026316}, {"source": 75, "target": 99, "weight": 0.010101}, {"source": 75, "target": 125, "weight": 0.009901}, {"source": 77, "target": 78, "weight": 0.007353}, {"source": 77, "target": 87, "weight": 0.024}, {"source": 77, "target": 115, "weight": 0.012876}, {"source": 77, "target": 119, "weight": 0.007194}, {"source": 77, "target": 122, "weight": 0.015686}, {"source": 77, "target": 128, "weight": 0.006494}, {"source": 77, "target": 104, "weight": 0.014634}, {"source": 77, "target": 125, "weight": 0.017241}, {"source": 77, "target": 126, "weight": 0.006061}, {"source": 77, "target": 127, "weight": 0.014925}, {"source": 77, "target": 97, "weight": 0.284553}, {"source": 77, "target": 98, "weight": 0.007092}, {"source": 77, "target": 99, "weight": 0.023392}, {"source": 77, "target": 109, "weight": 0.005814}, {"source": 77, "target": 132, "weight": 0.005917}, {"source": 77, "target": 103, "weight": 0.011905}, {"source": 77, "target": 135, "weight": 0.007813}, {"source": 77, "target": 107, "weight": 0.007092}, {"source": 78, "target": 110, "weight": 0.006944}, {"source": 78, "target": 112, "weight": 0.014493}, {"source": 78, "target": 95, "weight": 0.020833}, {"source": 78, "target": 115, "weight": 0.054878}, {"source": 78, "target": 122, "weight": 0.015625}, {"source": 78, "target": 124, "weight": 0.02}, {"source": 78, "target": 98, "weight": 0.012821}, {"source": 78, "target": 133, "weight": 0.016129}, {"source": 78, "target": 134, "weight": 0.013333}, {"source": 78, "target": 107, "weight": 0.025974}, {"source": 79, "target": 102, "weight": 0.031579}, {"source": 79, "target": 126, "weight": 0.028302}, {"source": 79, "target": 122, "weight": 0.002174}, {"source": 80, "target": 83, "weight": 0.014085}, {"source": 81, "target": 83, "weight": 0.035714}, {"source": 81, "target": 103, "weight": 0.010101}, {"source": 82, "target": 110, "weight": 0.008333}, {"source": 83, "target": 98, "weight": 0.014493}, {"source": 83, "target": 133, "weight": 0.018868}, {"source": 83, "target": 136, "weight": 0.015873}, {"source": 83, "target": 119, "weight": 0.030303}, {"source": 83, "target": 108, "weight": 0.029412}, {"source": 83, "target": 122, "weight": 0.00905}, {"source": 84, "target": 113, "weight": 0.034483}, {"source": 84, "target": 115, "weight": 0.006623}, {"source": 84, "target": 95, "weight": 0.013158}, {"source": 84, "target": 96, "weight": 0.037037}, {"source": 86, "target": 113, "weight": 0.025641}, {"source": 86, "target": 97, "weight": 0.012048}, {"source": 86, "target": 103, "weight": 0.103448}, {"source": 86, "target": 117, "weight": 0.007874}, {"source": 87, "target": 128, "weight": 0.012195}, {"source": 87, "target": 113, "weight": 0.05}, {"source": 87, "target": 132, "weight": 0.010309}, {"source": 87, "target": 103, "weight": 0.010309}, {"source": 87, "target": 135, "weight": 0.036364}, {"source": 88, "target": 110, "weight": 0.006494}, {"source": 88, "target": 125, "weight": 0.00813}, {"source": 91, "target": 115, "weight": 0.006173}, {"source": 91, "target": 110, "weight": 0.015038}, {"source": 91, "target": 129, "weight": 0.133333}, {"source": 92, "target": 115, "weight": 0.010309}, {"source": 92, "target": 107, "weight": 0.02}, {"source": 94, "target": 125, "weight": 0.068182}, {"source": 94, "target": 122, "weight": 0.006944}, {"source": 95, "target": 113, "weight": 0.013514}, {"source": 97, "target": 103, "weight": 0.007874}, {"source": 97, "target": 115, "weight": 0.010417}, {"source": 97, "target": 119, "weight": 0.020833}, {"source": 97, "target": 122, "weight": 0.008475}, {"source": 97, "target": 104, "weight": 0.006061}, {"source": 97, "target": 127, "weight": 0.021739}, {"source": 97, "target": 99, "weight": 0.007576}, {"source": 97, "target": 116, "weight": 0.013333}, {"source": 97, "target": 107, "weight": 0.010101}, {"source": 98, "target": 113, "weight": 0.018182}, {"source": 98, "target": 110, "weight": 0.006711}, {"source": 98, "target": 103, "weight": 0.009009}, {"source": 98, "target": 117, "weight": 0.006993}, {"source": 98, "target": 119, "weight": 0.012346}, {"source": 99, "target": 115, "weight": 0.004762}, {"source": 99, "target": 117, "weight": 0.011429}, {"source": 99, "target": 119, "weight": 0.026786}, {"source": 99, "target": 122, "weight": 0.004073}, {"source": 99, "target": 125, "weight": 0.006623}, {"source": 99, "target": 128, "weight": 0.007752}, {"source": 99, "target": 130, "weight": 0.011628}, {"source": 99, "target": 109, "weight": 0.006803}, {"source": 99, "target": 103, "weight": 0.058394}, {"source": 99, "target": 104, "weight": 0.08284}, {"source": 99, "target": 137, "weight": 0.008929}, {"source": 99, "target": 108, "weight": 0.010811}, {"source": 100, "target": 122, "weight": 0.002358}, {"source": 101, "target": 118, "weight": 0.021739}, {"source": 101, "target": 122, "weight": 0.002326}, {"source": 102, "target": 110, "weight": 0.006173}, {"source": 102, "target": 119, "weight": 0.010638}, {"source": 102, "target": 126, "weight": 0.043103}, {"source": 103, "target": 113, "weight": 0.012048}, {"source": 103, "target": 115, "weight": 0.004878}, {"source": 103, "target": 117, "weight": 0.005848}, {"source": 103, "target": 119, "weight": 0.009174}, {"source": 103, "target": 122, "weight": 0.002053}, {"source": 103, "target": 110, "weight": 0.00565}, {"source": 103, "target": 106, "weight": 0.012821}, {"source": 103, "target": 108, "weight": 0.011111}, {"source": 104, "target": 117, "weight": 0.004785}, {"source": 104, "target": 135, "weight": 0.007353}, {"source": 104, "target": 125, "weight": 0.005435}, {"source": 106, "target": 113, "weight": 0.533333}, {"source": 106, "target": 132, "weight": 0.012821}, {"source": 107, "target": 117, "weight": 0.014085}, {"source": 108, "target": 135, "weight": 0.007143}, {"source": 108, "target": 127, "weight": 0.006803}, {"source": 109, "target": 119, "weight": 0.008929}, {"source": 109, "target": 120, "weight": 0.00885}, {"source": 110, "target": 133, "weight": 0.007519}, {"source": 110, "target": 120, "weight": 0.020548}, {"source": 110, "target": 122, "weight": 0.001905}, {"source": 110, "target": 124, "weight": 0.06087}, {"source": 110, "target": 131, "weight": 0.008197}, {"source": 110, "target": 134, "weight": 0.006849}, {"source": 113, "target": 132, "weight": 0.012048}, {"source": 113, "target": 122, "weight": 0.004651}, {"source": 115, "target": 132, "weight": 0.004878}, {"source": 115, "target": 117, "weight": 0.004219}, {"source": 117, "target": 122, "weight": 0.005803}, {"source": 119, "target": 122, "weight": 0.006593}, {"source": 119, "target": 136, "weight": 0.013333}, {"source": 120, "target": 130, "weight": 0.019231}, {"source": 122, "target": 125, "weight": 0.044304}, {"source": 122, "target": 126, "weight": 0.006237}, {"source": 122, "target": 127, "weight": 0.006652}, {"source": 122, "target": 132, "weight": 0.006186}, {"source": 122, "target": 135, "weight": 0.002242}, {"source": 124, "target": 133, "weight": 0.025641}, {"source": 125, "target": 126, "weight": 0.021429}, {"source": 125, "target": 128, "weight": 0.03937}, {"source": 125, "target": 132, "weight": 0.020833}, {"source": 126, "target": 128, "weight": 0.070796}, {"source": 126, "target": 133, "weight": 0.010989}, {"source": 128, "target": 132, "weight": 0.008065}, {"source": 128, "target": 135, "weight": 0.012048}, {"source": 132, "target": 133, "weight": 0.010526}, {"source": 132, "target": 135, "weight": 0.010204}, {"source": 133, "target": 134, "weight": 0.015625}, {"source": 137, "target": 138, "weight": 0.019608}], "multigraph": false}