{"directed": false, "graph": {}, "nodes": [{"group": 5, "id": "rumbling"}, {"group": 1, "id": "rubric", "degree": 23}, {"group": 2, "id": "ruthlessness"}, {"group": 2, "id": "ruminate"}, {"group": 1, "id": "rushing", "degree": 6}, {"group": 1, "id": "rundown"}, {"group": 3, "id": "ruby"}, {"group": 2, "id": "ruin", "degree": 18}, {"group": 4, "id": "rubbishy", "degree": 7}, {"group": 1, "id": "ruler", "degree": 8}, {"group": 3, "id": "rubicund", "degree": 7}, {"group": 1, "id": "runny"}, {"group": 2, "id": "ruff", "degree": 30}, {"group": 0, "id": "rusticate"}, {"group": 5, "id": "rumor", "degree": 9}, {"group": 2, "id": "rustle", "degree": 8}, {"group": 2, "id": "runs", "degree": 5}, {"group": 0, "id": "rumpled", "degree": 2}, {"group": 0, "id": "runt", "degree": 10}, {"group": 0, "id": "runic"}, {"group": 4, "id": "rune"}, {"group": 3, "id": "ruddy", "degree": 17}, {"group": 6, "id": "rung", "degree": 20}, {"group": 2, "id": "ruche"}, {"group": 3, "id": "rusty", "degree": 13}, {"group": 2, "id": "ruffle"}, {"group": 2, "id": "ruse"}, {"group": 0, "id": "ruthless", "degree": 7}, {"group": 2, "id": "ruck", "degree": 13}, {"group": 3, "id": "ruinous"}, {"group": 0, "id": "ruptured"}, {"group": 2, "id": "run", "degree": 39}, {"group": 0, "id": "rum"}, {"group": 2, "id": "rub", "degree": 30}, {"group": 0, "id": "rudimentary"}, {"group": 4, "id": "rug"}, {"group": 7, "id": "rue"}, {"group": 5, "id": "rubbery"}, {"group": 2, "id": "rut", "degree": 21}, {"group": 2, "id": "rumple"}, {"group": 4, "id": "rueful", "degree": 7}, {"group": 5, "id": "rumpus", "degree": 20}, {"group": 2, "id": "runoff"}, {"group": 2, "id": "ruination", "degree": 11}, {"group": 5, "id": "rubberneck", "degree": 6}, {"group": 4, "id": "rudiment", "degree": 5}, {"group": 3, "id": "runaway"}, {"group": 0, "id": "runty"}, {"group": 1, "id": "rushed"}, {"group": 0, "id": "rustic", "degree": 22}, {"group": 4, "id": "rump"}, {"group": 0, "id": "rube", "degree": 8}, {"group": 2, "id": "rummage", "degree": 7}, {"group": 2, "id": "ruble"}, {"group": 5, "id": "rumormonger"}, {"group": 4, "id": "rubbish", "degree": 14}, {"group": 5, "id": "rudeness", "degree": 2}, {"group": 2, "id": "rupture"}, {"group": 2, "id": "rush", "degree": 31}, {"group": 0, "id": "rugged", "degree": 19}, {"group": 2, "id": "runway"}, {"group": 3, "id": "ruined", "degree": 9}, {"group": 1, "id": "ruling"}, {"group": 3, "id": "rust", "degree": 29}, {"group": 0, "id": "ruffian"}, {"group": 1, "id": "runner"}, {"group": 2, "id": "rubbing"}, {"group": 5, "id": "ruckus", "degree": 14}, {"group": 4, "id": "rubble", "degree": 8}, {"group": 6, "id": "runaround", "degree": 1}, {"group": 6, "id": "runnel", "degree": 11}, {"group": 4, "id": "ruminant"}, {"group": 2, "id": "rubber"}, {"group": 7, "id": "ruth", "degree": 3}, {"group": 2, "id": "rubella"}, {"group": 0, "id": "rude", "degree": 17}, {"group": 4, "id": "ruthful", "degree": 3}, {"group": 2, "id": "rumen", "degree": 1}, {"group": 5, "id": "rumble"}, {"group": 1, "id": "running", "degree": 17}, {"group": 0, "id": "rutty", "degree": 10}, {"group": 5, "id": "ruction"}, {"group": 0, "id": "ruffianly"}, {"group": 0, "id": "rugous"}, {"group": 6, "id": "rundle"}, {"group": 2, "id": "rummy"}, {"group": 1, "id": "rule"}, {"group": 0, "id": "rural", "degree": 6}], "links": [{"source": 0, "target": 67, "weight": 0.021978}, {"source": 0, "target": 14, "weight": 0.021739}, {"source": 0, "target": 41, "weight": 0.021053}, {"source": 1, "target": 44, "weight": 0.005}, {"source": 1, "target": 45, "weight": 0.012048}, {"source": 1, "target": 65, "weight": 0.004926}, {"source": 1, "target": 24, "weight": 0.009434}, {"source": 1, "target": 70, "weight": 0.012048}, {"source": 1, "target": 31, "weight": 0.020804}, {"source": 1, "target": 3, "weight": 0.005988}, {"source": 1, "target": 5, "weight": 0.034014}, {"source": 1, "target": 57, "weight": 0.007273}, {"source": 1, "target": 7, "weight": 0.00277}, {"source": 1, "target": 28, "weight": 0.004545}, {"source": 1, "target": 21, "weight": 0.005618}, {"source": 1, "target": 25, "weight": 0.002732}, {"source": 1, "target": 9, "weight": 0.010811}, {"source": 1, "target": 10, "weight": 0.01227}, {"source": 1, "target": 35, "weight": 0.012048}, {"source": 1, "target": 79, "weight": 0.011173}, {"source": 1, "target": 80, "weight": 0.005682}, {"source": 1, "target": 6, "weight": 0.006211}, {"source": 1, "target": 84, "weight": 0.011494}, {"source": 1, "target": 58, "weight": 0.01385}, {"source": 1, "target": 15, "weight": 0.00565}, {"source": 1, "target": 86, "weight": 0.119632}, {"source": 1, "target": 62, "weight": 0.11236}, {"source": 1, "target": 22, "weight": 0.028409}, {"source": 1, "target": 42, "weight": 0.006135}, {"source": 1, "target": 63, "weight": 0.008333}, {"source": 2, "target": 43, "weight": 0.014706}, {"source": 2, "target": 7, "weight": 0.004132}, {"source": 2, "target": 56, "weight": 0.020408}, {"source": 3, "target": 31, "weight": 0.001585}, {"source": 3, "target": 63, "weight": 0.007299}, {"source": 3, "target": 33, "weight": 0.017316}, {"source": 3, "target": 14, "weight": 0.017857}, {"source": 3, "target": 38, "weight": 0.01}, {"source": 4, "target": 58, "weight": 0.018382}, {"source": 4, "target": 31, "weight": 0.00936}, {"source": 4, "target": 75, "weight": 0.004673}, {"source": 4, "target": 48, "weight": 0.032787}, {"source": 4, "target": 34, "weight": 0.007519}, {"source": 4, "target": 11, "weight": 0.052632}, {"source": 4, "target": 79, "weight": 0.171674}, {"source": 4, "target": 62, "weight": 0.004831}, {"source": 6, "target": 10, "weight": 0.571429}, {"source": 6, "target": 61, "weight": 0.009434}, {"source": 6, "target": 24, "weight": 0.238095}, {"source": 6, "target": 80, "weight": 0.015152}, {"source": 6, "target": 63, "weight": 0.178571}, {"source": 6, "target": 21, "weight": 0.4375}, {"source": 7, "target": 43, "weight": 0.158333}, {"source": 7, "target": 64, "weight": 0.003311}, {"source": 7, "target": 67, "weight": 0.020619}, {"source": 7, "target": 70, "weight": 0.003891}, {"source": 7, "target": 25, "weight": 0.022371}, {"source": 7, "target": 27, "weight": 0.003497}, {"source": 7, "target": 72, "weight": 0.003509}, {"source": 7, "target": 28, "weight": 0.003226}, {"source": 7, "target": 38, "weight": 0.003401}, {"source": 7, "target": 50, "weight": 0.021898}, {"source": 7, "target": 29, "weight": 0.002994}, {"source": 7, "target": 30, "weight": 0.003922}, {"source": 7, "target": 52, "weight": 0.007752}, {"source": 7, "target": 31, "weight": 0.022277}, {"source": 7, "target": 75, "weight": 0.002545}, {"source": 7, "target": 33, "weight": 0.009412}, {"source": 7, "target": 12, "weight": 0.007018}, {"source": 7, "target": 77, "weight": 0.004115}, {"source": 7, "target": 78, "weight": 0.00554}, {"source": 7, "target": 79, "weight": 0.002217}, {"source": 7, "target": 55, "weight": 0.021807}, {"source": 7, "target": 81, "weight": 0.004237}, {"source": 7, "target": 57, "weight": 0.042614}, {"source": 7, "target": 84, "weight": 0.003774}, {"source": 7, "target": 58, "weight": 0.013333}, {"source": 7, "target": 39, "weight": 0.014337}, {"source": 7, "target": 86, "weight": 0.008869}, {"source": 7, "target": 61, "weight": 0.009868}, {"source": 7, "target": 41, "weight": 0.020339}, {"source": 7, "target": 63, "weight": 0.027864}, {"source": 8, "target": 59, "weight": 0.006536}, {"source": 8, "target": 75, "weight": 0.0199}, {"source": 8, "target": 45, "weight": 0.014706}, {"source": 8, "target": 76, "weight": 0.033898}, {"source": 8, "target": 34, "weight": 0.00813}, {"source": 8, "target": 68, "weight": 0.016129}, {"source": 8, "target": 32, "weight": 0.012987}, {"source": 8, "target": 49, "weight": 0.009346}, {"source": 8, "target": 79, "weight": 0.003817}, {"source": 8, "target": 40, "weight": 0.075949}, {"source": 8, "target": 62, "weight": 0.005076}, {"source": 8, "target": 55, "weight": 0.014599}, {"source": 8, "target": 29, "weight": 0.013889}, {"source": 8, "target": 47, "weight": 0.014925}, {"source": 9, "target": 25, "weight": 0.003559}, {"source": 9, "target": 32, "weight": 0.010989}, {"source": 9, "target": 65, "weight": 0.008475}, {"source": 9, "target": 39, "weight": 0.009346}, {"source": 9, "target": 86, "weight": 0.01083}, {"source": 9, "target": 12, "weight": 0.018182}, {"source": 9, "target": 72, "weight": 0.018349}, {"source": 9, "target": 31, "weight": 0.006182}, {"source": 9, "target": 57, "weight": 0.005236}, {"source": 9, "target": 62, "weight": 0.06}, {"source": 10, "target": 58, "weight": 0.003876}, {"source": 10, "target": 31, "weight": 0.001592}, {"source": 10, "target": 75, "weight": 0.005102}, {"source": 10, "target": 32, "weight": 0.014493}, {"source": 10, "target": 80, "weight": 0.014493}, {"source": 10, "target": 12, "weight": 0.011236}, {"source": 10, "target": 72, "weight": 0.011364}, {"source": 10, "target": 24, "weight": 0.244186}, {"source": 10, "target": 46, "weight": 0.027027}, {"source": 10, "target": 62, "weight": 0.005291}, {"source": 10, "target": 59, "weight": 0.006897}, {"source": 10, "target": 29, "weight": 0.014706}, {"source": 10, "target": 61, "weight": 0.009174}, {"source": 10, "target": 63, "weight": 0.184211}, {"source": 10, "target": 21, "weight": 0.636364}, {"source": 11, "target": 79, "weight": 0.012712}, {"source": 11, "target": 63, "weight": 0.008475}, {"source": 12, "target": 44, "weight": 0.008}, {"source": 12, "target": 64, "weight": 0.014706}, {"source": 12, "target": 65, "weight": 0.007813}, {"source": 12, "target": 66, "weight": 0.008929}, {"source": 12, "target": 31, "weight": 0.007622}, {"source": 12, "target": 61, "weight": 0.007092}, {"source": 12, "target": 72, "weight": 0.186275}, {"source": 12, "target": 28, "weight": 0.035461}, {"source": 12, "target": 38, "weight": 0.04}, {"source": 12, "target": 50, "weight": 0.008772}, {"source": 12, "target": 52, "weight": 0.010638}, {"source": 12, "target": 23, "weight": 0.138462}, {"source": 12, "target": 25, "weight": 0.15873}, {"source": 12, "target": 75, "weight": 0.004386}, {"source": 12, "target": 53, "weight": 0.014706}, {"source": 12, "target": 33, "weight": 0.011494}, {"source": 12, "target": 78, "weight": 0.015385}, {"source": 12, "target": 79, "weight": 0.003497}, {"source": 12, "target": 37, "weight": 0.00813}, {"source": 12, "target": 84, "weight": 0.01}, {"source": 12, "target": 58, "weight": 0.00692}, {"source": 12, "target": 59, "weight": 0.00565}, {"source": 12, "target": 18, "weight": 0.010101}, {"source": 12, "target": 39, "weight": 0.035088}, {"source": 12, "target": 86, "weight": 0.00346}, {"source": 12, "target": 26, "weight": 0.019231}, {"source": 12, "target": 21, "weight": 0.009709}, {"source": 12, "target": 22, "weight": 0.009524}, {"source": 13, "target": 31, "weight": 0.004862}, {"source": 13, "target": 33, "weight": 0.004505}, {"source": 13, "target": 49, "weight": 0.011111}, {"source": 13, "target": 28, "weight": 0.009615}, {"source": 13, "target": 80, "weight": 0.016667}, {"source": 13, "target": 22, "weight": 0.015625}, {"source": 13, "target": 87, "weight": 0.023256}, {"source": 13, "target": 38, "weight": 0.011364}, {"source": 14, "target": 44, "weight": 0.011236}, {"source": 14, "target": 31, "weight": 0.001603}, {"source": 14, "target": 33, "weight": 0.004405}, {"source": 14, "target": 67, "weight": 0.010526}, {"source": 14, "target": 86, "weight": 0.003953}, {"source": 14, "target": 78, "weight": 0.094595}, {"source": 14, "target": 41, "weight": 0.010101}, {"source": 14, "target": 54, "weight": 0.028571}, {"source": 14, "target": 63, "weight": 0.007692}, {"source": 15, "target": 58, "weight": 0.034221}, {"source": 15, "target": 31, "weight": 0.007849}, {"source": 15, "target": 33, "weight": 0.00823}, {"source": 15, "target": 39, "weight": 0.010204}, {"source": 15, "target": 72, "weight": 0.009901}, {"source": 15, "target": 28, "weight": 0.007937}, {"source": 15, "target": 25, "weight": 0.00738}, {"source": 16, "target": 33, "weight": 0.009302}, {"source": 16, "target": 79, "weight": 0.004184}, {"source": 16, "target": 74, "weight": 0.023256}, {"source": 16, "target": 31, "weight": 0.003268}, {"source": 16, "target": 58, "weight": 0.008264}, {"source": 17, "target": 83, "weight": 0.333333}, {"source": 17, "target": 59, "weight": 0.081301}, {"source": 17, "target": 80, "weight": 0.075472}, {"source": 17, "target": 75, "weight": 0.005464}, {"source": 18, "target": 58, "weight": 0.007491}, {"source": 18, "target": 31, "weight": 0.00314}, {"source": 18, "target": 33, "weight": 0.004149}, {"source": 18, "target": 34, "weight": 0.02439}, {"source": 18, "target": 35, "weight": 0.014286}, {"source": 18, "target": 86, "weight": 0.007519}, {"source": 18, "target": 72, "weight": 0.010204}, {"source": 18, "target": 65, "weight": 0.009434}, {"source": 18, "target": 64, "weight": 0.017544}, {"source": 18, "target": 47, "weight": 0.044776}, {"source": 19, "target": 49, "weight": 0.025}, {"source": 19, "target": 87, "weight": 0.060606}, {"source": 19, "target": 51, "weight": 0.017857}, {"source": 20, "target": 33, "weight": 0.004202}, {"source": 20, "target": 79, "weight": 0.003831}, {"source": 20, "target": 45, "weight": 0.014925}, {"source": 21, "target": 24, "weight": 0.21}, {"source": 21, "target": 70, "weight": 0.013514}, {"source": 21, "target": 46, "weight": 0.019608}, {"source": 21, "target": 71, "weight": 0.010989}, {"source": 21, "target": 27, "weight": 0.009709}, {"source": 21, "target": 72, "weight": 0.009804}, {"source": 21, "target": 29, "weight": 0.020134}, {"source": 21, "target": 31, "weight": 0.004687}, {"source": 21, "target": 75, "weight": 0.009569}, {"source": 21, "target": 32, "weight": 0.012048}, {"source": 21, "target": 79, "weight": 0.003731}, {"source": 21, "target": 80, "weight": 0.012048}, {"source": 21, "target": 57, "weight": 0.005464}, {"source": 21, "target": 84, "weight": 0.012195}, {"source": 21, "target": 58, "weight": 0.003676}, {"source": 21, "target": 59, "weight": 0.006289}, {"source": 21, "target": 86, "weight": 0.00369}, {"source": 21, "target": 61, "weight": 0.024793}, {"source": 21, "target": 62, "weight": 0.009901}, {"source": 21, "target": 63, "weight": 0.164063}, {"source": 22, "target": 58, "weight": 0.00365}, {"source": 22, "target": 31, "weight": 0.015748}, {"source": 22, "target": 55, "weight": 0.013793}, {"source": 22, "target": 33, "weight": 0.004049}, {"source": 22, "target": 84, "weight": 0.148649}, {"source": 22, "target": 66, "weight": 0.010417}, {"source": 22, "target": 86, "weight": 0.018587}, {"source": 22, "target": 72, "weight": 0.009615}, {"source": 22, "target": 28, "weight": 0.007752}, {"source": 22, "target": 79, "weight": 0.003704}, {"source": 22, "target": 70, "weight": 0.013158}, {"source": 22, "target": 50, "weight": 0.03125}, {"source": 22, "target": 80, "weight": 0.011765}, {"source": 22, "target": 57, "weight": 0.016393}, {"source": 22, "target": 30, "weight": 0.013514}, {"source": 22, "target": 38, "weight": 0.017857}, {"source": 22, "target": 62, "weight": 0.009804}, {"source": 23, "target": 33, "weight": 0.009346}, {"source": 23, "target": 28, "weight": 0.020833}, {"source": 23, "target": 31, "weight": 0.001634}, {"source": 23, "target": 38, "weight": 0.012346}, {"source": 24, "target": 80, "weight": 0.017094}, {"source": 24, "target": 75, "weight": 0.004082}, {"source": 24, "target": 32, "weight": 0.008475}, {"source": 24, "target": 34, "weight": 0.01227}, {"source": 24, "target": 61, "weight": 0.096552}, {"source": 24, "target": 46, "weight": 0.011628}, {"source": 24, "target": 76, "weight": 0.009901}, {"source": 24, "target": 62, "weight": 0.004202}, {"source": 24, "target": 29, "weight": 0.080925}, {"source": 24, "target": 47, "weight": 0.018692}, {"source": 24, "target": 37, "weight": 0.029197}, {"source": 24, "target": 63, "weight": 0.202614}, {"source": 25, "target": 43, "weight": 0.007117}, {"source": 25, "target": 52, "weight": 0.031128}, {"source": 25, "target": 58, "weight": 0.010965}, {"source": 25, "target": 61, "weight": 0.006452}, {"source": 25, "target": 31, "weight": 0.023399}, {"source": 25, "target": 33, "weight": 0.038278}, {"source": 25, "target": 67, "weight": 0.078571}, {"source": 25, "target": 68, "weight": 0.003906}, {"source": 25, "target": 38, "weight": 0.016949}, {"source": 25, "target": 28, "weight": 0.039474}, {"source": 25, "target": 79, "weight": 0.004396}, {"source": 25, "target": 41, "weight": 0.077465}, {"source": 25, "target": 55, "weight": 0.003012}, {"source": 25, "target": 63, "weight": 0.008982}, {"source": 26, "target": 31, "weight": 0.007813}, {"source": 26, "target": 75, "weight": 0.004717}, {"source": 26, "target": 33, "weight": 0.012245}, {"source": 26, "target": 67, "weight": 0.008696}, {"source": 26, "target": 79, "weight": 0.003704}, {"source": 26, "target": 41, "weight": 0.008403}, {"source": 27, "target": 31, "weight": 0.003035}, {"source": 27, "target": 75, "weight": 0.026906}, {"source": 27, "target": 49, "weight": 0.007634}, {"source": 27, "target": 59, "weight": 0.040936}, {"source": 27, "target": 83, "weight": 0.011905}, {"source": 27, "target": 57, "weight": 0.01}, {"source": 28, "target": 70, "weight": 0.008621}, {"source": 28, "target": 72, "weight": 0.006944}, {"source": 28, "target": 38, "weight": 0.175573}, {"source": 28, "target": 30, "weight": 0.017699}, {"source": 28, "target": 31, "weight": 0.026987}, {"source": 28, "target": 33, "weight": 0.006993}, {"source": 28, "target": 78, "weight": 0.004525}, {"source": 28, "target": 79, "weight": 0.003226}, {"source": 28, "target": 80, "weight": 0.016129}, {"source": 28, "target": 57, "weight": 0.051163}, {"source": 28, "target": 84, "weight": 0.008065}, {"source": 28, "target": 58, "weight": 0.022727}, {"source": 28, "target": 60, "weight": 0.029126}, {"source": 28, "target": 39, "weight": 0.145161}, {"source": 28, "target": 86, "weight": 0.009646}, {"source": 28, "target": 62, "weight": 0.004082}, {"source": 29, "target": 51, "weight": 0.006494}, {"source": 29, "target": 59, "weight": 0.008929}, {"source": 29, "target": 75, "weight": 0.003623}, {"source": 29, "target": 68, "weight": 0.007463}, {"source": 29, "target": 61, "weight": 0.225806}, {"source": 29, "target": 40, "weight": 0.00641}, {"source": 29, "target": 55, "weight": 0.009569}, {"source": 29, "target": 63, "weight": 0.004673}, {"source": 29, "target": 80, "weight": 0.020408}, {"source": 30, "target": 43, "weight": 0.012346}, {"source": 30, "target": 58, "weight": 0.003861}, {"source": 30, "target": 31, "weight": 0.008}, {"source": 30, "target": 75, "weight": 0.005076}, {"source": 30, "target": 33, "weight": 0.008658}, {"source": 30, "target": 61, "weight": 0.018349}, {"source": 30, "target": 80, "weight": 0.044118}, {"source": 30, "target": 38, "weight": 0.020619}, {"source": 31, "target": 43, "weight": 0.004622}, {"source": 31, "target": 44, "weight": 0.015267}, {"source": 31, "target": 65, "weight": 0.01059}, {"source": 31, "target": 66, "weight": 0.001536}, {"source": 31, "target": 67, "weight": 0.007508}, {"source": 31, "target": 70, "weight": 0.03268}, {"source": 31, "target": 84, "weight": 0.035599}, {"source": 31, "target": 72, "weight": 0.006098}, {"source": 31, "target": 49, "weight": 0.00299}, {"source": 31, "target": 50, "weight": 0.007704}, {"source": 31, "target": 73, "weight": 0.0032}, {"source": 31, "target": 62, "weight": 0.013316}, {"source": 31, "target": 52, "weight": 0.007949}, {"source": 31, "target": 61, "weight": 0.001471}, {"source": 31, "target": 75, "weight": 0.003922}, {"source": 31, "target": 33, "weight": 0.034794}, {"source": 31, "target": 35, "weight": 0.004769}, {"source": 31, "target": 78, "weight": 0.010974}, {"source": 31, "target": 79, "weight": 0.033792}, {"source": 31, "target": 80, "weight": 0.004702}, {"source": 31, "target": 55, "weight": 0.002857}, {"source": 31, "target": 81, "weight": 0.001639}, {"source": 31, "target": 57, "weight": 0.099407}, {"source": 31, "target": 38, "weight": 0.055205}, {"source": 31, "target": 59, "weight": 0.001397}, {"source": 31, "target": 60, "weight": 0.029851}, {"source": 31, "target": 39, "weight": 0.009217}, {"source": 31, "target": 86, "weight": 0.038847}, {"source": 31, "target": 40, "weight": 0.001546}, {"source": 31, "target": 41, "weight": 0.007463}, {"source": 31, "target": 42, "weight": 0.011272}, {"source": 31, "target": 87, "weight": 0.001605}, {"source": 31, "target": 58, "weight": 0.126187}, {"source": 31, "target": 63, "weight": 0.002841}, {"source": 32, "target": 59, "weight": 0.025974}, {"source": 32, "target": 75, "weight": 0.004808}, {"source": 32, "target": 49, "weight": 0.009009}, {"source": 32, "target": 63, "weight": 0.006849}, {"source": 32, "target": 80, "weight": 0.012346}, {"source": 33, "target": 43, "weight": 0.007905}, {"source": 33, "target": 64, "weight": 0.007194}, {"source": 33, "target": 66, "weight": 0.02}, {"source": 33, "target": 67, "weight": 0.007353}, {"source": 33, "target": 70, "weight": 0.004274}, {"source": 33, "target": 72, "weight": 0.011538}, {"source": 33, "target": 56, "weight": 0.004255}, {"source": 33, "target": 49, "weight": 0.003663}, {"source": 33, "target": 38, "weight": 0.014925}, {"source": 33, "target": 85, "weight": 0.004785}, {"source": 33, "target": 50, "weight": 0.007843}, {"source": 33, "target": 73, "weight": 0.004367}, {"source": 33, "target": 52, "weight": 0.004237}, {"source": 33, "target": 75, "weight": 0.002703}, {"source": 33, "target": 58, "weight": 0.009324}, {"source": 33, "target": 78, "weight": 0.021021}, {"source": 33, "target": 80, "weight": 0.004115}, {"source": 33, "target": 55, "weight": 0.003289}, {"source": 33, "target": 81, "weight": 0.004695}, {"source": 33, "target": 57, "weight": 0.04878}, {"source": 33, "target": 84, "weight": 0.004132}, {"source": 33, "target": 59, "weight": 0.003135}, {"source": 33, "target": 39, "weight": 0.015625}, {"source": 33, "target": 40, "weight": 0.004}, {"source": 33, "target": 41, "weight": 0.010909}, {"source": 33, "target": 42, "weight": 0.004348}, {"source": 33, "target": 63, "weight": 0.013115}, {"source": 34, "target": 51, "weight": 0.039063}, {"source": 34, "target": 59, "weight": 0.014925}, {"source": 34, "target": 45, "weight": 0.025862}, {"source": 34, "target": 75, "weight": 0.108696}, {"source": 34, "target": 79, "weight": 0.003205}, {"source": 34, "target": 49, "weight": 0.006369}, {"source": 34, "target": 80, "weight": 0.032258}, {"source": 35, "target": 52, "weight": 0.015385}, {"source": 35, "target": 45, "weight": 0.04918}, {"source": 35, "target": 68, "weight": 0.017544}, {"source": 35, "target": 55, "weight": 0.007519}, {"source": 36, "target": 79, "weight": 0.004065}, {"source": 36, "target": 73, "weight": 0.142857}, {"source": 37, "target": 44, "weight": 0.015873}, {"source": 37, "target": 76, "weight": 0.011628}, {"source": 37, "target": 61, "weight": 0.006993}, {"source": 37, "target": 49, "weight": 0.007519}, {"source": 38, "target": 70, "weight": 0.041237}, {"source": 38, "target": 72, "weight": 0.007813}, {"source": 38, "target": 50, "weight": 0.008197}, {"source": 38, "target": 52, "weight": 0.019802}, {"source": 38, "target": 78, "weight": 0.004878}, {"source": 38, "target": 79, "weight": 0.003401}, {"source": 38, "target": 80, "weight": 0.018519}, {"source": 38, "target": 57, "weight": 0.082474}, {"source": 38, "target": 84, "weight": 0.028302}, {"source": 38, "target": 58, "weight": 0.006734}, {"source": 38, "target": 60, "weight": 0.232877}, {"source": 38, "target": 39, "weight": 0.05}, {"source": 38, "target": 86, "weight": 0.003367}, {"source": 38, "target": 61, "weight": 0.006711}, {"source": 38, "target": 62, "weight": 0.004367}, {"source": 39, "target": 52, "weight": 0.070588}, {"source": 39, "target": 58, "weight": 0.007018}, {"source": 39, "target": 61, "weight": 0.014706}, {"source": 39, "target": 67, "weight": 0.032258}, {"source": 39, "target": 68, "weight": 0.012195}, {"source": 39, "target": 79, "weight": 0.003546}, {"source": 39, "target": 41, "weight": 0.03125}, {"source": 39, "target": 55, "weight": 0.006329}, {"source": 40, "target": 76, "weight": 0.074627}, {"source": 40, "target": 66, "weight": 0.010101}, {"source": 40, "target": 79, "weight": 0.003663}, {"source": 40, "target": 59, "weight": 0.006098}, {"source": 40, "target": 71, "weight": 0.010417}, {"source": 40, "target": 57, "weight": 0.005319}, {"source": 41, "target": 52, "weight": 0.009259}, {"source": 41, "target": 58, "weight": 0.003289}, {"source": 41, "target": 67, "weight": 0.921053}, {"source": 41, "target": 68, "weight": 0.01}, {"source": 41, "target": 79, "weight": 0.003333}, {"source": 41, "target": 72, "weight": 0.007463}, {"source": 41, "target": 78, "weight": 0.191011}, {"source": 41, "target": 63, "weight": 0.005556}, {"source": 41, "target": 55, "weight": 0.005682}, {"source": 41, "target": 81, "weight": 0.116883}, {"source": 41, "target": 61, "weight": 0.006452}, {"source": 41, "target": 56, "weight": 0.018868}, {"source": 42, "target": 58, "weight": 0.019763}, {"source": 42, "target": 70, "weight": 0.016949}, {"source": 43, "target": 64, "weight": 0.007813}, {"source": 43, "target": 79, "weight": 0.00361}, {"source": 43, "target": 55, "weight": 0.006536}, {"source": 43, "target": 50, "weight": 0.009524}, {"source": 43, "target": 57, "weight": 0.032086}, {"source": 43, "target": 63, "weight": 0.039474}, {"source": 44, "target": 51, "weight": 0.009091}, {"source": 44, "target": 63, "weight": 0.005882}, {"source": 44, "target": 65, "weight": 0.007576}, {"source": 44, "target": 57, "weight": 0.004878}, {"source": 44, "target": 78, "weight": 0.004975}, {"source": 44, "target": 54, "weight": 0.041096}, {"source": 45, "target": 68, "weight": 0.017544}, {"source": 45, "target": 86, "weight": 0.007722}, {"source": 45, "target": 70, "weight": 0.015873}, {"source": 46, "target": 63, "weight": 0.008772}, {"source": 46, "target": 80, "weight": 0.020408}, {"source": 47, "target": 59, "weight": 0.006803}, {"source": 47, "target": 75, "weight": 0.015306}, {"source": 48, "target": 79, "weight": 0.008333}, {"source": 48, "target": 58, "weight": 0.008197}, {"source": 49, "target": 64, "weight": 0.042254}, {"source": 49, "target": 71, "weight": 0.008403}, {"source": 49, "target": 50, "weight": 0.008065}, {"source": 49, "target": 51, "weight": 0.135922}, {"source": 49, "target": 75, "weight": 0.034632}, {"source": 49, "target": 79, "weight": 0.00678}, {"source": 49, "target": 80, "weight": 0.009009}, {"source": 49, "target": 82, "weight": 0.012048}, {"source": 49, "target": 57, "weight": 0.004739}, {"source": 49, "target": 59, "weight": 0.016216}, {"source": 49, "target": 86, "weight": 0.003344}, {"source": 49, "target": 62, "weight": 0.004329}, {"source": 49, "target": 87, "weight": 0.144578}, {"source": 50, "target": 51, "weight": 0.010101}, {"source": 50, "target": 58, "weight": 0.003534}, {"source": 50, "target": 55, "weight": 0.248}, {"source": 50, "target": 68, "weight": 0.025641}, {"source": 51, "target": 64, "weight": 0.042373}, {"source": 51, "target": 75, "weight": 0.028846}, {"source": 51, "target": 80, "weight": 0.023529}, {"source": 51, "target": 82, "weight": 0.092593}, {"source": 51, "target": 87, "weight": 0.029412}, {"source": 52, "target": 58, "weight": 0.007634}, {"source": 52, "target": 55, "weight": 0.007407}, {"source": 52, "target": 67, "weight": 0.009615}, {"source": 52, "target": 68, "weight": 0.016949}, {"source": 52, "target": 78, "weight": 0.005882}, {"source": 52, "target": 61, "weight": 0.008772}, {"source": 52, "target": 57, "weight": 0.005747}, {"source": 53, "target": 58, "weight": 0.008475}, {"source": 55, "target": 66, "weight": 0.013158}, {"source": 55, "target": 67, "weight": 0.005814}, {"source": 55, "target": 68, "weight": 0.094017}, {"source": 55, "target": 71, "weight": 0.006667}, {"source": 55, "target": 84, "weight": 0.007092}, {"source": 55, "target": 58, "weight": 0.006061}, {"source": 55, "target": 86, "weight": 0.00303}, {"source": 55, "target": 61, "weight": 0.005495}, {"source": 55, "target": 63, "weight": 0.004831}, {"source": 56, "target": 78, "weight": 0.005917}, {"source": 56, "target": 67, "weight": 0.019608}, {"source": 57, "target": 58, "weight": 0.013661}, {"source": 57, "target": 70, "weight": 0.035928}, {"source": 57, "target": 75, "weight": 0.003247}, {"source": 57, "target": 79, "weight": 0.002732}, {"source": 57, "target": 80, "weight": 0.011111}, {"source": 57, "target": 63, "weight": 0.008163}, {"source": 58, "target": 65, "weight": 0.010169}, {"source": 58, "target": 67, "weight": 0.003333}, {"source": 58, "target": 70, "weight": 0.011583}, {"source": 58, "target": 72, "weight": 0.00346}, {"source": 58, "target": 84, "weight": 0.007463}, {"source": 58, "target": 62, "weight": 0.005141}, {"source": 58, "target": 75, "weight": 0.005051}, {"source": 58, "target": 78, "weight": 0.008242}, {"source": 58, "target": 79, "weight": 0.020134}, {"source": 58, "target": 59, "weight": 0.00289}, {"source": 58, "target": 60, "weight": 0.004}, {"source": 58, "target": 86, "weight": 0.006579}, {"source": 58, "target": 63, "weight": 0.002985}, {"source": 59, "target": 64, "weight": 0.010417}, {"source": 59, "target": 72, "weight": 0.005682}, {"source": 59, "target": 62, "weight": 0.037313}, {"source": 59, "target": 75, "weight": 0.079545}, {"source": 59, "target": 78, "weight": 0.003953}, {"source": 59, "target": 79, "weight": 0.005865}, {"source": 59, "target": 80, "weight": 0.039474}, {"source": 59, "target": 83, "weight": 0.194915}, {"source": 60, "target": 70, "weight": 0.019231}, {"source": 61, "target": 63, "weight": 0.005376}, {"source": 61, "target": 67, "weight": 0.006623}, {"source": 61, "target": 72, "weight": 0.007143}, {"source": 61, "target": 80, "weight": 0.016667}, {"source": 62, "target": 75, "weight": 0.015432}, {"source": 62, "target": 79, "weight": 0.075}, {"source": 62, "target": 63, "weight": 0.007547}, {"source": 63, "target": 67, "weight": 0.005682}, {"source": 63, "target": 70, "weight": 0.007299}, {"source": 63, "target": 75, "weight": 0.003663}, {"source": 63, "target": 78, "weight": 0.008299}, {"source": 63, "target": 79, "weight": 0.003021}, {"source": 63, "target": 80, "weight": 0.013793}, {"source": 63, "target": 84, "weight": 0.006897}, {"source": 64, "target": 75, "weight": 0.00823}, {"source": 64, "target": 80, "weight": 0.008547}, {"source": 65, "target": 79, "weight": 0.006849}, {"source": 65, "target": 70, "weight": 0.010101}, {"source": 66, "target": 79, "weight": 0.007246}, {"source": 66, "target": 73, "weight": 0.012821}, {"source": 67, "target": 68, "weight": 0.010417}, {"source": 67, "target": 79, "weight": 0.003378}, {"source": 67, "target": 72, "weight": 0.007692}, {"source": 67, "target": 78, "weight": 0.195402}, {"source": 67, "target": 81, "weight": 0.123288}, {"source": 69, "target": 84, "weight": 0.022222}, {"source": 70, "target": 75, "weight": 0.005025}, {"source": 70, "target": 86, "weight": 0.003846}, {"source": 70, "target": 79, "weight": 0.003891}, {"source": 70, "target": 84, "weight": 0.333333}, {"source": 72, "target": 75, "weight": 0.004405}, {"source": 72, "target": 77, "weight": 0.012987}, {"source": 72, "target": 79, "weight": 0.003509}, {"source": 73, "target": 86, "weight": 0.003922}, {"source": 75, "target": 79, "weight": 0.010256}, {"source": 75, "target": 80, "weight": 0.02451}, {"source": 75, "target": 82, "weight": 0.011173}, {"source": 75, "target": 83, "weight": 0.015873}, {"source": 75, "target": 84, "weight": 0.004831}, {"source": 75, "target": 87, "weight": 0.005236}, {"source": 76, "target": 79, "weight": 0.004016}, {"source": 78, "target": 79, "weight": 0.002762}, {"source": 79, "target": 84, "weight": 0.003774}, {"source": 79, "target": 86, "weight": 0.036446}, {"source": 80, "target": 83, "weight": 0.048387}, {"source": 80, "target": 87, "weight": 0.015625}], "multigraph": false}