{"directed": false, "graph": {}, "nodes": [{"group": 0, "id": "saying", "degree": 22}, {"group": 1, "id": "salon"}, {"group": 2, "id": "sanctuary", "degree": 14}, {"group": 0, "id": "salvo", "degree": 22}, {"group": 3, "id": "safari"}, {"group": 4, "id": "sanctioned"}, {"group": 5, "id": "sandstone"}, {"group": 6, "id": "saver", "degree": 0}, {"group": 7, "id": "sage"}, {"group": 8, "id": "satisfied", "degree": 10}, {"group": 2, "id": "salve"}, {"group": 9, "id": "sanctity"}, {"group": 5, "id": "salivary", "degree": 3}, {"group": 0, "id": "sabbatical"}, {"group": 8, "id": "saturated", "degree": 13}, {"group": 7, "id": "saved"}, {"group": 4, "id": "sacrosanct"}, {"group": 10, "id": "saucy"}, {"group": 2, "id": "safekeeping"}, {"group": 5, "id": "sambo", "degree": 2}, {"group": 11, "id": "satyr", "degree": 2}, {"group": 11, "id": "sadist"}, {"group": 7, "id": "salience"}, {"group": 4, "id": "savory"}, {"group": 2, "id": "save"}, {"group": 1, "id": "sauce", "degree": 31}, {"group": 3, "id": "sault", "degree": 9}, {"group": 12, "id": "sacking"}, {"group": 4, "id": "sapid", "degree": 11}, {"group": 3, "id": "sapling", "degree": 6}, {"group": 8, "id": "sapped", "degree": 3}, {"group": 7, "id": "safe", "degree": 19}, {"group": 12, "id": "saltatory", "degree": 1}, {"group": 1, "id": "salamander", "degree": 3}, {"group": 5, "id": "sappy"}, {"group": 3, "id": "sailing", "degree": 7}, {"group": 3, "id": "sailplane", "degree": 7}, {"group": 4, "id": "sanitary"}, {"group": 10, "id": "sassy", "degree": 4}, {"group": 11, "id": "sapphic", "degree": 5}, {"group": 12, "id": "sacrilegious"}, {"group": 4, "id": "sanctified"}, {"group": 5, "id": "savorless", "degree": 9}, {"group": 9, "id": "sainthood", "degree": 4}, {"group": 1, "id": "saliva", "degree": 12}, {"group": 1, "id": "samiel", "degree": 2}, {"group": 7, "id": "sanity"}, {"group": 5, "id": "sand", "degree": 12}, {"group": 7, "id": "sane"}, {"group": 8, "id": "satiated", "degree": 18}, {"group": 8, "id": "saddled", "degree": 1}, {"group": 0, "id": "sacramental", "degree": 6}, {"group": 4, "id": "satisfactory", "degree": 15}, {"group": 0, "id": "sacrificial", "degree": 5}, {"group": 13, "id": "sadism", "degree": 3}, {"group": 5, "id": "sapless"}, {"group": 4, "id": "saprophytic", "degree": 2}, {"group": 14, "id": "sandwich", "degree": 0}, {"group": 0, "id": "saddler"}, {"group": 0, "id": "salutation"}, {"group": 7, "id": "sahib"}, {"group": 5, "id": "sandy"}, {"group": 8, "id": "saucer"}, {"group": 12, "id": "savage", "degree": 40}, {"group": 15, "id": "sausage", "degree": 1}, {"group": 4, "id": "satisfying", "degree": 21}, {"group": 4, "id": "satin"}, {"group": 3, "id": "sail"}, {"group": 2, "id": "safety"}, {"group": 5, "id": "sable"}, {"group": 3, "id": "sabotage", "degree": 17}, {"group": 13, "id": "sapphism"}, {"group": 0, "id": "salute"}, {"group": 8, "id": "satisfy"}, {"group": 3, "id": "sadden", "degree": 9}, {"group": 12, "id": "satanic", "degree": 10}, {"group": 0, "id": "salesmanship"}, {"group": 15, "id": "salami"}, {"group": 4, "id": "salutary"}, {"group": 2, "id": "sanatorium", "degree": 3}, {"group": 16, "id": "sanitation", "degree": 0}, {"group": 8, "id": "saddle", "degree": 22}, {"group": 8, "id": "satiate"}, {"group": 4, "id": "satiny", "degree": 7}, {"group": 12, "id": "sadistic"}, {"group": 2, "id": "salvation", "degree": 13}, {"group": 2, "id": "saving", "degree": 24}, {"group": 7, "id": "sannyasi", "degree": 4}, {"group": 12, "id": "sack", "degree": 49}, {"group": 2, "id": "satisfaction", "degree": 20}, {"group": 1, "id": "sailor", "degree": 8}, {"group": 4, "id": "saccharine"}, {"group": 0, "id": "sanction", "degree": 28}, {"group": 1, "id": "sawbuck"}, {"group": 3, "id": "sashay"}, {"group": 1, "id": "salient"}, {"group": 12, "id": "sadly", "degree": 0}, {"group": 2, "id": "satori"}, {"group": 0, "id": "sake"}, {"group": 1, "id": "sarcasm"}, {"group": 1, "id": "satire"}, {"group": 8, "id": "sated"}, {"group": 17, "id": "saint"}, {"group": 8, "id": "sagging", "degree": 17}, {"group": 1, "id": "salmagundi"}, {"group": 2, "id": "sacrarium", "degree": 4}, {"group": 0, "id": "sachet"}, {"group": 12, "id": "salacious"}, {"group": 0, "id": "sanding"}, {"group": 7, "id": "sachem", "degree": 12}, {"group": 1, "id": "satirical", "degree": 4}, {"group": 2, "id": "sanctimony", "degree": 2}, {"group": 6, "id": "savior", "degree": 1}, {"group": 2, "id": "safeguard"}, {"group": 5, "id": "sallow", "degree": 19}, {"group": 5, "id": "saturnine", "degree": 5}, {"group": 13, "id": "savagery"}, {"group": 7, "id": "sacristan", "degree": 3}, {"group": 1, "id": "salad"}, {"group": 17, "id": "sanctify", "degree": 6}, {"group": 7, "id": "sawbones", "degree": 6}, {"group": 2, "id": "sanctum"}, {"group": 7, "id": "savant"}, {"group": 13, "id": "sadness", "degree": 9}, {"group": 5, "id": "sapphire"}, {"group": 2, "id": "salvage"}, {"group": 13, "id": "sadomasochism", "degree": 2}, {"group": 5, "id": "savanna", "degree": 16}, {"group": 5, "id": "sandbank"}, {"group": 0, "id": "sacerdotal", "degree": 3}, {"group": 5, "id": "sawdust"}, {"group": 1, "id": "saute", "degree": 13}, {"group": 3, "id": "sag"}, {"group": 8, "id": "saturation", "degree": 9}, {"group": 0, "id": "salutatory", "degree": 8}, {"group": 5, "id": "sad"}, {"group": 1, "id": "sample", "degree": 15}, {"group": 1, "id": "sardonic"}, {"group": 0, "id": "say", "degree": 34}, {"group": 1, "id": "salty"}, {"group": 5, "id": "sandbar"}, {"group": 1, "id": "sarcoma"}, {"group": 3, "id": "sap"}, {"group": 0, "id": "saw", "degree": 17}, {"group": 12, "id": "sanguinary"}, {"group": 4, "id": "saintly"}, {"group": 7, "id": "salina"}, {"group": 4, "id": "sanctimonious", "degree": 6}, {"group": 1, "id": "savor", "degree": 29}, {"group": 7, "id": "salesman", "degree": 2}, {"group": 8, "id": "sanguine", "degree": 20}, {"group": 5, "id": "same", "degree": 6}, {"group": 1, "id": "saprophyte"}, {"group": 8, "id": "sate"}, {"group": 4, "id": "sacred", "degree": 24}, {"group": 1, "id": "sameness", "degree": 3}, {"group": 4, "id": "saxhorn"}, {"group": 7, "id": "satisfactional", "degree": 1}, {"group": 1, "id": "sawmill"}, {"group": 12, "id": "satirist"}, {"group": 5, "id": "satellite"}, {"group": 4, "id": "salubrious"}, {"group": 2, "id": "sacristy"}, {"group": 7, "id": "sapient", "degree": 16}, {"group": 2, "id": "sacrifice", "degree": 15}, {"group": 1, "id": "salmon", "degree": 8}, {"group": 1, "id": "sauna"}, {"group": 5, "id": "said", "degree": 1}, {"group": 1, "id": "sarcastic", "degree": 6}, {"group": 7, "id": "sagacious", "degree": 11}, {"group": 4, "id": "sainted"}, {"group": 0, "id": "salaam", "degree": 7}, {"group": 3, "id": "sally", "degree": 22}, {"group": 3, "id": "saunter"}, {"group": 2, "id": "salary", "degree": 4}, {"group": 9, "id": "saintliness", "degree": 3}, {"group": 8, "id": "saturate", "degree": 25}, {"group": 2, "id": "sale"}, {"group": 0, "id": "sagacity"}, {"group": 7, "id": "savings", "degree": 7}, {"group": 1, "id": "saccharin", "degree": 6}, {"group": 0, "id": "savvy"}, {"group": 2, "id": "saloon"}, {"group": 1, "id": "salt", "degree": 30}, {"group": 1, "id": "sash", "degree": 1}, {"group": 5, "id": "sandpaper"}], "links": [{"source": 0, "target": 3, "weight": 0.007463}, {"source": 0, "target": 8, "weight": 0.008547}, {"source": 0, "target": 134, "weight": 0.021505}, {"source": 0, "target": 89, "weight": 0.005556}, {"source": 0, "target": 138, "weight": 0.155477}, {"source": 0, "target": 92, "weight": 0.005882}, {"source": 0, "target": 59, "weight": 0.02}, {"source": 0, "target": 142, "weight": 0.004505}, {"source": 0, "target": 143, "weight": 0.277778}, {"source": 0, "target": 63, "weight": 0.00295}, {"source": 0, "target": 100, "weight": 0.017241}, {"source": 0, "target": 69, "weight": 0.007634}, {"source": 0, "target": 25, "weight": 0.006897}, {"source": 0, "target": 72, "weight": 0.012821}, {"source": 0, "target": 73, "weight": 0.011834}, {"source": 0, "target": 145, "weight": 0.009259}, {"source": 0, "target": 163, "weight": 0.010101}, {"source": 0, "target": 33, "weight": 0.010417}, {"source": 0, "target": 172, "weight": 0.042254}, {"source": 0, "target": 122, "weight": 0.007692}, {"source": 0, "target": 178, "weight": 0.009615}, {"source": 0, "target": 181, "weight": 0.011628}, {"source": 1, "target": 2, "weight": 0.017241}, {"source": 1, "target": 3, "weight": 0.007299}, {"source": 1, "target": 148, "weight": 0.005376}, {"source": 1, "target": 183, "weight": 0.005263}, {"source": 1, "target": 176, "weight": 0.013423}, {"source": 1, "target": 56, "weight": 0.010101}, {"source": 1, "target": 88, "weight": 0.008163}, {"source": 1, "target": 136, "weight": 0.028369}, {"source": 1, "target": 138, "weight": 0.00304}, {"source": 1, "target": 29, "weight": 0.010101}, {"source": 1, "target": 36, "weight": 0.010753}, {"source": 1, "target": 70, "weight": 0.006173}, {"source": 2, "target": 128, "weight": 0.016393}, {"source": 2, "target": 88, "weight": 0.004673}, {"source": 2, "target": 140, "weight": 0.016129}, {"source": 2, "target": 86, "weight": 0.009615}, {"source": 2, "target": 142, "weight": 0.010417}, {"source": 2, "target": 15, "weight": 0.011628}, {"source": 2, "target": 18, "weight": 0.072464}, {"source": 2, "target": 3, "weight": 0.009524}, {"source": 2, "target": 68, "weight": 0.047059}, {"source": 2, "target": 24, "weight": 0.012739}, {"source": 2, "target": 105, "weight": 0.032787}, {"source": 2, "target": 162, "weight": 0.018519}, {"source": 2, "target": 31, "weight": 0.009709}, {"source": 2, "target": 85, "weight": 0.014493}, {"source": 2, "target": 79, "weight": 0.020408}, {"source": 2, "target": 113, "weight": 0.060345}, {"source": 2, "target": 183, "weight": 0.006329}, {"source": 2, "target": 121, "weight": 0.153846}, {"source": 2, "target": 179, "weight": 0.03125}, {"source": 2, "target": 125, "weight": 0.007042}, {"source": 2, "target": 127, "weight": 0.012346}, {"source": 3, "target": 131, "weight": 0.010638}, {"source": 3, "target": 88, "weight": 0.008584}, {"source": 3, "target": 89, "weight": 0.005848}, {"source": 3, "target": 138, "weight": 0.006329}, {"source": 3, "target": 13, "weight": 0.013889}, {"source": 3, "target": 92, "weight": 0.0125}, {"source": 3, "target": 59, "weight": 0.033333}, {"source": 3, "target": 63, "weight": 0.009146}, {"source": 3, "target": 70, "weight": 0.006667}, {"source": 3, "target": 72, "weight": 0.146154}, {"source": 3, "target": 51, "weight": 0.030303}, {"source": 3, "target": 106, "weight": 0.014286}, {"source": 3, "target": 164, "weight": 0.005495}, {"source": 3, "target": 73, "weight": 0.006211}, {"source": 3, "target": 166, "weight": 0.013514}, {"source": 3, "target": 171, "weight": 0.011765}, {"source": 3, "target": 172, "weight": 0.022059}, {"source": 3, "target": 44, "weight": 0.010417}, {"source": 3, "target": 177, "weight": 0.011765}, {"source": 3, "target": 125, "weight": 0.01875}, {"source": 4, "target": 26, "weight": 0.033333}, {"source": 4, "target": 63, "weight": 0.003484}, {"source": 4, "target": 138, "weight": 0.00365}, {"source": 4, "target": 29, "weight": 0.022727}, {"source": 4, "target": 172, "weight": 0.246753}, {"source": 5, "target": 52, "weight": 0.028986}, {"source": 5, "target": 65, "weight": 0.011111}, {"source": 5, "target": 129, "weight": 0.020833}, {"source": 5, "target": 31, "weight": 0.011236}, {"source": 5, "target": 154, "weight": 0.010309}, {"source": 5, "target": 92, "weight": 0.007874}, {"source": 6, "target": 47, "weight": 0.030303}, {"source": 7, "target": 112, "weight": 0.636364}, {"source": 8, "target": 87, "weight": 0.017857}, {"source": 8, "target": 86, "weight": 0.009346}, {"source": 8, "target": 117, "weight": 0.018519}, {"source": 8, "target": 163, "weight": 0.574468}, {"source": 8, "target": 143, "weight": 0.009009}, {"source": 8, "target": 31, "weight": 0.019048}, {"source": 8, "target": 183, "weight": 0.006211}, {"source": 8, "target": 109, "weight": 0.012346}, {"source": 8, "target": 138, "weight": 0.003333}, {"source": 8, "target": 169, "weight": 0.092784}, {"source": 8, "target": 92, "weight": 0.006944}, {"source": 8, "target": 120, "weight": 0.018519}, {"source": 9, "target": 82, "weight": 0.058252}, {"source": 9, "target": 103, "weight": 0.008475}, {"source": 9, "target": 52, "weight": 0.010638}, {"source": 9, "target": 78, "weight": 0.013158}, {"source": 9, "target": 14, "weight": 0.163265}, {"source": 9, "target": 41, "weight": 0.021053}, {"source": 9, "target": 147, "weight": 0.024691}, {"source": 9, "target": 31, "weight": 0.017857}, {"source": 9, "target": 150, "weight": 0.098214}, {"source": 9, "target": 133, "weight": 0.009709}, {"source": 9, "target": 88, "weight": 0.004464}, {"source": 9, "target": 135, "weight": 0.003922}, {"source": 9, "target": 89, "weight": 0.006211}, {"source": 9, "target": 101, "weight": 0.173913}, {"source": 9, "target": 145, "weight": 0.022727}, {"source": 9, "target": 13, "weight": 0.016129}, {"source": 9, "target": 49, "weight": 0.188235}, {"source": 9, "target": 113, "weight": 0.007576}, {"source": 9, "target": 73, "weight": 0.006623}, {"source": 10, "target": 174, "weight": 0.010526}, {"source": 10, "target": 86, "weight": 0.006849}, {"source": 10, "target": 74, "weight": 0.009615}, {"source": 10, "target": 85, "weight": 0.009009}, {"source": 10, "target": 164, "weight": 0.004902}, {"source": 10, "target": 176, "weight": 0.018987}, {"source": 10, "target": 89, "weight": 0.021053}, {"source": 10, "target": 47, "weight": 0.009615}, {"source": 10, "target": 83, "weight": 0.008547}, {"source": 10, "target": 180, "weight": 0.010417}, {"source": 10, "target": 114, "weight": 0.014599}, {"source": 10, "target": 25, "weight": 0.006329}, {"source": 11, "target": 175, "weight": 0.466667}, {"source": 11, "target": 164, "weight": 0.007752}, {"source": 11, "target": 43, "weight": 0.380952}, {"source": 11, "target": 133, "weight": 0.016667}, {"source": 12, "target": 34, "weight": 0.01}, {"source": 12, "target": 55, "weight": 0.012821}, {"source": 12, "target": 42, "weight": 0.028571}, {"source": 13, "target": 52, "weight": 0.019608}, {"source": 13, "target": 88, "weight": 0.005525}, {"source": 13, "target": 92, "weight": 0.009259}, {"source": 14, "target": 82, "weight": 0.054054}, {"source": 14, "target": 103, "weight": 0.007937}, {"source": 14, "target": 133, "weight": 0.027523}, {"source": 14, "target": 81, "weight": 0.007353}, {"source": 14, "target": 132, "weight": 0.005747}, {"source": 14, "target": 176, "weight": 0.022388}, {"source": 14, "target": 150, "weight": 0.007692}, {"source": 14, "target": 138, "weight": 0.003175}, {"source": 14, "target": 135, "weight": 0.003802}, {"source": 14, "target": 46, "weight": 0.012048}, {"source": 14, "target": 101, "weight": 0.16}, {"source": 14, "target": 34, "weight": 0.006711}, {"source": 14, "target": 181, "weight": 0.006173}, {"source": 14, "target": 49, "weight": 0.535211}, {"source": 14, "target": 50, "weight": 0.025641}, {"source": 14, "target": 62, "weight": 0.011364}, {"source": 15, "target": 86, "weight": 0.009524}, {"source": 15, "target": 147, "weight": 0.013699}, {"source": 15, "target": 164, "weight": 0.006135}, {"source": 15, "target": 31, "weight": 0.029412}, {"source": 15, "target": 179, "weight": 0.015152}, {"source": 15, "target": 154, "weight": 0.018018}, {"source": 15, "target": 38, "weight": 0.014493}, {"source": 16, "target": 138, "weight": 0.00369}, {"source": 16, "target": 154, "weight": 0.228571}, {"source": 17, "target": 63, "weight": 0.003311}, {"source": 17, "target": 38, "weight": 0.525}, {"source": 17, "target": 183, "weight": 0.006667}, {"source": 17, "target": 169, "weight": 0.010638}, {"source": 17, "target": 163, "weight": 0.016129}, {"source": 18, "target": 86, "weight": 0.107143}, {"source": 18, "target": 81, "weight": 0.009434}, {"source": 18, "target": 85, "weight": 0.183673}, {"source": 18, "target": 176, "weight": 0.009434}, {"source": 18, "target": 172, "weight": 0.009434}, {"source": 18, "target": 183, "weight": 0.013793}, {"source": 18, "target": 79, "weight": 0.027027}, {"source": 18, "target": 89, "weight": 0.021898}, {"source": 18, "target": 138, "weight": 0.003509}, {"source": 18, "target": 92, "weight": 0.007752}, {"source": 18, "target": 25, "weight": 0.009615}, {"source": 19, "target": 67, "weight": 0.012821}, {"source": 19, "target": 70, "weight": 0.010309}, {"source": 19, "target": 69, "weight": 0.014493}, {"source": 20, "target": 165, "weight": 0.025641}, {"source": 20, "target": 63, "weight": 0.003559}, {"source": 20, "target": 70, "weight": 0.009901}, {"source": 20, "target": 21, "weight": 0.434783}, {"source": 20, "target": 39, "weight": 0.028571}, {"source": 21, "target": 63, "weight": 0.007018}, {"source": 21, "target": 70, "weight": 0.009434}, {"source": 21, "target": 39, "weight": 0.025}, {"source": 22, "target": 109, "weight": 0.033898}, {"source": 22, "target": 138, "weight": 0.018182}, {"source": 22, "target": 92, "weight": 0.00813}, {"source": 23, "target": 52, "weight": 0.010753}, {"source": 23, "target": 65, "weight": 0.055556}, {"source": 23, "target": 147, "weight": 0.012346}, {"source": 23, "target": 148, "weight": 0.006135}, {"source": 23, "target": 28, "weight": 0.471698}, {"source": 23, "target": 83, "weight": 0.024096}, {"source": 23, "target": 154, "weight": 0.008333}, {"source": 23, "target": 180, "weight": 0.032258}, {"source": 23, "target": 183, "weight": 0.005988}, {"source": 24, "target": 63, "weight": 0.002611}, {"source": 24, "target": 86, "weight": 0.119497}, {"source": 24, "target": 163, "weight": 0.006993}, {"source": 24, "target": 120, "weight": 0.008065}, {"source": 24, "target": 143, "weight": 0.005525}, {"source": 24, "target": 74, "weight": 0.014925}, {"source": 24, "target": 138, "weight": 0.013661}, {"source": 24, "target": 88, "weight": 0.003484}, {"source": 24, "target": 81, "weight": 0.005236}, {"source": 24, "target": 89, "weight": 0.022727}, {"source": 24, "target": 179, "weight": 0.022059}, {"source": 24, "target": 92, "weight": 0.018957}, {"source": 24, "target": 183, "weight": 0.0131}, {"source": 24, "target": 171, "weight": 0.007246}, {"source": 24, "target": 85, "weight": 0.036232}, {"source": 24, "target": 164, "weight": 0.021645}, {"source": 25, "target": 130, "weight": 0.017391}, {"source": 25, "target": 131, "weight": 0.009524}, {"source": 25, "target": 132, "weight": 0.005348}, {"source": 25, "target": 136, "weight": 0.014085}, {"source": 25, "target": 90, "weight": 0.008696}, {"source": 25, "target": 139, "weight": 0.008475}, {"source": 25, "target": 142, "weight": 0.004464}, {"source": 25, "target": 66, "weight": 0.015385}, {"source": 25, "target": 63, "weight": 0.005882}, {"source": 25, "target": 148, "weight": 0.044944}, {"source": 25, "target": 99, "weight": 0.010753}, {"source": 25, "target": 100, "weight": 0.016949}, {"source": 25, "target": 68, "weight": 0.008403}, {"source": 25, "target": 69, "weight": 0.007519}, {"source": 25, "target": 70, "weight": 0.006211}, {"source": 25, "target": 72, "weight": 0.006289}, {"source": 25, "target": 73, "weight": 0.005814}, {"source": 25, "target": 133, "weight": 0.01626}, {"source": 25, "target": 104, "weight": 0.269231}, {"source": 25, "target": 74, "weight": 0.021739}, {"source": 25, "target": 106, "weight": 0.012346}, {"source": 25, "target": 165, "weight": 0.010101}, {"source": 25, "target": 166, "weight": 0.011765}, {"source": 25, "target": 173, "weight": 0.005495}, {"source": 25, "target": 118, "weight": 0.265823}, {"source": 25, "target": 176, "weight": 0.027397}, {"source": 25, "target": 138, "weight": 0.009202}, {"source": 25, "target": 178, "weight": 0.019048}, {"source": 25, "target": 183, "weight": 0.032609}, {"source": 26, "target": 29, "weight": 0.028571}, {"source": 26, "target": 116, "weight": 0.022222}, {"source": 26, "target": 172, "weight": 0.011628}, {"source": 26, "target": 67, "weight": 0.012658}, {"source": 26, "target": 132, "weight": 0.01626}, {"source": 26, "target": 138, "weight": 0.003774}, {"source": 26, "target": 185, "weight": 0.035714}, {"source": 26, "target": 70, "weight": 0.010204}, {"source": 27, "target": 63, "weight": 0.027875}, {"source": 27, "target": 164, "weight": 0.013793}, {"source": 27, "target": 172, "weight": 0.03}, {"source": 27, "target": 88, "weight": 0.105556}, {"source": 28, "target": 145, "weight": 0.016129}, {"source": 28, "target": 52, "weight": 0.014925}, {"source": 28, "target": 65, "weight": 0.060241}, {"source": 28, "target": 66, "weight": 0.02439}, {"source": 28, "target": 135, "weight": 0.004386}, {"source": 28, "target": 152, "weight": 0.018519}, {"source": 28, "target": 161, "weight": 0.025641}, {"source": 28, "target": 34, "weight": 0.017699}, {"source": 28, "target": 91, "weight": 0.028571}, {"source": 28, "target": 154, "weight": 0.010638}, {"source": 28, "target": 37, "weight": 0.023256}, {"source": 28, "target": 83, "weight": 0.035088}, {"source": 28, "target": 78, "weight": 0.020408}, {"source": 29, "target": 150, "weight": 0.010638}, {"source": 29, "target": 67, "weight": 0.021739}, {"source": 29, "target": 132, "weight": 0.014599}, {"source": 29, "target": 34, "weight": 0.00885}, {"source": 29, "target": 142, "weight": 0.005714}, {"source": 29, "target": 172, "weight": 0.01}, {"source": 30, "target": 103, "weight": 0.066667}, {"source": 30, "target": 101, "weight": 0.014706}, {"source": 30, "target": 55, "weight": 0.0125}, {"source": 31, "target": 86, "weight": 0.042373}, {"source": 31, "target": 169, "weight": 0.016807}, {"source": 31, "target": 163, "weight": 0.022989}, {"source": 31, "target": 132, "weight": 0.005747}, {"source": 31, "target": 150, "weight": 0.015504}, {"source": 31, "target": 138, "weight": 0.003175}, {"source": 31, "target": 88, "weight": 0.00431}, {"source": 31, "target": 136, "weight": 0.007692}, {"source": 31, "target": 179, "weight": 0.012048}, {"source": 31, "target": 48, "weight": 0.027027}, {"source": 31, "target": 34, "weight": 0.013514}, {"source": 31, "target": 140, "weight": 0.0125}, {"source": 31, "target": 128, "weight": 0.012658}, {"source": 31, "target": 113, "weight": 0.007143}, {"source": 31, "target": 142, "weight": 0.004739}, {"source": 32, "target": 107, "weight": 0.013158}, {"source": 33, "target": 132, "weight": 0.007246}, {"source": 33, "target": 165, "weight": 0.02}, {"source": 33, "target": 44, "weight": 0.017241}, {"source": 33, "target": 131, "weight": 0.036364}, {"source": 33, "target": 143, "weight": 0.011111}, {"source": 34, "target": 63, "weight": 0.002809}, {"source": 34, "target": 65, "weight": 0.006667}, {"source": 34, "target": 42, "weight": 0.018018}, {"source": 34, "target": 150, "weight": 0.006329}, {"source": 34, "target": 176, "weight": 0.006098}, {"source": 35, "target": 103, "weight": 0.011236}, {"source": 35, "target": 94, "weight": 0.019608}, {"source": 35, "target": 66, "weight": 0.012346}, {"source": 35, "target": 67, "weight": 0.056818}, {"source": 35, "target": 132, "weight": 0.022222}, {"source": 35, "target": 88, "weight": 0.005128}, {"source": 35, "target": 139, "weight": 0.014706}, {"source": 35, "target": 36, "weight": 0.02381}, {"source": 35, "target": 125, "weight": 0.00813}, {"source": 35, "target": 173, "weight": 0.007576}, {"source": 36, "target": 94, "weight": 0.020619}, {"source": 36, "target": 67, "weight": 0.257143}, {"source": 36, "target": 132, "weight": 0.007576}, {"source": 36, "target": 88, "weight": 0.005263}, {"source": 36, "target": 70, "weight": 0.009434}, {"source": 36, "target": 173, "weight": 0.024}, {"source": 37, "target": 52, "weight": 0.016949}, {"source": 37, "target": 65, "weight": 0.012658}, {"source": 37, "target": 154, "weight": 0.011628}, {"source": 38, "target": 63, "weight": 0.003413}, {"source": 38, "target": 95, "weight": 0.009709}, {"source": 38, "target": 139, "weight": 0.014286}, {"source": 38, "target": 183, "weight": 0.007092}, {"source": 39, "target": 129, "weight": 0.02439}, {"source": 39, "target": 100, "weight": 0.030303}, {"source": 39, "target": 154, "weight": 0.022472}, {"source": 39, "target": 70, "weight": 0.009174}, {"source": 40, "target": 63, "weight": 0.006452}, {"source": 40, "target": 75, "weight": 0.023256}, {"source": 41, "target": 150, "weight": 0.017857}, {"source": 41, "target": 154, "weight": 0.036697}, {"source": 41, "target": 147, "weight": 0.193548}, {"source": 42, "target": 103, "weight": 0.011236}, {"source": 42, "target": 128, "weight": 0.02381}, {"source": 42, "target": 66, "weight": 0.012346}, {"source": 42, "target": 55, "weight": 0.3}, {"source": 42, "target": 135, "weight": 0.004425}, {"source": 42, "target": 101, "weight": 0.012821}, {"source": 42, "target": 140, "weight": 0.023256}, {"source": 42, "target": 170, "weight": 0.013889}, {"source": 42, "target": 114, "weight": 0.04}, {"source": 42, "target": 61, "weight": 0.015873}, {"source": 42, "target": 127, "weight": 0.016129}, {"source": 43, "target": 133, "weight": 0.014493}, {"source": 43, "target": 175, "weight": 0.291667}, {"source": 43, "target": 164, "weight": 0.022059}, {"source": 43, "target": 92, "weight": 0.008547}, {"source": 43, "target": 181, "weight": 0.008333}, {"source": 44, "target": 73, "weight": 0.015267}, {"source": 44, "target": 63, "weight": 0.003322}, {"source": 44, "target": 81, "weight": 0.009174}, {"source": 44, "target": 98, "weight": 0.012346}, {"source": 44, "target": 99, "weight": 0.018868}, {"source": 44, "target": 143, "weight": 0.010101}, {"source": 44, "target": 100, "weight": 0.012658}, {"source": 44, "target": 183, "weight": 0.006711}, {"source": 44, "target": 88, "weight": 0.009804}, {"source": 44, "target": 89, "weight": 0.007042}, {"source": 44, "target": 142, "weight": 0.010929}, {"source": 44, "target": 66, "weight": 0.010989}, {"source": 44, "target": 155, "weight": 0.012821}, {"source": 45, "target": 131, "weight": 0.030303}, {"source": 45, "target": 63, "weight": 0.003717}, {"source": 46, "target": 163, "weight": 0.02}, {"source": 46, "target": 179, "weight": 0.022222}, {"source": 46, "target": 123, "weight": 0.018182}, {"source": 46, "target": 169, "weight": 0.012195}, {"source": 46, "target": 49, "weight": 0.014286}, {"source": 47, "target": 160, "weight": 0.009901}, {"source": 47, "target": 128, "weight": 0.026316}, {"source": 47, "target": 130, "weight": 0.032787}, {"source": 47, "target": 66, "weight": 0.012987}, {"source": 47, "target": 122, "weight": 0.012821}, {"source": 47, "target": 83, "weight": 0.019231}, {"source": 47, "target": 185, "weight": 0.310345}, {"source": 47, "target": 69, "weight": 0.012658}, {"source": 47, "target": 114, "weight": 0.013699}, {"source": 47, "target": 61, "weight": 0.016949}, {"source": 48, "target": 52, "weight": 0.032609}, {"source": 48, "target": 65, "weight": 0.008772}, {"source": 48, "target": 86, "weight": 0.008772}, {"source": 48, "target": 169, "weight": 0.086538}, {"source": 48, "target": 163, "weight": 0.08}, {"source": 48, "target": 150, "weight": 0.008197}, {"source": 48, "target": 136, "weight": 0.025}, {"source": 48, "target": 138, "weight": 0.003257}, {"source": 48, "target": 154, "weight": 0.008264}, {"source": 48, "target": 92, "weight": 0.006623}, {"source": 49, "target": 82, "weight": 0.072165}, {"source": 49, "target": 103, "weight": 0.027027}, {"source": 49, "target": 115, "weight": 0.014706}, {"source": 49, "target": 81, "weight": 0.00813}, {"source": 49, "target": 132, "weight": 0.006211}, {"source": 49, "target": 176, "weight": 0.00813}, {"source": 49, "target": 150, "weight": 0.017241}, {"source": 49, "target": 123, "weight": 0.0125}, {"source": 49, "target": 135, "weight": 0.016194}, {"source": 49, "target": 101, "weight": 0.211765}, {"source": 49, "target": 133, "weight": 0.010204}, {"source": 49, "target": 169, "weight": 0.009346}, {"source": 49, "target": 181, "weight": 0.006711}, {"source": 49, "target": 50, "weight": 0.030769}, {"source": 49, "target": 138, "weight": 0.003311}, {"source": 49, "target": 62, "weight": 0.013333}, {"source": 50, "target": 135, "weight": 0.004525}, {"source": 51, "target": 89, "weight": 0.006803}, {"source": 51, "target": 129, "weight": 0.092593}, {"source": 51, "target": 98, "weight": 0.011628}, {"source": 51, "target": 106, "weight": 0.021739}, {"source": 51, "target": 178, "weight": 0.014085}, {"source": 51, "target": 72, "weight": 0.02459}, {"source": 52, "target": 95, "weight": 0.008403}, {"source": 52, "target": 145, "weight": 0.012821}, {"source": 52, "target": 65, "weight": 0.209302}, {"source": 52, "target": 169, "weight": 0.009901}, {"source": 52, "target": 89, "weight": 0.013423}, {"source": 52, "target": 154, "weight": 0.009091}, {"source": 52, "target": 78, "weight": 0.015385}, {"source": 52, "target": 161, "weight": 0.018182}, {"source": 53, "target": 148, "weight": 0.008475}, {"source": 53, "target": 132, "weight": 0.008333}, {"source": 53, "target": 143, "weight": 0.013889}, {"source": 53, "target": 125, "weight": 0.009434}, {"source": 53, "target": 63, "weight": 0.00365}, {"source": 54, "target": 116, "weight": 0.244898}, {"source": 54, "target": 71, "weight": 0.444444}, {"source": 54, "target": 126, "weight": 0.444444}, {"source": 55, "target": 103, "weight": 0.064}, {"source": 55, "target": 114, "weight": 0.070796}, {"source": 55, "target": 168, "weight": 0.0125}, {"source": 55, "target": 183, "weight": 0.005495}, {"source": 55, "target": 127, "weight": 0.019231}, {"source": 56, "target": 65, "weight": 0.011628}, {"source": 58, "target": 63, "weight": 0.003378}, {"source": 58, "target": 143, "weight": 0.021505}, {"source": 58, "target": 88, "weight": 0.005}, {"source": 59, "target": 63, "weight": 0.003367}, {"source": 59, "target": 143, "weight": 0.021277}, {"source": 59, "target": 138, "weight": 0.010638}, {"source": 59, "target": 134, "weight": 0.039216}, {"source": 59, "target": 123, "weight": 0.016129}, {"source": 59, "target": 92, "weight": 0.015748}, {"source": 59, "target": 171, "weight": 0.432432}, {"source": 59, "target": 70, "weight": 0.008547}, {"source": 60, "target": 109, "weight": 0.053571}, {"source": 60, "target": 87, "weight": 0.030303}, {"source": 60, "target": 117, "weight": 0.032258}, {"source": 60, "target": 163, "weight": 0.085106}, {"source": 61, "target": 183, "weight": 0.006452}, {"source": 61, "target": 165, "weight": 0.015385}, {"source": 61, "target": 168, "weight": 0.018868}, {"source": 61, "target": 114, "weight": 0.205128}, {"source": 61, "target": 127, "weight": 0.012821}, {"source": 62, "target": 119, "weight": 0.019231}, {"source": 62, "target": 81, "weight": 0.009709}, {"source": 62, "target": 88, "weight": 0.010101}, {"source": 62, "target": 138, "weight": 0.003546}, {"source": 62, "target": 172, "weight": 0.009709}, {"source": 63, "target": 131, "weight": 0.003344}, {"source": 63, "target": 132, "weight": 0.007916}, {"source": 63, "target": 108, "weight": 0.014134}, {"source": 63, "target": 88, "weight": 0.073171}, {"source": 63, "target": 135, "weight": 0.012903}, {"source": 63, "target": 115, "weight": 0.003472}, {"source": 63, "target": 138, "weight": 0.001916}, {"source": 63, "target": 122, "weight": 0.003067}, {"source": 63, "target": 143, "weight": 0.027692}, {"source": 63, "target": 93, "weight": 0.003497}, {"source": 63, "target": 144, "weight": 0.218978}, {"source": 63, "target": 94, "weight": 0.008696}, {"source": 63, "target": 142, "weight": 0.004796}, {"source": 63, "target": 96, "weight": 0.006711}, {"source": 63, "target": 148, "weight": 0.007958}, {"source": 63, "target": 67, "weight": 0.002976}, {"source": 63, "target": 150, "weight": 0.008955}, {"source": 63, "target": 102, "weight": 0.003106}, {"source": 63, "target": 164, "weight": 0.015707}, {"source": 63, "target": 72, "weight": 0.002833}, {"source": 63, "target": 69, "weight": 0.003058}, {"source": 63, "target": 160, "weight": 0.002865}, {"source": 63, "target": 107, "weight": 0.006349}, {"source": 63, "target": 75, "weight": 0.11828}, {"source": 63, "target": 165, "weight": 0.003413}, {"source": 63, "target": 185, "weight": 0.003509}, {"source": 63, "target": 171, "weight": 0.003448}, {"source": 63, "target": 172, "weight": 0.014749}, {"source": 63, "target": 173, "weight": 0.005333}, {"source": 63, "target": 168, "weight": 0.003559}, {"source": 63, "target": 81, "weight": 0.005848}, {"source": 63, "target": 70, "weight": 0.025937}, {"source": 63, "target": 176, "weight": 0.002915}, {"source": 63, "target": 123, "weight": 0.003333}, {"source": 63, "target": 84, "weight": 0.122677}, {"source": 63, "target": 159, "weight": 0.003344}, {"source": 63, "target": 125, "weight": 0.002725}, {"source": 63, "target": 127, "weight": 0.003268}, {"source": 64, "target": 77, "weight": 0.777778}, {"source": 65, "target": 135, "weight": 0.007605}, {"source": 65, "target": 89, "weight": 0.005882}, {"source": 65, "target": 91, "weight": 0.028571}, {"source": 65, "target": 66, "weight": 0.008403}, {"source": 65, "target": 145, "weight": 0.020619}, {"source": 65, "target": 78, "weight": 0.02381}, {"source": 65, "target": 148, "weight": 0.00578}, {"source": 65, "target": 150, "weight": 0.023256}, {"source": 65, "target": 154, "weight": 0.007692}, {"source": 65, "target": 157, "weight": 0.026667}, {"source": 65, "target": 161, "weight": 0.013333}, {"source": 65, "target": 95, "weight": 0.007194}, {"source": 65, "target": 169, "weight": 0.008264}, {"source": 65, "target": 83, "weight": 0.010638}, {"source": 65, "target": 183, "weight": 0.00565}, {"source": 66, "target": 103, "weight": 0.00813}, {"source": 66, "target": 114, "weight": 0.009009}, {"source": 66, "target": 88, "weight": 0.004367}, {"source": 66, "target": 83, "weight": 0.263889}, {"source": 66, "target": 127, "weight": 0.031915}, {"source": 67, "target": 183, "weight": 0.005435}, {"source": 67, "target": 131, "weight": 0.01}, {"source": 67, "target": 172, "weight": 0.028369}, {"source": 67, "target": 88, "weight": 0.008368}, {"source": 67, "target": 90, "weight": 0.009091}, {"source": 67, "target": 70, "weight": 0.012903}, {"source": 67, "target": 120, "weight": 0.012987}, {"source": 68, "target": 105, "weight": 0.015385}, {"source": 68, "target": 85, "weight": 0.042857}, {"source": 68, "target": 176, "weight": 0.008264}, {"source": 68, "target": 92, "weight": 0.006944}, {"source": 68, "target": 86, "weight": 0.028571}, {"source": 69, "target": 115, "weight": 0.025316}, {"source": 69, "target": 119, "weight": 0.011905}, {"source": 69, "target": 86, "weight": 0.008264}, {"source": 69, "target": 81, "weight": 0.007407}, {"source": 69, "target": 70, "weight": 0.006803}, {"source": 69, "target": 75, "weight": 0.009709}, {"source": 69, "target": 176, "weight": 0.014925}, {"source": 69, "target": 165, "weight": 0.011765}, {"source": 69, "target": 88, "weight": 0.004329}, {"source": 69, "target": 136, "weight": 0.007752}, {"source": 69, "target": 109, "weight": 0.010526}, {"source": 69, "target": 172, "weight": 0.007407}, {"source": 69, "target": 143, "weight": 0.016129}, {"source": 69, "target": 171, "weight": 0.012195}, {"source": 69, "target": 114, "weight": 0.017857}, {"source": 70, "target": 73, "weight": 0.005376}, {"source": 70, "target": 130, "weight": 0.007692}, {"source": 70, "target": 132, "weight": 0.004975}, {"source": 70, "target": 88, "weight": 0.015625}, {"source": 70, "target": 142, "weight": 0.057522}, {"source": 70, "target": 94, "weight": 0.005988}, {"source": 70, "target": 72, "weight": 0.00578}, {"source": 70, "target": 103, "weight": 0.006536}, {"source": 70, "target": 74, "weight": 0.009346}, {"source": 70, "target": 164, "weight": 0.034826}, {"source": 70, "target": 171, "weight": 0.009091}, {"source": 70, "target": 173, "weight": 0.005102}, {"source": 70, "target": 123, "weight": 0.008333}, {"source": 70, "target": 180, "weight": 0.010101}, {"source": 70, "target": 125, "weight": 0.005348}, {"source": 71, "target": 126, "weight": 0.857143}, {"source": 72, "target": 171, "weight": 0.172043}, {"source": 72, "target": 74, "weight": 0.009524}, {"source": 72, "target": 131, "weight": 0.008547}, {"source": 72, "target": 143, "weight": 0.013333}, {"source": 72, "target": 119, "weight": 0.057143}, {"source": 72, "target": 138, "weight": 0.008876}, {"source": 72, "target": 134, "weight": 0.009259}, {"source": 72, "target": 123, "weight": 0.008475}, {"source": 72, "target": 88, "weight": 0.007813}, {"source": 72, "target": 92, "weight": 0.022099}, {"source": 72, "target": 155, "weight": 0.007692}, {"source": 73, "target": 174, "weight": 0.018519}, {"source": 73, "target": 133, "weight": 0.020408}, {"source": 73, "target": 74, "weight": 0.008475}, {"source": 73, "target": 148, "weight": 0.004762}, {"source": 73, "target": 131, "weight": 0.015504}, {"source": 73, "target": 164, "weight": 0.018605}, {"source": 73, "target": 176, "weight": 0.107595}, {"source": 73, "target": 183, "weight": 0.00939}, {"source": 73, "target": 88, "weight": 0.018797}, {"source": 73, "target": 81, "weight": 0.011561}, {"source": 73, "target": 89, "weight": 0.055838}, {"source": 73, "target": 138, "weight": 0.011429}, {"source": 73, "target": 92, "weight": 0.015385}, {"source": 73, "target": 127, "weight": 0.014706}, {"source": 74, "target": 94, "weight": 0.010101}, {"source": 74, "target": 142, "weight": 0.023952}, {"source": 74, "target": 164, "weight": 0.007194}, {"source": 74, "target": 132, "weight": 0.015152}, {"source": 75, "target": 107, "weight": 0.01087}, {"source": 75, "target": 116, "weight": 0.012821}, {"source": 75, "target": 144, "weight": 0.428571}, {"source": 75, "target": 150, "weight": 0.027027}, {"source": 75, "target": 88, "weight": 0.004651}, {"source": 75, "target": 135, "weight": 0.016461}, {"source": 75, "target": 115, "weight": 0.015625}, {"source": 75, "target": 84, "weight": 0.733333}, {"source": 75, "target": 127, "weight": 0.012195}, {"source": 76, "target": 138, "weight": 0.007246}, {"source": 76, "target": 134, "weight": 0.022222}, {"source": 78, "target": 154, "weight": 0.01087}, {"source": 79, "target": 113, "weight": 0.011628}, {"source": 81, "target": 130, "weight": 0.008475}, {"source": 81, "target": 131, "weight": 0.018868}, {"source": 81, "target": 132, "weight": 0.010638}, {"source": 81, "target": 133, "weight": 0.007937}, {"source": 81, "target": 88, "weight": 0.016393}, {"source": 81, "target": 138, "weight": 0.006079}, {"source": 81, "target": 142, "weight": 0.013393}, {"source": 81, "target": 148, "weight": 0.005348}, {"source": 81, "target": 153, "weight": 0.009901}, {"source": 81, "target": 82, "weight": 0.047619}, {"source": 81, "target": 160, "weight": 0.006369}, {"source": 81, "target": 94, "weight": 0.012987}, {"source": 81, "target": 113, "weight": 0.006452}, {"source": 81, "target": 172, "weight": 0.006623}, {"source": 81, "target": 173, "weight": 0.010929}, {"source": 81, "target": 183, "weight": 0.005236}, {"source": 81, "target": 176, "weight": 0.034014}, {"source": 81, "target": 125, "weight": 0.005714}, {"source": 82, "target": 103, "weight": 0.016667}, {"source": 82, "target": 115, "weight": 0.013158}, {"source": 82, "target": 148, "weight": 0.005988}, {"source": 82, "target": 183, "weight": 0.02381}, {"source": 82, "target": 164, "weight": 0.005714}, {"source": 82, "target": 176, "weight": 0.389474}, {"source": 82, "target": 88, "weight": 0.022422}, {"source": 82, "target": 89, "weight": 0.018519}, {"source": 82, "target": 138, "weight": 0.003226}, {"source": 82, "target": 133, "weight": 0.103093}, {"source": 82, "target": 172, "weight": 0.007634}, {"source": 83, "target": 135, "weight": 0.004255}, {"source": 83, "target": 185, "weight": 0.02}, {"source": 83, "target": 170, "weight": 0.012346}, {"source": 83, "target": 91, "weight": 0.04878}, {"source": 84, "target": 150, "weight": 0.029703}, {"source": 84, "target": 88, "weight": 0.004878}, {"source": 84, "target": 127, "weight": 0.013889}, {"source": 85, "target": 86, "weight": 0.271429}, {"source": 85, "target": 183, "weight": 0.014184}, {"source": 85, "target": 164, "weight": 0.006849}, {"source": 85, "target": 177, "weight": 0.041667}, {"source": 85, "target": 88, "weight": 0.005051}, {"source": 85, "target": 89, "weight": 0.030303}, {"source": 85, "target": 92, "weight": 0.008}, {"source": 85, "target": 113, "weight": 0.009434}, {"source": 85, "target": 125, "weight": 0.175926}, {"source": 86, "target": 128, "weight": 0.0125}, {"source": 86, "target": 89, "weight": 0.017857}, {"source": 86, "target": 140, "weight": 0.012346}, {"source": 86, "target": 92, "weight": 0.00625}, {"source": 86, "target": 163, "weight": 0.011236}, {"source": 86, "target": 164, "weight": 0.011111}, {"source": 86, "target": 88, "weight": 0.004292}, {"source": 86, "target": 169, "weight": 0.02521}, {"source": 86, "target": 113, "weight": 0.014286}, {"source": 86, "target": 183, "weight": 0.017143}, {"source": 86, "target": 177, "weight": 0.024096}, {"source": 86, "target": 182, "weight": 0.012048}, {"source": 86, "target": 125, "weight": 0.140845}, {"source": 87, "target": 163, "weight": 0.026316}, {"source": 87, "target": 122, "weight": 0.029412}, {"source": 87, "target": 102, "weight": 0.015385}, {"source": 87, "target": 157, "weight": 0.04}, {"source": 88, "target": 130, "weight": 0.004673}, {"source": 88, "target": 131, "weight": 0.004926}, {"source": 88, "target": 132, "weight": 0.021429}, {"source": 88, "target": 135, "weight": 0.005362}, {"source": 88, "target": 136, "weight": 0.008333}, {"source": 88, "target": 138, "weight": 0.002347}, {"source": 88, "target": 95, "weight": 0.004016}, {"source": 88, "target": 146, "weight": 0.005405}, {"source": 88, "target": 98, "weight": 0.004566}, {"source": 88, "target": 143, "weight": 0.012766}, {"source": 88, "target": 150, "weight": 0.004149}, {"source": 88, "target": 133, "weight": 0.004505}, {"source": 88, "target": 153, "weight": 0.005076}, {"source": 88, "target": 164, "weight": 0.020979}, {"source": 88, "target": 160, "weight": 0.003953}, {"source": 88, "target": 144, "weight": 0.004219}, {"source": 88, "target": 107, "weight": 0.004545}, {"source": 88, "target": 113, "weight": 0.003984}, {"source": 88, "target": 172, "weight": 0.00813}, {"source": 88, "target": 173, "weight": 0.003571}, {"source": 88, "target": 89, "weight": 0.007168}, {"source": 88, "target": 176, "weight": 0.020576}, {"source": 88, "target": 183, "weight": 0.010526}, {"source": 88, "target": 148, "weight": 0.010676}, {"source": 88, "target": 179, "weight": 0.005155}, {"source": 88, "target": 181, "weight": 0.01107}, {"source": 88, "target": 125, "weight": 0.00369}, {"source": 88, "target": 184, "weight": 0.005435}, {"source": 89, "target": 136, "weight": 0.005618}, {"source": 89, "target": 138, "weight": 0.005525}, {"source": 89, "target": 92, "weight": 0.024631}, {"source": 89, "target": 155, "weight": 0.013158}, {"source": 89, "target": 97, "weight": 0.007634}, {"source": 89, "target": 148, "weight": 0.013761}, {"source": 89, "target": 133, "weight": 0.052632}, {"source": 89, "target": 153, "weight": 0.022727}, {"source": 89, "target": 183, "weight": 0.004464}, {"source": 89, "target": 160, "weight": 0.005263}, {"source": 89, "target": 164, "weight": 0.008811}, {"source": 89, "target": 113, "weight": 0.005319}, {"source": 89, "target": 174, "weight": 0.016949}, {"source": 89, "target": 176, "weight": 0.016484}, {"source": 89, "target": 177, "weight": 0.015385}, {"source": 89, "target": 178, "weight": 0.007092}, {"source": 89, "target": 181, "weight": 0.004762}, {"source": 89, "target": 125, "weight": 0.12973}, {"source": 89, "target": 98, "weight": 0.00641}, {"source": 90, "target": 94, "weight": 0.008264}, {"source": 90, "target": 148, "weight": 0.013158}, {"source": 90, "target": 125, "weight": 0.007092}, {"source": 90, "target": 100, "weight": 0.011494}, {"source": 90, "target": 183, "weight": 0.112676}, {"source": 90, "target": 152, "weight": 0.014286}, {"source": 90, "target": 139, "weight": 0.011628}, {"source": 90, "target": 99, "weight": 0.016393}, {"source": 91, "target": 148, "weight": 0.008264}, {"source": 91, "target": 183, "weight": 0.008}, {"source": 92, "target": 132, "weight": 0.004717}, {"source": 92, "target": 136, "weight": 0.011976}, {"source": 92, "target": 138, "weight": 0.038123}, {"source": 92, "target": 155, "weight": 0.006993}, {"source": 92, "target": 94, "weight": 0.017045}, {"source": 92, "target": 148, "weight": 0.009569}, {"source": 92, "target": 102, "weight": 0.013158}, {"source": 92, "target": 163, "weight": 0.007937}, {"source": 92, "target": 171, "weight": 0.016667}, {"source": 92, "target": 113, "weight": 0.034682}, {"source": 92, "target": 173, "weight": 0.004831}, {"source": 92, "target": 119, "weight": 0.00813}, {"source": 92, "target": 183, "weight": 0.004673}, {"source": 92, "target": 122, "weight": 0.006369}, {"source": 92, "target": 178, "weight": 0.007634}, {"source": 92, "target": 181, "weight": 0.005}, {"source": 92, "target": 125, "weight": 0.010152}, {"source": 93, "target": 136, "weight": 0.011364}, {"source": 93, "target": 165, "weight": 0.022727}, {"source": 94, "target": 103, "weight": 0.006897}, {"source": 94, "target": 148, "weight": 0.010526}, {"source": 94, "target": 172, "weight": 0.033113}, {"source": 94, "target": 164, "weight": 0.005025}, {"source": 94, "target": 138, "weight": 0.002994}, {"source": 95, "target": 136, "weight": 0.02069}, {"source": 95, "target": 109, "weight": 0.00885}, {"source": 95, "target": 138, "weight": 0.012158}, {"source": 95, "target": 167, "weight": 0.010417}, {"source": 98, "target": 138, "weight": 0.003311}, {"source": 99, "target": 183, "weight": 0.114754}, {"source": 99, "target": 148, "weight": 0.007634}, {"source": 99, "target": 172, "weight": 0.021277}, {"source": 99, "target": 138, "weight": 0.00365}, {"source": 99, "target": 134, "weight": 0.02381}, {"source": 99, "target": 110, "weight": 0.047619}, {"source": 100, "target": 183, "weight": 0.094595}, {"source": 100, "target": 129, "weight": 0.015385}, {"source": 100, "target": 148, "weight": 0.006369}, {"source": 100, "target": 172, "weight": 0.016667}, {"source": 100, "target": 143, "weight": 0.018182}, {"source": 100, "target": 138, "weight": 0.003333}, {"source": 100, "target": 134, "weight": 0.014706}, {"source": 100, "target": 110, "weight": 0.021277}, {"source": 100, "target": 155, "weight": 0.011111}, {"source": 101, "target": 103, "weight": 0.052174}, {"source": 101, "target": 133, "weight": 0.009524}, {"source": 101, "target": 176, "weight": 0.007692}, {"source": 101, "target": 150, "weight": 0.008065}, {"source": 101, "target": 115, "weight": 0.013333}, {"source": 101, "target": 169, "weight": 0.008772}, {"source": 101, "target": 114, "weight": 0.038095}, {"source": 102, "target": 119, "weight": 0.428571}, {"source": 102, "target": 164, "weight": 0.005747}, {"source": 102, "target": 163, "weight": 0.0375}, {"source": 102, "target": 138, "weight": 0.003236}, {"source": 103, "target": 132, "weight": 0.040462}, {"source": 103, "target": 123, "weight": 0.010204}, {"source": 103, "target": 115, "weight": 0.011628}, {"source": 103, "target": 114, "weight": 0.016949}, {"source": 103, "target": 125, "weight": 0.024691}, {"source": 103, "target": 173, "weight": 0.005747}, {"source": 103, "target": 127, "weight": 0.009615}, {"source": 104, "target": 148, "weight": 0.007353}, {"source": 104, "target": 131, "weight": 0.017857}, {"source": 104, "target": 183, "weight": 0.007143}, {"source": 104, "target": 180, "weight": 0.027778}, {"source": 105, "target": 121, "weight": 0.057143}, {"source": 105, "target": 162, "weight": 0.52381}, {"source": 107, "target": 172, "weight": 0.008065}, {"source": 107, "target": 114, "weight": 0.009804}, {"source": 108, "target": 171, "weight": 0.02439}, {"source": 108, "target": 143, "weight": 0.011905}, {"source": 108, "target": 127, "weight": 0.017544}, {"source": 109, "target": 160, "weight": 0.008547}, {"source": 109, "target": 117, "weight": 0.022727}, {"source": 109, "target": 163, "weight": 0.015873}, {"source": 109, "target": 148, "weight": 0.006803}, {"source": 109, "target": 183, "weight": 0.006623}, {"source": 109, "target": 122, "weight": 0.010638}, {"source": 109, "target": 138, "weight": 0.00692}, {"source": 110, "target": 183, "weight": 0.008547}, {"source": 110, "target": 137, "weight": 0.166667}, {"source": 111, "target": 148, "weight": 0.008065}, {"source": 111, "target": 125, "weight": 0.008929}, {"source": 113, "target": 176, "weight": 0.006452}, {"source": 113, "target": 183, "weight": 0.005128}, {"source": 113, "target": 150, "weight": 0.006711}, {"source": 113, "target": 119, "weight": 0.009615}, {"source": 113, "target": 138, "weight": 0.002994}, {"source": 114, "target": 128, "weight": 0.013889}, {"source": 114, "target": 130, "weight": 0.010417}, {"source": 114, "target": 135, "weight": 0.03629}, {"source": 114, "target": 115, "weight": 0.013514}, {"source": 114, "target": 140, "weight": 0.013699}, {"source": 114, "target": 142, "weight": 0.004902}, {"source": 114, "target": 151, "weight": 0.013514}, {"source": 114, "target": 160, "weight": 0.007407}, {"source": 114, "target": 165, "weight": 0.012658}, {"source": 114, "target": 185, "weight": 0.014085}, {"source": 114, "target": 170, "weight": 0.009804}, {"source": 114, "target": 122, "weight": 0.008929}, {"source": 114, "target": 124, "weight": 0.016393}, {"source": 114, "target": 127, "weight": 0.01087}, {"source": 115, "target": 116, "weight": 0.018182}, {"source": 115, "target": 129, "weight": 0.025}, {"source": 115, "target": 151, "weight": 0.02439}, {"source": 115, "target": 135, "weight": 0.051643}, {"source": 115, "target": 154, "weight": 0.011236}, {"source": 116, "target": 133, "weight": 0.011765}, {"source": 116, "target": 148, "weight": 0.006849}, {"source": 116, "target": 138, "weight": 0.00346}, {"source": 116, "target": 123, "weight": 0.046154}, {"source": 116, "target": 126, "weight": 0.021277}, {"source": 117, "target": 163, "weight": 0.027778}, {"source": 117, "target": 149, "weight": 0.083333}, {"source": 117, "target": 122, "weight": 0.030303}, {"source": 118, "target": 148, "weight": 0.007299}, {"source": 118, "target": 131, "weight": 0.035714}, {"source": 118, "target": 176, "weight": 0.009901}, {"source": 118, "target": 183, "weight": 0.007092}, {"source": 118, "target": 180, "weight": 0.027027}, {"source": 119, "target": 138, "weight": 0.003584}, {"source": 120, "target": 163, "weight": 0.027778}, {"source": 120, "target": 122, "weight": 0.014925}, {"source": 120, "target": 183, "weight": 0.008065}, {"source": 122, "target": 183, "weight": 0.011561}, {"source": 122, "target": 163, "weight": 0.279412}, {"source": 122, "target": 149, "weight": 0.016129}, {"source": 122, "target": 143, "weight": 0.008065}, {"source": 122, "target": 165, "weight": 0.011905}, {"source": 122, "target": 138, "weight": 0.003195}, {"source": 122, "target": 168, "weight": 0.013889}, {"source": 122, "target": 169, "weight": 0.008475}, {"source": 123, "target": 135, "weight": 0.004255}, {"source": 123, "target": 171, "weight": 0.018182}, {"source": 123, "target": 181, "weight": 0.007463}, {"source": 124, "target": 176, "weight": 0.012048}, {"source": 125, "target": 138, "weight": 0.005666}, {"source": 125, "target": 143, "weight": 0.006061}, {"source": 125, "target": 148, "weight": 0.009524}, {"source": 125, "target": 133, "weight": 0.006667}, {"source": 125, "target": 164, "weight": 0.004566}, {"source": 125, "target": 172, "weight": 0.005714}, {"source": 125, "target": 174, "weight": 0.037383}, {"source": 125, "target": 136, "weight": 0.005917}, {"source": 125, "target": 183, "weight": 0.009346}, {"source": 125, "target": 176, "weight": 0.005714}, {"source": 127, "target": 128, "weight": 0.017544}, {"source": 127, "target": 144, "weight": 0.009615}, {"source": 127, "target": 132, "weight": 0.006579}, {"source": 127, "target": 135, "weight": 0.004149}, {"source": 127, "target": 140, "weight": 0.017241}, {"source": 127, "target": 173, "weight": 0.006803}, {"source": 129, "target": 154, "weight": 0.011364}, {"source": 130, "target": 148, "weight": 0.006494}, {"source": 130, "target": 164, "weight": 0.006173}, {"source": 130, "target": 179, "weight": 0.015385}, {"source": 131, "target": 148, "weight": 0.014085}, {"source": 131, "target": 143, "weight": 0.010309}, {"source": 131, "target": 176, "weight": 0.009346}, {"source": 131, "target": 165, "weight": 0.017544}, {"source": 131, "target": 183, "weight": 0.006803}, {"source": 132, "target": 138, "weight": 0.00545}, {"source": 132, "target": 143, "weight": 0.022727}, {"source": 132, "target": 148, "weight": 0.008929}, {"source": 132, "target": 164, "weight": 0.004292}, {"source": 132, "target": 171, "weight": 0.022388}, {"source": 132, "target": 172, "weight": 0.010638}, {"source": 133, "target": 175, "weight": 0.016129}, {"source": 133, "target": 172, "weight": 0.007937}, {"source": 133, "target": 176, "weight": 0.094828}, {"source": 133, "target": 183, "weight": 0.006024}, {"source": 133, "target": 178, "weight": 0.012048}, {"source": 133, "target": 153, "weight": 0.040541}, {"source": 133, "target": 181, "weight": 0.013245}, {"source": 134, "target": 167, "weight": 0.02439}, {"source": 134, "target": 138, "weight": 0.085938}, {"source": 134, "target": 181, "weight": 0.008065}, {"source": 135, "target": 148, "weight": 0.00639}, {"source": 135, "target": 172, "weight": 0.003597}, {"source": 135, "target": 150, "weight": 0.003676}, {"source": 135, "target": 151, "weight": 0.004484}, {"source": 135, "target": 154, "weight": 0.00369}, {"source": 135, "target": 168, "weight": 0.00463}, {"source": 135, "target": 183, "weight": 0.009494}, {"source": 136, "target": 183, "weight": 0.01087}, {"source": 136, "target": 148, "weight": 0.034091}, {"source": 136, "target": 160, "weight": 0.006623}, {"source": 136, "target": 178, "weight": 0.009804}, {"source": 136, "target": 138, "weight": 0.012461}, {"source": 136, "target": 184, "weight": 0.012195}, {"source": 137, "target": 183, "weight": 0.008333}, {"source": 137, "target": 168, "weight": 0.266667}, {"source": 138, "target": 181, "weight": 0.028818}, {"source": 138, "target": 142, "weight": 0.002469}, {"source": 138, "target": 143, "weight": 0.019048}, {"source": 138, "target": 148, "weight": 0.005479}, {"source": 138, "target": 154, "weight": 0.006211}, {"source": 138, "target": 145, "weight": 0.003436}, {"source": 138, "target": 160, "weight": 0.008982}, {"source": 138, "target": 163, "weight": 0.003546}, {"source": 138, "target": 164, "weight": 0.002674}, {"source": 138, "target": 167, "weight": 0.003663}, {"source": 138, "target": 172, "weight": 0.012232}, {"source": 138, "target": 173, "weight": 0.002755}, {"source": 138, "target": 176, "weight": 0.006079}, {"source": 138, "target": 178, "weight": 0.003484}, {"source": 139, "target": 148, "weight": 0.00641}, {"source": 139, "target": 183, "weight": 0.183824}, {"source": 139, "target": 150, "weight": 0.008772}, {"source": 139, "target": 168, "weight": 0.053571}, {"source": 139, "target": 169, "weight": 0.019417}, {"source": 141, "target": 183, "weight": 0.007692}, {"source": 142, "target": 143, "weight": 0.009302}, {"source": 142, "target": 155, "weight": 0.005128}, {"source": 142, "target": 148, "weight": 0.01938}, {"source": 142, "target": 164, "weight": 0.003704}, {"source": 142, "target": 165, "weight": 0.005682}, {"source": 142, "target": 171, "weight": 0.00578}, {"source": 142, "target": 172, "weight": 0.004425}, {"source": 142, "target": 176, "weight": 0.008889}, {"source": 142, "target": 179, "weight": 0.00578}, {"source": 142, "target": 180, "weight": 0.006173}, {"source": 142, "target": 183, "weight": 0.007547}, {"source": 142, "target": 184, "weight": 0.006135}, {"source": 143, "target": 145, "weight": 0.009804}, {"source": 143, "target": 148, "weight": 0.00565}, {"source": 143, "target": 163, "weight": 0.010753}, {"source": 143, "target": 185, "weight": 0.012048}, {"source": 143, "target": 171, "weight": 0.022989}, {"source": 143, "target": 172, "weight": 0.036496}, {"source": 143, "target": 178, "weight": 0.010204}, {"source": 143, "target": 181, "weight": 0.005988}, {"source": 144, "target": 150, "weight": 0.030303}, {"source": 144, "target": 172, "weight": 0.007092}, {"source": 145, "target": 147, "weight": 0.030769}, {"source": 145, "target": 154, "weight": 0.092784}, {"source": 146, "target": 179, "weight": 0.057143}, {"source": 147, "target": 154, "weight": 0.010204}, {"source": 147, "target": 170, "weight": 0.012821}, {"source": 148, "target": 151, "weight": 0.007576}, {"source": 148, "target": 152, "weight": 0.007143}, {"source": 148, "target": 153, "weight": 0.007299}, {"source": 148, "target": 172, "weight": 0.005348}, {"source": 148, "target": 173, "weight": 0.004545}, {"source": 148, "target": 183, "weight": 0.085714}, {"source": 148, "target": 176, "weight": 0.010753}, {"source": 148, "target": 178, "weight": 0.006944}, {"source": 148, "target": 181, "weight": 0.014218}, {"source": 150, "target": 154, "weight": 0.007246}, {"source": 150, "target": 165, "weight": 0.010526}, {"source": 150, "target": 169, "weight": 0.023622}, {"source": 150, "target": 170, "weight": 0.017094}, {"source": 150, "target": 176, "weight": 0.006897}, {"source": 150, "target": 183, "weight": 0.005405}, {"source": 151, "target": 167, "weight": 0.081081}, {"source": 151, "target": 154, "weight": 0.011236}, {"source": 151, "target": 155, "weight": 0.015385}, {"source": 153, "target": 164, "weight": 0.006897}, {"source": 153, "target": 176, "weight": 0.2}, {"source": 153, "target": 183, "weight": 0.007092}, {"source": 154, "target": 156, "weight": 0.012658}, {"source": 154, "target": 161, "weight": 0.012195}, {"source": 154, "target": 167, "weight": 0.011494}, {"source": 154, "target": 169, "weight": 0.007813}, {"source": 154, "target": 170, "weight": 0.053571}, {"source": 154, "target": 181, "weight": 0.005882}, {"source": 158, "target": 183, "weight": 0.007576}, {"source": 163, "target": 169, "weight": 0.047619}, {"source": 163, "target": 183, "weight": 0.006993}, {"source": 163, "target": 181, "weight": 0.007752}, {"source": 164, "target": 177, "weight": 0.028777}, {"source": 165, "target": 183, "weight": 0.007092}, {"source": 165, "target": 166, "weight": 0.027027}, {"source": 166, "target": 176, "weight": 0.023256}, {"source": 168, "target": 169, "weight": 0.027778}, {"source": 168, "target": 183, "weight": 0.023622}, {"source": 169, "target": 178, "weight": 0.01087}, {"source": 169, "target": 181, "weight": 0.025316}, {"source": 169, "target": 183, "weight": 0.011494}, {"source": 172, "target": 173, "weight": 0.022099}, {"source": 172, "target": 183, "weight": 0.010526}, {"source": 172, "target": 176, "weight": 0.006623}, {"source": 176, "target": 183, "weight": 0.032258}, {"source": 179, "target": 181, "weight": 0.008065}, {"source": 181, "target": 183, "weight": 0.004608}], "multigraph": false}