{"directed": false, "graph": {}, "nodes": [{"group": 0, "id": "sigmoid", "degree": 1}, {"group": 1, "id": "sightless"}, {"group": 2, "id": "silverware", "degree": 2}, {"group": 2, "id": "sickly", "degree": 5}, {"group": 1, "id": "sidetrack", "degree": 17}, {"group": 2, "id": "sinewy", "degree": 4}, {"group": 3, "id": "signalize", "degree": 32}, {"group": 4, "id": "sinusitis", "degree": 1}, {"group": 2, "id": "silk", "degree": 17}, {"group": 2, "id": "sightseer", "degree": 0}, {"group": 5, "id": "sinuous", "degree": 5}, {"group": 6, "id": "silencer", "degree": 2}, {"group": 7, "id": "sinew"}, {"group": 1, "id": "sinking", "degree": 30}, {"group": 7, "id": "silt"}, {"group": 7, "id": "sitting"}, {"group": 6, "id": "singe", "degree": 10}, {"group": 8, "id": "simplistic", "degree": 5}, {"group": 9, "id": "sissified", "degree": 10}, {"group": 3, "id": "singularity", "degree": 19}, {"group": 1, "id": "sinus", "degree": 13}, {"group": 1, "id": "sill"}, {"group": 2, "id": "silver", "degree": 27}, {"group": 9, "id": "silo", "degree": 1}, {"group": 3, "id": "singleness"}, {"group": 3, "id": "signal", "degree": 46}, {"group": 3, "id": "signalizing", "degree": 9}, {"group": 9, "id": "sissy", "degree": 6}, {"group": 1, "id": "sinker", "degree": 23}, {"group": 1, "id": "sidewalk", "degree": 2}, {"group": 1, "id": "side", "degree": 58}, {"group": 6, "id": "sifter", "degree": 3}, {"group": 1, "id": "silage"}, {"group": 3, "id": "signify", "degree": 28}, {"group": 6, "id": "sigh"}, {"group": 7, "id": "sidelight", "degree": 4}, {"group": 3, "id": "sign", "degree": 47}, {"group": 8, "id": "sidetracked"}, {"group": 5, "id": "simpatico", "degree": 3}, {"group": 7, "id": "situated", "degree": 8}, {"group": 2, "id": "silky"}, {"group": 8, "id": "singularly", "degree": 2}, {"group": 8, "id": "since"}, {"group": 6, "id": "simmer"}, {"group": 3, "id": "sixth"}, {"group": 7, "id": "situate"}, {"group": 9, "id": "simile"}, {"group": 1, "id": "simultaneously"}, {"group": 1, "id": "sideways", "degree": 13}, {"group": 6, "id": "sift"}, {"group": 1, "id": "sink"}, {"group": 7, "id": "situation"}, {"group": 10, "id": "similarity"}, {"group": 6, "id": "sing"}, {"group": 6, "id": "sieve"}, {"group": 9, "id": "sister"}, {"group": 11, "id": "siddur", "degree": 0}, {"group": 1, "id": "sideward"}, {"group": 9, "id": "simulation"}, {"group": 6, "id": "sizzling", "degree": 13}, {"group": 1, "id": "sicken", "degree": 8}, {"group": 9, "id": "simultaneous"}, {"group": 3, "id": "signature"}, {"group": 8, "id": "simpleton"}, {"group": 6, "id": "silence", "degree": 27}, {"group": 5, "id": "sightly", "degree": 3}, {"group": 8, "id": "singleton", "degree": 26}, {"group": 7, "id": "sire", "degree": 14}, {"group": 8, "id": "simple", "degree": 58}, {"group": 1, "id": "signboard"}, {"group": 8, "id": "simply"}, {"group": 6, "id": "singing", "degree": 6}, {"group": 7, "id": "size"}, {"group": 6, "id": "silent", "degree": 6}, {"group": 8, "id": "similarly"}, {"group": 7, "id": "simplification", "degree": 7}, {"group": 1, "id": "sidle"}, {"group": 5, "id": "sisterly"}, {"group": 10, "id": "sisterhood"}, {"group": 9, "id": "similitude"}, {"group": 6, "id": "sizzle", "degree": 18}, {"group": 3, "id": "sideswipe"}, {"group": 1, "id": "signpost"}, {"group": 5, "id": "sizable"}, {"group": 9, "id": "simulate", "degree": 16}, {"group": 2, "id": "singsong"}, {"group": 6, "id": "simper"}, {"group": 6, "id": "sibilate"}, {"group": 7, "id": "sifting"}, {"group": 7, "id": "signed"}, {"group": 1, "id": "siding", "degree": 25}, {"group": 8, "id": "silly"}, {"group": 8, "id": "simpleminded", "degree": 12}, {"group": 2, "id": "sizzler", "degree": 4}, {"group": 9, "id": "similar"}, {"group": 3, "id": "signet", "degree": 15}, {"group": 2, "id": "silken", "degree": 1}, {"group": 1, "id": "sinister"}, {"group": 7, "id": "sight", "degree": 44}, {"group": 1, "id": "sirloin"}, {"group": 1, "id": "sinful", "degree": 17}, {"group": 8, "id": "sincere", "degree": 19}, {"group": 1, "id": "sidestep"}, {"group": 7, "id": "site", "degree": 16}, {"group": 10, "id": "sibling", "degree": 9}, {"group": 8, "id": "single", "degree": 16}, {"group": 3, "id": "sincerity"}, {"group": 7, "id": "signification", "degree": 36}, {"group": 1, "id": "silviculture", "degree": 0}, {"group": 9, "id": "simulacrum", "degree": 30}, {"group": 3, "id": "siren"}, {"group": 3, "id": "sip"}, {"group": 9, "id": "silhouette"}, {"group": 7, "id": "sit", "degree": 11}, {"group": 2, "id": "silvery", "degree": 24}, {"group": 8, "id": "sic"}, {"group": 10, "id": "sib", "degree": 8}, {"group": 8, "id": "sick", "degree": 6}, {"group": 7, "id": "significance", "degree": 25}, {"group": 7, "id": "similarize"}, {"group": 1, "id": "simultaneity"}, {"group": 1, "id": "sin"}, {"group": 4, "id": "silicosis"}, {"group": 3, "id": "simplicity", "degree": 11}, {"group": 6, "id": "sibilation"}, {"group": 3, "id": "sickness", "degree": 7}, {"group": 8, "id": "singular"}, {"group": 1, "id": "sided"}, {"group": 1, "id": "siphoning"}, {"group": 1, "id": "siphon"}, {"group": 6, "id": "simplify", "degree": 7}, {"group": 1, "id": "sideline"}, {"group": 3, "id": "significant"}, {"group": 7, "id": "sickroom"}, {"group": 6, "id": "singer"}, {"group": 0, "id": "sidereal"}, {"group": 8, "id": "simpering", "degree": 0}, {"group": 1, "id": "sinistral", "degree": 17}, {"group": 9, "id": "sidekick", "degree": 5}, {"group": 1, "id": "sidelong"}, {"group": 1, "id": "sickening", "degree": 14}, {"group": 9, "id": "simulated", "degree": 15}, {"group": 1, "id": "sinner", "degree": 3}], "links": [{"source": 0, "target": 135, "weight": 0.047619}, {"source": 1, "target": 68, "weight": 0.003106}, {"source": 1, "target": 100, "weight": 0.009434}, {"source": 2, "target": 22, "weight": 0.027523}, {"source": 2, "target": 114, "weight": 0.012821}, {"source": 3, "target": 13, "weight": 0.016304}, {"source": 3, "target": 40, "weight": 0.008772}, {"source": 3, "target": 68, "weight": 0.013889}, {"source": 3, "target": 100, "weight": 0.006757}, {"source": 3, "target": 101, "weight": 0.005464}, {"source": 3, "target": 97, "weight": 0.005814}, {"source": 3, "target": 27, "weight": 0.008065}, {"source": 3, "target": 114, "weight": 0.055118}, {"source": 3, "target": 140, "weight": 0.016807}, {"source": 3, "target": 60, "weight": 0.009434}, {"source": 3, "target": 18, "weight": 0.037736}, {"source": 3, "target": 50, "weight": 0.002994}, {"source": 3, "target": 117, "weight": 0.062016}, {"source": 3, "target": 103, "weight": 0.007813}, {"source": 3, "target": 92, "weight": 0.009804}, {"source": 3, "target": 85, "weight": 0.009901}, {"source": 3, "target": 8, "weight": 0.007937}, {"source": 3, "target": 22, "weight": 0.04375}, {"source": 4, "target": 57, "weight": 0.0125}, {"source": 4, "target": 52, "weight": 0.011111}, {"source": 4, "target": 102, "weight": 0.101124}, {"source": 4, "target": 36, "weight": 0.007874}, {"source": 4, "target": 98, "weight": 0.004878}, {"source": 4, "target": 6, "weight": 0.009709}, {"source": 4, "target": 109, "weight": 0.005291}, {"source": 4, "target": 131, "weight": 0.024691}, {"source": 4, "target": 112, "weight": 0.011364}, {"source": 4, "target": 76, "weight": 0.055215}, {"source": 4, "target": 120, "weight": 0.014085}, {"source": 4, "target": 30, "weight": 0.041379}, {"source": 4, "target": 13, "weight": 0.006061}, {"source": 4, "target": 15, "weight": 0.009709}, {"source": 4, "target": 81, "weight": 0.022727}, {"source": 4, "target": 48, "weight": 0.014925}, {"source": 4, "target": 129, "weight": 0.013514}, {"source": 4, "target": 19, "weight": 0.007813}, {"source": 4, "target": 137, "weight": 0.016129}, {"source": 4, "target": 97, "weight": 0.006623}, {"source": 4, "target": 139, "weight": 0.011364}, {"source": 4, "target": 90, "weight": 0.238095}, {"source": 4, "target": 51, "weight": 0.006369}, {"source": 4, "target": 29, "weight": 0.016129}, {"source": 4, "target": 25, "weight": 0.010152}, {"source": 5, "target": 40, "weight": 0.041667}, {"source": 5, "target": 25, "weight": 0.009852}, {"source": 5, "target": 97, "weight": 0.006369}, {"source": 5, "target": 91, "weight": 0.007042}, {"source": 5, "target": 132, "weight": 0.006536}, {"source": 5, "target": 101, "weight": 0.005952}, {"source": 6, "target": 33, "weight": 0.234694}, {"source": 6, "target": 84, "weight": 0.009434}, {"source": 6, "target": 68, "weight": 0.002801}, {"source": 6, "target": 34, "weight": 0.005747}, {"source": 6, "target": 102, "weight": 0.009009}, {"source": 6, "target": 35, "weight": 0.010204}, {"source": 6, "target": 36, "weight": 0.093117}, {"source": 6, "target": 20, "weight": 0.010638}, {"source": 6, "target": 98, "weight": 0.032864}, {"source": 6, "target": 107, "weight": 0.008475}, {"source": 6, "target": 72, "weight": 0.005618}, {"source": 6, "target": 109, "weight": 0.004926}, {"source": 6, "target": 111, "weight": 0.007874}, {"source": 6, "target": 76, "weight": 0.01087}, {"source": 6, "target": 118, "weight": 0.007519}, {"source": 6, "target": 13, "weight": 0.005587}, {"source": 6, "target": 123, "weight": 0.006024}, {"source": 6, "target": 126, "weight": 0.011494}, {"source": 6, "target": 81, "weight": 0.029703}, {"source": 6, "target": 16, "weight": 0.010204}, {"source": 6, "target": 130, "weight": 0.025424}, {"source": 6, "target": 49, "weight": 0.006757}, {"source": 6, "target": 50, "weight": 0.006135}, {"source": 6, "target": 132, "weight": 0.025316}, {"source": 6, "target": 53, "weight": 0.010152}, {"source": 6, "target": 19, "weight": 0.007042}, {"source": 6, "target": 54, "weight": 0.00625}, {"source": 6, "target": 25, "weight": 0.109375}, {"source": 6, "target": 87, "weight": 0.007246}, {"source": 6, "target": 58, "weight": 0.007246}, {"source": 6, "target": 90, "weight": 0.006993}, {"source": 6, "target": 62, "weight": 0.021277}, {"source": 6, "target": 30, "weight": 0.003175}, {"source": 6, "target": 95, "weight": 0.014599}, {"source": 7, "target": 122, "weight": 0.088235}, {"source": 8, "target": 96, "weight": 0.0125}, {"source": 8, "target": 66, "weight": 0.01087}, {"source": 8, "target": 68, "weight": 0.002786}, {"source": 8, "target": 34, "weight": 0.011429}, {"source": 8, "target": 72, "weight": 0.016854}, {"source": 8, "target": 40, "weight": 0.018519}, {"source": 8, "target": 131, "weight": 0.010204}, {"source": 8, "target": 75, "weight": 0.011905}, {"source": 8, "target": 114, "weight": 0.007813}, {"source": 8, "target": 43, "weight": 0.014184}, {"source": 8, "target": 117, "weight": 0.007634}, {"source": 8, "target": 13, "weight": 0.005525}, {"source": 8, "target": 123, "weight": 0.011976}, {"source": 8, "target": 80, "weight": 0.007692}, {"source": 8, "target": 11, "weight": 0.014493}, {"source": 8, "target": 50, "weight": 0.006098}, {"source": 8, "target": 132, "weight": 0.006135}, {"source": 8, "target": 53, "weight": 0.005}, {"source": 8, "target": 54, "weight": 0.038217}, {"source": 8, "target": 22, "weight": 0.031847}, {"source": 8, "target": 87, "weight": 0.007143}, {"source": 8, "target": 88, "weight": 0.01087}, {"source": 9, "target": 93, "weight": 0.015873}, {"source": 9, "target": 138, "weight": 0.016393}, {"source": 10, "target": 65, "weight": 0.046512}, {"source": 10, "target": 137, "weight": 0.02381}, {"source": 10, "target": 97, "weight": 0.007634}, {"source": 10, "target": 30, "weight": 0.003559}, {"source": 10, "target": 139, "weight": 0.014706}, {"source": 11, "target": 130, "weight": 0.014286}, {"source": 11, "target": 73, "weight": 0.02}, {"source": 11, "target": 64, "weight": 0.04386}, {"source": 11, "target": 50, "weight": 0.00361}, {"source": 12, "target": 109, "weight": 0.005}, {"source": 12, "target": 98, "weight": 0.00463}, {"source": 12, "target": 67, "weight": 0.006757}, {"source": 12, "target": 28, "weight": 0.011364}, {"source": 12, "target": 118, "weight": 0.031496}, {"source": 12, "target": 107, "weight": 0.026549}, {"source": 12, "target": 30, "weight": 0.003205}, {"source": 12, "target": 95, "weight": 0.007407}, {"source": 13, "target": 57, "weight": 0.198473}, {"source": 13, "target": 33, "weight": 0.005495}, {"source": 13, "target": 68, "weight": 0.007194}, {"source": 13, "target": 100, "weight": 0.009901}, {"source": 13, "target": 102, "weight": 0.00578}, {"source": 13, "target": 103, "weight": 0.010989}, {"source": 13, "target": 36, "weight": 0.006061}, {"source": 13, "target": 107, "weight": 0.005556}, {"source": 13, "target": 39, "weight": 0.007576}, {"source": 13, "target": 113, "weight": 0.007299}, {"source": 13, "target": 42, "weight": 0.014493}, {"source": 13, "target": 76, "weight": 0.004049}, {"source": 13, "target": 117, "weight": 0.010526}, {"source": 13, "target": 118, "weight": 0.005128}, {"source": 13, "target": 119, "weight": 0.006944}, {"source": 13, "target": 45, "weight": 0.007407}, {"source": 13, "target": 121, "weight": 0.005236}, {"source": 13, "target": 123, "weight": 0.031532}, {"source": 13, "target": 14, "weight": 0.006667}, {"source": 13, "target": 48, "weight": 0.006993}, {"source": 13, "target": 128, "weight": 0.007576}, {"source": 13, "target": 17, "weight": 0.006897}, {"source": 13, "target": 50, "weight": 0.037234}, {"source": 13, "target": 20, "weight": 0.019481}, {"source": 13, "target": 25, "weight": 0.00365}, {"source": 13, "target": 97, "weight": 0.00885}, {"source": 13, "target": 139, "weight": 0.006098}, {"source": 13, "target": 140, "weight": 0.005714}, {"source": 13, "target": 60, "weight": 0.0125}, {"source": 13, "target": 90, "weight": 0.004878}, {"source": 13, "target": 91, "weight": 0.004717}, {"source": 13, "target": 95, "weight": 0.005}, {"source": 13, "target": 62, "weight": 0.011952}, {"source": 13, "target": 92, "weight": 0.006369}, {"source": 13, "target": 29, "weight": 0.007246}, {"source": 13, "target": 30, "weight": 0.005319}, {"source": 13, "target": 64, "weight": 0.004348}, {"source": 14, "target": 107, "weight": 0.011236}, {"source": 14, "target": 90, "weight": 0.008772}, {"source": 14, "target": 118, "weight": 0.009615}, {"source": 14, "target": 36, "weight": 0.004167}, {"source": 15, "target": 113, "weight": 0.013333}, {"source": 15, "target": 103, "weight": 0.008264}, {"source": 15, "target": 90, "weight": 0.006993}, {"source": 15, "target": 118, "weight": 0.022901}, {"source": 15, "target": 107, "weight": 0.008475}, {"source": 15, "target": 30, "weight": 0.006369}, {"source": 16, "target": 80, "weight": 0.037736}, {"source": 16, "target": 33, "weight": 0.009901}, {"source": 16, "target": 132, "weight": 0.007042}, {"source": 16, "target": 67, "weight": 0.007576}, {"source": 16, "target": 82, "weight": 0.015625}, {"source": 16, "target": 25, "weight": 0.005181}, {"source": 16, "target": 62, "weight": 0.011696}, {"source": 16, "target": 69, "weight": 0.019231}, {"source": 16, "target": 36, "weight": 0.008032}, {"source": 16, "target": 59, "weight": 0.011111}, {"source": 16, "target": 130, "weight": 0.009901}, {"source": 16, "target": 111, "weight": 0.009259}, {"source": 16, "target": 43, "weight": 0.070175}, {"source": 16, "target": 28, "weight": 0.013889}, {"source": 16, "target": 118, "weight": 0.008772}, {"source": 16, "target": 19, "weight": 0.033333}, {"source": 16, "target": 30, "weight": 0.003378}, {"source": 16, "target": 95, "weight": 0.016949}, {"source": 16, "target": 50, "weight": 0.003247}, {"source": 17, "target": 42, "weight": 0.023256}, {"source": 17, "target": 68, "weight": 0.009346}, {"source": 17, "target": 57, "weight": 0.016667}, {"source": 17, "target": 140, "weight": 0.012658}, {"source": 17, "target": 92, "weight": 0.033333}, {"source": 18, "target": 109, "weight": 0.005319}, {"source": 18, "target": 40, "weight": 0.044944}, {"source": 18, "target": 55, "weight": 0.009434}, {"source": 18, "target": 73, "weight": 0.011765}, {"source": 18, "target": 68, "weight": 0.008824}, {"source": 18, "target": 75, "weight": 0.014925}, {"source": 18, "target": 35, "weight": 0.012048}, {"source": 18, "target": 114, "weight": 0.009009}, {"source": 18, "target": 27, "weight": 0.320513}, {"source": 18, "target": 91, "weight": 0.022556}, {"source": 18, "target": 98, "weight": 0.004902}, {"source": 18, "target": 51, "weight": 0.00641}, {"source": 18, "target": 22, "weight": 0.006944}, {"source": 18, "target": 30, "weight": 0.003333}, {"source": 19, "target": 66, "weight": 0.017544}, {"source": 19, "target": 33, "weight": 0.013889}, {"source": 19, "target": 79, "weight": 0.005917}, {"source": 19, "target": 69, "weight": 0.010417}, {"source": 19, "target": 36, "weight": 0.057348}, {"source": 19, "target": 105, "weight": 0.012346}, {"source": 19, "target": 106, "weight": 0.007407}, {"source": 19, "target": 98, "weight": 0.016598}, {"source": 19, "target": 107, "weight": 0.006993}, {"source": 19, "target": 109, "weight": 0.026906}, {"source": 19, "target": 111, "weight": 0.026846}, {"source": 19, "target": 112, "weight": 0.024}, {"source": 19, "target": 126, "weight": 0.005}, {"source": 19, "target": 76, "weight": 0.004762}, {"source": 19, "target": 123, "weight": 0.109827}, {"source": 19, "target": 118, "weight": 0.006329}, {"source": 19, "target": 120, "weight": 0.009091}, {"source": 19, "target": 121, "weight": 0.006494}, {"source": 19, "target": 46, "weight": 0.008333}, {"source": 19, "target": 125, "weight": 0.03252}, {"source": 19, "target": 82, "weight": 0.009259}, {"source": 19, "target": 130, "weight": 0.006897}, {"source": 19, "target": 132, "weight": 0.016304}, {"source": 19, "target": 52, "weight": 0.007752}, {"source": 19, "target": 24, "weight": 0.17}, {"source": 19, "target": 25, "weight": 0.0625}, {"source": 19, "target": 58, "weight": 0.012346}, {"source": 19, "target": 28, "weight": 0.008621}, {"source": 19, "target": 62, "weight": 0.068966}, {"source": 19, "target": 51, "weight": 0.005102}, {"source": 19, "target": 30, "weight": 0.024024}, {"source": 19, "target": 95, "weight": 0.058065}, {"source": 20, "target": 123, "weight": 0.006993}, {"source": 20, "target": 54, "weight": 0.007299}, {"source": 20, "target": 25, "weight": 0.005291}, {"source": 20, "target": 103, "weight": 0.03125}, {"source": 20, "target": 36, "weight": 0.004065}, {"source": 20, "target": 76, "weight": 0.006173}, {"source": 20, "target": 50, "weight": 0.077739}, {"source": 20, "target": 28, "weight": 0.029851}, {"source": 20, "target": 51, "weight": 0.013605}, {"source": 20, "target": 95, "weight": 0.008696}, {"source": 20, "target": 142, "weight": 0.019608}, {"source": 21, "target": 113, "weight": 0.02439}, {"source": 21, "target": 68, "weight": 0.003096}, {"source": 21, "target": 100, "weight": 0.009346}, {"source": 21, "target": 137, "weight": 0.02381}, {"source": 21, "target": 103, "weight": 0.023256}, {"source": 21, "target": 36, "weight": 0.004255}, {"source": 21, "target": 140, "weight": 0.012658}, {"source": 21, "target": 105, "weight": 0.009615}, {"source": 21, "target": 90, "weight": 0.018519}, {"source": 21, "target": 98, "weight": 0.01087}, {"source": 21, "target": 30, "weight": 0.007143}, {"source": 21, "target": 64, "weight": 0.007463}, {"source": 22, "target": 68, "weight": 0.020408}, {"source": 22, "target": 101, "weight": 0.004587}, {"source": 22, "target": 69, "weight": 0.00885}, {"source": 22, "target": 36, "weight": 0.006452}, {"source": 22, "target": 109, "weight": 0.004082}, {"source": 22, "target": 40, "weight": 0.013514}, {"source": 22, "target": 110, "weight": 0.005263}, {"source": 22, "target": 73, "weight": 0.007042}, {"source": 22, "target": 114, "weight": 0.420168}, {"source": 22, "target": 43, "weight": 0.01105}, {"source": 22, "target": 96, "weight": 0.008333}, {"source": 22, "target": 82, "weight": 0.008}, {"source": 22, "target": 62, "weight": 0.012987}, {"source": 22, "target": 130, "weight": 0.006173}, {"source": 22, "target": 50, "weight": 0.00271}, {"source": 22, "target": 132, "weight": 0.004926}, {"source": 22, "target": 85, "weight": 0.022388}, {"source": 22, "target": 134, "weight": 0.007042}, {"source": 22, "target": 97, "weight": 0.009709}, {"source": 22, "target": 58, "weight": 0.005556}, {"source": 22, "target": 27, "weight": 0.006289}, {"source": 22, "target": 28, "weight": 0.007519}, {"source": 22, "target": 141, "weight": 0.006579}, {"source": 22, "target": 92, "weight": 0.007299}, {"source": 22, "target": 30, "weight": 0.002801}, {"source": 23, "target": 84, "weight": 0.018519}, {"source": 24, "target": 123, "weight": 0.165289}, {"source": 25, "target": 33, "weight": 0.028571}, {"source": 25, "target": 84, "weight": 0.004975}, {"source": 25, "target": 68, "weight": 0.002212}, {"source": 25, "target": 34, "weight": 0.003717}, {"source": 25, "target": 102, "weight": 0.004854}, {"source": 25, "target": 69, "weight": 0.006024}, {"source": 25, "target": 103, "weight": 0.00463}, {"source": 25, "target": 35, "weight": 0.005181}, {"source": 25, "target": 36, "weight": 0.280702}, {"source": 25, "target": 105, "weight": 0.017391}, {"source": 25, "target": 98, "weight": 0.019417}, {"source": 25, "target": 107, "weight": 0.014218}, {"source": 25, "target": 82, "weight": 0.005618}, {"source": 25, "target": 72, "weight": 0.003663}, {"source": 25, "target": 109, "weight": 0.020478}, {"source": 25, "target": 115, "weight": 0.006061}, {"source": 25, "target": 110, "weight": 0.020921}, {"source": 25, "target": 111, "weight": 0.037209}, {"source": 25, "target": 112, "weight": 0.010204}, {"source": 25, "target": 75, "weight": 0.00565}, {"source": 25, "target": 76, "weight": 0.010791}, {"source": 25, "target": 43, "weight": 0.004255}, {"source": 25, "target": 118, "weight": 0.013274}, {"source": 25, "target": 119, "weight": 0.00565}, {"source": 25, "target": 45, "weight": 0.005952}, {"source": 25, "target": 79, "weight": 0.021277}, {"source": 25, "target": 126, "weight": 0.042308}, {"source": 25, "target": 81, "weight": 0.015306}, {"source": 25, "target": 44, "weight": 0.005988}, {"source": 25, "target": 129, "weight": 0.016575}, {"source": 25, "target": 50, "weight": 0.007143}, {"source": 25, "target": 132, "weight": 0.044715}, {"source": 25, "target": 53, "weight": 0.006849}, {"source": 25, "target": 55, "weight": 0.009302}, {"source": 25, "target": 86, "weight": 0.006211}, {"source": 25, "target": 87, "weight": 0.004292}, {"source": 25, "target": 58, "weight": 0.004292}, {"source": 25, "target": 26, "weight": 0.011299}, {"source": 25, "target": 90, "weight": 0.012712}, {"source": 25, "target": 28, "weight": 0.005376}, {"source": 25, "target": 62, "weight": 0.103846}, {"source": 25, "target": 51, "weight": 0.011364}, {"source": 25, "target": 29, "weight": 0.005848}, {"source": 25, "target": 30, "weight": 0.017327}, {"source": 25, "target": 95, "weight": 0.030837}, {"source": 26, "target": 66, "weight": 0.017857}, {"source": 26, "target": 126, "weight": 0.021583}, {"source": 26, "target": 68, "weight": 0.003096}, {"source": 26, "target": 36, "weight": 0.008547}, {"source": 26, "target": 105, "weight": 0.029412}, {"source": 26, "target": 132, "weight": 0.230769}, {"source": 26, "target": 62, "weight": 0.006369}, {"source": 26, "target": 107, "weight": 0.011905}, {"source": 27, "target": 109, "weight": 0.009901}, {"source": 27, "target": 40, "weight": 0.009346}, {"source": 27, "target": 55, "weight": 0.12963}, {"source": 27, "target": 73, "weight": 0.01}, {"source": 27, "target": 67, "weight": 0.013333}, {"source": 27, "target": 68, "weight": 0.002801}, {"source": 27, "target": 138, "weight": 0.011905}, {"source": 27, "target": 114, "weight": 0.007937}, {"source": 27, "target": 79, "weight": 0.013986}, {"source": 28, "target": 99, "weight": 0.021277}, {"source": 28, "target": 102, "weight": 0.011765}, {"source": 28, "target": 69, "weight": 0.022222}, {"source": 28, "target": 103, "weight": 0.010526}, {"source": 28, "target": 36, "weight": 0.008264}, {"source": 28, "target": 107, "weight": 0.01087}, {"source": 28, "target": 82, "weight": 0.017544}, {"source": 28, "target": 72, "weight": 0.006579}, {"source": 28, "target": 110, "weight": 0.008197}, {"source": 28, "target": 111, "weight": 0.030303}, {"source": 28, "target": 114, "weight": 0.01}, {"source": 28, "target": 76, "weight": 0.019108}, {"source": 28, "target": 118, "weight": 0.009346}, {"source": 28, "target": 126, "weight": 0.006711}, {"source": 28, "target": 48, "weight": 0.018182}, {"source": 28, "target": 127, "weight": 0.025641}, {"source": 28, "target": 49, "weight": 0.008197}, {"source": 28, "target": 50, "weight": 0.016835}, {"source": 28, "target": 53, "weight": 0.005814}, {"source": 28, "target": 134, "weight": 0.013514}, {"source": 28, "target": 57, "weight": 0.014706}, {"source": 28, "target": 139, "weight": 0.013158}, {"source": 28, "target": 62, "weight": 0.006061}, {"source": 28, "target": 51, "weight": 0.013889}, {"source": 28, "target": 30, "weight": 0.013986}, {"source": 29, "target": 103, "weight": 0.0125}, {"source": 29, "target": 36, "weight": 0.004386}, {"source": 29, "target": 76, "weight": 0.006944}, {"source": 29, "target": 90, "weight": 0.009804}, {"source": 29, "target": 50, "weight": 0.007018}, {"source": 29, "target": 98, "weight": 0.005618}, {"source": 30, "target": 66, "weight": 0.01049}, {"source": 30, "target": 97, "weight": 0.028249}, {"source": 30, "target": 84, "weight": 0.003289}, {"source": 30, "target": 67, "weight": 0.008646}, {"source": 30, "target": 68, "weight": 0.009074}, {"source": 30, "target": 100, "weight": 0.00295}, {"source": 30, "target": 101, "weight": 0.008065}, {"source": 30, "target": 102, "weight": 0.043771}, {"source": 30, "target": 69, "weight": 0.011236}, {"source": 30, "target": 103, "weight": 0.009464}, {"source": 30, "target": 35, "weight": 0.003378}, {"source": 30, "target": 36, "weight": 0.017391}, {"source": 30, "target": 104, "weight": 0.007092}, {"source": 30, "target": 105, "weight": 0.00597}, {"source": 30, "target": 70, "weight": 0.003257}, {"source": 30, "target": 98, "weight": 0.055556}, {"source": 30, "target": 107, "weight": 0.006349}, {"source": 30, "target": 82, "weight": 0.010753}, {"source": 30, "target": 72, "weight": 0.00266}, {"source": 30, "target": 109, "weight": 0.089431}, {"source": 30, "target": 115, "weight": 0.003731}, {"source": 30, "target": 111, "weight": 0.009288}, {"source": 30, "target": 112, "weight": 0.02381}, {"source": 30, "target": 126, "weight": 0.008086}, {"source": 30, "target": 113, "weight": 0.003663}, {"source": 30, "target": 75, "weight": 0.003571}, {"source": 30, "target": 49, "weight": 0.005797}, {"source": 30, "target": 99, "weight": 0.00369}, {"source": 30, "target": 114, "weight": 0.003086}, {"source": 30, "target": 76, "weight": 0.052055}, {"source": 30, "target": 116, "weight": 0.007042}, {"source": 30, "target": 43, "weight": 0.005935}, {"source": 30, "target": 117, "weight": 0.006135}, {"source": 30, "target": 118, "weight": 0.009119}, {"source": 30, "target": 45, "weight": 0.007407}, {"source": 30, "target": 58, "weight": 0.021212}, {"source": 30, "target": 46, "weight": 0.006849}, {"source": 30, "target": 80, "weight": 0.012384}, {"source": 30, "target": 47, "weight": 0.003802}, {"source": 30, "target": 81, "weight": 0.010033}, {"source": 30, "target": 48, "weight": 0.029412}, {"source": 30, "target": 127, "weight": 0.003802}, {"source": 30, "target": 55, "weight": 0.009464}, {"source": 30, "target": 129, "weight": 0.003497}, {"source": 30, "target": 130, "weight": 0.003145}, {"source": 30, "target": 131, "weight": 0.092593}, {"source": 30, "target": 50, "weight": 0.009597}, {"source": 30, "target": 74, "weight": 0.003546}, {"source": 30, "target": 92, "weight": 0.003413}, {"source": 30, "target": 52, "weight": 0.01}, {"source": 30, "target": 54, "weight": 0.005602}, {"source": 30, "target": 79, "weight": 0.011799}, {"source": 30, "target": 134, "weight": 0.013559}, {"source": 30, "target": 78, "weight": 0.014235}, {"source": 30, "target": 57, "weight": 0.02807}, {"source": 30, "target": 88, "weight": 0.003472}, {"source": 30, "target": 139, "weight": 0.067376}, {"source": 30, "target": 59, "weight": 0.006536}, {"source": 30, "target": 90, "weight": 0.033233}, {"source": 30, "target": 91, "weight": 0.002874}, {"source": 30, "target": 95, "weight": 0.00597}, {"source": 30, "target": 62, "weight": 0.018277}, {"source": 30, "target": 51, "weight": 0.060172}, {"source": 30, "target": 137, "weight": 0.037736}, {"source": 30, "target": 87, "weight": 0.00597}, {"source": 30, "target": 142, "weight": 0.003676}, {"source": 31, "target": 49, "weight": 0.050505}, {"source": 31, "target": 54, "weight": 0.126214}, {"source": 31, "target": 64, "weight": 0.00813}, {"source": 31, "target": 72, "weight": 0.022901}, {"source": 32, "target": 90, "weight": 0.009524}, {"source": 33, "target": 84, "weight": 0.009174}, {"source": 33, "target": 68, "weight": 0.005571}, {"source": 33, "target": 34, "weight": 0.00565}, {"source": 33, "target": 35, "weight": 0.030303}, {"source": 33, "target": 36, "weight": 0.038023}, {"source": 33, "target": 98, "weight": 0.013636}, {"source": 33, "target": 107, "weight": 0.02521}, {"source": 33, "target": 39, "weight": 0.013699}, {"source": 33, "target": 72, "weight": 0.005525}, {"source": 33, "target": 109, "weight": 0.004854}, {"source": 33, "target": 111, "weight": 0.007692}, {"source": 33, "target": 113, "weight": 0.012821}, {"source": 33, "target": 118, "weight": 0.022388}, {"source": 33, "target": 119, "weight": 0.02381}, {"source": 33, "target": 45, "weight": 0.040541}, {"source": 33, "target": 126, "weight": 0.005618}, {"source": 33, "target": 44, "weight": 0.013333}, {"source": 33, "target": 130, "weight": 0.024793}, {"source": 33, "target": 49, "weight": 0.027027}, {"source": 33, "target": 50, "weight": 0.006079}, {"source": 33, "target": 132, "weight": 0.024845}, {"source": 33, "target": 53, "weight": 0.004975}, {"source": 33, "target": 54, "weight": 0.012346}, {"source": 33, "target": 134, "weight": 0.009709}, {"source": 33, "target": 87, "weight": 0.007092}, {"source": 33, "target": 58, "weight": 0.007092}, {"source": 33, "target": 62, "weight": 0.010363}, {"source": 33, "target": 51, "weight": 0.011561}, {"source": 33, "target": 95, "weight": 0.014286}, {"source": 34, "target": 80, "weight": 0.081395}, {"source": 34, "target": 36, "weight": 0.003067}, {"source": 34, "target": 59, "weight": 0.091503}, {"source": 34, "target": 118, "weight": 0.005263}, {"source": 34, "target": 107, "weight": 0.005714}, {"source": 34, "target": 71, "weight": 0.00625}, {"source": 35, "target": 109, "weight": 0.005435}, {"source": 35, "target": 132, "weight": 0.007042}, {"source": 35, "target": 68, "weight": 0.002959}, {"source": 35, "target": 75, "weight": 0.04918}, {"source": 35, "target": 36, "weight": 0.02449}, {"source": 35, "target": 91, "weight": 0.007634}, {"source": 35, "target": 98, "weight": 0.015152}, {"source": 35, "target": 118, "weight": 0.008772}, {"source": 35, "target": 107, "weight": 0.010101}, {"source": 35, "target": 51, "weight": 0.006579}, {"source": 36, "target": 66, "weight": 0.004132}, {"source": 36, "target": 97, "weight": 0.003155}, {"source": 36, "target": 84, "weight": 0.011719}, {"source": 36, "target": 79, "weight": 0.05694}, {"source": 36, "target": 102, "weight": 0.003802}, {"source": 36, "target": 69, "weight": 0.009009}, {"source": 36, "target": 105, "weight": 0.003448}, {"source": 36, "target": 98, "weight": 0.021978}, {"source": 36, "target": 107, "weight": 0.014981}, {"source": 36, "target": 82, "weight": 0.008547}, {"source": 36, "target": 72, "weight": 0.00303}, {"source": 36, "target": 109, "weight": 0.053254}, {"source": 36, "target": 115, "weight": 0.004505}, {"source": 36, "target": 110, "weight": 0.010067}, {"source": 36, "target": 111, "weight": 0.029412}, {"source": 36, "target": 112, "weight": 0.015936}, {"source": 36, "target": 42, "weight": 0.004367}, {"source": 36, "target": 114, "weight": 0.003597}, {"source": 36, "target": 76, "weight": 0.008955}, {"source": 36, "target": 43, "weight": 0.003425}, {"source": 36, "target": 118, "weight": 0.017794}, {"source": 36, "target": 119, "weight": 0.004274}, {"source": 36, "target": 46, "weight": 0.016393}, {"source": 36, "target": 126, "weight": 0.006135}, {"source": 36, "target": 81, "weight": 0.011858}, {"source": 36, "target": 44, "weight": 0.008969}, {"source": 36, "target": 62, "weight": 0.158249}, {"source": 36, "target": 134, "weight": 0.003968}, {"source": 36, "target": 132, "weight": 0.022801}, {"source": 36, "target": 52, "weight": 0.01581}, {"source": 36, "target": 53, "weight": 0.002857}, {"source": 36, "target": 55, "weight": 0.01107}, {"source": 36, "target": 57, "weight": 0.004065}, {"source": 36, "target": 58, "weight": 0.017483}, {"source": 36, "target": 90, "weight": 0.006803}, {"source": 36, "target": 95, "weight": 0.050542}, {"source": 36, "target": 141, "weight": 0.027344}, {"source": 36, "target": 63, "weight": 0.004444}, {"source": 36, "target": 51, "weight": 0.006211}, {"source": 36, "target": 94, "weight": 0.025641}, {"source": 36, "target": 87, "weight": 0.003448}, {"source": 36, "target": 50, "weight": 0.012658}, {"source": 37, "target": 101, "weight": 0.007407}, {"source": 38, "target": 68, "weight": 0.00639}, {"source": 38, "target": 77, "weight": 0.882353}, {"source": 38, "target": 65, "weight": 0.028571}, {"source": 38, "target": 116, "weight": 0.022727}, {"source": 38, "target": 114, "weight": 0.02439}, {"source": 39, "target": 113, "weight": 0.035714}, {"source": 39, "target": 126, "weight": 0.007813}, {"source": 39, "target": 89, "weight": 0.025}, {"source": 39, "target": 50, "weight": 0.003571}, {"source": 39, "target": 119, "weight": 0.028571}, {"source": 39, "target": 45, "weight": 0.038462}, {"source": 40, "target": 96, "weight": 0.38}, {"source": 40, "target": 68, "weight": 0.017544}, {"source": 40, "target": 130, "weight": 0.009091}, {"source": 41, "target": 70, "weight": 0.010989}, {"source": 41, "target": 126, "weight": 0.006369}, {"source": 42, "target": 68, "weight": 0.003155}, {"source": 42, "target": 141, "weight": 0.014286}, {"source": 42, "target": 92, "weight": 0.018182}, {"source": 43, "target": 66, "weight": 0.00885}, {"source": 43, "target": 80, "weight": 0.151515}, {"source": 43, "target": 67, "weight": 0.011561}, {"source": 43, "target": 59, "weight": 0.031008}, {"source": 43, "target": 130, "weight": 0.006993}, {"source": 43, "target": 84, "weight": 0.007752}, {"source": 43, "target": 64, "weight": 0.021277}, {"source": 44, "target": 118, "weight": 0.011364}, {"source": 44, "target": 95, "weight": 0.010753}, {"source": 45, "target": 113, "weight": 0.032258}, {"source": 45, "target": 103, "weight": 0.068493}, {"source": 45, "target": 98, "weight": 0.017341}, {"source": 46, "target": 109, "weight": 0.034091}, {"source": 46, "target": 123, "weight": 0.006944}, {"source": 46, "target": 141, "weight": 0.011364}, {"source": 46, "target": 84, "weight": 0.011905}, {"source": 46, "target": 118, "weight": 0.009009}, {"source": 46, "target": 107, "weight": 0.010417}, {"source": 48, "target": 76, "weight": 0.013514}, {"source": 48, "target": 97, "weight": 0.015625}, {"source": 48, "target": 98, "weight": 0.005464}, {"source": 48, "target": 137, "weight": 0.051282}, {"source": 48, "target": 57, "weight": 0.156863}, {"source": 48, "target": 102, "weight": 0.027027}, {"source": 48, "target": 139, "weight": 0.240741}, {"source": 48, "target": 127, "weight": 0.034483}, {"source": 48, "target": 90, "weight": 0.009346}, {"source": 48, "target": 131, "weight": 0.016667}, {"source": 48, "target": 62, "weight": 0.006452}, {"source": 48, "target": 51, "weight": 0.007407}, {"source": 48, "target": 109, "weight": 0.005988}, {"source": 48, "target": 95, "weight": 0.009804}, {"source": 49, "target": 68, "weight": 0.002577}, {"source": 49, "target": 100, "weight": 0.005814}, {"source": 49, "target": 140, "weight": 0.006944}, {"source": 49, "target": 130, "weight": 0.027027}, {"source": 49, "target": 105, "weight": 0.005917}, {"source": 49, "target": 98, "weight": 0.008032}, {"source": 49, "target": 75, "weight": 0.00885}, {"source": 49, "target": 64, "weight": 0.010101}, {"source": 50, "target": 66, "weight": 0.003333}, {"source": 50, "target": 67, "weight": 0.00277}, {"source": 50, "target": 68, "weight": 0.001764}, {"source": 50, "target": 103, "weight": 0.015291}, {"source": 50, "target": 105, "weight": 0.002874}, {"source": 50, "target": 98, "weight": 0.002331}, {"source": 50, "target": 107, "weight": 0.003049}, {"source": 50, "target": 113, "weight": 0.007042}, {"source": 50, "target": 114, "weight": 0.002976}, {"source": 50, "target": 117, "weight": 0.011905}, {"source": 50, "target": 118, "weight": 0.002915}, {"source": 50, "target": 123, "weight": 0.005333}, {"source": 50, "target": 80, "weight": 0.01194}, {"source": 50, "target": 84, "weight": 0.003165}, {"source": 50, "target": 130, "weight": 0.024768}, {"source": 50, "target": 59, "weight": 0.003135}, {"source": 50, "target": 60, "weight": 0.033333}, {"source": 50, "target": 90, "weight": 0.005682}, {"source": 50, "target": 95, "weight": 0.005764}, {"source": 50, "target": 141, "weight": 0.003125}, {"source": 50, "target": 64, "weight": 0.0271}, {"source": 51, "target": 66, "weight": 0.006944}, {"source": 51, "target": 68, "weight": 0.002433}, {"source": 51, "target": 100, "weight": 0.005128}, {"source": 51, "target": 103, "weight": 0.142857}, {"source": 51, "target": 105, "weight": 0.005208}, {"source": 51, "target": 98, "weight": 0.087302}, {"source": 51, "target": 107, "weight": 0.017647}, {"source": 51, "target": 109, "weight": 0.040323}, {"source": 51, "target": 113, "weight": 0.007752}, {"source": 51, "target": 75, "weight": 0.007353}, {"source": 51, "target": 118, "weight": 0.005348}, {"source": 51, "target": 125, "weight": 0.006452}, {"source": 51, "target": 137, "weight": 0.007692}, {"source": 51, "target": 140, "weight": 0.005988}, {"source": 51, "target": 90, "weight": 0.010204}, {"source": 52, "target": 109, "weight": 0.02139}, {"source": 52, "target": 123, "weight": 0.013158}, {"source": 52, "target": 116, "weight": 0.013514}, {"source": 52, "target": 104, "weight": 0.013889}, {"source": 52, "target": 90, "weight": 0.007692}, {"source": 52, "target": 84, "weight": 0.010753}, {"source": 53, "target": 80, "weight": 0.029412}, {"source": 53, "target": 84, "weight": 0.005348}, {"source": 53, "target": 90, "weight": 0.008969}, {"source": 53, "target": 59, "weight": 0.032432}, {"source": 53, "target": 71, "weight": 0.016484}, {"source": 54, "target": 59, "weight": 0.006579}, {"source": 54, "target": 80, "weight": 0.005848}, {"source": 54, "target": 68, "weight": 0.0025}, {"source": 54, "target": 105, "weight": 0.005525}, {"source": 54, "target": 140, "weight": 0.00641}, {"source": 54, "target": 130, "weight": 0.025}, {"source": 54, "target": 98, "weight": 0.003817}, {"source": 54, "target": 100, "weight": 0.005435}, {"source": 54, "target": 64, "weight": 0.004739}, {"source": 55, "target": 109, "weight": 0.149171}, {"source": 55, "target": 67, "weight": 0.012987}, {"source": 55, "target": 138, "weight": 0.072289}, {"source": 55, "target": 104, "weight": 0.011236}, {"source": 55, "target": 116, "weight": 0.010989}, {"source": 55, "target": 95, "weight": 0.007042}, {"source": 55, "target": 84, "weight": 0.009091}, {"source": 55, "target": 141, "weight": 0.008772}, {"source": 55, "target": 105, "weight": 0.007042}, {"source": 57, "target": 109, "weight": 0.005556}, {"source": 57, "target": 68, "weight": 0.002994}, {"source": 57, "target": 137, "weight": 0.038462}, {"source": 57, "target": 98, "weight": 0.005102}, {"source": 57, "target": 92, "weight": 0.013889}, {"source": 57, "target": 64, "weight": 0.006897}, {"source": 58, "target": 109, "weight": 0.25}, {"source": 58, "target": 123, "weight": 0.005348}, {"source": 58, "target": 84, "weight": 0.024}, {"source": 58, "target": 113, "weight": 0.010417}, {"source": 58, "target": 68, "weight": 0.005305}, {"source": 58, "target": 118, "weight": 0.006494}, {"source": 58, "target": 114, "weight": 0.006803}, {"source": 58, "target": 130, "weight": 0.007092}, {"source": 58, "target": 95, "weight": 0.006289}, {"source": 58, "target": 98, "weight": 0.021186}, {"source": 58, "target": 141, "weight": 0.023256}, {"source": 58, "target": 107, "weight": 0.014493}, {"source": 58, "target": 92, "weight": 0.008621}, {"source": 58, "target": 101, "weight": 0.005076}, {"source": 59, "target": 109, "weight": 0.005128}, {"source": 59, "target": 124, "weight": 0.032787}, {"source": 59, "target": 80, "weight": 0.344444}, {"source": 59, "target": 101, "weight": 0.018072}, {"source": 59, "target": 87, "weight": 0.284314}, {"source": 59, "target": 110, "weight": 0.014388}, {"source": 59, "target": 130, "weight": 0.008929}, {"source": 59, "target": 111, "weight": 0.008403}, {"source": 59, "target": 64, "weight": 0.025478}, {"source": 60, "target": 97, "weight": 0.006803}, {"source": 60, "target": 117, "weight": 0.009009}, {"source": 60, "target": 67, "weight": 0.007519}, {"source": 60, "target": 81, "weight": 0.011765}, {"source": 60, "target": 100, "weight": 0.00813}, {"source": 60, "target": 125, "weight": 0.012048}, {"source": 60, "target": 130, "weight": 0.009804}, {"source": 60, "target": 84, "weight": 0.011364}, {"source": 60, "target": 121, "weight": 0.009009}, {"source": 60, "target": 64, "weight": 0.006667}, {"source": 61, "target": 109, "weight": 0.017544}, {"source": 61, "target": 104, "weight": 0.018182}, {"source": 61, "target": 138, "weight": 0.018519}, {"source": 61, "target": 84, "weight": 0.013158}, {"source": 61, "target": 116, "weight": 0.017544}, {"source": 62, "target": 66, "weight": 0.01227}, {"source": 62, "target": 105, "weight": 0.009479}, {"source": 62, "target": 98, "weight": 0.006849}, {"source": 62, "target": 107, "weight": 0.010471}, {"source": 62, "target": 109, "weight": 0.014599}, {"source": 62, "target": 113, "weight": 0.006711}, {"source": 62, "target": 114, "weight": 0.005}, {"source": 62, "target": 118, "weight": 0.019608}, {"source": 62, "target": 90, "weight": 0.004608}, {"source": 62, "target": 95, "weight": 0.17033}, {"source": 63, "target": 109, "weight": 0.006289}, {"source": 63, "target": 66, "weight": 0.021739}, {"source": 63, "target": 68, "weight": 0.009646}, {"source": 63, "target": 101, "weight": 0.007576}, {"source": 63, "target": 117, "weight": 0.011765}, {"source": 63, "target": 141, "weight": 0.015152}, {"source": 63, "target": 92, "weight": 0.019608}, {"source": 64, "target": 66, "weight": 0.007092}, {"source": 64, "target": 87, "weight": 0.021505}, {"source": 64, "target": 68, "weight": 0.002451}, {"source": 64, "target": 102, "weight": 0.006173}, {"source": 64, "target": 103, "weight": 0.005814}, {"source": 64, "target": 72, "weight": 0.004367}, {"source": 64, "target": 111, "weight": 0.005618}, {"source": 64, "target": 73, "weight": 0.020134}, {"source": 64, "target": 113, "weight": 0.007937}, {"source": 64, "target": 76, "weight": 0.012821}, {"source": 64, "target": 117, "weight": 0.005556}, {"source": 64, "target": 121, "weight": 0.005556}, {"source": 64, "target": 123, "weight": 0.004608}, {"source": 64, "target": 80, "weight": 0.022727}, {"source": 64, "target": 81, "weight": 0.006494}, {"source": 64, "target": 130, "weight": 0.011765}, {"source": 64, "target": 90, "weight": 0.005155}, {"source": 65, "target": 83, "weight": 0.015385}, {"source": 65, "target": 68, "weight": 0.003145}, {"source": 65, "target": 114, "weight": 0.011494}, {"source": 65, "target": 77, "weight": 0.028571}, {"source": 65, "target": 91, "weight": 0.009009}, {"source": 66, "target": 99, "weight": 0.021739}, {"source": 66, "target": 68, "weight": 0.009146}, {"source": 66, "target": 101, "weight": 0.013514}, {"source": 66, "target": 69, "weight": 0.022727}, {"source": 66, "target": 103, "weight": 0.010638}, {"source": 66, "target": 105, "weight": 0.108911}, {"source": 66, "target": 98, "weight": 0.005208}, {"source": 66, "target": 107, "weight": 0.010989}, {"source": 66, "target": 109, "weight": 0.005682}, {"source": 66, "target": 111, "weight": 0.01}, {"source": 66, "target": 74, "weight": 0.017544}, {"source": 66, "target": 115, "weight": 0.023256}, {"source": 66, "target": 118, "weight": 0.009434}, {"source": 66, "target": 126, "weight": 0.013605}, {"source": 66, "target": 82, "weight": 0.017857}, {"source": 66, "target": 132, "weight": 0.007463}, {"source": 66, "target": 138, "weight": 0.017544}, {"source": 66, "target": 90, "weight": 0.008621}, {"source": 66, "target": 95, "weight": 0.009009}, {"source": 66, "target": 141, "weight": 0.012048}, {"source": 67, "target": 109, "weight": 0.004219}, {"source": 67, "target": 113, "weight": 0.028037}, {"source": 67, "target": 134, "weight": 0.007463}, {"source": 67, "target": 84, "weight": 0.007143}, {"source": 67, "target": 118, "weight": 0.005988}, {"source": 67, "target": 107, "weight": 0.006579}, {"source": 67, "target": 72, "weight": 0.004717}, {"source": 68, "target": 97, "weight": 0.002469}, {"source": 68, "target": 98, "weight": 0.002179}, {"source": 68, "target": 99, "weight": 0.003195}, {"source": 68, "target": 100, "weight": 0.002625}, {"source": 68, "target": 101, "weight": 0.184659}, {"source": 68, "target": 116, "weight": 0.003058}, {"source": 68, "target": 105, "weight": 0.124629}, {"source": 68, "target": 70, "weight": 0.002865}, {"source": 68, "target": 71, "weight": 0.002915}, {"source": 68, "target": 83, "weight": 0.002907}, {"source": 68, "target": 109, "weight": 0.006803}, {"source": 68, "target": 130, "weight": 0.005571}, {"source": 68, "target": 112, "weight": 0.002924}, {"source": 68, "target": 73, "weight": 0.011869}, {"source": 68, "target": 113, "weight": 0.003175}, {"source": 68, "target": 75, "weight": 0.003106}, {"source": 68, "target": 114, "weight": 0.019444}, {"source": 68, "target": 76, "weight": 0.002353}, {"source": 68, "target": 77, "weight": 0.00639}, {"source": 68, "target": 117, "weight": 0.005435}, {"source": 68, "target": 96, "weight": 0.006309}, {"source": 68, "target": 84, "weight": 0.00289}, {"source": 68, "target": 126, "weight": 0.069409}, {"source": 68, "target": 111, "weight": 0.002725}, {"source": 68, "target": 132, "weight": 0.007519}, {"source": 68, "target": 92, "weight": 0.12}, {"source": 68, "target": 85, "weight": 0.006006}, {"source": 68, "target": 136, "weight": 0.003236}, {"source": 68, "target": 91, "weight": 0.034392}, {"source": 68, "target": 74, "weight": 0.003086}, {"source": 68, "target": 141, "weight": 0.002857}, {"source": 68, "target": 94, "weight": 0.003058}, {"source": 69, "target": 90, "weight": 0.010309}, {"source": 69, "target": 95, "weight": 0.01087}, {"source": 69, "target": 114, "weight": 0.0125}, {"source": 70, "target": 105, "weight": 0.007692}, {"source": 71, "target": 134, "weight": 0.048193}, {"source": 71, "target": 86, "weight": 0.019231}, {"source": 71, "target": 87, "weight": 0.008065}, {"source": 71, "target": 124, "weight": 0.017857}, {"source": 71, "target": 118, "weight": 0.008403}, {"source": 71, "target": 107, "weight": 0.009615}, {"source": 72, "target": 109, "weight": 0.007605}, {"source": 72, "target": 100, "weight": 0.00495}, {"source": 72, "target": 103, "weight": 0.01105}, {"source": 72, "target": 140, "weight": 0.005747}, {"source": 72, "target": 84, "weight": 0.005988}, {"source": 72, "target": 95, "weight": 0.010101}, {"source": 72, "target": 98, "weight": 0.021818}, {"source": 72, "target": 118, "weight": 0.026316}, {"source": 72, "target": 107, "weight": 0.022727}, {"source": 73, "target": 101, "weight": 0.006289}, {"source": 73, "target": 114, "weight": 0.009174}, {"source": 73, "target": 91, "weight": 0.007519}, {"source": 73, "target": 94, "weight": 0.014286}, {"source": 74, "target": 109, "weight": 0.005882}, {"source": 74, "target": 105, "weight": 0.019231}, {"source": 74, "target": 141, "weight": 0.012987}, {"source": 75, "target": 109, "weight": 0.005952}, {"source": 75, "target": 123, "weight": 0.007634}, {"source": 75, "target": 88, "weight": 0.076923}, {"source": 75, "target": 91, "weight": 0.008696}, {"source": 75, "target": 98, "weight": 0.010929}, {"source": 76, "target": 109, "weight": 0.007407}, {"source": 76, "target": 80, "weight": 0.005102}, {"source": 76, "target": 84, "weight": 0.005747}, {"source": 76, "target": 137, "weight": 0.006944}, {"source": 76, "target": 103, "weight": 0.005291}, {"source": 76, "target": 90, "weight": 0.014354}, {"source": 76, "target": 95, "weight": 0.014706}, {"source": 76, "target": 98, "weight": 0.006993}, {"source": 77, "target": 116, "weight": 0.022727}, {"source": 77, "target": 114, "weight": 0.02439}, {"source": 78, "target": 107, "weight": 0.011494}, {"source": 78, "target": 104, "weight": 0.057692}, {"source": 78, "target": 118, "weight": 0.009804}, {"source": 78, "target": 116, "weight": 0.055556}, {"source": 79, "target": 109, "weight": 0.305085}, {"source": 79, "target": 123, "weight": 0.005181}, {"source": 79, "target": 118, "weight": 0.00625}, {"source": 79, "target": 116, "weight": 0.008772}, {"source": 79, "target": 138, "weight": 0.037037}, {"source": 79, "target": 104, "weight": 0.008929}, {"source": 79, "target": 84, "weight": 0.046875}, {"source": 79, "target": 98, "weight": 0.004065}, {"source": 79, "target": 141, "weight": 0.037594}, {"source": 79, "target": 107, "weight": 0.006897}, {"source": 79, "target": 95, "weight": 0.006061}, {"source": 80, "target": 109, "weight": 0.004673}, {"source": 80, "target": 124, "weight": 0.025}, {"source": 80, "target": 81, "weight": 0.017699}, {"source": 80, "target": 87, "weight": 0.239669}, {"source": 80, "target": 110, "weight": 0.006289}, {"source": 80, "target": 130, "weight": 0.007634}, {"source": 80, "target": 111, "weight": 0.014599}, {"source": 80, "target": 98, "weight": 0.008734}, {"source": 81, "target": 113, "weight": 0.016393}, {"source": 81, "target": 100, "weight": 0.007874}, {"source": 81, "target": 118, "weight": 0.008403}, {"source": 81, "target": 140, "weight": 0.010101}, {"source": 81, "target": 95, "weight": 0.008065}, {"source": 81, "target": 98, "weight": 0.009804}, {"source": 81, "target": 107, "weight": 0.009615}, {"source": 81, "target": 93, "weight": 0.013889}, {"source": 82, "target": 90, "weight": 0.018519}, {"source": 82, "target": 95, "weight": 0.009615}, {"source": 82, "target": 114, "weight": 0.01087}, {"source": 83, "target": 101, "weight": 0.006135}, {"source": 83, "target": 98, "weight": 0.004854}, {"source": 83, "target": 100, "weight": 0.007813}, {"source": 84, "target": 101, "weight": 0.006061}, {"source": 84, "target": 105, "weight": 0.007874}, {"source": 84, "target": 109, "weight": 0.043243}, {"source": 84, "target": 112, "weight": 0.010989}, {"source": 84, "target": 119, "weight": 0.014085}, {"source": 84, "target": 126, "weight": 0.006098}, {"source": 84, "target": 137, "weight": 0.015385}, {"source": 84, "target": 97, "weight": 0.006494}, {"source": 84, "target": 141, "weight": 0.041667}, {"source": 84, "target": 92, "weight": 0.011905}, {"source": 84, "target": 94, "weight": 0.084507}, {"source": 85, "target": 114, "weight": 0.029703}, {"source": 85, "target": 92, "weight": 0.013889}, {"source": 85, "target": 93, "weight": 0.015873}, {"source": 86, "target": 90, "weight": 0.01087}, {"source": 87, "target": 109, "weight": 0.004464}, {"source": 88, "target": 123, "weight": 0.007194}, {"source": 88, "target": 103, "weight": 0.010638}, {"source": 88, "target": 98, "weight": 0.005208}, {"source": 88, "target": 107, "weight": 0.022222}, {"source": 90, "target": 99, "weight": 0.010101}, {"source": 90, "target": 102, "weight": 0.007299}, {"source": 90, "target": 98, "weight": 0.004082}, {"source": 90, "target": 108, "weight": 0.019231}, {"source": 90, "target": 131, "weight": 0.051282}, {"source": 90, "target": 112, "weight": 0.015748}, {"source": 90, "target": 126, "weight": 0.004975}, {"source": 90, "target": 120, "weight": 0.009009}, {"source": 90, "target": 124, "weight": 0.010417}, {"source": 90, "target": 129, "weight": 0.008772}, {"source": 90, "target": 139, "weight": 0.007813}, {"source": 90, "target": 95, "weight": 0.006098}, {"source": 91, "target": 109, "weight": 0.004237}, {"source": 91, "target": 98, "weight": 0.003968}, {"source": 91, "target": 117, "weight": 0.044872}, {"source": 91, "target": 92, "weight": 0.032}, {"source": 92, "target": 109, "weight": 0.005525}, {"source": 92, "target": 117, "weight": 0.018868}, {"source": 92, "target": 126, "weight": 0.006536}, {"source": 92, "target": 113, "weight": 0.018868}, {"source": 92, "target": 101, "weight": 0.174242}, {"source": 92, "target": 114, "weight": 0.009615}, {"source": 92, "target": 105, "weight": 0.017391}, {"source": 93, "target": 110, "weight": 0.008547}, {"source": 94, "target": 109, "weight": 0.054545}, {"source": 94, "target": 116, "weight": 0.035714}, {"source": 94, "target": 137, "weight": 0.021739}, {"source": 94, "target": 104, "weight": 0.037037}, {"source": 94, "target": 105, "weight": 0.009259}, {"source": 94, "target": 141, "weight": 0.173913}, {"source": 95, "target": 99, "weight": 0.010638}, {"source": 95, "target": 98, "weight": 0.008368}, {"source": 95, "target": 109, "weight": 0.008969}, {"source": 95, "target": 118, "weight": 0.006494}, {"source": 95, "target": 132, "weight": 0.01105}, {"source": 97, "target": 100, "weight": 0.12426}, {"source": 97, "target": 98, "weight": 0.003745}, {"source": 97, "target": 109, "weight": 0.003984}, {"source": 97, "target": 114, "weight": 0.011561}, {"source": 97, "target": 117, "weight": 0.017143}, {"source": 97, "target": 123, "weight": 0.004673}, {"source": 97, "target": 125, "weight": 0.006711}, {"source": 97, "target": 137, "weight": 0.157407}, {"source": 97, "target": 140, "weight": 0.0125}, {"source": 97, "target": 142, "weight": 0.008197}, {"source": 98, "target": 123, "weight": 0.007491}, {"source": 98, "target": 102, "weight": 0.004695}, {"source": 98, "target": 103, "weight": 0.032258}, {"source": 98, "target": 107, "weight": 0.013761}, {"source": 98, "target": 109, "weight": 0.044369}, {"source": 98, "target": 110, "weight": 0.008032}, {"source": 98, "target": 111, "weight": 0.03139}, {"source": 98, "target": 112, "weight": 0.004902}, {"source": 98, "target": 113, "weight": 0.00565}, {"source": 98, "target": 118, "weight": 0.012876}, {"source": 98, "target": 130, "weight": 0.004505}, {"source": 98, "target": 131, "weight": 0.005051}, {"source": 98, "target": 139, "weight": 0.009852}, {"source": 98, "target": 137, "weight": 0.005618}, {"source": 99, "target": 101, "weight": 0.007576}, {"source": 100, "target": 125, "weight": 0.008}, {"source": 100, "target": 117, "weight": 0.026667}, {"source": 100, "target": 121, "weight": 0.026667}, {"source": 100, "target": 126, "weight": 0.005025}, {"source": 100, "target": 137, "weight": 0.01}, {"source": 100, "target": 139, "weight": 0.007937}, {"source": 100, "target": 140, "weight": 0.061538}, {"source": 100, "target": 142, "weight": 0.020619}, {"source": 101, "target": 105, "weight": 0.015385}, {"source": 101, "target": 109, "weight": 0.003817}, {"source": 101, "target": 111, "weight": 0.005376}, {"source": 101, "target": 113, "weight": 0.007463}, {"source": 101, "target": 115, "weight": 0.007752}, {"source": 101, "target": 119, "weight": 0.007092}, {"source": 101, "target": 126, "weight": 0.008584}, {"source": 101, "target": 132, "weight": 0.009132}, {"source": 102, "target": 109, "weight": 0.005076}, {"source": 102, "target": 137, "weight": 0.014286}, {"source": 103, "target": 105, "weight": 0.007042}, {"source": 103, "target": 107, "weight": 0.008197}, {"source": 103, "target": 111, "weight": 0.007634}, {"source": 103, "target": 118, "weight": 0.007299}, {"source": 103, "target": 133, "weight": 0.014493}, {"source": 104, "target": 109, "weight": 0.005848}, {"source": 104, "target": 116, "weight": 0.866667}, {"source": 105, "target": 107, "weight": 0.007194}, {"source": 105, "target": 118, "weight": 0.006494}, {"source": 105, "target": 126, "weight": 0.208589}, {"source": 105, "target": 141, "weight": 0.007634}, {"source": 105, "target": 132, "weight": 0.016667}, {"source": 106, "target": 107, "weight": 0.018182}, {"source": 106, "target": 123, "weight": 0.073826}, {"source": 106, "target": 118, "weight": 0.007937}, {"source": 107, "target": 109, "weight": 0.025}, {"source": 107, "target": 111, "weight": 0.02381}, {"source": 107, "target": 118, "weight": 0.391753}, {"source": 107, "target": 130, "weight": 0.008264}, {"source": 107, "target": 132, "weight": 0.006173}, {"source": 107, "target": 134, "weight": 0.009901}, {"source": 109, "target": 111, "weight": 0.014218}, {"source": 109, "target": 112, "weight": 0.05}, {"source": 109, "target": 113, "weight": 0.006211}, {"source": 109, "target": 139, "weight": 0.010695}, {"source": 109, "target": 114, "weight": 0.004717}, {"source": 109, "target": 116, "weight": 0.00578}, {"source": 109, "target": 118, "weight": 0.013825}, {"source": 109, "target": 119, "weight": 0.005952}, {"source": 109, "target": 121, "weight": 0.014085}, {"source": 109, "target": 130, "weight": 0.004854}, {"source": 109, "target": 134, "weight": 0.005376}, {"source": 109, "target": 138, "weight": 0.023952}, {"source": 109, "target": 141, "weight": 0.064865}, {"source": 109, "target": 131, "weight": 0.005495}, {"source": 109, "target": 137, "weight": 0.006173}, {"source": 110, "target": 114, "weight": 0.006369}, {"source": 111, "target": 123, "weight": 0.005682}, {"source": 111, "target": 118, "weight": 0.006993}, {"source": 113, "target": 119, "weight": 0.025}, {"source": 113, "target": 129, "weight": 0.021739}, {"source": 114, "target": 132, "weight": 0.005882}, {"source": 114, "target": 134, "weight": 0.009174}, {"source": 114, "target": 141, "weight": 0.008403}, {"source": 117, "target": 126, "weight": 0.027322}, {"source": 117, "target": 125, "weight": 0.00885}, {"source": 117, "target": 121, "weight": 0.007092}, {"source": 117, "target": 140, "weight": 0.016129}, {"source": 117, "target": 141, "weight": 0.008197}, {"source": 118, "target": 123, "weight": 0.01105}, {"source": 118, "target": 132, "weight": 0.00565}, {"source": 118, "target": 134, "weight": 0.008621}, {"source": 120, "target": 123, "weight": 0.007463}, {"source": 121, "target": 125, "weight": 0.00885}, {"source": 121, "target": 140, "weight": 0.008}, {"source": 123, "target": 130, "weight": 0.005917}, {"source": 126, "target": 140, "weight": 0.005848}, {"source": 126, "target": 141, "weight": 0.018072}, {"source": 126, "target": 137, "weight": 0.007463}, {"source": 131, "target": 137, "weight": 0.018182}, {"source": 137, "target": 139, "weight": 0.192308}], "multigraph": false}