{"directed": false, "graph": {}, "nodes": [{"group": 0, "id": "sketch", "degree": 13}, {"group": 0, "id": "skeleton"}, {"group": 1, "id": "skip"}, {"group": 1, "id": "skilled"}, {"group": 2, "id": "skulking", "degree": 0}, {"group": 0, "id": "skit", "degree": 7}, {"group": 3, "id": "skyscraper", "degree": 3}, {"group": 4, "id": "skate"}, {"group": 4, "id": "skim", "degree": 14}, {"group": 1, "id": "skin"}, {"group": 1, "id": "skill", "degree": 2}, {"group": 4, "id": "skirt"}, {"group": 4, "id": "skid", "degree": 9}, {"group": 0, "id": "sketchbook"}, {"group": 1, "id": "skillful", "degree": 5}, {"group": 5, "id": "skew"}, {"group": 3, "id": "sky"}, {"group": 3, "id": "skylight"}, {"group": 4, "id": "ski", "degree": 7}, {"group": 3, "id": "skyward", "degree": 2}, {"group": 6, "id": "skimpy", "degree": 6}, {"group": 5, "id": "skinned"}, {"group": 6, "id": "skimp"}, {"group": 3, "id": "skulk"}, {"group": 6, "id": "skimping"}, {"group": 1, "id": "skipper"}, {"group": 3, "id": "skyrocketing", "degree": 3}, {"group": 1, "id": "skeptical", "degree": 1}, {"group": 7, "id": "skull", "degree": 0}, {"group": 1, "id": "skedaddle", "degree": 14}, {"group": 1, "id": "skulduggery"}, {"group": 6, "id": "skeletal", "degree": 5}, {"group": 4, "id": "skateboard", "degree": 10}, {"group": 5, "id": "skewed", "degree": 6}, {"group": 1, "id": "skylark", "degree": 1}, {"group": 6, "id": "sketchy", "degree": 7}, {"group": 1, "id": "skyrocket", "degree": 1}, {"group": 1, "id": "skirmish", "degree": 6}, {"group": 1, "id": "skewer"}, {"group": 6, "id": "skinny"}, {"group": 3, "id": "skein", "degree": 2}, {"group": 1, "id": "skittish"}], "links": [{"source": 0, "target": 13, "weight": 0.036364}, {"source": 0, "target": 1, "weight": 0.151394}, {"source": 0, "target": 31, "weight": 0.004464}, {"source": 0, "target": 2, "weight": 0.002915}, {"source": 0, "target": 15, "weight": 0.00361}, {"source": 0, "target": 16, "weight": 0.004202}, {"source": 0, "target": 5, "weight": 0.293194}, {"source": 0, "target": 35, "weight": 0.004184}, {"source": 0, "target": 8, "weight": 0.003846}, {"source": 0, "target": 25, "weight": 0.004566}, {"source": 0, "target": 9, "weight": 0.011765}, {"source": 0, "target": 10, "weight": 0.004065}, {"source": 0, "target": 11, "weight": 0.009934}, {"source": 1, "target": 31, "weight": 0.007519}, {"source": 1, "target": 32, "weight": 0.008696}, {"source": 1, "target": 5, "weight": 0.012987}, {"source": 1, "target": 26, "weight": 0.007576}, {"source": 1, "target": 35, "weight": 0.006757}, {"source": 1, "target": 8, "weight": 0.005917}, {"source": 1, "target": 6, "weight": 0.006579}, {"source": 1, "target": 18, "weight": 0.008696}, {"source": 1, "target": 12, "weight": 0.007042}, {"source": 1, "target": 20, "weight": 0.006579}, {"source": 2, "target": 29, "weight": 0.102151}, {"source": 2, "target": 32, "weight": 0.017857}, {"source": 2, "target": 5, "weight": 0.004762}, {"source": 2, "target": 34, "weight": 0.006173}, {"source": 2, "target": 8, "weight": 0.03211}, {"source": 2, "target": 37, "weight": 0.005208}, {"source": 2, "target": 40, "weight": 0.005435}, {"source": 2, "target": 18, "weight": 0.017857}, {"source": 2, "target": 12, "weight": 0.025907}, {"source": 3, "target": 14, "weight": 0.075269}, {"source": 3, "target": 29, "weight": 0.013699}, {"source": 5, "target": 13, "weight": 0.021505}, {"source": 5, "target": 15, "weight": 0.006944}, {"source": 5, "target": 8, "weight": 0.007874}, {"source": 5, "target": 10, "weight": 0.00885}, {"source": 5, "target": 11, "weight": 0.011765}, {"source": 6, "target": 16, "weight": 0.03}, {"source": 6, "target": 17, "weight": 0.036145}, {"source": 7, "target": 8, "weight": 0.219178}, {"source": 7, "target": 32, "weight": 0.842105}, {"source": 7, "target": 12, "weight": 0.347826}, {"source": 7, "target": 29, "weight": 0.014706}, {"source": 7, "target": 18, "weight": 0.842105}, {"source": 8, "target": 13, "weight": 0.009259}, {"source": 8, "target": 22, "weight": 0.076923}, {"source": 8, "target": 29, "weight": 0.06087}, {"source": 8, "target": 23, "weight": 0.025}, {"source": 8, "target": 15, "weight": 0.019231}, {"source": 8, "target": 32, "weight": 0.222222}, {"source": 8, "target": 25, "weight": 0.01}, {"source": 8, "target": 9, "weight": 0.023026}, {"source": 8, "target": 37, "weight": 0.009174}, {"source": 8, "target": 38, "weight": 0.007576}, {"source": 8, "target": 11, "weight": 0.107143}, {"source": 8, "target": 18, "weight": 0.222222}, {"source": 8, "target": 12, "weight": 0.173469}, {"source": 8, "target": 20, "weight": 0.01626}, {"source": 9, "target": 29, "weight": 0.013937}, {"source": 9, "target": 14, "weight": 0.006349}, {"source": 9, "target": 36, "weight": 0.003922}, {"source": 9, "target": 37, "weight": 0.003597}, {"source": 10, "target": 14, "weight": 0.007519}, {"source": 10, "target": 25, "weight": 0.023529}, {"source": 10, "target": 30, "weight": 0.015152}, {"source": 11, "target": 32, "weight": 0.023256}, {"source": 11, "target": 37, "weight": 0.006536}, {"source": 11, "target": 18, "weight": 0.023256}, {"source": 11, "target": 12, "weight": 0.046053}, {"source": 12, "target": 23, "weight": 0.010526}, {"source": 12, "target": 22, "weight": 0.028986}, {"source": 12, "target": 29, "weight": 0.010638}, {"source": 12, "target": 15, "weight": 0.064516}, {"source": 12, "target": 32, "weight": 0.355556}, {"source": 12, "target": 33, "weight": 0.015152}, {"source": 12, "target": 18, "weight": 0.355556}, {"source": 12, "target": 16, "weight": 0.01087}, {"source": 13, "target": 37, "weight": 0.013158}, {"source": 14, "target": 26, "weight": 0.009091}, {"source": 14, "target": 25, "weight": 0.009434}, {"source": 14, "target": 41, "weight": 0.005917}, {"source": 15, "target": 32, "weight": 0.019417}, {"source": 15, "target": 33, "weight": 0.247191}, {"source": 15, "target": 35, "weight": 0.014706}, {"source": 15, "target": 18, "weight": 0.019417}, {"source": 15, "target": 20, "weight": 0.014286}, {"source": 17, "target": 19, "weight": 0.023256}, {"source": 18, "target": 23, "weight": 0.014706}, {"source": 18, "target": 22, "weight": 0.023256}, {"source": 18, "target": 29, "weight": 0.014925}, {"source": 18, "target": 32, "weight": 0.888889}, {"source": 19, "target": 23, "weight": 0.015873}, {"source": 19, "target": 26, "weight": 0.045455}, {"source": 20, "target": 21, "weight": 0.012658}, {"source": 20, "target": 22, "weight": 0.125}, {"source": 20, "target": 31, "weight": 0.085366}, {"source": 20, "target": 33, "weight": 0.026667}, {"source": 20, "target": 24, "weight": 0.285714}, {"source": 20, "target": 35, "weight": 0.04}, {"source": 20, "target": 39, "weight": 0.065789}, {"source": 21, "target": 33, "weight": 0.020833}, {"source": 22, "target": 29, "weight": 0.012987}, {"source": 22, "target": 31, "weight": 0.033333}, {"source": 22, "target": 32, "weight": 0.023256}, {"source": 22, "target": 35, "weight": 0.040541}, {"source": 23, "target": 32, "weight": 0.014706}, {"source": 23, "target": 40, "weight": 0.012195}, {"source": 24, "target": 31, "weight": 0.031579}, {"source": 24, "target": 35, "weight": 0.018018}, {"source": 24, "target": 33, "weight": 0.011765}, {"source": 25, "target": 29, "weight": 0.0125}, {"source": 27, "target": 35, "weight": 0.010526}, {"source": 27, "target": 41, "weight": 0.02963}, {"source": 27, "target": 29, "weight": 0.010417}, {"source": 29, "target": 32, "weight": 0.014925}, {"source": 29, "target": 41, "weight": 0.006993}, {"source": 29, "target": 35, "weight": 0.01}, {"source": 29, "target": 37, "weight": 0.011236}, {"source": 29, "target": 38, "weight": 0.018018}, {"source": 31, "target": 39, "weight": 0.409091}, {"source": 33, "target": 35, "weight": 0.028169}, {"source": 35, "target": 41, "weight": 0.007042}], "multigraph": false}