{"directed": false, "graph": {}, "nodes": [{"group": 0, "id": "slope"}, {"group": 1, "id": "slabby", "degree": 29}, {"group": 1, "id": "sludgy"}, {"group": 2, "id": "sluggishness"}, {"group": 3, "id": "slouch", "degree": 39}, {"group": 4, "id": "sleepy", "degree": 20}, {"group": 5, "id": "slime", "degree": 24}, {"group": 6, "id": "sleek"}, {"group": 5, "id": "sleet", "degree": 7}, {"group": 1, "id": "slimy"}, {"group": 2, "id": "sleep"}, {"group": 5, "id": "slops", "degree": 21}, {"group": 5, "id": "sludge", "degree": 22}, {"group": 5, "id": "slot"}, {"group": 4, "id": "slow", "degree": 35}, {"group": 5, "id": "slop"}, {"group": 6, "id": "sloe", "degree": 0}, {"group": 3, "id": "slog"}, {"group": 3, "id": "slipping"}, {"group": 5, "id": "slob"}, {"group": 4, "id": "slothful"}, {"group": 7, "id": "slate", "degree": 12}, {"group": 8, "id": "slattern", "degree": 15}, {"group": 2, "id": "sleepiness", "degree": 13}, {"group": 9, "id": "sloppy"}, {"group": 7, "id": "slanderous", "degree": 1}, {"group": 3, "id": "slippage", "degree": 27}, {"group": 7, "id": "slogan", "degree": 4}, {"group": 7, "id": "slather"}, {"group": 6, "id": "sly"}, {"group": 6, "id": "slicker"}, {"group": 4, "id": "slacken"}, {"group": 6, "id": "sleepless"}, {"group": 7, "id": "slavery"}, {"group": 3, "id": "slide"}, {"group": 3, "id": "sleigh"}, {"group": 8, "id": "slacker", "degree": 5}, {"group": 0, "id": "sloping"}, {"group": 1, "id": "sloshy", "degree": 11}, {"group": 9, "id": "sluttish", "degree": 20}, {"group": 9, "id": "slummy", "degree": 8}, {"group": 7, "id": "sleight"}, {"group": 3, "id": "sled", "degree": 29}, {"group": 3, "id": "slowdown", "degree": 29}, {"group": 0, "id": "slanting", "degree": 6}, {"group": 4, "id": "slake"}, {"group": 0, "id": "slanted", "degree": 4}, {"group": 1, "id": "slashing"}, {"group": 9, "id": "slatternly", "degree": 24}, {"group": 7, "id": "slew"}, {"group": 7, "id": "slice"}, {"group": 6, "id": "slick", "degree": 29}, {"group": 7, "id": "slash"}, {"group": 9, "id": "slapdash", "degree": 24}, {"group": 6, "id": "slapstick", "degree": 7}, {"group": 4, "id": "sluggish"}, {"group": 3, "id": "sliding", "degree": 22}, {"group": 3, "id": "slowness"}, {"group": 6, "id": "slight"}, {"group": 7, "id": "slur"}, {"group": 10, "id": "slaying"}, {"group": 8, "id": "slowpoke", "degree": 8}, {"group": 10, "id": "slaughter", "degree": 24}, {"group": 8, "id": "slut", "degree": 11}, {"group": 5, "id": "slum"}, {"group": 7, "id": "slug", "degree": 28}, {"group": 3, "id": "slither", "degree": 37}, {"group": 6, "id": "slender", "degree": 20}, {"group": 10, "id": "slayer", "degree": 4}, {"group": 8, "id": "sluggard", "degree": 19}, {"group": 6, "id": "slightly"}, {"group": 3, "id": "slipup"}, {"group": 1, "id": "sleety", "degree": 19}, {"group": 2, "id": "sloth"}, {"group": 5, "id": "slurp", "degree": 25}, {"group": 9, "id": "slavish", "degree": 6}, {"group": 1, "id": "slithery", "degree": 17}, {"group": 7, "id": "sledgehammer", "degree": 13}, {"group": 9, "id": "slipshod"}, {"group": 4, "id": "slowly"}, {"group": 5, "id": "slough", "degree": 47}, {"group": 5, "id": "slosh"}, {"group": 3, "id": "slump"}, {"group": 1, "id": "slushy"}, {"group": 7, "id": "slashed"}, {"group": 10, "id": "slabber", "degree": 5}, {"group": 4, "id": "slack", "degree": 72}, {"group": 2, "id": "slumber"}, {"group": 7, "id": "slander", "degree": 6}, {"group": 6, "id": "slippery", "degree": 28}, {"group": 9, "id": "slovenly", "degree": 18}, {"group": 4, "id": "slumbering"}, {"group": 9, "id": "sleazy"}, {"group": 3, "id": "sleuth", "degree": 1}, {"group": 10, "id": "slay"}, {"group": 7, "id": "slat", "degree": 34}, {"group": 6, "id": "slim", "degree": 25}, {"group": 7, "id": "slap"}, {"group": 4, "id": "sleeping", "degree": 29}, {"group": 5, "id": "sluice", "degree": 30}, {"group": 7, "id": "slit"}, {"group": 7, "id": "slam", "degree": 38}, {"group": 3, "id": "slip", "degree": 63}, {"group": 5, "id": "slag"}, {"group": 7, "id": "slab", "degree": 31}, {"group": 10, "id": "slobber"}, {"group": 8, "id": "sleepyhead", "degree": 11}, {"group": 3, "id": "slithering", "degree": 16}, {"group": 2, "id": "sleepwalking", "degree": 5}, {"group": 4, "id": "sleeper"}, {"group": 3, "id": "slackening"}, {"group": 7, "id": "sliver", "degree": 36}, {"group": 8, "id": "slave"}, {"group": 7, "id": "sling", "degree": 18}, {"group": 5, "id": "slush", "degree": 23}, {"group": 10, "id": "slaver"}, {"group": 0, "id": "slant", "degree": 51}, {"group": 10, "id": "slang"}, {"group": 4, "id": "slaphappy"}, {"group": 2, "id": "slumberland"}, {"group": 6, "id": "slinky", "degree": 11}, {"group": 3, "id": "slink"}, {"group": 4, "id": "slumberous", "degree": 12}], "links": [{"source": 0, "target": 65, "weight": 0.006536}, {"source": 0, "target": 66, "weight": 0.007246}, {"source": 0, "target": 113, "weight": 0.02}, {"source": 0, "target": 95, "weight": 0.013699}, {"source": 0, "target": 96, "weight": 0.007246}, {"source": 0, "target": 116, "weight": 0.112782}, {"source": 0, "target": 62, "weight": 0.007937}, {"source": 0, "target": 43, "weight": 0.035088}, {"source": 0, "target": 99, "weight": 0.016}, {"source": 0, "target": 46, "weight": 0.048387}, {"source": 0, "target": 67, "weight": 0.005882}, {"source": 0, "target": 102, "weight": 0.014118}, {"source": 0, "target": 26, "weight": 0.054054}, {"source": 0, "target": 44, "weight": 0.038961}, {"source": 0, "target": 4, "weight": 0.017544}, {"source": 1, "target": 72, "weight": 0.009346}, {"source": 1, "target": 39, "weight": 0.017857}, {"source": 1, "target": 2, "weight": 0.581081}, {"source": 1, "target": 5, "weight": 0.007692}, {"source": 1, "target": 6, "weight": 0.009434}, {"source": 1, "target": 98, "weight": 0.013699}, {"source": 1, "target": 9, "weight": 0.652632}, {"source": 1, "target": 102, "weight": 0.00216}, {"source": 1, "target": 12, "weight": 0.01}, {"source": 1, "target": 48, "weight": 0.028302}, {"source": 1, "target": 78, "weight": 0.022556}, {"source": 1, "target": 14, "weight": 0.011364}, {"source": 1, "target": 15, "weight": 0.005556}, {"source": 1, "target": 51, "weight": 0.004219}, {"source": 1, "target": 19, "weight": 0.008403}, {"source": 1, "target": 53, "weight": 0.007407}, {"source": 1, "target": 55, "weight": 0.009302}, {"source": 1, "target": 81, "weight": 0.005814}, {"source": 1, "target": 58, "weight": 0.00365}, {"source": 1, "target": 59, "weight": 0.005882}, {"source": 1, "target": 114, "weight": 0.008}, {"source": 1, "target": 24, "weight": 0.260116}, {"source": 1, "target": 83, "weight": 0.389381}, {"source": 1, "target": 86, "weight": 0.014493}, {"source": 1, "target": 32, "weight": 0.006536}, {"source": 1, "target": 76, "weight": 0.367089}, {"source": 1, "target": 18, "weight": 0.009259}, {"source": 1, "target": 89, "weight": 0.014851}, {"source": 1, "target": 90, "weight": 0.038168}, {"source": 1, "target": 122, "weight": 0.012346}, {"source": 1, "target": 91, "weight": 0.018519}, {"source": 1, "target": 92, "weight": 0.009091}, {"source": 1, "target": 38, "weight": 0.581081}, {"source": 2, "target": 72, "weight": 0.012821}, {"source": 2, "target": 39, "weight": 0.011905}, {"source": 2, "target": 86, "weight": 0.009434}, {"source": 2, "target": 38, "weight": 0.955556}, {"source": 2, "target": 98, "weight": 0.008475}, {"source": 2, "target": 89, "weight": 0.011494}, {"source": 2, "target": 90, "weight": 0.038835}, {"source": 2, "target": 76, "weight": 0.025974}, {"source": 2, "target": 53, "weight": 0.009434}, {"source": 2, "target": 48, "weight": 0.025641}, {"source": 3, "target": 4, "weight": 0.028169}, {"source": 3, "target": 69, "weight": 0.029412}, {"source": 3, "target": 66, "weight": 0.009091}, {"source": 3, "target": 23, "weight": 0.233333}, {"source": 3, "target": 65, "weight": 0.008}, {"source": 4, "target": 73, "weight": 0.028037}, {"source": 4, "target": 95, "weight": 0.008333}, {"source": 4, "target": 5, "weight": 0.005236}, {"source": 4, "target": 42, "weight": 0.012195}, {"source": 4, "target": 43, "weight": 0.029126}, {"source": 4, "target": 74, "weight": 0.005988}, {"source": 4, "target": 100, "weight": 0.002941}, {"source": 4, "target": 101, "weight": 0.018519}, {"source": 4, "target": 10, "weight": 0.00939}, {"source": 4, "target": 102, "weight": 0.025391}, {"source": 4, "target": 81, "weight": 0.004292}, {"source": 4, "target": 104, "weight": 0.004785}, {"source": 4, "target": 49, "weight": 0.006024}, {"source": 4, "target": 105, "weight": 0.005495}, {"source": 4, "target": 20, "weight": 0.016216}, {"source": 4, "target": 14, "weight": 0.009231}, {"source": 4, "target": 15, "weight": 0.008333}, {"source": 4, "target": 107, "weight": 0.006667}, {"source": 4, "target": 34, "weight": 0.044843}, {"source": 4, "target": 17, "weight": 0.320856}, {"source": 4, "target": 80, "weight": 0.004608}, {"source": 4, "target": 109, "weight": 0.005376}, {"source": 4, "target": 19, "weight": 0.011173}, {"source": 4, "target": 55, "weight": 0.010909}, {"source": 4, "target": 56, "weight": 0.006024}, {"source": 4, "target": 111, "weight": 0.005319}, {"source": 4, "target": 51, "weight": 0.003356}, {"source": 4, "target": 112, "weight": 0.009346}, {"source": 4, "target": 52, "weight": 0.015924}, {"source": 4, "target": 113, "weight": 0.005128}, {"source": 4, "target": 58, "weight": 0.005988}, {"source": 4, "target": 61, "weight": 0.057143}, {"source": 4, "target": 121, "weight": 0.348571}, {"source": 4, "target": 82, "weight": 0.074561}, {"source": 4, "target": 116, "weight": 0.012987}, {"source": 4, "target": 63, "weight": 0.026042}, {"source": 4, "target": 23, "weight": 0.006329}, {"source": 4, "target": 50, "weight": 0.003571}, {"source": 4, "target": 97, "weight": 0.018519}, {"source": 4, "target": 26, "weight": 0.02381}, {"source": 4, "target": 65, "weight": 0.087719}, {"source": 4, "target": 117, "weight": 0.00565}, {"source": 4, "target": 66, "weight": 0.420732}, {"source": 4, "target": 86, "weight": 0.017327}, {"source": 4, "target": 31, "weight": 0.008163}, {"source": 4, "target": 99, "weight": 0.013761}, {"source": 4, "target": 87, "weight": 0.005714}, {"source": 4, "target": 67, "weight": 0.003788}, {"source": 4, "target": 110, "weight": 0.00578}, {"source": 4, "target": 106, "weight": 0.056738}, {"source": 4, "target": 57, "weight": 0.177489}, {"source": 4, "target": 35, "weight": 0.006536}, {"source": 4, "target": 36, "weight": 0.027972}, {"source": 4, "target": 69, "weight": 0.105634}, {"source": 4, "target": 71, "weight": 0.013699}, {"source": 5, "target": 98, "weight": 0.198198}, {"source": 5, "target": 9, "weight": 0.007092}, {"source": 5, "target": 45, "weight": 0.017544}, {"source": 5, "target": 10, "weight": 0.014599}, {"source": 5, "target": 76, "weight": 0.01087}, {"source": 5, "target": 14, "weight": 0.183099}, {"source": 5, "target": 79, "weight": 0.014493}, {"source": 5, "target": 109, "weight": 0.027778}, {"source": 5, "target": 55, "weight": 0.2625}, {"source": 5, "target": 20, "weight": 0.098039}, {"source": 5, "target": 58, "weight": 0.003861}, {"source": 5, "target": 24, "weight": 0.00495}, {"source": 5, "target": 120, "weight": 0.00885}, {"source": 5, "target": 29, "weight": 0.007937}, {"source": 5, "target": 118, "weight": 0.011364}, {"source": 5, "target": 86, "weight": 0.101974}, {"source": 5, "target": 31, "weight": 0.017857}, {"source": 5, "target": 87, "weight": 0.020408}, {"source": 5, "target": 67, "weight": 0.005319}, {"source": 5, "target": 18, "weight": 0.010753}, {"source": 5, "target": 122, "weight": 0.155172}, {"source": 5, "target": 91, "weight": 0.25}, {"source": 6, "target": 11, "weight": 0.063291}, {"source": 6, "target": 95, "weight": 0.021583}, {"source": 6, "target": 64, "weight": 0.037736}, {"source": 6, "target": 42, "weight": 0.015385}, {"source": 6, "target": 8, "weight": 0.044444}, {"source": 6, "target": 74, "weight": 0.014925}, {"source": 6, "target": 102, "weight": 0.034063}, {"source": 6, "target": 44, "weight": 0.013699}, {"source": 6, "target": 103, "weight": 0.046512}, {"source": 6, "target": 104, "weight": 0.111111}, {"source": 6, "target": 49, "weight": 0.015152}, {"source": 6, "target": 105, "weight": 0.024691}, {"source": 6, "target": 50, "weight": 0.016854}, {"source": 6, "target": 15, "weight": 0.154472}, {"source": 6, "target": 51, "weight": 0.005051}, {"source": 6, "target": 17, "weight": 0.013793}, {"source": 6, "target": 81, "weight": 0.145299}, {"source": 6, "target": 80, "weight": 0.113208}, {"source": 6, "target": 111, "weight": 0.011364}, {"source": 6, "target": 112, "weight": 0.008696}, {"source": 6, "target": 19, "weight": 0.265625}, {"source": 6, "target": 59, "weight": 0.007634}, {"source": 6, "target": 114, "weight": 0.242857}, {"source": 6, "target": 22, "weight": 0.018868}, {"source": 6, "target": 82, "weight": 0.006944}, {"source": 6, "target": 31, "weight": 0.006849}, {"source": 6, "target": 63, "weight": 0.010417}, {"source": 6, "target": 26, "weight": 0.014085}, {"source": 6, "target": 117, "weight": 0.012987}, {"source": 6, "target": 66, "weight": 0.007576}, {"source": 6, "target": 86, "weight": 0.00974}, {"source": 6, "target": 12, "weight": 0.377778}, {"source": 6, "target": 9, "weight": 0.008547}, {"source": 6, "target": 76, "weight": 0.014706}, {"source": 6, "target": 34, "weight": 0.007576}, {"source": 6, "target": 35, "weight": 0.018868}, {"source": 6, "target": 71, "weight": 0.021277}, {"source": 7, "target": 72, "weight": 0.007752}, {"source": 7, "target": 51, "weight": 0.287129}, {"source": 7, "target": 66, "weight": 0.005181}, {"source": 7, "target": 21, "weight": 0.007634}, {"source": 7, "target": 96, "weight": 0.010417}, {"source": 7, "target": 116, "weight": 0.008621}, {"source": 7, "target": 62, "weight": 0.005525}, {"source": 7, "target": 98, "weight": 0.005917}, {"source": 7, "target": 8, "weight": 0.009346}, {"source": 7, "target": 99, "weight": 0.005525}, {"source": 7, "target": 89, "weight": 0.075829}, {"source": 7, "target": 67, "weight": 0.022624}, {"source": 7, "target": 102, "weight": 0.004132}, {"source": 7, "target": 12, "weight": 0.008197}, {"source": 7, "target": 76, "weight": 0.031746}, {"source": 8, "target": 51, "weight": 0.00565}, {"source": 8, "target": 15, "weight": 0.016807}, {"source": 8, "target": 19, "weight": 0.176471}, {"source": 8, "target": 21, "weight": 0.020408}, {"source": 8, "target": 22, "weight": 0.03125}, {"source": 8, "target": 63, "weight": 0.013333}, {"source": 8, "target": 34, "weight": 0.009009}, {"source": 8, "target": 102, "weight": 0.01}, {"source": 8, "target": 12, "weight": 0.28125}, {"source": 8, "target": 81, "weight": 0.027273}, {"source": 8, "target": 104, "weight": 0.022989}, {"source": 8, "target": 114, "weight": 0.047619}, {"source": 9, "target": 72, "weight": 0.008475}, {"source": 9, "target": 39, "weight": 0.01626}, {"source": 9, "target": 14, "weight": 0.010909}, {"source": 9, "target": 86, "weight": 0.011204}, {"source": 9, "target": 38, "weight": 0.347368}, {"source": 9, "target": 114, "weight": 0.007353}, {"source": 9, "target": 90, "weight": 0.013793}, {"source": 9, "target": 98, "weight": 0.012739}, {"source": 9, "target": 76, "weight": 0.352273}, {"source": 9, "target": 75, "weight": 0.021505}, {"source": 9, "target": 89, "weight": 0.028571}, {"source": 9, "target": 51, "weight": 0.028926}, {"source": 9, "target": 102, "weight": 0.00211}, {"source": 9, "target": 122, "weight": 0.01087}, {"source": 9, "target": 12, "weight": 0.009009}, {"source": 9, "target": 53, "weight": 0.006849}, {"source": 9, "target": 48, "weight": 0.016949}, {"source": 10, "target": 14, "weight": 0.00365}, {"source": 10, "target": 86, "weight": 0.008451}, {"source": 10, "target": 108, "weight": 0.125}, {"source": 10, "target": 116, "weight": 0.002976}, {"source": 10, "target": 62, "weight": 0.018182}, {"source": 10, "target": 23, "weight": 0.009524}, {"source": 10, "target": 99, "weight": 0.005988}, {"source": 10, "target": 120, "weight": 0.007353}, {"source": 10, "target": 67, "weight": 0.004739}, {"source": 10, "target": 102, "weight": 0.006397}, {"source": 10, "target": 26, "weight": 0.017094}, {"source": 10, "target": 53, "weight": 0.006993}, {"source": 10, "target": 43, "weight": 0.006329}, {"source": 10, "target": 111, "weight": 0.007407}, {"source": 11, "target": 39, "weight": 0.011111}, {"source": 11, "target": 95, "weight": 0.006369}, {"source": 11, "target": 97, "weight": 0.007407}, {"source": 11, "target": 98, "weight": 0.008065}, {"source": 11, "target": 74, "weight": 0.012048}, {"source": 11, "target": 100, "weight": 0.011811}, {"source": 11, "target": 101, "weight": 0.010582}, {"source": 11, "target": 47, "weight": 0.009346}, {"source": 11, "target": 102, "weight": 0.009153}, {"source": 11, "target": 12, "weight": 0.04}, {"source": 11, "target": 103, "weight": 0.277108}, {"source": 11, "target": 48, "weight": 0.011765}, {"source": 11, "target": 105, "weight": 0.010204}, {"source": 11, "target": 20, "weight": 0.009709}, {"source": 11, "target": 13, "weight": 0.006897}, {"source": 11, "target": 78, "weight": 0.008929}, {"source": 11, "target": 14, "weight": 0.004115}, {"source": 11, "target": 15, "weight": 0.224806}, {"source": 11, "target": 104, "weight": 0.016129}, {"source": 11, "target": 17, "weight": 0.006173}, {"source": 11, "target": 81, "weight": 0.020408}, {"source": 11, "target": 80, "weight": 0.107438}, {"source": 11, "target": 19, "weight": 0.031915}, {"source": 11, "target": 55, "weight": 0.005181}, {"source": 11, "target": 112, "weight": 0.007634}, {"source": 11, "target": 52, "weight": 0.012931}, {"source": 11, "target": 114, "weight": 0.03}, {"source": 11, "target": 116, "weight": 0.003279}, {"source": 11, "target": 62, "weight": 0.007353}, {"source": 11, "target": 24, "weight": 0.005155}, {"source": 11, "target": 50, "weight": 0.015464}, {"source": 11, "target": 65, "weight": 0.006135}, {"source": 11, "target": 86, "weight": 0.075658}, {"source": 11, "target": 31, "weight": 0.006173}, {"source": 11, "target": 45, "weight": 0.018868}, {"source": 11, "target": 90, "weight": 0.008929}, {"source": 11, "target": 91, "weight": 0.011628}, {"source": 12, "target": 95, "weight": 0.022556}, {"source": 12, "target": 64, "weight": 0.042553}, {"source": 12, "target": 42, "weight": 0.016949}, {"source": 12, "target": 74, "weight": 0.016393}, {"source": 12, "target": 102, "weight": 0.034568}, {"source": 12, "target": 81, "weight": 0.153153}, {"source": 12, "target": 103, "weight": 0.05}, {"source": 12, "target": 104, "weight": 0.11828}, {"source": 12, "target": 105, "weight": 0.026667}, {"source": 12, "target": 50, "weight": 0.011561}, {"source": 12, "target": 15, "weight": 0.142857}, {"source": 12, "target": 51, "weight": 0.010471}, {"source": 12, "target": 17, "weight": 0.014388}, {"source": 12, "target": 80, "weight": 0.056604}, {"source": 12, "target": 21, "weight": 0.015625}, {"source": 12, "target": 111, "weight": 0.012195}, {"source": 12, "target": 112, "weight": 0.009174}, {"source": 12, "target": 19, "weight": 0.530612}, {"source": 12, "target": 59, "weight": 0.008}, {"source": 12, "target": 114, "weight": 0.265625}, {"source": 12, "target": 22, "weight": 0.021277}, {"source": 12, "target": 82, "weight": 0.007246}, {"source": 12, "target": 63, "weight": 0.011111}, {"source": 12, "target": 26, "weight": 0.015385}, {"source": 12, "target": 66, "weight": 0.007937}, {"source": 12, "target": 86, "weight": 0.009934}, {"source": 12, "target": 31, "weight": 0.007143}, {"source": 12, "target": 76, "weight": 0.016129}, {"source": 12, "target": 34, "weight": 0.016}, {"source": 12, "target": 35, "weight": 0.021277}, {"source": 12, "target": 71, "weight": 0.02439}, {"source": 13, "target": 72, "weight": 0.007692}, {"source": 13, "target": 51, "weight": 0.003846}, {"source": 13, "target": 14, "weight": 0.006944}, {"source": 13, "target": 86, "weight": 0.005391}, {"source": 13, "target": 102, "weight": 0.008282}, {"source": 13, "target": 95, "weight": 0.009901}, {"source": 13, "target": 116, "weight": 0.008596}, {"source": 13, "target": 43, "weight": 0.00578}, {"source": 13, "target": 99, "weight": 0.039773}, {"source": 13, "target": 101, "weight": 0.012821}, {"source": 13, "target": 80, "weight": 0.011236}, {"source": 13, "target": 113, "weight": 0.006369}, {"source": 13, "target": 104, "weight": 0.005848}, {"source": 13, "target": 65, "weight": 0.019417}, {"source": 13, "target": 111, "weight": 0.013423}, {"source": 14, "target": 72, "weight": 0.004386}, {"source": 14, "target": 39, "weight": 0.008584}, {"source": 14, "target": 73, "weight": 0.007194}, {"source": 14, "target": 96, "weight": 0.017361}, {"source": 14, "target": 98, "weight": 0.084677}, {"source": 14, "target": 100, "weight": 0.0025}, {"source": 14, "target": 45, "weight": 0.020243}, {"source": 14, "target": 102, "weight": 0.001712}, {"source": 14, "target": 76, "weight": 0.013274}, {"source": 14, "target": 103, "weight": 0.004016}, {"source": 14, "target": 48, "weight": 0.008772}, {"source": 14, "target": 78, "weight": 0.032129}, {"source": 14, "target": 15, "weight": 0.003322}, {"source": 14, "target": 107, "weight": 0.009569}, {"source": 14, "target": 94, "weight": 0.004167}, {"source": 14, "target": 106, "weight": 0.004808}, {"source": 14, "target": 79, "weight": 0.035176}, {"source": 14, "target": 18, "weight": 0.017699}, {"source": 14, "target": 52, "weight": 0.002646}, {"source": 14, "target": 109, "weight": 0.004065}, {"source": 14, "target": 53, "weight": 0.003906}, {"source": 14, "target": 55, "weight": 0.385246}, {"source": 14, "target": 110, "weight": 0.012987}, {"source": 14, "target": 20, "weight": 0.271795}, {"source": 14, "target": 58, "weight": 0.020619}, {"source": 14, "target": 61, "weight": 0.004831}, {"source": 14, "target": 82, "weight": 0.003289}, {"source": 14, "target": 90, "weight": 0.011811}, {"source": 14, "target": 24, "weight": 0.036697}, {"source": 14, "target": 83, "weight": 0.00361}, {"source": 14, "target": 43, "weight": 0.018727}, {"source": 14, "target": 65, "weight": 0.006536}, {"source": 14, "target": 118, "weight": 0.004464}, {"source": 14, "target": 86, "weight": 0.229765}, {"source": 14, "target": 31, "weight": 0.069686}, {"source": 14, "target": 87, "weight": 0.004255}, {"source": 14, "target": 32, "weight": 0.00365}, {"source": 14, "target": 120, "weight": 0.004016}, {"source": 14, "target": 67, "weight": 0.022013}, {"source": 14, "target": 56, "weight": 0.008889}, {"source": 14, "target": 34, "weight": 0.006873}, {"source": 14, "target": 89, "weight": 0.003077}, {"source": 14, "target": 57, "weight": 0.009119}, {"source": 14, "target": 122, "weight": 0.025253}, {"source": 14, "target": 91, "weight": 0.084507}, {"source": 14, "target": 69, "weight": 0.00463}, {"source": 15, "target": 39, "weight": 0.006757}, {"source": 15, "target": 42, "weight": 0.014493}, {"source": 15, "target": 98, "weight": 0.005495}, {"source": 15, "target": 74, "weight": 0.014286}, {"source": 15, "target": 101, "weight": 0.016327}, {"source": 15, "target": 102, "weight": 0.037422}, {"source": 15, "target": 48, "weight": 0.006993}, {"source": 15, "target": 107, "weight": 0.008065}, {"source": 15, "target": 104, "weight": 0.063584}, {"source": 15, "target": 51, "weight": 0.003676}, {"source": 15, "target": 80, "weight": 0.103448}, {"source": 15, "target": 95, "weight": 0.018868}, {"source": 15, "target": 111, "weight": 0.006173}, {"source": 15, "target": 113, "weight": 0.011905}, {"source": 15, "target": 114, "weight": 0.192593}, {"source": 15, "target": 22, "weight": 0.007874}, {"source": 15, "target": 116, "weight": 0.002755}, {"source": 15, "target": 62, "weight": 0.005155}, {"source": 15, "target": 63, "weight": 0.005882}, {"source": 15, "target": 26, "weight": 0.006897}, {"source": 15, "target": 66, "weight": 0.019704}, {"source": 15, "target": 65, "weight": 0.009091}, {"source": 15, "target": 85, "weight": 0.008475}, {"source": 15, "target": 86, "weight": 0.069444}, {"source": 15, "target": 99, "weight": 0.054054}, {"source": 15, "target": 76, "weight": 0.007042}, {"source": 15, "target": 56, "weight": 0.007143}, {"source": 15, "target": 90, "weight": 0.005882}, {"source": 16, "target": 89, "weight": 0.007194}, {"source": 17, "target": 42, "weight": 0.013986}, {"source": 17, "target": 43, "weight": 0.015957}, {"source": 17, "target": 74, "weight": 0.006849}, {"source": 17, "target": 101, "weight": 0.186916}, {"source": 17, "target": 102, "weight": 0.018182}, {"source": 17, "target": 104, "weight": 0.027174}, {"source": 17, "target": 77, "weight": 0.043796}, {"source": 17, "target": 107, "weight": 0.007752}, {"source": 17, "target": 51, "weight": 0.007246}, {"source": 17, "target": 80, "weight": 0.010256}, {"source": 17, "target": 53, "weight": 0.005714}, {"source": 17, "target": 54, "weight": 0.006173}, {"source": 17, "target": 95, "weight": 0.067633}, {"source": 17, "target": 111, "weight": 0.018182}, {"source": 17, "target": 113, "weight": 0.017442}, {"source": 17, "target": 114, "weight": 0.012195}, {"source": 17, "target": 61, "weight": 0.007937}, {"source": 17, "target": 116, "weight": 0.00545}, {"source": 17, "target": 62, "weight": 0.005025}, {"source": 17, "target": 63, "weight": 0.005714}, {"source": 17, "target": 26, "weight": 0.006667}, {"source": 17, "target": 65, "weight": 0.227027}, {"source": 17, "target": 66, "weight": 0.385621}, {"source": 17, "target": 86, "weight": 0.012987}, {"source": 17, "target": 99, "weight": 0.005025}, {"source": 17, "target": 56, "weight": 0.006897}, {"source": 17, "target": 106, "weight": 0.007874}, {"source": 17, "target": 69, "weight": 0.014925}, {"source": 18, "target": 66, "weight": 0.007463}, {"source": 18, "target": 86, "weight": 0.016234}, {"source": 18, "target": 107, "weight": 0.019231}, {"source": 18, "target": 43, "weight": 0.017857}, {"source": 18, "target": 102, "weight": 0.002347}, {"source": 18, "target": 26, "weight": 0.042254}, {"source": 18, "target": 38, "weight": 0.012658}, {"source": 18, "target": 56, "weight": 0.533333}, {"source": 19, "target": 42, "weight": 0.012821}, {"source": 19, "target": 74, "weight": 0.0125}, {"source": 19, "target": 102, "weight": 0.037915}, {"source": 19, "target": 104, "weight": 0.098214}, {"source": 19, "target": 51, "weight": 0.009524}, {"source": 19, "target": 95, "weight": 0.019737}, {"source": 19, "target": 80, "weight": 0.048}, {"source": 19, "target": 21, "weight": 0.012048}, {"source": 19, "target": 111, "weight": 0.02}, {"source": 19, "target": 114, "weight": 0.204819}, {"source": 19, "target": 22, "weight": 0.098361}, {"source": 19, "target": 63, "weight": 0.057692}, {"source": 19, "target": 26, "weight": 0.011905}, {"source": 19, "target": 66, "weight": 0.006897}, {"source": 19, "target": 86, "weight": 0.009346}, {"source": 19, "target": 76, "weight": 0.012346}, {"source": 19, "target": 36, "weight": 0.016949}, {"source": 20, "target": 39, "weight": 0.021505}, {"source": 20, "target": 86, "weight": 0.190647}, {"source": 20, "target": 107, "weight": 0.028986}, {"source": 20, "target": 61, "weight": 0.014925}, {"source": 20, "target": 67, "weight": 0.005435}, {"source": 20, "target": 98, "weight": 0.057377}, {"source": 20, "target": 106, "weight": 0.014706}, {"source": 20, "target": 89, "weight": 0.005405}, {"source": 20, "target": 90, "weight": 0.017391}, {"source": 20, "target": 122, "weight": 0.032787}, {"source": 20, "target": 65, "weight": 0.005988}, {"source": 20, "target": 69, "weight": 0.013158}, {"source": 20, "target": 48, "weight": 0.022727}, {"source": 20, "target": 56, "weight": 0.011628}, {"source": 21, "target": 50, "weight": 0.016575}, {"source": 21, "target": 95, "weight": 0.066176}, {"source": 21, "target": 51, "weight": 0.004975}, {"source": 21, "target": 97, "weight": 0.008197}, {"source": 21, "target": 34, "weight": 0.014925}, {"source": 21, "target": 102, "weight": 0.014218}, {"source": 21, "target": 104, "weight": 0.07619}, {"source": 21, "target": 65, "weight": 0.006667}, {"source": 21, "target": 111, "weight": 0.010989}, {"source": 22, "target": 78, "weight": 0.012195}, {"source": 22, "target": 40, "weight": 0.032258}, {"source": 22, "target": 86, "weight": 0.00678}, {"source": 22, "target": 104, "weight": 0.010526}, {"source": 22, "target": 114, "weight": 0.013889}, {"source": 22, "target": 92, "weight": 0.017544}, {"source": 22, "target": 39, "weight": 0.016667}, {"source": 22, "target": 90, "weight": 0.024691}, {"source": 22, "target": 24, "weight": 0.01227}, {"source": 22, "target": 45, "weight": 0.012987}, {"source": 22, "target": 63, "weight": 0.220588}, {"source": 22, "target": 102, "weight": 0.00489}, {"source": 22, "target": 81, "weight": 0.008403}, {"source": 22, "target": 53, "weight": 0.012195}, {"source": 22, "target": 48, "weight": 0.018182}, {"source": 22, "target": 36, "weight": 0.03125}, {"source": 23, "target": 66, "weight": 0.00813}, {"source": 23, "target": 57, "weight": 0.13986}, {"source": 23, "target": 73, "weight": 0.21978}, {"source": 23, "target": 87, "weight": 0.080645}, {"source": 23, "target": 108, "weight": 0.02381}, {"source": 23, "target": 116, "weight": 0.003571}, {"source": 23, "target": 43, "weight": 0.009804}, {"source": 23, "target": 100, "weight": 0.004329}, {"source": 23, "target": 52, "weight": 0.004785}, {"source": 23, "target": 110, "weight": 0.015625}, {"source": 23, "target": 33, "weight": 0.014706}, {"source": 24, "target": 72, "weight": 0.005587}, {"source": 24, "target": 40, "weight": 0.032895}, {"source": 24, "target": 86, "weight": 0.159341}, {"source": 24, "target": 38, "weight": 0.285714}, {"source": 24, "target": 96, "weight": 0.012448}, {"source": 24, "target": 39, "weight": 0.273973}, {"source": 24, "target": 67, "weight": 0.007299}, {"source": 24, "target": 98, "weight": 0.009174}, {"source": 24, "target": 120, "weight": 0.01005}, {"source": 24, "target": 89, "weight": 0.010949}, {"source": 24, "target": 63, "weight": 0.004831}, {"source": 24, "target": 90, "weight": 0.283951}, {"source": 24, "target": 76, "weight": 0.028571}, {"source": 24, "target": 53, "weight": 0.019608}, {"source": 24, "target": 48, "weight": 0.239726}, {"source": 24, "target": 56, "weight": 0.00565}, {"source": 25, "target": 88, "weight": 0.027027}, {"source": 26, "target": 42, "weight": 0.111111}, {"source": 26, "target": 43, "weight": 0.09434}, {"source": 26, "target": 102, "weight": 0.046341}, {"source": 26, "target": 88, "weight": 0.018182}, {"source": 26, "target": 107, "weight": 0.057692}, {"source": 26, "target": 80, "weight": 0.008264}, {"source": 26, "target": 95, "weight": 0.006897}, {"source": 26, "target": 111, "weight": 0.01087}, {"source": 26, "target": 51, "weight": 0.020101}, {"source": 26, "target": 81, "weight": 0.014706}, {"source": 26, "target": 52, "weight": 0.018265}, {"source": 26, "target": 58, "weight": 0.008403}, {"source": 26, "target": 59, "weight": 0.022556}, {"source": 26, "target": 114, "weight": 0.022472}, {"source": 26, "target": 82, "weight": 0.241667}, {"source": 26, "target": 116, "weight": 0.013793}, {"source": 26, "target": 65, "weight": 0.006623}, {"source": 26, "target": 66, "weight": 0.07874}, {"source": 26, "target": 31, "weight": 0.02027}, {"source": 26, "target": 56, "weight": 0.075758}, {"source": 26, "target": 121, "weight": 0.014493}, {"source": 26, "target": 34, "weight": 0.141667}, {"source": 26, "target": 57, "weight": 0.005714}, {"source": 26, "target": 35, "weight": 0.137255}, {"source": 26, "target": 71, "weight": 0.04}, {"source": 27, "target": 112, "weight": 0.009901}, {"source": 27, "target": 41, "weight": 0.014286}, {"source": 27, "target": 116, "weight": 0.003636}, {"source": 27, "target": 101, "weight": 0.00625}, {"source": 27, "target": 47, "weight": 0.012987}, {"source": 27, "target": 52, "weight": 0.004902}, {"source": 28, "target": 86, "weight": 0.003401}, {"source": 28, "target": 95, "weight": 0.008}, {"source": 28, "target": 116, "weight": 0.007353}, {"source": 28, "target": 51, "weight": 0.016667}, {"source": 28, "target": 88, "weight": 0.028571}, {"source": 28, "target": 101, "weight": 0.006329}, {"source": 28, "target": 102, "weight": 0.002451}, {"source": 28, "target": 104, "weight": 0.010753}, {"source": 28, "target": 65, "weight": 0.007634}, {"source": 29, "target": 72, "weight": 0.009709}, {"source": 29, "target": 66, "weight": 0.005988}, {"source": 29, "target": 107, "weight": 0.02381}, {"source": 29, "target": 96, "weight": 0.043478}, {"source": 29, "target": 51, "weight": 0.264865}, {"source": 29, "target": 67, "weight": 0.015228}, {"source": 29, "target": 98, "weight": 0.006993}, {"source": 29, "target": 120, "weight": 0.179245}, {"source": 29, "target": 89, "weight": 0.34}, {"source": 29, "target": 102, "weight": 0.002179}, {"source": 29, "target": 76, "weight": 0.019608}, {"source": 30, "target": 72, "weight": 0.02}, {"source": 30, "target": 89, "weight": 0.006803}, {"source": 30, "target": 51, "weight": 0.011173}, {"source": 30, "target": 113, "weight": 0.012987}, {"source": 31, "target": 39, "weight": 0.013158}, {"source": 31, "target": 96, "weight": 0.009524}, {"source": 31, "target": 98, "weight": 0.016216}, {"source": 31, "target": 102, "weight": 0.014085}, {"source": 31, "target": 48, "weight": 0.013605}, {"source": 31, "target": 104, "weight": 0.005319}, {"source": 31, "target": 51, "weight": 0.00361}, {"source": 31, "target": 80, "weight": 0.005102}, {"source": 31, "target": 56, "weight": 0.013889}, {"source": 31, "target": 113, "weight": 0.005747}, {"source": 31, "target": 114, "weight": 0.006061}, {"source": 31, "target": 116, "weight": 0.00545}, {"source": 31, "target": 43, "weight": 0.061111}, {"source": 31, "target": 65, "weight": 0.004425}, {"source": 31, "target": 66, "weight": 0.004739}, {"source": 31, "target": 86, "weight": 0.077348}, {"source": 31, "target": 67, "weight": 0.004115}, {"source": 31, "target": 90, "weight": 0.011494}, {"source": 32, "target": 72, "weight": 0.017544}, {"source": 32, "target": 51, "weight": 0.020747}, {"source": 32, "target": 89, "weight": 0.014286}, {"source": 32, "target": 76, "weight": 0.008696}, {"source": 32, "target": 53, "weight": 0.014085}, {"source": 33, "target": 74, "weight": 0.012987}, {"source": 33, "target": 101, "weight": 0.010929}, {"source": 33, "target": 65, "weight": 0.012821}, {"source": 34, "target": 95, "weight": 0.004854}, {"source": 34, "target": 98, "weight": 0.011628}, {"source": 34, "target": 99, "weight": 0.016393}, {"source": 34, "target": 101, "weight": 0.008403}, {"source": 34, "target": 102, "weight": 0.108597}, {"source": 34, "target": 107, "weight": 0.06422}, {"source": 34, "target": 51, "weight": 0.019305}, {"source": 34, "target": 80, "weight": 0.01105}, {"source": 34, "target": 53, "weight": 0.006211}, {"source": 34, "target": 111, "weight": 0.006536}, {"source": 34, "target": 113, "weight": 0.012579}, {"source": 34, "target": 114, "weight": 0.013333}, {"source": 34, "target": 116, "weight": 0.011396}, {"source": 34, "target": 62, "weight": 0.005405}, {"source": 34, "target": 42, "weight": 0.13913}, {"source": 34, "target": 43, "weight": 0.047337}, {"source": 34, "target": 65, "weight": 0.014286}, {"source": 34, "target": 66, "weight": 0.164706}, {"source": 34, "target": 86, "weight": 0.002667}, {"source": 34, "target": 56, "weight": 0.056}, {"source": 35, "target": 114, "weight": 0.013889}, {"source": 35, "target": 51, "weight": 0.022099}, {"source": 35, "target": 66, "weight": 0.15534}, {"source": 35, "target": 102, "weight": 0.043147}, {"source": 35, "target": 107, "weight": 0.15625}, {"source": 35, "target": 95, "weight": 0.007874}, {"source": 35, "target": 116, "weight": 0.003636}, {"source": 35, "target": 42, "weight": 0.575758}, {"source": 35, "target": 99, "weight": 0.009434}, {"source": 35, "target": 80, "weight": 0.009709}, {"source": 35, "target": 56, "weight": 0.104167}, {"source": 35, "target": 111, "weight": 0.013514}, {"source": 36, "target": 73, "weight": 0.010204}, {"source": 36, "target": 86, "weight": 0.010453}, {"source": 36, "target": 61, "weight": 0.08}, {"source": 36, "target": 63, "weight": 0.117647}, {"source": 36, "target": 65, "weight": 0.03252}, {"source": 36, "target": 106, "weight": 0.076923}, {"source": 36, "target": 102, "weight": 0.002481}, {"source": 36, "target": 69, "weight": 0.125}, {"source": 36, "target": 121, "weight": 0.008772}, {"source": 37, "target": 44, "weight": 0.395349}, {"source": 37, "target": 46, "weight": 0.607143}, {"source": 37, "target": 116, "weight": 0.069767}, {"source": 38, "target": 72, "weight": 0.012821}, {"source": 38, "target": 39, "weight": 0.011905}, {"source": 38, "target": 86, "weight": 0.009434}, {"source": 38, "target": 83, "weight": 0.505882}, {"source": 38, "target": 55, "weight": 0.005348}, {"source": 38, "target": 59, "weight": 0.007092}, {"source": 38, "target": 78, "weight": 0.019048}, {"source": 38, "target": 76, "weight": 0.025974}, {"source": 38, "target": 98, "weight": 0.008475}, {"source": 38, "target": 89, "weight": 0.011494}, {"source": 38, "target": 90, "weight": 0.038835}, {"source": 38, "target": 91, "weight": 0.0125}, {"source": 38, "target": 53, "weight": 0.009434}, {"source": 38, "target": 48, "weight": 0.025641}, {"source": 39, "target": 40, "weight": 0.104167}, {"source": 39, "target": 96, "weight": 0.007194}, {"source": 39, "target": 98, "weight": 0.008696}, {"source": 39, "target": 100, "weight": 0.00813}, {"source": 39, "target": 45, "weight": 0.020619}, {"source": 39, "target": 76, "weight": 0.013333}, {"source": 39, "target": 103, "weight": 0.010417}, {"source": 39, "target": 48, "weight": 0.790698}, {"source": 39, "target": 78, "weight": 0.625}, {"source": 39, "target": 53, "weight": 0.050505}, {"source": 39, "target": 55, "weight": 0.010929}, {"source": 39, "target": 58, "weight": 0.008299}, {"source": 39, "target": 83, "weight": 0.008065}, {"source": 39, "target": 86, "weight": 0.123675}, {"source": 39, "target": 90, "weight": 0.625}, {"source": 39, "target": 91, "weight": 0.012987}, {"source": 39, "target": 92, "weight": 0.082192}, {"source": 40, "target": 78, "weight": 0.071429}, {"source": 40, "target": 86, "weight": 0.021201}, {"source": 40, "target": 90, "weight": 0.071429}, {"source": 40, "target": 92, "weight": 0.06383}, {"source": 40, "target": 48, "weight": 0.116279}, {"source": 41, "target": 80, "weight": 0.007463}, {"source": 41, "target": 113, "weight": 0.018018}, {"source": 41, "target": 116, "weight": 0.026756}, {"source": 41, "target": 101, "weight": 0.005236}, {"source": 41, "target": 102, "weight": 0.004545}, {"source": 41, "target": 65, "weight": 0.006098}, {"source": 41, "target": 86, "weight": 0.003058}, {"source": 42, "target": 99, "weight": 0.017094}, {"source": 42, "target": 102, "weight": 0.044444}, {"source": 42, "target": 49, "weight": 0.015625}, {"source": 42, "target": 107, "weight": 0.113636}, {"source": 42, "target": 51, "weight": 0.020725}, {"source": 42, "target": 80, "weight": 0.008696}, {"source": 42, "target": 109, "weight": 0.024096}, {"source": 42, "target": 95, "weight": 0.007194}, {"source": 42, "target": 111, "weight": 0.011628}, {"source": 42, "target": 81, "weight": 0.015385}, {"source": 42, "target": 58, "weight": 0.004292}, {"source": 42, "target": 59, "weight": 0.023622}, {"source": 42, "target": 114, "weight": 0.011905}, {"source": 42, "target": 82, "weight": 0.014184}, {"source": 42, "target": 116, "weight": 0.003484}, {"source": 42, "target": 66, "weight": 0.149123}, {"source": 42, "target": 56, "weight": 0.083333}, {"source": 42, "target": 121, "weight": 0.030769}, {"source": 42, "target": 57, "weight": 0.005917}, {"source": 42, "target": 71, "weight": 0.022222}, {"source": 43, "target": 73, "weight": 0.006135}, {"source": 43, "target": 96, "weight": 0.023121}, {"source": 43, "target": 97, "weight": 0.018634}, {"source": 43, "target": 100, "weight": 0.003521}, {"source": 43, "target": 101, "weight": 0.018605}, {"source": 43, "target": 102, "weight": 0.019565}, {"source": 43, "target": 52, "weight": 0.023346}, {"source": 43, "target": 55, "weight": 0.004525}, {"source": 43, "target": 95, "weight": 0.01087}, {"source": 43, "target": 56, "weight": 0.009091}, {"source": 43, "target": 80, "weight": 0.0125}, {"source": 43, "target": 58, "weight": 0.007194}, {"source": 43, "target": 59, "weight": 0.005714}, {"source": 43, "target": 121, "weight": 0.011236}, {"source": 43, "target": 82, "weight": 0.196203}, {"source": 43, "target": 116, "weight": 0.012121}, {"source": 43, "target": 65, "weight": 0.015873}, {"source": 43, "target": 66, "weight": 0.023121}, {"source": 43, "target": 86, "weight": 0.005666}, {"source": 43, "target": 67, "weight": 0.004808}, {"source": 43, "target": 110, "weight": 0.134615}, {"source": 43, "target": 57, "weight": 0.13089}, {"source": 43, "target": 71, "weight": 0.010989}, {"source": 44, "target": 52, "weight": 0.008969}, {"source": 44, "target": 116, "weight": 0.064748}, {"source": 44, "target": 46, "weight": 0.382979}, {"source": 44, "target": 102, "weight": 0.002326}, {"source": 44, "target": 117, "weight": 0.012048}, {"source": 45, "target": 96, "weight": 0.00641}, {"source": 45, "target": 86, "weight": 0.040373}, {"source": 45, "target": 113, "weight": 0.008403}, {"source": 45, "target": 51, "weight": 0.004505}, {"source": 45, "target": 63, "weight": 0.008333}, {"source": 45, "target": 98, "weight": 0.015267}, {"source": 45, "target": 90, "weight": 0.016807}, {"source": 45, "target": 48, "weight": 0.021739}, {"source": 46, "target": 116, "weight": 0.064394}, {"source": 46, "target": 52, "weight": 0.009615}, {"source": 47, "target": 72, "weight": 0.044944}, {"source": 47, "target": 77, "weight": 0.011494}, {"source": 47, "target": 116, "weight": 0.00641}, {"source": 47, "target": 101, "weight": 0.005051}, {"source": 47, "target": 89, "weight": 0.005291}, {"source": 47, "target": 102, "weight": 0.002232}, {"source": 47, "target": 111, "weight": 0.008929}, {"source": 48, "target": 96, "weight": 0.007463}, {"source": 48, "target": 98, "weight": 0.009091}, {"source": 48, "target": 100, "weight": 0.008299}, {"source": 48, "target": 76, "weight": 0.014286}, {"source": 48, "target": 103, "weight": 0.010989}, {"source": 48, "target": 78, "weight": 0.523077}, {"source": 48, "target": 53, "weight": 0.053191}, {"source": 48, "target": 55, "weight": 0.011236}, {"source": 48, "target": 58, "weight": 0.008475}, {"source": 48, "target": 59, "weight": 0.007519}, {"source": 48, "target": 83, "weight": 0.016949}, {"source": 48, "target": 86, "weight": 0.121864}, {"source": 48, "target": 90, "weight": 0.546875}, {"source": 48, "target": 91, "weight": 0.013889}, {"source": 48, "target": 92, "weight": 0.088235}, {"source": 49, "target": 65, "weight": 0.013793}, {"source": 49, "target": 66, "weight": 0.007634}, {"source": 49, "target": 80, "weight": 0.008621}, {"source": 49, "target": 95, "weight": 0.007143}, {"source": 49, "target": 116, "weight": 0.003472}, {"source": 49, "target": 101, "weight": 0.011628}, {"source": 49, "target": 102, "weight": 0.009524}, {"source": 49, "target": 104, "weight": 0.009259}, {"source": 50, "target": 72, "weight": 0.005525}, {"source": 50, "target": 95, "weight": 0.180556}, {"source": 50, "target": 74, "weight": 0.011173}, {"source": 50, "target": 101, "weight": 0.032258}, {"source": 50, "target": 102, "weight": 0.03263}, {"source": 50, "target": 104, "weight": 0.179894}, {"source": 50, "target": 77, "weight": 0.005682}, {"source": 50, "target": 51, "weight": 0.003215}, {"source": 50, "target": 80, "weight": 0.017621}, {"source": 50, "target": 111, "weight": 0.239264}, {"source": 50, "target": 113, "weight": 0.009662}, {"source": 50, "target": 114, "weight": 0.010101}, {"source": 50, "target": 116, "weight": 0.002488}, {"source": 50, "target": 62, "weight": 0.012987}, {"source": 50, "target": 63, "weight": 0.004785}, {"source": 50, "target": 65, "weight": 0.023529}, {"source": 50, "target": 66, "weight": 0.004082}, {"source": 50, "target": 86, "weight": 0.007126}, {"source": 50, "target": 68, "weight": 0.006024}, {"source": 51, "target": 72, "weight": 0.005025}, {"source": 51, "target": 97, "weight": 0.008032}, {"source": 51, "target": 94, "weight": 0.004739}, {"source": 51, "target": 96, "weight": 0.035294}, {"source": 51, "target": 95, "weight": 0.00738}, {"source": 51, "target": 98, "weight": 0.004184}, {"source": 51, "target": 99, "weight": 0.003984}, {"source": 51, "target": 100, "weight": 0.002695}, {"source": 51, "target": 101, "weight": 0.003279}, {"source": 51, "target": 102, "weight": 0.007246}, {"source": 51, "target": 76, "weight": 0.020408}, {"source": 51, "target": 107, "weight": 0.022472}, {"source": 51, "target": 80, "weight": 0.004032}, {"source": 51, "target": 53, "weight": 0.004405}, {"source": 51, "target": 55, "weight": 0.003247}, {"source": 51, "target": 111, "weight": 0.004566}, {"source": 51, "target": 81, "weight": 0.003788}, {"source": 51, "target": 52, "weight": 0.005747}, {"source": 51, "target": 58, "weight": 0.011019}, {"source": 51, "target": 59, "weight": 0.011538}, {"source": 51, "target": 114, "weight": 0.004608}, {"source": 51, "target": 82, "weight": 0.007299}, {"source": 51, "target": 116, "weight": 0.007177}, {"source": 51, "target": 62, "weight": 0.003984}, {"source": 51, "target": 120, "weight": 0.027907}, {"source": 51, "target": 65, "weight": 0.003597}, {"source": 51, "target": 66, "weight": 0.011494}, {"source": 51, "target": 83, "weight": 0.004032}, {"source": 51, "target": 67, "weight": 0.013699}, {"source": 51, "target": 56, "weight": 0.010204}, {"source": 51, "target": 121, "weight": 0.003759}, {"source": 51, "target": 88, "weight": 0.005495}, {"source": 51, "target": 89, "weight": 0.269231}, {"source": 51, "target": 57, "weight": 0.003311}, {"source": 51, "target": 71, "weight": 0.005618}, {"source": 52, "target": 95, "weight": 0.035336}, {"source": 52, "target": 96, "weight": 0.003534}, {"source": 52, "target": 101, "weight": 0.028391}, {"source": 52, "target": 102, "weight": 0.023091}, {"source": 52, "target": 104, "weight": 0.023529}, {"source": 52, "target": 77, "weight": 0.004673}, {"source": 52, "target": 80, "weight": 0.007491}, {"source": 52, "target": 111, "weight": 0.030043}, {"source": 52, "target": 113, "weight": 0.012295}, {"source": 52, "target": 62, "weight": 0.022556}, {"source": 52, "target": 116, "weight": 0.032787}, {"source": 52, "target": 63, "weight": 0.004049}, {"source": 52, "target": 65, "weight": 0.023973}, {"source": 52, "target": 66, "weight": 0.003534}, {"source": 52, "target": 86, "weight": 0.004348}, {"source": 52, "target": 67, "weight": 0.003175}, {"source": 52, "target": 68, "weight": 0.004902}, {"source": 52, "target": 88, "weight": 0.00495}, {"source": 52, "target": 89, "weight": 0.003165}, {"source": 53, "target": 97, "weight": 0.013605}, {"source": 53, "target": 101, "weight": 0.004926}, {"source": 53, "target": 103, "weight": 0.008475}, {"source": 53, "target": 78, "weight": 0.041322}, {"source": 53, "target": 79, "weight": 0.013514}, {"source": 53, "target": 80, "weight": 0.006849}, {"source": 53, "target": 113, "weight": 0.008065}, {"source": 53, "target": 58, "weight": 0.007605}, {"source": 53, "target": 59, "weight": 0.00625}, {"source": 53, "target": 63, "weight": 0.008}, {"source": 53, "target": 83, "weight": 0.006849}, {"source": 53, "target": 65, "weight": 0.005682}, {"source": 53, "target": 86, "weight": 0.017964}, {"source": 53, "target": 67, "weight": 0.005181}, {"source": 53, "target": 90, "weight": 0.032787}, {"source": 54, "target": 77, "weight": 0.012658}, {"source": 54, "target": 86, "weight": 0.003067}, {"source": 54, "target": 58, "weight": 0.003984}, {"source": 54, "target": 59, "weight": 0.006803}, {"source": 54, "target": 96, "weight": 0.006757}, {"source": 54, "target": 116, "weight": 0.02}, {"source": 54, "target": 67, "weight": 0.005556}, {"source": 54, "target": 120, "weight": 0.009524}, {"source": 54, "target": 101, "weight": 0.005263}, {"source": 54, "target": 63, "weight": 0.008929}, {"source": 54, "target": 102, "weight": 0.002273}, {"source": 54, "target": 92, "weight": 0.011494}, {"source": 54, "target": 65, "weight": 0.006135}, {"source": 54, "target": 117, "weight": 0.010753}, {"source": 55, "target": 96, "weight": 0.004132}, {"source": 55, "target": 98, "weight": 0.177419}, {"source": 55, "target": 76, "weight": 0.005618}, {"source": 55, "target": 107, "weight": 0.018987}, {"source": 55, "target": 56, "weight": 0.005682}, {"source": 55, "target": 61, "weight": 0.006369}, {"source": 55, "target": 65, "weight": 0.003891}, {"source": 55, "target": 86, "weight": 0.349359}, {"source": 55, "target": 67, "weight": 0.007326}, {"source": 55, "target": 106, "weight": 0.006329}, {"source": 55, "target": 89, "weight": 0.007299}, {"source": 55, "target": 90, "weight": 0.009756}, {"source": 55, "target": 122, "weight": 0.040816}, {"source": 55, "target": 69, "weight": 0.006024}, {"source": 56, "target": 99, "weight": 0.008403}, {"source": 56, "target": 102, "weight": 0.014354}, {"source": 56, "target": 107, "weight": 0.162791}, {"source": 56, "target": 81, "weight": 0.007576}, {"source": 56, "target": 121, "weight": 0.015038}, {"source": 56, "target": 82, "weight": 0.028571}, {"source": 56, "target": 116, "weight": 0.003472}, {"source": 56, "target": 66, "weight": 0.056}, {"source": 56, "target": 86, "weight": 0.009772}, {"source": 56, "target": 57, "weight": 0.005882}, {"source": 57, "target": 66, "weight": 0.19697}, {"source": 57, "target": 86, "weight": 0.004843}, {"source": 57, "target": 102, "weight": 0.003795}, {"source": 57, "target": 107, "weight": 0.006494}, {"source": 57, "target": 108, "weight": 0.006452}, {"source": 57, "target": 116, "weight": 0.002545}, {"source": 57, "target": 99, "weight": 0.004464}, {"source": 57, "target": 101, "weight": 0.003597}, {"source": 57, "target": 80, "weight": 0.013699}, {"source": 57, "target": 65, "weight": 0.008}, {"source": 57, "target": 69, "weight": 0.00625}, {"source": 58, "target": 95, "weight": 0.003236}, {"source": 58, "target": 96, "weight": 0.331858}, {"source": 58, "target": 74, "weight": 0.008547}, {"source": 58, "target": 75, "weight": 0.004717}, {"source": 58, "target": 102, "weight": 0.02773}, {"source": 58, "target": 76, "weight": 0.004237}, {"source": 58, "target": 104, "weight": 0.00361}, {"source": 58, "target": 111, "weight": 0.003906}, {"source": 58, "target": 116, "weight": 0.008811}, {"source": 58, "target": 120, "weight": 0.167421}, {"source": 58, "target": 65, "weight": 0.006369}, {"source": 58, "target": 66, "weight": 0.003333}, {"source": 58, "target": 86, "weight": 0.023504}, {"source": 58, "target": 67, "weight": 0.405063}, {"source": 58, "target": 88, "weight": 0.009174}, {"source": 58, "target": 101, "weight": 0.014793}, {"source": 58, "target": 89, "weight": 0.018293}, {"source": 58, "target": 90, "weight": 0.007605}, {"source": 59, "target": 95, "weight": 0.009804}, {"source": 59, "target": 96, "weight": 0.005102}, {"source": 59, "target": 101, "weight": 0.021368}, {"source": 59, "target": 102, "weight": 0.008247}, {"source": 59, "target": 104, "weight": 0.00578}, {"source": 59, "target": 80, "weight": 0.011111}, {"source": 59, "target": 111, "weight": 0.006579}, {"source": 59, "target": 114, "weight": 0.006667}, {"source": 59, "target": 116, "weight": 0.008547}, {"source": 59, "target": 62, "weight": 0.005435}, {"source": 59, "target": 120, "weight": 0.006536}, {"source": 59, "target": 65, "weight": 0.004739}, {"source": 59, "target": 66, "weight": 0.020725}, {"source": 59, "target": 86, "weight": 0.002674}, {"source": 59, "target": 67, "weight": 0.004386}, {"source": 59, "target": 88, "weight": 0.074074}, {"source": 59, "target": 90, "weight": 0.00625}, {"source": 60, "target": 62, "weight": 0.204545}, {"source": 61, "target": 112, "weight": 0.010526}, {"source": 61, "target": 86, "weight": 0.00692}, {"source": 61, "target": 63, "weight": 0.026667}, {"source": 61, "target": 106, "weight": 0.8125}, {"source": 61, "target": 101, "weight": 0.006494}, {"source": 61, "target": 109, "weight": 0.015152}, {"source": 61, "target": 69, "weight": 0.541667}, {"source": 61, "target": 65, "weight": 0.113043}, {"source": 62, "target": 94, "weight": 0.063492}, {"source": 62, "target": 74, "weight": 0.008333}, {"source": 62, "target": 100, "weight": 0.017301}, {"source": 62, "target": 102, "weight": 0.004202}, {"source": 62, "target": 103, "weight": 0.007042}, {"source": 62, "target": 105, "weight": 0.022556}, {"source": 62, "target": 77, "weight": 0.026316}, {"source": 62, "target": 111, "weight": 0.014286}, {"source": 62, "target": 65, "weight": 0.005}, {"source": 62, "target": 117, "weight": 0.031496}, {"source": 62, "target": 86, "weight": 0.002755}, {"source": 62, "target": 68, "weight": 0.009434}, {"source": 62, "target": 115, "weight": 0.028846}, {"source": 63, "target": 100, "weight": 0.003717}, {"source": 63, "target": 102, "weight": 0.01566}, {"source": 63, "target": 104, "weight": 0.007246}, {"source": 63, "target": 121, "weight": 0.006098}, {"source": 63, "target": 111, "weight": 0.008547}, {"source": 63, "target": 81, "weight": 0.006173}, {"source": 63, "target": 114, "weight": 0.008696}, {"source": 63, "target": 65, "weight": 0.023121}, {"source": 63, "target": 66, "weight": 0.006211}, {"source": 63, "target": 86, "weight": 0.005917}, {"source": 63, "target": 106, "weight": 0.026316}, {"source": 63, "target": 90, "weight": 0.008}, {"source": 63, "target": 69, "weight": 0.04878}, {"source": 64, "target": 80, "weight": 0.009615}, {"source": 64, "target": 114, "weight": 0.027778}, {"source": 64, "target": 101, "weight": 0.0125}, {"source": 64, "target": 102, "weight": 0.002433}, {"source": 64, "target": 104, "weight": 0.010417}, {"source": 64, "target": 95, "weight": 0.007813}, {"source": 65, "target": 84, "weight": 0.006711}, {"source": 65, "target": 97, "weight": 0.129944}, {"source": 65, "target": 74, "weight": 0.042254}, {"source": 65, "target": 100, "weight": 0.012618}, {"source": 65, "target": 101, "weight": 0.275}, {"source": 65, "target": 102, "weight": 0.005976}, {"source": 65, "target": 81, "weight": 0.019048}, {"source": 65, "target": 104, "weight": 0.010638}, {"source": 65, "target": 105, "weight": 0.006173}, {"source": 65, "target": 77, "weight": 0.066667}, {"source": 65, "target": 80, "weight": 0.005076}, {"source": 65, "target": 109, "weight": 0.012121}, {"source": 65, "target": 95, "weight": 0.067308}, {"source": 65, "target": 111, "weight": 0.024242}, {"source": 65, "target": 112, "weight": 0.015544}, {"source": 65, "target": 113, "weight": 0.017341}, {"source": 65, "target": 82, "weight": 0.0181}, {"source": 65, "target": 116, "weight": 0.00271}, {"source": 65, "target": 66, "weight": 0.024038}, {"source": 65, "target": 86, "weight": 0.007732}, {"source": 65, "target": 110, "weight": 0.006536}, {"source": 65, "target": 121, "weight": 0.023697}, {"source": 65, "target": 106, "weight": 0.112069}, {"source": 65, "target": 69, "weight": 0.191304}, {"source": 66, "target": 73, "weight": 0.010929}, {"source": 66, "target": 74, "weight": 0.007576}, {"source": 66, "target": 100, "weight": 0.003279}, {"source": 66, "target": 101, "weight": 0.012658}, {"source": 66, "target": 102, "weight": 0.058315}, {"source": 66, "target": 81, "weight": 0.020513}, {"source": 66, "target": 104, "weight": 0.005747}, {"source": 66, "target": 105, "weight": 0.006803}, {"source": 66, "target": 107, "weight": 0.06422}, {"source": 66, "target": 80, "weight": 0.01105}, {"source": 66, "target": 109, "weight": 0.006623}, {"source": 66, "target": 110, "weight": 0.007246}, {"source": 66, "target": 95, "weight": 0.009756}, {"source": 66, "target": 111, "weight": 0.013158}, {"source": 66, "target": 112, "weight": 0.011173}, {"source": 66, "target": 113, "weight": 0.00625}, {"source": 66, "target": 114, "weight": 0.013333}, {"source": 66, "target": 82, "weight": 0.029412}, {"source": 66, "target": 116, "weight": 0.008523}, {"source": 66, "target": 97, "weight": 0.005435}, {"source": 66, "target": 117, "weight": 0.007042}, {"source": 66, "target": 86, "weight": 0.008043}, {"source": 66, "target": 99, "weight": 0.01087}, {"source": 66, "target": 76, "weight": 0.007519}, {"source": 66, "target": 121, "weight": 0.456522}, {"source": 66, "target": 89, "weight": 0.004348}, {"source": 66, "target": 69, "weight": 0.008264}, {"source": 66, "target": 71, "weight": 0.018018}, {"source": 67, "target": 96, "weight": 0.493506}, {"source": 67, "target": 75, "weight": 0.007092}, {"source": 67, "target": 78, "weight": 0.005181}, {"source": 67, "target": 80, "weight": 0.004673}, {"source": 67, "target": 82, "weight": 0.004149}, {"source": 67, "target": 116, "weight": 0.005195}, {"source": 67, "target": 120, "weight": 0.246667}, {"source": 67, "target": 118, "weight": 0.006211}, {"source": 67, "target": 86, "weight": 0.009901}, {"source": 67, "target": 87, "weight": 0.005814}, {"source": 67, "target": 101, "weight": 0.00369}, {"source": 67, "target": 89, "weight": 0.015444}, {"source": 67, "target": 92, "weight": 0.062893}, {"source": 67, "target": 70, "weight": 0.006667}, {"source": 68, "target": 94, "weight": 0.030769}, {"source": 68, "target": 100, "weight": 0.004425}, {"source": 68, "target": 102, "weight": 0.002439}, {"source": 69, "target": 112, "weight": 0.009615}, {"source": 69, "target": 86, "weight": 0.006711}, {"source": 69, "target": 82, "weight": 0.007519}, {"source": 69, "target": 106, "weight": 0.52}, {"source": 69, "target": 101, "weight": 0.006135}, {"source": 69, "target": 109, "weight": 0.013333}, {"source": 69, "target": 121, "weight": 0.008065}, {"source": 70, "target": 120, "weight": 0.013333}, {"source": 70, "target": 96, "weight": 0.008475}, {"source": 70, "target": 86, "weight": 0.003378}, {"source": 71, "target": 114, "weight": 0.015152}, {"source": 71, "target": 80, "weight": 0.010309}, {"source": 71, "target": 95, "weight": 0.008264}, {"source": 71, "target": 102, "weight": 0.033163}, {"source": 71, "target": 86, "weight": 0.003448}, {"source": 71, "target": 111, "weight": 0.014706}, {"source": 72, "target": 97, "weight": 0.008333}, {"source": 72, "target": 83, "weight": 0.4}, {"source": 72, "target": 89, "weight": 0.006024}, {"source": 72, "target": 102, "weight": 0.002353}, {"source": 72, "target": 111, "weight": 0.011236}, {"source": 73, "target": 86, "weight": 0.008333}, {"source": 73, "target": 102, "weight": 0.006329}, {"source": 73, "target": 107, "weight": 0.009804}, {"source": 73, "target": 108, "weight": 0.009709}, {"source": 73, "target": 116, "weight": 0.002933}, {"source": 73, "target": 99, "weight": 0.005814}, {"source": 73, "target": 80, "weight": 0.005917}, {"source": 74, "target": 95, "weight": 0.007092}, {"source": 74, "target": 101, "weight": 0.005747}, {"source": 74, "target": 102, "weight": 0.004728}, {"source": 74, "target": 103, "weight": 0.011236}, {"source": 74, "target": 81, "weight": 0.022901}, {"source": 74, "target": 104, "weight": 0.009174}, {"source": 74, "target": 80, "weight": 0.008547}, {"source": 74, "target": 121, "weight": 0.007407}, {"source": 74, "target": 111, "weight": 0.011364}, {"source": 74, "target": 112, "weight": 0.008696}, {"source": 74, "target": 113, "weight": 0.010526}, {"source": 74, "target": 114, "weight": 0.011628}, {"source": 74, "target": 86, "weight": 0.006472}, {"source": 75, "target": 112, "weight": 0.01087}, {"source": 75, "target": 96, "weight": 0.009174}, {"source": 75, "target": 92, "weight": 0.042553}, {"source": 76, "target": 98, "weight": 0.009174}, {"source": 76, "target": 102, "weight": 0.004717}, {"source": 76, "target": 78, "weight": 0.010309}, {"source": 76, "target": 81, "weight": 0.007463}, {"source": 76, "target": 114, "weight": 0.011494}, {"source": 76, "target": 83, "weight": 0.025862}, {"source": 76, "target": 86, "weight": 0.006452}, {"source": 76, "target": 89, "weight": 0.030864}, {"source": 76, "target": 90, "weight": 0.010309}, {"source": 76, "target": 122, "weight": 0.023256}, {"source": 76, "target": 91, "weight": 0.014085}, {"source": 76, "target": 92, "weight": 0.013889}, {"source": 77, "target": 113, "weight": 0.010989}, {"source": 77, "target": 97, "weight": 0.06422}, {"source": 77, "target": 95, "weight": 0.029851}, {"source": 77, "target": 100, "weight": 0.004237}, {"source": 77, "target": 101, "weight": 0.062112}, {"source": 77, "target": 104, "weight": 0.009524}, {"source": 77, "target": 117, "weight": 0.013699}, {"source": 78, "target": 86, "weight": 0.168385}, {"source": 78, "target": 96, "weight": 0.0125}, {"source": 78, "target": 98, "weight": 0.007299}, {"source": 78, "target": 120, "weight": 0.008475}, {"source": 78, "target": 90, "weight": 0.594937}, {"source": 79, "target": 86, "weight": 0.006969}, {"source": 80, "target": 95, "weight": 0.015873}, {"source": 80, "target": 84, "weight": 0.008403}, {"source": 80, "target": 100, "weight": 0.013937}, {"source": 80, "target": 101, "weight": 0.004464}, {"source": 80, "target": 102, "weight": 0.014957}, {"source": 80, "target": 103, "weight": 0.068702}, {"source": 80, "target": 104, "weight": 0.025641}, {"source": 80, "target": 105, "weight": 0.007576}, {"source": 80, "target": 109, "weight": 0.007353}, {"source": 80, "target": 111, "weight": 0.014599}, {"source": 80, "target": 81, "weight": 0.045455}, {"source": 80, "target": 113, "weight": 0.020979}, {"source": 80, "target": 114, "weight": 0.045802}, {"source": 80, "target": 82, "weight": 0.005155}, {"source": 80, "target": 116, "weight": 0.005917}, {"source": 80, "target": 97, "weight": 0.017964}, {"source": 80, "target": 86, "weight": 0.02849}, {"source": 80, "target": 99, "weight": 0.017857}, {"source": 80, "target": 121, "weight": 0.005405}, {"source": 81, "target": 101, "weight": 0.021186}, {"source": 81, "target": 102, "weight": 0.040254}, {"source": 81, "target": 104, "weight": 0.073171}, {"source": 81, "target": 107, "weight": 0.008621}, {"source": 81, "target": 95, "weight": 0.024631}, {"source": 81, "target": 111, "weight": 0.013072}, {"source": 81, "target": 113, "weight": 0.0125}, {"source": 81, "target": 114, "weight": 0.264463}, {"source": 81, "target": 116, "weight": 0.002817}, {"source": 81, "target": 85, "weight": 0.027778}, {"source": 81, "target": 86, "weight": 0.013441}, {"source": 81, "target": 99, "weight": 0.068571}, {"source": 82, "target": 96, "weight": 0.004785}, {"source": 82, "target": 99, "weight": 0.015385}, {"source": 82, "target": 101, "weight": 0.02439}, {"source": 82, "target": 102, "weight": 0.045833}, {"source": 82, "target": 104, "weight": 0.005376}, {"source": 82, "target": 107, "weight": 0.007874}, {"source": 82, "target": 95, "weight": 0.023364}, {"source": 82, "target": 111, "weight": 0.012195}, {"source": 82, "target": 114, "weight": 0.006135}, {"source": 82, "target": 116, "weight": 0.02514}, {"source": 82, "target": 86, "weight": 0.002584}, {"source": 82, "target": 88, "weight": 0.007813}, {"source": 83, "target": 86, "weight": 0.00838}, {"source": 83, "target": 90, "weight": 0.027972}, {"source": 83, "target": 98, "weight": 0.006329}, {"source": 83, "target": 89, "weight": 0.014085}, {"source": 83, "target": 102, "weight": 0.00211}, {"source": 83, "target": 111, "weight": 0.007246}, {"source": 84, "target": 86, "weight": 0.003205}, {"source": 84, "target": 95, "weight": 0.014085}, {"source": 84, "target": 101, "weight": 0.011429}, {"source": 84, "target": 104, "weight": 0.009009}, {"source": 84, "target": 111, "weight": 0.011111}, {"source": 85, "target": 103, "weight": 0.015152}, {"source": 85, "target": 105, "weight": 0.2}, {"source": 85, "target": 115, "weight": 0.47619}, {"source": 86, "target": 95, "weight": 0.005222}, {"source": 86, "target": 96, "weight": 0.013477}, {"source": 86, "target": 97, "weight": 0.002762}, {"source": 86, "target": 98, "weight": 0.11746}, {"source": 86, "target": 100, "weight": 0.008333}, {"source": 86, "target": 102, "weight": 0.013657}, {"source": 86, "target": 103, "weight": 0.074194}, {"source": 86, "target": 104, "weight": 0.008571}, {"source": 86, "target": 105, "weight": 0.006173}, {"source": 86, "target": 106, "weight": 0.006897}, {"source": 86, "target": 107, "weight": 0.006849}, {"source": 86, "target": 94, "weight": 0.003096}, {"source": 86, "target": 87, "weight": 0.003145}, {"source": 86, "target": 109, "weight": 0.006098}, {"source": 86, "target": 111, "weight": 0.003021}, {"source": 86, "target": 114, "weight": 0.009174}, {"source": 86, "target": 116, "weight": 0.00188}, {"source": 86, "target": 92, "weight": 0.032787}, {"source": 86, "target": 118, "weight": 0.006536}, {"source": 86, "target": 90, "weight": 0.118421}, {"source": 86, "target": 99, "weight": 0.005525}, {"source": 86, "target": 120, "weight": 0.006042}, {"source": 86, "target": 121, "weight": 0.013369}, {"source": 86, "target": 101, "weight": 0.007229}, {"source": 86, "target": 89, "weight": 0.004914}, {"source": 86, "target": 122, "weight": 0.021429}, {"source": 86, "target": 91, "weight": 0.117438}, {"source": 87, "target": 108, "weight": 0.2}, {"source": 87, "target": 120, "weight": 0.010309}, {"source": 88, "target": 102, "weight": 0.002451}, {"source": 88, "target": 101, "weight": 0.006329}, {"source": 89, "target": 96, "weight": 0.035874}, {"source": 89, "target": 97, "weight": 0.004608}, {"source": 89, "target": 102, "weight": 0.001916}, {"source": 89, "target": 107, "weight": 0.013605}, {"source": 89, "target": 116, "weight": 0.005181}, {"source": 89, "target": 120, "weight": 0.062147}, {"source": 89, "target": 92, "weight": 0.011905}, {"source": 90, "target": 96, "weight": 0.006211}, {"source": 90, "target": 98, "weight": 0.007299}, {"source": 90, "target": 100, "weight": 0.007463}, {"source": 90, "target": 103, "weight": 0.008475}, {"source": 90, "target": 91, "weight": 0.010101}, {"source": 90, "target": 92, "weight": 0.063158}, {"source": 91, "target": 98, "weight": 0.473684}, {"source": 91, "target": 99, "weight": 0.00813}, {"source": 91, "target": 122, "weight": 0.121951}, {"source": 92, "target": 96, "weight": 0.07874}, {"source": 92, "target": 116, "weight": 0.003413}, {"source": 92, "target": 120, "weight": 0.08046}, {"source": 92, "target": 102, "weight": 0.002336}, {"source": 93, "target": 121, "weight": 0.009091}, {"source": 93, "target": 116, "weight": 0.003788}, {"source": 93, "target": 102, "weight": 0.002506}, {"source": 94, "target": 102, "weight": 0.002288}, {"source": 94, "target": 111, "weight": 0.009901}, {"source": 95, "target": 114, "weight": 0.018987}, {"source": 95, "target": 96, "weight": 0.009756}, {"source": 95, "target": 100, "weight": 0.029412}, {"source": 95, "target": 101, "weight": 0.121622}, {"source": 95, "target": 102, "weight": 0.070815}, {"source": 95, "target": 103, "weight": 0.006135}, {"source": 95, "target": 104, "weight": 0.483871}, {"source": 95, "target": 109, "weight": 0.00625}, {"source": 95, "target": 111, "weight": 0.051613}, {"source": 95, "target": 113, "weight": 0.017964}, {"source": 95, "target": 116, "weight": 0.00831}, {"source": 95, "target": 97, "weight": 0.141176}, {"source": 95, "target": 99, "weight": 0.005155}, {"source": 95, "target": 121, "weight": 0.009615}, {"source": 96, "target": 102, "weight": 0.004098}, {"source": 96, "target": 121, "weight": 0.005}, {"source": 96, "target": 116, "weight": 0.005666}, {"source": 96, "target": 120, "weight": 0.324786}, {"source": 97, "target": 102, "weight": 0.006329}, {"source": 97, "target": 116, "weight": 0.005882}, {"source": 97, "target": 99, "weight": 0.005814}, {"source": 97, "target": 101, "weight": 0.268156}, {"source": 97, "target": 113, "weight": 0.049645}, {"source": 97, "target": 104, "weight": 0.031847}, {"source": 97, "target": 111, "weight": 0.007143}, {"source": 98, "target": 99, "weight": 0.006211}, {"source": 98, "target": 103, "weight": 0.007692}, {"source": 98, "target": 109, "weight": 0.007874}, {"source": 98, "target": 118, "weight": 0.019231}, {"source": 98, "target": 120, "weight": 0.007692}, {"source": 98, "target": 122, "weight": 0.076923}, {"source": 99, "target": 100, "weight": 0.027972}, {"source": 99, "target": 101, "weight": 0.00885}, {"source": 99, "target": 102, "weight": 0.021368}, {"source": 99, "target": 105, "weight": 0.046154}, {"source": 99, "target": 107, "weight": 0.009709}, {"source": 99, "target": 113, "weight": 0.006757}, {"source": 99, "target": 114, "weight": 0.007194}, {"source": 99, "target": 116, "weight": 0.002924}, {"source": 99, "target": 121, "weight": 0.005319}, {"source": 100, "target": 101, "weight": 0.020528}, {"source": 100, "target": 102, "weight": 0.01528}, {"source": 100, "target": 104, "weight": 0.014337}, {"source": 100, "target": 111, "weight": 0.023438}, {"source": 100, "target": 113, "weight": 0.007491}, {"source": 100, "target": 116, "weight": 0.008715}, {"source": 101, "target": 102, "weight": 0.013333}, {"source": 101, "target": 103, "weight": 0.005102}, {"source": 101, "target": 104, "weight": 0.033333}, {"source": 101, "target": 105, "weight": 0.005291}, {"source": 101, "target": 106, "weight": 0.006452}, {"source": 101, "target": 109, "weight": 0.005181}, {"source": 101, "target": 111, "weight": 0.010309}, {"source": 101, "target": 112, "weight": 0.004505}, {"source": 101, "target": 113, "weight": 0.015}, {"source": 101, "target": 121, "weight": 0.0125}, {"source": 102, "target": 103, "weight": 0.006757}, {"source": 102, "target": 104, "weight": 0.040089}, {"source": 102, "target": 105, "weight": 0.009174}, {"source": 102, "target": 121, "weight": 0.029228}, {"source": 102, "target": 107, "weight": 0.012407}, {"source": 102, "target": 115, "weight": 0.002439}, {"source": 102, "target": 109, "weight": 0.004525}, {"source": 102, "target": 111, "weight": 0.015945}, {"source": 102, "target": 112, "weight": 0.002119}, {"source": 102, "target": 113, "weight": 0.013423}, {"source": 102, "target": 116, "weight": 0.018898}, {"source": 102, "target": 117, "weight": 0.002304}, {"source": 102, "target": 114, "weight": 0.034965}, {"source": 103, "target": 104, "weight": 0.015385}, {"source": 103, "target": 114, "weight": 0.028302}, {"source": 104, "target": 114, "weight": 0.09322}, {"source": 104, "target": 105, "weight": 0.01626}, {"source": 104, "target": 111, "weight": 0.031496}, {"source": 104, "target": 112, "weight": 0.006369}, {"source": 104, "target": 121, "weight": 0.00565}, {"source": 105, "target": 113, "weight": 0.018349}, {"source": 105, "target": 114, "weight": 0.030303}, {"source": 106, "target": 112, "weight": 0.010417}, {"source": 107, "target": 121, "weight": 0.017094}, {"source": 107, "target": 116, "weight": 0.003676}, {"source": 108, "target": 119, "weight": 0.473684}, {"source": 109, "target": 122, "weight": 0.016393}, {"source": 111, "target": 113, "weight": 0.008621}, {"source": 111, "target": 114, "weight": 0.018868}, {"source": 111, "target": 121, "weight": 0.00641}, {"source": 112, "target": 116, "weight": 0.008955}, {"source": 112, "target": 114, "weight": 0.007463}, {"source": 113, "target": 121, "weight": 0.006135}, {"source": 113, "target": 116, "weight": 0.012739}, {"source": 113, "target": 118, "weight": 0.01087}, {"source": 116, "target": 121, "weight": 0.011299}, {"source": 116, "target": 120, "weight": 0.003215}, {"source": 116, "target": 117, "weight": 0.006711}, {"source": 118, "target": 122, "weight": 0.025641}], "multigraph": false}