{"directed": false, "graph": {}, "nodes": [{"group": 0, "id": "smirch", "degree": 18}, {"group": 1, "id": "smaller"}, {"group": 1, "id": "smothered", "degree": 7}, {"group": 2, "id": "smoothly"}, {"group": 3, "id": "smashing", "degree": 13}, {"group": 3, "id": "smother", "degree": 16}, {"group": 3, "id": "smashup"}, {"group": 1, "id": "smoker"}, {"group": 1, "id": "smoldering", "degree": 9}, {"group": 2, "id": "smelly"}, {"group": 5, "id": "smirched"}, {"group": 2, "id": "smarmy", "degree": 5}, {"group": 6, "id": "smiling"}, {"group": 0, "id": "smallpox"}, {"group": 3, "id": "smite"}, {"group": 3, "id": "smelt"}, {"group": 6, "id": "smirk", "degree": 5}, {"group": 2, "id": "smoother"}, {"group": 3, "id": "smith", "degree": 0}, {"group": 5, "id": "smutty"}, {"group": 8, "id": "smallness", "degree": 1}, {"group": 6, "id": "smile"}, {"group": 3, "id": "smell", "degree": 8}, {"group": 2, "id": "smart"}, {"group": 3, "id": "smatter", "degree": 9}, {"group": 7, "id": "smitten", "degree": 0}, {"group": 3, "id": "smolder"}, {"group": 0, "id": "smut"}, {"group": 0, "id": "smudge"}, {"group": 8, "id": "smugness", "degree": 1}, {"group": 2, "id": "small", "degree": 25}, {"group": 3, "id": "smack"}, {"group": 4, "id": "smarty", "degree": 0}, {"group": 2, "id": "smug", "degree": 9}, {"group": 1, "id": "smoking"}, {"group": 3, "id": "smidgen", "degree": 6}, {"group": 3, "id": "smash", "degree": 22}, {"group": 5, "id": "smudgy", "degree": 6}, {"group": 0, "id": "smear"}, {"group": 5, "id": "smoky"}, {"group": 1, "id": "smacking", "degree": 3}, {"group": 2, "id": "smooth", "degree": 27}, {"group": 0, "id": "smooch", "degree": 17}, {"group": 3, "id": "smattering"}, {"group": 3, "id": "smithereen", "degree": 6}, {"group": 0, "id": "smoke", "degree": 20}, {"group": 1, "id": "smashed"}, {"group": 6, "id": "smirking", "degree": 7}, {"group": 1, "id": "smelting", "degree": 3}], "links": [{"source": 0, "target": 5, "weight": 0.016043}, {"source": 0, "target": 9, "weight": 0.01}, {"source": 0, "target": 10, "weight": 0.010526}, {"source": 0, "target": 19, "weight": 0.016}, {"source": 0, "target": 22, "weight": 0.015504}, {"source": 0, "target": 24, "weight": 0.012821}, {"source": 0, "target": 26, "weight": 0.016129}, {"source": 0, "target": 27, "weight": 0.240223}, {"source": 0, "target": 28, "weight": 0.585106}, {"source": 0, "target": 37, "weight": 0.011628}, {"source": 0, "target": 31, "weight": 0.021201}, {"source": 0, "target": 8, "weight": 0.008}, {"source": 0, "target": 34, "weight": 0.007813}, {"source": 0, "target": 35, "weight": 0.038095}, {"source": 0, "target": 36, "weight": 0.006042}, {"source": 0, "target": 38, "weight": 0.364238}, {"source": 0, "target": 39, "weight": 0.007576}, {"source": 0, "target": 41, "weight": 0.002347}, {"source": 0, "target": 42, "weight": 0.074074}, {"source": 0, "target": 43, "weight": 0.027523}, {"source": 0, "target": 44, "weight": 0.009174}, {"source": 0, "target": 45, "weight": 0.171569}, {"source": 0, "target": 30, "weight": 0.007752}, {"source": 1, "target": 30, "weight": 0.00939}, {"source": 1, "target": 41, "weight": 0.002625}, {"source": 1, "target": 2, "weight": 0.016667}, {"source": 2, "target": 39, "weight": 0.009434}, {"source": 2, "target": 41, "weight": 0.005013}, {"source": 2, "target": 5, "weight": 0.006135}, {"source": 2, "target": 7, "weight": 0.014493}, {"source": 2, "target": 46, "weight": 0.070707}, {"source": 2, "target": 30, "weight": 0.004292}, {"source": 2, "target": 8, "weight": 0.041667}, {"source": 3, "target": 33, "weight": 0.023256}, {"source": 3, "target": 11, "weight": 0.040816}, {"source": 3, "target": 41, "weight": 0.005168}, {"source": 4, "target": 36, "weight": 0.067901}, {"source": 4, "target": 24, "weight": 0.010989}, {"source": 4, "target": 37, "weight": 0.010101}, {"source": 4, "target": 38, "weight": 0.009217}, {"source": 4, "target": 40, "weight": 0.007752}, {"source": 4, "target": 5, "weight": 0.015}, {"source": 4, "target": 33, "weight": 0.037313}, {"source": 4, "target": 31, "weight": 0.02027}, {"source": 4, "target": 9, "weight": 0.00885}, {"source": 4, "target": 30, "weight": 0.003676}, {"source": 4, "target": 34, "weight": 0.007092}, {"source": 4, "target": 8, "weight": 0.014599}, {"source": 4, "target": 6, "weight": 0.039216}, {"source": 4, "target": 23, "weight": 0.023256}, {"source": 5, "target": 21, "weight": 0.0125}, {"source": 5, "target": 36, "weight": 0.08011}, {"source": 5, "target": 24, "weight": 0.007353}, {"source": 5, "target": 6, "weight": 0.006667}, {"source": 5, "target": 41, "weight": 0.014644}, {"source": 5, "target": 39, "weight": 0.005263}, {"source": 5, "target": 27, "weight": 0.01083}, {"source": 5, "target": 28, "weight": 0.019704}, {"source": 5, "target": 43, "weight": 0.011905}, {"source": 5, "target": 8, "weight": 0.016575}, {"source": 5, "target": 31, "weight": 0.017595}, {"source": 5, "target": 14, "weight": 0.015228}, {"source": 5, "target": 45, "weight": 0.04947}, {"source": 5, "target": 38, "weight": 0.035294}, {"source": 5, "target": 33, "weight": 0.005464}, {"source": 5, "target": 22, "weight": 0.021622}, {"source": 5, "target": 26, "weight": 0.202614}, {"source": 5, "target": 23, "weight": 0.009804}, {"source": 6, "target": 36, "weight": 0.097015}, {"source": 6, "target": 24, "weight": 0.025641}, {"source": 6, "target": 45, "weight": 0.005025}, {"source": 7, "target": 8, "weight": 0.011236}, {"source": 7, "target": 41, "weight": 0.002564}, {"source": 8, "target": 36, "weight": 0.003067}, {"source": 8, "target": 19, "weight": 0.008333}, {"source": 8, "target": 41, "weight": 0.002381}, {"source": 8, "target": 39, "weight": 0.040984}, {"source": 8, "target": 42, "weight": 0.0125}, {"source": 8, "target": 40, "weight": 0.018349}, {"source": 8, "target": 9, "weight": 0.021505}, {"source": 8, "target": 47, "weight": 0.009901}, {"source": 8, "target": 45, "weight": 0.00431}, {"source": 8, "target": 30, "weight": 0.007937}, {"source": 8, "target": 34, "weight": 0.23}, {"source": 8, "target": 12, "weight": 0.009524}, {"source": 8, "target": 28, "weight": 0.007042}, {"source": 8, "target": 23, "weight": 0.00823}, {"source": 8, "target": 48, "weight": 0.019608}, {"source": 9, "target": 36, "weight": 0.003322}, {"source": 9, "target": 40, "weight": 0.011765}, {"source": 9, "target": 41, "weight": 0.002532}, {"source": 9, "target": 42, "weight": 0.018182}, {"source": 9, "target": 33, "weight": 0.021505}, {"source": 9, "target": 30, "weight": 0.022321}, {"source": 9, "target": 11, "weight": 0.017544}, {"source": 10, "target": 41, "weight": 0.002564}, {"source": 10, "target": 42, "weight": 0.02}, {"source": 10, "target": 37, "weight": 0.243902}, {"source": 10, "target": 45, "weight": 0.00995}, {"source": 10, "target": 30, "weight": 0.004484}, {"source": 11, "target": 38, "weight": 0.006173}, {"source": 11, "target": 41, "weight": 0.054945}, {"source": 11, "target": 33, "weight": 0.092105}, {"source": 11, "target": 19, "weight": 0.012048}, {"source": 11, "target": 30, "weight": 0.00463}, {"source": 11, "target": 23, "weight": 0.004831}, {"source": 12, "target": 16, "weight": 0.090909}, {"source": 12, "target": 47, "weight": 0.275362}, {"source": 13, "target": 45, "weight": 0.00495}, {"source": 14, "target": 36, "weight": 0.113636}, {"source": 14, "target": 41, "weight": 0.002294}, {"source": 14, "target": 42, "weight": 0.010417}, {"source": 14, "target": 44, "weight": 0.016949}, {"source": 14, "target": 22, "weight": 0.014388}, {"source": 15, "target": 36, "weight": 0.003484}, {"source": 15, "target": 41, "weight": 0.002625}, {"source": 16, "target": 36, "weight": 0.003571}, {"source": 16, "target": 47, "weight": 0.037037}, {"source": 16, "target": 23, "weight": 0.005051}, {"source": 16, "target": 21, "weight": 0.106383}, {"source": 17, "target": 41, "weight": 0.002747}, {"source": 18, "target": 36, "weight": 0.003311}, {"source": 19, "target": 36, "weight": 0.003058}, {"source": 19, "target": 37, "weight": 0.301587}, {"source": 19, "target": 41, "weight": 0.004762}, {"source": 19, "target": 42, "weight": 0.025}, {"source": 19, "target": 33, "weight": 0.008333}, {"source": 19, "target": 45, "weight": 0.008621}, {"source": 19, "target": 30, "weight": 0.02}, {"source": 20, "target": 30, "weight": 0.004132}, {"source": 20, "target": 36, "weight": 0.003175}, {"source": 20, "target": 29, "weight": 0.017544}, {"source": 21, "target": 36, "weight": 0.003289}, {"source": 21, "target": 47, "weight": 0.025641}, {"source": 21, "target": 42, "weight": 0.017241}, {"source": 22, "target": 36, "weight": 0.009119}, {"source": 22, "target": 24, "weight": 0.026316}, {"source": 22, "target": 38, "weight": 0.025}, {"source": 22, "target": 27, "weight": 0.018433}, {"source": 22, "target": 42, "weight": 0.011765}, {"source": 22, "target": 43, "weight": 0.275862}, {"source": 22, "target": 31, "weight": 0.111969}, {"source": 22, "target": 45, "weight": 0.04386}, {"source": 22, "target": 26, "weight": 0.02459}, {"source": 22, "target": 28, "weight": 0.042254}, {"source": 22, "target": 23, "weight": 0.008065}, {"source": 23, "target": 36, "weight": 0.008929}, {"source": 23, "target": 45, "weight": 0.008451}, {"source": 23, "target": 40, "weight": 0.026087}, {"source": 23, "target": 41, "weight": 0.022472}, {"source": 23, "target": 33, "weight": 0.139535}, {"source": 23, "target": 47, "weight": 0.112745}, {"source": 23, "target": 30, "weight": 0.002646}, {"source": 23, "target": 48, "weight": 0.004386}, {"source": 24, "target": 36, "weight": 0.014493}, {"source": 24, "target": 27, "weight": 0.005952}, {"source": 24, "target": 43, "weight": 0.113208}, {"source": 24, "target": 28, "weight": 0.010526}, {"source": 24, "target": 46, "weight": 0.012821}, {"source": 24, "target": 31, "weight": 0.017241}, {"source": 24, "target": 44, "weight": 0.055556}, {"source": 24, "target": 38, "weight": 0.006579}, {"source": 24, "target": 30, "weight": 0.004854}, {"source": 24, "target": 35, "weight": 0.037037}, {"source": 26, "target": 36, "weight": 0.009259}, {"source": 26, "target": 41, "weight": 0.004773}, {"source": 26, "target": 45, "weight": 0.088785}, {"source": 27, "target": 36, "weight": 0.014388}, {"source": 27, "target": 41, "weight": 0.001938}, {"source": 27, "target": 42, "weight": 0.023121}, {"source": 27, "target": 44, "weight": 0.010101}, {"source": 27, "target": 45, "weight": 0.192029}, {"source": 27, "target": 35, "weight": 0.020513}, {"source": 28, "target": 36, "weight": 0.008646}, {"source": 28, "target": 41, "weight": 0.006803}, {"source": 28, "target": 42, "weight": 0.061224}, {"source": 28, "target": 37, "weight": 0.009709}, {"source": 28, "target": 44, "weight": 0.007937}, {"source": 28, "target": 45, "weight": 0.273632}, {"source": 28, "target": 30, "weight": 0.007273}, {"source": 28, "target": 35, "weight": 0.032787}, {"source": 29, "target": 36, "weight": 0.003636}, {"source": 29, "target": 38, "weight": 0.006757}, {"source": 30, "target": 33, "weight": 0.02008}, {"source": 30, "target": 34, "weight": 0.011811}, {"source": 30, "target": 35, "weight": 0.004237}, {"source": 30, "target": 36, "weight": 0.004357}, {"source": 30, "target": 37, "weight": 0.00939}, {"source": 30, "target": 38, "weight": 0.003003}, {"source": 30, "target": 39, "weight": 0.015564}, {"source": 30, "target": 41, "weight": 0.022099}, {"source": 30, "target": 42, "weight": 0.00939}, {"source": 30, "target": 43, "weight": 0.008403}, {"source": 30, "target": 45, "weight": 0.002732}, {"source": 30, "target": 46, "weight": 0.003861}, {"source": 31, "target": 36, "weight": 0.126437}, {"source": 31, "target": 41, "weight": 0.010381}, {"source": 31, "target": 42, "weight": 0.016667}, {"source": 31, "target": 44, "weight": 0.007547}, {"source": 31, "target": 45, "weight": 0.020619}, {"source": 31, "target": 33, "weight": 0.003546}, {"source": 33, "target": 36, "weight": 0.003067}, {"source": 33, "target": 41, "weight": 0.031863}, {"source": 33, "target": 47, "weight": 0.009901}, {"source": 33, "target": 38, "weight": 0.010101}, {"source": 34, "target": 40, "weight": 0.017857}, {"source": 34, "target": 41, "weight": 0.004739}, {"source": 34, "target": 37, "weight": 0.02439}, {"source": 34, "target": 47, "weight": 0.009615}, {"source": 34, "target": 45, "weight": 0.012876}, {"source": 34, "target": 48, "weight": 0.028846}, {"source": 35, "target": 36, "weight": 0.006494}, {"source": 35, "target": 38, "weight": 0.02809}, {"source": 35, "target": 41, "weight": 0.004975}, {"source": 35, "target": 43, "weight": 0.011364}, {"source": 35, "target": 44, "weight": 0.060976}, {"source": 36, "target": 38, "weight": 0.032995}, {"source": 36, "target": 41, "weight": 0.022801}, {"source": 36, "target": 42, "weight": 0.006993}, {"source": 36, "target": 43, "weight": 0.012945}, {"source": 36, "target": 44, "weight": 0.026403}, {"source": 36, "target": 45, "weight": 0.013825}, {"source": 36, "target": 46, "weight": 0.009091}, {"source": 37, "target": 38, "weight": 0.00625}, {"source": 37, "target": 39, "weight": 0.275362}, {"source": 37, "target": 42, "weight": 0.02439}, {"source": 37, "target": 45, "weight": 0.010417}, {"source": 38, "target": 41, "weight": 0.018293}, {"source": 38, "target": 42, "weight": 0.025478}, {"source": 38, "target": 44, "weight": 0.005464}, {"source": 38, "target": 45, "weight": 0.109929}, {"source": 39, "target": 41, "weight": 0.007059}, {"source": 39, "target": 42, "weight": 0.011494}, {"source": 39, "target": 45, "weight": 0.012658}, {"source": 40, "target": 41, "weight": 0.002433}, {"source": 41, "target": 45, "weight": 0.003759}, {"source": 41, "target": 46, "weight": 0.002347}, {"source": 42, "target": 43, "weight": 0.015152}, {"source": 42, "target": 45, "weight": 0.031915}, {"source": 43, "target": 47, "weight": 0.011494}, {"source": 43, "target": 45, "weight": 0.009217}, {"source": 44, "target": 45, "weight": 0.00463}, {"source": 44, "target": 46, "weight": 0.009174}], "multigraph": false}