{"directed": false, "graph": {}, "nodes": [{"group": 0, "id": "snowman"}, {"group": 1, "id": "snivel", "degree": 10}, {"group": 3, "id": "snarled", "degree": 5}, {"group": 1, "id": "sniffle"}, {"group": 2, "id": "sniffles", "degree": 0}, {"group": 4, "id": "snafu", "degree": 7}, {"group": 4, "id": "snip"}, {"group": 2, "id": "snaggled", "degree": 2}, {"group": 1, "id": "snorkel", "degree": 10}, {"group": 2, "id": "snug"}, {"group": 4, "id": "snot", "degree": 7}, {"group": 4, "id": "snub", "degree": 21}, {"group": 3, "id": "sneaking"}, {"group": 2, "id": "snippy"}, {"group": 4, "id": "snout"}, {"group": 4, "id": "snoot"}, {"group": 4, "id": "snack", "degree": 13}, {"group": 1, "id": "snoring"}, {"group": 4, "id": "snoop", "degree": 7}, {"group": 3, "id": "sneaky", "degree": 5}, {"group": 4, "id": "snicker"}, {"group": 4, "id": "snipe"}, {"group": 4, "id": "sniveling"}, {"group": 0, "id": "snowy", "degree": 1}, {"group": 4, "id": "snifter", "degree": 20}, {"group": 0, "id": "snow"}, {"group": 0, "id": "snowbank", "degree": 7}, {"group": 4, "id": "snag", "degree": 9}, {"group": 4, "id": "snippet"}, {"group": 2, "id": "snappy", "degree": 14}, {"group": 2, "id": "snobbish"}, {"group": 4, "id": "snap"}, {"group": 2, "id": "snappish", "degree": 2}, {"group": 0, "id": "snowflake"}, {"group": 4, "id": "sniper", "degree": 6}, {"group": 6, "id": "snuggery", "degree": 0}, {"group": 0, "id": "snowfall", "degree": 6}, {"group": 7, "id": "snowbird", "degree": 0}, {"group": 4, "id": "snail"}, {"group": 1, "id": "snuff", "degree": 24}, {"group": 3, "id": "snaky", "degree": 10}, {"group": 2, "id": "snooty", "degree": 7}, {"group": 3, "id": "sneak", "degree": 5}, {"group": 4, "id": "snapper", "degree": 8}, {"group": 4, "id": "snatch", "degree": 21}, {"group": 4, "id": "sniggle"}, {"group": 4, "id": "snob"}, {"group": 0, "id": "snowball", "degree": 11}, {"group": 4, "id": "snarl"}, {"group": 3, "id": "snake"}, {"group": 4, "id": "snitch"}, {"group": 4, "id": "sneer"}, {"group": 5, "id": "snobbery", "degree": 0}, {"group": 4, "id": "snare", "degree": 20}, {"group": 1, "id": "sneeze", "degree": 17}, {"group": 2, "id": "sniffy"}, {"group": 2, "id": "snotty"}, {"group": 1, "id": "snuffle"}, {"group": 0, "id": "snowdrift"}, {"group": 1, "id": "snore", "degree": 17}, {"group": 1, "id": "sniff", "degree": 30}, {"group": 4, "id": "snapping", "degree": 9}, {"group": 0, "id": "snowstorm"}, {"group": 2, "id": "snuffy"}, {"group": 8, "id": "sniveler", "degree": 0}, {"group": 1, "id": "snort"}, {"group": 2, "id": "snazzy"}, {"group": 1, "id": "snigger"}, {"group": 2, "id": "sneering", "degree": 11}, {"group": 4, "id": "snapshot"}], "links": [{"source": 0, "target": 47, "weight": 0.174419}, {"source": 0, "target": 26, "weight": 0.428571}, {"source": 0, "target": 36, "weight": 0.428571}, {"source": 1, "target": 39, "weight": 0.010526}, {"source": 1, "target": 57, "weight": 0.032967}, {"source": 1, "target": 59, "weight": 0.009804}, {"source": 1, "target": 60, "weight": 0.010989}, {"source": 1, "target": 3, "weight": 0.012987}, {"source": 1, "target": 22, "weight": 0.019608}, {"source": 1, "target": 48, "weight": 0.016216}, {"source": 1, "target": 65, "weight": 0.023952}, {"source": 1, "target": 31, "weight": 0.007692}, {"source": 1, "target": 17, "weight": 0.021277}, {"source": 1, "target": 54, "weight": 0.013889}, {"source": 2, "target": 19, "weight": 0.021053}, {"source": 2, "target": 40, "weight": 0.063063}, {"source": 2, "target": 5, "weight": 0.028986}, {"source": 2, "target": 48, "weight": 0.004926}, {"source": 2, "target": 32, "weight": 0.015625}, {"source": 2, "target": 12, "weight": 0.016393}, {"source": 3, "target": 39, "weight": 0.767442}, {"source": 3, "target": 59, "weight": 0.622449}, {"source": 3, "target": 60, "weight": 0.804878}, {"source": 3, "target": 61, "weight": 0.013699}, {"source": 3, "target": 24, "weight": 0.021739}, {"source": 3, "target": 43, "weight": 0.0125}, {"source": 3, "target": 8, "weight": 0.010753}, {"source": 3, "target": 11, "weight": 0.016129}, {"source": 3, "target": 68, "weight": 0.009524}, {"source": 3, "target": 53, "weight": 0.006667}, {"source": 3, "target": 54, "weight": 0.897059}, {"source": 4, "target": 29, "weight": 0.008333}, {"source": 5, "target": 59, "weight": 0.007407}, {"source": 5, "target": 38, "weight": 0.014706}, {"source": 5, "target": 42, "weight": 0.011765}, {"source": 5, "target": 10, "weight": 0.012987}, {"source": 5, "target": 44, "weight": 0.00641}, {"source": 5, "target": 45, "weight": 0.032967}, {"source": 5, "target": 12, "weight": 0.012821}, {"source": 5, "target": 48, "weight": 0.078049}, {"source": 5, "target": 49, "weight": 0.012903}, {"source": 5, "target": 31, "weight": 0.002353}, {"source": 5, "target": 53, "weight": 0.024}, {"source": 5, "target": 27, "weight": 0.021583}, {"source": 5, "target": 65, "weight": 0.004926}, {"source": 6, "target": 39, "weight": 0.004673}, {"source": 6, "target": 16, "weight": 0.284672}, {"source": 6, "target": 59, "weight": 0.004525}, {"source": 6, "target": 60, "weight": 0.009569}, {"source": 6, "target": 61, "weight": 0.007353}, {"source": 6, "target": 24, "weight": 0.012903}, {"source": 6, "target": 10, "weight": 0.006135}, {"source": 6, "target": 44, "weight": 0.197044}, {"source": 6, "target": 47, "weight": 0.020725}, {"source": 6, "target": 29, "weight": 0.004016}, {"source": 6, "target": 11, "weight": 0.020243}, {"source": 6, "target": 53, "weight": 0.009434}, {"source": 6, "target": 54, "weight": 0.005236}, {"source": 6, "target": 34, "weight": 0.006803}, {"source": 7, "target": 13, "weight": 0.020833}, {"source": 7, "target": 27, "weight": 0.016949}, {"source": 8, "target": 39, "weight": 0.009009}, {"source": 8, "target": 57, "weight": 0.009174}, {"source": 8, "target": 59, "weight": 0.008475}, {"source": 8, "target": 60, "weight": 0.009346}, {"source": 8, "target": 25, "weight": 0.007246}, {"source": 8, "target": 48, "weight": 0.004926}, {"source": 8, "target": 65, "weight": 0.005376}, {"source": 8, "target": 31, "weight": 0.007389}, {"source": 8, "target": 17, "weight": 0.015873}, {"source": 8, "target": 54, "weight": 0.011364}, {"source": 9, "target": 19, "weight": 0.013158}, {"source": 9, "target": 40, "weight": 0.005747}, {"source": 9, "target": 29, "weight": 0.014925}, {"source": 9, "target": 68, "weight": 0.008197}, {"source": 9, "target": 32, "weight": 0.016667}, {"source": 9, "target": 11, "weight": 0.004878}, {"source": 10, "target": 22, "weight": 0.027397}, {"source": 10, "target": 25, "weight": 0.006897}, {"source": 10, "target": 14, "weight": 0.019608}, {"source": 10, "target": 48, "weight": 0.004762}, {"source": 10, "target": 21, "weight": 0.015152}, {"source": 11, "target": 17, "weight": 0.006329}, {"source": 11, "target": 39, "weight": 0.019704}, {"source": 11, "target": 16, "weight": 0.012048}, {"source": 11, "target": 18, "weight": 0.013699}, {"source": 11, "target": 20, "weight": 0.013699}, {"source": 11, "target": 24, "weight": 0.020548}, {"source": 11, "target": 28, "weight": 0.014925}, {"source": 11, "target": 46, "weight": 0.015625}, {"source": 11, "target": 44, "weight": 0.030702}, {"source": 11, "target": 31, "weight": 0.014085}, {"source": 11, "target": 48, "weight": 0.010135}, {"source": 11, "target": 49, "weight": 0.004274}, {"source": 11, "target": 50, "weight": 0.011364}, {"source": 11, "target": 51, "weight": 0.061644}, {"source": 11, "target": 53, "weight": 0.009804}, {"source": 11, "target": 54, "weight": 0.016575}, {"source": 11, "target": 57, "weight": 0.014851}, {"source": 11, "target": 58, "weight": 0.006536}, {"source": 11, "target": 59, "weight": 0.014218}, {"source": 11, "target": 60, "weight": 0.051813}, {"source": 11, "target": 65, "weight": 0.044444}, {"source": 11, "target": 66, "weight": 0.005952}, {"source": 11, "target": 67, "weight": 0.013793}, {"source": 12, "target": 40, "weight": 0.086207}, {"source": 12, "target": 42, "weight": 0.084507}, {"source": 12, "target": 19, "weight": 0.25}, {"source": 13, "target": 19, "weight": 0.010417}, {"source": 13, "target": 40, "weight": 0.008547}, {"source": 13, "target": 41, "weight": 0.142857}, {"source": 13, "target": 29, "weight": 0.020833}, {"source": 13, "target": 68, "weight": 0.064516}, {"source": 13, "target": 32, "weight": 0.12069}, {"source": 14, "target": 39, "weight": 0.009804}, {"source": 14, "target": 60, "weight": 0.010204}, {"source": 14, "target": 18, "weight": 0.023256}, {"source": 14, "target": 44, "weight": 0.007692}, {"source": 14, "target": 53, "weight": 0.009901}, {"source": 15, "target": 39, "weight": 0.009901}, {"source": 15, "target": 60, "weight": 0.010309}, {"source": 15, "target": 18, "weight": 0.02381}, {"source": 16, "target": 60, "weight": 0.007937}, {"source": 16, "target": 44, "weight": 0.325}, {"source": 16, "target": 28, "weight": 0.438202}, {"source": 16, "target": 31, "weight": 0.031325}, {"source": 16, "target": 47, "weight": 0.036697}, {"source": 16, "target": 29, "weight": 0.006061}, {"source": 16, "target": 49, "weight": 0.006329}, {"source": 16, "target": 50, "weight": 0.009901}, {"source": 16, "target": 51, "weight": 0.012821}, {"source": 16, "target": 53, "weight": 0.007752}, {"source": 16, "target": 46, "weight": 0.018868}, {"source": 16, "target": 65, "weight": 0.004878}, {"source": 17, "target": 39, "weight": 0.270833}, {"source": 17, "target": 59, "weight": 0.252427}, {"source": 17, "target": 60, "weight": 0.282609}, {"source": 17, "target": 41, "weight": 0.017544}, {"source": 17, "target": 61, "weight": 0.023256}, {"source": 17, "target": 29, "weight": 0.00641}, {"source": 17, "target": 68, "weight": 0.027027}, {"source": 17, "target": 53, "weight": 0.008333}, {"source": 17, "target": 54, "weight": 0.356164}, {"source": 18, "target": 39, "weight": 0.009091}, {"source": 18, "target": 60, "weight": 0.009434}, {"source": 18, "target": 57, "weight": 0.009259}, {"source": 18, "target": 50, "weight": 0.012346}, {"source": 18, "target": 31, "weight": 0.002457}, {"source": 19, "target": 40, "weight": 0.412281}, {"source": 19, "target": 22, "weight": 0.009091}, {"source": 19, "target": 42, "weight": 0.009009}, {"source": 19, "target": 29, "weight": 0.010638}, {"source": 19, "target": 66, "weight": 0.008621}, {"source": 20, "target": 39, "weight": 0.009091}, {"source": 20, "target": 59, "weight": 0.017241}, {"source": 20, "target": 60, "weight": 0.019048}, {"source": 20, "target": 24, "weight": 0.019231}, {"source": 20, "target": 27, "weight": 0.00813}, {"source": 20, "target": 53, "weight": 0.009174}, {"source": 20, "target": 54, "weight": 0.011494}, {"source": 21, "target": 53, "weight": 0.008621}, {"source": 21, "target": 34, "weight": 0.02}, {"source": 21, "target": 24, "weight": 0.016949}, {"source": 21, "target": 27, "weight": 0.007692}, {"source": 22, "target": 40, "weight": 0.007634}, {"source": 23, "target": 25, "weight": 0.007143}, {"source": 24, "target": 39, "weight": 0.018182}, {"source": 24, "target": 27, "weight": 0.008065}, {"source": 24, "target": 28, "weight": 0.018692}, {"source": 24, "target": 31, "weight": 0.012376}, {"source": 24, "target": 34, "weight": 0.022727}, {"source": 24, "target": 38, "weight": 0.019608}, {"source": 24, "target": 44, "weight": 0.014493}, {"source": 24, "target": 48, "weight": 0.004926}, {"source": 24, "target": 49, "weight": 0.014493}, {"source": 24, "target": 50, "weight": 0.012195}, {"source": 24, "target": 51, "weight": 0.016949}, {"source": 24, "target": 53, "weight": 0.009091}, {"source": 24, "target": 54, "weight": 0.011364}, {"source": 24, "target": 57, "weight": 0.018519}, {"source": 24, "target": 59, "weight": 0.008475}, {"source": 24, "target": 60, "weight": 0.018868}, {"source": 24, "target": 69, "weight": 0.026316}, {"source": 24, "target": 65, "weight": 0.161491}, {"source": 24, "target": 67, "weight": 0.019608}, {"source": 25, "target": 26, "weight": 0.132743}, {"source": 25, "target": 36, "weight": 0.132743}, {"source": 25, "target": 47, "weight": 0.09816}, {"source": 26, "target": 58, "weight": 0.454545}, {"source": 26, "target": 36, "weight": 0.882353}, {"source": 26, "target": 33, "weight": 0.882353}, {"source": 26, "target": 47, "weight": 0.220588}, {"source": 26, "target": 62, "weight": 0.375}, {"source": 27, "target": 61, "weight": 0.009615}, {"source": 27, "target": 44, "weight": 0.044554}, {"source": 27, "target": 45, "weight": 0.174603}, {"source": 27, "target": 48, "weight": 0.05364}, {"source": 27, "target": 49, "weight": 0.004762}, {"source": 27, "target": 50, "weight": 0.033557}, {"source": 27, "target": 31, "weight": 0.012658}, {"source": 27, "target": 53, "weight": 0.144654}, {"source": 27, "target": 65, "weight": 0.003891}, {"source": 28, "target": 60, "weight": 0.006173}, {"source": 28, "target": 44, "weight": 0.258065}, {"source": 28, "target": 47, "weight": 0.027586}, {"source": 28, "target": 29, "weight": 0.004975}, {"source": 28, "target": 53, "weight": 0.012195}, {"source": 29, "target": 40, "weight": 0.009569}, {"source": 29, "target": 61, "weight": 0.007937}, {"source": 29, "target": 44, "weight": 0.00431}, {"source": 29, "target": 48, "weight": 0.003378}, {"source": 29, "target": 32, "weight": 0.006369}, {"source": 29, "target": 65, "weight": 0.003584}, {"source": 29, "target": 66, "weight": 0.02454}, {"source": 29, "target": 31, "weight": 0.018256}, {"source": 29, "target": 68, "weight": 0.006329}, {"source": 30, "target": 41, "weight": 0.431818}, {"source": 30, "target": 68, "weight": 0.227273}, {"source": 31, "target": 39, "weight": 0.026374}, {"source": 31, "target": 59, "weight": 0.041758}, {"source": 31, "target": 60, "weight": 0.026608}, {"source": 31, "target": 61, "weight": 0.013021}, {"source": 31, "target": 47, "weight": 0.006726}, {"source": 31, "target": 43, "weight": 0.005076}, {"source": 31, "target": 44, "weight": 0.044304}, {"source": 31, "target": 53, "weight": 0.010846}, {"source": 31, "target": 54, "weight": 0.025404}, {"source": 31, "target": 34, "weight": 0.005025}, {"source": 33, "target": 47, "weight": 0.220588}, {"source": 33, "target": 36, "weight": 0.882353}, {"source": 34, "target": 48, "weight": 0.005155}, {"source": 34, "target": 69, "weight": 0.034483}, {"source": 34, "target": 65, "weight": 0.011364}, {"source": 36, "target": 58, "weight": 0.454545}, {"source": 36, "target": 47, "weight": 0.220588}, {"source": 36, "target": 62, "weight": 0.375}, {"source": 39, "target": 63, "weight": 0.009009}, {"source": 39, "target": 48, "weight": 0.048}, {"source": 39, "target": 43, "weight": 0.010204}, {"source": 39, "target": 45, "weight": 0.007463}, {"source": 39, "target": 49, "weight": 0.005076}, {"source": 39, "target": 51, "weight": 0.017241}, {"source": 39, "target": 53, "weight": 0.005952}, {"source": 39, "target": 54, "weight": 0.709302}, {"source": 39, "target": 55, "weight": 0.00885}, {"source": 39, "target": 57, "weight": 0.714286}, {"source": 39, "target": 59, "weight": 0.525862}, {"source": 39, "target": 60, "weight": 0.729167}, {"source": 39, "target": 61, "weight": 0.010989}, {"source": 39, "target": 65, "weight": 0.276042}, {"source": 39, "target": 67, "weight": 0.009174}, {"source": 39, "target": 68, "weight": 0.00813}, {"source": 40, "target": 42, "weight": 0.007576}, {"source": 40, "target": 49, "weight": 0.009901}, {"source": 40, "target": 66, "weight": 0.007299}, {"source": 41, "target": 56, "weight": 0.863636}, {"source": 41, "target": 68, "weight": 0.333333}, {"source": 41, "target": 63, "weight": 0.021277}, {"source": 41, "target": 55, "weight": 0.612903}, {"source": 42, "target": 44, "weight": 0.013072}, {"source": 42, "target": 49, "weight": 0.148148}, {"source": 42, "target": 50, "weight": 0.010309}, {"source": 42, "target": 53, "weight": 0.008}, {"source": 43, "target": 57, "weight": 0.010417}, {"source": 43, "target": 59, "weight": 0.009524}, {"source": 43, "target": 60, "weight": 0.010638}, {"source": 43, "target": 61, "weight": 0.05}, {"source": 43, "target": 48, "weight": 0.005263}, {"source": 43, "target": 65, "weight": 0.00578}, {"source": 43, "target": 54, "weight": 0.013333}, {"source": 44, "target": 45, "weight": 0.051613}, {"source": 44, "target": 60, "weight": 0.005181}, {"source": 44, "target": 46, "weight": 0.008333}, {"source": 44, "target": 48, "weight": 0.010453}, {"source": 44, "target": 47, "weight": 0.022727}, {"source": 44, "target": 49, "weight": 0.07619}, {"source": 44, "target": 50, "weight": 0.207143}, {"source": 44, "target": 51, "weight": 0.013889}, {"source": 44, "target": 53, "weight": 0.20122}, {"source": 44, "target": 65, "weight": 0.011111}, {"source": 45, "target": 59, "weight": 0.014286}, {"source": 45, "target": 60, "weight": 0.007692}, {"source": 45, "target": 53, "weight": 0.472527}, {"source": 45, "target": 54, "weight": 0.009009}, {"source": 46, "target": 60, "weight": 0.022989}, {"source": 47, "target": 48, "weight": 0.004115}, {"source": 47, "target": 65, "weight": 0.004425}, {"source": 47, "target": 58, "weight": 0.178571}, {"source": 47, "target": 66, "weight": 0.00885}, {"source": 47, "target": 62, "weight": 0.164835}, {"source": 48, "target": 59, "weight": 0.144681}, {"source": 48, "target": 60, "weight": 0.04878}, {"source": 48, "target": 61, "weight": 0.005464}, {"source": 48, "target": 53, "weight": 0.082988}, {"source": 48, "target": 54, "weight": 0.052863}, {"source": 49, "target": 59, "weight": 0.004902}, {"source": 49, "target": 60, "weight": 0.005181}, {"source": 49, "target": 53, "weight": 0.026042}, {"source": 49, "target": 54, "weight": 0.005747}, {"source": 50, "target": 53, "weight": 0.261261}, {"source": 51, "target": 59, "weight": 0.01626}, {"source": 51, "target": 60, "weight": 0.085714}, {"source": 51, "target": 53, "weight": 0.008621}, {"source": 51, "target": 54, "weight": 0.021505}, {"source": 53, "target": 54, "weight": 0.006897}, {"source": 53, "target": 57, "weight": 0.006024}, {"source": 53, "target": 59, "weight": 0.011494}, {"source": 53, "target": 60, "weight": 0.006098}, {"source": 53, "target": 65, "weight": 0.008264}, {"source": 54, "target": 63, "weight": 0.011364}, {"source": 54, "target": 55, "weight": 0.011111}, {"source": 54, "target": 57, "weight": 0.72619}, {"source": 54, "target": 59, "weight": 0.655914}, {"source": 54, "target": 60, "weight": 0.743902}, {"source": 54, "target": 61, "weight": 0.014706}, {"source": 54, "target": 65, "weight": 0.298246}, {"source": 54, "target": 67, "weight": 0.011628}, {"source": 54, "target": 68, "weight": 0.01}, {"source": 55, "target": 59, "weight": 0.008333}, {"source": 55, "target": 60, "weight": 0.009174}, {"source": 55, "target": 68, "weight": 0.283019}, {"source": 56, "target": 68, "weight": 0.340909}, {"source": 57, "target": 59, "weight": 0.548673}, {"source": 57, "target": 60, "weight": 0.744681}, {"source": 57, "target": 61, "weight": 0.011236}, {"source": 57, "target": 68, "weight": 0.008264}, {"source": 59, "target": 63, "weight": 0.008475}, {"source": 59, "target": 60, "weight": 0.544643}, {"source": 59, "target": 61, "weight": 0.010204}, {"source": 59, "target": 65, "weight": 0.298969}, {"source": 59, "target": 67, "weight": 0.017391}, {"source": 59, "target": 68, "weight": 0.007692}, {"source": 60, "target": 63, "weight": 0.009346}, {"source": 60, "target": 61, "weight": 0.011494}, {"source": 60, "target": 65, "weight": 0.346369}, {"source": 60, "target": 67, "weight": 0.019231}, {"source": 60, "target": 68, "weight": 0.008403}, {"source": 61, "target": 69, "weight": 0.055556}, {"source": 61, "target": 65, "weight": 0.012121}, {"source": 63, "target": 68, "weight": 0.015385}, {"source": 65, "target": 68, "weight": 0.005051}, {"source": 66, "target": 68, "weight": 0.011765}], "multigraph": false}