{"directed": false, "graph": {}, "nodes": [{"group": 0, "id": "son", "degree": 7}, {"group": 1, "id": "sonnet"}, {"group": 2, "id": "soggy", "degree": 7}, {"group": 6, "id": "somewhat"}, {"group": 3, "id": "softening", "degree": 15}, {"group": 4, "id": "softwood", "degree": 4}, {"group": 4, "id": "soften", "degree": 32}, {"group": 4, "id": "soigne"}, {"group": 5, "id": "solder"}, {"group": 3, "id": "somnolence"}, {"group": 6, "id": "socialite", "degree": 1}, {"group": 4, "id": "solace"}, {"group": 2, "id": "soaking", "degree": 16}, {"group": 1, "id": "solving", "degree": 5}, {"group": 4, "id": "source"}, {"group": 7, "id": "solicit", "degree": 2}, {"group": 2, "id": "soused", "degree": 13}, {"group": 7, "id": "soiree", "degree": 6}, {"group": 4, "id": "sorry"}, {"group": 8, "id": "southwest"}, {"group": 6, "id": "someone"}, {"group": 6, "id": "somebody", "degree": 25}, {"group": 2, "id": "sorption", "degree": 9}, {"group": 1, "id": "song"}, {"group": 7, "id": "soulful", "degree": 3}, {"group": 6, "id": "sooner", "degree": 2}, {"group": 4, "id": "softened", "degree": 26}, {"group": 3, "id": "sorority"}, {"group": 2, "id": "sodden"}, {"group": 3, "id": "sociability"}, {"group": 1, "id": "sorting", "degree": 7}, {"group": 1, "id": "sousaphone", "degree": 4}, {"group": 2, "id": "sop"}, {"group": 6, "id": "sofa"}, {"group": 1, "id": "solution"}, {"group": 1, "id": "soap", "degree": 24}, {"group": 9, "id": "soreness"}, {"group": 4, "id": "softly", "degree": 3}, {"group": 4, "id": "sonar", "degree": 5}, {"group": 2, "id": "softy", "degree": 5}, {"group": 4, "id": "solicitous", "degree": 14}, {"group": 1, "id": "sorcerer"}, {"group": 4, "id": "soft", "degree": 38}, {"group": 4, "id": "sourdough", "degree": 4}, {"group": 4, "id": "sophistical"}, {"group": 4, "id": "somnolent"}, {"group": 4, "id": "sooty", "degree": 9}, {"group": 6, "id": "soma", "degree": 8}, {"group": 5, "id": "soot", "degree": 16}, {"group": 6, "id": "some"}, {"group": 7, "id": "society"}, {"group": 1, "id": "soothsay", "degree": 2}, {"group": 4, "id": "sojourn"}, {"group": 4, "id": "softhearted", "degree": 24}, {"group": 4, "id": "sordid"}, {"group": 8, "id": "southerly"}, {"group": 4, "id": "solemn"}, {"group": 8, "id": "southward", "degree": 5}, {"group": 3, "id": "solicitude"}, {"group": 1, "id": "songbird"}, {"group": 3, "id": "socialism", "degree": 2}, {"group": 4, "id": "soundproofing"}, {"group": 1, "id": "songster", "degree": 14}, {"group": 10, "id": "sourpuss", "degree": 2}, {"group": 6, "id": "solo"}, {"group": 4, "id": "soulless", "degree": 11}, {"group": 6, "id": "sole", "degree": 27}, {"group": 1, "id": "solvent"}, {"group": 6, "id": "sorely", "degree": 3}, {"group": 6, "id": "solitary", "degree": 26}, {"group": 8, "id": "southern"}, {"group": 4, "id": "sorrow"}, {"group": 3, "id": "solecism", "degree": 2}, {"group": 11, "id": "sophist", "degree": 0}, {"group": 4, "id": "souvenir", "degree": 3}, {"group": 4, "id": "socialize"}, {"group": 8, "id": "southeast"}, {"group": 3, "id": "sophism"}, {"group": 3, "id": "softness", "degree": 25}, {"group": 6, "id": "soberly"}, {"group": 7, "id": "sociable"}, {"group": 7, "id": "soapbox", "degree": 3}, {"group": 5, "id": "socket", "degree": 5}, {"group": 5, "id": "sorghum", "degree": 2}, {"group": 1, "id": "sonata", "degree": 12}, {"group": 6, "id": "so"}, {"group": 4, "id": "sophisticate", "degree": 9}, {"group": 6, "id": "soldier"}, {"group": 4, "id": "solidify"}, {"group": 4, "id": "soda", "degree": 13}, {"group": 2, "id": "soupcon"}, {"group": 4, "id": "sorrowful"}, {"group": 4, "id": "sonority", "degree": 26}, {"group": 8, "id": "south", "degree": 5}, {"group": 2, "id": "sob"}, {"group": 5, "id": "sod", "degree": 7}, {"group": 6, "id": "sojourner", "degree": 1}, {"group": 3, "id": "solitude", "degree": 4}, {"group": 3, "id": "soothing"}, {"group": 4, "id": "sonant", "degree": 35}, {"group": 4, "id": "soaring", "degree": 35}, {"group": 2, "id": "sou"}, {"group": 2, "id": "sot", "degree": 6}, {"group": 6, "id": "sow", "degree": 11}, {"group": 4, "id": "soapy", "degree": 13}, {"group": 4, "id": "sober", "degree": 44}, {"group": 4, "id": "sottish", "degree": 6}, {"group": 4, "id": "souffle"}, {"group": 0, "id": "sonny", "degree": 3}, {"group": 7, "id": "solarium"}, {"group": 2, "id": "sock", "degree": 26}, {"group": 6, "id": "sovereign", "degree": 36}, {"group": 5, "id": "somersault"}, {"group": 1, "id": "soothsayer", "degree": 1}, {"group": 6, "id": "sort"}, {"group": 4, "id": "sorrel"}, {"group": 3, "id": "sobriety"}, {"group": 3, "id": "solidity", "degree": 29}, {"group": 3, "id": "sorcery"}, {"group": 4, "id": "sophisticated"}, {"group": 4, "id": "sore", "degree": 46}, {"group": 1, "id": "soprano"}, {"group": 6, "id": "solar"}, {"group": 2, "id": "sorb"}, {"group": 6, "id": "soubrette"}, {"group": 3, "id": "sovereignty", "degree": 24}, {"group": 4, "id": "soundless"}, {"group": 4, "id": "sound"}, {"group": 4, "id": "soiled"}, {"group": 6, "id": "solid"}, {"group": 4, "id": "somber", "degree": 27}, {"group": 6, "id": "soul"}, {"group": 5, "id": "soup", "degree": 12}, {"group": 4, "id": "sour"}, {"group": 3, "id": "sophistry"}, {"group": 6, "id": "solely", "degree": 5}, {"group": 3, "id": "solidification"}, {"group": 4, "id": "souring"}, {"group": 2, "id": "souse", "degree": 35}, {"group": 6, "id": "sockdolager", "degree": 0}, {"group": 5, "id": "soil"}, {"group": 6, "id": "sophistic"}, {"group": 4, "id": "soothe", "degree": 28}, {"group": 6, "id": "solemnly"}, {"group": 6, "id": "something", "degree": 16}, {"group": 4, "id": "sounding", "degree": 4}, {"group": 6, "id": "sorcerous"}, {"group": 3, "id": "somnambulism", "degree": 3}, {"group": 7, "id": "solicitation"}, {"group": 2, "id": "soak"}, {"group": 2, "id": "soaked"}, {"group": 10, "id": "sorehead", "degree": 1}, {"group": 3, "id": "soundness", "degree": 28}, {"group": 3, "id": "sopor"}, {"group": 2, "id": "soaker", "degree": 5}, {"group": 4, "id": "soar", "degree": 15}, {"group": 4, "id": "solidified", "degree": 3}, {"group": 2, "id": "sortie", "degree": 7}, {"group": 7, "id": "social", "degree": 10}, {"group": 1, "id": "songbook"}, {"group": 4, "id": "soured"}, {"group": 3, "id": "sophistication", "degree": 12}, {"group": 5, "id": "sodomist"}, {"group": 4, "id": "solicitor", "degree": 2}, {"group": 3, "id": "solidarity"}, {"group": 2, "id": "sorted"}, {"group": 12, "id": "solon", "degree": 0}, {"group": 3, "id": "solemnity"}, {"group": 7, "id": "socialistic", "degree": 5}, {"group": 2, "id": "sobbing", "degree": 10}, {"group": 1, "id": "sounder", "degree": 3}, {"group": 4, "id": "sounded"}, {"group": 4, "id": "sonorous"}, {"group": 4, "id": "soporific"}, {"group": 1, "id": "solve"}, {"group": 2, "id": "soundproof", "degree": 4}, {"group": 9, "id": "sourness", "degree": 7}, {"group": 7, "id": "soviet", "degree": 8}, {"group": 2, "id": "sopping", "degree": 8}], "links": [{"source": 0, "target": 108, "weight": 0.282051}, {"source": 0, "target": 21, "weight": 0.011494}, {"source": 0, "target": 14, "weight": 0.009709}, {"source": 0, "target": 32, "weight": 0.011236}, {"source": 0, "target": 39, "weight": 0.02439}, {"source": 0, "target": 144, "weight": 0.011628}, {"source": 0, "target": 50, "weight": 0.007299}, {"source": 0, "target": 42, "weight": 0.002959}, {"source": 1, "target": 42, "weight": 0.002967}, {"source": 1, "target": 35, "weight": 0.008403}, {"source": 2, "target": 138, "weight": 0.030303}, {"source": 2, "target": 149, "weight": 0.017857}, {"source": 2, "target": 16, "weight": 0.361702}, {"source": 2, "target": 12, "weight": 0.298246}, {"source": 2, "target": 150, "weight": 0.217949}, {"source": 2, "target": 178, "weight": 0.425}, {"source": 2, "target": 32, "weight": 0.011628}, {"source": 2, "target": 169, "weight": 0.027778}, {"source": 2, "target": 28, "weight": 0.226667}, {"source": 2, "target": 42, "weight": 0.005988}, {"source": 2, "target": 54, "weight": 0.005952}, {"source": 3, "target": 69, "weight": 0.017241}, {"source": 3, "target": 21, "weight": 0.01087}, {"source": 3, "target": 66, "weight": 0.021277}, {"source": 3, "target": 25, "weight": 0.02439}, {"source": 3, "target": 144, "weight": 0.069767}, {"source": 3, "target": 62, "weight": 0.014925}, {"source": 3, "target": 135, "weight": 0.102564}, {"source": 4, "target": 6, "weight": 0.022727}, {"source": 4, "target": 142, "weight": 0.007519}, {"source": 4, "target": 105, "weight": 0.004149}, {"source": 4, "target": 98, "weight": 0.484211}, {"source": 4, "target": 9, "weight": 0.010638}, {"source": 4, "target": 11, "weight": 0.035398}, {"source": 4, "target": 58, "weight": 0.007692}, {"source": 4, "target": 35, "weight": 0.012048}, {"source": 4, "target": 114, "weight": 0.005102}, {"source": 4, "target": 67, "weight": 0.026316}, {"source": 4, "target": 71, "weight": 0.007143}, {"source": 4, "target": 161, "weight": 0.009009}, {"source": 4, "target": 120, "weight": 0.003484}, {"source": 4, "target": 26, "weight": 0.007752}, {"source": 4, "target": 29, "weight": 0.009709}, {"source": 4, "target": 130, "weight": 0.005464}, {"source": 4, "target": 34, "weight": 0.007042}, {"source": 4, "target": 173, "weight": 0.025316}, {"source": 4, "target": 90, "weight": 0.009434}, {"source": 4, "target": 78, "weight": 0.028571}, {"source": 4, "target": 42, "weight": 0.010471}, {"source": 4, "target": 136, "weight": 0.012195}, {"source": 5, "target": 149, "weight": 0.010929}, {"source": 5, "target": 110, "weight": 0.008929}, {"source": 5, "target": 132, "weight": 0.017857}, {"source": 5, "target": 88, "weight": 0.008264}, {"source": 5, "target": 89, "weight": 0.019231}, {"source": 5, "target": 18, "weight": 0.01}, {"source": 5, "target": 177, "weight": 0.018182}, {"source": 6, "target": 45, "weight": 0.0125}, {"source": 6, "target": 140, "weight": 0.004651}, {"source": 6, "target": 72, "weight": 0.007407}, {"source": 6, "target": 29, "weight": 0.007194}, {"source": 6, "target": 142, "weight": 0.214286}, {"source": 6, "target": 99, "weight": 0.016129}, {"source": 6, "target": 7, "weight": 0.007143}, {"source": 6, "target": 105, "weight": 0.022059}, {"source": 6, "target": 53, "weight": 0.006944}, {"source": 6, "target": 11, "weight": 0.02}, {"source": 6, "target": 149, "weight": 0.003906}, {"source": 6, "target": 132, "weight": 0.01087}, {"source": 6, "target": 56, "weight": 0.012097}, {"source": 6, "target": 110, "weight": 0.005435}, {"source": 6, "target": 58, "weight": 0.006024}, {"source": 6, "target": 61, "weight": 0.035398}, {"source": 6, "target": 152, "weight": 0.005682}, {"source": 6, "target": 125, "weight": 0.005128}, {"source": 6, "target": 28, "weight": 0.00565}, {"source": 6, "target": 155, "weight": 0.011429}, {"source": 6, "target": 114, "weight": 0.008658}, {"source": 6, "target": 64, "weight": 0.011429}, {"source": 6, "target": 65, "weight": 0.019608}, {"source": 6, "target": 66, "weight": 0.00578}, {"source": 6, "target": 116, "weight": 0.006173}, {"source": 6, "target": 23, "weight": 0.005917}, {"source": 6, "target": 71, "weight": 0.005682}, {"source": 6, "target": 117, "weight": 0.005464}, {"source": 6, "target": 119, "weight": 0.005435}, {"source": 6, "target": 26, "weight": 0.024691}, {"source": 6, "target": 98, "weight": 0.005682}, {"source": 6, "target": 172, "weight": 0.005263}, {"source": 6, "target": 127, "weight": 0.004651}, {"source": 6, "target": 130, "weight": 0.018519}, {"source": 6, "target": 34, "weight": 0.005618}, {"source": 6, "target": 52, "weight": 0.009009}, {"source": 6, "target": 173, "weight": 0.010204}, {"source": 6, "target": 174, "weight": 0.006098}, {"source": 6, "target": 88, "weight": 0.015707}, {"source": 6, "target": 90, "weight": 0.007042}, {"source": 6, "target": 78, "weight": 0.005587}, {"source": 6, "target": 42, "weight": 0.019324}, {"source": 6, "target": 92, "weight": 0.013699}, {"source": 7, "target": 158, "weight": 0.013158}, {"source": 7, "target": 86, "weight": 0.023256}, {"source": 7, "target": 120, "weight": 0.004032}, {"source": 7, "target": 104, "weight": 0.027778}, {"source": 7, "target": 105, "weight": 0.00495}, {"source": 7, "target": 92, "weight": 0.013889}, {"source": 8, "target": 138, "weight": 0.006536}, {"source": 8, "target": 95, "weight": 0.010526}, {"source": 8, "target": 99, "weight": 0.006494}, {"source": 8, "target": 157, "weight": 0.01}, {"source": 8, "target": 117, "weight": 0.006711}, {"source": 8, "target": 110, "weight": 0.02027}, {"source": 8, "target": 130, "weight": 0.005405}, {"source": 8, "target": 132, "weight": 0.013333}, {"source": 8, "target": 120, "weight": 0.017544}, {"source": 8, "target": 103, "weight": 0.007463}, {"source": 8, "target": 48, "weight": 0.013514}, {"source": 8, "target": 105, "weight": 0.004115}, {"source": 8, "target": 152, "weight": 0.007042}, {"source": 9, "target": 78, "weight": 0.079545}, {"source": 9, "target": 117, "weight": 0.010204}, {"source": 9, "target": 147, "weight": 0.025}, {"source": 9, "target": 120, "weight": 0.004202}, {"source": 10, "target": 129, "weight": 0.004545}, {"source": 11, "target": 142, "weight": 0.038835}, {"source": 11, "target": 78, "weight": 0.008621}, {"source": 11, "target": 157, "weight": 0.014085}, {"source": 12, "target": 138, "weight": 0.137931}, {"source": 12, "target": 149, "weight": 0.086486}, {"source": 12, "target": 16, "weight": 0.236842}, {"source": 12, "target": 106, "weight": 0.013889}, {"source": 12, "target": 157, "weight": 0.012821}, {"source": 12, "target": 178, "weight": 0.641509}, {"source": 12, "target": 150, "weight": 0.168224}, {"source": 12, "target": 110, "weight": 0.007813}, {"source": 12, "target": 34, "weight": 0.025}, {"source": 12, "target": 136, "weight": 0.006897}, {"source": 12, "target": 32, "weight": 0.044643}, {"source": 12, "target": 102, "weight": 0.016129}, {"source": 12, "target": 22, "weight": 0.048387}, {"source": 12, "target": 169, "weight": 0.015152}, {"source": 12, "target": 90, "weight": 0.011628}, {"source": 12, "target": 28, "weight": 0.207921}, {"source": 12, "target": 131, "weight": 0.005208}, {"source": 12, "target": 42, "weight": 0.00274}, {"source": 12, "target": 154, "weight": 0.013889}, {"source": 13, "target": 116, "weight": 0.013514}, {"source": 13, "target": 34, "weight": 0.096386}, {"source": 13, "target": 14, "weight": 0.010204}, {"source": 13, "target": 134, "weight": 0.013514}, {"source": 13, "target": 174, "weight": 0.013158}, {"source": 13, "target": 103, "weight": 0.0125}, {"source": 13, "target": 152, "weight": 0.011364}, {"source": 14, "target": 69, "weight": 0.006024}, {"source": 14, "target": 163, "weight": 0.019802}, {"source": 14, "target": 21, "weight": 0.007092}, {"source": 14, "target": 95, "weight": 0.01}, {"source": 14, "target": 132, "weight": 0.012903}, {"source": 14, "target": 117, "weight": 0.006494}, {"source": 14, "target": 111, "weight": 0.004975}, {"source": 14, "target": 99, "weight": 0.006289}, {"source": 14, "target": 100, "weight": 0.015228}, {"source": 14, "target": 84, "weight": 0.010309}, {"source": 14, "target": 152, "weight": 0.013699}, {"source": 14, "target": 125, "weight": 0.006024}, {"source": 14, "target": 62, "weight": 0.008621}, {"source": 14, "target": 92, "weight": 0.008475}, {"source": 14, "target": 155, "weight": 0.006803}, {"source": 15, "target": 148, "weight": 0.02381}, {"source": 15, "target": 177, "weight": 0.023256}, {"source": 15, "target": 131, "weight": 0.006098}, {"source": 16, "target": 138, "weight": 0.033898}, {"source": 16, "target": 99, "weight": 0.008197}, {"source": 16, "target": 100, "weight": 0.012422}, {"source": 16, "target": 160, "weight": 0.020619}, {"source": 16, "target": 149, "weight": 0.02139}, {"source": 16, "target": 56, "weight": 0.005435}, {"source": 16, "target": 150, "weight": 0.554054}, {"source": 16, "target": 153, "weight": 0.012821}, {"source": 16, "target": 28, "weight": 0.191489}, {"source": 16, "target": 120, "weight": 0.003891}, {"source": 16, "target": 121, "weight": 0.012658}, {"source": 16, "target": 165, "weight": 0.015152}, {"source": 16, "target": 172, "weight": 0.008065}, {"source": 16, "target": 169, "weight": 0.017857}, {"source": 16, "target": 32, "weight": 0.019048}, {"source": 16, "target": 91, "weight": 0.010101}, {"source": 16, "target": 133, "weight": 0.011696}, {"source": 16, "target": 175, "weight": 0.017544}, {"source": 16, "target": 42, "weight": 0.002817}, {"source": 16, "target": 178, "weight": 0.305085}, {"source": 17, "target": 20, "weight": 0.013333}, {"source": 17, "target": 21, "weight": 0.009259}, {"source": 17, "target": 50, "weight": 0.032468}, {"source": 17, "target": 168, "weight": 0.016949}, {"source": 17, "target": 109, "weight": 0.019231}, {"source": 17, "target": 167, "weight": 0.00885}, {"source": 17, "target": 131, "weight": 0.005376}, {"source": 17, "target": 120, "weight": 0.003831}, {"source": 17, "target": 144, "weight": 0.009346}, {"source": 17, "target": 158, "weight": 0.084337}, {"source": 17, "target": 177, "weight": 0.081967}, {"source": 17, "target": 80, "weight": 0.007246}, {"source": 18, "target": 46, "weight": 0.011905}, {"source": 18, "target": 168, "weight": 0.012821}, {"source": 18, "target": 42, "weight": 0.005305}, {"source": 18, "target": 66, "weight": 0.007692}, {"source": 18, "target": 130, "weight": 0.017241}, {"source": 18, "target": 120, "weight": 0.029304}, {"source": 18, "target": 37, "weight": 0.013889}, {"source": 18, "target": 26, "weight": 0.042373}, {"source": 18, "target": 158, "weight": 0.009259}, {"source": 18, "target": 105, "weight": 0.021739}, {"source": 18, "target": 99, "weight": 0.006897}, {"source": 19, "target": 65, "weight": 0.013889}, {"source": 19, "target": 57, "weight": 0.423077}, {"source": 19, "target": 93, "weight": 0.923077}, {"source": 20, "target": 69, "weight": 0.026087}, {"source": 20, "target": 138, "weight": 0.009174}, {"source": 20, "target": 66, "weight": 0.021277}, {"source": 20, "target": 21, "weight": 0.453125}, {"source": 20, "target": 47, "weight": 0.045455}, {"source": 20, "target": 42, "weight": 0.002915}, {"source": 20, "target": 117, "weight": 0.009524}, {"source": 20, "target": 111, "weight": 0.013245}, {"source": 20, "target": 144, "weight": 0.121951}, {"source": 20, "target": 152, "weight": 0.010204}, {"source": 20, "target": 125, "weight": 0.008547}, {"source": 20, "target": 108, "weight": 0.018519}, {"source": 20, "target": 53, "weight": 0.015152}, {"source": 21, "target": 138, "weight": 0.007042}, {"source": 21, "target": 47, "weight": 0.039474}, {"source": 21, "target": 49, "weight": 0.016129}, {"source": 21, "target": 50, "weight": 0.011494}, {"source": 21, "target": 144, "weight": 0.315789}, {"source": 21, "target": 105, "weight": 0.00431}, {"source": 21, "target": 53, "weight": 0.010101}, {"source": 21, "target": 69, "weight": 0.02027}, {"source": 21, "target": 108, "weight": 0.011494}, {"source": 21, "target": 56, "weight": 0.004878}, {"source": 21, "target": 111, "weight": 0.021978}, {"source": 21, "target": 152, "weight": 0.007634}, {"source": 21, "target": 125, "weight": 0.013423}, {"source": 21, "target": 114, "weight": 0.005348}, {"source": 21, "target": 66, "weight": 0.015748}, {"source": 21, "target": 116, "weight": 0.008547}, {"source": 21, "target": 107, "weight": 0.009901}, {"source": 21, "target": 117, "weight": 0.007246}, {"source": 21, "target": 124, "weight": 0.045455}, {"source": 21, "target": 167, "weight": 0.007692}, {"source": 21, "target": 129, "weight": 0.011029}, {"source": 21, "target": 131, "weight": 0.172414}, {"source": 21, "target": 87, "weight": 0.011765}, {"source": 21, "target": 42, "weight": 0.00266}, {"source": 22, "target": 138, "weight": 0.033333}, {"source": 22, "target": 149, "weight": 0.018868}, {"source": 22, "target": 178, "weight": 0.043478}, {"source": 22, "target": 157, "weight": 0.025641}, {"source": 22, "target": 34, "weight": 0.012048}, {"source": 22, "target": 136, "weight": 0.009434}, {"source": 22, "target": 99, "weight": 0.010753}, {"source": 22, "target": 35, "weight": 0.009259}, {"source": 22, "target": 123, "weight": 0.043478}, {"source": 22, "target": 92, "weight": 0.019231}, {"source": 23, "target": 69, "weight": 0.006711}, {"source": 23, "target": 169, "weight": 0.013158}, {"source": 23, "target": 66, "weight": 0.007874}, {"source": 23, "target": 111, "weight": 0.005435}, {"source": 23, "target": 142, "weight": 0.00813}, {"source": 23, "target": 84, "weight": 0.025316}, {"source": 23, "target": 42, "weight": 0.002667}, {"source": 23, "target": 35, "weight": 0.012821}, {"source": 24, "target": 127, "weight": 0.00303}, {"source": 24, "target": 42, "weight": 0.003125}, {"source": 24, "target": 80, "weight": 0.010101}, {"source": 25, "target": 111, "weight": 0.007463}, {"source": 25, "target": 139, "weight": 0.047619}, {"source": 26, "target": 45, "weight": 0.018182}, {"source": 26, "target": 98, "weight": 0.007937}, {"source": 26, "target": 142, "weight": 0.025641}, {"source": 26, "target": 99, "weight": 0.02963}, {"source": 26, "target": 105, "weight": 0.134328}, {"source": 26, "target": 53, "weight": 0.043956}, {"source": 26, "target": 54, "weight": 0.004902}, {"source": 26, "target": 69, "weight": 0.006897}, {"source": 26, "target": 56, "weight": 0.030769}, {"source": 26, "target": 80, "weight": 0.013423}, {"source": 26, "target": 28, "weight": 0.007874}, {"source": 26, "target": 65, "weight": 0.009524}, {"source": 26, "target": 107, "weight": 0.010417}, {"source": 26, "target": 66, "weight": 0.00813}, {"source": 26, "target": 119, "weight": 0.022727}, {"source": 26, "target": 120, "weight": 0.007353}, {"source": 26, "target": 125, "weight": 0.006897}, {"source": 26, "target": 172, "weight": 0.014388}, {"source": 26, "target": 126, "weight": 0.025641}, {"source": 26, "target": 127, "weight": 0.002625}, {"source": 26, "target": 129, "weight": 0.003717}, {"source": 26, "target": 42, "weight": 0.087719}, {"source": 26, "target": 130, "weight": 0.172414}, {"source": 26, "target": 34, "weight": 0.007813}, {"source": 26, "target": 173, "weight": 0.006803}, {"source": 26, "target": 133, "weight": 0.010695}, {"source": 26, "target": 78, "weight": 0.007752}, {"source": 26, "target": 40, "weight": 0.028037}, {"source": 26, "target": 91, "weight": 0.008696}, {"source": 26, "target": 44, "weight": 0.008772}, {"source": 27, "target": 117, "weight": 0.038095}, {"source": 27, "target": 177, "weight": 0.019231}, {"source": 27, "target": 158, "weight": 0.013158}, {"source": 28, "target": 138, "weight": 0.219512}, {"source": 28, "target": 106, "weight": 0.011111}, {"source": 28, "target": 178, "weight": 0.25}, {"source": 28, "target": 110, "weight": 0.006849}, {"source": 28, "target": 111, "weight": 0.005208}, {"source": 28, "target": 100, "weight": 0.010582}, {"source": 28, "target": 39, "weight": 0.011628}, {"source": 28, "target": 102, "weight": 0.038462}, {"source": 28, "target": 169, "weight": 0.011905}, {"source": 28, "target": 105, "weight": 0.004184}, {"source": 28, "target": 130, "weight": 0.005525}, {"source": 28, "target": 42, "weight": 0.007874}, {"source": 28, "target": 154, "weight": 0.034091}, {"source": 28, "target": 35, "weight": 0.044025}, {"source": 29, "target": 117, "weight": 0.009346}, {"source": 29, "target": 142, "weight": 0.010753}, {"source": 29, "target": 100, "weight": 0.006579}, {"source": 29, "target": 152, "weight": 0.01}, {"source": 29, "target": 78, "weight": 0.029703}, {"source": 30, "target": 36, "weight": 0.014925}, {"source": 30, "target": 140, "weight": 0.007353}, {"source": 30, "target": 159, "weight": 0.015625}, {"source": 30, "target": 111, "weight": 0.006623}, {"source": 30, "target": 34, "weight": 0.010101}, {"source": 30, "target": 50, "weight": 0.014286}, {"source": 30, "target": 84, "weight": 0.021277}, {"source": 30, "target": 62, "weight": 0.015152}, {"source": 31, "target": 127, "weight": 0.009036}, {"source": 31, "target": 121, "weight": 0.020833}, {"source": 31, "target": 62, "weight": 0.020833}, {"source": 31, "target": 94, "weight": 0.011765}, {"source": 31, "target": 59, "weight": 0.021277}, {"source": 32, "target": 138, "weight": 0.228814}, {"source": 32, "target": 178, "weight": 0.052632}, {"source": 32, "target": 110, "weight": 0.007092}, {"source": 32, "target": 100, "weight": 0.005405}, {"source": 32, "target": 39, "weight": 0.242424}, {"source": 32, "target": 102, "weight": 0.013333}, {"source": 32, "target": 38, "weight": 0.013514}, {"source": 32, "target": 42, "weight": 0.005305}, {"source": 32, "target": 154, "weight": 0.02381}, {"source": 32, "target": 35, "weight": 0.03871}, {"source": 33, "target": 103, "weight": 0.015152}, {"source": 34, "target": 138, "weight": 0.02027}, {"source": 34, "target": 84, "weight": 0.046512}, {"source": 34, "target": 99, "weight": 0.013333}, {"source": 34, "target": 100, "weight": 0.005236}, {"source": 34, "target": 144, "weight": 0.007576}, {"source": 34, "target": 105, "weight": 0.004167}, {"source": 34, "target": 53, "weight": 0.009346}, {"source": 34, "target": 110, "weight": 0.006803}, {"source": 34, "target": 152, "weight": 0.007194}, {"source": 34, "target": 125, "weight": 0.006329}, {"source": 34, "target": 62, "weight": 0.018692}, {"source": 34, "target": 35, "weight": 0.006024}, {"source": 34, "target": 155, "weight": 0.014493}, {"source": 34, "target": 117, "weight": 0.006849}, {"source": 34, "target": 161, "weight": 0.018349}, {"source": 34, "target": 120, "weight": 0.003497}, {"source": 34, "target": 130, "weight": 0.005495}, {"source": 34, "target": 92, "weight": 0.009091}, {"source": 34, "target": 89, "weight": 0.011494}, {"source": 34, "target": 42, "weight": 0.007853}, {"source": 34, "target": 178, "weight": 0.019231}, {"source": 35, "target": 138, "weight": 0.047619}, {"source": 35, "target": 84, "weight": 0.017699}, {"source": 35, "target": 98, "weight": 0.01227}, {"source": 35, "target": 104, "weight": 0.014815}, {"source": 35, "target": 107, "weight": 0.007463}, {"source": 35, "target": 148, "weight": 0.017699}, {"source": 35, "target": 149, "weight": 0.038136}, {"source": 35, "target": 150, "weight": 0.005952}, {"source": 35, "target": 110, "weight": 0.011696}, {"source": 35, "target": 111, "weight": 0.004587}, {"source": 35, "target": 62, "weight": 0.007519}, {"source": 35, "target": 41, "weight": 0.008475}, {"source": 35, "target": 64, "weight": 0.006098}, {"source": 35, "target": 67, "weight": 0.165289}, {"source": 35, "target": 118, "weight": 0.008065}, {"source": 35, "target": 159, "weight": 0.023256}, {"source": 35, "target": 120, "weight": 0.003215}, {"source": 35, "target": 123, "weight": 0.009434}, {"source": 35, "target": 127, "weight": 0.004785}, {"source": 35, "target": 124, "weight": 0.013699}, {"source": 35, "target": 167, "weight": 0.006135}, {"source": 35, "target": 129, "weight": 0.003257}, {"source": 35, "target": 42, "weight": 0.002445}, {"source": 35, "target": 132, "weight": 0.011628}, {"source": 35, "target": 174, "weight": 0.013245}, {"source": 35, "target": 83, "weight": 0.009346}, {"source": 36, "target": 176, "weight": 0.268657}, {"source": 36, "target": 161, "weight": 0.012821}, {"source": 36, "target": 120, "weight": 0.028226}, {"source": 36, "target": 89, "weight": 0.018182}, {"source": 36, "target": 78, "weight": 0.018349}, {"source": 36, "target": 43, "weight": 0.021739}, {"source": 37, "target": 99, "weight": 0.011364}, {"source": 37, "target": 42, "weight": 0.012579}, {"source": 37, "target": 54, "weight": 0.006494}, {"source": 38, "target": 100, "weight": 0.007692}, {"source": 38, "target": 145, "weight": 0.060606}, {"source": 38, "target": 171, "weight": 0.034483}, {"source": 38, "target": 172, "weight": 0.01087}, {"source": 39, "target": 138, "weight": 0.010417}, {"source": 39, "target": 149, "weight": 0.006061}, {"source": 39, "target": 42, "weight": 0.006079}, {"source": 40, "target": 127, "weight": 0.005348}, {"source": 40, "target": 42, "weight": 0.022346}, {"source": 40, "target": 99, "weight": 0.007576}, {"source": 40, "target": 56, "weight": 0.005155}, {"source": 40, "target": 49, "weight": 0.017699}, {"source": 40, "target": 130, "weight": 0.025}, {"source": 40, "target": 111, "weight": 0.005747}, {"source": 40, "target": 58, "weight": 0.018349}, {"source": 40, "target": 120, "weight": 0.003745}, {"source": 40, "target": 172, "weight": 0.007463}, {"source": 40, "target": 158, "weight": 0.043478}, {"source": 40, "target": 105, "weight": 0.013699}, {"source": 40, "target": 119, "weight": 0.02381}, {"source": 40, "target": 53, "weight": 0.059524}, {"source": 40, "target": 80, "weight": 0.043165}, {"source": 41, "target": 78, "weight": 0.010638}, {"source": 41, "target": 113, "weight": 0.033333}, {"source": 42, "target": 46, "weight": 0.009063}, {"source": 42, "target": 106, "weight": 0.002994}, {"source": 42, "target": 140, "weight": 0.004762}, {"source": 42, "target": 104, "weight": 0.011396}, {"source": 42, "target": 142, "weight": 0.013477}, {"source": 42, "target": 99, "weight": 0.179104}, {"source": 42, "target": 100, "weight": 0.004619}, {"source": 42, "target": 48, "weight": 0.005155}, {"source": 42, "target": 105, "weight": 0.1}, {"source": 42, "target": 45, "weight": 0.022222}, {"source": 42, "target": 145, "weight": 0.002959}, {"source": 42, "target": 53, "weight": 0.08}, {"source": 42, "target": 54, "weight": 0.022173}, {"source": 42, "target": 173, "weight": 0.020202}, {"source": 42, "target": 98, "weight": 0.007895}, {"source": 42, "target": 69, "weight": 0.005}, {"source": 42, "target": 160, "weight": 0.008152}, {"source": 42, "target": 87, "weight": 0.002976}, {"source": 42, "target": 56, "weight": 0.031603}, {"source": 42, "target": 67, "weight": 0.002793}, {"source": 42, "target": 150, "weight": 0.002591}, {"source": 42, "target": 111, "weight": 0.006912}, {"source": 42, "target": 133, "weight": 0.013667}, {"source": 42, "target": 172, "weight": 0.007614}, {"source": 42, "target": 125, "weight": 0.002494}, {"source": 42, "target": 153, "weight": 0.002857}, {"source": 42, "target": 155, "weight": 0.005249}, {"source": 42, "target": 65, "weight": 0.00277}, {"source": 42, "target": 116, "weight": 0.002717}, {"source": 42, "target": 107, "weight": 0.005698}, {"source": 42, "target": 66, "weight": 0.002639}, {"source": 42, "target": 119, "weight": 0.007732}, {"source": 42, "target": 120, "weight": 0.007605}, {"source": 42, "target": 121, "weight": 0.002849}, {"source": 42, "target": 164, "weight": 0.002571}, {"source": 42, "target": 165, "weight": 0.002959}, {"source": 42, "target": 80, "weight": 0.040921}, {"source": 42, "target": 126, "weight": 0.009009}, {"source": 42, "target": 127, "weight": 0.011094}, {"source": 42, "target": 124, "weight": 0.00274}, {"source": 42, "target": 131, "weight": 0.002203}, {"source": 42, "target": 129, "weight": 0.017408}, {"source": 42, "target": 169, "weight": 0.003049}, {"source": 42, "target": 130, "weight": 0.065}, {"source": 42, "target": 171, "weight": 0.009063}, {"source": 42, "target": 132, "weight": 0.002558}, {"source": 42, "target": 88, "weight": 0.002506}, {"source": 42, "target": 89, "weight": 0.006079}, {"source": 42, "target": 78, "weight": 0.005208}, {"source": 42, "target": 91, "weight": 0.005405}, {"source": 42, "target": 92, "weight": 0.044248}, {"source": 42, "target": 44, "weight": 0.00542}, {"source": 42, "target": 158, "weight": 0.002801}, {"source": 43, "target": 138, "weight": 0.011494}, {"source": 43, "target": 160, "weight": 0.015625}, {"source": 43, "target": 120, "weight": 0.004484}, {"source": 43, "target": 133, "weight": 0.045113}, {"source": 43, "target": 89, "weight": 0.041667}, {"source": 44, "target": 82, "weight": 0.012821}, {"source": 44, "target": 66, "weight": 0.008197}, {"source": 44, "target": 130, "weight": 0.005952}, {"source": 44, "target": 111, "weight": 0.005587}, {"source": 44, "target": 86, "weight": 0.014925}, {"source": 44, "target": 142, "weight": 0.008475}, {"source": 44, "target": 120, "weight": 0.003676}, {"source": 44, "target": 104, "weight": 0.042553}, {"source": 44, "target": 105, "weight": 0.004425}, {"source": 45, "target": 65, "weight": 0.0625}, {"source": 45, "target": 99, "weight": 0.007463}, {"source": 45, "target": 130, "weight": 0.0375}, {"source": 45, "target": 86, "weight": 0.015625}, {"source": 45, "target": 142, "weight": 0.017544}, {"source": 45, "target": 120, "weight": 0.003717}, {"source": 45, "target": 105, "weight": 0.013575}, {"source": 45, "target": 106, "weight": 0.013514}, {"source": 46, "target": 128, "weight": 0.105263}, {"source": 46, "target": 56, "weight": 0.006173}, {"source": 46, "target": 140, "weight": 0.015873}, {"source": 46, "target": 130, "weight": 0.03125}, {"source": 46, "target": 48, "weight": 0.021277}, {"source": 46, "target": 105, "weight": 0.016043}, {"source": 46, "target": 54, "weight": 0.030864}, {"source": 47, "target": 114, "weight": 0.021739}, {"source": 47, "target": 66, "weight": 0.012346}, {"source": 47, "target": 95, "weight": 0.055556}, {"source": 47, "target": 167, "weight": 0.012048}, {"source": 47, "target": 129, "weight": 0.004405}, {"source": 47, "target": 140, "weight": 0.016393}, {"source": 47, "target": 117, "weight": 0.010989}, {"source": 47, "target": 131, "weight": 0.019481}, {"source": 47, "target": 50, "weight": 0.007813}, {"source": 47, "target": 144, "weight": 0.04}, {"source": 47, "target": 152, "weight": 0.011905}, {"source": 47, "target": 124, "weight": 0.014925}, {"source": 48, "target": 127, "weight": 0.002506}, {"source": 48, "target": 114, "weight": 0.005}, {"source": 48, "target": 94, "weight": 0.006667}, {"source": 48, "target": 176, "weight": 0.008264}, {"source": 48, "target": 107, "weight": 0.017699}, {"source": 48, "target": 56, "weight": 0.004587}, {"source": 48, "target": 140, "weight": 0.115152}, {"source": 48, "target": 130, "weight": 0.005348}, {"source": 48, "target": 131, "weight": 0.009302}, {"source": 48, "target": 132, "weight": 0.006536}, {"source": 48, "target": 173, "weight": 0.006061}, {"source": 48, "target": 100, "weight": 0.005102}, {"source": 48, "target": 123, "weight": 0.011628}, {"source": 48, "target": 90, "weight": 0.018349}, {"source": 48, "target": 54, "weight": 0.004505}, {"source": 48, "target": 95, "weight": 0.031579}, {"source": 49, "target": 69, "weight": 0.013423}, {"source": 49, "target": 66, "weight": 0.015748}, {"source": 49, "target": 110, "weight": 0.007194}, {"source": 49, "target": 111, "weight": 0.016393}, {"source": 49, "target": 120, "weight": 0.003597}, {"source": 49, "target": 144, "weight": 0.041667}, {"source": 49, "target": 104, "weight": 0.009709}, {"source": 49, "target": 105, "weight": 0.013043}, {"source": 49, "target": 53, "weight": 0.010101}, {"source": 50, "target": 82, "weight": 0.007463}, {"source": 50, "target": 132, "weight": 0.005263}, {"source": 50, "target": 168, "weight": 0.03252}, {"source": 50, "target": 117, "weight": 0.010695}, {"source": 50, "target": 60, "weight": 0.023622}, {"source": 50, "target": 144, "weight": 0.005747}, {"source": 50, "target": 161, "weight": 0.006579}, {"source": 50, "target": 158, "weight": 0.039735}, {"source": 50, "target": 152, "weight": 0.011111}, {"source": 50, "target": 125, "weight": 0.01005}, {"source": 50, "target": 62, "weight": 0.006667}, {"source": 50, "target": 177, "weight": 0.015267}, {"source": 50, "target": 155, "weight": 0.005525}, {"source": 51, "target": 113, "weight": 0.047619}, {"source": 51, "target": 174, "weight": 0.044118}, {"source": 52, "target": 142, "weight": 0.015385}, {"source": 52, "target": 99, "weight": 0.011905}, {"source": 52, "target": 92, "weight": 0.023256}, {"source": 53, "target": 98, "weight": 0.009524}, {"source": 53, "target": 142, "weight": 0.010204}, {"source": 53, "target": 99, "weight": 0.008547}, {"source": 53, "target": 105, "weight": 0.024752}, {"source": 53, "target": 67, "weight": 0.012346}, {"source": 53, "target": 111, "weight": 0.019108}, {"source": 53, "target": 80, "weight": 0.031746}, {"source": 53, "target": 114, "weight": 0.006211}, {"source": 53, "target": 119, "weight": 0.027027}, {"source": 53, "target": 120, "weight": 0.007968}, {"source": 53, "target": 164, "weight": 0.008929}, {"source": 53, "target": 127, "weight": 0.011204}, {"source": 53, "target": 129, "weight": 0.008097}, {"source": 53, "target": 130, "weight": 0.020548}, {"source": 53, "target": 131, "weight": 0.00565}, {"source": 53, "target": 91, "weight": 0.010638}, {"source": 54, "target": 99, "weight": 0.004405}, {"source": 54, "target": 130, "weight": 0.007782}, {"source": 54, "target": 66, "weight": 0.004717}, {"source": 54, "target": 157, "weight": 0.00578}, {"source": 54, "target": 111, "weight": 0.003717}, {"source": 54, "target": 104, "weight": 0.005348}, {"source": 54, "target": 120, "weight": 0.022535}, {"source": 54, "target": 105, "weight": 0.003165}, {"source": 54, "target": 106, "weight": 0.005988}, {"source": 55, "target": 65, "weight": 0.014925}, {"source": 55, "target": 57, "weight": 0.333333}, {"source": 55, "target": 93, "weight": 0.730769}, {"source": 56, "target": 163, "weight": 0.006024}, {"source": 56, "target": 99, "weight": 0.009009}, {"source": 56, "target": 104, "weight": 0.005464}, {"source": 56, "target": 130, "weight": 0.164384}, {"source": 56, "target": 111, "weight": 0.031008}, {"source": 56, "target": 74, "weight": 0.006329}, {"source": 56, "target": 142, "weight": 0.004902}, {"source": 56, "target": 120, "weight": 0.014124}, {"source": 56, "target": 100, "weight": 0.023256}, {"source": 56, "target": 144, "weight": 0.004902}, {"source": 56, "target": 105, "weight": 0.194656}, {"source": 56, "target": 65, "weight": 0.026882}, {"source": 56, "target": 82, "weight": 0.006098}, {"source": 57, "target": 76, "weight": 0.423077}, {"source": 57, "target": 70, "weight": 0.333333}, {"source": 57, "target": 93, "weight": 0.423077}, {"source": 58, "target": 138, "weight": 0.007246}, {"source": 58, "target": 176, "weight": 0.009615}, {"source": 58, "target": 117, "weight": 0.007463}, {"source": 58, "target": 130, "weight": 0.005882}, {"source": 58, "target": 120, "weight": 0.00365}, {"source": 58, "target": 105, "weight": 0.004386}, {"source": 58, "target": 78, "weight": 0.023438}, {"source": 58, "target": 161, "weight": 0.010204}, {"source": 59, "target": 108, "weight": 0.016393}, {"source": 59, "target": 111, "weight": 0.006289}, {"source": 59, "target": 99, "weight": 0.008547}, {"source": 59, "target": 62, "weight": 0.388889}, {"source": 59, "target": 92, "weight": 0.013158}, {"source": 60, "target": 125, "weight": 0.009615}, {"source": 60, "target": 164, "weight": 0.044944}, {"source": 61, "target": 142, "weight": 0.014286}, {"source": 61, "target": 99, "weight": 0.011236}, {"source": 61, "target": 65, "weight": 0.017857}, {"source": 61, "target": 92, "weight": 0.020833}, {"source": 62, "target": 127, "weight": 0.00277}, {"source": 62, "target": 114, "weight": 0.006173}, {"source": 62, "target": 124, "weight": 0.011236}, {"source": 62, "target": 84, "weight": 0.036364}, {"source": 62, "target": 140, "weight": 0.006897}, {"source": 62, "target": 159, "weight": 0.254237}, {"source": 62, "target": 99, "weight": 0.008475}, {"source": 62, "target": 121, "weight": 0.333333}, {"source": 62, "target": 92, "weight": 0.012987}, {"source": 63, "target": 69, "weight": 0.010204}, {"source": 63, "target": 71, "weight": 0.012658}, {"source": 63, "target": 151, "weight": 0.230769}, {"source": 64, "target": 69, "weight": 0.207692}, {"source": 64, "target": 66, "weight": 0.062992}, {"source": 64, "target": 157, "weight": 0.010526}, {"source": 64, "target": 111, "weight": 0.010526}, {"source": 64, "target": 142, "weight": 0.015504}, {"source": 64, "target": 120, "weight": 0.003521}, {"source": 64, "target": 100, "weight": 0.016043}, {"source": 64, "target": 84, "weight": 0.011494}, {"source": 64, "target": 125, "weight": 0.00641}, {"source": 64, "target": 135, "weight": 0.012346}, {"source": 64, "target": 92, "weight": 0.009259}, {"source": 64, "target": 155, "weight": 0.029851}, {"source": 65, "target": 142, "weight": 0.018519}, {"source": 65, "target": 99, "weight": 0.007813}, {"source": 65, "target": 105, "weight": 0.013953}, {"source": 65, "target": 106, "weight": 0.014706}, {"source": 65, "target": 152, "weight": 0.008621}, {"source": 65, "target": 116, "weight": 0.009804}, {"source": 65, "target": 117, "weight": 0.00813}, {"source": 65, "target": 70, "weight": 0.014925}, {"source": 65, "target": 76, "weight": 0.013889}, {"source": 65, "target": 127, "weight": 0.002695}, {"source": 65, "target": 120, "weight": 0.003802}, {"source": 65, "target": 129, "weight": 0.007752}, {"source": 65, "target": 130, "weight": 0.012658}, {"source": 65, "target": 173, "weight": 0.037594}, {"source": 65, "target": 89, "weight": 0.015625}, {"source": 65, "target": 92, "weight": 0.011494}, {"source": 65, "target": 93, "weight": 0.013889}, {"source": 66, "target": 142, "weight": 0.007874}, {"source": 66, "target": 144, "weight": 0.015873}, {"source": 66, "target": 105, "weight": 0.004255}, {"source": 66, "target": 67, "weight": 0.009091}, {"source": 66, "target": 69, "weight": 0.203125}, {"source": 66, "target": 111, "weight": 0.021622}, {"source": 66, "target": 112, "weight": 0.012658}, {"source": 66, "target": 114, "weight": 0.010582}, {"source": 66, "target": 80, "weight": 0.006329}, {"source": 66, "target": 127, "weight": 0.007752}, {"source": 66, "target": 129, "weight": 0.073359}, {"source": 66, "target": 130, "weight": 0.00565}, {"source": 66, "target": 131, "weight": 0.014706}, {"source": 66, "target": 85, "weight": 0.008929}, {"source": 66, "target": 135, "weight": 0.025974}, {"source": 67, "target": 69, "weight": 0.007576}, {"source": 67, "target": 138, "weight": 0.01626}, {"source": 67, "target": 170, "weight": 0.017241}, {"source": 67, "target": 132, "weight": 0.008197}, {"source": 67, "target": 111, "weight": 0.005988}, {"source": 67, "target": 120, "weight": 0.003846}, {"source": 67, "target": 100, "weight": 0.006061}, {"source": 67, "target": 105, "weight": 0.004673}, {"source": 68, "target": 129, "weight": 0.004167}, {"source": 68, "target": 143, "weight": 0.026316}, {"source": 68, "target": 85, "weight": 0.027027}, {"source": 69, "target": 141, "weight": 0.010417}, {"source": 69, "target": 144, "weight": 0.013514}, {"source": 69, "target": 105, "weight": 0.011765}, {"source": 69, "target": 111, "weight": 0.009569}, {"source": 69, "target": 151, "weight": 0.009259}, {"source": 69, "target": 114, "weight": 0.014286}, {"source": 69, "target": 71, "weight": 0.00641}, {"source": 69, "target": 80, "weight": 0.011173}, {"source": 69, "target": 127, "weight": 0.007335}, {"source": 69, "target": 124, "weight": 0.007194}, {"source": 69, "target": 129, "weight": 0.067616}, {"source": 69, "target": 130, "weight": 0.005025}, {"source": 69, "target": 131, "weight": 0.017778}, {"source": 69, "target": 173, "weight": 0.017143}, {"source": 69, "target": 85, "weight": 0.007463}, {"source": 69, "target": 135, "weight": 0.020202}, {"source": 70, "target": 93, "weight": 0.730769}, {"source": 71, "target": 138, "weight": 0.013605}, {"source": 71, "target": 176, "weight": 0.017699}, {"source": 71, "target": 169, "weight": 0.02439}, {"source": 71, "target": 117, "weight": 0.006944}, {"source": 71, "target": 86, "weight": 0.025641}, {"source": 71, "target": 120, "weight": 0.021505}, {"source": 71, "target": 152, "weight": 0.007299}, {"source": 71, "target": 78, "weight": 0.007143}, {"source": 72, "target": 134, "weight": 0.077922}, {"source": 72, "target": 120, "weight": 0.004115}, {"source": 72, "target": 77, "weight": 0.113636}, {"source": 72, "target": 78, "weight": 0.010101}, {"source": 72, "target": 161, "weight": 0.030303}, {"source": 74, "target": 152, "weight": 0.011905}, {"source": 74, "target": 75, "weight": 0.016393}, {"source": 74, "target": 131, "weight": 0.00641}, {"source": 75, "target": 100, "weight": 0.018293}, {"source": 75, "target": 155, "weight": 0.017699}, {"source": 76, "target": 93, "weight": 0.923077}, {"source": 77, "target": 152, "weight": 0.011236}, {"source": 77, "target": 161, "weight": 0.270833}, {"source": 78, "target": 100, "weight": 0.010471}, {"source": 78, "target": 105, "weight": 0.004149}, {"source": 78, "target": 98, "weight": 0.021739}, {"source": 78, "target": 153, "weight": 0.028302}, {"source": 78, "target": 116, "weight": 0.024194}, {"source": 78, "target": 117, "weight": 0.006803}, {"source": 78, "target": 118, "weight": 0.01}, {"source": 78, "target": 161, "weight": 0.027523}, {"source": 78, "target": 120, "weight": 0.010526}, {"source": 78, "target": 164, "weight": 0.013699}, {"source": 78, "target": 130, "weight": 0.005464}, {"source": 78, "target": 92, "weight": 0.009009}, {"source": 78, "target": 133, "weight": 0.00495}, {"source": 78, "target": 136, "weight": 0.006061}, {"source": 79, "target": 144, "weight": 0.013514}, {"source": 80, "target": 168, "weight": 0.019048}, {"source": 80, "target": 130, "weight": 0.004902}, {"source": 80, "target": 142, "weight": 0.006494}, {"source": 80, "target": 99, "weight": 0.00578}, {"source": 80, "target": 100, "weight": 0.004695}, {"source": 80, "target": 104, "weight": 0.015152}, {"source": 80, "target": 105, "weight": 0.035433}, {"source": 80, "target": 158, "weight": 0.132231}, {"source": 81, "target": 127, "weight": 0.00289}, {"source": 81, "target": 109, "weight": 0.034483}, {"source": 81, "target": 94, "weight": 0.010309}, {"source": 81, "target": 177, "weight": 0.02381}, {"source": 82, "target": 138, "weight": 0.02}, {"source": 82, "target": 132, "weight": 0.030928}, {"source": 82, "target": 112, "weight": 0.028571}, {"source": 82, "target": 155, "weight": 0.011111}, {"source": 83, "target": 132, "weight": 0.034483}, {"source": 84, "target": 114, "weight": 0.006993}, {"source": 84, "target": 124, "weight": 0.014286}, {"source": 84, "target": 167, "weight": 0.011628}, {"source": 84, "target": 159, "weight": 0.1}, {"source": 84, "target": 111, "weight": 0.007092}, {"source": 84, "target": 121, "weight": 0.017857}, {"source": 84, "target": 174, "weight": 0.013333}, {"source": 84, "target": 136, "weight": 0.008929}, {"source": 84, "target": 164, "weight": 0.010638}, {"source": 85, "target": 111, "weight": 0.011905}, {"source": 85, "target": 144, "weight": 0.009259}, {"source": 85, "target": 135, "weight": 0.016949}, {"source": 86, "target": 160, "weight": 0.014925}, {"source": 86, "target": 167, "weight": 0.012821}, {"source": 86, "target": 117, "weight": 0.011628}, {"source": 86, "target": 119, "weight": 0.073171}, {"source": 86, "target": 173, "weight": 0.01}, {"source": 86, "target": 152, "weight": 0.012658}, {"source": 86, "target": 158, "weight": 0.018519}, {"source": 87, "target": 138, "weight": 0.009804}, {"source": 88, "target": 138, "weight": 0.006061}, {"source": 88, "target": 156, "weight": 0.016807}, {"source": 88, "target": 117, "weight": 0.006211}, {"source": 88, "target": 142, "weight": 0.006803}, {"source": 88, "target": 120, "weight": 0.006667}, {"source": 88, "target": 100, "weight": 0.009756}, {"source": 88, "target": 99, "weight": 0.006024}, {"source": 88, "target": 103, "weight": 0.006849}, {"source": 88, "target": 105, "weight": 0.003922}, {"source": 88, "target": 152, "weight": 0.006494}, {"source": 88, "target": 177, "weight": 0.009524}, {"source": 88, "target": 132, "weight": 0.012346}, {"source": 89, "target": 107, "weight": 0.018182}, {"source": 89, "target": 173, "weight": 0.009434}, {"source": 89, "target": 149, "weight": 0.006061}, {"source": 89, "target": 120, "weight": 0.00431}, {"source": 89, "target": 133, "weight": 0.006803}, {"source": 89, "target": 123, "weight": 0.037037}, {"source": 89, "target": 99, "weight": 0.020833}, {"source": 89, "target": 92, "weight": 0.017857}, {"source": 90, "target": 138, "weight": 0.008772}, {"source": 90, "target": 110, "weight": 0.027523}, {"source": 90, "target": 132, "weight": 0.008929}, {"source": 90, "target": 103, "weight": 0.010526}, {"source": 90, "target": 105, "weight": 0.004902}, {"source": 90, "target": 161, "weight": 0.027397}, {"source": 90, "target": 178, "weight": 0.014493}, {"source": 91, "target": 169, "weight": 0.042857}, {"source": 91, "target": 130, "weight": 0.036585}, {"source": 91, "target": 120, "weight": 0.118367}, {"source": 91, "target": 105, "weight": 0.013333}, {"source": 92, "target": 142, "weight": 0.009901}, {"source": 92, "target": 99, "weight": 0.315217}, {"source": 92, "target": 100, "weight": 0.00625}, {"source": 92, "target": 152, "weight": 0.009259}, {"source": 92, "target": 155, "weight": 0.009259}, {"source": 92, "target": 159, "weight": 0.013333}, {"source": 92, "target": 119, "weight": 0.008621}, {"source": 92, "target": 120, "weight": 0.007874}, {"source": 92, "target": 121, "weight": 0.012987}, {"source": 92, "target": 127, "weight": 0.002755}, {"source": 92, "target": 129, "weight": 0.003984}, {"source": 92, "target": 136, "weight": 0.007519}, {"source": 94, "target": 169, "weight": 0.022727}, {"source": 94, "target": 110, "weight": 0.006623}, {"source": 95, "target": 114, "weight": 0.006849}, {"source": 95, "target": 140, "weight": 0.171171}, {"source": 95, "target": 162, "weight": 0.03125}, {"source": 96, "target": 131, "weight": 0.006536}, {"source": 97, "target": 117, "weight": 0.011628}, {"source": 97, "target": 153, "weight": 0.021277}, {"source": 97, "target": 136, "weight": 0.009615}, {"source": 97, "target": 164, "weight": 0.011628}, {"source": 98, "target": 130, "weight": 0.005556}, {"source": 98, "target": 142, "weight": 0.007692}, {"source": 98, "target": 99, "weight": 0.006711}, {"source": 98, "target": 105, "weight": 0.004202}, {"source": 98, "target": 161, "weight": 0.009259}, {"source": 99, "target": 106, "weight": 0.009901}, {"source": 99, "target": 142, "weight": 0.007042}, {"source": 99, "target": 100, "weight": 0.01}, {"source": 99, "target": 136, "weight": 0.005747}, {"source": 99, "target": 105, "weight": 0.02449}, {"source": 99, "target": 145, "weight": 0.009524}, {"source": 99, "target": 107, "weight": 0.008403}, {"source": 99, "target": 160, "weight": 0.014706}, {"source": 99, "target": 132, "weight": 0.006329}, {"source": 99, "target": 150, "weight": 0.006536}, {"source": 99, "target": 111, "weight": 0.004926}, {"source": 99, "target": 133, "weight": 0.019231}, {"source": 99, "target": 172, "weight": 0.006135}, {"source": 99, "target": 153, "weight": 0.008547}, {"source": 99, "target": 155, "weight": 0.013514}, {"source": 99, "target": 120, "weight": 0.00678}, {"source": 99, "target": 121, "weight": 0.025862}, {"source": 99, "target": 125, "weight": 0.005952}, {"source": 99, "target": 127, "weight": 0.0125}, {"source": 99, "target": 124, "weight": 0.007576}, {"source": 99, "target": 129, "weight": 0.017361}, {"source": 99, "target": 171, "weight": 0.063158}, {"source": 99, "target": 130, "weight": 0.015789}, {"source": 99, "target": 173, "weight": 0.005882}, {"source": 100, "target": 138, "weight": 0.01005}, {"source": 100, "target": 101, "weight": 0.006098}, {"source": 100, "target": 103, "weight": 0.005525}, {"source": 100, "target": 105, "weight": 0.010417}, {"source": 100, "target": 107, "weight": 0.012658}, {"source": 100, "target": 160, "weight": 0.00565}, {"source": 100, "target": 149, "weight": 0.003717}, {"source": 100, "target": 150, "weight": 0.010417}, {"source": 100, "target": 111, "weight": 0.008264}, {"source": 100, "target": 172, "weight": 0.009901}, {"source": 100, "target": 153, "weight": 0.006369}, {"source": 100, "target": 154, "weight": 0.007092}, {"source": 100, "target": 155, "weight": 0.055556}, {"source": 100, "target": 156, "weight": 0.006452}, {"source": 100, "target": 157, "weight": 0.006803}, {"source": 100, "target": 120, "weight": 0.008982}, {"source": 100, "target": 121, "weight": 0.012739}, {"source": 100, "target": 126, "weight": 0.007042}, {"source": 100, "target": 127, "weight": 0.004515}, {"source": 100, "target": 167, "weight": 0.005319}, {"source": 100, "target": 136, "weight": 0.004673}, {"source": 100, "target": 133, "weight": 0.008}, {"source": 100, "target": 174, "weight": 0.011364}, {"source": 100, "target": 137, "weight": 0.007407}, {"source": 101, "target": 157, "weight": 0.014286}, {"source": 101, "target": 110, "weight": 0.025424}, {"source": 101, "target": 103, "weight": 0.019417}, {"source": 102, "target": 138, "weight": 0.034091}, {"source": 102, "target": 149, "weight": 0.038961}, {"source": 102, "target": 178, "weight": 0.022222}, {"source": 102, "target": 110, "weight": 0.011494}, {"source": 102, "target": 154, "weight": 0.333333}, {"source": 103, "target": 127, "weight": 0.002604}, {"source": 103, "target": 114, "weight": 0.005405}, {"source": 103, "target": 124, "weight": 0.018018}, {"source": 103, "target": 156, "weight": 0.010526}, {"source": 103, "target": 136, "weight": 0.006494}, {"source": 104, "target": 107, "weight": 0.038961}, {"source": 104, "target": 148, "weight": 0.016949}, {"source": 104, "target": 119, "weight": 0.026087}, {"source": 104, "target": 142, "weight": 0.009804}, {"source": 104, "target": 105, "weight": 0.009569}, {"source": 104, "target": 106, "weight": 0.016393}, {"source": 104, "target": 172, "weight": 0.024793}, {"source": 105, "target": 142, "weight": 0.022026}, {"source": 105, "target": 115, "weight": 0.015385}, {"source": 105, "target": 144, "weight": 0.004329}, {"source": 105, "target": 160, "weight": 0.004425}, {"source": 105, "target": 173, "weight": 0.007752}, {"source": 105, "target": 111, "weight": 0.024476}, {"source": 105, "target": 172, "weight": 0.012}, {"source": 105, "target": 152, "weight": 0.004202}, {"source": 105, "target": 116, "weight": 0.004464}, {"source": 105, "target": 107, "weight": 0.004808}, {"source": 105, "target": 117, "weight": 0.004082}, {"source": 105, "target": 119, "weight": 0.024896}, {"source": 105, "target": 120, "weight": 0.01847}, {"source": 105, "target": 124, "weight": 0.004525}, {"source": 105, "target": 125, "weight": 0.003891}, {"source": 105, "target": 126, "weight": 0.010526}, {"source": 105, "target": 127, "weight": 0.048832}, {"source": 105, "target": 129, "weight": 0.032432}, {"source": 105, "target": 128, "weight": 0.005236}, {"source": 105, "target": 167, "weight": 0.004219}, {"source": 105, "target": 168, "weight": 0.005464}, {"source": 105, "target": 170, "weight": 0.005464}, {"source": 105, "target": 130, "weight": 0.311628}, {"source": 105, "target": 133, "weight": 0.016892}, {"source": 105, "target": 158, "weight": 0.004695}, {"source": 106, "target": 127, "weight": 0.002907}, {"source": 106, "target": 129, "weight": 0.008658}, {"source": 107, "target": 130, "weight": 0.006667}, {"source": 107, "target": 111, "weight": 0.006211}, {"source": 107, "target": 125, "weight": 0.007937}, {"source": 107, "target": 154, "weight": 0.016949}, {"source": 108, "target": 111, "weight": 0.006803}, {"source": 108, "target": 131, "weight": 0.006061}, {"source": 109, "target": 158, "weight": 0.02}, {"source": 110, "target": 138, "weight": 0.00641}, {"source": 110, "target": 140, "weight": 0.005435}, {"source": 110, "target": 149, "weight": 0.202128}, {"source": 110, "target": 132, "weight": 0.006494}, {"source": 110, "target": 157, "weight": 0.009709}, {"source": 110, "target": 120, "weight": 0.013841}, {"source": 110, "target": 127, "weight": 0.010076}, {"source": 110, "target": 129, "weight": 0.003472}, {"source": 110, "target": 154, "weight": 0.010309}, {"source": 110, "target": 173, "weight": 0.006024}, {"source": 110, "target": 133, "weight": 0.004831}, {"source": 110, "target": 174, "weight": 0.015152}, {"source": 110, "target": 178, "weight": 0.009009}, {"source": 111, "target": 122, "weight": 0.007246}, {"source": 111, "target": 146, "weight": 0.007752}, {"source": 111, "target": 125, "weight": 0.019324}, {"source": 111, "target": 114, "weight": 0.004049}, {"source": 111, "target": 116, "weight": 0.00565}, {"source": 111, "target": 121, "weight": 0.00625}, {"source": 111, "target": 127, "weight": 0.011312}, {"source": 111, "target": 124, "weight": 0.005747}, {"source": 111, "target": 167, "weight": 0.005263}, {"source": 111, "target": 168, "weight": 0.007353}, {"source": 111, "target": 131, "weight": 0.007634}, {"source": 111, "target": 129, "weight": 0.030769}, {"source": 111, "target": 158, "weight": 0.006024}, {"source": 111, "target": 135, "weight": 0.007407}, {"source": 112, "target": 138, "weight": 0.010753}, {"source": 112, "target": 155, "weight": 0.012195}, {"source": 114, "target": 117, "weight": 0.005}, {"source": 114, "target": 132, "weight": 0.015}, {"source": 114, "target": 161, "weight": 0.01227}, {"source": 114, "target": 152, "weight": 0.015707}, {"source": 114, "target": 125, "weight": 0.004717}, {"source": 115, "target": 130, "weight": 0.029412}, {"source": 116, "target": 147, "weight": 0.013889}, {"source": 116, "target": 117, "weight": 0.031496}, {"source": 116, "target": 142, "weight": 0.017391}, {"source": 116, "target": 144, "weight": 0.008621}, {"source": 116, "target": 152, "weight": 0.097345}, {"source": 116, "target": 125, "weight": 0.014184}, {"source": 117, "target": 140, "weight": 0.005464}, {"source": 117, "target": 142, "weight": 0.007299}, {"source": 117, "target": 144, "weight": 0.007299}, {"source": 117, "target": 131, "weight": 0.033333}, {"source": 117, "target": 152, "weight": 0.306306}, {"source": 117, "target": 125, "weight": 0.025}, {"source": 117, "target": 153, "weight": 0.008929}, {"source": 117, "target": 164, "weight": 0.178295}, {"source": 117, "target": 127, "weight": 0.002506}, {"source": 117, "target": 167, "weight": 0.006993}, {"source": 117, "target": 129, "weight": 0.010526}, {"source": 117, "target": 136, "weight": 0.111111}, {"source": 119, "target": 158, "weight": 0.008333}, {"source": 119, "target": 130, "weight": 0.010695}, {"source": 119, "target": 120, "weight": 0.003425}, {"source": 120, "target": 176, "weight": 0.007692}, {"source": 120, "target": 140, "weight": 0.003096}, {"source": 120, "target": 141, "weight": 0.004464}, {"source": 120, "target": 136, "weight": 0.003236}, {"source": 120, "target": 145, "weight": 0.004167}, {"source": 120, "target": 160, "weight": 0.018657}, {"source": 120, "target": 149, "weight": 0.00551}, {"source": 120, "target": 150, "weight": 0.003472}, {"source": 120, "target": 153, "weight": 0.003968}, {"source": 120, "target": 155, "weight": 0.003521}, {"source": 120, "target": 158, "weight": 0.003861}, {"source": 120, "target": 127, "weight": 0.003717}, {"source": 120, "target": 129, "weight": 0.002342}, {"source": 120, "target": 124, "weight": 0.003745}, {"source": 120, "target": 131, "weight": 0.002809}, {"source": 120, "target": 169, "weight": 0.004348}, {"source": 120, "target": 130, "weight": 0.021807}, {"source": 120, "target": 173, "weight": 0.006579}, {"source": 120, "target": 133, "weight": 0.032738}, {"source": 120, "target": 174, "weight": 0.01487}, {"source": 120, "target": 137, "weight": 0.004348}, {"source": 123, "target": 138, "weight": 0.022472}, {"source": 124, "target": 144, "weight": 0.017857}, {"source": 125, "target": 131, "weight": 0.004386}, {"source": 125, "target": 144, "weight": 0.006711}, {"source": 125, "target": 152, "weight": 0.012903}, {"source": 125, "target": 164, "weight": 0.018634}, {"source": 125, "target": 127, "weight": 0.002433}, {"source": 125, "target": 167, "weight": 0.006452}, {"source": 125, "target": 130, "weight": 0.005025}, {"source": 126, "target": 130, "weight": 0.015152}, {"source": 126, "target": 142, "weight": 0.037037}, {"source": 127, "target": 138, "weight": 0.002481}, {"source": 127, "target": 142, "weight": 0.005208}, {"source": 127, "target": 152, "weight": 0.005115}, {"source": 127, "target": 155, "weight": 0.002551}, {"source": 127, "target": 170, "weight": 0.015015}, {"source": 127, "target": 130, "weight": 0.004608}, {"source": 127, "target": 132, "weight": 0.002494}, {"source": 127, "target": 135, "weight": 0.002976}, {"source": 128, "target": 130, "weight": 0.015152}, {"source": 129, "target": 142, "weight": 0.007353}, {"source": 129, "target": 144, "weight": 0.01107}, {"source": 129, "target": 145, "weight": 0.004237}, {"source": 129, "target": 152, "weight": 0.010791}, {"source": 129, "target": 156, "weight": 0.016461}, {"source": 129, "target": 170, "weight": 0.004444}, {"source": 129, "target": 130, "weight": 0.0125}, {"source": 129, "target": 175, "weight": 0.004405}, {"source": 129, "target": 135, "weight": 0.004464}, {"source": 130, "target": 142, "weight": 0.011628}, {"source": 130, "target": 132, "weight": 0.005291}, {"source": 130, "target": 172, "weight": 0.015625}, {"source": 130, "target": 167, "weight": 0.005587}, {"source": 130, "target": 173, "weight": 0.004975}, {"source": 130, "target": 133, "weight": 0.0125}, {"source": 131, "target": 138, "weight": 0.004545}, {"source": 131, "target": 144, "weight": 0.097297}, {"source": 131, "target": 151, "weight": 0.006211}, {"source": 131, "target": 152, "weight": 0.019417}, {"source": 131, "target": 132, "weight": 0.004587}, {"source": 132, "target": 176, "weight": 0.00813}, {"source": 132, "target": 140, "weight": 0.005405}, {"source": 132, "target": 149, "weight": 0.008889}, {"source": 133, "target": 138, "weight": 0.004762}, {"source": 133, "target": 176, "weight": 0.017241}, {"source": 134, "target": 176, "weight": 0.01}, {"source": 134, "target": 161, "weight": 0.130952}, {"source": 134, "target": 175, "weight": 0.014286}, {"source": 134, "target": 152, "weight": 0.024793}, {"source": 136, "target": 176, "weight": 0.007194}, {"source": 136, "target": 156, "weight": 0.007813}, {"source": 136, "target": 161, "weight": 0.007519}, {"source": 136, "target": 152, "weight": 0.025157}, {"source": 136, "target": 177, "weight": 0.017857}, {"source": 138, "target": 140, "weight": 0.005348}, {"source": 138, "target": 149, "weight": 0.293785}, {"source": 138, "target": 150, "weight": 0.033784}, {"source": 138, "target": 178, "weight": 0.161616}, {"source": 138, "target": 154, "weight": 0.030612}, {"source": 138, "target": 155, "weight": 0.006757}, {"source": 138, "target": 157, "weight": 0.009434}, {"source": 138, "target": 174, "weight": 0.022388}, {"source": 140, "target": 152, "weight": 0.005682}, {"source": 142, "target": 152, "weight": 0.007692}, {"source": 142, "target": 155, "weight": 0.023438}, {"source": 142, "target": 173, "weight": 0.013333}, {"source": 144, "target": 152, "weight": 0.007692}, {"source": 144, "target": 167, "weight": 0.007752}, {"source": 144, "target": 158, "weight": 0.009524}, {"source": 145, "target": 171, "weight": 0.125}, {"source": 145, "target": 172, "weight": 0.090909}, {"source": 147, "target": 153, "weight": 0.057692}, {"source": 149, "target": 178, "weight": 0.095238}, {"source": 149, "target": 157, "weight": 0.011494}, {"source": 149, "target": 154, "weight": 0.036585}, {"source": 150, "target": 175, "weight": 0.011364}, {"source": 150, "target": 169, "weight": 0.011494}, {"source": 150, "target": 178, "weight": 0.2}, {"source": 152, "target": 161, "weight": 0.038095}, {"source": 152, "target": 164, "weight": 0.028369}, {"source": 152, "target": 167, "weight": 0.014815}, {"source": 154, "target": 178, "weight": 0.018182}, {"source": 155, "target": 173, "weight": 0.006329}, {"source": 155, "target": 174, "weight": 0.008}, {"source": 157, "target": 178, "weight": 0.016393}, {"source": 158, "target": 167, "weight": 0.009009}, {"source": 158, "target": 168, "weight": 0.288889}, {"source": 161, "target": 167, "weight": 0.009346}, {"source": 169, "target": 178, "weight": 0.020408}], "multigraph": false}