{"directed": false, "graph": {}, "nodes": [{"group": 0, "id": "square", "degree": 11}, {"group": 0, "id": "squander"}, {"group": 1, "id": "squeak"}, {"group": 2, "id": "squishy"}, {"group": 0, "id": "squashed", "degree": 3}, {"group": 1, "id": "squirm", "degree": 4}, {"group": 1, "id": "squeal", "degree": 11}, {"group": 3, "id": "squinting", "degree": 1}, {"group": 0, "id": "squire"}, {"group": 0, "id": "squaring", "degree": 1}, {"group": 0, "id": "squawky", "degree": 1}, {"group": 0, "id": "squatting", "degree": 0}, {"group": 4, "id": "squeezing"}, {"group": 4, "id": "squab", "degree": 7}, {"group": 0, "id": "squirt", "degree": 4}, {"group": 0, "id": "squatter"}, {"group": 1, "id": "squawk", "degree": 7}, {"group": 1, "id": "squabble", "degree": 7}, {"group": 5, "id": "squalor", "degree": 0}, {"group": 2, "id": "squelchy", "degree": 6}, {"group": 4, "id": "squash"}, {"group": 1, "id": "squall"}, {"group": 4, "id": "squelch"}, {"group": 0, "id": "squat", "degree": 19}, {"group": 0, "id": "squarely", "degree": 4}, {"group": 0, "id": "squalid"}, {"group": 4, "id": "squeeze", "degree": 6}, {"group": 4, "id": "squad"}, {"group": 2, "id": "squashy", "degree": 4}, {"group": 1, "id": "squeaky", "degree": 8}, {"group": 4, "id": "squish"}, {"group": 0, "id": "squeamish"}, {"group": 0, "id": "squandered"}, {"group": 1, "id": "squealer", "degree": 1}, {"group": 0, "id": "squeezed", "degree": 2}, {"group": 0, "id": "squadron"}, {"group": 2, "id": "squally"}, {"group": 3, "id": "squint"}], "links": [{"source": 0, "target": 4, "weight": 0.008929}, {"source": 0, "target": 23, "weight": 0.105263}, {"source": 0, "target": 29, "weight": 0.003003}, {"source": 0, "target": 31, "weight": 0.005797}, {"source": 0, "target": 26, "weight": 0.012903}, {"source": 0, "target": 8, "weight": 0.00495}, {"source": 0, "target": 19, "weight": 0.00289}, {"source": 0, "target": 20, "weight": 0.004073}, {"source": 0, "target": 9, "weight": 0.022792}, {"source": 0, "target": 22, "weight": 0.002427}, {"source": 0, "target": 27, "weight": 0.005222}, {"source": 0, "target": 3, "weight": 0.002899}, {"source": 0, "target": 24, "weight": 0.086687}, {"source": 0, "target": 25, "weight": 0.004505}, {"source": 0, "target": 35, "weight": 0.002817}, {"source": 0, "target": 36, "weight": 0.002915}, {"source": 0, "target": 14, "weight": 0.005391}, {"source": 0, "target": 28, "weight": 0.00289}, {"source": 1, "target": 16, "weight": 0.005435}, {"source": 1, "target": 14, "weight": 0.011236}, {"source": 1, "target": 6, "weight": 0.006536}, {"source": 2, "target": 16, "weight": 0.182353}, {"source": 2, "target": 17, "weight": 0.011364}, {"source": 2, "target": 29, "weight": 0.030769}, {"source": 2, "target": 33, "weight": 0.014925}, {"source": 2, "target": 23, "weight": 0.005155}, {"source": 2, "target": 6, "weight": 0.382114}, {"source": 3, "target": 23, "weight": 0.006061}, {"source": 3, "target": 19, "weight": 0.888889}, {"source": 3, "target": 28, "weight": 0.888889}, {"source": 4, "target": 24, "weight": 0.043478}, {"source": 4, "target": 14, "weight": 0.014493}, {"source": 4, "target": 23, "weight": 0.006329}, {"source": 5, "target": 16, "weight": 0.022472}, {"source": 5, "target": 17, "weight": 0.014493}, {"source": 5, "target": 30, "weight": 0.01087}, {"source": 5, "target": 8, "weight": 0.008403}, {"source": 5, "target": 20, "weight": 0.004854}, {"source": 5, "target": 21, "weight": 0.007092}, {"source": 5, "target": 26, "weight": 0.010929}, {"source": 5, "target": 6, "weight": 0.006667}, {"source": 6, "target": 33, "weight": 0.04}, {"source": 6, "target": 16, "weight": 0.376963}, {"source": 6, "target": 17, "weight": 0.013423}, {"source": 6, "target": 29, "weight": 0.015748}, {"source": 6, "target": 20, "weight": 0.021277}, {"source": 6, "target": 21, "weight": 0.58156}, {"source": 6, "target": 22, "weight": 0.024631}, {"source": 6, "target": 23, "weight": 0.003906}, {"source": 6, "target": 25, "weight": 0.004167}, {"source": 6, "target": 30, "weight": 0.029586}, {"source": 7, "target": 37, "weight": 0.037037}, {"source": 9, "target": 24, "weight": 0.014925}, {"source": 9, "target": 23, "weight": 0.005618}, {"source": 10, "target": 34, "weight": 0.021739}, {"source": 10, "target": 25, "weight": 0.006897}, {"source": 10, "target": 23, "weight": 0.006211}, {"source": 11, "target": 17, "weight": 0.015873}, {"source": 11, "target": 23, "weight": 0.011905}, {"source": 12, "target": 26, "weight": 0.052023}, {"source": 12, "target": 13, "weight": 0.030303}, {"source": 13, "target": 16, "weight": 0.005495}, {"source": 13, "target": 23, "weight": 0.005682}, {"source": 13, "target": 30, "weight": 0.08046}, {"source": 13, "target": 20, "weight": 0.04}, {"source": 13, "target": 27, "weight": 0.010101}, {"source": 13, "target": 22, "weight": 0.024}, {"source": 13, "target": 26, "weight": 0.039106}, {"source": 14, "target": 20, "weight": 0.004484}, {"source": 14, "target": 22, "weight": 0.006993}, {"source": 14, "target": 24, "weight": 0.012346}, {"source": 14, "target": 30, "weight": 0.009174}, {"source": 15, "target": 23, "weight": 0.006024}, {"source": 16, "target": 17, "weight": 0.028249}, {"source": 16, "target": 29, "weight": 0.019108}, {"source": 16, "target": 30, "weight": 0.025}, {"source": 16, "target": 20, "weight": 0.019169}, {"source": 16, "target": 21, "weight": 0.372973}, {"source": 16, "target": 22, "weight": 0.021368}, {"source": 17, "target": 21, "weight": 0.014286}, {"source": 17, "target": 26, "weight": 0.005435}, {"source": 19, "target": 23, "weight": 0.006024}, {"source": 19, "target": 25, "weight": 0.013423}, {"source": 19, "target": 36, "weight": 0.020833}, {"source": 19, "target": 28, "weight": 0.925926}, {"source": 20, "target": 29, "weight": 0.005435}, {"source": 20, "target": 23, "weight": 0.006431}, {"source": 20, "target": 24, "weight": 0.004975}, {"source": 20, "target": 26, "weight": 0.045455}, {"source": 21, "target": 29, "weight": 0.008403}, {"source": 21, "target": 23, "weight": 0.004049}, {"source": 22, "target": 29, "weight": 0.009615}, {"source": 22, "target": 23, "weight": 0.00431}, {"source": 22, "target": 26, "weight": 0.029787}, {"source": 23, "target": 32, "weight": 0.006579}, {"source": 23, "target": 28, "weight": 0.006024}, {"source": 23, "target": 34, "weight": 0.006024}, {"source": 23, "target": 24, "weight": 0.017857}, {"source": 23, "target": 36, "weight": 0.006135}, {"source": 23, "target": 25, "weight": 0.019157}, {"source": 24, "target": 29, "weight": 0.02381}, {"source": 25, "target": 34, "weight": 0.006667}, {"source": 25, "target": 28, "weight": 0.013423}, {"source": 26, "target": 30, "weight": 0.04}, {"source": 26, "target": 27, "weight": 0.009434}, {"source": 28, "target": 36, "weight": 0.020833}, {"source": 29, "target": 30, "weight": 0.014286}], "multigraph": false}