{"directed": false, "graph": {}, "nodes": [{"group": 0, "id": "sweetening", "degree": 6}, {"group": 1, "id": "swamped"}, {"group": 2, "id": "swelling", "degree": 18}, {"group": 3, "id": "swerving", "degree": 9}, {"group": 1, "id": "swain"}, {"group": 4, "id": "sweaty", "degree": 7}, {"group": 3, "id": "swag", "degree": 36}, {"group": 2, "id": "swank", "degree": 11}, {"group": 1, "id": "swab"}, {"group": 3, "id": "swoon"}, {"group": 2, "id": "swinger"}, {"group": 5, "id": "swat"}, {"group": 4, "id": "sweltering", "degree": 6}, {"group": 5, "id": "swap"}, {"group": 0, "id": "swarthiness"}, {"group": 1, "id": "swinish"}, {"group": 6, "id": "swastika", "degree": 3}, {"group": 3, "id": "sway", "degree": 36}, {"group": 7, "id": "swim", "degree": 13}, {"group": 3, "id": "swivel", "degree": 18}, {"group": 6, "id": "swaddle", "degree": 18}, {"group": 2, "id": "swig"}, {"group": 8, "id": "swineherd"}, {"group": 3, "id": "sweeping", "degree": 12}, {"group": 1, "id": "swivet"}, {"group": 9, "id": "swotting", "degree": 3}, {"group": 0, "id": "sweetener"}, {"group": 5, "id": "swindle"}, {"group": 5, "id": "swapping"}, {"group": 2, "id": "swill"}, {"group": 3, "id": "swaying", "degree": 6}, {"group": 5, "id": "sweatshop", "degree": 3}, {"group": 1, "id": "swirling", "degree": 10}, {"group": 6, "id": "swathe", "degree": 21}, {"group": 5, "id": "sweepings"}, {"group": 4, "id": "swampy", "degree": 3}, {"group": 8, "id": "swordsman"}, {"group": 3, "id": "sweepstakes"}, {"group": 8, "id": "swaggerer"}, {"group": 2, "id": "swift", "degree": 7}, {"group": 9, "id": "swot", "degree": 6}, {"group": 8, "id": "swashbuckler"}, {"group": 2, "id": "swimmingly", "degree": 1}, {"group": 1, "id": "swine", "degree": 3}, {"group": 3, "id": "swing"}, {"group": 3, "id": "swallow"}, {"group": 7, "id": "swimming", "degree": 6}, {"group": 2, "id": "swan", "degree": 15}, {"group": 10, "id": "swaggering", "degree": 0}, {"group": 0, "id": "sweet"}, {"group": 3, "id": "sweep"}, {"group": 1, "id": "swelter", "degree": 20}, {"group": 4, "id": "sweating", "degree": 13}, {"group": 10, "id": "swashbuckling", "degree": 2}, {"group": 5, "id": "swipe", "degree": 33}, {"group": 1, "id": "swarm", "degree": 13}, {"group": 2, "id": "swagger"}, {"group": 3, "id": "swoop", "degree": 21}, {"group": 0, "id": "sweetheart"}, {"group": 2, "id": "swansdown"}, {"group": 0, "id": "sweetbread", "degree": 1}, {"group": 0, "id": "sweeten"}, {"group": 8, "id": "swindler", "degree": 5}, {"group": 3, "id": "switchback"}, {"group": 2, "id": "swash"}, {"group": 3, "id": "swerve"}, {"group": 2, "id": "swanky"}, {"group": 3, "id": "swinging", "degree": 15}, {"group": 3, "id": "swagman"}, {"group": 0, "id": "sweetie"}, {"group": 6, "id": "swath"}, {"group": 0, "id": "swarthy", "degree": 2}, {"group": 8, "id": "sword", "degree": 11}, {"group": 1, "id": "swirl", "degree": 24}, {"group": 1, "id": "swiftness"}, {"group": 1, "id": "sweat", "degree": 22}, {"group": 11, "id": "swayed", "degree": 0}, {"group": 2, "id": "swell", "degree": 25}, {"group": 2, "id": "swiftly", "degree": 0}, {"group": 2, "id": "swaybacked"}, {"group": 2, "id": "swish", "degree": 20}, {"group": 0, "id": "sweetmeat", "degree": 8}, {"group": 3, "id": "swamp"}, {"group": 5, "id": "switch", "degree": 21}, {"group": 1, "id": "swollen"}, {"group": 1, "id": "swarming", "degree": 13}], "links": [{"source": 0, "target": 58, "weight": 0.02381}, {"source": 0, "target": 69, "weight": 0.033898}, {"source": 0, "target": 49, "weight": 0.00939}, {"source": 0, "target": 61, "weight": 0.035714}, {"source": 0, "target": 81, "weight": 0.021739}, {"source": 0, "target": 37, "weight": 0.021739}, {"source": 0, "target": 17, "weight": 0.003984}, {"source": 0, "target": 26, "weight": 0.617021}, {"source": 1, "target": 85, "weight": 0.022989}, {"source": 1, "target": 67, "weight": 0.009259}, {"source": 2, "target": 27, "weight": 0.004202}, {"source": 2, "target": 66, "weight": 0.005525}, {"source": 2, "target": 51, "weight": 0.006098}, {"source": 2, "target": 52, "weight": 0.006061}, {"source": 2, "target": 6, "weight": 0.011538}, {"source": 2, "target": 7, "weight": 0.005}, {"source": 2, "target": 54, "weight": 0.003968}, {"source": 2, "target": 62, "weight": 0.006135}, {"source": 2, "target": 55, "weight": 0.00939}, {"source": 2, "target": 13, "weight": 0.005814}, {"source": 2, "target": 73, "weight": 0.007843}, {"source": 2, "target": 56, "weight": 0.012766}, {"source": 2, "target": 17, "weight": 0.005797}, {"source": 2, "target": 77, "weight": 0.112272}, {"source": 2, "target": 44, "weight": 0.002232}, {"source": 2, "target": 79, "weight": 0.007092}, {"source": 2, "target": 50, "weight": 0.016129}, {"source": 2, "target": 59, "weight": 0.006536}, {"source": 2, "target": 29, "weight": 0.004202}, {"source": 2, "target": 82, "weight": 0.005181}, {"source": 2, "target": 83, "weight": 0.007895}, {"source": 2, "target": 75, "weight": 0.00625}, {"source": 2, "target": 84, "weight": 0.033613}, {"source": 3, "target": 19, "weight": 0.031915}, {"source": 3, "target": 82, "weight": 0.007576}, {"source": 3, "target": 20, "weight": 0.008621}, {"source": 3, "target": 33, "weight": 0.008547}, {"source": 3, "target": 30, "weight": 0.012821}, {"source": 3, "target": 83, "weight": 0.022222}, {"source": 3, "target": 63, "weight": 0.032609}, {"source": 3, "target": 6, "weight": 0.041237}, {"source": 3, "target": 50, "weight": 0.140288}, {"source": 3, "target": 23, "weight": 0.01227}, {"source": 3, "target": 62, "weight": 0.009804}, {"source": 3, "target": 32, "weight": 0.02}, {"source": 3, "target": 57, "weight": 0.019231}, {"source": 3, "target": 67, "weight": 0.364486}, {"source": 3, "target": 44, "weight": 0.023747}, {"source": 3, "target": 73, "weight": 0.010309}, {"source": 3, "target": 37, "weight": 0.0125}, {"source": 3, "target": 17, "weight": 0.047619}, {"source": 3, "target": 68, "weight": 0.020408}, {"source": 3, "target": 65, "weight": 0.265306}, {"source": 4, "target": 77, "weight": 0.015528}, {"source": 4, "target": 51, "weight": 0.03125}, {"source": 4, "target": 75, "weight": 0.00905}, {"source": 5, "target": 52, "weight": 0.547619}, {"source": 5, "target": 35, "weight": 0.026316}, {"source": 5, "target": 77, "weight": 0.003086}, {"source": 5, "target": 12, "weight": 0.75}, {"source": 5, "target": 84, "weight": 0.006944}, {"source": 5, "target": 73, "weight": 0.012987}, {"source": 5, "target": 39, "weight": 0.011364}, {"source": 6, "target": 65, "weight": 0.065574}, {"source": 6, "target": 54, "weight": 0.015267}, {"source": 6, "target": 33, "weight": 0.015873}, {"source": 6, "target": 50, "weight": 0.092179}, {"source": 6, "target": 51, "weight": 0.00565}, {"source": 6, "target": 67, "weight": 0.089109}, {"source": 6, "target": 52, "weight": 0.005618}, {"source": 6, "target": 55, "weight": 0.004405}, {"source": 6, "target": 9, "weight": 0.012422}, {"source": 6, "target": 10, "weight": 0.005882}, {"source": 6, "target": 83, "weight": 0.017995}, {"source": 6, "target": 11, "weight": 0.005155}, {"source": 6, "target": 70, "weight": 0.011111}, {"source": 6, "target": 57, "weight": 0.052632}, {"source": 6, "target": 73, "weight": 0.034483}, {"source": 6, "target": 37, "weight": 0.013072}, {"source": 6, "target": 56, "weight": 0.03719}, {"source": 6, "target": 17, "weight": 0.192053}, {"source": 6, "target": 77, "weight": 0.016204}, {"source": 6, "target": 13, "weight": 0.01087}, {"source": 6, "target": 18, "weight": 0.006173}, {"source": 6, "target": 19, "weight": 0.023952}, {"source": 6, "target": 20, "weight": 0.010582}, {"source": 6, "target": 21, "weight": 0.011299}, {"source": 6, "target": 44, "weight": 0.135135}, {"source": 6, "target": 23, "weight": 0.012712}, {"source": 6, "target": 24, "weight": 0.011236}, {"source": 6, "target": 26, "weight": 0.016575}, {"source": 6, "target": 27, "weight": 0.016129}, {"source": 6, "target": 29, "weight": 0.012048}, {"source": 6, "target": 30, "weight": 0.006579}, {"source": 6, "target": 82, "weight": 0.029851}, {"source": 6, "target": 62, "weight": 0.005682}, {"source": 6, "target": 32, "weight": 0.011494}, {"source": 6, "target": 75, "weight": 0.015152}, {"source": 6, "target": 84, "weight": 0.007782}, {"source": 6, "target": 45, "weight": 0.012448}, {"source": 7, "target": 53, "weight": 0.022989}, {"source": 7, "target": 80, "weight": 0.045802}, {"source": 7, "target": 41, "weight": 0.017544}, {"source": 7, "target": 48, "weight": 0.010753}, {"source": 7, "target": 38, "weight": 0.022472}, {"source": 7, "target": 77, "weight": 0.181818}, {"source": 7, "target": 47, "weight": 0.009615}, {"source": 7, "target": 66, "weight": 0.705128}, {"source": 7, "target": 44, "weight": 0.010101}, {"source": 7, "target": 83, "weight": 0.003003}, {"source": 7, "target": 64, "weight": 0.05036}, {"source": 7, "target": 84, "weight": 0.015464}, {"source": 7, "target": 56, "weight": 0.055866}, {"source": 7, "target": 15, "weight": 0.006452}, {"source": 7, "target": 59, "weight": 0.009615}, {"source": 7, "target": 39, "weight": 0.029197}, {"source": 7, "target": 49, "weight": 0.003846}, {"source": 8, "target": 18, "weight": 0.013889}, {"source": 8, "target": 80, "weight": 0.009259}, {"source": 8, "target": 54, "weight": 0.005714}, {"source": 8, "target": 75, "weight": 0.025105}, {"source": 8, "target": 46, "weight": 0.0125}, {"source": 8, "target": 51, "weight": 0.073171}, {"source": 9, "target": 52, "weight": 0.015385}, {"source": 9, "target": 17, "weight": 0.004065}, {"source": 9, "target": 57, "weight": 0.015152}, {"source": 9, "target": 75, "weight": 0.004525}, {"source": 10, "target": 80, "weight": 0.010753}, {"source": 10, "target": 17, "weight": 0.003937}, {"source": 10, "target": 77, "weight": 0.012121}, {"source": 11, "target": 19, "weight": 0.011236}, {"source": 11, "target": 20, "weight": 0.018519}, {"source": 11, "target": 33, "weight": 0.018349}, {"source": 11, "target": 39, "weight": 0.008264}, {"source": 11, "target": 77, "weight": 0.008451}, {"source": 11, "target": 54, "weight": 0.434109}, {"source": 11, "target": 83, "weight": 0.029412}, {"source": 11, "target": 75, "weight": 0.007937}, {"source": 11, "target": 57, "weight": 0.010204}, {"source": 11, "target": 67, "weight": 0.007246}, {"source": 11, "target": 17, "weight": 0.018248}, {"source": 11, "target": 40, "weight": 0.013158}, {"source": 12, "target": 52, "weight": 0.466667}, {"source": 12, "target": 35, "weight": 0.052632}, {"source": 12, "target": 77, "weight": 0.003077}, {"source": 12, "target": 84, "weight": 0.006897}, {"source": 12, "target": 73, "weight": 0.012903}, {"source": 12, "target": 39, "weight": 0.011236}, {"source": 13, "target": 77, "weight": 0.005764}, {"source": 13, "target": 54, "weight": 0.079755}, {"source": 13, "target": 83, "weight": 0.085106}, {"source": 13, "target": 57, "weight": 0.011236}, {"source": 13, "target": 73, "weight": 0.011236}, {"source": 13, "target": 17, "weight": 0.003717}, {"source": 13, "target": 75, "weight": 0.00823}, {"source": 14, "target": 71, "weight": 0.0625}, {"source": 15, "target": 77, "weight": 0.002632}, {"source": 15, "target": 85, "weight": 0.007092}, {"source": 15, "target": 43, "weight": 0.008621}, {"source": 16, "target": 19, "weight": 0.012658}, {"source": 16, "target": 20, "weight": 0.030928}, {"source": 16, "target": 33, "weight": 0.030612}, {"source": 16, "target": 77, "weight": 0.00578}, {"source": 16, "target": 47, "weight": 0.013333}, {"source": 16, "target": 55, "weight": 0.007353}, {"source": 16, "target": 70, "weight": 0.011111}, {"source": 16, "target": 72, "weight": 0.011364}, {"source": 16, "target": 45, "weight": 0.006579}, {"source": 16, "target": 17, "weight": 0.003731}, {"source": 17, "target": 65, "weight": 0.071651}, {"source": 17, "target": 54, "weight": 0.017442}, {"source": 17, "target": 33, "weight": 0.007299}, {"source": 17, "target": 27, "weight": 0.005988}, {"source": 17, "target": 50, "weight": 0.048565}, {"source": 17, "target": 51, "weight": 0.003831}, {"source": 17, "target": 67, "weight": 0.081851}, {"source": 17, "target": 52, "weight": 0.003817}, {"source": 17, "target": 55, "weight": 0.006452}, {"source": 17, "target": 83, "weight": 0.030043}, {"source": 17, "target": 70, "weight": 0.003774}, {"source": 17, "target": 57, "weight": 0.027237}, {"source": 17, "target": 73, "weight": 0.017241}, {"source": 17, "target": 77, "weight": 0.023483}, {"source": 17, "target": 18, "weight": 0.004065}, {"source": 17, "target": 19, "weight": 0.015936}, {"source": 17, "target": 20, "weight": 0.00365}, {"source": 17, "target": 21, "weight": 0.003817}, {"source": 17, "target": 23, "weight": 0.003106}, {"source": 17, "target": 24, "weight": 0.007634}, {"source": 17, "target": 39, "weight": 0.003497}, {"source": 17, "target": 26, "weight": 0.007519}, {"source": 17, "target": 40, "weight": 0.004149}, {"source": 17, "target": 56, "weight": 0.027607}, {"source": 17, "target": 29, "weight": 0.002985}, {"source": 17, "target": 30, "weight": 0.004237}, {"source": 17, "target": 82, "weight": 0.00692}, {"source": 17, "target": 62, "weight": 0.003846}, {"source": 17, "target": 32, "weight": 0.007752}, {"source": 17, "target": 75, "weight": 0.01699}, {"source": 17, "target": 44, "weight": 0.13278}, {"source": 17, "target": 45, "weight": 0.006135}, {"source": 18, "target": 19, "weight": 0.017544}, {"source": 18, "target": 65, "weight": 0.006849}, {"source": 18, "target": 75, "weight": 0.004525}, {"source": 18, "target": 82, "weight": 0.010753}, {"source": 18, "target": 32, "weight": 0.016129}, {"source": 18, "target": 57, "weight": 0.015152}, {"source": 18, "target": 67, "weight": 0.009434}, {"source": 18, "target": 44, "weight": 0.014535}, {"source": 18, "target": 73, "weight": 0.012903}, {"source": 18, "target": 55, "weight": 0.008772}, {"source": 18, "target": 46, "weight": 0.318182}, {"source": 19, "target": 65, "weight": 0.040268}, {"source": 19, "target": 67, "weight": 0.045455}, {"source": 19, "target": 54, "weight": 0.00625}, {"source": 19, "target": 70, "weight": 0.013158}, {"source": 19, "target": 73, "weight": 0.071429}, {"source": 19, "target": 56, "weight": 0.013889}, {"source": 19, "target": 21, "weight": 0.013699}, {"source": 19, "target": 44, "weight": 0.059347}, {"source": 19, "target": 50, "weight": 0.02509}, {"source": 19, "target": 27, "weight": 0.006849}, {"source": 19, "target": 29, "weight": 0.006849}, {"source": 19, "target": 83, "weight": 0.00692}, {"source": 19, "target": 32, "weight": 0.028986}, {"source": 19, "target": 75, "weight": 0.004367}, {"source": 19, "target": 84, "weight": 0.006536}, {"source": 19, "target": 45, "weight": 0.007246}, {"source": 20, "target": 65, "weight": 0.005747}, {"source": 20, "target": 33, "weight": 0.945455}, {"source": 20, "target": 67, "weight": 0.007463}, {"source": 20, "target": 55, "weight": 0.007042}, {"source": 20, "target": 54, "weight": 0.011173}, {"source": 20, "target": 70, "weight": 0.031915}, {"source": 20, "target": 56, "weight": 0.006061}, {"source": 20, "target": 21, "weight": 0.010753}, {"source": 20, "target": 77, "weight": 0.002833}, {"source": 20, "target": 50, "weight": 0.006579}, {"source": 20, "target": 80, "weight": 0.00885}, {"source": 20, "target": 29, "weight": 0.006024}, {"source": 20, "target": 82, "weight": 0.008264}, {"source": 20, "target": 83, "weight": 0.013029}, {"source": 20, "target": 44, "weight": 0.010724}, {"source": 20, "target": 45, "weight": 0.006329}, {"source": 20, "target": 64, "weight": 0.008197}, {"source": 21, "target": 52, "weight": 0.012346}, {"source": 21, "target": 35, "weight": 0.018182}, {"source": 21, "target": 33, "weight": 0.010638}, {"source": 21, "target": 85, "weight": 0.009804}, {"source": 21, "target": 54, "weight": 0.011976}, {"source": 21, "target": 75, "weight": 0.008475}, {"source": 21, "target": 80, "weight": 0.02}, {"source": 21, "target": 51, "weight": 0.0125}, {"source": 21, "target": 73, "weight": 0.005814}, {"source": 21, "target": 57, "weight": 0.012195}, {"source": 22, "target": 72, "weight": 0.018868}, {"source": 23, "target": 55, "weight": 0.005263}, {"source": 23, "target": 49, "weight": 0.007042}, {"source": 23, "target": 61, "weight": 0.007813}, {"source": 23, "target": 65, "weight": 0.00905}, {"source": 23, "target": 50, "weight": 0.026087}, {"source": 23, "target": 82, "weight": 0.005917}, {"source": 23, "target": 83, "weight": 0.002793}, {"source": 23, "target": 57, "weight": 0.007042}, {"source": 23, "target": 67, "weight": 0.01105}, {"source": 23, "target": 44, "weight": 0.009501}, {"source": 23, "target": 37, "weight": 0.008547}, {"source": 23, "target": 56, "weight": 0.004695}, {"source": 24, "target": 77, "weight": 0.005865}, {"source": 24, "target": 55, "weight": 0.007634}, {"source": 24, "target": 32, "weight": 0.066667}, {"source": 24, "target": 51, "weight": 0.037975}, {"source": 24, "target": 73, "weight": 0.115385}, {"source": 24, "target": 75, "weight": 0.195}, {"source": 25, "target": 52, "weight": 0.017857}, {"source": 25, "target": 83, "weight": 0.003663}, {"source": 25, "target": 44, "weight": 0.005917}, {"source": 25, "target": 75, "weight": 0.009479}, {"source": 25, "target": 40, "weight": 0.16129}, {"source": 26, "target": 81, "weight": 0.016129}, {"source": 27, "target": 54, "weight": 0.157895}, {"source": 27, "target": 77, "weight": 0.004843}, {"source": 27, "target": 47, "weight": 0.014184}, {"source": 27, "target": 75, "weight": 0.01634}, {"source": 27, "target": 83, "weight": 0.00813}, {"source": 27, "target": 62, "weight": 0.013245}, {"source": 27, "target": 80, "weight": 0.005747}, {"source": 27, "target": 51, "weight": 0.006536}, {"source": 27, "target": 73, "weight": 0.008197}, {"source": 27, "target": 40, "weight": 0.007519}, {"source": 28, "target": 83, "weight": 0.030075}, {"source": 28, "target": 31, "weight": 0.026316}, {"source": 29, "target": 52, "weight": 0.006494}, {"source": 29, "target": 35, "weight": 0.007813}, {"source": 29, "target": 33, "weight": 0.005988}, {"source": 29, "target": 77, "weight": 0.004843}, {"source": 29, "target": 54, "weight": 0.016807}, {"source": 29, "target": 85, "weight": 0.005714}, {"source": 29, "target": 75, "weight": 0.013029}, {"source": 29, "target": 83, "weight": 0.005405}, {"source": 29, "target": 80, "weight": 0.023392}, {"source": 29, "target": 51, "weight": 0.006536}, {"source": 29, "target": 73, "weight": 0.004082}, {"source": 29, "target": 43, "weight": 0.006667}, {"source": 29, "target": 57, "weight": 0.006452}, {"source": 30, "target": 65, "weight": 0.007353}, {"source": 30, "target": 50, "weight": 0.003745}, {"source": 30, "target": 32, "weight": 0.06}, {"source": 30, "target": 67, "weight": 0.065934}, {"source": 30, "target": 44, "weight": 0.002959}, {"source": 31, "target": 83, "weight": 0.003571}, {"source": 31, "target": 85, "weight": 0.011905}, {"source": 32, "target": 80, "weight": 0.010204}, {"source": 32, "target": 33, "weight": 0.010989}, {"source": 32, "target": 77, "weight": 0.002959}, {"source": 32, "target": 50, "weight": 0.010417}, {"source": 32, "target": 83, "weight": 0.00339}, {"source": 32, "target": 75, "weight": 0.068182}, {"source": 32, "target": 67, "weight": 0.111111}, {"source": 32, "target": 44, "weight": 0.011173}, {"source": 32, "target": 73, "weight": 0.180556}, {"source": 32, "target": 56, "weight": 0.02027}, {"source": 32, "target": 74, "weight": 0.028571}, {"source": 32, "target": 65, "weight": 0.012658}, {"source": 33, "target": 65, "weight": 0.005714}, {"source": 33, "target": 67, "weight": 0.014925}, {"source": 33, "target": 55, "weight": 0.006993}, {"source": 33, "target": 54, "weight": 0.011111}, {"source": 33, "target": 70, "weight": 0.031579}, {"source": 33, "target": 73, "weight": 0.005405}, {"source": 33, "target": 56, "weight": 0.012121}, {"source": 33, "target": 77, "weight": 0.005666}, {"source": 33, "target": 50, "weight": 0.009868}, {"source": 33, "target": 80, "weight": 0.008772}, {"source": 33, "target": 82, "weight": 0.008197}, {"source": 33, "target": 83, "weight": 0.012987}, {"source": 33, "target": 44, "weight": 0.013405}, {"source": 33, "target": 45, "weight": 0.006289}, {"source": 33, "target": 64, "weight": 0.00813}, {"source": 34, "target": 83, "weight": 0.003279}, {"source": 34, "target": 54, "weight": 0.005714}, {"source": 35, "target": 52, "weight": 0.018182}, {"source": 35, "target": 64, "weight": 0.024096}, {"source": 36, "target": 62, "weight": 0.014085}, {"source": 36, "target": 77, "weight": 0.009063}, {"source": 36, "target": 75, "weight": 0.004367}, {"source": 36, "target": 72, "weight": 0.744186}, {"source": 37, "target": 57, "weight": 0.017241}, {"source": 37, "target": 67, "weight": 0.010204}, {"source": 38, "target": 77, "weight": 0.009585}, {"source": 38, "target": 47, "weight": 0.023256}, {"source": 38, "target": 72, "weight": 0.036364}, {"source": 38, "target": 80, "weight": 0.013333}, {"source": 39, "target": 52, "weight": 0.009524}, {"source": 39, "target": 50, "weight": 0.003155}, {"source": 39, "target": 80, "weight": 0.008}, {"source": 39, "target": 77, "weight": 0.008264}, {"source": 39, "target": 54, "weight": 0.005208}, {"source": 39, "target": 66, "weight": 0.02521}, {"source": 39, "target": 78, "weight": 0.033708}, {"source": 39, "target": 57, "weight": 0.009434}, {"source": 39, "target": 45, "weight": 0.005882}, {"source": 40, "target": 54, "weight": 0.006803}, {"source": 40, "target": 75, "weight": 0.018779}, {"source": 40, "target": 44, "weight": 0.005848}, {"source": 41, "target": 80, "weight": 0.01}, {"source": 41, "target": 77, "weight": 0.011869}, {"source": 41, "target": 47, "weight": 0.014706}, {"source": 41, "target": 62, "weight": 0.012821}, {"source": 41, "target": 75, "weight": 0.004237}, {"source": 41, "target": 72, "weight": 0.64}, {"source": 42, "target": 78, "weight": 0.028571}, {"source": 43, "target": 73, "weight": 0.011976}, {"source": 43, "target": 77, "weight": 0.002967}, {"source": 44, "target": 51, "weight": 0.002755}, {"source": 44, "target": 67, "weight": 0.051813}, {"source": 44, "target": 52, "weight": 0.002747}, {"source": 44, "target": 54, "weight": 0.110565}, {"source": 44, "target": 55, "weight": 0.012225}, {"source": 44, "target": 57, "weight": 0.016667}, {"source": 44, "target": 73, "weight": 0.045872}, {"source": 44, "target": 77, "weight": 0.027961}, {"source": 44, "target": 83, "weight": 0.041145}, {"source": 44, "target": 75, "weight": 0.023576}, {"source": 44, "target": 85, "weight": 0.002597}, {"source": 44, "target": 46, "weight": 0.002809}, {"source": 45, "target": 54, "weight": 0.012987}, {"source": 45, "target": 77, "weight": 0.004938}, {"source": 45, "target": 47, "weight": 0.007463}, {"source": 45, "target": 83, "weight": 0.002755}, {"source": 45, "target": 57, "weight": 0.013699}, {"source": 45, "target": 73, "weight": 0.008475}, {"source": 45, "target": 75, "weight": 0.006645}, {"source": 46, "target": 50, "weight": 0.003509}, {"source": 46, "target": 55, "weight": 0.008197}, {"source": 46, "target": 63, "weight": 0.015873}, {"source": 47, "target": 58, "weight": 0.011905}, {"source": 47, "target": 56, "weight": 0.007092}, {"source": 47, "target": 69, "weight": 0.016949}, {"source": 47, "target": 49, "weight": 0.004695}, {"source": 47, "target": 77, "weight": 0.00304}, {"source": 47, "target": 50, "weight": 0.003559}, {"source": 47, "target": 64, "weight": 0.020619}, {"source": 47, "target": 75, "weight": 0.004444}, {"source": 47, "target": 59, "weight": 0.035714}, {"source": 48, "target": 53, "weight": 0.55}, {"source": 49, "target": 54, "weight": 0.003205}, {"source": 49, "target": 60, "weight": 0.005236}, {"source": 49, "target": 77, "weight": 0.002062}, {"source": 49, "target": 81, "weight": 0.086022}, {"source": 49, "target": 55, "weight": 0.00365}, {"source": 49, "target": 71, "weight": 0.015544}, {"source": 49, "target": 67, "weight": 0.003759}, {"source": 49, "target": 85, "weight": 0.004065}, {"source": 50, "target": 51, "weight": 0.003425}, {"source": 50, "target": 67, "weight": 0.143345}, {"source": 50, "target": 54, "weight": 0.016}, {"source": 50, "target": 83, "weight": 0.030242}, {"source": 50, "target": 55, "weight": 0.020833}, {"source": 50, "target": 57, "weight": 0.010274}, {"source": 50, "target": 73, "weight": 0.026667}, {"source": 50, "target": 77, "weight": 0.014652}, {"source": 50, "target": 80, "weight": 0.012903}, {"source": 50, "target": 62, "weight": 0.003436}, {"source": 50, "target": 75, "weight": 0.006711}, {"source": 50, "target": 85, "weight": 0.00639}, {"source": 51, "target": 77, "weight": 0.011869}, {"source": 51, "target": 69, "weight": 0.014286}, {"source": 51, "target": 58, "weight": 0.021277}, {"source": 51, "target": 82, "weight": 0.009259}, {"source": 51, "target": 75, "weight": 0.179104}, {"source": 51, "target": 84, "weight": 0.00625}, {"source": 51, "target": 73, "weight": 0.017751}, {"source": 51, "target": 64, "weight": 0.009174}, {"source": 51, "target": 55, "weight": 0.007752}, {"source": 52, "target": 64, "weight": 0.009091}, {"source": 52, "target": 57, "weight": 0.012195}, {"source": 52, "target": 84, "weight": 0.006211}, {"source": 52, "target": 73, "weight": 0.011696}, {"source": 52, "target": 77, "weight": 0.002933}, {"source": 52, "target": 75, "weight": 0.021459}, {"source": 54, "target": 65, "weight": 0.008065}, {"source": 54, "target": 67, "weight": 0.004785}, {"source": 54, "target": 70, "weight": 0.005848}, {"source": 54, "target": 56, "weight": 0.012605}, {"source": 54, "target": 77, "weight": 0.011792}, {"source": 54, "target": 57, "weight": 0.005917}, {"source": 54, "target": 55, "weight": 0.004608}, {"source": 54, "target": 80, "weight": 0.005319}, {"source": 54, "target": 61, "weight": 0.006452}, {"source": 54, "target": 74, "weight": 0.0125}, {"source": 54, "target": 82, "weight": 0.010256}, {"source": 54, "target": 83, "weight": 0.023873}, {"source": 54, "target": 75, "weight": 0.006192}, {"source": 54, "target": 64, "weight": 0.005076}, {"source": 55, "target": 69, "weight": 0.008333}, {"source": 55, "target": 70, "weight": 0.007519}, {"source": 55, "target": 73, "weight": 0.009091}, {"source": 55, "target": 74, "weight": 0.016393}, {"source": 55, "target": 58, "weight": 0.006897}, {"source": 55, "target": 77, "weight": 0.002564}, {"source": 55, "target": 81, "weight": 0.009434}, {"source": 55, "target": 82, "weight": 0.025806}, {"source": 55, "target": 83, "weight": 0.00578}, {"source": 55, "target": 75, "weight": 0.010563}, {"source": 55, "target": 85, "weight": 0.070423}, {"source": 56, "target": 77, "weight": 0.019704}, {"source": 56, "target": 67, "weight": 0.015625}, {"source": 56, "target": 83, "weight": 0.008152}, {"source": 56, "target": 80, "weight": 0.023529}, {"source": 56, "target": 75, "weight": 0.016393}, {"source": 56, "target": 72, "weight": 0.006494}, {"source": 56, "target": 73, "weight": 0.033755}, {"source": 57, "target": 65, "weight": 0.012346}, {"source": 57, "target": 67, "weight": 0.016393}, {"source": 57, "target": 77, "weight": 0.005865}, {"source": 57, "target": 59, "weight": 0.014286}, {"source": 57, "target": 82, "weight": 0.037383}, {"source": 57, "target": 83, "weight": 0.003344}, {"source": 57, "target": 75, "weight": 0.004202}, {"source": 57, "target": 84, "weight": 0.006173}, {"source": 58, "target": 80, "weight": 0.008621}, {"source": 58, "target": 77, "weight": 0.008475}, {"source": 58, "target": 81, "weight": 0.028169}, {"source": 58, "target": 83, "weight": 0.003195}, {"source": 58, "target": 75, "weight": 0.007968}, {"source": 59, "target": 77, "weight": 0.01227}, {"source": 61, "target": 83, "weight": 0.003509}, {"source": 61, "target": 81, "weight": 0.071429}, {"source": 62, "target": 72, "weight": 0.0125}, {"source": 62, "target": 67, "weight": 0.008333}, {"source": 62, "target": 65, "weight": 0.00625}, {"source": 63, "target": 83, "weight": 0.01049}, {"source": 63, "target": 67, "weight": 0.027273}, {"source": 64, "target": 77, "weight": 0.013661}, {"source": 64, "target": 80, "weight": 0.110169}, {"source": 64, "target": 83, "weight": 0.006135}, {"source": 64, "target": 72, "weight": 0.009009}, {"source": 64, "target": 73, "weight": 0.015075}, {"source": 64, "target": 75, "weight": 0.011364}, {"source": 65, "target": 83, "weight": 0.043956}, {"source": 65, "target": 77, "weight": 0.004751}, {"source": 65, "target": 67, "weight": 0.251534}, {"source": 65, "target": 72, "weight": 0.006135}, {"source": 65, "target": 73, "weight": 0.016}, {"source": 66, "target": 77, "weight": 0.181518}, {"source": 66, "target": 80, "weight": 0.035088}, {"source": 67, "target": 83, "weight": 0.030303}, {"source": 67, "target": 73, "weight": 0.028846}, {"source": 67, "target": 77, "weight": 0.005249}, {"source": 67, "target": 82, "weight": 0.006667}, {"source": 69, "target": 81, "weight": 0.043478}, {"source": 69, "target": 83, "weight": 0.003472}, {"source": 69, "target": 75, "weight": 0.004405}, {"source": 70, "target": 80, "weight": 0.009615}, {"source": 70, "target": 83, "weight": 0.006667}, {"source": 70, "target": 73, "weight": 0.011494}, {"source": 70, "target": 85, "weight": 0.009524}, {"source": 72, "target": 77, "weight": 0.008824}, {"source": 72, "target": 75, "weight": 0.004202}, {"source": 73, "target": 77, "weight": 0.016432}, {"source": 73, "target": 75, "weight": 0.146341}, {"source": 73, "target": 80, "weight": 0.021164}, {"source": 73, "target": 74, "weight": 0.012195}, {"source": 73, "target": 82, "weight": 0.005}, {"source": 73, "target": 83, "weight": 0.015625}, {"source": 73, "target": 84, "weight": 0.003968}, {"source": 74, "target": 80, "weight": 0.010638}, {"source": 74, "target": 75, "weight": 0.013158}, {"source": 74, "target": 85, "weight": 0.010526}, {"source": 75, "target": 77, "weight": 0.014257}, {"source": 75, "target": 80, "weight": 0.003891}, {"source": 75, "target": 82, "weight": 0.011407}, {"source": 75, "target": 84, "weight": 0.003155}, {"source": 77, "target": 80, "weight": 0.016854}, {"source": 77, "target": 82, "weight": 0.00271}, {"source": 77, "target": 83, "weight": 0.003591}, {"source": 77, "target": 84, "weight": 0.01199}, {"source": 77, "target": 85, "weight": 0.002762}, {"source": 79, "target": 83, "weight": 0.00365}, {"source": 80, "target": 82, "weight": 0.015625}, {"source": 81, "target": 82, "weight": 0.011765}, {"source": 82, "target": 83, "weight": 0.006154}, {"source": 83, "target": 84, "weight": 0.002646}, {"source": 83, "target": 85, "weight": 0.003135}, {"source": 84, "target": 85, "weight": 0.051724}], "multigraph": false}