{"directed": false, "graph": {}, "nodes": [{"group": 0, "id": "systematic"}, {"group": 0, "id": "synchronized"}, {"group": 2, "id": "systematics"}, {"group": 2, "id": "syndicate"}, {"group": 0, "id": "synchronous", "degree": 18}, {"group": 1, "id": "sync", "degree": 22}, {"group": 2, "id": "symmetrize", "degree": 14}, {"group": 1, "id": "synergy", "degree": 9}, {"group": 1, "id": "synonymy"}, {"group": 1, "id": "synchronism"}, {"group": 3, "id": "syrupy"}, {"group": 1, "id": "synod"}, {"group": 3, "id": "syringe"}, {"group": 4, "id": "sylvan", "degree": 1}, {"group": 0, "id": "sympathetic", "degree": 13}, {"group": 5, "id": "sycophant"}, {"group": 4, "id": "syllabary"}, {"group": 1, "id": "symmetry"}, {"group": 6, "id": "syncope"}, {"group": 0, "id": "synthesized", "degree": 3}, {"group": 0, "id": "symbiotic"}, {"group": 0, "id": "sympathizer"}, {"group": 2, "id": "system", "degree": 26}, {"group": 3, "id": "sycophantic", "degree": 6}, {"group": 6, "id": "syllabus", "degree": 4}, {"group": 1, "id": "symphony"}, {"group": 1, "id": "symbiosis", "degree": 16}, {"group": 7, "id": "syphilis", "degree": 0}, {"group": 6, "id": "symposium"}, {"group": 6, "id": "syndicalism", "degree": 2}, {"group": 8, "id": "syrup"}, {"group": 4, "id": "syllabic"}, {"group": 8, "id": "synthesis", "degree": 15}, {"group": 4, "id": "synthetic"}, {"group": 9, "id": "sybarite", "degree": 0}, {"group": 10, "id": "symbolic"}, {"group": 4, "id": "syllable", "degree": 19}, {"group": 5, "id": "sylphlike"}, {"group": 4, "id": "symbol", "degree": 13}, {"group": 10, "id": "symptomatic", "degree": 5}, {"group": 10, "id": "symbolizing", "degree": 1}, {"group": 5, "id": "sylph", "degree": 2}, {"group": 0, "id": "systematized", "degree": 8}, {"group": 3, "id": "sycophancy", "degree": 6}, {"group": 4, "id": "symbolism", "degree": 7}, {"group": 0, "id": "synergistic", "degree": 12}, {"group": 2, "id": "syntax"}, {"group": 4, "id": "symptom", "degree": 5}, {"group": 6, "id": "syndrome"}, {"group": 2, "id": "systematize", "degree": 13}, {"group": 4, "id": "synonym", "degree": 6}, {"group": 1, "id": "sympathy", "degree": 16}, {"group": 0, "id": "systematically", "degree": 3}, {"group": 8, "id": "syncretism"}, {"group": 6, "id": "synchromesh", "degree": 2}, {"group": 10, "id": "syntactic", "degree": 4}, {"group": 8, "id": "syllogism"}, {"group": 2, "id": "synthesize", "degree": 12}, {"group": 8, "id": "syndication"}, {"group": 6, "id": "syncopation"}, {"group": 2, "id": "synchronize", "degree": 14}, {"group": 6, "id": "synopsis", "degree": 6}, {"group": 2, "id": "syntactics"}, {"group": 0, "id": "symmetrical"}, {"group": 4, "id": "symbolize", "degree": 13}, {"group": 6, "id": "synoptic"}, {"group": 6, "id": "systole"}], "links": [{"source": 0, "target": 14, "weight": 0.014599}, {"source": 0, "target": 55, "weight": 0.015152}, {"source": 0, "target": 52, "weight": 0.018182}, {"source": 0, "target": 38, "weight": 0.005952}, {"source": 0, "target": 4, "weight": 0.053763}, {"source": 0, "target": 22, "weight": 0.005405}, {"source": 0, "target": 23, "weight": 0.012987}, {"source": 0, "target": 6, "weight": 0.05}, {"source": 0, "target": 36, "weight": 0.009434}, {"source": 0, "target": 42, "weight": 0.041667}, {"source": 0, "target": 45, "weight": 0.0125}, {"source": 1, "target": 14, "weight": 0.082707}, {"source": 1, "target": 50, "weight": 0.013889}, {"source": 1, "target": 19, "weight": 0.015152}, {"source": 1, "target": 52, "weight": 0.016667}, {"source": 1, "target": 38, "weight": 0.00578}, {"source": 1, "target": 4, "weight": 0.450704}, {"source": 1, "target": 36, "weight": 0.009009}, {"source": 1, "target": 42, "weight": 0.269841}, {"source": 1, "target": 45, "weight": 0.088608}, {"source": 2, "target": 49, "weight": 0.016129}, {"source": 2, "target": 22, "weight": 0.006369}, {"source": 3, "target": 51, "weight": 0.013953}, {"source": 3, "target": 22, "weight": 0.015075}, {"source": 3, "target": 5, "weight": 0.016949}, {"source": 3, "target": 7, "weight": 0.018349}, {"source": 3, "target": 60, "weight": 0.044643}, {"source": 3, "target": 57, "weight": 0.297619}, {"source": 3, "target": 6, "weight": 0.012821}, {"source": 3, "target": 26, "weight": 0.014706}, {"source": 3, "target": 64, "weight": 0.009174}, {"source": 3, "target": 32, "weight": 0.080645}, {"source": 4, "target": 42, "weight": 0.0125}, {"source": 4, "target": 5, "weight": 0.009174}, {"source": 4, "target": 6, "weight": 0.014706}, {"source": 4, "target": 9, "weight": 0.008772}, {"source": 4, "target": 11, "weight": 0.008696}, {"source": 4, "target": 14, "weight": 0.090226}, {"source": 4, "target": 19, "weight": 0.0625}, {"source": 4, "target": 20, "weight": 0.636364}, {"source": 4, "target": 23, "weight": 0.012048}, {"source": 4, "target": 25, "weight": 0.009091}, {"source": 4, "target": 26, "weight": 0.007874}, {"source": 4, "target": 28, "weight": 0.006897}, {"source": 4, "target": 31, "weight": 0.008333}, {"source": 4, "target": 36, "weight": 0.008929}, {"source": 4, "target": 38, "weight": 0.005747}, {"source": 4, "target": 45, "weight": 0.318182}, {"source": 4, "target": 49, "weight": 0.010417}, {"source": 4, "target": 50, "weight": 0.013699}, {"source": 4, "target": 60, "weight": 0.009434}, {"source": 4, "target": 63, "weight": 0.04}, {"source": 5, "target": 17, "weight": 0.37}, {"source": 5, "target": 6, "weight": 0.056338}, {"source": 5, "target": 7, "weight": 0.103093}, {"source": 5, "target": 51, "weight": 0.07}, {"source": 5, "target": 57, "weight": 0.009615}, {"source": 5, "target": 8, "weight": 0.070423}, {"source": 5, "target": 18, "weight": 0.01}, {"source": 5, "target": 20, "weight": 0.00885}, {"source": 5, "target": 22, "weight": 0.03125}, {"source": 5, "target": 25, "weight": 0.193878}, {"source": 5, "target": 26, "weight": 0.080645}, {"source": 5, "target": 32, "weight": 0.007752}, {"source": 5, "target": 36, "weight": 0.017094}, {"source": 5, "target": 38, "weight": 0.005556}, {"source": 5, "target": 42, "weight": 0.011628}, {"source": 5, "target": 45, "weight": 0.01087}, {"source": 5, "target": 47, "weight": 0.008}, {"source": 5, "target": 49, "weight": 0.084211}, {"source": 5, "target": 53, "weight": 0.008547}, {"source": 5, "target": 9, "weight": 0.423529}, {"source": 5, "target": 58, "weight": 0.009615}, {"source": 5, "target": 59, "weight": 0.013514}, {"source": 5, "target": 60, "weight": 0.241758}, {"source": 6, "target": 49, "weight": 0.107143}, {"source": 6, "target": 17, "weight": 0.010526}, {"source": 6, "target": 20, "weight": 0.013889}, {"source": 6, "target": 23, "weight": 0.020833}, {"source": 6, "target": 22, "weight": 0.00641}, {"source": 6, "target": 60, "weight": 0.107692}, {"source": 6, "target": 57, "weight": 0.015873}, {"source": 6, "target": 12, "weight": 0.015385}, {"source": 6, "target": 45, "weight": 0.019608}, {"source": 6, "target": 63, "weight": 0.02381}, {"source": 7, "target": 49, "weight": 0.010753}, {"source": 7, "target": 28, "weight": 0.007042}, {"source": 7, "target": 17, "weight": 0.113043}, {"source": 7, "target": 36, "weight": 0.028037}, {"source": 7, "target": 53, "weight": 0.09}, {"source": 7, "target": 11, "weight": 0.018018}, {"source": 7, "target": 22, "weight": 0.010695}, {"source": 7, "target": 58, "weight": 0.103448}, {"source": 7, "target": 51, "weight": 0.090426}, {"source": 7, "target": 9, "weight": 0.302326}, {"source": 7, "target": 25, "weight": 0.213483}, {"source": 7, "target": 26, "weight": 0.623377}, {"source": 7, "target": 8, "weight": 0.046875}, {"source": 7, "target": 43, "weight": 0.014286}, {"source": 7, "target": 32, "weight": 0.080357}, {"source": 8, "target": 51, "weight": 0.023529}, {"source": 8, "target": 32, "weight": 0.011236}, {"source": 8, "target": 26, "weight": 0.032967}, {"source": 9, "target": 49, "weight": 0.018868}, {"source": 9, "target": 51, "weight": 0.100503}, {"source": 9, "target": 36, "weight": 0.00813}, {"source": 9, "target": 22, "weight": 0.025253}, {"source": 9, "target": 60, "weight": 0.035088}, {"source": 9, "target": 26, "weight": 0.230088}, {"source": 9, "target": 43, "weight": 0.011905}, {"source": 9, "target": 32, "weight": 0.062992}, {"source": 10, "target": 23, "weight": 0.029851}, {"source": 11, "target": 22, "weight": 0.004926}, {"source": 11, "target": 51, "weight": 0.004566}, {"source": 11, "target": 57, "weight": 0.009091}, {"source": 11, "target": 26, "weight": 0.029412}, {"source": 11, "target": 45, "weight": 0.010204}, {"source": 11, "target": 32, "weight": 0.022556}, {"source": 12, "target": 43, "weight": 0.014286}, {"source": 13, "target": 31, "weight": 0.012048}, {"source": 14, "target": 28, "weight": 0.005376}, {"source": 14, "target": 16, "weight": 0.007519}, {"source": 14, "target": 19, "weight": 0.009259}, {"source": 14, "target": 37, "weight": 0.007463}, {"source": 14, "target": 20, "weight": 0.07971}, {"source": 14, "target": 22, "weight": 0.00431}, {"source": 14, "target": 38, "weight": 0.004651}, {"source": 14, "target": 51, "weight": 0.004032}, {"source": 14, "target": 25, "weight": 0.006623}, {"source": 14, "target": 63, "weight": 0.017094}, {"source": 14, "target": 45, "weight": 0.032258}, {"source": 14, "target": 31, "weight": 0.006211}, {"source": 15, "target": 41, "weight": 0.018182}, {"source": 15, "target": 38, "weight": 0.006211}, {"source": 16, "target": 49, "weight": 0.02381}, {"source": 16, "target": 38, "weight": 0.301587}, {"source": 16, "target": 22, "weight": 0.016854}, {"source": 16, "target": 60, "weight": 0.021277}, {"source": 16, "target": 44, "weight": 0.063291}, {"source": 16, "target": 64, "weight": 0.034884}, {"source": 17, "target": 49, "weight": 0.042017}, {"source": 17, "target": 51, "weight": 0.087963}, {"source": 17, "target": 36, "weight": 0.014493}, {"source": 17, "target": 38, "weight": 0.004975}, {"source": 17, "target": 22, "weight": 0.111675}, {"source": 17, "target": 60, "weight": 0.030769}, {"source": 17, "target": 57, "weight": 0.008}, {"source": 17, "target": 26, "weight": 0.091549}, {"source": 17, "target": 47, "weight": 0.006849}, {"source": 17, "target": 32, "weight": 0.034247}, {"source": 18, "target": 36, "weight": 0.009709}, {"source": 18, "target": 60, "weight": 0.010309}, {"source": 18, "target": 61, "weight": 0.283333}, {"source": 18, "target": 24, "weight": 0.142857}, {"source": 19, "target": 20, "weight": 0.058824}, {"source": 19, "target": 45, "weight": 0.085106}, {"source": 19, "target": 31, "weight": 0.011905}, {"source": 20, "target": 49, "weight": 0.01}, {"source": 20, "target": 50, "weight": 0.012987}, {"source": 20, "target": 36, "weight": 0.008621}, {"source": 20, "target": 38, "weight": 0.005618}, {"source": 20, "target": 23, "weight": 0.011494}, {"source": 20, "target": 60, "weight": 0.009091}, {"source": 20, "target": 26, "weight": 0.007634}, {"source": 20, "target": 42, "weight": 0.011905}, {"source": 20, "target": 45, "weight": 0.596491}, {"source": 21, "target": 45, "weight": 0.012987}, {"source": 21, "target": 38, "weight": 0.006061}, {"source": 21, "target": 51, "weight": 0.005051}, {"source": 22, "target": 37, "weight": 0.005525}, {"source": 22, "target": 51, "weight": 0.017182}, {"source": 22, "target": 47, "weight": 0.024631}, {"source": 22, "target": 25, "weight": 0.015306}, {"source": 22, "target": 26, "weight": 0.009346}, {"source": 22, "target": 28, "weight": 0.004292}, {"source": 22, "target": 31, "weight": 0.014563}, {"source": 22, "target": 32, "weight": 0.034146}, {"source": 22, "target": 36, "weight": 0.005}, {"source": 22, "target": 38, "weight": 0.027344}, {"source": 22, "target": 44, "weight": 0.005495}, {"source": 22, "target": 46, "weight": 0.055901}, {"source": 22, "target": 56, "weight": 0.006579}, {"source": 22, "target": 49, "weight": 0.063218}, {"source": 22, "target": 53, "weight": 0.005025}, {"source": 22, "target": 57, "weight": 0.016304}, {"source": 22, "target": 58, "weight": 0.005376}, {"source": 22, "target": 60, "weight": 0.010363}, {"source": 22, "target": 62, "weight": 0.006098}, {"source": 22, "target": 63, "weight": 0.006061}, {"source": 22, "target": 64, "weight": 0.005348}, {"source": 22, "target": 66, "weight": 0.005587}, {"source": 23, "target": 45, "weight": 0.015152}, {"source": 23, "target": 43, "weight": 0.125}, {"source": 23, "target": 63, "weight": 0.017544}, {"source": 24, "target": 28, "weight": 0.008772}, {"source": 24, "target": 61, "weight": 0.571429}, {"source": 24, "target": 66, "weight": 0.033898}, {"source": 24, "target": 65, "weight": 0.023256}, {"source": 25, "target": 49, "weight": 0.019608}, {"source": 25, "target": 51, "weight": 0.181319}, {"source": 25, "target": 36, "weight": 0.008403}, {"source": 25, "target": 60, "weight": 0.027027}, {"source": 25, "target": 26, "weight": 0.163793}, {"source": 25, "target": 32, "weight": 0.023438}, {"source": 26, "target": 51, "weight": 0.110048}, {"source": 26, "target": 43, "weight": 0.010309}, {"source": 26, "target": 28, "weight": 0.017964}, {"source": 26, "target": 32, "weight": 0.138462}, {"source": 26, "target": 36, "weight": 0.030075}, {"source": 26, "target": 38, "weight": 0.005051}, {"source": 26, "target": 45, "weight": 0.009091}, {"source": 26, "target": 49, "weight": 0.008333}, {"source": 26, "target": 50, "weight": 0.010309}, {"source": 26, "target": 53, "weight": 0.152542}, {"source": 26, "target": 58, "weight": 0.171429}, {"source": 28, "target": 61, "weight": 0.007874}, {"source": 28, "target": 44, "weight": 0.007353}, {"source": 28, "target": 45, "weight": 0.007813}, {"source": 28, "target": 32, "weight": 0.012195}, {"source": 29, "target": 48, "weight": 0.02381}, {"source": 29, "target": 66, "weight": 0.018182}, {"source": 30, "target": 51, "weight": 0.004386}, {"source": 30, "target": 32, "weight": 0.006944}, {"source": 31, "target": 36, "weight": 0.130435}, {"source": 31, "target": 54, "weight": 0.025641}, {"source": 31, "target": 55, "weight": 0.034483}, {"source": 31, "target": 44, "weight": 0.018182}, {"source": 31, "target": 64, "weight": 0.008621}, {"source": 31, "target": 38, "weight": 0.037838}, {"source": 31, "target": 47, "weight": 0.022388}, {"source": 32, "target": 46, "weight": 0.040816}, {"source": 32, "target": 51, "weight": 0.045872}, {"source": 32, "target": 36, "weight": 0.007576}, {"source": 32, "target": 44, "weight": 0.008772}, {"source": 32, "target": 56, "weight": 0.075949}, {"source": 32, "target": 49, "weight": 0.008621}, {"source": 32, "target": 53, "weight": 0.534884}, {"source": 32, "target": 57, "weight": 0.053097}, {"source": 32, "target": 58, "weight": 0.630137}, {"source": 32, "target": 60, "weight": 0.016}, {"source": 32, "target": 62, "weight": 0.010417}, {"source": 32, "target": 66, "weight": 0.018182}, {"source": 33, "target": 38, "weight": 0.030075}, {"source": 35, "target": 40, "weight": 0.058824}, {"source": 35, "target": 38, "weight": 0.006211}, {"source": 35, "target": 39, "weight": 0.342857}, {"source": 35, "target": 47, "weight": 0.019048}, {"source": 35, "target": 55, "weight": 0.034483}, {"source": 36, "target": 38, "weight": 0.016575}, {"source": 36, "target": 47, "weight": 0.007813}, {"source": 36, "target": 50, "weight": 0.169014}, {"source": 36, "target": 53, "weight": 0.008333}, {"source": 36, "target": 58, "weight": 0.009346}, {"source": 36, "target": 59, "weight": 0.012987}, {"source": 36, "target": 60, "weight": 0.008696}, {"source": 36, "target": 64, "weight": 0.009259}, {"source": 36, "target": 66, "weight": 0.01}, {"source": 37, "target": 41, "weight": 0.017241}, {"source": 38, "target": 51, "weight": 0.00722}, {"source": 38, "target": 39, "weight": 0.00565}, {"source": 38, "target": 40, "weight": 0.007299}, {"source": 38, "target": 44, "weight": 0.077922}, {"source": 38, "target": 47, "weight": 0.061111}, {"source": 38, "target": 49, "weight": 0.018182}, {"source": 38, "target": 50, "weight": 0.035714}, {"source": 38, "target": 56, "weight": 0.007407}, {"source": 38, "target": 60, "weight": 0.017143}, {"source": 38, "target": 63, "weight": 0.006757}, {"source": 38, "target": 64, "weight": 0.03012}, {"source": 39, "target": 40, "weight": 0.044776}, {"source": 39, "target": 47, "weight": 0.016529}, {"source": 39, "target": 55, "weight": 0.013333}, {"source": 40, "target": 47, "weight": 0.012195}, {"source": 42, "target": 52, "weight": 0.026316}, {"source": 42, "target": 60, "weight": 0.012048}, {"source": 42, "target": 63, "weight": 0.057692}, {"source": 43, "target": 47, "weight": 0.011236}, {"source": 44, "target": 47, "weight": 0.057143}, {"source": 44, "target": 64, "weight": 0.011111}, {"source": 44, "target": 56, "weight": 0.018182}, {"source": 45, "target": 49, "weight": 0.012658}, {"source": 45, "target": 60, "weight": 0.011236}, {"source": 45, "target": 63, "weight": 0.016667}, {"source": 46, "target": 49, "weight": 0.056338}, {"source": 46, "target": 57, "weight": 0.026667}, {"source": 47, "target": 60, "weight": 0.008197}, {"source": 47, "target": 64, "weight": 0.017544}, {"source": 48, "target": 51, "weight": 0.005495}, {"source": 49, "target": 62, "weight": 0.014493}, {"source": 49, "target": 60, "weight": 0.190476}, {"source": 49, "target": 57, "weight": 0.057471}, {"source": 49, "target": 64, "weight": 0.021978}, {"source": 49, "target": 56, "weight": 0.017544}, {"source": 51, "target": 56, "weight": 0.005952}, {"source": 51, "target": 53, "weight": 0.038462}, {"source": 51, "target": 58, "weight": 0.041026}, {"source": 51, "target": 60, "weight": 0.009569}, {"source": 51, "target": 64, "weight": 0.004926}, {"source": 51, "target": 66, "weight": 0.005128}, {"source": 52, "target": 63, "weight": 0.028571}, {"source": 53, "target": 60, "weight": 0.017699}, {"source": 53, "target": 57, "weight": 0.028846}, {"source": 54, "target": 65, "weight": 0.030303}, {"source": 55, "target": 63, "weight": 0.021739}, {"source": 56, "target": 64, "weight": 0.016667}, {"source": 57, "target": 58, "weight": 0.032967}, {"source": 57, "target": 60, "weight": 0.073684}, {"source": 57, "target": 62, "weight": 0.014085}, {"source": 57, "target": 64, "weight": 0.010638}, {"source": 58, "target": 60, "weight": 0.02}, {"source": 59, "target": 60, "weight": 0.014085}, {"source": 59, "target": 61, "weight": 0.02}, {"source": 60, "target": 64, "weight": 0.009804}, {"source": 61, "target": 65, "weight": 0.036364}, {"source": 61, "target": 66, "weight": 0.072464}, {"source": 64, "target": 66, "weight": 0.011494}], "multigraph": false}