{"directed": false, "graph": {}, "nodes": [{"group": 0, "id": "taxi"}, {"group": 1, "id": "taxonomy", "degree": 6}, {"group": 2, "id": "tarry", "degree": 17}, {"group": 3, "id": "talky"}, {"group": 3, "id": "talkative"}, {"group": 4, "id": "taps"}, {"group": 5, "id": "tablet"}, {"group": 5, "id": "tantamount", "degree": 1}, {"group": 2, "id": "tail", "degree": 29}, {"group": 5, "id": "tape", "degree": 44}, {"group": 6, "id": "tawny"}, {"group": 8, "id": "taunting", "degree": 6}, {"group": 2, "id": "tatter"}, {"group": 3, "id": "tautologous", "degree": 2}, {"group": 11, "id": "tactic"}, {"group": 1, "id": "taxidermy"}, {"group": 8, "id": "taunt"}, {"group": 5, "id": "tailor", "degree": 28}, {"group": 8, "id": "tantalizing"}, {"group": 9, "id": "tactician", "degree": 0}, {"group": 0, "id": "tank", "degree": 27}, {"group": 8, "id": "target", "degree": 14}, {"group": 11, "id": "tapering"}, {"group": 3, "id": "tabby"}, {"group": 7, "id": "tanked"}, {"group": 10, "id": "tavern"}, {"group": 5, "id": "tableland", "degree": 10}, {"group": 7, "id": "tactless"}, {"group": 8, "id": "taxed"}, {"group": 12, "id": "tanker", "degree": 0}, {"group": 7, "id": "tatty"}, {"group": 2, "id": "tailpiece"}, {"group": 0, "id": "tangential", "degree": 2}, {"group": 8, "id": "takeoff"}, {"group": 0, "id": "talisman", "degree": 2}, {"group": 3, "id": "tattletale"}, {"group": 10, "id": "taskmaster", "degree": 4}, {"group": 3, "id": "talebearer", "degree": 5}, {"group": 5, "id": "tabulate"}, {"group": 5, "id": "tabloid"}, {"group": 8, "id": "tasteful"}, {"group": 4, "id": "taxing", "degree": 17}, {"group": 11, "id": "taming"}, {"group": 4, "id": "tauten", "degree": 6}, {"group": 6, "id": "tadpole"}, {"group": 7, "id": "tainted", "degree": 13}, {"group": 0, "id": "tarantula"}, {"group": 0, "id": "tannery", "degree": 2}, {"group": 6, "id": "tarsus", "degree": 3}, {"group": 1, "id": "tabulation", "degree": 10}, {"group": 11, "id": "tangent", "degree": 5}, {"group": 8, "id": "tallow"}, {"group": 0, "id": "tartan"}, {"group": 11, "id": "taboo", "degree": 15}, {"group": 13, "id": "tantrum", "degree": 4}, {"group": 0, "id": "tangible"}, {"group": 8, "id": "talented", "degree": 5}, {"group": 11, "id": "taper", "degree": 17}, {"group": 11, "id": "tapered"}, {"group": 3, "id": "talebearing", "degree": 13}, {"group": 3, "id": "tattle"}, {"group": 4, "id": "tater", "degree": 1}, {"group": 8, "id": "tangled", "degree": 6}, {"group": 8, "id": "tactical", "degree": 24}, {"group": 6, "id": "tableware"}, {"group": 5, "id": "table", "degree": 43}, {"group": 0, "id": "tangle"}, {"group": 2, "id": "tabernacle"}, {"group": 10, "id": "taker"}, {"group": 0, "id": "tasting"}, {"group": 14, "id": "tardiness", "degree": 0}, {"group": 11, "id": "tame"}, {"group": 13, "id": "tabes", "degree": 1}, {"group": 7, "id": "tacky", "degree": 17}, {"group": 0, "id": "tamp", "degree": 25}, {"group": 8, "id": "tallowy"}, {"group": 11, "id": "tamer", "degree": 1}, {"group": 7, "id": "tasteless"}, {"group": 4, "id": "taxation", "degree": 3}, {"group": 5, "id": "tally", "degree": 35}, {"group": 5, "id": "taciturn"}, {"group": 8, "id": "tailing"}, {"group": 0, "id": "tapeworm", "degree": 3}, {"group": 5, "id": "tampon"}, {"group": 2, "id": "tandem"}, {"group": 3, "id": "tapping", "degree": 0}, {"group": 7, "id": "tattered"}, {"group": 0, "id": "talent"}, {"group": 4, "id": "tariff", "degree": 10}, {"group": 13, "id": "tachycardia", "degree": 4}, {"group": 10, "id": "taproot"}, {"group": 11, "id": "tactics", "degree": 12}, {"group": 7, "id": "tawdry", "degree": 8}, {"group": 0, "id": "tang"}, {"group": 3, "id": "taleteller"}, {"group": 15, "id": "tastefully", "degree": 0}, {"group": 3, "id": "talkathon"}, {"group": 4, "id": "taut"}, {"group": 8, "id": "taking"}, {"group": 16, "id": "talker", "degree": 0}, {"group": 6, "id": "taupe", "degree": 19}, {"group": 0, "id": "tap", "degree": 35}, {"group": 0, "id": "tar"}, {"group": 0, "id": "tantalize"}, {"group": 0, "id": "taste", "degree": 47}, {"group": 10, "id": "taproom", "degree": 4}, {"group": 4, "id": "tax", "degree": 15}, {"group": 5, "id": "tabular"}, {"group": 3, "id": "talking", "degree": 15}, {"group": 2, "id": "tag", "degree": 19}, {"group": 8, "id": "tasty"}, {"group": 7, "id": "tarnished"}, {"group": 2, "id": "tab"}, {"group": 6, "id": "tan", "degree": 17}, {"group": 2, "id": "tarrying"}, {"group": 2, "id": "tapestry", "degree": 11}, {"group": 0, "id": "tattoo"}, {"group": 0, "id": "tarnish", "degree": 28}, {"group": 2, "id": "tableau", "degree": 17}, {"group": 5, "id": "tare"}, {"group": 0, "id": "take", "degree": 62}, {"group": 2, "id": "talkie", "degree": 10}, {"group": 0, "id": "talons", "degree": 5}, {"group": 6, "id": "tambourine"}, {"group": 2, "id": "tardy", "degree": 3}, {"group": 8, "id": "tart", "degree": 6}, {"group": 17, "id": "taxidermist", "degree": 0}, {"group": 8, "id": "tactful", "degree": 12}, {"group": 0, "id": "tact", "degree": 22}, {"group": 11, "id": "tack"}, {"group": 0, "id": "tangibility", "degree": 4}, {"group": 2, "id": "tailgate"}, {"group": 11, "id": "tackle", "degree": 26}, {"group": 13, "id": "tailored"}, {"group": 4, "id": "task", "degree": 41}, {"group": 8, "id": "tautology", "degree": 11}, {"group": 0, "id": "taint"}, {"group": 5, "id": "tale"}, {"group": 7, "id": "tall", "degree": 11}, {"group": 3, "id": "talk", "degree": 27}], "links": [{"source": 0, "target": 74, "weight": 0.014493}, {"source": 0, "target": 134, "weight": 0.006897}, {"source": 0, "target": 106, "weight": 0.008621}, {"source": 0, "target": 120, "weight": 0.002882}, {"source": 1, "target": 91, "weight": 0.008}, {"source": 1, "target": 41, "weight": 0.006711}, {"source": 1, "target": 49, "weight": 0.194444}, {"source": 1, "target": 106, "weight": 0.006623}, {"source": 1, "target": 31, "weight": 0.007692}, {"source": 1, "target": 129, "weight": 0.004739}, {"source": 1, "target": 96, "weight": 0.024691}, {"source": 1, "target": 15, "weight": 0.114286}, {"source": 1, "target": 38, "weight": 0.018349}, {"source": 2, "target": 116, "weight": 0.004082}, {"source": 2, "target": 12, "weight": 0.01}, {"source": 2, "target": 20, "weight": 0.007143}, {"source": 2, "target": 102, "weight": 0.006993}, {"source": 2, "target": 41, "weight": 0.006897}, {"source": 2, "target": 104, "weight": 0.008097}, {"source": 2, "target": 122, "weight": 0.012346}, {"source": 2, "target": 101, "weight": 0.006969}, {"source": 2, "target": 109, "weight": 0.005128}, {"source": 2, "target": 31, "weight": 0.007937}, {"source": 2, "target": 43, "weight": 0.03125}, {"source": 2, "target": 8, "weight": 0.009479}, {"source": 2, "target": 129, "weight": 0.009709}, {"source": 2, "target": 9, "weight": 0.005952}, {"source": 2, "target": 120, "weight": 0.016086}, {"source": 2, "target": 112, "weight": 0.011905}, {"source": 2, "target": 131, "weight": 0.016393}, {"source": 2, "target": 65, "weight": 0.01992}, {"source": 2, "target": 74, "weight": 0.020202}, {"source": 2, "target": 114, "weight": 0.015625}, {"source": 3, "target": 13, "weight": 0.05}, {"source": 3, "target": 101, "weight": 0.003817}, {"source": 3, "target": 59, "weight": 0.034483}, {"source": 3, "target": 108, "weight": 0.015873}, {"source": 3, "target": 63, "weight": 0.011628}, {"source": 3, "target": 138, "weight": 0.019231}, {"source": 4, "target": 13, "weight": 0.031915}, {"source": 4, "target": 101, "weight": 0.00678}, {"source": 4, "target": 59, "weight": 0.015873}, {"source": 4, "target": 108, "weight": 0.042553}, {"source": 4, "target": 9, "weight": 0.005682}, {"source": 4, "target": 63, "weight": 0.008333}, {"source": 4, "target": 138, "weight": 0.029412}, {"source": 4, "target": 139, "weight": 0.009901}, {"source": 5, "target": 106, "weight": 0.00813}, {"source": 5, "target": 109, "weight": 0.005848}, {"source": 5, "target": 20, "weight": 0.008621}, {"source": 5, "target": 139, "weight": 0.005848}, {"source": 5, "target": 41, "weight": 0.008264}, {"source": 6, "target": 134, "weight": 0.004425}, {"source": 6, "target": 20, "weight": 0.005263}, {"source": 6, "target": 49, "weight": 0.007634}, {"source": 6, "target": 104, "weight": 0.003356}, {"source": 6, "target": 101, "weight": 0.018018}, {"source": 6, "target": 79, "weight": 0.022388}, {"source": 6, "target": 109, "weight": 0.008197}, {"source": 6, "target": 8, "weight": 0.011538}, {"source": 6, "target": 118, "weight": 0.010152}, {"source": 6, "target": 26, "weight": 0.007752}, {"source": 6, "target": 17, "weight": 0.00641}, {"source": 6, "target": 9, "weight": 0.047847}, {"source": 6, "target": 120, "weight": 0.002336}, {"source": 6, "target": 121, "weight": 0.008696}, {"source": 6, "target": 63, "weight": 0.006173}, {"source": 6, "target": 65, "weight": 0.209486}, {"source": 6, "target": 115, "weight": 0.016}, {"source": 7, "target": 17, "weight": 0.014085}, {"source": 7, "target": 79, "weight": 0.027174}, {"source": 8, "target": 101, "weight": 0.004975}, {"source": 8, "target": 104, "weight": 0.00831}, {"source": 8, "target": 105, "weight": 0.005556}, {"source": 8, "target": 31, "weight": 0.125581}, {"source": 8, "target": 90, "weight": 0.005435}, {"source": 8, "target": 109, "weight": 0.143382}, {"source": 8, "target": 112, "weight": 0.036364}, {"source": 8, "target": 33, "weight": 0.004464}, {"source": 8, "target": 65, "weight": 0.013661}, {"source": 8, "target": 36, "weight": 0.005464}, {"source": 8, "target": 38, "weight": 0.009091}, {"source": 8, "target": 116, "weight": 0.011204}, {"source": 8, "target": 66, "weight": 0.004149}, {"source": 8, "target": 118, "weight": 0.007634}, {"source": 8, "target": 71, "weight": 0.006826}, {"source": 8, "target": 9, "weight": 0.014286}, {"source": 8, "target": 120, "weight": 0.004065}, {"source": 8, "target": 121, "weight": 0.005556}, {"source": 8, "target": 74, "weight": 0.009346}, {"source": 8, "target": 124, "weight": 0.016129}, {"source": 8, "target": 12, "weight": 0.014085}, {"source": 8, "target": 49, "weight": 0.005102}, {"source": 8, "target": 122, "weight": 0.005102}, {"source": 8, "target": 79, "weight": 0.018018}, {"source": 8, "target": 81, "weight": 0.005495}, {"source": 8, "target": 129, "weight": 0.012539}, {"source": 8, "target": 131, "weight": 0.053571}, {"source": 8, "target": 132, "weight": 0.007463}, {"source": 8, "target": 87, "weight": 0.004405}, {"source": 8, "target": 53, "weight": 0.004237}, {"source": 8, "target": 88, "weight": 0.005682}, {"source": 8, "target": 20, "weight": 0.007874}, {"source": 8, "target": 21, "weight": 0.004975}, {"source": 8, "target": 57, "weight": 0.013699}, {"source": 8, "target": 25, "weight": 0.004739}, {"source": 8, "target": 136, "weight": 0.007792}, {"source": 8, "target": 93, "weight": 0.004274}, {"source": 8, "target": 84, "weight": 0.005814}, {"source": 8, "target": 96, "weight": 0.005181}, {"source": 8, "target": 48, "weight": 0.011429}, {"source": 8, "target": 139, "weight": 0.003226}, {"source": 9, "target": 86, "weight": 0.00565}, {"source": 9, "target": 101, "weight": 0.014085}, {"source": 9, "target": 102, "weight": 0.004673}, {"source": 9, "target": 104, "weight": 0.009464}, {"source": 9, "target": 84, "weight": 0.015748}, {"source": 9, "target": 52, "weight": 0.012987}, {"source": 9, "target": 31, "weight": 0.005076}, {"source": 9, "target": 108, "weight": 0.00625}, {"source": 9, "target": 109, "weight": 0.007547}, {"source": 9, "target": 112, "weight": 0.008368}, {"source": 9, "target": 65, "weight": 0.041401}, {"source": 9, "target": 113, "weight": 0.012048}, {"source": 9, "target": 66, "weight": 0.005076}, {"source": 9, "target": 38, "weight": 0.186667}, {"source": 9, "target": 116, "weight": 0.016026}, {"source": 9, "target": 118, "weight": 0.004566}, {"source": 9, "target": 119, "weight": 0.007246}, {"source": 9, "target": 71, "weight": 0.004}, {"source": 9, "target": 120, "weight": 0.006711}, {"source": 9, "target": 121, "weight": 0.007353}, {"source": 9, "target": 74, "weight": 0.005848}, {"source": 9, "target": 12, "weight": 0.011765}, {"source": 9, "target": 49, "weight": 0.013245}, {"source": 9, "target": 16, "weight": 0.005747}, {"source": 9, "target": 79, "weight": 0.061151}, {"source": 9, "target": 80, "weight": 0.006173}, {"source": 9, "target": 129, "weight": 0.018248}, {"source": 9, "target": 130, "weight": 0.007353}, {"source": 9, "target": 83, "weight": 0.15748}, {"source": 9, "target": 132, "weight": 0.004444}, {"source": 9, "target": 53, "weight": 0.005208}, {"source": 9, "target": 88, "weight": 0.007576}, {"source": 9, "target": 54, "weight": 0.007874}, {"source": 9, "target": 134, "weight": 0.004049}, {"source": 9, "target": 57, "weight": 0.028902}, {"source": 9, "target": 93, "weight": 0.015957}, {"source": 9, "target": 136, "weight": 0.008798}, {"source": 9, "target": 106, "weight": 0.004587}, {"source": 9, "target": 137, "weight": 0.011696}, {"source": 9, "target": 60, "weight": 0.006849}, {"source": 9, "target": 17, "weight": 0.017143}, {"source": 9, "target": 139, "weight": 0.003759}, {"source": 10, "target": 100, "weight": 0.386364}, {"source": 10, "target": 92, "weight": 0.022222}, {"source": 10, "target": 104, "weight": 0.004608}, {"source": 10, "target": 79, "weight": 0.005208}, {"source": 10, "target": 109, "weight": 0.006098}, {"source": 10, "target": 138, "weight": 0.01}, {"source": 10, "target": 113, "weight": 0.346939}, {"source": 11, "target": 56, "weight": 0.022222}, {"source": 11, "target": 16, "weight": 0.05}, {"source": 11, "target": 98, "weight": 0.017857}, {"source": 11, "target": 27, "weight": 0.012195}, {"source": 11, "target": 18, "weight": 0.008197}, {"source": 11, "target": 33, "weight": 0.011236}, {"source": 11, "target": 21, "weight": 0.015152}, {"source": 12, "target": 79, "weight": 0.004425}, {"source": 12, "target": 101, "weight": 0.003436}, {"source": 12, "target": 21, "weight": 0.022727}, {"source": 12, "target": 57, "weight": 0.009174}, {"source": 12, "target": 117, "weight": 0.006993}, {"source": 12, "target": 109, "weight": 0.093407}, {"source": 12, "target": 118, "weight": 0.006623}, {"source": 12, "target": 104, "weight": 0.012048}, {"source": 12, "target": 17, "weight": 0.018519}, {"source": 12, "target": 120, "weight": 0.005263}, {"source": 12, "target": 132, "weight": 0.012821}, {"source": 12, "target": 65, "weight": 0.015686}, {"source": 12, "target": 74, "weight": 0.009709}, {"source": 12, "target": 139, "weight": 0.005051}, {"source": 12, "target": 125, "weight": 0.007519}, {"source": 13, "target": 138, "weight": 0.008197}, {"source": 13, "target": 135, "weight": 0.026316}, {"source": 13, "target": 92, "weight": 0.014925}, {"source": 14, "target": 134, "weight": 0.011364}, {"source": 14, "target": 91, "weight": 0.069565}, {"source": 14, "target": 21, "weight": 0.011494}, {"source": 14, "target": 104, "weight": 0.004016}, {"source": 14, "target": 101, "weight": 0.006944}, {"source": 14, "target": 79, "weight": 0.004464}, {"source": 14, "target": 128, "weight": 0.015152}, {"source": 14, "target": 108, "weight": 0.011111}, {"source": 14, "target": 17, "weight": 0.009346}, {"source": 14, "target": 120, "weight": 0.005291}, {"source": 14, "target": 65, "weight": 0.011811}, {"source": 14, "target": 89, "weight": 0.009346}, {"source": 15, "target": 49, "weight": 0.017544}, {"source": 16, "target": 134, "weight": 0.005495}, {"source": 16, "target": 20, "weight": 0.006849}, {"source": 16, "target": 21, "weight": 0.021978}, {"source": 16, "target": 127, "weight": 0.006329}, {"source": 16, "target": 117, "weight": 0.006849}, {"source": 16, "target": 101, "weight": 0.013746}, {"source": 16, "target": 106, "weight": 0.006536}, {"source": 16, "target": 104, "weight": 0.003937}, {"source": 16, "target": 17, "weight": 0.008929}, {"source": 16, "target": 120, "weight": 0.010499}, {"source": 16, "target": 65, "weight": 0.003831}, {"source": 16, "target": 74, "weight": 0.019048}, {"source": 17, "target": 101, "weight": 0.010169}, {"source": 17, "target": 104, "weight": 0.032}, {"source": 17, "target": 83, "weight": 0.011905}, {"source": 17, "target": 106, "weight": 0.012903}, {"source": 17, "target": 31, "weight": 0.007407}, {"source": 17, "target": 109, "weight": 0.0199}, {"source": 17, "target": 112, "weight": 0.017045}, {"source": 17, "target": 65, "weight": 0.007605}, {"source": 17, "target": 113, "weight": 0.009524}, {"source": 17, "target": 38, "weight": 0.017544}, {"source": 17, "target": 116, "weight": 0.007905}, {"source": 17, "target": 118, "weight": 0.006369}, {"source": 17, "target": 119, "weight": 0.013158}, {"source": 17, "target": 71, "weight": 0.021622}, {"source": 17, "target": 120, "weight": 0.005181}, {"source": 17, "target": 74, "weight": 0.009174}, {"source": 17, "target": 41, "weight": 0.006494}, {"source": 17, "target": 79, "weight": 0.04955}, {"source": 17, "target": 128, "weight": 0.007092}, {"source": 17, "target": 54, "weight": 0.015385}, {"source": 17, "target": 80, "weight": 0.01}, {"source": 17, "target": 129, "weight": 0.028436}, {"source": 17, "target": 86, "weight": 0.008696}, {"source": 17, "target": 91, "weight": 0.007692}, {"source": 17, "target": 47, "weight": 0.013514}, {"source": 17, "target": 133, "weight": 0.024691}, {"source": 17, "target": 134, "weight": 0.01087}, {"source": 17, "target": 87, "weight": 0.008264}, {"source": 17, "target": 57, "weight": 0.008696}, {"source": 17, "target": 93, "weight": 0.04878}, {"source": 17, "target": 136, "weight": 0.021739}, {"source": 17, "target": 137, "weight": 0.009091}, {"source": 17, "target": 63, "weight": 0.008264}, {"source": 18, "target": 127, "weight": 0.005076}, {"source": 20, "target": 102, "weight": 0.005376}, {"source": 20, "target": 104, "weight": 0.003436}, {"source": 20, "target": 105, "weight": 0.009259}, {"source": 20, "target": 52, "weight": 0.007874}, {"source": 20, "target": 31, "weight": 0.005917}, {"source": 20, "target": 107, "weight": 0.008772}, {"source": 20, "target": 108, "weight": 0.007576}, {"source": 20, "target": 112, "weight": 0.004717}, {"source": 20, "target": 33, "weight": 0.006579}, {"source": 20, "target": 65, "weight": 0.006734}, {"source": 20, "target": 66, "weight": 0.017964}, {"source": 20, "target": 116, "weight": 0.003472}, {"source": 20, "target": 77, "weight": 0.00495}, {"source": 20, "target": 118, "weight": 0.005236}, {"source": 20, "target": 71, "weight": 0.004505}, {"source": 20, "target": 120, "weight": 0.014423}, {"source": 20, "target": 122, "weight": 0.008065}, {"source": 20, "target": 47, "weight": 0.018692}, {"source": 20, "target": 127, "weight": 0.005128}, {"source": 20, "target": 41, "weight": 0.005319}, {"source": 20, "target": 79, "weight": 0.003759}, {"source": 20, "target": 39, "weight": 0.008772}, {"source": 20, "target": 106, "weight": 0.010582}, {"source": 20, "target": 132, "weight": 0.005076}, {"source": 20, "target": 91, "weight": 0.006098}, {"source": 20, "target": 25, "weight": 0.014493}, {"source": 20, "target": 26, "weight": 0.008197}, {"source": 21, "target": 104, "weight": 0.004219}, {"source": 21, "target": 106, "weight": 0.007353}, {"source": 21, "target": 90, "weight": 0.017241}, {"source": 21, "target": 109, "weight": 0.010929}, {"source": 21, "target": 33, "weight": 0.010204}, {"source": 21, "target": 116, "weight": 0.008584}, {"source": 21, "target": 117, "weight": 0.007752}, {"source": 21, "target": 120, "weight": 0.005464}, {"source": 21, "target": 74, "weight": 0.011236}, {"source": 21, "target": 41, "weight": 0.007463}, {"source": 21, "target": 78, "weight": 0.020833}, {"source": 21, "target": 81, "weight": 0.017857}, {"source": 21, "target": 129, "weight": 0.005102}, {"source": 21, "target": 132, "weight": 0.014085}, {"source": 21, "target": 55, "weight": 0.012658}, {"source": 21, "target": 88, "weight": 0.02}, {"source": 21, "target": 134, "weight": 0.012195}, {"source": 21, "target": 91, "weight": 0.009091}, {"source": 21, "target": 93, "weight": 0.009259}, {"source": 21, "target": 136, "weight": 0.003831}, {"source": 21, "target": 139, "weight": 0.005435}, {"source": 22, "target": 53, "weight": 0.011236}, {"source": 22, "target": 57, "weight": 0.056338}, {"source": 22, "target": 63, "weight": 0.0125}, {"source": 23, "target": 59, "weight": 0.027027}, {"source": 23, "target": 63, "weight": 0.010638}, {"source": 23, "target": 132, "weight": 0.007353}, {"source": 23, "target": 53, "weight": 0.009709}, {"source": 23, "target": 37, "weight": 0.227273}, {"source": 23, "target": 139, "weight": 0.00565}, {"source": 24, "target": 104, "weight": 0.004464}, {"source": 24, "target": 138, "weight": 0.018868}, {"source": 24, "target": 125, "weight": 0.009434}, {"source": 24, "target": 45, "weight": 0.021053}, {"source": 24, "target": 63, "weight": 0.011364}, {"source": 25, "target": 105, "weight": 0.3}, {"source": 25, "target": 101, "weight": 0.006993}, {"source": 25, "target": 120, "weight": 0.002653}, {"source": 25, "target": 65, "weight": 0.007905}, {"source": 25, "target": 53, "weight": 0.008333}, {"source": 26, "target": 39, "weight": 0.038462}, {"source": 26, "target": 77, "weight": 0.007092}, {"source": 26, "target": 118, "weight": 0.007692}, {"source": 26, "target": 71, "weight": 0.006211}, {"source": 26, "target": 107, "weight": 0.038462}, {"source": 26, "target": 120, "weight": 0.002778}, {"source": 26, "target": 112, "weight": 0.006623}, {"source": 26, "target": 65, "weight": 0.144231}, {"source": 27, "target": 73, "weight": 0.011111}, {"source": 27, "target": 53, "weight": 0.007937}, {"source": 27, "target": 92, "weight": 0.025}, {"source": 27, "target": 125, "weight": 0.007407}, {"source": 28, "target": 62, "weight": 0.04878}, {"source": 30, "target": 73, "weight": 0.145038}, {"source": 30, "target": 92, "weight": 0.041667}, {"source": 31, "target": 101, "weight": 0.006329}, {"source": 31, "target": 104, "weight": 0.00361}, {"source": 31, "target": 106, "weight": 0.011429}, {"source": 31, "target": 108, "weight": 0.008475}, {"source": 31, "target": 109, "weight": 0.092233}, {"source": 31, "target": 65, "weight": 0.003521}, {"source": 31, "target": 41, "weight": 0.011561}, {"source": 31, "target": 118, "weight": 0.011364}, {"source": 31, "target": 43, "weight": 0.010638}, {"source": 31, "target": 120, "weight": 0.002457}, {"source": 31, "target": 121, "weight": 0.010638}, {"source": 31, "target": 124, "weight": 0.019802}, {"source": 31, "target": 49, "weight": 0.009091}, {"source": 31, "target": 79, "weight": 0.028455}, {"source": 31, "target": 88, "weight": 0.011111}, {"source": 31, "target": 134, "weight": 0.009804}, {"source": 31, "target": 139, "weight": 0.008969}, {"source": 32, "target": 50, "weight": 0.021739}, {"source": 32, "target": 69, "weight": 0.028571}, {"source": 33, "target": 104, "weight": 0.003846}, {"source": 33, "target": 101, "weight": 0.003333}, {"source": 33, "target": 135, "weight": 0.020619}, {"source": 33, "target": 65, "weight": 0.003745}, {"source": 33, "target": 73, "weight": 0.005319}, {"source": 33, "target": 139, "weight": 0.004831}, {"source": 34, "target": 52, "weight": 0.022222}, {"source": 34, "target": 120, "weight": 0.00295}, {"source": 34, "target": 103, "weight": 0.019608}, {"source": 35, "target": 59, "weight": 0.037037}, {"source": 35, "target": 120, "weight": 0.002857}, {"source": 35, "target": 139, "weight": 0.018182}, {"source": 35, "target": 37, "weight": 0.833333}, {"source": 36, "target": 90, "weight": 0.025}, {"source": 36, "target": 68, "weight": 0.028571}, {"source": 36, "target": 112, "weight": 0.007143}, {"source": 37, "target": 94, "weight": 0.3125}, {"source": 37, "target": 137, "weight": 0.013333}, {"source": 37, "target": 59, "weight": 0.034483}, {"source": 37, "target": 60, "weight": 0.136364}, {"source": 37, "target": 120, "weight": 0.002841}, {"source": 37, "target": 139, "weight": 0.017964}, {"source": 38, "target": 101, "weight": 0.013605}, {"source": 38, "target": 104, "weight": 0.011765}, {"source": 38, "target": 106, "weight": 0.019481}, {"source": 38, "target": 109, "weight": 0.014851}, {"source": 38, "target": 65, "weight": 0.047431}, {"source": 38, "target": 113, "weight": 0.009524}, {"source": 38, "target": 41, "weight": 0.006494}, {"source": 38, "target": 120, "weight": 0.005181}, {"source": 38, "target": 45, "weight": 0.007752}, {"source": 38, "target": 74, "weight": 0.009174}, {"source": 38, "target": 49, "weight": 0.011111}, {"source": 38, "target": 79, "weight": 0.104265}, {"source": 38, "target": 53, "weight": 0.007692}, {"source": 38, "target": 88, "weight": 0.028986}, {"source": 38, "target": 134, "weight": 0.016393}, {"source": 38, "target": 91, "weight": 0.015504}, {"source": 38, "target": 57, "weight": 0.008696}, {"source": 38, "target": 139, "weight": 0.004902}, {"source": 39, "target": 100, "weight": 0.03125}, {"source": 39, "target": 92, "weight": 0.02}, {"source": 39, "target": 63, "weight": 0.011628}, {"source": 39, "target": 118, "weight": 0.016529}, {"source": 39, "target": 138, "weight": 0.009524}, {"source": 39, "target": 65, "weight": 0.026786}, {"source": 39, "target": 113, "weight": 0.014286}, {"source": 39, "target": 139, "weight": 0.005917}, {"source": 40, "target": 127, "weight": 0.035971}, {"source": 40, "target": 43, "weight": 0.017857}, {"source": 40, "target": 120, "weight": 0.00271}, {"source": 40, "target": 132, "weight": 0.006897}, {"source": 40, "target": 65, "weight": 0.004065}, {"source": 40, "target": 113, "weight": 0.011494}, {"source": 41, "target": 101, "weight": 0.008982}, {"source": 41, "target": 106, "weight": 0.240506}, {"source": 41, "target": 108, "weight": 0.007299}, {"source": 41, "target": 109, "weight": 0.008264}, {"source": 41, "target": 112, "weight": 0.004608}, {"source": 41, "target": 65, "weight": 0.0033}, {"source": 41, "target": 66, "weight": 0.011561}, {"source": 41, "target": 117, "weight": 0.016129}, {"source": 41, "target": 43, "weight": 0.027027}, {"source": 41, "target": 120, "weight": 0.011848}, {"source": 41, "target": 73, "weight": 0.008969}, {"source": 41, "target": 74, "weight": 0.013605}, {"source": 41, "target": 77, "weight": 0.004831}, {"source": 41, "target": 78, "weight": 0.069307}, {"source": 41, "target": 79, "weight": 0.007407}, {"source": 41, "target": 129, "weight": 0.007874}, {"source": 41, "target": 85, "weight": 0.008772}, {"source": 41, "target": 132, "weight": 0.00495}, {"source": 41, "target": 88, "weight": 0.047619}, {"source": 41, "target": 134, "weight": 0.056338}, {"source": 41, "target": 92, "weight": 0.008065}, {"source": 41, "target": 136, "weight": 0.00627}, {"source": 41, "target": 137, "weight": 0.006711}, {"source": 42, "target": 53, "weight": 0.011765}, {"source": 43, "target": 101, "weight": 0.003906}, {"source": 43, "target": 106, "weight": 0.035714}, {"source": 43, "target": 129, "weight": 0.005714}, {"source": 43, "target": 61, "weight": 0.043478}, {"source": 43, "target": 120, "weight": 0.005797}, {"source": 43, "target": 97, "weight": 0.04878}, {"source": 43, "target": 132, "weight": 0.033613}, {"source": 43, "target": 65, "weight": 0.018182}, {"source": 43, "target": 113, "weight": 0.015625}, {"source": 44, "target": 132, "weight": 0.007576}, {"source": 44, "target": 100, "weight": 0.014493}, {"source": 44, "target": 113, "weight": 0.013514}, {"source": 44, "target": 48, "weight": 0.025641}, {"source": 45, "target": 100, "weight": 0.008772}, {"source": 45, "target": 138, "weight": 0.006494}, {"source": 45, "target": 125, "weight": 0.013158}, {"source": 45, "target": 77, "weight": 0.016667}, {"source": 45, "target": 66, "weight": 0.006711}, {"source": 45, "target": 117, "weight": 0.012346}, {"source": 45, "target": 98, "weight": 0.00641}, {"source": 45, "target": 86, "weight": 0.015625}, {"source": 45, "target": 71, "weight": 0.00495}, {"source": 45, "target": 93, "weight": 0.007042}, {"source": 45, "target": 129, "weight": 0.004348}, {"source": 45, "target": 120, "weight": 0.002494}, {"source": 45, "target": 63, "weight": 0.007407}, {"source": 45, "target": 73, "weight": 0.010101}, {"source": 45, "target": 136, "weight": 0.010239}, {"source": 45, "target": 111, "weight": 0.205479}, {"source": 46, "target": 101, "weight": 0.007968}, {"source": 46, "target": 120, "weight": 0.002924}, {"source": 47, "target": 132, "weight": 0.008197}, {"source": 47, "target": 52, "weight": 0.019231}, {"source": 48, "target": 123, "weight": 0.052632}, {"source": 49, "target": 91, "weight": 0.009524}, {"source": 49, "target": 79, "weight": 0.014634}, {"source": 49, "target": 96, "weight": 0.032787}, {"source": 49, "target": 65, "weight": 0.016949}, {"source": 50, "target": 91, "weight": 0.009524}, {"source": 50, "target": 57, "weight": 0.034091}, {"source": 50, "target": 136, "weight": 0.003906}, {"source": 50, "target": 108, "weight": 0.013699}, {"source": 50, "target": 129, "weight": 0.010526}, {"source": 50, "target": 101, "weight": 0.003676}, {"source": 51, "target": 135, "weight": 0.02381}, {"source": 52, "target": 117, "weight": 0.007874}, {"source": 52, "target": 101, "weight": 0.003636}, {"source": 52, "target": 79, "weight": 0.004762}, {"source": 52, "target": 118, "weight": 0.007407}, {"source": 52, "target": 104, "weight": 0.004255}, {"source": 52, "target": 109, "weight": 0.005495}, {"source": 52, "target": 120, "weight": 0.00274}, {"source": 52, "target": 132, "weight": 0.007092}, {"source": 52, "target": 113, "weight": 0.012048}, {"source": 52, "target": 115, "weight": 0.015873}, {"source": 53, "target": 101, "weight": 0.003205}, {"source": 53, "target": 104, "weight": 0.00738}, {"source": 53, "target": 105, "weight": 0.011236}, {"source": 53, "target": 106, "weight": 0.005848}, {"source": 53, "target": 65, "weight": 0.007194}, {"source": 53, "target": 116, "weight": 0.003717}, {"source": 53, "target": 71, "weight": 0.004926}, {"source": 53, "target": 120, "weight": 0.002488}, {"source": 53, "target": 77, "weight": 0.005464}, {"source": 53, "target": 79, "weight": 0.004049}, {"source": 53, "target": 134, "weight": 0.005}, {"source": 53, "target": 57, "weight": 0.007692}, {"source": 53, "target": 136, "weight": 0.003378}, {"source": 53, "target": 93, "weight": 0.006993}, {"source": 54, "target": 72, "weight": 0.015873}, {"source": 54, "target": 133, "weight": 0.03125}, {"source": 54, "target": 89, "weight": 0.015385}, {"source": 55, "target": 130, "weight": 0.017241}, {"source": 55, "target": 138, "weight": 0.008065}, {"source": 55, "target": 65, "weight": 0.004032}, {"source": 55, "target": 74, "weight": 0.010753}, {"source": 55, "target": 120, "weight": 0.005405}, {"source": 56, "target": 133, "weight": 0.02439}, {"source": 56, "target": 127, "weight": 0.070796}, {"source": 56, "target": 63, "weight": 0.025316}, {"source": 56, "target": 110, "weight": 0.021739}, {"source": 56, "target": 125, "weight": 0.020619}, {"source": 57, "target": 101, "weight": 0.006757}, {"source": 57, "target": 104, "weight": 0.011765}, {"source": 57, "target": 106, "weight": 0.00641}, {"source": 57, "target": 109, "weight": 0.030151}, {"source": 57, "target": 112, "weight": 0.005618}, {"source": 57, "target": 67, "weight": 0.013333}, {"source": 57, "target": 116, "weight": 0.007905}, {"source": 57, "target": 117, "weight": 0.006711}, {"source": 57, "target": 71, "weight": 0.010695}, {"source": 57, "target": 120, "weight": 0.010417}, {"source": 57, "target": 73, "weight": 0.005405}, {"source": 57, "target": 79, "weight": 0.017467}, {"source": 57, "target": 80, "weight": 0.01}, {"source": 57, "target": 129, "weight": 0.00463}, {"source": 57, "target": 132, "weight": 0.006135}, {"source": 57, "target": 91, "weight": 0.007692}, {"source": 57, "target": 134, "weight": 0.016393}, {"source": 57, "target": 87, "weight": 0.008264}, {"source": 57, "target": 93, "weight": 0.015748}, {"source": 57, "target": 58, "weight": 0.014493}, {"source": 57, "target": 136, "weight": 0.003559}, {"source": 57, "target": 60, "weight": 0.011905}, {"source": 57, "target": 63, "weight": 0.008264}, {"source": 57, "target": 139, "weight": 0.004902}, {"source": 58, "target": 63, "weight": 0.013333}, {"source": 59, "target": 134, "weight": 0.007463}, {"source": 59, "target": 79, "weight": 0.005525}, {"source": 59, "target": 60, "weight": 0.172414}, {"source": 59, "target": 94, "weight": 0.04}, {"source": 59, "target": 137, "weight": 0.090909}, {"source": 59, "target": 108, "weight": 0.021277}, {"source": 59, "target": 96, "weight": 0.027778}, {"source": 59, "target": 139, "weight": 0.033557}, {"source": 60, "target": 134, "weight": 0.006494}, {"source": 60, "target": 101, "weight": 0.003759}, {"source": 60, "target": 108, "weight": 0.030303}, {"source": 60, "target": 79, "weight": 0.01}, {"source": 60, "target": 120, "weight": 0.002809}, {"source": 60, "target": 139, "weight": 0.137255}, {"source": 61, "target": 120, "weight": 0.002976}, {"source": 62, "target": 127, "weight": 0.016}, {"source": 62, "target": 135, "weight": 0.016667}, {"source": 62, "target": 63, "weight": 0.011628}, {"source": 62, "target": 138, "weight": 0.009524}, {"source": 62, "target": 66, "weight": 0.01}, {"source": 62, "target": 125, "weight": 0.009615}, {"source": 63, "target": 106, "weight": 0.006173}, {"source": 63, "target": 107, "weight": 0.011628}, {"source": 63, "target": 109, "weight": 0.004762}, {"source": 63, "target": 110, "weight": 0.010753}, {"source": 63, "target": 111, "weight": 0.012658}, {"source": 63, "target": 113, "weight": 0.009009}, {"source": 63, "target": 71, "weight": 0.005155}, {"source": 63, "target": 73, "weight": 0.005236}, {"source": 63, "target": 125, "weight": 0.006897}, {"source": 63, "target": 75, "weight": 0.039474}, {"source": 63, "target": 127, "weight": 0.070064}, {"source": 63, "target": 128, "weight": 0.006803}, {"source": 63, "target": 134, "weight": 0.005236}, {"source": 63, "target": 87, "weight": 0.007874}, {"source": 63, "target": 129, "weight": 0.004505}, {"source": 64, "target": 100, "weight": 0.018868}, {"source": 65, "target": 101, "weight": 0.022883}, {"source": 65, "target": 102, "weight": 0.006667}, {"source": 65, "target": 103, "weight": 0.004032}, {"source": 65, "target": 104, "weight": 0.0175}, {"source": 65, "target": 105, "weight": 0.004484}, {"source": 65, "target": 106, "weight": 0.003279}, {"source": 65, "target": 107, "weight": 0.022222}, {"source": 65, "target": 108, "weight": 0.004049}, {"source": 65, "target": 109, "weight": 0.017241}, {"source": 65, "target": 112, "weight": 0.01548}, {"source": 65, "target": 113, "weight": 0.007905}, {"source": 65, "target": 66, "weight": 0.003521}, {"source": 65, "target": 115, "weight": 0.012931}, {"source": 65, "target": 116, "weight": 0.01}, {"source": 65, "target": 69, "weight": 0.004386}, {"source": 65, "target": 117, "weight": 0.003356}, {"source": 65, "target": 118, "weight": 0.016556}, {"source": 65, "target": 119, "weight": 0.004444}, {"source": 65, "target": 71, "weight": 0.005952}, {"source": 65, "target": 120, "weight": 0.018975}, {"source": 65, "target": 121, "weight": 0.009009}, {"source": 65, "target": 91, "weight": 0.018182}, {"source": 65, "target": 74, "weight": 0.003876}, {"source": 65, "target": 125, "weight": 0.003472}, {"source": 65, "target": 79, "weight": 0.043716}, {"source": 65, "target": 80, "weight": 0.004016}, {"source": 65, "target": 77, "weight": 0.003155}, {"source": 65, "target": 129, "weight": 0.00274}, {"source": 65, "target": 85, "weight": 0.004464}, {"source": 65, "target": 86, "weight": 0.003788}, {"source": 65, "target": 134, "weight": 0.006006}, {"source": 65, "target": 136, "weight": 0.016509}, {"source": 65, "target": 137, "weight": 0.011673}, {"source": 65, "target": 93, "weight": 0.014599}, {"source": 65, "target": 96, "weight": 0.004237}, {"source": 65, "target": 139, "weight": 0.008547}, {"source": 66, "target": 134, "weight": 0.009804}, {"source": 66, "target": 117, "weight": 0.011905}, {"source": 66, "target": 106, "weight": 0.023121}, {"source": 66, "target": 101, "weight": 0.003155}, {"source": 66, "target": 128, "weight": 0.006211}, {"source": 66, "target": 104, "weight": 0.007246}, {"source": 66, "target": 109, "weight": 0.013514}, {"source": 66, "target": 120, "weight": 0.068063}, {"source": 67, "target": 118, "weight": 0.008547}, {"source": 67, "target": 115, "weight": 0.022222}, {"source": 68, "target": 132, "weight": 0.008264}, {"source": 69, "target": 104, "weight": 0.009091}, {"source": 69, "target": 82, "weight": 0.066667}, {"source": 69, "target": 120, "weight": 0.002849}, {"source": 71, "target": 100, "weight": 0.017544}, {"source": 71, "target": 101, "weight": 0.013661}, {"source": 71, "target": 104, "weight": 0.006079}, {"source": 71, "target": 106, "weight": 0.008772}, {"source": 71, "target": 109, "weight": 0.007246}, {"source": 71, "target": 113, "weight": 0.005618}, {"source": 71, "target": 117, "weight": 0.00905}, {"source": 71, "target": 118, "weight": 0.004348}, {"source": 71, "target": 120, "weight": 0.008753}, {"source": 71, "target": 76, "weight": 0.007092}, {"source": 71, "target": 127, "weight": 0.004274}, {"source": 71, "target": 122, "weight": 0.006135}, {"source": 71, "target": 128, "weight": 0.004673}, {"source": 71, "target": 73, "weight": 0.011719}, {"source": 71, "target": 132, "weight": 0.017167}, {"source": 71, "target": 134, "weight": 0.007782}, {"source": 71, "target": 139, "weight": 0.00361}, {"source": 72, "target": 89, "weight": 0.727273}, {"source": 72, "target": 134, "weight": 0.005464}, {"source": 72, "target": 101, "weight": 0.00339}, {"source": 72, "target": 120, "weight": 0.002597}, {"source": 73, "target": 86, "weight": 0.309859}, {"source": 73, "target": 100, "weight": 0.005882}, {"source": 73, "target": 138, "weight": 0.009569}, {"source": 73, "target": 92, "weight": 0.026316}, {"source": 73, "target": 77, "weight": 0.025751}, {"source": 73, "target": 127, "weight": 0.004329}, {"source": 73, "target": 110, "weight": 0.012821}, {"source": 73, "target": 111, "weight": 0.014085}, {"source": 73, "target": 97, "weight": 0.006536}, {"source": 73, "target": 125, "weight": 0.009615}, {"source": 74, "target": 101, "weight": 0.013889}, {"source": 74, "target": 104, "weight": 0.008}, {"source": 74, "target": 106, "weight": 0.027211}, {"source": 74, "target": 109, "weight": 0.015306}, {"source": 74, "target": 112, "weight": 0.023669}, {"source": 74, "target": 116, "weight": 0.041841}, {"source": 74, "target": 120, "weight": 0.007916}, {"source": 74, "target": 79, "weight": 0.008889}, {"source": 74, "target": 134, "weight": 0.005587}, {"source": 74, "target": 87, "weight": 0.008696}, {"source": 74, "target": 93, "weight": 0.025}, {"source": 74, "target": 136, "weight": 0.007299}, {"source": 74, "target": 129, "weight": 0.009569}, {"source": 75, "target": 135, "weight": 0.019231}, {"source": 75, "target": 127, "weight": 0.008475}, {"source": 77, "target": 100, "weight": 0.033557}, {"source": 77, "target": 138, "weight": 0.021053}, {"source": 77, "target": 92, "weight": 0.045113}, {"source": 77, "target": 117, "weight": 0.015}, {"source": 77, "target": 101, "weight": 0.002857}, {"source": 77, "target": 118, "weight": 0.004762}, {"source": 77, "target": 120, "weight": 0.002273}, {"source": 77, "target": 124, "weight": 0.007407}, {"source": 77, "target": 125, "weight": 0.015789}, {"source": 78, "target": 106, "weight": 0.1}, {"source": 78, "target": 134, "weight": 0.022059}, {"source": 78, "target": 88, "weight": 0.333333}, {"source": 79, "target": 100, "weight": 0.004608}, {"source": 79, "target": 101, "weight": 0.007282}, {"source": 79, "target": 104, "weight": 0.03022}, {"source": 79, "target": 131, "weight": 0.005348}, {"source": 79, "target": 106, "weight": 0.007353}, {"source": 79, "target": 108, "weight": 0.004651}, {"source": 79, "target": 109, "weight": 0.076923}, {"source": 79, "target": 112, "weight": 0.049645}, {"source": 79, "target": 113, "weight": 0.004505}, {"source": 79, "target": 115, "weight": 0.015}, {"source": 79, "target": 116, "weight": 0.019178}, {"source": 79, "target": 117, "weight": 0.003759}, {"source": 79, "target": 118, "weight": 0.01476}, {"source": 79, "target": 120, "weight": 0.012024}, {"source": 79, "target": 121, "weight": 0.005236}, {"source": 79, "target": 80, "weight": 0.004608}, {"source": 79, "target": 128, "weight": 0.003876}, {"source": 79, "target": 129, "weight": 0.012121}, {"source": 79, "target": 83, "weight": 0.004975}, {"source": 79, "target": 91, "weight": 0.00813}, {"source": 79, "target": 88, "weight": 0.005348}, {"source": 79, "target": 134, "weight": 0.01}, {"source": 79, "target": 93, "weight": 0.037975}, {"source": 79, "target": 135, "weight": 0.004717}, {"source": 79, "target": 136, "weight": 0.023077}, {"source": 79, "target": 137, "weight": 0.090909}, {"source": 79, "target": 139, "weight": 0.00625}, {"source": 80, "target": 101, "weight": 0.003546}, {"source": 80, "target": 104, "weight": 0.004132}, {"source": 80, "target": 121, "weight": 0.016949}, {"source": 80, "target": 138, "weight": 0.008}, {"source": 81, "target": 101, "weight": 0.003876}, {"source": 82, "target": 104, "weight": 0.039604}, {"source": 82, "target": 128, "weight": 0.010753}, {"source": 82, "target": 136, "weight": 0.004292}, {"source": 82, "target": 93, "weight": 0.038462}, {"source": 82, "target": 120, "weight": 0.011905}, {"source": 83, "target": 135, "weight": 0.015625}, {"source": 83, "target": 101, "weight": 0.003759}, {"source": 83, "target": 104, "weight": 0.004425}, {"source": 84, "target": 132, "weight": 0.017699}, {"source": 84, "target": 101, "weight": 0.004032}, {"source": 84, "target": 124, "weight": 0.030303}, {"source": 85, "target": 108, "weight": 0.017241}, {"source": 85, "target": 139, "weight": 0.006098}, {"source": 86, "target": 101, "weight": 0.013605}, {"source": 86, "target": 92, "weight": 0.011765}, {"source": 86, "target": 104, "weight": 0.003891}, {"source": 87, "target": 106, "weight": 0.006173}, {"source": 87, "target": 134, "weight": 0.005236}, {"source": 87, "target": 101, "weight": 0.0033}, {"source": 87, "target": 104, "weight": 0.003802}, {"source": 87, "target": 122, "weight": 0.010417}, {"source": 87, "target": 128, "weight": 0.112782}, {"source": 87, "target": 130, "weight": 0.0125}, {"source": 87, "target": 132, "weight": 0.011905}, {"source": 87, "target": 109, "weight": 0.004762}, {"source": 87, "target": 120, "weight": 0.005102}, {"source": 88, "target": 134, "weight": 0.029197}, {"source": 88, "target": 106, "weight": 0.056604}, {"source": 88, "target": 118, "weight": 0.008929}, {"source": 88, "target": 109, "weight": 0.006289}, {"source": 88, "target": 112, "weight": 0.022901}, {"source": 89, "target": 116, "weight": 0.007905}, {"source": 89, "target": 134, "weight": 0.01087}, {"source": 89, "target": 101, "weight": 0.003367}, {"source": 89, "target": 120, "weight": 0.002584}, {"source": 90, "target": 91, "weight": 0.010753}, {"source": 90, "target": 105, "weight": 0.027027}, {"source": 90, "target": 101, "weight": 0.019531}, {"source": 91, "target": 101, "weight": 0.003205}, {"source": 91, "target": 104, "weight": 0.00738}, {"source": 91, "target": 109, "weight": 0.009174}, {"source": 91, "target": 112, "weight": 0.005181}, {"source": 91, "target": 120, "weight": 0.002488}, {"source": 91, "target": 122, "weight": 0.009524}, {"source": 91, "target": 128, "weight": 0.019481}, {"source": 91, "target": 129, "weight": 0.054545}, {"source": 91, "target": 132, "weight": 0.017045}, {"source": 91, "target": 134, "weight": 0.01005}, {"source": 91, "target": 96, "weight": 0.009804}, {"source": 91, "target": 139, "weight": 0.009174}, {"source": 92, "target": 100, "weight": 0.014286}, {"source": 92, "target": 138, "weight": 0.088235}, {"source": 92, "target": 113, "weight": 0.013333}, {"source": 93, "target": 100, "weight": 0.00885}, {"source": 93, "target": 101, "weight": 0.01634}, {"source": 93, "target": 104, "weight": 0.226244}, {"source": 93, "target": 109, "weight": 0.038095}, {"source": 93, "target": 113, "weight": 0.008475}, {"source": 93, "target": 117, "weight": 0.01875}, {"source": 93, "target": 120, "weight": 0.01519}, {"source": 93, "target": 121, "weight": 0.011494}, {"source": 93, "target": 125, "weight": 0.013245}, {"source": 93, "target": 127, "weight": 0.005747}, {"source": 93, "target": 128, "weight": 0.013072}, {"source": 93, "target": 139, "weight": 0.004608}, {"source": 94, "target": 139, "weight": 0.006061}, {"source": 96, "target": 108, "weight": 0.028986}, {"source": 96, "target": 134, "weight": 0.025974}, {"source": 96, "target": 135, "weight": 0.014925}, {"source": 96, "target": 128, "weight": 0.00885}, {"source": 96, "target": 109, "weight": 0.005682}, {"source": 96, "target": 120, "weight": 0.002786}, {"source": 96, "target": 139, "weight": 0.141935}, {"source": 97, "target": 127, "weight": 0.007752}, {"source": 97, "target": 106, "weight": 0.008065}, {"source": 97, "target": 132, "weight": 0.007634}, {"source": 97, "target": 113, "weight": 0.013699}, {"source": 98, "target": 120, "weight": 0.004843}, {"source": 98, "target": 127, "weight": 0.005319}, {"source": 100, "target": 116, "weight": 0.008403}, {"source": 100, "target": 138, "weight": 0.008}, {"source": 100, "target": 112, "weight": 0.012346}, {"source": 100, "target": 117, "weight": 0.007463}, {"source": 100, "target": 136, "weight": 0.003759}, {"source": 100, "target": 104, "weight": 0.004132}, {"source": 100, "target": 109, "weight": 0.005291}, {"source": 100, "target": 111, "weight": 0.017241}, {"source": 100, "target": 113, "weight": 0.22973}, {"source": 101, "target": 123, "weight": 0.004065}, {"source": 101, "target": 103, "weight": 0.003559}, {"source": 101, "target": 104, "weight": 0.018519}, {"source": 101, "target": 105, "weight": 0.003906}, {"source": 101, "target": 106, "weight": 0.01194}, {"source": 101, "target": 108, "weight": 0.007168}, {"source": 101, "target": 109, "weight": 0.010444}, {"source": 101, "target": 112, "weight": 0.031429}, {"source": 101, "target": 113, "weight": 0.006993}, {"source": 101, "target": 116, "weight": 0.07371}, {"source": 101, "target": 102, "weight": 0.006006}, {"source": 101, "target": 117, "weight": 0.009119}, {"source": 101, "target": 118, "weight": 0.00295}, {"source": 101, "target": 119, "weight": 0.003876}, {"source": 101, "target": 120, "weight": 0.017857}, {"source": 101, "target": 121, "weight": 0.003906}, {"source": 101, "target": 127, "weight": 0.002915}, {"source": 101, "target": 122, "weight": 0.003676}, {"source": 101, "target": 128, "weight": 0.006211}, {"source": 101, "target": 133, "weight": 0.003788}, {"source": 101, "target": 134, "weight": 0.008219}, {"source": 101, "target": 136, "weight": 0.01978}, {"source": 101, "target": 137, "weight": 0.003425}, {"source": 101, "target": 129, "weight": 0.023077}, {"source": 101, "target": 139, "weight": 0.015748}, {"source": 102, "target": 117, "weight": 0.074713}, {"source": 102, "target": 118, "weight": 0.005155}, {"source": 102, "target": 139, "weight": 0.004149}, {"source": 102, "target": 104, "weight": 0.003401}, {"source": 102, "target": 120, "weight": 0.002358}, {"source": 102, "target": 132, "weight": 0.005}, {"source": 102, "target": 115, "weight": 0.008197}, {"source": 103, "target": 104, "weight": 0.004149}, {"source": 103, "target": 128, "weight": 0.008}, {"source": 103, "target": 120, "weight": 0.016393}, {"source": 104, "target": 136, "weight": 0.168044}, {"source": 104, "target": 108, "weight": 0.004167}, {"source": 104, "target": 109, "weight": 0.029674}, {"source": 104, "target": 112, "weight": 0.025559}, {"source": 104, "target": 113, "weight": 0.00813}, {"source": 104, "target": 116, "weight": 0.031169}, {"source": 104, "target": 117, "weight": 0.013889}, {"source": 104, "target": 118, "weight": 0.010101}, {"source": 104, "target": 119, "weight": 0.004587}, {"source": 104, "target": 120, "weight": 0.043307}, {"source": 104, "target": 121, "weight": 0.00463}, {"source": 104, "target": 127, "weight": 0.006623}, {"source": 104, "target": 128, "weight": 0.059701}, {"source": 104, "target": 129, "weight": 0.011268}, {"source": 104, "target": 130, "weight": 0.009302}, {"source": 104, "target": 131, "weight": 0.004717}, {"source": 104, "target": 134, "weight": 0.003058}, {"source": 104, "target": 135, "weight": 0.004219}, {"source": 104, "target": 137, "weight": 0.003968}, {"source": 105, "target": 116, "weight": 0.004695}, {"source": 106, "target": 109, "weight": 0.016529}, {"source": 106, "target": 112, "weight": 0.009174}, {"source": 106, "target": 117, "weight": 0.015957}, {"source": 106, "target": 118, "weight": 0.005051}, {"source": 106, "target": 120, "weight": 0.021429}, {"source": 106, "target": 127, "weight": 0.00495}, {"source": 106, "target": 132, "weight": 0.009852}, {"source": 106, "target": 134, "weight": 0.247253}, {"source": 106, "target": 136, "weight": 0.006231}, {"source": 106, "target": 129, "weight": 0.011765}, {"source": 106, "target": 139, "weight": 0.008197}, {"source": 107, "target": 118, "weight": 0.008197}, {"source": 108, "target": 134, "weight": 0.011976}, {"source": 108, "target": 136, "weight": 0.003788}, {"source": 108, "target": 137, "weight": 0.010753}, {"source": 108, "target": 129, "weight": 0.005025}, {"source": 108, "target": 139, "weight": 0.08046}, {"source": 109, "target": 112, "weight": 0.098361}, {"source": 109, "target": 113, "weight": 0.005155}, {"source": 109, "target": 116, "weight": 0.02994}, {"source": 109, "target": 117, "weight": 0.008439}, {"source": 109, "target": 118, "weight": 0.004065}, {"source": 109, "target": 120, "weight": 0.010593}, {"source": 109, "target": 121, "weight": 0.006135}, {"source": 109, "target": 128, "weight": 0.004348}, {"source": 109, "target": 131, "weight": 0.059603}, {"source": 109, "target": 132, "weight": 0.007968}, {"source": 109, "target": 134, "weight": 0.007326}, {"source": 109, "target": 136, "weight": 0.022039}, {"source": 109, "target": 137, "weight": 0.005025}, {"source": 109, "target": 129, "weight": 0.013245}, {"source": 109, "target": 139, "weight": 0.010309}, {"source": 110, "target": 127, "weight": 0.030769}, {"source": 112, "target": 113, "weight": 0.018072}, {"source": 112, "target": 115, "weight": 0.013605}, {"source": 112, "target": 117, "weight": 0.009479}, {"source": 112, "target": 118, "weight": 0.110553}, {"source": 112, "target": 120, "weight": 0.008949}, {"source": 112, "target": 121, "weight": 0.007299}, {"source": 112, "target": 128, "weight": 0.004902}, {"source": 112, "target": 134, "weight": 0.004032}, {"source": 112, "target": 139, "weight": 0.003745}, {"source": 113, "target": 116, "weight": 0.00823}, {"source": 113, "target": 127, "weight": 0.006623}, {"source": 113, "target": 120, "weight": 0.002653}, {"source": 113, "target": 129, "weight": 0.004854}, {"source": 113, "target": 132, "weight": 0.006536}, {"source": 113, "target": 134, "weight": 0.017341}, {"source": 113, "target": 136, "weight": 0.00369}, {"source": 113, "target": 138, "weight": 0.007692}, {"source": 113, "target": 139, "weight": 0.005155}, {"source": 115, "target": 116, "weight": 0.008969}, {"source": 115, "target": 117, "weight": 0.008403}, {"source": 115, "target": 136, "weight": 0.003984}, {"source": 115, "target": 118, "weight": 0.267327}, {"source": 115, "target": 120, "weight": 0.005618}, {"source": 115, "target": 121, "weight": 0.022727}, {"source": 116, "target": 117, "weight": 0.054745}, {"source": 116, "target": 118, "weight": 0.010204}, {"source": 116, "target": 120, "weight": 0.013462}, {"source": 116, "target": 121, "weight": 0.004695}, {"source": 116, "target": 127, "weight": 0.003333}, {"source": 116, "target": 132, "weight": 0.003311}, {"source": 116, "target": 134, "weight": 0.006192}, {"source": 116, "target": 135, "weight": 0.008584}, {"source": 116, "target": 139, "weight": 0.008798}, {"source": 117, "target": 118, "weight": 0.005236}, {"source": 117, "target": 120, "weight": 0.004762}, {"source": 117, "target": 121, "weight": 0.009259}, {"source": 117, "target": 134, "weight": 0.009174}, {"source": 117, "target": 136, "weight": 0.295082}, {"source": 117, "target": 137, "weight": 0.006944}, {"source": 118, "target": 120, "weight": 0.011765}, {"source": 118, "target": 121, "weight": 0.008621}, {"source": 118, "target": 129, "weight": 0.007782}, {"source": 118, "target": 134, "weight": 0.013333}, {"source": 118, "target": 136, "weight": 0.006211}, {"source": 118, "target": 139, "weight": 0.020661}, {"source": 119, "target": 120, "weight": 0.002874}, {"source": 120, "target": 127, "weight": 0.002309}, {"source": 120, "target": 122, "weight": 0.011142}, {"source": 120, "target": 128, "weight": 0.014706}, {"source": 120, "target": 129, "weight": 0.006173}, {"source": 120, "target": 131, "weight": 0.002924}, {"source": 120, "target": 132, "weight": 0.018692}, {"source": 120, "target": 123, "weight": 0.002976}, {"source": 120, "target": 133, "weight": 0.002825}, {"source": 120, "target": 134, "weight": 0.011038}, {"source": 120, "target": 136, "weight": 0.020258}, {"source": 120, "target": 137, "weight": 0.005249}, {"source": 120, "target": 138, "weight": 0.002427}, {"source": 120, "target": 139, "weight": 0.008457}, {"source": 121, "target": 136, "weight": 0.008368}, {"source": 122, "target": 134, "weight": 0.012579}, {"source": 122, "target": 128, "weight": 0.044643}, {"source": 125, "target": 136, "weight": 0.003279}, {"source": 125, "target": 132, "weight": 0.005348}, {"source": 127, "target": 128, "weight": 0.010753}, {"source": 127, "target": 133, "weight": 0.007813}, {"source": 127, "target": 134, "weight": 0.004329}, {"source": 127, "target": 136, "weight": 0.006135}, {"source": 128, "target": 132, "weight": 0.005291}, {"source": 128, "target": 136, "weight": 0.006536}, {"source": 128, "target": 129, "weight": 0.008299}, {"source": 128, "target": 139, "weight": 0.004348}, {"source": 129, "target": 132, "weight": 0.108787}, {"source": 129, "target": 134, "weight": 0.003497}, {"source": 129, "target": 139, "weight": 0.003279}, {"source": 131, "target": 132, "weight": 0.017094}, {"source": 132, "target": 134, "weight": 0.017391}, {"source": 132, "target": 139, "weight": 0.007968}, {"source": 134, "target": 136, "weight": 0.005714}, {"source": 134, "target": 137, "weight": 0.005556}, {"source": 134, "target": 139, "weight": 0.065891}, {"source": 135, "target": 139, "weight": 0.010929}, {"source": 137, "target": 139, "weight": 0.036269}], "multigraph": false}