{"directed": false, "graph": {}, "nodes": [{"group": 0, "id": "teetering", "degree": 2}, {"group": 1, "id": "text", "degree": 27}, {"group": 2, "id": "tempera"}, {"group": 3, "id": "terminate"}, {"group": 4, "id": "tearjerker", "degree": 0}, {"group": 1, "id": "tenet", "degree": 12}, {"group": 5, "id": "tearful"}, {"group": 6, "id": "terrace"}, {"group": 7, "id": "tenuous", "degree": 20}, {"group": 2, "id": "tectonics", "degree": 12}, {"group": 8, "id": "tenable"}, {"group": 5, "id": "termagant"}, {"group": 2, "id": "textile"}, {"group": 1, "id": "teachy"}, {"group": 0, "id": "temblor", "degree": 6}, {"group": 9, "id": "testicles", "degree": 5}, {"group": 7, "id": "temporal"}, {"group": 6, "id": "technique", "degree": 19}, {"group": 7, "id": "teeming"}, {"group": 3, "id": "terminal"}, {"group": 10, "id": "testiness", "degree": 0}, {"group": 11, "id": "teenager", "degree": 3}, {"group": 12, "id": "telegram", "degree": 14}, {"group": 5, "id": "teary"}, {"group": 1, "id": "teaching", "degree": 15}, {"group": 7, "id": "tenacious"}, {"group": 7, "id": "tenderhearted"}, {"group": 8, "id": "tempter", "degree": 8}, {"group": 0, "id": "tergiversate", "degree": 8}, {"group": 7, "id": "terrestrial", "degree": 10}, {"group": 8, "id": "telling"}, {"group": 7, "id": "tetched"}, {"group": 12, "id": "teller"}, {"group": 3, "id": "term"}, {"group": 5, "id": "terrorize", "degree": 12}, {"group": 5, "id": "tear"}, {"group": 9, "id": "teat", "degree": 7}, {"group": 3, "id": "tenured"}, {"group": 7, "id": "tenderness"}, {"group": 2, "id": "team"}, {"group": 11, "id": "tendril"}, {"group": 1, "id": "terminology", "degree": 4}, {"group": 7, "id": "tedium", "degree": 8}, {"group": 7, "id": "temperance", "degree": 6}, {"group": 7, "id": "telescope", "degree": 10}, {"group": 0, "id": "ten"}, {"group": 7, "id": "tepid"}, {"group": 7, "id": "testing", "degree": 7}, {"group": 6, "id": "terrain", "degree": 26}, {"group": 6, "id": "telepathy"}, {"group": 2, "id": "tectology"}, {"group": 11, "id": "tempered"}, {"group": 13, "id": "terrifically"}, {"group": 7, "id": "tender", "degree": 40}, {"group": 6, "id": "tensility", "degree": 4}, {"group": 2, "id": "tether", "degree": 16}, {"group": 0, "id": "tempest", "degree": 3}, {"group": 5, "id": "terrify"}, {"group": 6, "id": "telltale"}, {"group": 8, "id": "temptation"}, {"group": 7, "id": "testify"}, {"group": 14, "id": "terrified", "degree": 5}, {"group": 2, "id": "tend"}, {"group": 5, "id": "teardrop", "degree": 13}, {"group": 2, "id": "tendency", "degree": 34}, {"group": 0, "id": "teeter"}, {"group": 15, "id": "tergiversation", "degree": 0}, {"group": 1, "id": "teens"}, {"group": 6, "id": "temple"}, {"group": 2, "id": "tent", "degree": 10}, {"group": 12, "id": "telephonics", "degree": 7}, {"group": 3, "id": "terms", "degree": 16}, {"group": 12, "id": "telecommunication"}, {"group": 12, "id": "telegraphy", "degree": 3}, {"group": 3, "id": "tempo"}, {"group": 7, "id": "tellurian", "degree": 24}, {"group": 7, "id": "tenement"}, {"group": 7, "id": "textured"}, {"group": 11, "id": "teach"}, {"group": 0, "id": "tenebrous"}, {"group": 11, "id": "teacher", "degree": 10}, {"group": 0, "id": "tented", "degree": 1}, {"group": 9, "id": "teeth"}, {"group": 8, "id": "tease"}, {"group": 11, "id": "technical", "degree": 13}, {"group": 7, "id": "telecast"}, {"group": 12, "id": "telephonic", "degree": 9}, {"group": 6, "id": "technics", "degree": 12}, {"group": 8, "id": "tempting", "degree": 7}, {"group": 1, "id": "testimony"}, {"group": 2, "id": "teleran"}, {"group": 11, "id": "teenybopper"}, {"group": 7, "id": "tenant", "degree": 4}, {"group": 0, "id": "tetanus", "degree": 8}, {"group": 14, "id": "terrorizing", "degree": 3}, {"group": 7, "id": "terse"}, {"group": 8, "id": "tempt", "degree": 9}, {"group": 8, "id": "teasing"}, {"group": 9, "id": "tenderloin"}, {"group": 2, "id": "texture"}, {"group": 11, "id": "teatime", "degree": 0}, {"group": 13, "id": "testable"}, {"group": 7, "id": "tertiary", "degree": 2}, {"group": 11, "id": "terminated"}, {"group": 7, "id": "teammate"}, {"group": 1, "id": "testimonial", "degree": 20}, {"group": 5, "id": "teratism", "degree": 16}, {"group": 6, "id": "tempering", "degree": 14}, {"group": 1, "id": "textual"}, {"group": 2, "id": "teamwork", "degree": 3}, {"group": 12, "id": "telegraph", "degree": 5}, {"group": 11, "id": "tea", "degree": 5}, {"group": 6, "id": "territory"}, {"group": 1, "id": "tell"}, {"group": 1, "id": "teleplay", "degree": 12}, {"group": 14, "id": "terrifying"}, {"group": 2, "id": "teem", "degree": 4}, {"group": 11, "id": "tenderfoot"}, {"group": 11, "id": "tenderize", "degree": 8}, {"group": 9, "id": "testes"}, {"group": 1, "id": "tester", "degree": 1}, {"group": 7, "id": "tessera", "degree": 6}, {"group": 7, "id": "tenacity"}, {"group": 12, "id": "tendon", "degree": 10}, {"group": 5, "id": "terror"}, {"group": 8, "id": "teaser"}, {"group": 16, "id": "tenderly", "degree": 0}, {"group": 1, "id": "televiewer", "degree": 5}, {"group": 2, "id": "temperament"}, {"group": 11, "id": "technician"}, {"group": 11, "id": "tearoom", "degree": 4}, {"group": 11, "id": "testator", "degree": 1}, {"group": 12, "id": "television"}, {"group": 3, "id": "terminus"}, {"group": 14, "id": "terroristic", "degree": 5}, {"group": 1, "id": "tercentenary", "degree": 4}, {"group": 2, "id": "temper", "degree": 48}, {"group": 7, "id": "telepathic", "degree": 3}, {"group": 7, "id": "temporize"}, {"group": 5, "id": "teamster", "degree": 1}, {"group": 12, "id": "telephone", "degree": 6}, {"group": 1, "id": "textbook"}, {"group": 14, "id": "terrible"}, {"group": 2, "id": "tenor"}, {"group": 6, "id": "technology"}, {"group": 7, "id": "tedious"}, {"group": 5, "id": "terrorist", "degree": 7}, {"group": 7, "id": "teachable", "degree": 8}, {"group": 7, "id": "tentative"}, {"group": 7, "id": "telemetry", "degree": 4}, {"group": 2, "id": "tessellate", "degree": 7}, {"group": 7, "id": "terrific"}, {"group": 7, "id": "testy", "degree": 4}, {"group": 14, "id": "tempestuous"}, {"group": 7, "id": "test"}, {"group": 9, "id": "terrorism", "degree": 5}, {"group": 5, "id": "teratology", "degree": 1}, {"group": 7, "id": "tension"}, {"group": 7, "id": "temporary", "degree": 17}, {"group": 7, "id": "tetchy", "degree": 12}, {"group": 6, "id": "technicality"}, {"group": 6, "id": "temerity", "degree": 3}, {"group": 3, "id": "termination", "degree": 12}, {"group": 13, "id": "terribly", "degree": 6}, {"group": 7, "id": "temperate", "degree": 20}, {"group": 8, "id": "temptress", "degree": 5}, {"group": 2, "id": "tested"}, {"group": 12, "id": "telex"}, {"group": 3, "id": "tenancy"}, {"group": 2, "id": "ternary"}, {"group": 3, "id": "tenure", "degree": 28}, {"group": 7, "id": "tense", "degree": 49}, {"group": 7, "id": "temperamental", "degree": 12}], "links": [{"source": 0, "target": 65, "weight": 0.081967}, {"source": 0, "target": 158, "weight": 0.024}, {"source": 0, "target": 28, "weight": 0.015385}, {"source": 0, "target": 8, "weight": 0.008621}, {"source": 0, "target": 148, "weight": 0.033708}, {"source": 1, "target": 22, "weight": 0.007042}, {"source": 1, "target": 128, "weight": 0.005076}, {"source": 1, "target": 121, "weight": 0.007194}, {"source": 1, "target": 141, "weight": 0.007874}, {"source": 1, "target": 5, "weight": 0.040268}, {"source": 1, "target": 9, "weight": 0.012422}, {"source": 1, "target": 53, "weight": 0.00551}, {"source": 1, "target": 117, "weight": 0.00578}, {"source": 1, "target": 144, "weight": 0.006897}, {"source": 1, "target": 64, "weight": 0.012931}, {"source": 1, "target": 13, "weight": 0.007576}, {"source": 1, "target": 143, "weight": 0.041509}, {"source": 1, "target": 15, "weight": 0.006897}, {"source": 1, "target": 105, "weight": 0.00905}, {"source": 1, "target": 17, "weight": 0.008929}, {"source": 1, "target": 99, "weight": 0.009259}, {"source": 1, "target": 62, "weight": 0.009756}, {"source": 1, "target": 19, "weight": 0.003953}, {"source": 1, "target": 63, "weight": 0.006452}, {"source": 1, "target": 82, "weight": 0.011561}, {"source": 1, "target": 154, "weight": 0.00905}, {"source": 1, "target": 24, "weight": 0.162921}, {"source": 1, "target": 67, "weight": 0.007407}, {"source": 1, "target": 112, "weight": 0.008264}, {"source": 1, "target": 113, "weight": 0.022901}, {"source": 1, "target": 114, "weight": 0.006098}, {"source": 1, "target": 157, "weight": 0.004878}, {"source": 1, "target": 71, "weight": 0.013514}, {"source": 1, "target": 119, "weight": 0.006897}, {"source": 1, "target": 48, "weight": 0.009009}, {"source": 1, "target": 39, "weight": 0.005}, {"source": 1, "target": 132, "weight": 0.00625}, {"source": 1, "target": 3, "weight": 0.005587}, {"source": 1, "target": 75, "weight": 0.006024}, {"source": 1, "target": 168, "weight": 0.006494}, {"source": 1, "target": 171, "weight": 0.006873}, {"source": 1, "target": 2, "weight": 0.006711}, {"source": 1, "target": 58, "weight": 0.016043}, {"source": 1, "target": 33, "weight": 0.029963}, {"source": 1, "target": 35, "weight": 0.00838}, {"source": 1, "target": 89, "weight": 0.013699}, {"source": 1, "target": 87, "weight": 0.006369}, {"source": 1, "target": 170, "weight": 0.005495}, {"source": 1, "target": 122, "weight": 0.005291}, {"source": 1, "target": 40, "weight": 0.005263}, {"source": 1, "target": 136, "weight": 0.006557}, {"source": 2, "target": 17, "weight": 0.00813}, {"source": 2, "target": 48, "weight": 0.016667}, {"source": 2, "target": 107, "weight": 0.009434}, {"source": 2, "target": 136, "weight": 0.014851}, {"source": 2, "target": 114, "weight": 0.016129}, {"source": 2, "target": 69, "weight": 0.02}, {"source": 3, "target": 14, "weight": 0.014286}, {"source": 3, "target": 34, "weight": 0.008333}, {"source": 3, "target": 96, "weight": 0.010309}, {"source": 3, "target": 63, "weight": 0.02439}, {"source": 3, "target": 171, "weight": 0.009132}, {"source": 3, "target": 170, "weight": 0.009091}, {"source": 3, "target": 53, "weight": 0.003425}, {"source": 3, "target": 162, "weight": 0.068627}, {"source": 3, "target": 55, "weight": 0.010638}, {"source": 3, "target": 136, "weight": 0.004274}, {"source": 3, "target": 92, "weight": 0.01087}, {"source": 5, "target": 13, "weight": 0.028571}, {"source": 5, "target": 17, "weight": 0.007813}, {"source": 5, "target": 73, "weight": 0.027778}, {"source": 5, "target": 9, "weight": 0.015385}, {"source": 5, "target": 167, "weight": 0.023256}, {"source": 5, "target": 99, "weight": 0.008333}, {"source": 5, "target": 154, "weight": 0.032787}, {"source": 5, "target": 108, "weight": 0.017544}, {"source": 5, "target": 143, "weight": 0.011299}, {"source": 5, "target": 30, "weight": 0.005155}, {"source": 5, "target": 24, "weight": 0.111111}, {"source": 6, "target": 63, "weight": 0.104167}, {"source": 7, "target": 29, "weight": 0.01087}, {"source": 7, "target": 147, "weight": 0.010101}, {"source": 7, "target": 48, "weight": 0.059211}, {"source": 7, "target": 75, "weight": 0.009709}, {"source": 7, "target": 171, "weight": 0.008772}, {"source": 7, "target": 170, "weight": 0.008403}, {"source": 7, "target": 53, "weight": 0.003322}, {"source": 7, "target": 162, "weight": 0.008547}, {"source": 8, "target": 95, "weight": 0.01227}, {"source": 8, "target": 158, "weight": 0.032432}, {"source": 8, "target": 44, "weight": 0.007752}, {"source": 8, "target": 147, "weight": 0.007937}, {"source": 8, "target": 148, "weight": 0.012295}, {"source": 8, "target": 35, "weight": 0.006192}, {"source": 8, "target": 159, "weight": 0.008475}, {"source": 8, "target": 16, "weight": 0.025806}, {"source": 8, "target": 85, "weight": 0.009709}, {"source": 8, "target": 26, "weight": 0.007937}, {"source": 8, "target": 75, "weight": 0.015504}, {"source": 8, "target": 171, "weight": 0.011811}, {"source": 8, "target": 18, "weight": 0.005128}, {"source": 8, "target": 77, "weight": 0.008929}, {"source": 8, "target": 30, "weight": 0.003922}, {"source": 8, "target": 53, "weight": 0.012308}, {"source": 8, "target": 40, "weight": 0.006494}, {"source": 8, "target": 79, "weight": 0.009091}, {"source": 8, "target": 84, "weight": 0.015152}, {"source": 8, "target": 172, "weight": 0.013333}, {"source": 9, "target": 157, "weight": 0.008621}, {"source": 9, "target": 33, "weight": 0.005405}, {"source": 9, "target": 112, "weight": 0.006494}, {"source": 9, "target": 71, "weight": 0.016667}, {"source": 9, "target": 143, "weight": 0.050562}, {"source": 9, "target": 48, "weight": 0.007463}, {"source": 9, "target": 50, "weight": 0.025}, {"source": 9, "target": 99, "weight": 0.387097}, {"source": 9, "target": 12, "weight": 0.084746}, {"source": 9, "target": 17, "weight": 0.030075}, {"source": 9, "target": 128, "weight": 0.068627}, {"source": 9, "target": 154, "weight": 0.007519}, {"source": 9, "target": 40, "weight": 0.009901}, {"source": 9, "target": 136, "weight": 0.033175}, {"source": 9, "target": 64, "weight": 0.05036}, {"source": 10, "target": 164, "weight": 0.013158}, {"source": 10, "target": 88, "weight": 0.036585}, {"source": 11, "target": 165, "weight": 0.014286}, {"source": 11, "target": 146, "weight": 0.506849}, {"source": 11, "target": 34, "weight": 0.008333}, {"source": 11, "target": 106, "weight": 0.035714}, {"source": 11, "target": 27, "weight": 0.013699}, {"source": 11, "target": 88, "weight": 0.00885}, {"source": 12, "target": 29, "weight": 0.017857}, {"source": 13, "target": 24, "weight": 0.011494}, {"source": 14, "target": 93, "weight": 0.098361}, {"source": 14, "target": 65, "weight": 0.018182}, {"source": 14, "target": 162, "weight": 0.014085}, {"source": 14, "target": 56, "weight": 0.125}, {"source": 14, "target": 57, "weight": 0.03125}, {"source": 15, "target": 119, "weight": 0.904762}, {"source": 15, "target": 106, "weight": 0.019231}, {"source": 15, "target": 160, "weight": 0.020833}, {"source": 15, "target": 36, "weight": 0.032258}, {"source": 15, "target": 82, "weight": 0.014706}, {"source": 15, "target": 64, "weight": 0.007813}, {"source": 16, "target": 29, "weight": 0.11236}, {"source": 16, "target": 158, "weight": 0.25}, {"source": 16, "target": 75, "weight": 0.078431}, {"source": 16, "target": 172, "weight": 0.048}, {"source": 16, "target": 64, "weight": 0.00565}, {"source": 16, "target": 136, "weight": 0.004016}, {"source": 16, "target": 92, "weight": 0.009346}, {"source": 17, "target": 43, "weight": 0.007407}, {"source": 17, "target": 93, "weight": 0.006711}, {"source": 17, "target": 47, "weight": 0.008403}, {"source": 17, "target": 48, "weight": 0.005076}, {"source": 17, "target": 54, "weight": 0.009174}, {"source": 17, "target": 144, "weight": 0.071429}, {"source": 17, "target": 64, "weight": 0.039801}, {"source": 17, "target": 145, "weight": 0.005464}, {"source": 17, "target": 143, "weight": 0.054852}, {"source": 17, "target": 128, "weight": 0.02381}, {"source": 17, "target": 99, "weight": 0.021277}, {"source": 17, "target": 19, "weight": 0.004405}, {"source": 17, "target": 82, "weight": 0.006757}, {"source": 17, "target": 24, "weight": 0.011173}, {"source": 17, "target": 113, "weight": 0.008333}, {"source": 17, "target": 160, "weight": 0.032}, {"source": 17, "target": 71, "weight": 0.00813}, {"source": 17, "target": 39, "weight": 0.005747}, {"source": 17, "target": 74, "weight": 0.00813}, {"source": 17, "target": 33, "weight": 0.008097}, {"source": 17, "target": 49, "weight": 0.016}, {"source": 17, "target": 107, "weight": 0.051724}, {"source": 17, "target": 132, "weight": 0.015038}, {"source": 17, "target": 123, "weight": 0.00885}, {"source": 17, "target": 133, "weight": 0.005076}, {"source": 17, "target": 34, "weight": 0.006024}, {"source": 17, "target": 35, "weight": 0.002994}, {"source": 17, "target": 38, "weight": 0.006944}, {"source": 17, "target": 87, "weight": 0.178571}, {"source": 17, "target": 170, "weight": 0.00641}, {"source": 17, "target": 136, "weight": 0.021818}, {"source": 17, "target": 41, "weight": 0.008621}, {"source": 18, "target": 159, "weight": 0.007463}, {"source": 18, "target": 171, "weight": 0.01487}, {"source": 18, "target": 53, "weight": 0.002907}, {"source": 18, "target": 162, "weight": 0.00625}, {"source": 18, "target": 136, "weight": 0.003497}, {"source": 18, "target": 172, "weight": 0.005988}, {"source": 19, "target": 71, "weight": 0.006623}, {"source": 19, "target": 123, "weight": 0.007092}, {"source": 19, "target": 158, "weight": 0.008811}, {"source": 19, "target": 93, "weight": 0.00565}, {"source": 19, "target": 147, "weight": 0.006098}, {"source": 19, "target": 61, "weight": 0.006667}, {"source": 19, "target": 75, "weight": 0.005952}, {"source": 19, "target": 171, "weight": 0.010274}, {"source": 19, "target": 170, "weight": 0.005435}, {"source": 19, "target": 162, "weight": 0.288732}, {"source": 19, "target": 64, "weight": 0.008511}, {"source": 21, "target": 53, "weight": 0.007937}, {"source": 21, "target": 84, "weight": 0.017241}, {"source": 21, "target": 40, "weight": 0.025641}, {"source": 21, "target": 117, "weight": 0.05}, {"source": 21, "target": 91, "weight": 0.259259}, {"source": 22, "target": 123, "weight": 0.068966}, {"source": 22, "target": 33, "weight": 0.006061}, {"source": 22, "target": 105, "weight": 0.00885}, {"source": 22, "target": 73, "weight": 0.041667}, {"source": 22, "target": 89, "weight": 0.026316}, {"source": 22, "target": 60, "weight": 0.016949}, {"source": 22, "target": 167, "weight": 0.230769}, {"source": 22, "target": 86, "weight": 0.052632}, {"source": 22, "target": 110, "weight": 0.333333}, {"source": 22, "target": 49, "weight": 0.023256}, {"source": 22, "target": 24, "weight": 0.010309}, {"source": 22, "target": 132, "weight": 0.061224}, {"source": 22, "target": 113, "weight": 0.012739}, {"source": 22, "target": 32, "weight": 0.02439}, {"source": 23, "target": 164, "weight": 0.013514}, {"source": 23, "target": 53, "weight": 0.015504}, {"source": 23, "target": 63, "weight": 0.104167}, {"source": 23, "target": 171, "weight": 0.005291}, {"source": 24, "target": 43, "weight": 0.008621}, {"source": 24, "target": 141, "weight": 0.012195}, {"source": 24, "target": 143, "weight": 0.004348}, {"source": 24, "target": 58, "weight": 0.006944}, {"source": 24, "target": 105, "weight": 0.00565}, {"source": 24, "target": 154, "weight": 0.00565}, {"source": 24, "target": 113, "weight": 0.02765}, {"source": 24, "target": 114, "weight": 0.008403}, {"source": 24, "target": 89, "weight": 0.009804}, {"source": 24, "target": 132, "weight": 0.008696}, {"source": 24, "target": 168, "weight": 0.009174}, {"source": 24, "target": 30, "weight": 0.004065}, {"source": 24, "target": 33, "weight": 0.017699}, {"source": 24, "target": 83, "weight": 0.004673}, {"source": 24, "target": 84, "weight": 0.008065}, {"source": 24, "target": 35, "weight": 0.006369}, {"source": 24, "target": 170, "weight": 0.007299}, {"source": 24, "target": 41, "weight": 0.010309}, {"source": 25, "target": 164, "weight": 0.005181}, {"source": 25, "target": 146, "weight": 0.005076}, {"source": 25, "target": 158, "weight": 0.004132}, {"source": 25, "target": 171, "weight": 0.036913}, {"source": 25, "target": 170, "weight": 0.005051}, {"source": 25, "target": 53, "weight": 0.01061}, {"source": 25, "target": 136, "weight": 0.006231}, {"source": 25, "target": 64, "weight": 0.004}, {"source": 26, "target": 164, "weight": 0.034884}, {"source": 26, "target": 137, "weight": 0.02}, {"source": 26, "target": 118, "weight": 0.018868}, {"source": 26, "target": 147, "weight": 0.042254}, {"source": 26, "target": 159, "weight": 0.081967}, {"source": 26, "target": 75, "weight": 0.012987}, {"source": 26, "target": 171, "weight": 0.004926}, {"source": 26, "target": 64, "weight": 0.006897}, {"source": 26, "target": 53, "weight": 0.15}, {"source": 26, "target": 136, "weight": 0.004608}, {"source": 26, "target": 172, "weight": 0.010204}, {"source": 27, "target": 165, "weight": 0.423077}, {"source": 27, "target": 83, "weight": 0.026667}, {"source": 27, "target": 97, "weight": 0.008065}, {"source": 27, "target": 125, "weight": 0.141026}, {"source": 27, "target": 88, "weight": 0.012658}, {"source": 27, "target": 96, "weight": 0.015873}, {"source": 27, "target": 124, "weight": 0.010638}, {"source": 28, "target": 33, "weight": 0.005348}, {"source": 28, "target": 133, "weight": 0.007353}, {"source": 28, "target": 158, "weight": 0.007194}, {"source": 28, "target": 148, "weight": 0.005128}, {"source": 28, "target": 65, "weight": 0.2}, {"source": 28, "target": 48, "weight": 0.007353}, {"source": 28, "target": 75, "weight": 0.012658}, {"source": 28, "target": 112, "weight": 0.00641}, {"source": 28, "target": 79, "weight": 0.016949}, {"source": 28, "target": 136, "weight": 0.004566}, {"source": 29, "target": 158, "weight": 0.007692}, {"source": 29, "target": 48, "weight": 0.007874}, {"source": 29, "target": 99, "weight": 0.008264}, {"source": 29, "target": 151, "weight": 0.011905}, {"source": 29, "target": 75, "weight": 0.092308}, {"source": 29, "target": 30, "weight": 0.005128}, {"source": 29, "target": 112, "weight": 0.006803}, {"source": 30, "target": 164, "weight": 0.004608}, {"source": 30, "target": 88, "weight": 0.041475}, {"source": 30, "target": 105, "weight": 0.003817}, {"source": 30, "target": 163, "weight": 0.004673}, {"source": 30, "target": 84, "weight": 0.004785}, {"source": 30, "target": 159, "weight": 0.005155}, {"source": 30, "target": 149, "weight": 0.005376}, {"source": 30, "target": 48, "weight": 0.003802}, {"source": 30, "target": 86, "weight": 0.005952}, {"source": 30, "target": 171, "weight": 0.009091}, {"source": 30, "target": 111, "weight": 0.004975}, {"source": 30, "target": 53, "weight": 0.002475}, {"source": 30, "target": 114, "weight": 0.004902}, {"source": 31, "target": 158, "weight": 0.007634}, {"source": 31, "target": 171, "weight": 0.005076}, {"source": 31, "target": 172, "weight": 0.01087}, {"source": 32, "target": 105, "weight": 0.016667}, {"source": 32, "target": 70, "weight": 0.033333}, {"source": 32, "target": 140, "weight": 0.029412}, {"source": 32, "target": 86, "weight": 0.037037}, {"source": 32, "target": 127, "weight": 0.029412}, {"source": 32, "target": 110, "weight": 0.032258}, {"source": 32, "target": 171, "weight": 0.005236}, {"source": 32, "target": 80, "weight": 0.027027}, {"source": 33, "target": 93, "weight": 0.005051}, {"source": 33, "target": 121, "weight": 0.006173}, {"source": 33, "target": 140, "weight": 0.006329}, {"source": 33, "target": 158, "weight": 0.004016}, {"source": 33, "target": 64, "weight": 0.015748}, {"source": 33, "target": 105, "weight": 0.004082}, {"source": 33, "target": 155, "weight": 0.005618}, {"source": 33, "target": 71, "weight": 0.042169}, {"source": 33, "target": 48, "weight": 0.012295}, {"source": 33, "target": 171, "weight": 0.025974}, {"source": 33, "target": 107, "weight": 0.008696}, {"source": 33, "target": 123, "weight": 0.012422}, {"source": 33, "target": 84, "weight": 0.005208}, {"source": 33, "target": 135, "weight": 0.006135}, {"source": 33, "target": 170, "weight": 0.040404}, {"source": 33, "target": 162, "weight": 0.228916}, {"source": 33, "target": 136, "weight": 0.01227}, {"source": 34, "target": 146, "weight": 0.008197}, {"source": 34, "target": 93, "weight": 0.008621}, {"source": 34, "target": 106, "weight": 0.010101}, {"source": 34, "target": 35, "weight": 0.106227}, {"source": 34, "target": 83, "weight": 0.015152}, {"source": 34, "target": 62, "weight": 0.006803}, {"source": 34, "target": 56, "weight": 0.010638}, {"source": 34, "target": 125, "weight": 0.007407}, {"source": 34, "target": 63, "weight": 0.010417}, {"source": 34, "target": 113, "weight": 0.004808}, {"source": 34, "target": 124, "weight": 0.044118}, {"source": 34, "target": 136, "weight": 0.00813}, {"source": 34, "target": 57, "weight": 0.077922}, {"source": 35, "target": 44, "weight": 0.01476}, {"source": 35, "target": 111, "weight": 0.003704}, {"source": 35, "target": 139, "weight": 0.004032}, {"source": 35, "target": 48, "weight": 0.003012}, {"source": 35, "target": 53, "weight": 0.002114}, {"source": 35, "target": 55, "weight": 0.003636}, {"source": 35, "target": 56, "weight": 0.007663}, {"source": 35, "target": 64, "weight": 0.008798}, {"source": 35, "target": 93, "weight": 0.003521}, {"source": 35, "target": 161, "weight": 0.004049}, {"source": 35, "target": 146, "weight": 0.003448}, {"source": 35, "target": 105, "weight": 0.006061}, {"source": 35, "target": 106, "weight": 0.003745}, {"source": 35, "target": 150, "weight": 0.003731}, {"source": 35, "target": 63, "weight": 0.099585}, {"source": 35, "target": 156, "weight": 0.004049}, {"source": 35, "target": 116, "weight": 0.003831}, {"source": 35, "target": 171, "weight": 0.01005}, {"source": 35, "target": 107, "weight": 0.003155}, {"source": 35, "target": 84, "weight": 0.003597}, {"source": 35, "target": 36, "weight": 0.004065}, {"source": 35, "target": 170, "weight": 0.003436}, {"source": 35, "target": 136, "weight": 0.007264}, {"source": 36, "target": 105, "weight": 0.009259}, {"source": 36, "target": 119, "weight": 0.032258}, {"source": 36, "target": 106, "weight": 0.022727}, {"source": 36, "target": 160, "weight": 0.025}, {"source": 36, "target": 98, "weight": 0.022222}, {"source": 36, "target": 64, "weight": 0.008333}, {"source": 36, "target": 44, "weight": 0.019608}, {"source": 37, "target": 170, "weight": 0.016393}, {"source": 38, "target": 43, "weight": 0.038462}, {"source": 38, "target": 121, "weight": 0.017241}, {"source": 38, "target": 53, "weight": 0.007092}, {"source": 38, "target": 107, "weight": 0.007874}, {"source": 38, "target": 136, "weight": 0.004444}, {"source": 39, "target": 123, "weight": 0.011364}, {"source": 39, "target": 71, "weight": 0.010204}, {"source": 39, "target": 48, "weight": 0.005814}, {"source": 39, "target": 150, "weight": 0.009259}, {"source": 39, "target": 75, "weight": 0.017544}, {"source": 39, "target": 171, "weight": 0.004149}, {"source": 39, "target": 109, "weight": 0.009524}, {"source": 39, "target": 55, "weight": 0.008696}, {"source": 39, "target": 136, "weight": 0.011858}, {"source": 39, "target": 64, "weight": 0.016575}, {"source": 39, "target": 69, "weight": 0.030303}, {"source": 40, "target": 123, "weight": 0.012821}, {"source": 40, "target": 158, "weight": 0.006061}, {"source": 40, "target": 111, "weight": 0.01}, {"source": 40, "target": 75, "weight": 0.009524}, {"source": 40, "target": 53, "weight": 0.0033}, {"source": 40, "target": 55, "weight": 0.009524}, {"source": 40, "target": 136, "weight": 0.008197}, {"source": 40, "target": 64, "weight": 0.011628}, {"source": 41, "target": 112, "weight": 0.007463}, {"source": 41, "target": 113, "weight": 0.006329}, {"source": 42, "target": 145, "weight": 0.035088}, {"source": 42, "target": 157, "weight": 0.055556}, {"source": 42, "target": 83, "weight": 0.005988}, {"source": 42, "target": 142, "weight": 0.005988}, {"source": 42, "target": 151, "weight": 0.011364}, {"source": 42, "target": 143, "weight": 0.005464}, {"source": 42, "target": 124, "weight": 0.009259}, {"source": 42, "target": 113, "weight": 0.005714}, {"source": 43, "target": 164, "weight": 0.011494}, {"source": 43, "target": 59, "weight": 0.014286}, {"source": 43, "target": 46, "weight": 0.017544}, {"source": 43, "target": 47, "weight": 0.018182}, {"source": 43, "target": 171, "weight": 0.00495}, {"source": 43, "target": 122, "weight": 0.030928}, {"source": 43, "target": 55, "weight": 0.013158}, {"source": 43, "target": 136, "weight": 0.009302}, {"source": 44, "target": 136, "weight": 0.004545}, {"source": 44, "target": 138, "weight": 0.019608}, {"source": 44, "target": 143, "weight": 0.005291}, {"source": 44, "target": 107, "weight": 0.008197}, {"source": 44, "target": 113, "weight": 0.005525}, {"source": 44, "target": 95, "weight": 0.017699}, {"source": 44, "target": 69, "weight": 0.015152}, {"source": 45, "target": 56, "weight": 0.032258}, {"source": 46, "target": 164, "weight": 0.254237}, {"source": 46, "target": 53, "weight": 0.007722}, {"source": 46, "target": 171, "weight": 0.010695}, {"source": 47, "target": 148, "weight": 0.092593}, {"source": 47, "target": 154, "weight": 0.093458}, {"source": 47, "target": 53, "weight": 0.003876}, {"source": 47, "target": 158, "weight": 0.016807}, {"source": 47, "target": 136, "weight": 0.005}, {"source": 48, "target": 95, "weight": 0.005814}, {"source": 48, "target": 128, "weight": 0.011905}, {"source": 48, "target": 140, "weight": 0.009346}, {"source": 48, "target": 98, "weight": 0.007634}, {"source": 48, "target": 143, "weight": 0.020576}, {"source": 48, "target": 144, "weight": 0.044248}, {"source": 48, "target": 64, "weight": 0.019704}, {"source": 48, "target": 147, "weight": 0.007463}, {"source": 48, "target": 99, "weight": 0.005291}, {"source": 48, "target": 112, "weight": 0.402597}, {"source": 48, "target": 113, "weight": 0.004184}, {"source": 48, "target": 69, "weight": 0.008065}, {"source": 48, "target": 160, "weight": 0.016}, {"source": 48, "target": 170, "weight": 0.013072}, {"source": 48, "target": 75, "weight": 0.007246}, {"source": 48, "target": 125, "weight": 0.012121}, {"source": 48, "target": 168, "weight": 0.007937}, {"source": 48, "target": 171, "weight": 0.003788}, {"source": 48, "target": 78, "weight": 0.008475}, {"source": 48, "target": 107, "weight": 0.011173}, {"source": 48, "target": 133, "weight": 0.005128}, {"source": 48, "target": 68, "weight": 0.008475}, {"source": 48, "target": 87, "weight": 0.04}, {"source": 48, "target": 136, "weight": 0.003597}, {"source": 49, "target": 137, "weight": 0.025}, {"source": 49, "target": 87, "weight": 0.017241}, {"source": 49, "target": 53, "weight": 0.003774}, {"source": 49, "target": 107, "weight": 0.009174}, {"source": 51, "target": 164, "weight": 0.013889}, {"source": 51, "target": 53, "weight": 0.011673}, {"source": 51, "target": 84, "weight": 0.031746}, {"source": 51, "target": 118, "weight": 0.027027}, {"source": 51, "target": 136, "weight": 0.01}, {"source": 52, "target": 163, "weight": 0.339286}, {"source": 53, "target": 137, "weight": 0.003968}, {"source": 53, "target": 138, "weight": 0.004}, {"source": 53, "target": 111, "weight": 0.007326}, {"source": 53, "target": 142, "weight": 0.002688}, {"source": 53, "target": 143, "weight": 0.002577}, {"source": 53, "target": 158, "weight": 0.005917}, {"source": 53, "target": 100, "weight": 0.003984}, {"source": 53, "target": 64, "weight": 0.002882}, {"source": 53, "target": 145, "weight": 0.012539}, {"source": 53, "target": 146, "weight": 0.003401}, {"source": 53, "target": 147, "weight": 0.014706}, {"source": 53, "target": 108, "weight": 0.003745}, {"source": 53, "target": 62, "weight": 0.006289}, {"source": 53, "target": 113, "weight": 0.016}, {"source": 53, "target": 153, "weight": 0.007273}, {"source": 53, "target": 130, "weight": 0.003922}, {"source": 53, "target": 116, "weight": 0.011407}, {"source": 53, "target": 54, "weight": 0.004032}, {"source": 53, "target": 118, "weight": 0.007874}, {"source": 53, "target": 152, "weight": 0.011111}, {"source": 53, "target": 159, "weight": 0.08502}, {"source": 53, "target": 166, "weight": 0.007273}, {"source": 53, "target": 125, "weight": 0.003257}, {"source": 53, "target": 171, "weight": 0.02267}, {"source": 53, "target": 80, "weight": 0.00346}, {"source": 53, "target": 95, "weight": 0.012903}, {"source": 53, "target": 164, "weight": 0.021053}, {"source": 53, "target": 128, "weight": 0.003226}, {"source": 53, "target": 75, "weight": 0.003584}, {"source": 53, "target": 148, "weight": 0.047619}, {"source": 53, "target": 76, "weight": 0.003922}, {"source": 53, "target": 84, "weight": 0.003546}, {"source": 53, "target": 91, "weight": 0.006897}, {"source": 53, "target": 136, "weight": 0.007194}, {"source": 53, "target": 172, "weight": 0.030822}, {"source": 54, "target": 113, "weight": 0.006623}, {"source": 54, "target": 64, "weight": 0.008475}, {"source": 55, "target": 123, "weight": 0.018519}, {"source": 55, "target": 116, "weight": 0.014925}, {"source": 55, "target": 58, "weight": 0.009615}, {"source": 55, "target": 96, "weight": 0.011905}, {"source": 55, "target": 98, "weight": 0.013514}, {"source": 55, "target": 62, "weight": 0.042735}, {"source": 55, "target": 166, "weight": 0.012821}, {"source": 55, "target": 125, "weight": 0.009174}, {"source": 55, "target": 169, "weight": 0.016667}, {"source": 55, "target": 112, "weight": 0.006329}, {"source": 55, "target": 136, "weight": 0.004525}, {"source": 56, "target": 93, "weight": 0.068493}, {"source": 56, "target": 83, "weight": 0.006211}, {"source": 57, "target": 136, "weight": 0.005102}, {"source": 57, "target": 106, "weight": 0.020833}, {"source": 58, "target": 161, "weight": 0.013158}, {"source": 58, "target": 105, "weight": 0.00625}, {"source": 58, "target": 73, "weight": 0.014085}, {"source": 58, "target": 86, "weight": 0.015152}, {"source": 58, "target": 64, "weight": 0.005814}, {"source": 58, "target": 96, "weight": 0.018868}, {"source": 58, "target": 107, "weight": 0.05}, {"source": 58, "target": 136, "weight": 0.004098}, {"source": 58, "target": 114, "weight": 0.009804}, {"source": 59, "target": 71, "weight": 0.017241}, {"source": 59, "target": 105, "weight": 0.015385}, {"source": 59, "target": 96, "weight": 0.082192}, {"source": 60, "target": 147, "weight": 0.012658}, {"source": 60, "target": 105, "weight": 0.021898}, {"source": 60, "target": 152, "weight": 0.013158}, {"source": 60, "target": 127, "weight": 0.019231}, {"source": 60, "target": 107, "weight": 0.008}, {"source": 60, "target": 136, "weight": 0.004484}, {"source": 60, "target": 114, "weight": 0.012346}, {"source": 61, "target": 145, "weight": 0.009434}, {"source": 61, "target": 151, "weight": 0.012987}, {"source": 61, "target": 142, "weight": 0.00641}, {"source": 61, "target": 171, "weight": 0.010638}, {"source": 61, "target": 115, "weight": 0.027027}, {"source": 62, "target": 164, "weight": 0.015267}, {"source": 62, "target": 116, "weight": 0.009346}, {"source": 62, "target": 118, "weight": 0.010309}, {"source": 62, "target": 105, "weight": 0.00565}, {"source": 62, "target": 96, "weight": 0.033058}, {"source": 62, "target": 75, "weight": 0.008264}, {"source": 62, "target": 63, "weight": 0.018349}, {"source": 62, "target": 114, "weight": 0.008403}, {"source": 62, "target": 170, "weight": 0.007299}, {"source": 62, "target": 136, "weight": 0.031496}, {"source": 62, "target": 64, "weight": 0.043956}, {"source": 63, "target": 143, "weight": 0.005587}, {"source": 63, "target": 125, "weight": 0.010204}, {"source": 63, "target": 136, "weight": 0.004762}, {"source": 63, "target": 128, "weight": 0.009901}, {"source": 63, "target": 113, "weight": 0.005848}, {"source": 63, "target": 64, "weight": 0.007246}, {"source": 64, "target": 150, "weight": 0.021429}, {"source": 64, "target": 143, "weight": 0.321429}, {"source": 64, "target": 105, "weight": 0.004878}, {"source": 64, "target": 106, "weight": 0.014286}, {"source": 64, "target": 99, "weight": 0.046875}, {"source": 64, "target": 82, "weight": 0.006369}, {"source": 64, "target": 154, "weight": 0.009804}, {"source": 64, "target": 112, "weight": 0.008889}, {"source": 64, "target": 68, "weight": 0.007752}, {"source": 64, "target": 69, "weight": 0.007407}, {"source": 64, "target": 157, "weight": 0.005319}, {"source": 64, "target": 160, "weight": 0.045455}, {"source": 64, "target": 119, "weight": 0.007813}, {"source": 64, "target": 65, "weight": 0.006803}, {"source": 64, "target": 123, "weight": 0.016529}, {"source": 64, "target": 166, "weight": 0.006849}, {"source": 64, "target": 168, "weight": 0.014706}, {"source": 64, "target": 171, "weight": 0.003636}, {"source": 64, "target": 128, "weight": 0.533898}, {"source": 64, "target": 107, "weight": 0.010526}, {"source": 64, "target": 133, "weight": 0.009756}, {"source": 64, "target": 75, "weight": 0.006711}, {"source": 64, "target": 85, "weight": 0.008197}, {"source": 64, "target": 170, "weight": 0.012195}, {"source": 64, "target": 90, "weight": 0.00885}, {"source": 64, "target": 136, "weight": 0.277533}, {"source": 64, "target": 172, "weight": 0.005882}, {"source": 65, "target": 158, "weight": 0.007194}, {"source": 65, "target": 96, "weight": 0.012195}, {"source": 65, "target": 136, "weight": 0.004566}, {"source": 68, "target": 75, "weight": 0.016393}, {"source": 68, "target": 158, "weight": 0.008264}, {"source": 68, "target": 161, "weight": 0.030303}, {"source": 69, "target": 143, "weight": 0.005682}, {"source": 69, "target": 150, "weight": 0.016667}, {"source": 69, "target": 171, "weight": 0.005181}, {"source": 69, "target": 128, "weight": 0.010204}, {"source": 69, "target": 122, "weight": 0.011111}, {"source": 69, "target": 136, "weight": 0.009709}, {"source": 70, "target": 157, "weight": 0.011765}, {"source": 70, "target": 132, "weight": 0.025}, {"source": 70, "target": 73, "weight": 0.166667}, {"source": 70, "target": 167, "weight": 0.105263}, {"source": 70, "target": 140, "weight": 0.454545}, {"source": 70, "target": 143, "weight": 0.006452}, {"source": 71, "target": 133, "weight": 0.008264}, {"source": 71, "target": 83, "weight": 0.006369}, {"source": 71, "target": 122, "weight": 0.011494}, {"source": 71, "target": 123, "weight": 0.027027}, {"source": 71, "target": 99, "weight": 0.008696}, {"source": 71, "target": 75, "weight": 0.015625}, {"source": 71, "target": 125, "weight": 0.01087}, {"source": 71, "target": 154, "weight": 0.008333}, {"source": 71, "target": 162, "weight": 0.012821}, {"source": 71, "target": 112, "weight": 0.007092}, {"source": 71, "target": 107, "weight": 0.009434}, {"source": 71, "target": 136, "weight": 0.004902}, {"source": 72, "target": 86, "weight": 0.2}, {"source": 73, "target": 167, "weight": 0.4375}, {"source": 73, "target": 110, "weight": 0.071429}, {"source": 73, "target": 140, "weight": 0.125}, {"source": 74, "target": 170, "weight": 0.0125}, {"source": 75, "target": 143, "weight": 0.005263}, {"source": 75, "target": 104, "weight": 0.015152}, {"source": 75, "target": 105, "weight": 0.007299}, {"source": 75, "target": 99, "weight": 0.007576}, {"source": 75, "target": 112, "weight": 0.006329}, {"source": 75, "target": 158, "weight": 0.021583}, {"source": 75, "target": 125, "weight": 0.009174}, {"source": 75, "target": 171, "weight": 0.004831}, {"source": 75, "target": 128, "weight": 0.018018}, {"source": 75, "target": 80, "weight": 0.010989}, {"source": 75, "target": 83, "weight": 0.005747}, {"source": 75, "target": 136, "weight": 0.009091}, {"source": 76, "target": 171, "weight": 0.005464}, {"source": 78, "target": 150, "weight": 0.018519}, {"source": 78, "target": 87, "weight": 0.019231}, {"source": 78, "target": 96, "weight": 0.015625}, {"source": 78, "target": 80, "weight": 0.028571}, {"source": 78, "target": 114, "weight": 0.016949}, {"source": 79, "target": 81, "weight": 0.025}, {"source": 80, "target": 129, "weight": 0.036145}, {"source": 80, "target": 132, "weight": 0.02381}, {"source": 80, "target": 104, "weight": 0.013158}, {"source": 80, "target": 84, "weight": 0.010638}, {"source": 80, "target": 131, "weight": 0.015873}, {"source": 80, "target": 127, "weight": 0.016667}, {"source": 82, "target": 171, "weight": 0.004651}, {"source": 82, "target": 170, "weight": 0.009524}, {"source": 82, "target": 155, "weight": 0.097222}, {"source": 83, "target": 130, "weight": 0.006667}, {"source": 83, "target": 165, "weight": 0.027211}, {"source": 83, "target": 116, "weight": 0.00625}, {"source": 83, "target": 105, "weight": 0.004348}, {"source": 83, "target": 106, "weight": 0.006024}, {"source": 83, "target": 152, "weight": 0.005988}, {"source": 83, "target": 159, "weight": 0.006173}, {"source": 83, "target": 96, "weight": 0.078788}, {"source": 83, "target": 146, "weight": 0.005291}, {"source": 83, "target": 171, "weight": 0.003333}, {"source": 83, "target": 170, "weight": 0.005263}, {"source": 83, "target": 107, "weight": 0.009302}, {"source": 83, "target": 114, "weight": 0.005814}, {"source": 84, "target": 103, "weight": 0.016393}, {"source": 84, "target": 117, "weight": 0.010989}, {"source": 84, "target": 147, "weight": 0.0125}, {"source": 84, "target": 95, "weight": 0.008475}, {"source": 84, "target": 108, "weight": 0.013889}, {"source": 84, "target": 129, "weight": 0.053333}, {"source": 84, "target": 91, "weight": 0.010417}, {"source": 85, "target": 171, "weight": 0.005556}, {"source": 86, "target": 132, "weight": 0.055556}, {"source": 86, "target": 167, "weight": 0.058824}, {"source": 86, "target": 110, "weight": 0.111111}, {"source": 86, "target": 113, "weight": 0.006944}, {"source": 87, "target": 157, "weight": 0.009009}, {"source": 87, "target": 132, "weight": 0.030769}, {"source": 87, "target": 107, "weight": 0.008772}, {"source": 87, "target": 160, "weight": 0.033898}, {"source": 87, "target": 154, "weight": 0.007813}, {"source": 87, "target": 112, "weight": 0.027397}, {"source": 87, "target": 144, "weight": 0.575758}, {"source": 88, "target": 165, "weight": 0.013158}, {"source": 88, "target": 97, "weight": 0.32}, {"source": 88, "target": 151, "weight": 0.008772}, {"source": 88, "target": 125, "weight": 0.007813}, {"source": 89, "target": 127, "weight": 0.032258}, {"source": 89, "target": 105, "weight": 0.166667}, {"source": 91, "target": 171, "weight": 0.004566}, {"source": 91, "target": 114, "weight": 0.010989}, {"source": 92, "target": 158, "weight": 0.007194}, {"source": 92, "target": 117, "weight": 0.011628}, {"source": 92, "target": 170, "weight": 0.010526}, {"source": 93, "target": 133, "weight": 0.006803}, {"source": 93, "target": 162, "weight": 0.009615}, {"source": 94, "target": 153, "weight": 0.020833}, {"source": 94, "target": 157, "weight": 0.011111}, {"source": 94, "target": 171, "weight": 0.00565}, {"source": 94, "target": 134, "weight": 0.625}, {"source": 94, "target": 115, "weight": 0.04}, {"source": 95, "target": 164, "weight": 0.016}, {"source": 95, "target": 147, "weight": 0.018182}, {"source": 95, "target": 159, "weight": 0.009709}, {"source": 95, "target": 171, "weight": 0.008333}, {"source": 95, "target": 162, "weight": 0.007752}, {"source": 95, "target": 107, "weight": 0.006369}, {"source": 95, "target": 172, "weight": 0.007353}, {"source": 96, "target": 165, "weight": 0.016667}, {"source": 96, "target": 125, "weight": 0.018018}, {"source": 97, "target": 165, "weight": 0.008264}, {"source": 98, "target": 111, "weight": 0.014493}, {"source": 98, "target": 171, "weight": 0.005}, {"source": 99, "target": 136, "weight": 0.034091}, {"source": 100, "target": 130, "weight": 0.034483}, {"source": 100, "target": 118, "weight": 0.034483}, {"source": 100, "target": 111, "weight": 0.324324}, {"source": 101, "target": 163, "weight": 0.015152}, {"source": 102, "target": 158, "weight": 0.009434}, {"source": 102, "target": 148, "weight": 0.006173}, {"source": 105, "target": 129, "weight": 0.007634}, {"source": 105, "target": 143, "weight": 0.008163}, {"source": 105, "target": 161, "weight": 0.009174}, {"source": 105, "target": 154, "weight": 0.005181}, {"source": 105, "target": 113, "weight": 0.012712}, {"source": 105, "target": 152, "weight": 0.007692}, {"source": 105, "target": 159, "weight": 0.008}, {"source": 105, "target": 132, "weight": 0.023256}, {"source": 105, "target": 127, "weight": 0.009434}, {"source": 105, "target": 128, "weight": 0.005952}, {"source": 105, "target": 164, "weight": 0.006757}, {"source": 105, "target": 142, "weight": 0.004348}, {"source": 105, "target": 135, "weight": 0.018182}, {"source": 105, "target": 136, "weight": 0.007246}, {"source": 106, "target": 156, "weight": 0.069767}, {"source": 106, "target": 146, "weight": 0.022989}, {"source": 106, "target": 119, "weight": 0.019231}, {"source": 106, "target": 160, "weight": 0.016393}, {"source": 106, "target": 129, "weight": 0.014925}, {"source": 106, "target": 128, "weight": 0.009615}, {"source": 106, "target": 124, "weight": 0.038462}, {"source": 106, "target": 136, "weight": 0.004695}, {"source": 107, "target": 133, "weight": 0.011173}, {"source": 107, "target": 128, "weight": 0.006494}, {"source": 107, "target": 138, "weight": 0.010638}, {"source": 107, "target": 162, "weight": 0.014706}, {"source": 107, "target": 143, "weight": 0.00431}, {"source": 107, "target": 136, "weight": 0.011494}, {"source": 108, "target": 163, "weight": 0.012987}, {"source": 108, "target": 171, "weight": 0.005128}, {"source": 108, "target": 136, "weight": 0.004785}, {"source": 109, "target": 136, "weight": 0.004739}, {"source": 109, "target": 169, "weight": 0.040816}, {"source": 110, "target": 132, "weight": 0.02439}, {"source": 110, "target": 123, "weight": 0.105263}, {"source": 110, "target": 167, "weight": 0.375}, {"source": 111, "target": 130, "weight": 0.019231}, {"source": 111, "target": 118, "weight": 0.019231}, {"source": 112, "target": 147, "weight": 0.006494}, {"source": 112, "target": 171, "weight": 0.003521}, {"source": 112, "target": 170, "weight": 0.029412}, {"source": 112, "target": 135, "weight": 0.007576}, {"source": 112, "target": 136, "weight": 0.003356}, {"source": 113, "target": 149, "weight": 0.006173}, {"source": 113, "target": 150, "weight": 0.005714}, {"source": 113, "target": 171, "weight": 0.003247}, {"source": 113, "target": 114, "weight": 0.011173}, {"source": 113, "target": 170, "weight": 0.010152}, {"source": 113, "target": 136, "weight": 0.003106}, {"source": 114, "target": 125, "weight": 0.009346}, {"source": 115, "target": 134, "weight": 0.111111}, {"source": 116, "target": 143, "weight": 0.005682}, {"source": 117, "target": 131, "weight": 0.016667}, {"source": 118, "target": 164, "weight": 0.014706}, {"source": 118, "target": 148, "weight": 0.00578}, {"source": 118, "target": 136, "weight": 0.025907}, {"source": 120, "target": 127, "weight": 0.058824}, {"source": 121, "target": 158, "weight": 0.008772}, {"source": 121, "target": 148, "weight": 0.005882}, {"source": 121, "target": 150, "weight": 0.021277}, {"source": 122, "target": 149, "weight": 0.011905}, {"source": 122, "target": 170, "weight": 0.016807}, {"source": 122, "target": 162, "weight": 0.008475}, {"source": 122, "target": 136, "weight": 0.00823}, {"source": 123, "target": 133, "weight": 0.009009}, {"source": 123, "target": 128, "weight": 0.011765}, {"source": 123, "target": 167, "weight": 0.074074}, {"source": 123, "target": 160, "weight": 0.02381}, {"source": 123, "target": 143, "weight": 0.006135}, {"source": 123, "target": 136, "weight": 0.005155}, {"source": 124, "target": 165, "weight": 0.010989}, {"source": 124, "target": 146, "weight": 0.393617}, {"source": 125, "target": 165, "weight": 0.146667}, {"source": 125, "target": 171, "weight": 0.004255}, {"source": 125, "target": 162, "weight": 0.00813}, {"source": 127, "target": 132, "weight": 0.022727}, {"source": 128, "target": 150, "weight": 0.029126}, {"source": 128, "target": 171, "weight": 0.004202}, {"source": 128, "target": 170, "weight": 0.007813}, {"source": 128, "target": 136, "weight": 0.338624}, {"source": 128, "target": 172, "weight": 0.007519}, {"source": 132, "target": 140, "weight": 0.022727}, {"source": 132, "target": 171, "weight": 0.004975}, {"source": 133, "target": 171, "weight": 0.01145}, {"source": 133, "target": 170, "weight": 0.006494}, {"source": 133, "target": 162, "weight": 0.416667}, {"source": 133, "target": 155, "weight": 0.007874}, {"source": 133, "target": 136, "weight": 0.00722}, {"source": 134, "target": 157, "weight": 0.010638}, {"source": 134, "target": 142, "weight": 0.006757}, {"source": 134, "target": 171, "weight": 0.005525}, {"source": 134, "target": 153, "weight": 0.019231}, {"source": 135, "target": 142, "weight": 0.006757}, {"source": 136, "target": 143, "weight": 0.149306}, {"source": 136, "target": 145, "weight": 0.007605}, {"source": 136, "target": 161, "weight": 0.005181}, {"source": 136, "target": 154, "weight": 0.007246}, {"source": 136, "target": 157, "weight": 0.003846}, {"source": 136, "target": 160, "weight": 0.009615}, {"source": 136, "target": 170, "weight": 0.004219}, {"source": 136, "target": 166, "weight": 0.004587}, {"source": 136, "target": 168, "weight": 0.004785}, {"source": 136, "target": 171, "weight": 0.020528}, {"source": 136, "target": 164, "weight": 0.008658}, {"source": 136, "target": 150, "weight": 0.014151}, {"source": 136, "target": 148, "weight": 0.002967}, {"source": 136, "target": 172, "weight": 0.004132}, {"source": 137, "target": 159, "weight": 0.02381}, {"source": 137, "target": 154, "weight": 0.009091}, {"source": 137, "target": 172, "weight": 0.013333}, {"source": 138, "target": 171, "weight": 0.028736}, {"source": 140, "target": 157, "weight": 0.011236}, {"source": 140, "target": 167, "weight": 0.086957}, {"source": 140, "target": 143, "weight": 0.006289}, {"source": 142, "target": 164, "weight": 0.005405}, {"source": 142, "target": 146, "weight": 0.010638}, {"source": 142, "target": 163, "weight": 0.005495}, {"source": 142, "target": 171, "weight": 0.003333}, {"source": 143, "target": 150, "weight": 0.016575}, {"source": 143, "target": 155, "weight": 0.005587}, {"source": 143, "target": 171, "weight": 0.003165}, {"source": 143, "target": 170, "weight": 0.004854}, {"source": 143, "target": 162, "weight": 0.004902}, {"source": 143, "target": 172, "weight": 0.004739}, {"source": 145, "target": 164, "weight": 0.022556}, {"source": 145, "target": 158, "weight": 0.005435}, {"source": 145, "target": 147, "weight": 0.008333}, {"source": 145, "target": 171, "weight": 0.016194}, {"source": 146, "target": 153, "weight": 0.010753}, {"source": 147, "target": 164, "weight": 0.011364}, {"source": 147, "target": 148, "weight": 0.010417}, {"source": 147, "target": 152, "weight": 0.014286}, {"source": 147, "target": 171, "weight": 0.004926}, {"source": 148, "target": 164, "weight": 0.02451}, {"source": 148, "target": 158, "weight": 0.228571}, {"source": 148, "target": 159, "weight": 0.005405}, {"source": 148, "target": 172, "weight": 0.009217}, {"source": 149, "target": 154, "weight": 0.017241}, {"source": 150, "target": 154, "weight": 0.007692}, {"source": 151, "target": 163, "weight": 0.009709}, {"source": 151, "target": 171, "weight": 0.004525}, {"source": 151, "target": 172, "weight": 0.008621}, {"source": 152, "target": 159, "weight": 0.105263}, {"source": 152, "target": 172, "weight": 0.078652}, {"source": 153, "target": 158, "weight": 0.007246}, {"source": 154, "target": 158, "weight": 0.010204}, {"source": 154, "target": 170, "weight": 0.006536}, {"source": 155, "target": 157, "weight": 0.018519}, {"source": 157, "target": 164, "weight": 0.007634}, {"source": 157, "target": 158, "weight": 0.005556}, {"source": 157, "target": 171, "weight": 0.051064}, {"source": 157, "target": 170, "weight": 0.014815}, {"source": 158, "target": 159, "weight": 0.007752}, {"source": 158, "target": 171, "weight": 0.003745}, {"source": 158, "target": 172, "weight": 0.031646}, {"source": 159, "target": 171, "weight": 0.005128}, {"source": 159, "target": 172, "weight": 0.096386}, {"source": 162, "target": 171, "weight": 0.013699}, {"source": 162, "target": 170, "weight": 0.009009}, {"source": 164, "target": 171, "weight": 0.018605}, {"source": 168, "target": 170, "weight": 0.30303}, {"source": 170, "target": 171, "weight": 0.013575}], "multigraph": false}