{"directed": false, "graph": {}, "nodes": [{"group": 0, "id": "thicken", "degree": 17}, {"group": 1, "id": "theft", "degree": 6}, {"group": 2, "id": "throttling", "degree": 2}, {"group": 3, "id": "thoughtful", "degree": 16}, {"group": 4, "id": "therapist", "degree": 0}, {"group": 5, "id": "through", "degree": 13}, {"group": 6, "id": "thanks", "degree": 5}, {"group": 7, "id": "thesis", "degree": 28}, {"group": 7, "id": "threshold", "degree": 12}, {"group": 11, "id": "thinkable", "degree": 0}, {"group": 0, "id": "thicket"}, {"group": 1, "id": "thumb", "degree": 13}, {"group": 3, "id": "thoughtfulness", "degree": 13}, {"group": 8, "id": "theurgy", "degree": 2}, {"group": 5, "id": "throaty", "degree": 22}, {"group": 6, "id": "thank"}, {"group": 9, "id": "thence"}, {"group": 3, "id": "thinking"}, {"group": 7, "id": "theorem"}, {"group": 7, "id": "thickening"}, {"group": 7, "id": "theme", "degree": 34}, {"group": 3, "id": "thinness"}, {"group": 2, "id": "thump", "degree": 34}, {"group": 3, "id": "theism", "degree": 0}, {"group": 9, "id": "then", "degree": 6}, {"group": 10, "id": "them"}, {"group": 5, "id": "thereby"}, {"group": 10, "id": "therapy"}, {"group": 10, "id": "they", "degree": 6}, {"group": 2, "id": "thumbprint", "degree": 9}, {"group": 0, "id": "thunderous", "degree": 5}, {"group": 7, "id": "thews"}, {"group": 2, "id": "thrill"}, {"group": 2, "id": "thimblerig"}, {"group": 5, "id": "thermal"}, {"group": 2, "id": "throbbing"}, {"group": 3, "id": "therapeutic"}, {"group": 12, "id": "thespian", "degree": 9}, {"group": 2, "id": "thwart", "degree": 20}, {"group": 2, "id": "thwarting"}, {"group": 12, "id": "thief", "degree": 1}, {"group": 2, "id": "thrumming"}, {"group": 10, "id": "theocracy"}, {"group": 3, "id": "thistle"}, {"group": 1, "id": "thievery"}, {"group": 3, "id": "thoroughness"}, {"group": 12, "id": "theatrical", "degree": 6}, {"group": 0, "id": "thunder"}, {"group": 13, "id": "throes"}, {"group": 12, "id": "theist", "degree": 1}, {"group": 5, "id": "thirst"}, {"group": 2, "id": "thickness"}, {"group": 5, "id": "thickset"}, {"group": 5, "id": "thunderstruck", "degree": 1}, {"group": 5, "id": "thinned"}, {"group": 0, "id": "thrifty", "degree": 9}, {"group": 0, "id": "thriving", "degree": 10}, {"group": 5, "id": "thereabouts", "degree": 5}, {"group": 0, "id": "thrive", "degree": 9}, {"group": 13, "id": "thrush"}, {"group": 3, "id": "theory"}, {"group": 14, "id": "thoroughfare", "degree": 5}, {"group": 7, "id": "thong"}, {"group": 2, "id": "throb"}, {"group": 7, "id": "thundercloud"}, {"group": 15, "id": "threatened", "degree": 0}, {"group": 7, "id": "threads"}, {"group": 2, "id": "thrust", "degree": 26}, {"group": 12, "id": "thrilling", "degree": 0}, {"group": 2, "id": "throw", "degree": 30}, {"group": 3, "id": "thrift"}, {"group": 0, "id": "throne"}, {"group": 0, "id": "throng", "degree": 6}, {"group": 3, "id": "theorize", "degree": 1}, {"group": 7, "id": "thread", "degree": 15}, {"group": 7, "id": "thing", "degree": 26}, {"group": 3, "id": "threat"}, {"group": 3, "id": "threesome", "degree": 2}, {"group": 3, "id": "think"}, {"group": 7, "id": "thinner", "degree": 9}, {"group": 9, "id": "thereafter", "degree": 3}, {"group": 7, "id": "throwback"}, {"group": 2, "id": "thrum"}, {"group": 5, "id": "thick", "degree": 25}, {"group": 5, "id": "throughout", "degree": 6}, {"group": 5, "id": "thoughtless", "degree": 2}, {"group": 8, "id": "thaumaturgy"}, {"group": 5, "id": "thankless", "degree": 3}, {"group": 5, "id": "threatening"}, {"group": 3, "id": "thriftiness"}, {"group": 9, "id": "therefore", "degree": 4}, {"group": 0, "id": "theatrics", "degree": 5}, {"group": 3, "id": "threaten", "degree": 22}, {"group": 10, "id": "themselves", "degree": 1}, {"group": 3, "id": "theoretical", "degree": 5}, {"group": 7, "id": "thingumabob"}, {"group": 5, "id": "thaw"}, {"group": 7, "id": "theatergoer"}, {"group": 1, "id": "thieving"}, {"group": 0, "id": "thousand"}, {"group": 5, "id": "threadlike", "degree": 11}, {"group": 16, "id": "thesaurus", "degree": 0}, {"group": 3, "id": "thatch"}, {"group": 2, "id": "thresh"}, {"group": 3, "id": "than", "degree": 1}, {"group": 5, "id": "thawing", "degree": 2}, {"group": 2, "id": "thorax"}, {"group": 3, "id": "theophany"}, {"group": 2, "id": "throttle", "degree": 4}, {"group": 2, "id": "thrashing", "degree": 16}, {"group": 3, "id": "thinker"}, {"group": 5, "id": "thin", "degree": 25}, {"group": 2, "id": "thrash"}, {"group": 5, "id": "threadbare"}, {"group": 5, "id": "thirsty", "degree": 8}, {"group": 7, "id": "thoroughbred"}, {"group": 2, "id": "thwack", "degree": 17}, {"group": 9, "id": "thus"}, {"group": 12, "id": "thug", "degree": 10}, {"group": 3, "id": "theistic", "degree": 0}, {"group": 5, "id": "thrilled"}, {"group": 2, "id": "throat"}, {"group": 2, "id": "thud"}, {"group": 3, "id": "thoroughly", "degree": 2}, {"group": 1, "id": "thieve"}, {"group": 2, "id": "thrall"}, {"group": 3, "id": "thorough"}, {"group": 7, "id": "thinning"}, {"group": 3, "id": "thermometer", "degree": 3}, {"group": 0, "id": "thundering", "degree": 13}, {"group": 14, "id": "thruway"}, {"group": 3, "id": "thunderbolt", "degree": 13}, {"group": 7, "id": "theatre"}, {"group": 9, "id": "though"}, {"group": 5, "id": "thickened"}, {"group": 0, "id": "thunderstorm", "degree": 3}, {"group": 5, "id": "thickheaded", "degree": 5}, {"group": 2, "id": "thumping", "degree": 16}, {"group": 12, "id": "thriller"}, {"group": 5, "id": "thanatosis"}, {"group": 7, "id": "theater", "degree": 27}, {"group": 7, "id": "third"}, {"group": 3, "id": "thorn", "degree": 24}, {"group": 13, "id": "thrombosis", "degree": 11}, {"group": 6, "id": "thanksgiving", "degree": 6}, {"group": 3, "id": "thought", "degree": 20}, {"group": 5, "id": "thorny", "degree": 9}, {"group": 7, "id": "things", "degree": 2}, {"group": 2, "id": "throwaway"}], "links": [{"source": 0, "target": 71, "weight": 0.036585}, {"source": 0, "target": 29, "weight": 0.013699}, {"source": 0, "target": 72, "weight": 0.017699}, {"source": 0, "target": 122, "weight": 0.014925}, {"source": 0, "target": 116, "weight": 0.008772}, {"source": 0, "target": 134, "weight": 0.025}, {"source": 0, "target": 124, "weight": 0.013158}, {"source": 0, "target": 67, "weight": 0.005348}, {"source": 0, "target": 126, "weight": 0.006289}, {"source": 0, "target": 52, "weight": 0.007937}, {"source": 0, "target": 103, "weight": 0.011236}, {"source": 0, "target": 111, "weight": 0.00304}, {"source": 0, "target": 22, "weight": 0.012121}, {"source": 0, "target": 112, "weight": 0.007463}, {"source": 0, "target": 113, "weight": 0.012658}, {"source": 0, "target": 10, "weight": 0.046154}, {"source": 0, "target": 83, "weight": 0.00346}, {"source": 0, "target": 58, "weight": 0.026667}, {"source": 1, "target": 48, "weight": 0.013158}, {"source": 1, "target": 32, "weight": 0.017544}, {"source": 1, "target": 98, "weight": 0.15}, {"source": 1, "target": 124, "weight": 0.066667}, {"source": 1, "target": 44, "weight": 0.225806}, {"source": 1, "target": 75, "weight": 0.006135}, {"source": 1, "target": 76, "weight": 0.021277}, {"source": 2, "target": 108, "weight": 0.037037}, {"source": 2, "target": 83, "weight": 0.003922}, {"source": 2, "target": 109, "weight": 0.021739}, {"source": 2, "target": 14, "weight": 0.009524}, {"source": 3, "target": 131, "weight": 0.009174}, {"source": 3, "target": 60, "weight": 0.016949}, {"source": 3, "target": 111, "weight": 0.002809}, {"source": 3, "target": 17, "weight": 0.135593}, {"source": 3, "target": 100, "weight": 0.00813}, {"source": 3, "target": 88, "weight": 0.015385}, {"source": 3, "target": 146, "weight": 0.009346}, {"source": 3, "target": 126, "weight": 0.056497}, {"source": 3, "target": 145, "weight": 0.061728}, {"source": 3, "target": 110, "weight": 0.010309}, {"source": 3, "target": 119, "weight": 0.009434}, {"source": 3, "target": 55, "weight": 0.031915}, {"source": 3, "target": 56, "weight": 0.008264}, {"source": 3, "target": 36, "weight": 0.010989}, {"source": 3, "target": 94, "weight": 0.022989}, {"source": 3, "target": 12, "weight": 0.025862}, {"source": 5, "target": 24, "weight": 0.009901}, {"source": 5, "target": 57, "weight": 0.02439}, {"source": 5, "target": 38, "weight": 0.008929}, {"source": 5, "target": 74, "weight": 0.009901}, {"source": 5, "target": 26, "weight": 0.194444}, {"source": 5, "target": 126, "weight": 0.027778}, {"source": 5, "target": 145, "weight": 0.004587}, {"source": 5, "target": 111, "weight": 0.003155}, {"source": 5, "target": 7, "weight": 0.007634}, {"source": 5, "target": 81, "weight": 0.016129}, {"source": 5, "target": 131, "weight": 0.014286}, {"source": 5, "target": 84, "weight": 0.095238}, {"source": 5, "target": 69, "weight": 0.012121}, {"source": 6, "target": 72, "weight": 0.010309}, {"source": 6, "target": 15, "weight": 0.030303}, {"source": 6, "target": 144, "weight": 0.935484}, {"source": 6, "target": 145, "weight": 0.004695}, {"source": 6, "target": 20, "weight": 0.007042}, {"source": 6, "target": 78, "weight": 0.010204}, {"source": 7, "target": 79, "weight": 0.008403}, {"source": 7, "target": 38, "weight": 0.005747}, {"source": 7, "target": 82, "weight": 0.007194}, {"source": 7, "target": 84, "weight": 0.009346}, {"source": 7, "target": 12, "weight": 0.007092}, {"source": 7, "target": 13, "weight": 0.008772}, {"source": 7, "target": 86, "weight": 0.008696}, {"source": 7, "target": 17, "weight": 0.019481}, {"source": 7, "target": 47, "weight": 0.004762}, {"source": 7, "target": 48, "weight": 0.012987}, {"source": 7, "target": 51, "weight": 0.007246}, {"source": 7, "target": 20, "weight": 0.166667}, {"source": 7, "target": 22, "weight": 0.009302}, {"source": 7, "target": 60, "weight": 0.043796}, {"source": 7, "target": 133, "weight": 0.009091}, {"source": 7, "target": 63, "weight": 0.025641}, {"source": 7, "target": 18, "weight": 0.140187}, {"source": 7, "target": 102, "weight": 0.008197}, {"source": 7, "target": 103, "weight": 0.007194}, {"source": 7, "target": 137, "weight": 0.006944}, {"source": 7, "target": 77, "weight": 0.007813}, {"source": 7, "target": 67, "weight": 0.008475}, {"source": 7, "target": 116, "weight": 0.006098}, {"source": 7, "target": 69, "weight": 0.008811}, {"source": 7, "target": 138, "weight": 0.007813}, {"source": 7, "target": 72, "weight": 0.006098}, {"source": 7, "target": 140, "weight": 0.010929}, {"source": 7, "target": 74, "weight": 0.037975}, {"source": 7, "target": 141, "weight": 0.008929}, {"source": 7, "target": 33, "weight": 0.007813}, {"source": 7, "target": 143, "weight": 0.007937}, {"source": 7, "target": 145, "weight": 0.029304}, {"source": 7, "target": 75, "weight": 0.0125}, {"source": 7, "target": 112, "weight": 0.005435}, {"source": 7, "target": 27, "weight": 0.007874}, {"source": 7, "target": 35, "weight": 0.018293}, {"source": 7, "target": 78, "weight": 0.012195}, {"source": 8, "target": 130, "weight": 0.011111}, {"source": 8, "target": 140, "weight": 0.020979}, {"source": 8, "target": 32, "weight": 0.006452}, {"source": 8, "target": 74, "weight": 0.008065}, {"source": 8, "target": 62, "weight": 0.012195}, {"source": 8, "target": 51, "weight": 0.010101}, {"source": 8, "target": 61, "weight": 0.010638}, {"source": 8, "target": 75, "weight": 0.004926}, {"source": 8, "target": 20, "weight": 0.005882}, {"source": 8, "target": 43, "weight": 0.01}, {"source": 8, "target": 69, "weight": 0.005291}, {"source": 8, "target": 45, "weight": 0.011628}, {"source": 10, "target": 72, "weight": 0.022989}, {"source": 10, "target": 116, "weight": 0.011364}, {"source": 10, "target": 22, "weight": 0.007143}, {"source": 11, "target": 48, "weight": 0.013514}, {"source": 11, "target": 116, "weight": 0.012048}, {"source": 11, "target": 32, "weight": 0.00885}, {"source": 11, "target": 63, "weight": 0.008475}, {"source": 11, "target": 124, "weight": 0.022222}, {"source": 11, "target": 44, "weight": 0.028571}, {"source": 11, "target": 78, "weight": 0.011905}, {"source": 11, "target": 145, "weight": 0.005025}, {"source": 11, "target": 98, "weight": 0.05}, {"source": 11, "target": 20, "weight": 0.007813}, {"source": 11, "target": 82, "weight": 0.017241}, {"source": 11, "target": 22, "weight": 0.014925}, {"source": 11, "target": 67, "weight": 0.00641}, {"source": 11, "target": 122, "weight": 0.057143}, {"source": 11, "target": 69, "weight": 0.013699}, {"source": 11, "target": 138, "weight": 0.021277}, {"source": 12, "target": 76, "weight": 0.013514}, {"source": 12, "target": 70, "weight": 0.054545}, {"source": 12, "target": 131, "weight": 0.0125}, {"source": 12, "target": 60, "weight": 0.045977}, {"source": 12, "target": 17, "weight": 0.039604}, {"source": 12, "target": 142, "weight": 0.009804}, {"source": 12, "target": 44, "weight": 0.015625}, {"source": 12, "target": 145, "weight": 0.085308}, {"source": 12, "target": 75, "weight": 0.015957}, {"source": 12, "target": 20, "weight": 0.012821}, {"source": 12, "target": 89, "weight": 0.055556}, {"source": 12, "target": 92, "weight": 0.007194}, {"source": 12, "target": 45, "weight": 0.088235}, {"source": 12, "target": 78, "weight": 0.027027}, {"source": 12, "target": 21, "weight": 0.013333}, {"source": 13, "target": 86, "weight": 0.85}, {"source": 13, "target": 32, "weight": 0.008696}, {"source": 14, "target": 37, "weight": 0.007353}, {"source": 14, "target": 114, "weight": 0.008197}, {"source": 14, "target": 118, "weight": 0.005464}, {"source": 14, "target": 83, "weight": 0.377049}, {"source": 14, "target": 84, "weight": 0.009709}, {"source": 14, "target": 46, "weight": 0.006849}, {"source": 14, "target": 52, "weight": 0.029762}, {"source": 14, "target": 17, "weight": 0.006579}, {"source": 14, "target": 88, "weight": 0.006667}, {"source": 14, "target": 134, "weight": 0.015873}, {"source": 14, "target": 57, "weight": 0.020408}, {"source": 14, "target": 130, "weight": 0.008}, {"source": 14, "target": 131, "weight": 0.007813}, {"source": 14, "target": 61, "weight": 0.007752}, {"source": 14, "target": 120, "weight": 0.008264}, {"source": 14, "target": 100, "weight": 0.014184}, {"source": 14, "target": 136, "weight": 0.010526}, {"source": 14, "target": 69, "weight": 0.004464}, {"source": 14, "target": 139, "weight": 0.009346}, {"source": 14, "target": 140, "weight": 0.011173}, {"source": 14, "target": 63, "weight": 0.010309}, {"source": 14, "target": 113, "weight": 0.008}, {"source": 14, "target": 145, "weight": 0.003623}, {"source": 14, "target": 146, "weight": 0.016}, {"source": 14, "target": 111, "weight": 0.013477}, {"source": 14, "target": 35, "weight": 0.012422}, {"source": 15, "target": 144, "weight": 0.030303}, {"source": 16, "target": 24, "weight": 0.123288}, {"source": 16, "target": 80, "weight": 0.090909}, {"source": 16, "target": 90, "weight": 0.380952}, {"source": 17, "target": 145, "weight": 0.244898}, {"source": 17, "target": 29, "weight": 0.011628}, {"source": 17, "target": 131, "weight": 0.010526}, {"source": 17, "target": 83, "weight": 0.003311}, {"source": 17, "target": 94, "weight": 0.027397}, {"source": 18, "target": 79, "weight": 0.021277}, {"source": 18, "target": 140, "weight": 0.008929}, {"source": 18, "target": 145, "weight": 0.029557}, {"source": 18, "target": 20, "weight": 0.014706}, {"source": 18, "target": 69, "weight": 0.00641}, {"source": 19, "target": 20, "weight": 0.008475}, {"source": 19, "target": 140, "weight": 0.010753}, {"source": 20, "target": 37, "weight": 0.00641}, {"source": 20, "target": 79, "weight": 0.007407}, {"source": 20, "target": 38, "weight": 0.010582}, {"source": 20, "target": 39, "weight": 0.007692}, {"source": 20, "target": 44, "weight": 0.007576}, {"source": 20, "target": 46, "weight": 0.006024}, {"source": 20, "target": 125, "weight": 0.006993}, {"source": 20, "target": 126, "weight": 0.004444}, {"source": 20, "target": 51, "weight": 0.006494}, {"source": 20, "target": 127, "weight": 0.007194}, {"source": 20, "target": 91, "weight": 0.007042}, {"source": 20, "target": 22, "weight": 0.00431}, {"source": 20, "target": 92, "weight": 0.009709}, {"source": 20, "target": 95, "weight": 0.007874}, {"source": 20, "target": 131, "weight": 0.006757}, {"source": 20, "target": 62, "weight": 0.014706}, {"source": 20, "target": 98, "weight": 0.008547}, {"source": 20, "target": 102, "weight": 0.014599}, {"source": 20, "target": 66, "weight": 0.007092}, {"source": 20, "target": 67, "weight": 0.024194}, {"source": 20, "target": 138, "weight": 0.021127}, {"source": 20, "target": 31, "weight": 0.008264}, {"source": 20, "target": 107, "weight": 0.005917}, {"source": 20, "target": 140, "weight": 0.015152}, {"source": 20, "target": 74, "weight": 0.011236}, {"source": 20, "target": 141, "weight": 0.015748}, {"source": 20, "target": 142, "weight": 0.005882}, {"source": 20, "target": 144, "weight": 0.007042}, {"source": 20, "target": 145, "weight": 0.020619}, {"source": 20, "target": 75, "weight": 0.044355}, {"source": 20, "target": 112, "weight": 0.005}, {"source": 20, "target": 27, "weight": 0.006993}, {"source": 20, "target": 78, "weight": 0.011111}, {"source": 21, "target": 145, "weight": 0.004673}, {"source": 22, "target": 48, "weight": 0.017045}, {"source": 22, "target": 38, "weight": 0.010204}, {"source": 22, "target": 116, "weight": 0.435115}, {"source": 22, "target": 41, "weight": 0.015038}, {"source": 22, "target": 54, "weight": 0.007143}, {"source": 22, "target": 131, "weight": 0.012987}, {"source": 22, "target": 122, "weight": 0.165289}, {"source": 22, "target": 47, "weight": 0.017391}, {"source": 22, "target": 124, "weight": 0.006711}, {"source": 22, "target": 51, "weight": 0.0125}, {"source": 22, "target": 52, "weight": 0.005025}, {"source": 22, "target": 91, "weight": 0.006711}, {"source": 22, "target": 115, "weight": 0.007092}, {"source": 22, "target": 96, "weight": 0.006849}, {"source": 22, "target": 62, "weight": 0.043165}, {"source": 22, "target": 63, "weight": 0.098522}, {"source": 22, "target": 103, "weight": 0.189781}, {"source": 22, "target": 137, "weight": 0.098039}, {"source": 22, "target": 29, "weight": 0.020833}, {"source": 22, "target": 67, "weight": 0.065306}, {"source": 22, "target": 108, "weight": 0.006173}, {"source": 22, "target": 69, "weight": 0.041322}, {"source": 22, "target": 138, "weight": 0.006623}, {"source": 22, "target": 140, "weight": 0.004831}, {"source": 22, "target": 32, "weight": 0.023474}, {"source": 22, "target": 33, "weight": 0.006623}, {"source": 22, "target": 142, "weight": 0.011364}, {"source": 22, "target": 109, "weight": 0.013158}, {"source": 22, "target": 143, "weight": 0.006711}, {"source": 22, "target": 145, "weight": 0.013333}, {"source": 22, "target": 75, "weight": 0.011407}, {"source": 22, "target": 111, "weight": 0.004988}, {"source": 22, "target": 112, "weight": 0.316456}, {"source": 22, "target": 35, "weight": 0.085714}, {"source": 22, "target": 82, "weight": 0.13986}, {"source": 23, "target": 145, "weight": 0.00495}, {"source": 24, "target": 123, "weight": 0.010526}, {"source": 24, "target": 80, "weight": 0.101449}, {"source": 24, "target": 133, "weight": 0.025316}, {"source": 24, "target": 117, "weight": 0.135135}, {"source": 24, "target": 75, "weight": 0.004717}, {"source": 24, "target": 90, "weight": 0.109589}, {"source": 24, "target": 84, "weight": 0.012987}, {"source": 24, "target": 104, "weight": 0.024691}, {"source": 25, "target": 93, "weight": 0.619048}, {"source": 25, "target": 28, "weight": 0.904762}, {"source": 26, "target": 84, "weight": 0.055556}, {"source": 27, "target": 28, "weight": 0.02}, {"source": 27, "target": 75, "weight": 0.005682}, {"source": 27, "target": 56, "weight": 0.012821}, {"source": 27, "target": 69, "weight": 0.006173}, {"source": 28, "target": 42, "weight": 0.030303}, {"source": 28, "target": 89, "weight": 0.032258}, {"source": 28, "target": 93, "weight": 0.619048}, {"source": 28, "target": 70, "weight": 0.03125}, {"source": 29, "target": 116, "weight": 0.021505}, {"source": 29, "target": 60, "weight": 0.013889}, {"source": 29, "target": 141, "weight": 0.02381}, {"source": 29, "target": 75, "weight": 0.005814}, {"source": 29, "target": 51, "weight": 0.014706}, {"source": 29, "target": 145, "weight": 0.009569}, {"source": 29, "target": 52, "weight": 0.009434}, {"source": 29, "target": 67, "weight": 0.005988}, {"source": 29, "target": 122, "weight": 0.043478}, {"source": 30, "target": 52, "weight": 0.010204}, {"source": 30, "target": 47, "weight": 0.031008}, {"source": 30, "target": 135, "weight": 0.033333}, {"source": 30, "target": 126, "weight": 0.007634}, {"source": 30, "target": 75, "weight": 0.006098}, {"source": 30, "target": 41, "weight": 0.030303}, {"source": 30, "target": 55, "weight": 0.05}, {"source": 30, "target": 137, "weight": 0.015152}, {"source": 30, "target": 129, "weight": 0.155172}, {"source": 30, "target": 56, "weight": 0.030769}, {"source": 30, "target": 83, "weight": 0.003831}, {"source": 30, "target": 35, "weight": 0.047059}, {"source": 30, "target": 111, "weight": 0.003322}, {"source": 32, "target": 116, "weight": 0.012195}, {"source": 32, "target": 74, "weight": 0.006098}, {"source": 32, "target": 142, "weight": 0.006452}, {"source": 32, "target": 143, "weight": 0.04065}, {"source": 32, "target": 67, "weight": 0.025751}, {"source": 32, "target": 146, "weight": 0.007634}, {"source": 32, "target": 111, "weight": 0.002632}, {"source": 32, "target": 137, "weight": 0.020979}, {"source": 32, "target": 92, "weight": 0.010471}, {"source": 32, "target": 69, "weight": 0.026786}, {"source": 33, "target": 38, "weight": 0.018519}, {"source": 33, "target": 137, "weight": 0.012658}, {"source": 33, "target": 67, "weight": 0.005814}, {"source": 33, "target": 69, "weight": 0.018634}, {"source": 34, "target": 111, "weight": 0.003367}, {"source": 35, "target": 116, "weight": 0.029851}, {"source": 35, "target": 56, "weight": 0.008547}, {"source": 35, "target": 109, "weight": 0.009709}, {"source": 35, "target": 143, "weight": 0.010101}, {"source": 35, "target": 67, "weight": 0.004762}, {"source": 35, "target": 137, "weight": 0.325843}, {"source": 35, "target": 129, "weight": 0.017241}, {"source": 35, "target": 38, "weight": 0.006803}, {"source": 35, "target": 83, "weight": 0.009677}, {"source": 35, "target": 69, "weight": 0.01}, {"source": 37, "target": 46, "weight": 0.719298}, {"source": 37, "target": 39, "weight": 0.016393}, {"source": 37, "target": 134, "weight": 0.012821}, {"source": 37, "target": 40, "weight": 0.013889}, {"source": 37, "target": 52, "weight": 0.00813}, {"source": 37, "target": 118, "weight": 0.007463}, {"source": 37, "target": 38, "weight": 0.008264}, {"source": 37, "target": 83, "weight": 0.003497}, {"source": 37, "target": 138, "weight": 0.027027}, {"source": 38, "target": 43, "weight": 0.016807}, {"source": 38, "target": 39, "weight": 0.066667}, {"source": 38, "target": 67, "weight": 0.004587}, {"source": 38, "target": 82, "weight": 0.008333}, {"source": 38, "target": 46, "weight": 0.007634}, {"source": 38, "target": 47, "weight": 0.005236}, {"source": 38, "target": 91, "weight": 0.009346}, {"source": 38, "target": 92, "weight": 0.011696}, {"source": 38, "target": 63, "weight": 0.005556}, {"source": 38, "target": 103, "weight": 0.008333}, {"source": 38, "target": 137, "weight": 0.008}, {"source": 38, "target": 81, "weight": 0.009524}, {"source": 38, "target": 116, "weight": 0.006897}, {"source": 38, "target": 69, "weight": 0.039604}, {"source": 38, "target": 108, "weight": 0.008333}, {"source": 38, "target": 142, "weight": 0.014925}, {"source": 38, "target": 109, "weight": 0.018182}, {"source": 38, "target": 145, "weight": 0.003831}, {"source": 38, "target": 75, "weight": 0.004484}, {"source": 38, "target": 112, "weight": 0.031056}, {"source": 39, "target": 46, "weight": 0.014085}, {"source": 39, "target": 109, "weight": 0.04}, {"source": 39, "target": 69, "weight": 0.006711}, {"source": 40, "target": 118, "weight": 0.165049}, {"source": 40, "target": 46, "weight": 0.012195}, {"source": 41, "target": 116, "weight": 0.024691}, {"source": 41, "target": 74, "weight": 0.012346}, {"source": 41, "target": 109, "weight": 0.020833}, {"source": 41, "target": 55, "weight": 0.027027}, {"source": 41, "target": 137, "weight": 0.166667}, {"source": 41, "target": 129, "weight": 0.032787}, {"source": 41, "target": 56, "weight": 0.016129}, {"source": 43, "target": 131, "weight": 0.012821}, {"source": 43, "target": 74, "weight": 0.009174}, {"source": 43, "target": 147, "weight": 0.013158}, {"source": 43, "target": 142, "weight": 0.16092}, {"source": 43, "target": 145, "weight": 0.004425}, {"source": 43, "target": 118, "weight": 0.007519}, {"source": 43, "target": 111, "weight": 0.003077}, {"source": 43, "target": 77, "weight": 0.013514}, {"source": 43, "target": 140, "weight": 0.007692}, {"source": 44, "target": 145, "weight": 0.004926}, {"source": 45, "target": 145, "weight": 0.024038}, {"source": 45, "target": 142, "weight": 0.011628}, {"source": 46, "target": 85, "weight": 0.004854}, {"source": 46, "target": 134, "weight": 0.011364}, {"source": 46, "target": 68, "weight": 0.009091}, {"source": 46, "target": 52, "weight": 0.007519}, {"source": 46, "target": 118, "weight": 0.006944}, {"source": 46, "target": 83, "weight": 0.003378}, {"source": 46, "target": 138, "weight": 0.02381}, {"source": 47, "target": 72, "weight": 0.005525}, {"source": 47, "target": 140, "weight": 0.004975}, {"source": 47, "target": 114, "weight": 0.006993}, {"source": 47, "target": 56, "weight": 0.006211}, {"source": 47, "target": 109, "weight": 0.006803}, {"source": 47, "target": 116, "weight": 0.022472}, {"source": 47, "target": 135, "weight": 0.016129}, {"source": 47, "target": 61, "weight": 0.006667}, {"source": 47, "target": 67, "weight": 0.02}, {"source": 47, "target": 74, "weight": 0.011173}, {"source": 47, "target": 91, "weight": 0.006993}, {"source": 47, "target": 55, "weight": 0.007353}, {"source": 47, "target": 137, "weight": 0.0125}, {"source": 47, "target": 129, "weight": 0.08}, {"source": 47, "target": 69, "weight": 0.012346}, {"source": 47, "target": 58, "weight": 0.006993}, {"source": 47, "target": 111, "weight": 0.002525}, {"source": 48, "target": 131, "weight": 0.010638}, {"source": 48, "target": 116, "weight": 0.024194}, {"source": 48, "target": 142, "weight": 0.017391}, {"source": 48, "target": 143, "weight": 0.289855}, {"source": 48, "target": 75, "weight": 0.009852}, {"source": 48, "target": 111, "weight": 0.002933}, {"source": 48, "target": 67, "weight": 0.015228}, {"source": 48, "target": 92, "weight": 0.019868}, {"source": 48, "target": 69, "weight": 0.005263}, {"source": 49, "target": 118, "weight": 0.027523}, {"source": 49, "target": 71, "weight": 0.017241}, {"source": 50, "target": 145, "weight": 0.004854}, {"source": 50, "target": 75, "weight": 0.011976}, {"source": 50, "target": 114, "weight": 0.039216}, {"source": 51, "target": 72, "weight": 0.009174}, {"source": 51, "target": 140, "weight": 0.031746}, {"source": 51, "target": 74, "weight": 0.018692}, {"source": 51, "target": 67, "weight": 0.016667}, {"source": 51, "target": 75, "weight": 0.010753}, {"source": 51, "target": 116, "weight": 0.018519}, {"source": 51, "target": 69, "weight": 0.017544}, {"source": 52, "target": 100, "weight": 0.007752}, {"source": 52, "target": 140, "weight": 0.012048}, {"source": 52, "target": 61, "weight": 0.008621}, {"source": 52, "target": 56, "weight": 0.007874}, {"source": 52, "target": 109, "weight": 0.00885}, {"source": 52, "target": 146, "weight": 0.00885}, {"source": 52, "target": 136, "weight": 0.012195}, {"source": 52, "target": 67, "weight": 0.004545}, {"source": 52, "target": 83, "weight": 0.125436}, {"source": 52, "target": 57, "weight": 0.023529}, {"source": 52, "target": 69, "weight": 0.004739}, {"source": 52, "target": 111, "weight": 0.002762}, {"source": 53, "target": 120, "weight": 0.015385}, {"source": 53, "target": 85, "weight": 0.005291}, {"source": 53, "target": 114, "weight": 0.030769}, {"source": 54, "target": 85, "weight": 0.00578}, {"source": 54, "target": 116, "weight": 0.011364}, {"source": 54, "target": 100, "weight": 0.224138}, {"source": 54, "target": 111, "weight": 0.070423}, {"source": 54, "target": 67, "weight": 0.006211}, {"source": 54, "target": 83, "weight": 0.003802}, {"source": 55, "target": 96, "weight": 0.020408}, {"source": 55, "target": 126, "weight": 0.022556}, {"source": 55, "target": 111, "weight": 0.026846}, {"source": 55, "target": 129, "weight": 0.028986}, {"source": 55, "target": 56, "weight": 0.044118}, {"source": 55, "target": 104, "weight": 0.026316}, {"source": 55, "target": 70, "weight": 0.028571}, {"source": 56, "target": 130, "weight": 0.0125}, {"source": 56, "target": 61, "weight": 0.011905}, {"source": 56, "target": 120, "weight": 0.013158}, {"source": 56, "target": 126, "weight": 0.00625}, {"source": 56, "target": 129, "weight": 0.021277}, {"source": 56, "target": 83, "weight": 0.043011}, {"source": 56, "target": 58, "weight": 0.012987}, {"source": 56, "target": 111, "weight": 0.006079}, {"source": 57, "target": 130, "weight": 0.025641}, {"source": 57, "target": 140, "weight": 0.010638}, {"source": 57, "target": 61, "weight": 0.023256}, {"source": 57, "target": 88, "weight": 0.031746}, {"source": 57, "target": 146, "weight": 0.025}, {"source": 57, "target": 92, "weight": 0.009901}, {"source": 57, "target": 83, "weight": 0.012146}, {"source": 57, "target": 84, "weight": 0.058824}, {"source": 58, "target": 72, "weight": 0.010309}, {"source": 58, "target": 82, "weight": 0.013889}, {"source": 58, "target": 91, "weight": 0.016949}, {"source": 58, "target": 129, "weight": 0.012987}, {"source": 58, "target": 92, "weight": 0.01626}, {"source": 58, "target": 78, "weight": 0.010204}, {"source": 59, "target": 143, "weight": 0.030769}, {"source": 60, "target": 131, "weight": 0.012346}, {"source": 60, "target": 145, "weight": 0.19171}, {"source": 60, "target": 75, "weight": 0.005236}, {"source": 61, "target": 71, "weight": 0.013514}, {"source": 61, "target": 130, "weight": 0.842105}, {"source": 61, "target": 74, "weight": 0.009709}, {"source": 61, "target": 88, "weight": 0.010638}, {"source": 61, "target": 67, "weight": 0.011364}, {"source": 61, "target": 75, "weight": 0.005495}, {"source": 61, "target": 140, "weight": 0.02459}, {"source": 61, "target": 83, "weight": 0.003584}, {"source": 62, "target": 140, "weight": 0.008929}, {"source": 62, "target": 74, "weight": 0.045455}, {"source": 62, "target": 142, "weight": 0.012195}, {"source": 62, "target": 75, "weight": 0.005882}, {"source": 62, "target": 116, "weight": 0.01087}, {"source": 63, "target": 116, "weight": 0.042683}, {"source": 63, "target": 109, "weight": 0.007353}, {"source": 63, "target": 143, "weight": 0.007576}, {"source": 63, "target": 67, "weight": 0.012448}, {"source": 63, "target": 111, "weight": 0.002597}, {"source": 63, "target": 137, "weight": 0.188976}, {"source": 63, "target": 129, "weight": 0.006667}, {"source": 63, "target": 92, "weight": 0.005076}, {"source": 63, "target": 83, "weight": 0.005814}, {"source": 63, "target": 69, "weight": 0.035242}, {"source": 64, "target": 74, "weight": 0.012658}, {"source": 66, "target": 75, "weight": 0.011561}, {"source": 66, "target": 111, "weight": 0.003215}, {"source": 66, "target": 74, "weight": 0.010526}, {"source": 66, "target": 147, "weight": 0.016129}, {"source": 67, "target": 121, "weight": 0.006536}, {"source": 67, "target": 83, "weight": 0.002611}, {"source": 67, "target": 122, "weight": 0.018868}, {"source": 67, "target": 124, "weight": 0.005882}, {"source": 67, "target": 91, "weight": 0.005882}, {"source": 67, "target": 92, "weight": 0.004255}, {"source": 67, "target": 130, "weight": 0.011628}, {"source": 67, "target": 96, "weight": 0.012048}, {"source": 67, "target": 102, "weight": 0.018293}, {"source": 67, "target": 103, "weight": 0.005464}, {"source": 67, "target": 137, "weight": 0.005319}, {"source": 67, "target": 116, "weight": 0.07732}, {"source": 67, "target": 69, "weight": 0.079051}, {"source": 67, "target": 138, "weight": 0.005814}, {"source": 67, "target": 72, "weight": 0.029557}, {"source": 67, "target": 140, "weight": 0.004386}, {"source": 67, "target": 74, "weight": 0.009709}, {"source": 67, "target": 142, "weight": 0.005051}, {"source": 67, "target": 145, "weight": 0.006192}, {"source": 67, "target": 75, "weight": 0.010563}, {"source": 67, "target": 111, "weight": 0.009524}, {"source": 67, "target": 76, "weight": 0.005882}, {"source": 67, "target": 112, "weight": 0.013274}, {"source": 67, "target": 78, "weight": 0.009615}, {"source": 67, "target": 82, "weight": 0.010989}, {"source": 69, "target": 79, "weight": 0.006494}, {"source": 69, "target": 116, "weight": 0.041667}, {"source": 69, "target": 110, "weight": 0.006452}, {"source": 69, "target": 82, "weight": 0.017442}, {"source": 69, "target": 121, "weight": 0.006944}, {"source": 69, "target": 83, "weight": 0.002674}, {"source": 69, "target": 122, "weight": 0.013245}, {"source": 69, "target": 91, "weight": 0.006211}, {"source": 69, "target": 92, "weight": 0.004425}, {"source": 69, "target": 131, "weight": 0.012048}, {"source": 69, "target": 102, "weight": 0.012821}, {"source": 69, "target": 103, "weight": 0.011561}, {"source": 69, "target": 137, "weight": 0.011236}, {"source": 69, "target": 81, "weight": 0.006289}, {"source": 69, "target": 108, "weight": 0.005747}, {"source": 69, "target": 107, "weight": 0.010695}, {"source": 69, "target": 140, "weight": 0.013825}, {"source": 69, "target": 142, "weight": 0.005291}, {"source": 69, "target": 145, "weight": 0.016077}, {"source": 69, "target": 75, "weight": 0.007246}, {"source": 69, "target": 76, "weight": 0.006211}, {"source": 69, "target": 112, "weight": 0.013825}, {"source": 69, "target": 78, "weight": 0.01005}, {"source": 69, "target": 148, "weight": 0.006993}, {"source": 70, "target": 142, "weight": 0.014286}, {"source": 70, "target": 145, "weight": 0.005102}, {"source": 70, "target": 104, "weight": 0.035714}, {"source": 71, "target": 140, "weight": 0.008}, {"source": 72, "target": 96, "weight": 0.010638}, {"source": 72, "target": 108, "weight": 0.018349}, {"source": 72, "target": 74, "weight": 0.007463}, {"source": 72, "target": 99, "weight": 0.023529}, {"source": 72, "target": 109, "weight": 0.009901}, {"source": 72, "target": 144, "weight": 0.010309}, {"source": 72, "target": 77, "weight": 0.010101}, {"source": 72, "target": 92, "weight": 0.006173}, {"source": 72, "target": 78, "weight": 0.007353}, {"source": 72, "target": 111, "weight": 0.005731}, {"source": 73, "target": 78, "weight": 0.053333}, {"source": 74, "target": 82, "weight": 0.028037}, {"source": 74, "target": 83, "weight": 0.003236}, {"source": 74, "target": 84, "weight": 0.012987}, {"source": 74, "target": 126, "weight": 0.005587}, {"source": 74, "target": 92, "weight": 0.006211}, {"source": 74, "target": 130, "weight": 0.010101}, {"source": 74, "target": 96, "weight": 0.010753}, {"source": 74, "target": 100, "weight": 0.008621}, {"source": 74, "target": 81, "weight": 0.021505}, {"source": 74, "target": 140, "weight": 0.019737}, {"source": 74, "target": 75, "weight": 0.004717}, {"source": 74, "target": 111, "weight": 0.008646}, {"source": 75, "target": 115, "weight": 0.005988}, {"source": 75, "target": 126, "weight": 0.003876}, {"source": 75, "target": 118, "weight": 0.004237}, {"source": 75, "target": 124, "weight": 0.005714}, {"source": 75, "target": 106, "weight": 0.006369}, {"source": 75, "target": 92, "weight": 0.004167}, {"source": 75, "target": 77, "weight": 0.011364}, {"source": 75, "target": 95, "weight": 0.095238}, {"source": 75, "target": 131, "weight": 0.005525}, {"source": 75, "target": 116, "weight": 0.009434}, {"source": 75, "target": 138, "weight": 0.00565}, {"source": 75, "target": 140, "weight": 0.008621}, {"source": 75, "target": 141, "weight": 0.006211}, {"source": 75, "target": 143, "weight": 0.005714}, {"source": 75, "target": 145, "weight": 0.015385}, {"source": 75, "target": 111, "weight": 0.002336}, {"source": 75, "target": 78, "weight": 0.00939}, {"source": 75, "target": 82, "weight": 0.005319}, {"source": 76, "target": 145, "weight": 0.033816}, {"source": 76, "target": 92, "weight": 0.01626}, {"source": 78, "target": 111, "weight": 0.005714}, {"source": 78, "target": 142, "weight": 0.007937}, {"source": 78, "target": 144, "weight": 0.010204}, {"source": 78, "target": 145, "weight": 0.032653}, {"source": 78, "target": 146, "weight": 0.009804}, {"source": 78, "target": 92, "weight": 0.051282}, {"source": 78, "target": 83, "weight": 0.006452}, {"source": 79, "target": 140, "weight": 0.009091}, {"source": 79, "target": 145, "weight": 0.004854}, {"source": 79, "target": 127, "weight": 0.041667}, {"source": 79, "target": 111, "weight": 0.003279}, {"source": 79, "target": 96, "weight": 0.020408}, {"source": 80, "target": 117, "weight": 0.083333}, {"source": 80, "target": 90, "weight": 0.095238}, {"source": 81, "target": 145, "weight": 0.004739}, {"source": 82, "target": 109, "weight": 0.013158}, {"source": 82, "target": 143, "weight": 0.013889}, {"source": 82, "target": 137, "weight": 0.338235}, {"source": 82, "target": 129, "weight": 0.022472}, {"source": 82, "target": 116, "weight": 0.067308}, {"source": 83, "target": 114, "weight": 0.003676}, {"source": 83, "target": 120, "weight": 0.007407}, {"source": 83, "target": 118, "weight": 0.006024}, {"source": 83, "target": 131, "weight": 0.003597}, {"source": 83, "target": 84, "weight": 0.007937}, {"source": 83, "target": 85, "weight": 0.007634}, {"source": 83, "target": 88, "weight": 0.006689}, {"source": 83, "target": 126, "weight": 0.011364}, {"source": 83, "target": 92, "weight": 0.002967}, {"source": 83, "target": 130, "weight": 0.003636}, {"source": 83, "target": 96, "weight": 0.003717}, {"source": 83, "target": 134, "weight": 0.120968}, {"source": 83, "target": 100, "weight": 0.017361}, {"source": 83, "target": 136, "weight": 0.004082}, {"source": 83, "target": 113, "weight": 0.010989}, {"source": 83, "target": 139, "weight": 0.003891}, {"source": 83, "target": 140, "weight": 0.006079}, {"source": 83, "target": 142, "weight": 0.003333}, {"source": 83, "target": 145, "weight": 0.002347}, {"source": 83, "target": 146, "weight": 0.014652}, {"source": 83, "target": 111, "weight": 0.0499}, {"source": 84, "target": 111, "weight": 0.003413}, {"source": 85, "target": 87, "weight": 0.005618}, {"source": 85, "target": 100, "weight": 0.00495}, {"source": 85, "target": 111, "weight": 0.013953}, {"source": 87, "target": 88, "weight": 0.012048}, {"source": 87, "target": 111, "weight": 0.003247}, {"source": 88, "target": 142, "weight": 0.008696}, {"source": 88, "target": 140, "weight": 0.006897}, {"source": 88, "target": 145, "weight": 0.004149}, {"source": 88, "target": 146, "weight": 0.010989}, {"source": 88, "target": 92, "weight": 0.006579}, {"source": 89, "target": 145, "weight": 0.005128}, {"source": 89, "target": 142, "weight": 0.014493}, {"source": 90, "target": 117, "weight": 0.347826}, {"source": 91, "target": 107, "weight": 0.011628}, {"source": 91, "target": 145, "weight": 0.004695}, {"source": 91, "target": 116, "weight": 0.010309}, {"source": 92, "target": 121, "weight": 0.009346}, {"source": 92, "target": 118, "weight": 0.01087}, {"source": 92, "target": 129, "weight": 0.007042}, {"source": 92, "target": 102, "weight": 0.008333}, {"source": 92, "target": 142, "weight": 0.026846}, {"source": 92, "target": 145, "weight": 0.00722}, {"source": 92, "target": 111, "weight": 0.002653}, {"source": 92, "target": 112, "weight": 0.005495}, {"source": 94, "target": 124, "weight": 0.022727}, {"source": 94, "target": 126, "weight": 0.007874}, {"source": 94, "target": 145, "weight": 0.010152}, {"source": 94, "target": 111, "weight": 0.003367}, {"source": 96, "target": 116, "weight": 0.010638}, {"source": 96, "target": 111, "weight": 0.050847}, {"source": 96, "target": 100, "weight": 0.013158}, {"source": 96, "target": 105, "weight": 0.09375}, {"source": 97, "target": 140, "weight": 0.03125}, {"source": 98, "target": 145, "weight": 0.005319}, {"source": 99, "target": 140, "weight": 0.009434}, {"source": 100, "target": 134, "weight": 0.024096}, {"source": 100, "target": 131, "weight": 0.011765}, {"source": 100, "target": 146, "weight": 0.02439}, {"source": 100, "target": 145, "weight": 0.004292}, {"source": 100, "target": 111, "weight": 0.132653}, {"source": 102, "target": 140, "weight": 0.00885}, {"source": 102, "target": 128, "weight": 0.037037}, {"source": 103, "target": 137, "weight": 0.034091}, {"source": 103, "target": 116, "weight": 0.09901}, {"source": 103, "target": 142, "weight": 0.01}, {"source": 103, "target": 131, "weight": 0.012821}, {"source": 105, "target": 111, "weight": 0.003448}, {"source": 106, "target": 116, "weight": 0.012658}, {"source": 107, "target": 145, "weight": 0.012605}, {"source": 107, "target": 131, "weight": 0.01087}, {"source": 108, "target": 109, "weight": 0.013158}, {"source": 108, "target": 133, "weight": 0.017857}, {"source": 108, "target": 112, "weight": 0.007692}, {"source": 108, "target": 116, "weight": 0.009091}, {"source": 109, "target": 116, "weight": 0.030303}, {"source": 109, "target": 125, "weight": 0.015625}, {"source": 109, "target": 112, "weight": 0.016667}, {"source": 109, "target": 137, "weight": 0.025}, {"source": 109, "target": 129, "weight": 0.012346}, {"source": 111, "target": 114, "weight": 0.009677}, {"source": 111, "target": 116, "weight": 0.005731}, {"source": 111, "target": 124, "weight": 0.003205}, {"source": 111, "target": 126, "weight": 0.005076}, {"source": 111, "target": 127, "weight": 0.003236}, {"source": 111, "target": 129, "weight": 0.006079}, {"source": 111, "target": 131, "weight": 0.003145}, {"source": 111, "target": 134, "weight": 0.003155}, {"source": 111, "target": 136, "weight": 0.003509}, {"source": 111, "target": 137, "weight": 0.00303}, {"source": 111, "target": 140, "weight": 0.002703}, {"source": 111, "target": 145, "weight": 0.002146}, {"source": 111, "target": 146, "weight": 0.006349}, {"source": 111, "target": 112, "weight": 0.002703}, {"source": 111, "target": 113, "weight": 0.006369}, {"source": 112, "target": 140, "weight": 0.005714}, {"source": 112, "target": 116, "weight": 0.122302}, {"source": 112, "target": 142, "weight": 0.013889}, {"source": 112, "target": 131, "weight": 0.016393}, {"source": 112, "target": 145, "weight": 0.00369}, {"source": 112, "target": 137, "weight": 0.022556}, {"source": 113, "target": 140, "weight": 0.008333}, {"source": 113, "target": 114, "weight": 0.016129}, {"source": 114, "target": 120, "weight": 0.017241}, {"source": 116, "target": 131, "weight": 0.009709}, {"source": 116, "target": 122, "weight": 0.072289}, {"source": 116, "target": 124, "weight": 0.010309}, {"source": 116, "target": 137, "weight": 0.035714}, {"source": 116, "target": 142, "weight": 0.008}, {"source": 116, "target": 143, "weight": 0.010309}, {"source": 116, "target": 145, "weight": 0.016129}, {"source": 118, "target": 134, "weight": 0.008}, {"source": 118, "target": 142, "weight": 0.006757}, {"source": 118, "target": 146, "weight": 0.01626}, {"source": 122, "target": 137, "weight": 0.029851}, {"source": 123, "target": 126, "weight": 0.021583}, {"source": 126, "target": 146, "weight": 0.006849}, {"source": 128, "target": 145, "weight": 0.005405}, {"source": 128, "target": 131, "weight": 0.027027}, {"source": 129, "target": 135, "weight": 0.016949}, {"source": 129, "target": 137, "weight": 0.066667}, {"source": 130, "target": 140, "weight": 0.025424}, {"source": 131, "target": 138, "weight": 0.014925}, {"source": 131, "target": 145, "weight": 0.105528}, {"source": 132, "target": 140, "weight": 0.011364}, {"source": 134, "target": 142, "weight": 0.01087}, {"source": 134, "target": 146, "weight": 0.014706}, {"source": 134, "target": 136, "weight": 0.027027}, {"source": 135, "target": 137, "weight": 0.016949}, {"source": 137, "target": 143, "weight": 0.012987}, {"source": 141, "target": 145, "weight": 0.005025}, {"source": 142, "target": 143, "weight": 0.011494}, {"source": 142, "target": 145, "weight": 0.004149}, {"source": 144, "target": 145, "weight": 0.004695}], "multigraph": false}