{"directed": false, "graph": {}, "nodes": [{"group": 0, "id": "tincture", "degree": 33}, {"group": 1, "id": "tidings"}, {"group": 2, "id": "timberland"}, {"group": 2, "id": "timber"}, {"group": 3, "id": "tisane", "degree": 1}, {"group": 0, "id": "tirade"}, {"group": 4, "id": "tigress"}, {"group": 0, "id": "tinsel"}, {"group": 0, "id": "tire", "degree": 15}, {"group": 0, "id": "title", "degree": 22}, {"group": 5, "id": "tinkle"}, {"group": 6, "id": "tickle", "degree": 11}, {"group": 0, "id": "tiara"}, {"group": 5, "id": "tickled", "degree": 1}, {"group": 5, "id": "tizzy", "degree": 6}, {"group": 7, "id": "tilting", "degree": 9}, {"group": 8, "id": "tiring", "degree": 3}, {"group": 6, "id": "titillate", "degree": 9}, {"group": 0, "id": "timing", "degree": 10}, {"group": 0, "id": "ticket"}, {"group": 0, "id": "tick"}, {"group": 9, "id": "ticker", "degree": 7}, {"group": 1, "id": "timely"}, {"group": 9, "id": "timepiece"}, {"group": 1, "id": "timeless"}, {"group": 0, "id": "tipple"}, {"group": 0, "id": "timbale", "degree": 0}, {"group": 0, "id": "tightening"}, {"group": 3, "id": "titleholder"}, {"group": 5, "id": "titled", "degree": 3}, {"group": 8, "id": "tired", "degree": 3}, {"group": 8, "id": "tinny", "degree": 11}, {"group": 1, "id": "tinhorn"}, {"group": 0, "id": "timeliness"}, {"group": 8, "id": "timeworn"}, {"group": 5, "id": "tingle"}, {"group": 8, "id": "tiresome"}, {"group": 9, "id": "timekeeper", "degree": 7}, {"group": 2, "id": "tidewater"}, {"group": 0, "id": "tinker", "degree": 10}, {"group": 7, "id": "tidal"}, {"group": 0, "id": "timeserver", "degree": 3}, {"group": 2, "id": "timbered", "degree": 2}, {"group": 1, "id": "titanic", "degree": 2}, {"group": 9, "id": "timer"}, {"group": 8, "id": "timorous", "degree": 3}, {"group": 0, "id": "tinge", "degree": 22}, {"group": 0, "id": "tightness", "degree": 1}, {"group": 7, "id": "tiddly", "degree": 4}, {"group": 5, "id": "tiff", "degree": 8}, {"group": 1, "id": "tipster", "degree": 6}, {"group": 5, "id": "tingling", "degree": 12}, {"group": 0, "id": "tint"}, {"group": 1, "id": "tinkering", "degree": 2}, {"group": 1, "id": "tiny", "degree": 6}, {"group": 8, "id": "ticklish", "degree": 15}, {"group": 9, "id": "timetable"}, {"group": 0, "id": "tittle"}, {"group": 1, "id": "tireless", "degree": 3}, {"group": 1, "id": "tight", "degree": 20}, {"group": 10, "id": "tidbit", "degree": 0}, {"group": 8, "id": "tined"}, {"group": 4, "id": "tiger", "degree": 9}, {"group": 5, "id": "titter", "degree": 2}, {"group": 5, "id": "tithe", "degree": 7}, {"group": 5, "id": "tiptoe"}, {"group": 7, "id": "tipping", "degree": 5}, {"group": 1, "id": "tidy", "degree": 9}, {"group": 0, "id": "tide"}, {"group": 5, "id": "tissue"}, {"group": 2, "id": "tiling"}, {"group": 1, "id": "titular", "degree": 5}, {"group": 9, "id": "timecard"}, {"group": 1, "id": "tit"}, {"group": 0, "id": "tilt"}, {"group": 0, "id": "tip", "degree": 20}, {"group": 11, "id": "tickling"}, {"group": 0, "id": "till"}, {"group": 8, "id": "tin"}, {"group": 2, "id": "tile", "degree": 18}, {"group": 0, "id": "tie", "degree": 21}, {"group": 5, "id": "tic"}, {"group": 0, "id": "tighten", "degree": 14}, {"group": 7, "id": "tipsy"}, {"group": 5, "id": "timidity"}, {"group": 1, "id": "tied"}, {"group": 0, "id": "titivate"}, {"group": 7, "id": "tipped", "degree": 8}, {"group": 0, "id": "tier", "degree": 13}, {"group": 8, "id": "timid", "degree": 6}, {"group": 11, "id": "titillating", "degree": 4}, {"group": 0, "id": "timbre"}, {"group": 5, "id": "tinkling"}, {"group": 0, "id": "timekeeping", "degree": 1}, {"group": 0, "id": "timelessness", "degree": 1}, {"group": 0, "id": "time"}], "links": [{"source": 0, "target": 49, "weight": 0.005181}, {"source": 0, "target": 69, "weight": 0.004049}, {"source": 0, "target": 3, "weight": 0.004808}, {"source": 0, "target": 51, "weight": 0.004425}, {"source": 0, "target": 20, "weight": 0.010169}, {"source": 0, "target": 52, "weight": 0.331633}, {"source": 0, "target": 7, "weight": 0.018868}, {"source": 0, "target": 9, "weight": 0.006289}, {"source": 0, "target": 74, "weight": 0.011152}, {"source": 0, "target": 53, "weight": 0.006024}, {"source": 0, "target": 75, "weight": 0.021538}, {"source": 0, "target": 11, "weight": 0.008439}, {"source": 0, "target": 35, "weight": 0.004219}, {"source": 0, "target": 55, "weight": 0.004149}, {"source": 0, "target": 79, "weight": 0.009662}, {"source": 0, "target": 80, "weight": 0.02439}, {"source": 0, "target": 57, "weight": 0.012146}, {"source": 0, "target": 12, "weight": 0.015789}, {"source": 0, "target": 14, "weight": 0.005076}, {"source": 0, "target": 62, "weight": 0.004425}, {"source": 0, "target": 86, "weight": 0.045455}, {"source": 0, "target": 88, "weight": 0.004484}, {"source": 0, "target": 19, "weight": 0.00905}, {"source": 0, "target": 64, "weight": 0.005376}, {"source": 0, "target": 21, "weight": 0.005}, {"source": 0, "target": 36, "weight": 0.004695}, {"source": 0, "target": 41, "weight": 0.004902}, {"source": 0, "target": 91, "weight": 0.01875}, {"source": 0, "target": 65, "weight": 0.005128}, {"source": 0, "target": 25, "weight": 0.011364}, {"source": 0, "target": 95, "weight": 0.004098}, {"source": 0, "target": 27, "weight": 0.005319}, {"source": 0, "target": 46, "weight": 0.508021}, {"source": 1, "target": 50, "weight": 0.040816}, {"source": 1, "target": 75, "weight": 0.005376}, {"source": 2, "target": 42, "weight": 0.076923}, {"source": 2, "target": 9, "weight": 0.005495}, {"source": 3, "target": 42, "weight": 0.033333}, {"source": 3, "target": 9, "weight": 0.00463}, {"source": 3, "target": 49, "weight": 0.011111}, {"source": 3, "target": 75, "weight": 0.004386}, {"source": 3, "target": 79, "weight": 0.081633}, {"source": 3, "target": 21, "weight": 0.010309}, {"source": 4, "target": 28, "weight": 0.04}, {"source": 5, "target": 18, "weight": 0.00578}, {"source": 5, "target": 75, "weight": 0.004032}, {"source": 5, "target": 9, "weight": 0.004237}, {"source": 6, "target": 62, "weight": 0.4}, {"source": 6, "target": 90, "weight": 0.008547}, {"source": 6, "target": 75, "weight": 0.004219}, {"source": 6, "target": 43, "weight": 0.009901}, {"source": 6, "target": 55, "weight": 0.006803}, {"source": 7, "target": 14, "weight": 0.012987}, {"source": 7, "target": 71, "weight": 0.008403}, {"source": 7, "target": 49, "weight": 0.006623}, {"source": 7, "target": 31, "weight": 0.024691}, {"source": 7, "target": 79, "weight": 0.006024}, {"source": 7, "target": 8, "weight": 0.005618}, {"source": 7, "target": 46, "weight": 0.016949}, {"source": 8, "target": 70, "weight": 0.010204}, {"source": 8, "target": 88, "weight": 0.015267}, {"source": 8, "target": 77, "weight": 0.008696}, {"source": 8, "target": 74, "weight": 0.005556}, {"source": 8, "target": 30, "weight": 0.017699}, {"source": 8, "target": 75, "weight": 0.004167}, {"source": 8, "target": 86, "weight": 0.035714}, {"source": 8, "target": 18, "weight": 0.006061}, {"source": 8, "target": 25, "weight": 0.011628}, {"source": 8, "target": 39, "weight": 0.009901}, {"source": 8, "target": 35, "weight": 0.006849}, {"source": 8, "target": 26, "weight": 0.012821}, {"source": 8, "target": 95, "weight": 0.006536}, {"source": 8, "target": 79, "weight": 0.017241}, {"source": 8, "target": 80, "weight": 0.012308}, {"source": 8, "target": 57, "weight": 0.006329}, {"source": 8, "target": 20, "weight": 0.009756}, {"source": 9, "target": 47, "weight": 0.009524}, {"source": 9, "target": 49, "weight": 0.004975}, {"source": 9, "target": 31, "weight": 0.004651}, {"source": 9, "target": 68, "weight": 0.014493}, {"source": 9, "target": 69, "weight": 0.007874}, {"source": 9, "target": 50, "weight": 0.004926}, {"source": 9, "target": 52, "weight": 0.003731}, {"source": 9, "target": 71, "weight": 0.005917}, {"source": 9, "target": 59, "weight": 0.006006}, {"source": 9, "target": 74, "weight": 0.007194}, {"source": 9, "target": 75, "weight": 0.014925}, {"source": 9, "target": 11, "weight": 0.004065}, {"source": 9, "target": 77, "weight": 0.004673}, {"source": 9, "target": 18, "weight": 0.003788}, {"source": 9, "target": 17, "weight": 0.004739}, {"source": 9, "target": 36, "weight": 0.004525}, {"source": 9, "target": 81, "weight": 0.013333}, {"source": 9, "target": 82, "weight": 0.013761}, {"source": 9, "target": 64, "weight": 0.005155}, {"source": 9, "target": 95, "weight": 0.007968}, {"source": 9, "target": 85, "weight": 0.004255}, {"source": 9, "target": 86, "weight": 0.004673}, {"source": 9, "target": 80, "weight": 0.009434}, {"source": 9, "target": 88, "weight": 0.035714}, {"source": 9, "target": 19, "weight": 0.022124}, {"source": 9, "target": 20, "weight": 0.016611}, {"source": 9, "target": 22, "weight": 0.004878}, {"source": 9, "target": 34, "weight": 0.009091}, {"source": 9, "target": 33, "weight": 0.005682}, {"source": 9, "target": 46, "weight": 0.00346}, {"source": 10, "target": 11, "weight": 0.03252}, {"source": 10, "target": 51, "weight": 0.210526}, {"source": 10, "target": 64, "weight": 0.013514}, {"source": 10, "target": 75, "weight": 0.018519}, {"source": 10, "target": 80, "weight": 0.003257}, {"source": 11, "target": 51, "weight": 0.019868}, {"source": 11, "target": 74, "weight": 0.031088}, {"source": 11, "target": 90, "weight": 0.007246}, {"source": 11, "target": 52, "weight": 0.010753}, {"source": 11, "target": 49, "weight": 0.016807}, {"source": 11, "target": 75, "weight": 0.070248}, {"source": 11, "target": 80, "weight": 0.005797}, {"source": 11, "target": 39, "weight": 0.008403}, {"source": 11, "target": 35, "weight": 0.018519}, {"source": 11, "target": 55, "weight": 0.005952}, {"source": 11, "target": 17, "weight": 0.559524}, {"source": 11, "target": 57, "weight": 0.011429}, {"source": 11, "target": 20, "weight": 0.0181}, {"source": 11, "target": 46, "weight": 0.009662}, {"source": 11, "target": 12, "weight": 0.008403}, {"source": 12, "target": 51, "weight": 0.009346}, {"source": 12, "target": 75, "weight": 0.004717}, {"source": 12, "target": 88, "weight": 0.009615}, {"source": 12, "target": 80, "weight": 0.013468}, {"source": 12, "target": 79, "weight": 0.011236}, {"source": 12, "target": 17, "weight": 0.011905}, {"source": 13, "target": 51, "weight": 0.032967}, {"source": 14, "target": 84, "weight": 0.040816}, {"source": 14, "target": 49, "weight": 0.052632}, {"source": 14, "target": 69, "weight": 0.007519}, {"source": 14, "target": 39, "weight": 0.012821}, {"source": 14, "target": 35, "weight": 0.016393}, {"source": 14, "target": 63, "weight": 0.015625}, {"source": 14, "target": 81, "weight": 0.019231}, {"source": 15, "target": 48, "weight": 0.021739}, {"source": 15, "target": 83, "weight": 0.354167}, {"source": 15, "target": 74, "weight": 0.014925}, {"source": 15, "target": 75, "weight": 0.010309}, {"source": 15, "target": 59, "weight": 0.005263}, {"source": 15, "target": 86, "weight": 0.014286}, {"source": 15, "target": 87, "weight": 0.826087}, {"source": 15, "target": 66, "weight": 0.809524}, {"source": 15, "target": 46, "weight": 0.006897}, {"source": 16, "target": 36, "weight": 0.254237}, {"source": 16, "target": 89, "weight": 0.014493}, {"source": 16, "target": 55, "weight": 0.009901}, {"source": 17, "target": 51, "weight": 0.017094}, {"source": 17, "target": 49, "weight": 0.011765}, {"source": 17, "target": 75, "weight": 0.004484}, {"source": 17, "target": 76, "weight": 0.01}, {"source": 17, "target": 35, "weight": 0.015625}, {"source": 17, "target": 80, "weight": 0.003215}, {"source": 18, "target": 47, "weight": 0.006757}, {"source": 18, "target": 86, "weight": 0.006623}, {"source": 18, "target": 69, "weight": 0.010471}, {"source": 18, "target": 95, "weight": 0.049724}, {"source": 18, "target": 80, "weight": 0.01108}, {"source": 18, "target": 19, "weight": 0.005988}, {"source": 18, "target": 20, "weight": 0.004132}, {"source": 19, "target": 46, "weight": 0.005208}, {"source": 19, "target": 75, "weight": 0.008299}, {"source": 19, "target": 50, "weight": 0.019048}, {"source": 19, "target": 79, "weight": 0.008403}, {"source": 19, "target": 80, "weight": 0.006079}, {"source": 19, "target": 21, "weight": 0.009009}, {"source": 20, "target": 51, "weight": 0.014286}, {"source": 20, "target": 88, "weight": 0.014493}, {"source": 20, "target": 59, "weight": 0.003205}, {"source": 20, "target": 75, "weight": 0.019231}, {"source": 20, "target": 54, "weight": 0.005952}, {"source": 20, "target": 39, "weight": 0.011299}, {"source": 20, "target": 79, "weight": 0.005155}, {"source": 20, "target": 80, "weight": 0.00495}, {"source": 20, "target": 46, "weight": 0.015152}, {"source": 21, "target": 23, "weight": 0.108696}, {"source": 21, "target": 52, "weight": 0.006711}, {"source": 21, "target": 44, "weight": 0.102041}, {"source": 21, "target": 37, "weight": 0.076923}, {"source": 21, "target": 95, "weight": 0.015152}, {"source": 21, "target": 79, "weight": 0.020833}, {"source": 21, "target": 80, "weight": 0.003247}, {"source": 21, "target": 46, "weight": 0.005882}, {"source": 22, "target": 80, "weight": 0.003279}, {"source": 22, "target": 46, "weight": 0.005988}, {"source": 22, "target": 67, "weight": 0.009524}, {"source": 22, "target": 48, "weight": 0.014706}, {"source": 23, "target": 37, "weight": 0.192308}, {"source": 24, "target": 59, "weight": 0.008696}, {"source": 24, "target": 58, "weight": 0.052632}, {"source": 24, "target": 48, "weight": 0.011494}, {"source": 24, "target": 43, "weight": 0.020202}, {"source": 25, "target": 82, "weight": 0.025974}, {"source": 25, "target": 41, "weight": 0.014286}, {"source": 25, "target": 80, "weight": 0.003509}, {"source": 25, "target": 46, "weight": 0.013699}, {"source": 26, "target": 39, "weight": 0.02}, {"source": 27, "target": 50, "weight": 0.013889}, {"source": 27, "target": 82, "weight": 0.071429}, {"source": 29, "target": 51, "weight": 0.011494}, {"source": 29, "target": 59, "weight": 0.005348}, {"source": 29, "target": 65, "weight": 0.017857}, {"source": 30, "target": 31, "weight": 0.009901}, {"source": 30, "target": 45, "weight": 0.01087}, {"source": 30, "target": 34, "weight": 0.08}, {"source": 30, "target": 36, "weight": 0.009346}, {"source": 30, "target": 89, "weight": 0.009709}, {"source": 31, "target": 59, "weight": 0.013636}, {"source": 31, "target": 34, "weight": 0.009174}, {"source": 31, "target": 32, "weight": 0.013158}, {"source": 31, "target": 78, "weight": 0.168142}, {"source": 31, "target": 55, "weight": 0.022222}, {"source": 31, "target": 80, "weight": 0.003175}, {"source": 31, "target": 36, "weight": 0.009174}, {"source": 31, "target": 46, "weight": 0.00565}, {"source": 32, "target": 50, "weight": 0.25}, {"source": 32, "target": 59, "weight": 0.005128}, {"source": 32, "target": 54, "weight": 0.04}, {"source": 34, "target": 82, "weight": 0.008772}, {"source": 34, "target": 45, "weight": 0.020202}, {"source": 34, "target": 59, "weight": 0.004386}, {"source": 34, "target": 55, "weight": 0.014085}, {"source": 34, "target": 89, "weight": 0.018182}, {"source": 35, "target": 51, "weight": 0.366071}, {"source": 35, "target": 75, "weight": 0.011765}, {"source": 35, "target": 67, "weight": 0.006897}, {"source": 35, "target": 59, "weight": 0.003968}, {"source": 35, "target": 80, "weight": 0.005814}, {"source": 35, "target": 79, "weight": 0.007463}, {"source": 35, "target": 63, "weight": 0.009615}, {"source": 35, "target": 64, "weight": 0.018018}, {"source": 36, "target": 90, "weight": 0.017857}, {"source": 36, "target": 55, "weight": 0.006993}, {"source": 36, "target": 89, "weight": 0.009009}, {"source": 37, "target": 77, "weight": 0.013333}, {"source": 37, "target": 44, "weight": 0.307692}, {"source": 37, "target": 72, "weight": 0.028571}, {"source": 37, "target": 95, "weight": 0.017857}, {"source": 37, "target": 56, "weight": 0.025}, {"source": 38, "target": 79, "weight": 0.0125}, {"source": 38, "target": 62, "weight": 0.010204}, {"source": 38, "target": 75, "weight": 0.004926}, {"source": 38, "target": 88, "weight": 0.010526}, {"source": 39, "target": 82, "weight": 0.010753}, {"source": 39, "target": 52, "weight": 0.007092}, {"source": 39, "target": 75, "weight": 0.004717}, {"source": 39, "target": 95, "weight": 0.008}, {"source": 39, "target": 57, "weight": 0.007692}, {"source": 40, "target": 48, "weight": 0.020833}, {"source": 41, "target": 50, "weight": 0.011364}, {"source": 41, "target": 65, "weight": 0.011364}, {"source": 43, "target": 62, "weight": 0.009091}, {"source": 43, "target": 67, "weight": 0.019608}, {"source": 45, "target": 74, "weight": 0.006329}, {"source": 45, "target": 84, "weight": 0.019608}, {"source": 45, "target": 55, "weight": 0.032}, {"source": 45, "target": 89, "weight": 0.763636}, {"source": 46, "target": 68, "weight": 0.005848}, {"source": 46, "target": 52, "weight": 0.391566}, {"source": 46, "target": 74, "weight": 0.021097}, {"source": 46, "target": 53, "weight": 0.007353}, {"source": 46, "target": 75, "weight": 0.023729}, {"source": 46, "target": 77, "weight": 0.005682}, {"source": 46, "target": 78, "weight": 0.004878}, {"source": 46, "target": 55, "weight": 0.004739}, {"source": 46, "target": 79, "weight": 0.011299}, {"source": 46, "target": 80, "weight": 0.010363}, {"source": 46, "target": 57, "weight": 0.013825}, {"source": 46, "target": 83, "weight": 0.005882}, {"source": 46, "target": 86, "weight": 0.047337}, {"source": 46, "target": 87, "weight": 0.006803}, {"source": 46, "target": 91, "weight": 0.023077}, {"source": 46, "target": 65, "weight": 0.006061}, {"source": 46, "target": 95, "weight": 0.004673}, {"source": 46, "target": 66, "weight": 0.006993}, {"source": 47, "target": 80, "weight": 0.006452}, {"source": 47, "target": 57, "weight": 0.007092}, {"source": 48, "target": 83, "weight": 0.531915}, {"source": 48, "target": 59, "weight": 0.015385}, {"source": 48, "target": 87, "weight": 0.020833}, {"source": 48, "target": 66, "weight": 0.022727}, {"source": 49, "target": 74, "weight": 0.047619}, {"source": 49, "target": 69, "weight": 0.007752}, {"source": 49, "target": 88, "weight": 0.009524}, {"source": 50, "target": 82, "weight": 0.010417}, {"source": 51, "target": 68, "weight": 0.008621}, {"source": 51, "target": 80, "weight": 0.002994}, {"source": 51, "target": 74, "weight": 0.005376}, {"source": 51, "target": 75, "weight": 0.012295}, {"source": 51, "target": 67, "weight": 0.007463}, {"source": 51, "target": 92, "weight": 0.291667}, {"source": 51, "target": 59, "weight": 0.008333}, {"source": 51, "target": 55, "weight": 0.019481}, {"source": 51, "target": 88, "weight": 0.007246}, {"source": 51, "target": 65, "weight": 0.009091}, {"source": 51, "target": 64, "weight": 0.02}, {"source": 51, "target": 81, "weight": 0.030534}, {"source": 52, "target": 82, "weight": 0.006211}, {"source": 52, "target": 75, "weight": 0.01444}, {"source": 52, "target": 88, "weight": 0.005814}, {"source": 52, "target": 79, "weight": 0.012821}, {"source": 52, "target": 80, "weight": 0.008197}, {"source": 53, "target": 54, "weight": 0.027027}, {"source": 54, "target": 71, "weight": 0.03125}, {"source": 54, "target": 59, "weight": 0.010204}, {"source": 54, "target": 73, "weight": 0.035714}, {"source": 54, "target": 95, "weight": 0.008696}, {"source": 54, "target": 57, "weight": 0.008333}, {"source": 55, "target": 62, "weight": 0.00641}, {"source": 55, "target": 90, "weight": 0.007092}, {"source": 55, "target": 61, "weight": 0.010309}, {"source": 55, "target": 89, "weight": 0.037037}, {"source": 55, "target": 67, "weight": 0.006711}, {"source": 55, "target": 85, "weight": 0.006369}, {"source": 55, "target": 59, "weight": 0.003906}, {"source": 55, "target": 78, "weight": 0.006061}, {"source": 55, "target": 58, "weight": 0.013986}, {"source": 55, "target": 81, "weight": 0.006711}, {"source": 57, "target": 82, "weight": 0.006667}, {"source": 57, "target": 75, "weight": 0.022727}, {"source": 57, "target": 59, "weight": 0.003788}, {"source": 57, "target": 80, "weight": 0.005618}, {"source": 57, "target": 64, "weight": 0.01626}, {"source": 58, "target": 59, "weight": 0.008772}, {"source": 59, "target": 67, "weight": 0.053812}, {"source": 59, "target": 68, "weight": 0.009302}, {"source": 59, "target": 74, "weight": 0.003497}, {"source": 59, "target": 77, "weight": 0.009091}, {"source": 59, "target": 80, "weight": 0.002304}, {"source": 59, "target": 82, "weight": 0.027027}, {"source": 59, "target": 61, "weight": 0.005495}, {"source": 59, "target": 83, "weight": 0.009346}, {"source": 59, "target": 85, "weight": 0.038462}, {"source": 59, "target": 86, "weight": 0.004525}, {"source": 59, "target": 87, "weight": 0.005208}, {"source": 59, "target": 65, "weight": 0.004762}, {"source": 59, "target": 66, "weight": 0.005319}, {"source": 62, "target": 88, "weight": 0.007246}, {"source": 62, "target": 74, "weight": 0.005376}, {"source": 62, "target": 75, "weight": 0.008163}, {"source": 62, "target": 77, "weight": 0.008264}, {"source": 62, "target": 78, "weight": 0.006667}, {"source": 62, "target": 79, "weight": 0.00813}, {"source": 62, "target": 70, "weight": 0.009615}, {"source": 63, "target": 81, "weight": 0.011628}, {"source": 64, "target": 92, "weight": 0.019231}, {"source": 64, "target": 80, "weight": 0.003401}, {"source": 65, "target": 75, "weight": 0.004651}, {"source": 66, "target": 83, "weight": 0.369565}, {"source": 66, "target": 74, "weight": 0.015152}, {"source": 66, "target": 75, "weight": 0.010417}, {"source": 66, "target": 86, "weight": 0.014706}, {"source": 66, "target": 87, "weight": 0.73913}, {"source": 67, "target": 82, "weight": 0.008333}, {"source": 67, "target": 83, "weight": 0.009259}, {"source": 67, "target": 86, "weight": 0.008772}, {"source": 68, "target": 82, "weight": 0.019802}, {"source": 68, "target": 88, "weight": 0.017857}, {"source": 68, "target": 80, "weight": 0.006494}, {"source": 69, "target": 80, "weight": 0.00565}, {"source": 70, "target": 79, "weight": 0.5}, {"source": 70, "target": 82, "weight": 0.011111}, {"source": 70, "target": 80, "weight": 0.003367}, {"source": 71, "target": 73, "weight": 0.027778}, {"source": 71, "target": 78, "weight": 0.011765}, {"source": 73, "target": 80, "weight": 0.003401}, {"source": 74, "target": 89, "weight": 0.005917}, {"source": 74, "target": 88, "weight": 0.010989}, {"source": 74, "target": 82, "weight": 0.011696}, {"source": 74, "target": 75, "weight": 0.127413}, {"source": 74, "target": 87, "weight": 0.014706}, {"source": 74, "target": 79, "weight": 0.005952}, {"source": 74, "target": 80, "weight": 0.007958}, {"source": 75, "target": 76, "weight": 0.004386}, {"source": 75, "target": 77, "weight": 0.027149}, {"source": 75, "target": 82, "weight": 0.008658}, {"source": 75, "target": 83, "weight": 0.009132}, {"source": 75, "target": 86, "weight": 0.004425}, {"source": 75, "target": 87, "weight": 0.010204}, {"source": 75, "target": 80, "weight": 0.004566}, {"source": 75, "target": 88, "weight": 0.012448}, {"source": 75, "target": 95, "weight": 0.007605}, {"source": 76, "target": 90, "weight": 0.847458}, {"source": 77, "target": 82, "weight": 0.018868}, {"source": 77, "target": 88, "weight": 0.008475}, {"source": 77, "target": 80, "weight": 0.00639}, {"source": 78, "target": 82, "weight": 0.007353}, {"source": 78, "target": 79, "weight": 0.007576}, {"source": 78, "target": 80, "weight": 0.005848}, {"source": 79, "target": 82, "weight": 0.009174}, {"source": 79, "target": 80, "weight": 0.006349}, {"source": 79, "target": 81, "weight": 0.008621}, {"source": 80, "target": 82, "weight": 0.035484}, {"source": 80, "target": 85, "weight": 0.012048}, {"source": 80, "target": 86, "weight": 0.003185}, {"source": 80, "target": 88, "weight": 0.024691}, {"source": 80, "target": 92, "weight": 0.003509}, {"source": 80, "target": 94, "weight": 0.003676}, {"source": 80, "target": 95, "weight": 0.011461}, {"source": 82, "target": 86, "weight": 0.018868}, {"source": 82, "target": 95, "weight": 0.013889}, {"source": 83, "target": 87, "weight": 0.34}, {"source": 84, "target": 89, "weight": 0.016129}, {"source": 85, "target": 88, "weight": 0.007194}, {"source": 86, "target": 88, "weight": 0.017094}, {"source": 86, "target": 87, "weight": 0.013889}, {"source": 88, "target": 95, "weight": 0.019481}, {"source": 93, "target": 95, "weight": 0.01087}], "multigraph": false}