{"directed": false, "graph": {}, "nodes": [{"group": 5, "id": "tomboy"}, {"group": 0, "id": "topographer", "degree": 4}, {"group": 1, "id": "totem", "degree": 20}, {"group": 1, "id": "toggle"}, {"group": 1, "id": "tonnage"}, {"group": 1, "id": "touch", "degree": 47}, {"group": 1, "id": "tone"}, {"group": 1, "id": "toast"}, {"group": 2, "id": "tolerably", "degree": 2}, {"group": 3, "id": "torturous", "degree": 19}, {"group": 1, "id": "tonality"}, {"group": 5, "id": "torn"}, {"group": 5, "id": "tort", "degree": 7}, {"group": 5, "id": "touched"}, {"group": 5, "id": "tormented", "degree": 9}, {"group": 2, "id": "tolerable"}, {"group": 1, "id": "toughened", "degree": 4}, {"group": 2, "id": "tonic"}, {"group": 1, "id": "topple", "degree": 21}, {"group": 3, "id": "to", "degree": 2}, {"group": 5, "id": "torture"}, {"group": 1, "id": "topsoil", "degree": 12}, {"group": 6, "id": "tocsin"}, {"group": 3, "id": "touching", "degree": 17}, {"group": 7, "id": "towering"}, {"group": 8, "id": "township", "degree": 3}, {"group": 2, "id": "touring", "degree": 3}, {"group": 6, "id": "tomfoolery"}, {"group": 1, "id": "tourniquet", "degree": 10}, {"group": 1, "id": "towel", "degree": 10}, {"group": 2, "id": "tonal"}, {"group": 9, "id": "tootsy"}, {"group": 1, "id": "token"}, {"group": 2, "id": "tottering"}, {"group": 4, "id": "townee"}, {"group": 6, "id": "tower"}, {"group": 1, "id": "tourney", "degree": 11}, {"group": 4, "id": "townspeople", "degree": 1}, {"group": 7, "id": "topside", "degree": 2}, {"group": 1, "id": "torch"}, {"group": 6, "id": "tollgate"}, {"group": 5, "id": "tooled", "degree": 5}, {"group": 10, "id": "toady"}, {"group": 6, "id": "tolling"}, {"group": 1, "id": "toughen"}, {"group": 1, "id": "tollbooth"}, {"group": 1, "id": "tote"}, {"group": 7, "id": "topmost", "degree": 18}, {"group": 1, "id": "tornado"}, {"group": 1, "id": "toll"}, {"group": 5, "id": "tormentor"}, {"group": 3, "id": "torpedo", "degree": 32}, {"group": 1, "id": "tolerance", "degree": 13}, {"group": 2, "id": "torpid", "degree": 16}, {"group": 12, "id": "toilette", "degree": 3}, {"group": 6, "id": "tooling", "degree": 9}, {"group": 1, "id": "tortoise", "degree": 2}, {"group": 13, "id": "tortuous"}, {"group": 3, "id": "tolerant"}, {"group": 6, "id": "tour", "degree": 25}, {"group": 3, "id": "tout"}, {"group": 1, "id": "tootle"}, {"group": 6, "id": "tomb"}, {"group": 5, "id": "toxicity"}, {"group": 1, "id": "tome", "degree": 3}, {"group": 3, "id": "tobacconist", "degree": 1}, {"group": 0, "id": "topography", "degree": 9}, {"group": 3, "id": "tough"}, {"group": 1, "id": "toughness"}, {"group": 1, "id": "topknot"}, {"group": 2, "id": "toneless", "degree": 11}, {"group": 1, "id": "toft", "degree": 13}, {"group": 1, "id": "tons", "degree": 12}, {"group": 7, "id": "tony"}, {"group": 1, "id": "total", "degree": 40}, {"group": 1, "id": "toddle"}, {"group": 13, "id": "torsion"}, {"group": 10, "id": "toy"}, {"group": 11, "id": "topical"}, {"group": 1, "id": "tor", "degree": 7}, {"group": 6, "id": "toothpaste"}, {"group": 7, "id": "top"}, {"group": 7, "id": "totalitarian"}, {"group": 1, "id": "tot", "degree": 28}, {"group": 3, "id": "toothsome"}, {"group": 7, "id": "too"}, {"group": 1, "id": "totality"}, {"group": 9, "id": "tom", "degree": 7}, {"group": 2, "id": "tourism", "degree": 5}, {"group": 7, "id": "touted"}, {"group": 11, "id": "today", "degree": 2}, {"group": 9, "id": "toe", "degree": 24}, {"group": 1, "id": "totter"}, {"group": 14, "id": "tokenism", "degree": 0}, {"group": 7, "id": "toplofty"}, {"group": 1, "id": "tonus", "degree": 6}, {"group": 10, "id": "tool", "degree": 27}, {"group": 2, "id": "touristy", "degree": 2}, {"group": 12, "id": "togs"}, {"group": 7, "id": "topflight", "degree": 14}, {"group": 3, "id": "toilsome", "degree": 15}, {"group": 8, "id": "town", "degree": 3}, {"group": 11, "id": "tonight", "degree": 1}, {"group": 1, "id": "torchbearer", "degree": 1}, {"group": 2, "id": "tottery", "degree": 9}, {"group": 2, "id": "toddling"}, {"group": 1, "id": "tolerate", "degree": 16}, {"group": 5, "id": "tortured", "degree": 11}, {"group": 3, "id": "torturing"}, {"group": 3, "id": "toward", "degree": 2}, {"group": 1, "id": "torso"}, {"group": 1, "id": "torrent"}, {"group": 1, "id": "touchstone", "degree": 10}, {"group": 9, "id": "toilet"}, {"group": 10, "id": "toiler", "degree": 5}, {"group": 1, "id": "toss"}, {"group": 1, "id": "tournament", "degree": 12}, {"group": 6, "id": "torque", "degree": 12}, {"group": 7, "id": "topless", "degree": 13}, {"group": 1, "id": "topic", "degree": 21}, {"group": 5, "id": "torment", "degree": 33}, {"group": 3, "id": "toothache", "degree": 4}, {"group": 1, "id": "tomfool", "degree": 6}, {"group": 6, "id": "tourist"}, {"group": 5, "id": "toothed"}, {"group": 1, "id": "toehold", "degree": 9}, {"group": 5, "id": "toxin", "degree": 11}, {"group": 3, "id": "toxic", "degree": 7}, {"group": 1, "id": "toadstool"}, {"group": 7, "id": "topping", "degree": 20}, {"group": 10, "id": "toad", "degree": 8}, {"group": 7, "id": "tops"}, {"group": 15, "id": "toasty"}, {"group": 1, "id": "towage"}, {"group": 6, "id": "tope", "degree": 33}, {"group": 2, "id": "totally"}, {"group": 1, "id": "tongue"}, {"group": 13, "id": "torsional", "degree": 4}, {"group": 9, "id": "tomato"}, {"group": 6, "id": "towpath", "degree": 6}, {"group": 9, "id": "tomcat"}, {"group": 3, "id": "touchy"}, {"group": 1, "id": "toot"}, {"group": 3, "id": "together", "degree": 13}, {"group": 1, "id": "tooth", "degree": 21}, {"group": 1, "id": "torpor", "degree": 6}, {"group": 15, "id": "torrid", "degree": 2}, {"group": 1, "id": "toadying", "degree": 3}, {"group": 6, "id": "tombstone"}, {"group": 3, "id": "tormenting"}, {"group": 1, "id": "toil", "degree": 22}], "links": [{"source": 0, "target": 5, "weight": 0.003472}, {"source": 0, "target": 12, "weight": 0.014493}, {"source": 0, "target": 87, "weight": 0.013158}, {"source": 1, "target": 66, "weight": 0.46875}, {"source": 1, "target": 81, "weight": 0.004975}, {"source": 1, "target": 47, "weight": 0.017857}, {"source": 1, "target": 32, "weight": 0.003745}, {"source": 1, "target": 5, "weight": 0.00365}, {"source": 1, "target": 144, "weight": 0.01087}, {"source": 1, "target": 52, "weight": 0.010638}, {"source": 1, "target": 112, "weight": 0.020408}, {"source": 2, "target": 101, "weight": 0.010989}, {"source": 2, "target": 77, "weight": 0.004785}, {"source": 2, "target": 6, "weight": 0.015106}, {"source": 2, "target": 68, "weight": 0.008197}, {"source": 2, "target": 20, "weight": 0.005208}, {"source": 2, "target": 136, "weight": 0.006944}, {"source": 2, "target": 96, "weight": 0.006993}, {"source": 2, "target": 59, "weight": 0.006667}, {"source": 2, "target": 58, "weight": 0.009091}, {"source": 2, "target": 119, "weight": 0.009346}, {"source": 2, "target": 150, "weight": 0.00885}, {"source": 2, "target": 32, "weight": 0.037801}, {"source": 2, "target": 55, "weight": 0.014085}, {"source": 2, "target": 4, "weight": 0.011905}, {"source": 2, "target": 5, "weight": 0.009804}, {"source": 2, "target": 35, "weight": 0.005348}, {"source": 2, "target": 74, "weight": 0.004065}, {"source": 2, "target": 110, "weight": 0.014493}, {"source": 2, "target": 25, "weight": 0.011111}, {"source": 2, "target": 112, "weight": 0.012048}, {"source": 3, "target": 95, "weight": 0.014286}, {"source": 3, "target": 117, "weight": 0.011628}, {"source": 3, "target": 106, "weight": 0.011236}, {"source": 3, "target": 83, "weight": 0.009346}, {"source": 3, "target": 21, "weight": 0.010204}, {"source": 3, "target": 150, "weight": 0.008403}, {"source": 3, "target": 59, "weight": 0.00641}, {"source": 3, "target": 125, "weight": 0.047619}, {"source": 3, "target": 5, "weight": 0.009615}, {"source": 3, "target": 51, "weight": 0.007143}, {"source": 3, "target": 144, "weight": 0.007576}, {"source": 4, "target": 96, "weight": 0.008333}, {"source": 4, "target": 59, "weight": 0.007874}, {"source": 4, "target": 119, "weight": 0.011905}, {"source": 4, "target": 150, "weight": 0.022472}, {"source": 4, "target": 72, "weight": 0.040816}, {"source": 4, "target": 120, "weight": 0.004545}, {"source": 4, "target": 55, "weight": 0.020833}, {"source": 4, "target": 5, "weight": 0.003509}, {"source": 4, "target": 74, "weight": 0.004484}, {"source": 4, "target": 52, "weight": 0.019231}, {"source": 4, "target": 64, "weight": 0.019608}, {"source": 4, "target": 112, "weight": 0.033898}, {"source": 5, "target": 66, "weight": 0.003559}, {"source": 5, "target": 6, "weight": 0.069721}, {"source": 5, "target": 114, "weight": 0.003623}, {"source": 5, "target": 115, "weight": 0.026042}, {"source": 5, "target": 116, "weight": 0.00722}, {"source": 5, "target": 119, "weight": 0.016447}, {"source": 5, "target": 120, "weight": 0.018307}, {"source": 5, "target": 67, "weight": 0.001812}, {"source": 5, "target": 74, "weight": 0.006742}, {"source": 5, "target": 75, "weight": 0.003012}, {"source": 5, "target": 76, "weight": 0.006873}, {"source": 5, "target": 7, "weight": 0.013966}, {"source": 5, "target": 77, "weight": 0.019851}, {"source": 5, "target": 95, "weight": 0.003774}, {"source": 5, "target": 46, "weight": 0.01773}, {"source": 5, "target": 81, "weight": 0.006912}, {"source": 5, "target": 69, "weight": 0.003584}, {"source": 5, "target": 59, "weight": 0.005714}, {"source": 5, "target": 83, "weight": 0.013378}, {"source": 5, "target": 49, "weight": 0.003155}, {"source": 5, "target": 50, "weight": 0.003521}, {"source": 5, "target": 51, "weight": 0.009009}, {"source": 5, "target": 52, "weight": 0.00304}, {"source": 5, "target": 28, "weight": 0.003636}, {"source": 5, "target": 91, "weight": 0.007067}, {"source": 5, "target": 92, "weight": 0.002625}, {"source": 5, "target": 39, "weight": 0.006667}, {"source": 5, "target": 18, "weight": 0.003378}, {"source": 5, "target": 20, "weight": 0.012853}, {"source": 5, "target": 96, "weight": 0.008772}, {"source": 5, "target": 98, "weight": 0.003472}, {"source": 5, "target": 54, "weight": 0.003546}, {"source": 5, "target": 36, "weight": 0.006645}, {"source": 5, "target": 22, "weight": 0.015326}, {"source": 5, "target": 23, "weight": 0.034591}, {"source": 5, "target": 55, "weight": 0.00738}, {"source": 5, "target": 134, "weight": 0.005865}, {"source": 5, "target": 27, "weight": 0.003774}, {"source": 5, "target": 136, "weight": 0.017647}, {"source": 5, "target": 138, "weight": 0.00339}, {"source": 5, "target": 29, "weight": 0.007143}, {"source": 5, "target": 31, "weight": 0.003663}, {"source": 5, "target": 72, "weight": 0.00365}, {"source": 5, "target": 144, "weight": 0.003058}, {"source": 5, "target": 32, "weight": 0.041408}, {"source": 5, "target": 33, "weight": 0.005618}, {"source": 5, "target": 150, "weight": 0.009615}, {"source": 5, "target": 35, "weight": 0.002577}, {"source": 5, "target": 110, "weight": 0.007435}, {"source": 5, "target": 111, "weight": 0.013514}, {"source": 5, "target": 112, "weight": 0.003521}, {"source": 6, "target": 9, "weight": 0.003205}, {"source": 6, "target": 70, "weight": 0.006192}, {"source": 6, "target": 71, "weight": 0.005831}, {"source": 6, "target": 119, "weight": 0.123746}, {"source": 6, "target": 120, "weight": 0.002123}, {"source": 6, "target": 74, "weight": 0.006356}, {"source": 6, "target": 83, "weight": 0.00304}, {"source": 6, "target": 47, "weight": 0.003145}, {"source": 6, "target": 51, "weight": 0.002762}, {"source": 6, "target": 52, "weight": 0.005634}, {"source": 6, "target": 28, "weight": 0.003311}, {"source": 6, "target": 91, "weight": 0.003215}, {"source": 6, "target": 18, "weight": 0.006211}, {"source": 6, "target": 95, "weight": 0.035336}, {"source": 6, "target": 96, "weight": 0.019178}, {"source": 6, "target": 53, "weight": 0.002551}, {"source": 6, "target": 54, "weight": 0.013072}, {"source": 6, "target": 21, "weight": 0.012618}, {"source": 6, "target": 99, "weight": 0.006329}, {"source": 6, "target": 23, "weight": 0.00565}, {"source": 6, "target": 55, "weight": 0.010101}, {"source": 6, "target": 88, "weight": 0.010239}, {"source": 6, "target": 139, "weight": 0.003344}, {"source": 6, "target": 143, "weight": 0.00304}, {"source": 6, "target": 144, "weight": 0.002825}, {"source": 6, "target": 59, "weight": 0.013369}, {"source": 6, "target": 16, "weight": 0.003322}, {"source": 6, "target": 150, "weight": 0.002933}, {"source": 6, "target": 64, "weight": 0.003311}, {"source": 6, "target": 112, "weight": 0.012987}, {"source": 7, "target": 29, "weight": 0.046512}, {"source": 7, "target": 130, "weight": 0.006849}, {"source": 7, "target": 36, "weight": 0.006452}, {"source": 7, "target": 96, "weight": 0.005076}, {"source": 7, "target": 70, "weight": 0.006667}, {"source": 7, "target": 83, "weight": 0.061224}, {"source": 7, "target": 21, "weight": 0.006849}, {"source": 7, "target": 150, "weight": 0.005988}, {"source": 7, "target": 120, "weight": 0.006757}, {"source": 7, "target": 134, "weight": 0.048128}, {"source": 7, "target": 144, "weight": 0.011173}, {"source": 7, "target": 51, "weight": 0.010695}, {"source": 8, "target": 77, "weight": 0.005618}, {"source": 8, "target": 135, "weight": 0.071429}, {"source": 9, "target": 17, "weight": 0.006711}, {"source": 9, "target": 30, "weight": 0.010204}, {"source": 9, "target": 67, "weight": 0.021739}, {"source": 9, "target": 96, "weight": 0.008333}, {"source": 9, "target": 100, "weight": 0.035294}, {"source": 9, "target": 148, "weight": 0.013889}, {"source": 9, "target": 107, "weight": 0.016667}, {"source": 9, "target": 124, "weight": 0.016393}, {"source": 9, "target": 23, "weight": 0.05}, {"source": 9, "target": 60, "weight": 0.009346}, {"source": 9, "target": 108, "weight": 0.075472}, {"source": 9, "target": 149, "weight": 0.5}, {"source": 9, "target": 127, "weight": 0.030769}, {"source": 9, "target": 14, "weight": 0.015152}, {"source": 9, "target": 62, "weight": 0.011905}, {"source": 9, "target": 74, "weight": 0.004484}, {"source": 9, "target": 134, "weight": 0.008475}, {"source": 9, "target": 121, "weight": 0.02381}, {"source": 10, "target": 129, "weight": 0.012821}, {"source": 10, "target": 18, "weight": 0.015385}, {"source": 10, "target": 95, "weight": 0.029412}, {"source": 10, "target": 47, "weight": 0.016667}, {"source": 10, "target": 119, "weight": 0.026316}, {"source": 10, "target": 99, "weight": 0.016949}, {"source": 11, "target": 144, "weight": 0.007246}, {"source": 11, "target": 96, "weight": 0.006452}, {"source": 11, "target": 41, "weight": 0.025316}, {"source": 11, "target": 107, "weight": 0.116279}, {"source": 11, "target": 120, "weight": 0.007874}, {"source": 11, "target": 126, "weight": 0.009615}, {"source": 11, "target": 14, "weight": 0.0625}, {"source": 11, "target": 74, "weight": 0.003876}, {"source": 12, "target": 92, "weight": 0.006173}, {"source": 12, "target": 138, "weight": 0.013158}, {"source": 12, "target": 18, "weight": 0.012987}, {"source": 12, "target": 20, "weight": 0.011561}, {"source": 12, "target": 59, "weight": 0.007576}, {"source": 12, "target": 120, "weight": 0.013453}, {"source": 12, "target": 126, "weight": 0.071429}, {"source": 12, "target": 75, "weight": 0.00885}, {"source": 12, "target": 108, "weight": 0.016393}, {"source": 13, "target": 107, "weight": 0.111111}, {"source": 13, "target": 104, "weight": 0.010417}, {"source": 13, "target": 41, "weight": 0.015625}, {"source": 13, "target": 147, "weight": 0.014085}, {"source": 13, "target": 14, "weight": 0.036145}, {"source": 13, "target": 122, "weight": 0.015152}, {"source": 14, "target": 20, "weight": 0.005747}, {"source": 14, "target": 57, "weight": 0.009174}, {"source": 14, "target": 107, "weight": 0.294118}, {"source": 14, "target": 124, "weight": 0.015152}, {"source": 14, "target": 120, "weight": 0.013453}, {"source": 14, "target": 126, "weight": 0.013514}, {"source": 14, "target": 149, "weight": 0.010638}, {"source": 14, "target": 58, "weight": 0.01087}, {"source": 15, "target": 96, "weight": 0.008547}, {"source": 15, "target": 70, "weight": 0.028986}, {"source": 15, "target": 53, "weight": 0.014599}, {"source": 16, "target": 44, "weight": 0.044444}, {"source": 16, "target": 104, "weight": 0.015152}, {"source": 16, "target": 33, "weight": 0.008197}, {"source": 16, "target": 67, "weight": 0.003155}, {"source": 17, "target": 129, "weight": 0.011628}, {"source": 17, "target": 100, "weight": 0.011494}, {"source": 17, "target": 118, "weight": 0.006623}, {"source": 17, "target": 53, "weight": 0.008772}, {"source": 17, "target": 70, "weight": 0.018868}, {"source": 17, "target": 104, "weight": 0.006061}, {"source": 17, "target": 71, "weight": 0.005525}, {"source": 17, "target": 143, "weight": 0.006024}, {"source": 17, "target": 47, "weight": 0.006452}, {"source": 17, "target": 99, "weight": 0.013072}, {"source": 17, "target": 83, "weight": 0.012121}, {"source": 17, "target": 134, "weight": 0.004854}, {"source": 17, "target": 74, "weight": 0.009709}, {"source": 17, "target": 36, "weight": 0.006024}, {"source": 18, "target": 92, "weight": 0.134228}, {"source": 18, "target": 59, "weight": 0.007246}, {"source": 18, "target": 147, "weight": 0.015873}, {"source": 18, "target": 81, "weight": 0.004484}, {"source": 18, "target": 116, "weight": 0.015385}, {"source": 18, "target": 71, "weight": 0.019417}, {"source": 18, "target": 83, "weight": 0.011236}, {"source": 18, "target": 21, "weight": 0.051948}, {"source": 18, "target": 32, "weight": 0.00346}, {"source": 18, "target": 33, "weight": 0.006944}, {"source": 18, "target": 120, "weight": 0.004329}, {"source": 18, "target": 115, "weight": 0.083832}, {"source": 18, "target": 50, "weight": 0.014085}, {"source": 18, "target": 51, "weight": 0.016529}, {"source": 18, "target": 74, "weight": 0.004274}, {"source": 18, "target": 75, "weight": 0.043478}, {"source": 18, "target": 36, "weight": 0.011236}, {"source": 19, "target": 35, "weight": 0.006993}, {"source": 19, "target": 23, "weight": 0.037037}, {"source": 19, "target": 109, "weight": 0.25}, {"source": 20, "target": 41, "weight": 0.006536}, {"source": 20, "target": 119, "weight": 0.015789}, {"source": 20, "target": 120, "weight": 0.481982}, {"source": 20, "target": 121, "weight": 0.013423}, {"source": 20, "target": 144, "weight": 0.014354}, {"source": 20, "target": 83, "weight": 0.005376}, {"source": 20, "target": 125, "weight": 0.018293}, {"source": 20, "target": 126, "weight": 0.040936}, {"source": 20, "target": 127, "weight": 0.005747}, {"source": 20, "target": 51, "weight": 0.004566}, {"source": 20, "target": 130, "weight": 0.00565}, {"source": 20, "target": 96, "weight": 0.004386}, {"source": 20, "target": 23, "weight": 0.004717}, {"source": 20, "target": 134, "weight": 0.004425}, {"source": 20, "target": 29, "weight": 0.012195}, {"source": 20, "target": 107, "weight": 0.005952}, {"source": 20, "target": 150, "weight": 0.010152}, {"source": 20, "target": 112, "weight": 0.005952}, {"source": 21, "target": 101, "weight": 0.026667}, {"source": 21, "target": 92, "weight": 0.006061}, {"source": 21, "target": 66, "weight": 0.015385}, {"source": 21, "target": 68, "weight": 0.009346}, {"source": 21, "target": 110, "weight": 0.037736}, {"source": 21, "target": 81, "weight": 0.004545}, {"source": 21, "target": 59, "weight": 0.007407}, {"source": 21, "target": 71, "weight": 0.030303}, {"source": 21, "target": 119, "weight": 0.01087}, {"source": 21, "target": 72, "weight": 0.017241}, {"source": 21, "target": 128, "weight": 0.014706}, {"source": 21, "target": 32, "weight": 0.003497}, {"source": 21, "target": 75, "weight": 0.008621}, {"source": 21, "target": 25, "weight": 0.027027}, {"source": 21, "target": 88, "weight": 0.019231}, {"source": 21, "target": 35, "weight": 0.005814}, {"source": 21, "target": 28, "weight": 0.016949}, {"source": 22, "target": 134, "weight": 0.010309}, {"source": 22, "target": 59, "weight": 0.009434}, {"source": 23, "target": 67, "weight": 0.005405}, {"source": 23, "target": 116, "weight": 0.010309}, {"source": 23, "target": 26, "weight": 0.011364}, {"source": 23, "target": 120, "weight": 0.003802}, {"source": 23, "target": 58, "weight": 0.007692}, {"source": 23, "target": 77, "weight": 0.004367}, {"source": 23, "target": 97, "weight": 0.011364}, {"source": 23, "target": 127, "weight": 0.009174}, {"source": 23, "target": 100, "weight": 0.007692}, {"source": 23, "target": 88, "weight": 0.011494}, {"source": 23, "target": 29, "weight": 0.020202}, {"source": 23, "target": 141, "weight": 0.016807}, {"source": 23, "target": 144, "weight": 0.006849}, {"source": 23, "target": 60, "weight": 0.006667}, {"source": 23, "target": 149, "weight": 0.039063}, {"source": 23, "target": 136, "weight": 0.006098}, {"source": 23, "target": 109, "weight": 0.034884}, {"source": 23, "target": 36, "weight": 0.008264}, {"source": 24, "target": 129, "weight": 0.247619}, {"source": 24, "target": 100, "weight": 0.007576}, {"source": 24, "target": 118, "weight": 0.267442}, {"source": 24, "target": 47, "weight": 0.036697}, {"source": 24, "target": 99, "weight": 0.018182}, {"source": 24, "target": 74, "weight": 0.018939}, {"source": 25, "target": 101, "weight": 0.666667}, {"source": 25, "target": 35, "weight": 0.005882}, {"source": 26, "target": 105, "weight": 0.034483}, {"source": 26, "target": 88, "weight": 0.16}, {"source": 26, "target": 33, "weight": 0.017241}, {"source": 26, "target": 97, "weight": 0.875}, {"source": 27, "target": 59, "weight": 0.009346}, {"source": 28, "target": 44, "weight": 0.021277}, {"source": 28, "target": 46, "weight": 0.019231}, {"source": 28, "target": 115, "weight": 0.012658}, {"source": 28, "target": 81, "weight": 0.00995}, {"source": 28, "target": 98, "weight": 0.018519}, {"source": 28, "target": 83, "weight": 0.014706}, {"source": 28, "target": 32, "weight": 0.003731}, {"source": 28, "target": 54, "weight": 0.020833}, {"source": 28, "target": 29, "weight": 0.021277}, {"source": 28, "target": 74, "weight": 0.004695}, {"source": 29, "target": 92, "weight": 0.019868}, {"source": 29, "target": 115, "weight": 0.006061}, {"source": 29, "target": 39, "weight": 0.042254}, {"source": 29, "target": 120, "weight": 0.009302}, {"source": 29, "target": 51, "weight": 0.009346}, {"source": 30, "target": 129, "weight": 0.008197}, {"source": 30, "target": 100, "weight": 0.01626}, {"source": 30, "target": 104, "weight": 0.008772}, {"source": 30, "target": 70, "weight": 0.067308}, {"source": 30, "target": 53, "weight": 0.011299}, {"source": 30, "target": 71, "weight": 0.007692}, {"source": 30, "target": 118, "weight": 0.01}, {"source": 30, "target": 99, "weight": 0.009709}, {"source": 30, "target": 74, "weight": 0.011628}, {"source": 30, "target": 36, "weight": 0.008696}, {"source": 31, "target": 130, "weight": 0.017544}, {"source": 31, "target": 83, "weight": 0.015152}, {"source": 31, "target": 99, "weight": 0.018519}, {"source": 31, "target": 120, "weight": 0.004808}, {"source": 31, "target": 87, "weight": 0.016393}, {"source": 31, "target": 134, "weight": 0.009434}, {"source": 31, "target": 74, "weight": 0.004739}, {"source": 31, "target": 91, "weight": 0.580645}, {"source": 32, "target": 66, "weight": 0.00365}, {"source": 32, "target": 114, "weight": 0.003717}, {"source": 32, "target": 71, "weight": 0.00974}, {"source": 32, "target": 41, "weight": 0.003817}, {"source": 32, "target": 120, "weight": 0.004587}, {"source": 32, "target": 74, "weight": 0.016129}, {"source": 32, "target": 83, "weight": 0.010239}, {"source": 32, "target": 96, "weight": 0.015015}, {"source": 32, "target": 55, "weight": 0.003774}, {"source": 32, "target": 139, "weight": 0.003774}, {"source": 32, "target": 134, "weight": 0.012048}, {"source": 32, "target": 100, "weight": 0.003289}, {"source": 32, "target": 56, "weight": 0.003788}, {"source": 32, "target": 143, "weight": 0.006803}, {"source": 32, "target": 144, "weight": 0.019048}, {"source": 32, "target": 59, "weight": 0.008772}, {"source": 32, "target": 90, "weight": 0.003953}, {"source": 32, "target": 112, "weight": 0.007246}, {"source": 33, "target": 53, "weight": 0.043902}, {"source": 33, "target": 70, "weight": 0.006897}, {"source": 33, "target": 104, "weight": 0.239669}, {"source": 33, "target": 147, "weight": 0.008065}, {"source": 33, "target": 125, "weight": 0.007692}, {"source": 33, "target": 97, "weight": 0.017241}, {"source": 33, "target": 91, "weight": 0.007576}, {"source": 34, "target": 37, "weight": 0.714286}, {"source": 35, "target": 101, "weight": 0.005848}, {"source": 35, "target": 109, "weight": 0.006757}, {"source": 35, "target": 144, "weight": 0.009756}, {"source": 35, "target": 79, "weight": 0.013793}, {"source": 35, "target": 59, "weight": 0.143564}, {"source": 35, "target": 96, "weight": 0.004484}, {"source": 35, "target": 106, "weight": 0.006135}, {"source": 35, "target": 71, "weight": 0.005102}, {"source": 35, "target": 119, "weight": 0.010753}, {"source": 35, "target": 99, "weight": 0.005917}, {"source": 35, "target": 125, "weight": 0.006211}, {"source": 35, "target": 51, "weight": 0.004673}, {"source": 35, "target": 74, "weight": 0.006154}, {"source": 35, "target": 134, "weight": 0.162304}, {"source": 35, "target": 91, "weight": 0.006135}, {"source": 36, "target": 92, "weight": 0.017442}, {"source": 36, "target": 39, "weight": 0.010638}, {"source": 36, "target": 67, "weight": 0.002899}, {"source": 36, "target": 75, "weight": 0.008}, {"source": 36, "target": 81, "weight": 0.004367}, {"source": 36, "target": 116, "weight": 0.44}, {"source": 36, "target": 106, "weight": 0.012987}, {"source": 36, "target": 71, "weight": 0.009091}, {"source": 36, "target": 150, "weight": 0.009346}, {"source": 36, "target": 59, "weight": 0.021127}, {"source": 36, "target": 125, "weight": 0.013333}, {"source": 36, "target": 115, "weight": 0.016304}, {"source": 36, "target": 77, "weight": 0.004926}, {"source": 36, "target": 142, "weight": 0.009901}, {"source": 36, "target": 112, "weight": 0.026316}, {"source": 38, "target": 81, "weight": 0.016129}, {"source": 38, "target": 71, "weight": 0.014493}, {"source": 39, "target": 116, "weight": 0.014286}, {"source": 39, "target": 119, "weight": 0.01}, {"source": 39, "target": 150, "weight": 0.019048}, {"source": 39, "target": 59, "weight": 0.014085}, {"source": 39, "target": 120, "weight": 0.008511}, {"source": 39, "target": 134, "weight": 0.007463}, {"source": 39, "target": 51, "weight": 0.007874}, {"source": 40, "target": 59, "weight": 0.008547}, {"source": 40, "target": 134, "weight": 0.009259}, {"source": 40, "target": 96, "weight": 0.009091}, {"source": 40, "target": 51, "weight": 0.009901}, {"source": 41, "target": 129, "weight": 0.014493}, {"source": 41, "target": 96, "weight": 0.009615}, {"source": 41, "target": 144, "weight": 0.011494}, {"source": 41, "target": 124, "weight": 0.022222}, {"source": 41, "target": 120, "weight": 0.004902}, {"source": 41, "target": 107, "weight": 0.022727}, {"source": 42, "target": 150, "weight": 0.010204}, {"source": 42, "target": 130, "weight": 0.471698}, {"source": 42, "target": 96, "weight": 0.240385}, {"source": 42, "target": 83, "weight": 0.011628}, {"source": 42, "target": 114, "weight": 0.033898}, {"source": 43, "target": 70, "weight": 0.015625}, {"source": 43, "target": 117, "weight": 0.020833}, {"source": 44, "target": 53, "weight": 0.007299}, {"source": 44, "target": 106, "weight": 0.055556}, {"source": 45, "target": 71, "weight": 0.011236}, {"source": 46, "target": 106, "weight": 0.033333}, {"source": 46, "target": 83, "weight": 0.081081}, {"source": 46, "target": 87, "weight": 0.013514}, {"source": 46, "target": 74, "weight": 0.066351}, {"source": 46, "target": 52, "weight": 0.009434}, {"source": 46, "target": 91, "weight": 0.016393}, {"source": 47, "target": 113, "weight": 0.017544}, {"source": 47, "target": 129, "weight": 0.010989}, {"source": 47, "target": 66, "weight": 0.015873}, {"source": 47, "target": 94, "weight": 0.011905}, {"source": 47, "target": 82, "weight": 0.065217}, {"source": 47, "target": 81, "weight": 0.111675}, {"source": 47, "target": 69, "weight": 0.016393}, {"source": 47, "target": 118, "weight": 0.014493}, {"source": 47, "target": 119, "weight": 0.011111}, {"source": 47, "target": 99, "weight": 0.280702}, {"source": 47, "target": 77, "weight": 0.005208}, {"source": 47, "target": 136, "weight": 0.007874}, {"source": 47, "target": 74, "weight": 0.017699}, {"source": 47, "target": 135, "weight": 0.013699}, {"source": 47, "target": 89, "weight": 0.016949}, {"source": 48, "target": 125, "weight": 0.018182}, {"source": 48, "target": 144, "weight": 0.020202}, {"source": 49, "target": 117, "weight": 0.011236}, {"source": 49, "target": 143, "weight": 0.009091}, {"source": 49, "target": 119, "weight": 0.008621}, {"source": 49, "target": 150, "weight": 0.008197}, {"source": 49, "target": 59, "weight": 0.006289}, {"source": 49, "target": 120, "weight": 0.003968}, {"source": 49, "target": 83, "weight": 0.009091}, {"source": 49, "target": 51, "weight": 0.006993}, {"source": 49, "target": 74, "weight": 0.003922}, {"source": 49, "target": 52, "weight": 0.007299}, {"source": 50, "target": 70, "weight": 0.013889}, {"source": 50, "target": 53, "weight": 0.007143}, {"source": 50, "target": 83, "weight": 0.012987}, {"source": 50, "target": 120, "weight": 0.032864}, {"source": 50, "target": 51, "weight": 0.009091}, {"source": 50, "target": 74, "weight": 0.004505}, {"source": 51, "target": 115, "weight": 0.023256}, {"source": 51, "target": 117, "weight": 0.009346}, {"source": 51, "target": 120, "weight": 0.003704}, {"source": 51, "target": 67, "weight": 0.041209}, {"source": 51, "target": 74, "weight": 0.003663}, {"source": 51, "target": 75, "weight": 0.006329}, {"source": 51, "target": 61, "weight": 0.009259}, {"source": 51, "target": 81, "weight": 0.011538}, {"source": 51, "target": 83, "weight": 0.007813}, {"source": 51, "target": 65, "weight": 0.010204}, {"source": 51, "target": 126, "weight": 0.016949}, {"source": 51, "target": 87, "weight": 0.00813}, {"source": 51, "target": 127, "weight": 0.008621}, {"source": 51, "target": 148, "weight": 0.008197}, {"source": 51, "target": 92, "weight": 0.014634}, {"source": 51, "target": 133, "weight": 0.009346}, {"source": 51, "target": 142, "weight": 0.007463}, {"source": 51, "target": 100, "weight": 0.007299}, {"source": 51, "target": 134, "weight": 0.005952}, {"source": 51, "target": 62, "weight": 0.007463}, {"source": 51, "target": 138, "weight": 0.008264}, {"source": 51, "target": 140, "weight": 0.009434}, {"source": 51, "target": 99, "weight": 0.008621}, {"source": 51, "target": 72, "weight": 0.01}, {"source": 51, "target": 144, "weight": 0.006536}, {"source": 51, "target": 59, "weight": 0.00565}, {"source": 51, "target": 60, "weight": 0.006369}, {"source": 51, "target": 150, "weight": 0.007143}, {"source": 51, "target": 63, "weight": 0.011628}, {"source": 51, "target": 111, "weight": 0.008}, {"source": 52, "target": 145, "weight": 0.007353}, {"source": 52, "target": 92, "weight": 0.004975}, {"source": 52, "target": 66, "weight": 0.009901}, {"source": 52, "target": 68, "weight": 0.014085}, {"source": 52, "target": 115, "weight": 0.014218}, {"source": 52, "target": 106, "weight": 0.009615}, {"source": 52, "target": 71, "weight": 0.007299}, {"source": 52, "target": 58, "weight": 0.007634}, {"source": 52, "target": 133, "weight": 0.009901}, {"source": 52, "target": 77, "weight": 0.004348}, {"source": 52, "target": 86, "weight": 0.019608}, {"source": 52, "target": 74, "weight": 0.003745}, {"source": 52, "target": 75, "weight": 0.006579}, {"source": 52, "target": 76, "weight": 0.008929}, {"source": 53, "target": 145, "weight": 0.011696}, {"source": 53, "target": 74, "weight": 0.016722}, {"source": 53, "target": 67, "weight": 0.046036}, {"source": 53, "target": 105, "weight": 0.04698}, {"source": 53, "target": 104, "weight": 0.012821}, {"source": 53, "target": 100, "weight": 0.005988}, {"source": 53, "target": 58, "weight": 0.012048}, {"source": 53, "target": 125, "weight": 0.007246}, {"source": 53, "target": 70, "weight": 0.033557}, {"source": 53, "target": 135, "weight": 0.006803}, {"source": 54, "target": 77, "weight": 0.005464}, {"source": 54, "target": 98, "weight": 0.771429}, {"source": 55, "target": 96, "weight": 0.038462}, {"source": 55, "target": 59, "weight": 0.008772}, {"source": 55, "target": 144, "weight": 0.022472}, {"source": 55, "target": 119, "weight": 0.014085}, {"source": 55, "target": 148, "weight": 0.016949}, {"source": 55, "target": 62, "weight": 0.014085}, {"source": 55, "target": 74, "weight": 0.004762}, {"source": 55, "target": 134, "weight": 0.009524}, {"source": 56, "target": 83, "weight": 0.015625}, {"source": 57, "target": 129, "weight": 0.015748}, {"source": 57, "target": 100, "weight": 0.007692}, {"source": 57, "target": 70, "weight": 0.017391}, {"source": 57, "target": 118, "weight": 0.019048}, {"source": 57, "target": 107, "weight": 0.019608}, {"source": 57, "target": 137, "weight": 0.213333}, {"source": 58, "target": 100, "weight": 0.00885}, {"source": 58, "target": 143, "weight": 0.019417}, {"source": 58, "target": 107, "weight": 0.011628}, {"source": 58, "target": 120, "weight": 0.004065}, {"source": 58, "target": 109, "weight": 0.014085}, {"source": 59, "target": 116, "weight": 0.025424}, {"source": 59, "target": 117, "weight": 0.00813}, {"source": 59, "target": 119, "weight": 0.006667}, {"source": 59, "target": 67, "weight": 0.002538}, {"source": 59, "target": 74, "weight": 0.00346}, {"source": 59, "target": 75, "weight": 0.023392}, {"source": 59, "target": 76, "weight": 0.007463}, {"source": 59, "target": 77, "weight": 0.003968}, {"source": 59, "target": 79, "weight": 0.009174}, {"source": 59, "target": 81, "weight": 0.021978}, {"source": 59, "target": 83, "weight": 0.006944}, {"source": 59, "target": 125, "weight": 0.008065}, {"source": 59, "target": 148, "weight": 0.061069}, {"source": 59, "target": 92, "weight": 0.027523}, {"source": 59, "target": 123, "weight": 0.016529}, {"source": 59, "target": 95, "weight": 0.009346}, {"source": 59, "target": 136, "weight": 0.016216}, {"source": 59, "target": 96, "weight": 0.005376}, {"source": 59, "target": 133, "weight": 0.00813}, {"source": 59, "target": 142, "weight": 0.006667}, {"source": 59, "target": 134, "weight": 0.193548}, {"source": 59, "target": 88, "weight": 0.027778}, {"source": 59, "target": 139, "weight": 0.036036}, {"source": 59, "target": 106, "weight": 0.016}, {"source": 59, "target": 144, "weight": 0.011905}, {"source": 59, "target": 60, "weight": 0.011628}, {"source": 59, "target": 150, "weight": 0.00641}, {"source": 59, "target": 62, "weight": 0.055944}, {"source": 60, "target": 95, "weight": 0.011494}, {"source": 60, "target": 106, "weight": 0.009434}, {"source": 60, "target": 150, "weight": 0.007353}, {"source": 61, "target": 122, "weight": 0.022727}, {"source": 61, "target": 74, "weight": 0.004545}, {"source": 61, "target": 143, "weight": 0.013333}, {"source": 61, "target": 144, "weight": 0.01}, {"source": 62, "target": 96, "weight": 0.006993}, {"source": 62, "target": 117, "weight": 0.0125}, {"source": 62, "target": 99, "weight": 0.011236}, {"source": 62, "target": 134, "weight": 0.526882}, {"source": 62, "target": 74, "weight": 0.004065}, {"source": 62, "target": 91, "weight": 0.012048}, {"source": 63, "target": 127, "weight": 0.02439}, {"source": 63, "target": 120, "weight": 0.005128}, {"source": 63, "target": 126, "weight": 0.046512}, {"source": 64, "target": 150, "weight": 0.0125}, {"source": 64, "target": 72, "weight": 0.025}, {"source": 66, "target": 144, "weight": 0.010101}, {"source": 66, "target": 81, "weight": 0.004808}, {"source": 66, "target": 112, "weight": 0.017857}, {"source": 67, "target": 114, "weight": 0.003135}, {"source": 67, "target": 70, "weight": 0.002941}, {"source": 67, "target": 118, "weight": 0.00303}, {"source": 67, "target": 120, "weight": 0.006186}, {"source": 67, "target": 74, "weight": 0.018672}, {"source": 67, "target": 104, "weight": 0.005831}, {"source": 67, "target": 126, "weight": 0.002976}, {"source": 67, "target": 127, "weight": 0.006024}, {"source": 67, "target": 129, "weight": 0.002841}, {"source": 67, "target": 116, "weight": 0.003115}, {"source": 67, "target": 99, "weight": 0.003003}, {"source": 67, "target": 134, "weight": 0.002597}, {"source": 67, "target": 100, "weight": 0.152597}, {"source": 67, "target": 143, "weight": 0.002899}, {"source": 67, "target": 107, "weight": 0.006135}, {"source": 67, "target": 146, "weight": 0.003096}, {"source": 67, "target": 150, "weight": 0.002801}, {"source": 68, "target": 145, "weight": 0.048}, {"source": 68, "target": 144, "weight": 0.007092}, {"source": 68, "target": 119, "weight": 0.008197}, {"source": 68, "target": 72, "weight": 0.011364}, {"source": 68, "target": 74, "weight": 0.003831}, {"source": 69, "target": 129, "weight": 0.012658}, {"source": 69, "target": 79, "weight": 0.027027}, {"source": 69, "target": 117, "weight": 0.019608}, {"source": 69, "target": 119, "weight": 0.025974}, {"source": 69, "target": 120, "weight": 0.004673}, {"source": 69, "target": 144, "weight": 0.010309}, {"source": 70, "target": 104, "weight": 0.011236}, {"source": 70, "target": 71, "weight": 0.019231}, {"source": 70, "target": 74, "weight": 0.004255}, {"source": 70, "target": 135, "weight": 0.012658}, {"source": 71, "target": 92, "weight": 0.005291}, {"source": 71, "target": 115, "weight": 0.004975}, {"source": 71, "target": 81, "weight": 0.004098}, {"source": 71, "target": 119, "weight": 0.008621}, {"source": 71, "target": 72, "weight": 0.012195}, {"source": 71, "target": 134, "weight": 0.006667}, {"source": 72, "target": 79, "weight": 0.03125}, {"source": 72, "target": 86, "weight": 0.020833}, {"source": 72, "target": 74, "weight": 0.004717}, {"source": 72, "target": 111, "weight": 0.031746}, {"source": 72, "target": 112, "weight": 0.020408}, {"source": 73, "target": 129, "weight": 0.015385}, {"source": 73, "target": 118, "weight": 0.023256}, {"source": 74, "target": 115, "weight": 0.006061}, {"source": 74, "target": 75, "weight": 0.003704}, {"source": 74, "target": 81, "weight": 0.01626}, {"source": 74, "target": 82, "weight": 0.03252}, {"source": 74, "target": 83, "weight": 0.025532}, {"source": 74, "target": 85, "weight": 0.004464}, {"source": 74, "target": 86, "weight": 0.018349}, {"source": 74, "target": 89, "weight": 0.004651}, {"source": 74, "target": 91, "weight": 0.004505}, {"source": 74, "target": 92, "weight": 0.003135}, {"source": 74, "target": 129, "weight": 0.00813}, {"source": 74, "target": 94, "weight": 0.004167}, {"source": 74, "target": 136, "weight": 0.003534}, {"source": 74, "target": 96, "weight": 0.007117}, {"source": 74, "target": 118, "weight": 0.004444}, {"source": 74, "target": 142, "weight": 0.004065}, {"source": 74, "target": 134, "weight": 0.003571}, {"source": 74, "target": 135, "weight": 0.013216}, {"source": 74, "target": 100, "weight": 0.004016}, {"source": 74, "target": 99, "weight": 0.008811}, {"source": 74, "target": 143, "weight": 0.004167}, {"source": 74, "target": 144, "weight": 0.003774}, {"source": 74, "target": 148, "weight": 0.004274}, {"source": 74, "target": 149, "weight": 0.003984}, {"source": 74, "target": 110, "weight": 0.009662}, {"source": 74, "target": 112, "weight": 0.004505}, {"source": 75, "target": 145, "weight": 0.007194}, {"source": 75, "target": 150, "weight": 0.037594}, {"source": 75, "target": 144, "weight": 0.006667}, {"source": 75, "target": 83, "weight": 0.02439}, {"source": 75, "target": 120, "weight": 0.003745}, {"source": 75, "target": 139, "weight": 0.010526}, {"source": 75, "target": 91, "weight": 0.009346}, {"source": 76, "target": 117, "weight": 0.015625}, {"source": 76, "target": 144, "weight": 0.009091}, {"source": 76, "target": 119, "weight": 0.010989}, {"source": 76, "target": 120, "weight": 0.00885}, {"source": 76, "target": 137, "weight": 0.078431}, {"source": 77, "target": 95, "weight": 0.006024}, {"source": 77, "target": 114, "weight": 0.00565}, {"source": 77, "target": 130, "weight": 0.048387}, {"source": 77, "target": 106, "weight": 0.005405}, {"source": 77, "target": 96, "weight": 0.118182}, {"source": 77, "target": 116, "weight": 0.005587}, {"source": 77, "target": 117, "weight": 0.005495}, {"source": 77, "target": 119, "weight": 0.009615}, {"source": 77, "target": 150, "weight": 0.004651}, {"source": 77, "target": 83, "weight": 0.004926}, {"source": 77, "target": 87, "weight": 0.005051}, {"source": 77, "target": 122, "weight": 0.005814}, {"source": 78, "target": 90, "weight": 0.034483}, {"source": 79, "target": 115, "weight": 0.006623}, {"source": 79, "target": 81, "weight": 0.031746}, {"source": 79, "target": 144, "weight": 0.02381}, {"source": 79, "target": 119, "weight": 0.015152}, {"source": 79, "target": 136, "weight": 0.019608}, {"source": 79, "target": 134, "weight": 0.01}, {"source": 80, "target": 134, "weight": 0.009174}, {"source": 81, "target": 116, "weight": 0.004878}, {"source": 81, "target": 117, "weight": 0.004808}, {"source": 81, "target": 118, "weight": 0.014151}, {"source": 81, "target": 119, "weight": 0.008547}, {"source": 81, "target": 114, "weight": 0.004926}, {"source": 81, "target": 91, "weight": 0.009524}, {"source": 81, "target": 129, "weight": 0.017167}, {"source": 81, "target": 130, "weight": 0.004545}, {"source": 81, "target": 96, "weight": 0.014925}, {"source": 81, "target": 99, "weight": 0.028302}, {"source": 81, "target": 134, "weight": 0.022727}, {"source": 81, "target": 137, "weight": 0.005051}, {"source": 81, "target": 100, "weight": 0.004202}, {"source": 81, "target": 106, "weight": 0.004739}, {"source": 81, "target": 144, "weight": 0.015936}, {"source": 82, "target": 101, "weight": 0.010204}, {"source": 82, "target": 129, "weight": 0.035714}, {"source": 82, "target": 96, "weight": 0.006667}, {"source": 82, "target": 118, "weight": 0.021739}, {"source": 82, "target": 83, "weight": 0.009259}, {"source": 82, "target": 99, "weight": 0.065934}, {"source": 83, "target": 115, "weight": 0.027473}, {"source": 83, "target": 120, "weight": 0.004219}, {"source": 83, "target": 125, "weight": 0.013333}, {"source": 83, "target": 86, "weight": 0.013158}, {"source": 83, "target": 87, "weight": 0.011111}, {"source": 83, "target": 91, "weight": 0.012987}, {"source": 83, "target": 92, "weight": 0.017442}, {"source": 83, "target": 130, "weight": 0.011628}, {"source": 83, "target": 96, "weight": 0.007299}, {"source": 83, "target": 133, "weight": 0.041667}, {"source": 83, "target": 142, "weight": 0.02}, {"source": 83, "target": 134, "weight": 0.054264}, {"source": 83, "target": 140, "weight": 0.013699}, {"source": 83, "target": 144, "weight": 0.008333}, {"source": 83, "target": 150, "weight": 0.009346}, {"source": 83, "target": 136, "weight": 0.007246}, {"source": 83, "target": 110, "weight": 0.015873}, {"source": 83, "target": 111, "weight": 0.01087}, {"source": 84, "target": 100, "weight": 0.010204}, {"source": 84, "target": 143, "weight": 0.011236}, {"source": 85, "target": 129, "weight": 0.023529}, {"source": 86, "target": 145, "weight": 0.011111}, {"source": 86, "target": 100, "weight": 0.011765}, {"source": 87, "target": 138, "weight": 0.037037}, {"source": 87, "target": 140, "weight": 0.568182}, {"source": 87, "target": 130, "weight": 0.012346}, {"source": 87, "target": 120, "weight": 0.00431}, {"source": 87, "target": 91, "weight": 0.013889}, {"source": 88, "target": 119, "weight": 0.014925}, {"source": 88, "target": 97, "weight": 0.16}, {"source": 89, "target": 129, "weight": 0.012987}, {"source": 89, "target": 118, "weight": 0.018182}, {"source": 90, "target": 102, "weight": 0.285714}, {"source": 91, "target": 113, "weight": 0.02}, {"source": 91, "target": 120, "weight": 0.004566}, {"source": 91, "target": 125, "weight": 0.017544}, {"source": 91, "target": 92, "weight": 0.00641}, {"source": 91, "target": 130, "weight": 0.014706}, {"source": 91, "target": 99, "weight": 0.015385}, {"source": 91, "target": 134, "weight": 0.008547}, {"source": 91, "target": 136, "weight": 0.008333}, {"source": 91, "target": 140, "weight": 0.018182}, {"source": 91, "target": 105, "weight": 0.013514}, {"source": 91, "target": 148, "weight": 0.014085}, {"source": 91, "target": 110, "weight": 0.022222}, {"source": 92, "target": 145, "weight": 0.005319}, {"source": 92, "target": 150, "weight": 0.033149}, {"source": 92, "target": 144, "weight": 0.005025}, {"source": 92, "target": 96, "weight": 0.00463}, {"source": 92, "target": 116, "weight": 0.006667}, {"source": 92, "target": 120, "weight": 0.003165}, {"source": 92, "target": 139, "weight": 0.006944}, {"source": 94, "target": 129, "weight": 0.303797}, {"source": 94, "target": 100, "weight": 0.009615}, {"source": 94, "target": 118, "weight": 0.396552}, {"source": 94, "target": 99, "weight": 0.012048}, {"source": 95, "target": 115, "weight": 0.006711}, {"source": 95, "target": 119, "weight": 0.015625}, {"source": 96, "target": 114, "weight": 0.027523}, {"source": 96, "target": 119, "weight": 0.028571}, {"source": 96, "target": 120, "weight": 0.003584}, {"source": 96, "target": 130, "weight": 0.240385}, {"source": 96, "target": 134, "weight": 0.00565}, {"source": 96, "target": 139, "weight": 0.009346}, {"source": 96, "target": 144, "weight": 0.025157}, {"source": 96, "target": 148, "weight": 0.007634}, {"source": 96, "target": 149, "weight": 0.006757}, {"source": 96, "target": 150, "weight": 0.006711}, {"source": 97, "target": 105, "weight": 0.034483}, {"source": 99, "target": 129, "weight": 0.022472}, {"source": 99, "target": 131, "weight": 0.026316}, {"source": 99, "target": 118, "weight": 0.014706}, {"source": 99, "target": 148, "weight": 0.012987}, {"source": 99, "target": 134, "weight": 0.00813}, {"source": 100, "target": 118, "weight": 0.011236}, {"source": 100, "target": 124, "weight": 0.011494}, {"source": 100, "target": 129, "weight": 0.009009}, {"source": 100, "target": 141, "weight": 0.04}, {"source": 100, "target": 107, "weight": 0.011628}, {"source": 100, "target": 108, "weight": 0.012195}, {"source": 100, "target": 149, "weight": 0.054545}, {"source": 103, "target": 119, "weight": 0.015873}, {"source": 104, "target": 105, "weight": 0.010989}, {"source": 105, "target": 147, "weight": 0.015152}, {"source": 105, "target": 125, "weight": 0.013889}, {"source": 106, "target": 109, "weight": 0.022727}, {"source": 106, "target": 136, "weight": 0.016807}, {"source": 106, "target": 116, "weight": 0.018868}, {"source": 106, "target": 144, "weight": 0.009804}, {"source": 106, "target": 115, "weight": 0.005952}, {"source": 106, "target": 125, "weight": 0.017544}, {"source": 106, "target": 111, "weight": 0.013514}, {"source": 107, "target": 124, "weight": 0.033898}, {"source": 107, "target": 120, "weight": 0.009174}, {"source": 107, "target": 126, "weight": 0.014706}, {"source": 107, "target": 149, "weight": 0.011364}, {"source": 108, "target": 137, "weight": 0.02381}, {"source": 108, "target": 126, "weight": 0.015625}, {"source": 112, "target": 116, "weight": 0.038462}, {"source": 112, "target": 120, "weight": 0.004566}, {"source": 113, "target": 119, "weight": 0.013514}, {"source": 114, "target": 130, "weight": 0.033898}, {"source": 114, "target": 150, "weight": 0.012346}, {"source": 115, "target": 116, "weight": 0.012422}, {"source": 115, "target": 144, "weight": 0.014354}, {"source": 115, "target": 122, "weight": 0.006452}, {"source": 115, "target": 150, "weight": 0.010152}, {"source": 115, "target": 120, "weight": 0.003049}, {"source": 115, "target": 134, "weight": 0.017937}, {"source": 116, "target": 142, "weight": 0.012987}, {"source": 117, "target": 144, "weight": 0.010101}, {"source": 117, "target": 148, "weight": 0.014706}, {"source": 117, "target": 134, "weight": 0.008772}, {"source": 118, "target": 129, "weight": 0.353846}, {"source": 118, "target": 131, "weight": 0.028571}, {"source": 119, "target": 120, "weight": 0.004115}, {"source": 119, "target": 133, "weight": 0.0125}, {"source": 119, "target": 136, "weight": 0.013986}, {"source": 120, "target": 121, "weight": 0.01}, {"source": 120, "target": 125, "weight": 0.013953}, {"source": 120, "target": 126, "weight": 0.050459}, {"source": 120, "target": 127, "weight": 0.004444}, {"source": 120, "target": 130, "weight": 0.008811}, {"source": 120, "target": 134, "weight": 0.00361}, {"source": 120, "target": 140, "weight": 0.004651}, {"source": 120, "target": 144, "weight": 0.011538}, {"source": 120, "target": 147, "weight": 0.004739}, {"source": 120, "target": 149, "weight": 0.008097}, {"source": 120, "target": 150, "weight": 0.008065}, {"source": 121, "target": 125, "weight": 0.025641}, {"source": 121, "target": 149, "weight": 0.014286}, {"source": 122, "target": 142, "weight": 0.014286}, {"source": 122, "target": 136, "weight": 0.009346}, {"source": 124, "target": 144, "weight": 0.029703}, {"source": 125, "target": 145, "weight": 0.011236}, {"source": 125, "target": 133, "weight": 0.018519}, {"source": 125, "target": 134, "weight": 0.008696}, {"source": 126, "target": 127, "weight": 0.013514}, {"source": 127, "target": 149, "weight": 0.032609}, {"source": 129, "target": 131, "weight": 0.017544}, {"source": 130, "target": 140, "weight": 0.015625}, {"source": 130, "target": 150, "weight": 0.010204}, {"source": 132, "target": 146, "weight": 0.025}, {"source": 134, "target": 141, "weight": 0.007463}, {"source": 134, "target": 142, "weight": 0.014286}, {"source": 134, "target": 144, "weight": 0.012579}, {"source": 134, "target": 148, "weight": 0.460674}, {"source": 134, "target": 149, "weight": 0.006849}, {"source": 134, "target": 136, "weight": 0.011299}, {"source": 135, "target": 143, "weight": 0.011905}, {"source": 136, "target": 144, "weight": 0.093333}, {"source": 136, "target": 143, "weight": 0.007246}, {"source": 136, "target": 150, "weight": 0.006667}, {"source": 141, "target": 143, "weight": 0.021505}, {"source": 142, "target": 143, "weight": 0.009901}, {"source": 142, "target": 144, "weight": 0.016}, {"source": 144, "target": 150, "weight": 0.007576}, {"source": 145, "target": 150, "weight": 0.008264}], "multigraph": false}