{"directed": false, "graph": {}, "nodes": [{"group": 0, "id": "tuberculosis"}, {"group": 1, "id": "tumble"}, {"group": 0, "id": "tubercle"}, {"group": 3, "id": "tubercular"}, {"group": 2, "id": "turbulent", "degree": 5}, {"group": 7, "id": "tutelary"}, {"group": 0, "id": "tuneless", "degree": 1}, {"group": 4, "id": "turtlelike", "degree": 2}, {"group": 2, "id": "tumultuous", "degree": 3}, {"group": 3, "id": "tuberous", "degree": 2}, {"group": 5, "id": "tutelage", "degree": 5}, {"group": 6, "id": "tutorial", "degree": 0}, {"group": 1, "id": "turkey", "degree": 2}, {"group": 1, "id": "tussle"}, {"group": 0, "id": "tummy"}, {"group": 0, "id": "tuft", "degree": 7}, {"group": 7, "id": "turret"}, {"group": 7, "id": "tube", "degree": 13}, {"group": 8, "id": "turncoat", "degree": 6}, {"group": 8, "id": "tuba"}, {"group": 7, "id": "tutor", "degree": 5}, {"group": 8, "id": "turnaround", "degree": 6}, {"group": 2, "id": "turbid", "degree": 8}, {"group": 9, "id": "tusk"}, {"group": 9, "id": "tush", "degree": 3}, {"group": 8, "id": "turnabout", "degree": 7}, {"group": 1, "id": "turmoil", "degree": 12}, {"group": 8, "id": "turning", "degree": 14}, {"group": 7, "id": "tumbler"}, {"group": 8, "id": "tucked", "degree": 1}, {"group": 4, "id": "tubby", "degree": 2}, {"group": 0, "id": "tundra", "degree": 6}, {"group": 0, "id": "tumbledown"}, {"group": 0, "id": "tucker"}, {"group": 4, "id": "tumorous"}, {"group": 7, "id": "turpentine"}, {"group": 7, "id": "tubing"}, {"group": 7, "id": "tuppence", "degree": 9}, {"group": 1, "id": "turbulence"}, {"group": 0, "id": "tub"}, {"group": 5, "id": "tuition", "degree": 1}, {"group": 7, "id": "turnout", "degree": 13}, {"group": 7, "id": "tune"}, {"group": 7, "id": "tug", "degree": 15}, {"group": 4, "id": "tumid", "degree": 7}, {"group": 0, "id": "turndown", "degree": 2}, {"group": 1, "id": "turbidity"}, {"group": 8, "id": "tuck"}, {"group": 7, "id": "tunnel", "degree": 6}, {"group": 1, "id": "tumult"}, {"group": 5, "id": "tutorship"}, {"group": 0, "id": "tumor", "degree": 12}, {"group": 8, "id": "turn"}, {"group": 4, "id": "turgid"}, {"group": 8, "id": "turpitude", "degree": 1}, {"group": 7, "id": "turnpike"}, {"group": 7, "id": "turf", "degree": 6}, {"group": 0, "id": "tumescence", "degree": 14}, {"group": 1, "id": "turnover", "degree": 8}, {"group": 8, "id": "turd"}, {"group": 8, "id": "turntail"}], "links": [{"source": 0, "target": 51, "weight": 0.017544}, {"source": 1, "target": 12, "weight": 0.006803}, {"source": 1, "target": 26, "weight": 0.051402}, {"source": 1, "target": 27, "weight": 0.013514}, {"source": 1, "target": 15, "weight": 0.013333}, {"source": 1, "target": 48, "weight": 0.004785}, {"source": 1, "target": 17, "weight": 0.005587}, {"source": 1, "target": 4, "weight": 0.004762}, {"source": 1, "target": 31, "weight": 0.021127}, {"source": 1, "target": 51, "weight": 0.005236}, {"source": 1, "target": 20, "weight": 0.007576}, {"source": 1, "target": 37, "weight": 0.006173}, {"source": 1, "target": 22, "weight": 0.006452}, {"source": 1, "target": 57, "weight": 0.005556}, {"source": 1, "target": 58, "weight": 0.014184}, {"source": 1, "target": 43, "weight": 0.005464}, {"source": 2, "target": 44, "weight": 0.009091}, {"source": 2, "target": 26, "weight": 0.010417}, {"source": 2, "target": 27, "weight": 0.005181}, {"source": 2, "target": 15, "weight": 0.025424}, {"source": 2, "target": 17, "weight": 0.006757}, {"source": 2, "target": 51, "weight": 0.110345}, {"source": 2, "target": 24, "weight": 0.009615}, {"source": 2, "target": 37, "weight": 0.007634}, {"source": 2, "target": 57, "weight": 0.079137}, {"source": 2, "target": 41, "weight": 0.005587}, {"source": 3, "target": 44, "weight": 0.018182}, {"source": 3, "target": 9, "weight": 0.219512}, {"source": 4, "target": 26, "weight": 0.004831}, {"source": 4, "target": 22, "weight": 0.198276}, {"source": 4, "target": 49, "weight": 0.004739}, {"source": 4, "target": 18, "weight": 0.015748}, {"source": 4, "target": 52, "weight": 0.001497}, {"source": 4, "target": 38, "weight": 0.004739}, {"source": 4, "target": 8, "weight": 0.320755}, {"source": 4, "target": 46, "weight": 0.006849}, {"source": 4, "target": 58, "weight": 0.008}, {"source": 5, "target": 20, "weight": 0.025641}, {"source": 6, "target": 8, "weight": 0.016667}, {"source": 6, "target": 31, "weight": 0.020833}, {"source": 6, "target": 52, "weight": 0.001698}, {"source": 7, "target": 53, "weight": 0.025974}, {"source": 7, "target": 32, "weight": 0.014085}, {"source": 8, "target": 22, "weight": 0.024096}, {"source": 9, "target": 34, "weight": 0.021739}, {"source": 10, "target": 50, "weight": 0.285714}, {"source": 10, "target": 40, "weight": 0.235294}, {"source": 10, "target": 52, "weight": 0.006494}, {"source": 10, "target": 21, "weight": 0.018519}, {"source": 10, "target": 25, "weight": 0.007692}, {"source": 10, "target": 43, "weight": 0.008547}, {"source": 12, "target": 52, "weight": 0.001653}, {"source": 13, "target": 26, "weight": 0.05625}, {"source": 13, "target": 41, "weight": 0.006494}, {"source": 13, "target": 43, "weight": 0.032258}, {"source": 14, "target": 15, "weight": 0.018182}, {"source": 15, "target": 33, "weight": 0.012658}, {"source": 15, "target": 52, "weight": 0.003289}, {"source": 15, "target": 31, "weight": 0.014706}, {"source": 15, "target": 32, "weight": 0.013889}, {"source": 15, "target": 51, "weight": 0.017544}, {"source": 15, "target": 37, "weight": 0.011628}, {"source": 15, "target": 57, "weight": 0.009615}, {"source": 15, "target": 26, "weight": 0.006757}, {"source": 16, "target": 48, "weight": 0.008}, {"source": 16, "target": 17, "weight": 0.032258}, {"source": 17, "target": 48, "weight": 0.018868}, {"source": 17, "target": 27, "weight": 0.005682}, {"source": 17, "target": 55, "weight": 0.016949}, {"source": 17, "target": 20, "weight": 0.011905}, {"source": 17, "target": 52, "weight": 0.003145}, {"source": 17, "target": 28, "weight": 0.014085}, {"source": 17, "target": 36, "weight": 0.223881}, {"source": 17, "target": 37, "weight": 0.008772}, {"source": 17, "target": 56, "weight": 0.008696}, {"source": 17, "target": 41, "weight": 0.181159}, {"source": 17, "target": 42, "weight": 0.006211}, {"source": 17, "target": 43, "weight": 0.007407}, {"source": 18, "target": 27, "weight": 0.007042}, {"source": 18, "target": 19, "weight": 0.02381}, {"source": 18, "target": 52, "weight": 0.003322}, {"source": 18, "target": 60, "weight": 0.515152}, {"source": 18, "target": 21, "weight": 0.026316}, {"source": 18, "target": 59, "weight": 0.032787}, {"source": 18, "target": 25, "weight": 0.185567}, {"source": 18, "target": 43, "weight": 0.009901}, {"source": 20, "target": 48, "weight": 0.008772}, {"source": 20, "target": 52, "weight": 0.001695}, {"source": 20, "target": 35, "weight": 0.026316}, {"source": 20, "target": 43, "weight": 0.011364}, {"source": 21, "target": 27, "weight": 0.008547}, {"source": 21, "target": 25, "weight": 0.071429}, {"source": 21, "target": 52, "weight": 0.008711}, {"source": 21, "target": 60, "weight": 0.041667}, {"source": 22, "target": 26, "weight": 0.006579}, {"source": 22, "target": 49, "weight": 0.00641}, {"source": 22, "target": 52, "weight": 0.001631}, {"source": 22, "target": 38, "weight": 0.00641}, {"source": 22, "target": 46, "weight": 0.010989}, {"source": 22, "target": 58, "weight": 0.014286}, {"source": 23, "target": 37, "weight": 0.015385}, {"source": 23, "target": 24, "weight": 0.56}, {"source": 24, "target": 37, "weight": 0.014286}, {"source": 24, "target": 38, "weight": 0.007353}, {"source": 25, "target": 26, "weight": 0.005181}, {"source": 25, "target": 27, "weight": 0.037433}, {"source": 25, "target": 54, "weight": 0.010526}, {"source": 25, "target": 52, "weight": 0.10084}, {"source": 25, "target": 58, "weight": 0.018182}, {"source": 25, "target": 49, "weight": 0.005076}, {"source": 25, "target": 59, "weight": 0.00885}, {"source": 25, "target": 60, "weight": 0.202381}, {"source": 26, "target": 33, "weight": 0.006579}, {"source": 26, "target": 27, "weight": 0.009091}, {"source": 26, "target": 55, "weight": 0.006098}, {"source": 26, "target": 49, "weight": 0.637681}, {"source": 26, "target": 47, "weight": 0.007246}, {"source": 26, "target": 51, "weight": 0.010695}, {"source": 26, "target": 52, "weight": 0.011852}, {"source": 26, "target": 46, "weight": 0.387931}, {"source": 26, "target": 38, "weight": 0.516779}, {"source": 26, "target": 39, "weight": 0.005618}, {"source": 26, "target": 57, "weight": 0.00565}, {"source": 26, "target": 58, "weight": 0.014493}, {"source": 26, "target": 41, "weight": 0.004831}, {"source": 26, "target": 43, "weight": 0.005556}, {"source": 27, "target": 45, "weight": 0.007576}, {"source": 27, "target": 47, "weight": 0.022059}, {"source": 27, "target": 49, "weight": 0.004444}, {"source": 27, "target": 58, "weight": 0.007194}, {"source": 27, "target": 52, "weight": 0.094551}, {"source": 27, "target": 38, "weight": 0.004444}, {"source": 27, "target": 56, "weight": 0.00625}, {"source": 27, "target": 30, "weight": 0.006369}, {"source": 27, "target": 60, "weight": 0.007813}, {"source": 27, "target": 43, "weight": 0.005556}, {"source": 29, "target": 47, "weight": 0.027778}, {"source": 30, "target": 44, "weight": 0.071429}, {"source": 30, "target": 34, "weight": 0.014085}, {"source": 30, "target": 53, "weight": 0.059524}, {"source": 31, "target": 32, "weight": 0.015385}, {"source": 31, "target": 33, "weight": 0.013889}, {"source": 31, "target": 39, "weight": 0.010204}, {"source": 32, "target": 45, "weight": 0.017857}, {"source": 33, "target": 51, "weight": 0.008403}, {"source": 33, "target": 57, "weight": 0.009259}, {"source": 33, "target": 43, "weight": 0.009009}, {"source": 34, "target": 44, "weight": 0.12766}, {"source": 36, "target": 37, "weight": 0.015625}, {"source": 36, "target": 41, "weight": 0.008929}, {"source": 37, "target": 58, "weight": 0.012987}, {"source": 37, "target": 52, "weight": 0.001613}, {"source": 37, "target": 59, "weight": 0.012658}, {"source": 37, "target": 43, "weight": 0.008475}, {"source": 38, "target": 48, "weight": 0.009569}, {"source": 38, "target": 51, "weight": 0.015789}, {"source": 38, "target": 57, "weight": 0.011111}, {"source": 38, "target": 58, "weight": 0.006993}, {"source": 38, "target": 41, "weight": 0.004739}, {"source": 38, "target": 43, "weight": 0.005435}, {"source": 39, "target": 51, "weight": 0.006897}, {"source": 39, "target": 57, "weight": 0.007463}, {"source": 39, "target": 48, "weight": 0.006135}, {"source": 40, "target": 50, "weight": 0.666667}, {"source": 41, "target": 48, "weight": 0.010471}, {"source": 41, "target": 49, "weight": 0.004739}, {"source": 41, "target": 52, "weight": 0.004505}, {"source": 41, "target": 56, "weight": 0.006849}, {"source": 41, "target": 55, "weight": 0.013423}, {"source": 41, "target": 42, "weight": 0.005208}, {"source": 41, "target": 43, "weight": 0.02454}, {"source": 42, "target": 43, "weight": 0.006061}, {"source": 43, "target": 55, "weight": 0.00813}, {"source": 43, "target": 48, "weight": 0.006061}, {"source": 43, "target": 49, "weight": 0.005435}, {"source": 43, "target": 52, "weight": 0.019048}, {"source": 43, "target": 56, "weight": 0.008403}, {"source": 43, "target": 59, "weight": 0.01}, {"source": 43, "target": 46, "weight": 0.008403}, {"source": 44, "target": 51, "weight": 0.009524}, {"source": 44, "target": 53, "weight": 0.627907}, {"source": 44, "target": 57, "weight": 0.010638}, {"source": 45, "target": 52, "weight": 0.001686}, {"source": 46, "target": 51, "weight": 0.015873}, {"source": 46, "target": 57, "weight": 0.008621}, {"source": 46, "target": 58, "weight": 0.012821}, {"source": 48, "target": 52, "weight": 0.012121}, {"source": 48, "target": 55, "weight": 0.041667}, {"source": 48, "target": 56, "weight": 0.006897}, {"source": 48, "target": 57, "weight": 0.006173}, {"source": 48, "target": 58, "weight": 0.008065}, {"source": 49, "target": 51, "weight": 0.021164}, {"source": 49, "target": 57, "weight": 0.011111}, {"source": 49, "target": 58, "weight": 0.014085}, {"source": 51, "target": 52, "weight": 0.004637}, {"source": 51, "target": 53, "weight": 0.008403}, {"source": 51, "target": 57, "weight": 0.169355}, {"source": 52, "target": 54, "weight": 0.001712}, {"source": 52, "target": 56, "weight": 0.006472}, {"source": 52, "target": 57, "weight": 0.007886}, {"source": 52, "target": 58, "weight": 0.005017}, {"source": 53, "target": 57, "weight": 0.009259}, {"source": 55, "target": 56, "weight": 0.009709}, {"source": 57, "target": 58, "weight": 0.021277}], "multigraph": false}