{"directed": false, "graph": {}, "nodes": [{"group": 0, "id": "twisty", "degree": 2}, {"group": 1, "id": "twitting"}, {"group": 1, "id": "twit", "degree": 15}, {"group": 2, "id": "tweak", "degree": 9}, {"group": 1, "id": "twitter"}, {"group": 3, "id": "two", "degree": 4}, {"group": 0, "id": "twist"}, {"group": 1, "id": "tweedle", "degree": 9}, {"group": 3, "id": "twin", "degree": 8}, {"group": 2, "id": "twiddle"}, {"group": 0, "id": "twig"}, {"group": 1, "id": "twaddle"}, {"group": 0, "id": "twine"}, {"group": 3, "id": "twofold", "degree": 4}, {"group": 4, "id": "twinkle", "degree": 11}, {"group": 1, "id": "tweet", "degree": 6}, {"group": 0, "id": "twisted", "degree": 6}, {"group": 5, "id": "twitching", "degree": 2}, {"group": 0, "id": "twopenny", "degree": 0}, {"group": 0, "id": "twister"}, {"group": 3, "id": "twosome"}, {"group": 1, "id": "twang", "degree": 7}, {"group": 5, "id": "twitchy", "degree": 3}, {"group": 2, "id": "twinge"}, {"group": 4, "id": "twinkling"}, {"group": 3, "id": "twill"}, {"group": 5, "id": "twangy"}, {"group": 5, "id": "twiggy", "degree": 2}, {"group": 0, "id": "twisting", "degree": 7}, {"group": 0, "id": "twirl", "degree": 9}, {"group": 2, "id": "twitch"}], "links": [{"source": 0, "target": 6, "weight": 0.006466}, {"source": 0, "target": 28, "weight": 0.197674}, {"source": 0, "target": 16, "weight": 0.041176}, {"source": 1, "target": 2, "weight": 0.027211}, {"source": 2, "target": 6, "weight": 0.005329}, {"source": 2, "target": 14, "weight": 0.012658}, {"source": 2, "target": 21, "weight": 0.072165}, {"source": 2, "target": 3, "weight": 0.004975}, {"source": 2, "target": 15, "weight": 0.264}, {"source": 2, "target": 16, "weight": 0.003636}, {"source": 2, "target": 24, "weight": 0.012739}, {"source": 2, "target": 7, "weight": 0.186667}, {"source": 2, "target": 20, "weight": 0.006757}, {"source": 2, "target": 9, "weight": 0.013333}, {"source": 2, "target": 29, "weight": 0.005714}, {"source": 2, "target": 30, "weight": 0.017937}, {"source": 2, "target": 4, "weight": 0.20332}, {"source": 2, "target": 11, "weight": 0.023121}, {"source": 3, "target": 6, "weight": 0.084536}, {"source": 3, "target": 12, "weight": 0.022901}, {"source": 3, "target": 30, "weight": 0.263514}, {"source": 3, "target": 14, "weight": 0.008403}, {"source": 3, "target": 4, "weight": 0.033058}, {"source": 3, "target": 28, "weight": 0.006211}, {"source": 3, "target": 23, "weight": 0.270833}, {"source": 3, "target": 16, "weight": 0.004255}, {"source": 3, "target": 24, "weight": 0.008475}, {"source": 3, "target": 21, "weight": 0.018182}, {"source": 3, "target": 25, "weight": 0.016807}, {"source": 3, "target": 9, "weight": 0.018182}, {"source": 3, "target": 29, "weight": 0.030303}, {"source": 3, "target": 10, "weight": 0.007576}, {"source": 4, "target": 14, "weight": 0.009709}, {"source": 4, "target": 22, "weight": 0.016129}, {"source": 4, "target": 15, "weight": 0.211765}, {"source": 4, "target": 7, "weight": 0.158974}, {"source": 4, "target": 17, "weight": 0.014493}, {"source": 4, "target": 29, "weight": 0.013575}, {"source": 4, "target": 21, "weight": 0.07113}, {"source": 5, "target": 6, "weight": 0.002132}, {"source": 5, "target": 20, "weight": 0.325}, {"source": 5, "target": 8, "weight": 0.10084}, {"source": 5, "target": 13, "weight": 0.16129}, {"source": 5, "target": 25, "weight": 0.015625}, {"source": 6, "target": 13, "weight": 0.002198}, {"source": 6, "target": 14, "weight": 0.00207}, {"source": 6, "target": 15, "weight": 0.002079}, {"source": 6, "target": 28, "weight": 0.027344}, {"source": 6, "target": 16, "weight": 0.006711}, {"source": 6, "target": 7, "weight": 0.001996}, {"source": 6, "target": 8, "weight": 0.009158}, {"source": 6, "target": 29, "weight": 0.079914}, {"source": 6, "target": 21, "weight": 0.005671}, {"source": 7, "target": 12, "weight": 0.009174}, {"source": 7, "target": 14, "weight": 0.010526}, {"source": 7, "target": 15, "weight": 0.189873}, {"source": 7, "target": 24, "weight": 0.010638}, {"source": 7, "target": 21, "weight": 0.116279}, {"source": 7, "target": 25, "weight": 0.010417}, {"source": 7, "target": 29, "weight": 0.009009}, {"source": 7, "target": 30, "weight": 0.01875}, {"source": 8, "target": 30, "weight": 0.004739}, {"source": 8, "target": 13, "weight": 0.093458}, {"source": 8, "target": 14, "weight": 0.006944}, {"source": 8, "target": 24, "weight": 0.006993}, {"source": 8, "target": 27, "weight": 0.007353}, {"source": 8, "target": 20, "weight": 0.022901}, {"source": 8, "target": 25, "weight": 0.006897}, {"source": 8, "target": 10, "weight": 0.006369}, {"source": 10, "target": 29, "weight": 0.009434}, {"source": 11, "target": 21, "weight": 0.007042}, {"source": 11, "target": 15, "weight": 0.044944}, {"source": 12, "target": 28, "weight": 0.030769}, {"source": 12, "target": 29, "weight": 0.213483}, {"source": 13, "target": 14, "weight": 0.020408}, {"source": 13, "target": 24, "weight": 0.020833}, {"source": 13, "target": 25, "weight": 0.02}, {"source": 13, "target": 30, "weight": 0.008621}, {"source": 14, "target": 23, "weight": 0.012658}, {"source": 14, "target": 16, "weight": 0.005181}, {"source": 14, "target": 24, "weight": 0.711111}, {"source": 14, "target": 30, "weight": 0.124031}, {"source": 14, "target": 21, "weight": 0.008}, {"source": 15, "target": 29, "weight": 0.010989}, {"source": 15, "target": 30, "weight": 0.007042}, {"source": 15, "target": 21, "weight": 0.087719}, {"source": 16, "target": 28, "weight": 0.035088}, {"source": 16, "target": 23, "weight": 0.005128}, {"source": 16, "target": 24, "weight": 0.005208}, {"source": 16, "target": 18, "weight": 0.005435}, {"source": 16, "target": 30, "weight": 0.003846}, {"source": 17, "target": 22, "weight": 0.173077}, {"source": 17, "target": 30, "weight": 0.006849}, {"source": 19, "target": 29, "weight": 0.016129}, {"source": 21, "target": 24, "weight": 0.008065}, {"source": 21, "target": 25, "weight": 0.007937}, {"source": 21, "target": 30, "weight": 0.037634}, {"source": 22, "target": 26, "weight": 0.031579}, {"source": 23, "target": 29, "weight": 0.010526}, {"source": 25, "target": 28, "weight": 0.016807}, {"source": 25, "target": 29, "weight": 0.021505}, {"source": 26, "target": 27, "weight": 0.009259}, {"source": 28, "target": 29, "weight": 0.014925}, {"source": 29, "target": 30, "weight": 0.012579}], "multigraph": false}