{"directed": false, "graph": {}, "nodes": [{"group": 0, "id": "tyranny", "degree": 1}, {"group": 1, "id": "tycoon", "degree": 3}, {"group": 2, "id": "typescript", "degree": 2}, {"group": 1, "id": "tyrant", "degree": 1}, {"group": 1, "id": "tyrannize"}, {"group": 2, "id": "type"}, {"group": 2, "id": "typeface", "degree": 1}, {"group": 4, "id": "typifying"}, {"group": 1, "id": "typify"}, {"group": 3, "id": "tympanum", "degree": 0}, {"group": 6, "id": "typo", "degree": 0}, {"group": 4, "id": "typical", "degree": 2}, {"group": 5, "id": "tyro", "degree": 0}, {"group": 0, "id": "tyrannical"}], "links": [{"source": 0, "target": 13, "weight": 0.015152}, {"source": 1, "target": 8, "weight": 0.029412}, {"source": 1, "target": 5, "weight": 0.003058}, {"source": 1, "target": 3, "weight": 0.053571}, {"source": 2, "target": 6, "weight": 0.032787}, {"source": 2, "target": 5, "weight": 0.022364}, {"source": 3, "target": 4, "weight": 0.020833}, {"source": 5, "target": 11, "weight": 0.014881}, {"source": 5, "target": 6, "weight": 0.094406}, {"source": 7, "target": 11, "weight": 0.044118}], "multigraph": false}