{"directed": false, "graph": {}, "nodes": [{"group": 0, "id": "upper"}, {"group": 1, "id": "upstairs", "degree": 25}, {"group": 2, "id": "upsurge"}, {"group": 3, "id": "uprise"}, {"group": 3, "id": "uprear", "degree": 18}, {"group": 1, "id": "uphill"}, {"group": 3, "id": "upwind", "degree": 19}, {"group": 2, "id": "uppish"}, {"group": 2, "id": "upkeep", "degree": 7}, {"group": 1, "id": "uptown", "degree": 14}, {"group": 2, "id": "uplift", "degree": 32}, {"group": 1, "id": "upsweep", "degree": 18}, {"group": 1, "id": "uproarious"}, {"group": 3, "id": "upchuck"}, {"group": 2, "id": "upgrade"}, {"group": 2, "id": "upheaval"}, {"group": 3, "id": "uphold"}, {"group": 1, "id": "updraft"}, {"group": 2, "id": "upswing"}, {"group": 3, "id": "upraise", "degree": 31}, {"group": 4, "id": "upstage"}, {"group": 2, "id": "upholder"}, {"group": 0, "id": "uppermost"}, {"group": 2, "id": "upbeat", "degree": 14}, {"group": 4, "id": "uplifted", "degree": 18}, {"group": 3, "id": "upheave", "degree": 24}, {"group": 4, "id": "upstanding"}, {"group": 1, "id": "upcoming", "degree": 19}, {"group": 1, "id": "upsetting", "degree": 1}, {"group": 1, "id": "uprising"}, {"group": 1, "id": "upstart", "degree": 12}, {"group": 1, "id": "upon"}, {"group": 2, "id": "upbringing"}, {"group": 2, "id": "uptrend", "degree": 15}, {"group": 2, "id": "upturn"}, {"group": 1, "id": "uptight", "degree": 4}, {"group": 5, "id": "upholstery", "degree": 0}, {"group": 4, "id": "upraised", "degree": 15}, {"group": 4, "id": "upright", "degree": 20}, {"group": 4, "id": "upland"}, {"group": 4, "id": "uppity"}, {"group": 3, "id": "upend", "degree": 26}, {"group": 4, "id": "upcast", "degree": 16}, {"group": 2, "id": "uplifting", "degree": 27}, {"group": 0, "id": "upmost", "degree": 13}, {"group": 2, "id": "upshot", "degree": 9}, {"group": 3, "id": "upset"}, {"group": 3, "id": "up"}, {"group": 3, "id": "uproar"}, {"group": 6, "id": "uproot", "degree": 0}, {"group": 7, "id": "update", "degree": 0}, {"group": 1, "id": "upward", "degree": 31}], "links": [{"source": 0, "target": 1, "weight": 0.043478}, {"source": 0, "target": 27, "weight": 0.013889}, {"source": 0, "target": 44, "weight": 0.08642}, {"source": 0, "target": 10, "weight": 0.005882}, {"source": 0, "target": 51, "weight": 0.036145}, {"source": 0, "target": 24, "weight": 0.030303}, {"source": 1, "target": 2, "weight": 0.021739}, {"source": 1, "target": 3, "weight": 0.021277}, {"source": 1, "target": 4, "weight": 0.019608}, {"source": 1, "target": 5, "weight": 0.038835}, {"source": 1, "target": 6, "weight": 0.028571}, {"source": 1, "target": 9, "weight": 0.133333}, {"source": 1, "target": 10, "weight": 0.013793}, {"source": 1, "target": 11, "weight": 0.023256}, {"source": 1, "target": 14, "weight": 0.032967}, {"source": 1, "target": 16, "weight": 0.008929}, {"source": 1, "target": 17, "weight": 0.018519}, {"source": 1, "target": 18, "weight": 0.020619}, {"source": 1, "target": 19, "weight": 0.02439}, {"source": 1, "target": 22, "weight": 0.037736}, {"source": 1, "target": 24, "weight": 0.023256}, {"source": 1, "target": 25, "weight": 0.013889}, {"source": 1, "target": 27, "weight": 0.042553}, {"source": 1, "target": 29, "weight": 0.034483}, {"source": 1, "target": 31, "weight": 0.088235}, {"source": 1, "target": 33, "weight": 0.012987}, {"source": 1, "target": 34, "weight": 0.012048}, {"source": 1, "target": 37, "weight": 0.037037}, {"source": 1, "target": 38, "weight": 0.014085}, {"source": 1, "target": 42, "weight": 0.041667}, {"source": 1, "target": 44, "weight": 0.032258}, {"source": 1, "target": 47, "weight": 0.083969}, {"source": 1, "target": 51, "weight": 0.215686}, {"source": 2, "target": 41, "weight": 0.041237}, {"source": 2, "target": 27, "weight": 0.053097}, {"source": 2, "target": 44, "weight": 0.007519}, {"source": 2, "target": 23, "weight": 0.052239}, {"source": 2, "target": 25, "weight": 0.153226}, {"source": 2, "target": 19, "weight": 0.098039}, {"source": 2, "target": 4, "weight": 0.12963}, {"source": 2, "target": 24, "weight": 0.017857}, {"source": 2, "target": 6, "weight": 0.152174}, {"source": 2, "target": 9, "weight": 0.019608}, {"source": 2, "target": 38, "weight": 0.023923}, {"source": 2, "target": 45, "weight": 0.007692}, {"source": 2, "target": 10, "weight": 0.225989}, {"source": 2, "target": 51, "weight": 0.064516}, {"source": 2, "target": 33, "weight": 0.423077}, {"source": 2, "target": 30, "weight": 0.022727}, {"source": 2, "target": 11, "weight": 0.373494}, {"source": 2, "target": 43, "weight": 0.032258}, {"source": 3, "target": 41, "weight": 0.061856}, {"source": 3, "target": 27, "weight": 0.052174}, {"source": 3, "target": 44, "weight": 0.070866}, {"source": 3, "target": 25, "weight": 0.169355}, {"source": 3, "target": 19, "weight": 0.096154}, {"source": 3, "target": 4, "weight": 0.137615}, {"source": 3, "target": 24, "weight": 0.026549}, {"source": 3, "target": 6, "weight": 0.16129}, {"source": 3, "target": 23, "weight": 0.036232}, {"source": 3, "target": 38, "weight": 0.033493}, {"source": 3, "target": 9, "weight": 0.019231}, {"source": 3, "target": 10, "weight": 0.216667}, {"source": 3, "target": 51, "weight": 0.063492}, {"source": 3, "target": 33, "weight": 0.111111}, {"source": 3, "target": 30, "weight": 0.022388}, {"source": 3, "target": 11, "weight": 0.333333}, {"source": 3, "target": 43, "weight": 0.042553}, {"source": 4, "target": 5, "weight": 0.038462}, {"source": 4, "target": 6, "weight": 0.163636}, {"source": 4, "target": 9, "weight": 0.016393}, {"source": 4, "target": 10, "weight": 0.19863}, {"source": 4, "target": 11, "weight": 0.058824}, {"source": 4, "target": 13, "weight": 0.019608}, {"source": 4, "target": 14, "weight": 0.099099}, {"source": 4, "target": 15, "weight": 0.007299}, {"source": 4, "target": 16, "weight": 0.165289}, {"source": 4, "target": 17, "weight": 0.050633}, {"source": 4, "target": 18, "weight": 0.076271}, {"source": 4, "target": 19, "weight": 0.489362}, {"source": 4, "target": 23, "weight": 0.042105}, {"source": 4, "target": 24, "weight": 0.043478}, {"source": 4, "target": 25, "weight": 0.402778}, {"source": 4, "target": 26, "weight": 0.02439}, {"source": 4, "target": 29, "weight": 0.047619}, {"source": 4, "target": 31, "weight": 0.015625}, {"source": 4, "target": 33, "weight": 0.070707}, {"source": 4, "target": 34, "weight": 0.046729}, {"source": 4, "target": 37, "weight": 0.056604}, {"source": 4, "target": 38, "weight": 0.068323}, {"source": 4, "target": 41, "weight": 0.18}, {"source": 4, "target": 42, "weight": 0.06}, {"source": 4, "target": 43, "weight": 0.018868}, {"source": 4, "target": 44, "weight": 0.010989}, {"source": 4, "target": 46, "weight": 0.002188}, {"source": 4, "target": 47, "weight": 0.205674}, {"source": 4, "target": 51, "weight": 0.011236}, {"source": 5, "target": 41, "weight": 0.00885}, {"source": 5, "target": 42, "weight": 0.009346}, {"source": 5, "target": 43, "weight": 0.038095}, {"source": 5, "target": 27, "weight": 0.118644}, {"source": 5, "target": 28, "weight": 0.013793}, {"source": 5, "target": 23, "weight": 0.026667}, {"source": 5, "target": 25, "weight": 0.04698}, {"source": 5, "target": 19, "weight": 0.02459}, {"source": 5, "target": 35, "weight": 0.008547}, {"source": 5, "target": 6, "weight": 0.053097}, {"source": 5, "target": 37, "weight": 0.018349}, {"source": 5, "target": 38, "weight": 0.017937}, {"source": 5, "target": 9, "weight": 0.035398}, {"source": 5, "target": 10, "weight": 0.161616}, {"source": 5, "target": 24, "weight": 0.040984}, {"source": 5, "target": 33, "weight": 0.087838}, {"source": 5, "target": 30, "weight": 0.027778}, {"source": 5, "target": 11, "weight": 0.295918}, {"source": 5, "target": 51, "weight": 0.150794}, {"source": 6, "target": 9, "weight": 0.022222}, {"source": 6, "target": 10, "weight": 0.06}, {"source": 6, "target": 11, "weight": 0.098039}, {"source": 6, "target": 14, "weight": 0.06}, {"source": 6, "target": 16, "weight": 0.041667}, {"source": 6, "target": 17, "weight": 0.080645}, {"source": 6, "target": 18, "weight": 0.057143}, {"source": 6, "target": 19, "weight": 0.102041}, {"source": 6, "target": 23, "weight": 0.012195}, {"source": 6, "target": 25, "weight": 0.197183}, {"source": 6, "target": 29, "weight": 0.074627}, {"source": 6, "target": 31, "weight": 0.020833}, {"source": 6, "target": 33, "weight": 0.046512}, {"source": 6, "target": 34, "weight": 0.043478}, {"source": 6, "target": 38, "weight": 0.019608}, {"source": 6, "target": 41, "weight": 0.04878}, {"source": 6, "target": 44, "weight": 0.013333}, {"source": 6, "target": 47, "weight": 0.1}, {"source": 6, "target": 51, "weight": 0.013699}, {"source": 7, "target": 10, "weight": 0.007042}, {"source": 8, "target": 14, "weight": 0.00885}, {"source": 8, "target": 16, "weight": 0.015267}, {"source": 8, "target": 46, "weight": 0.002227}, {"source": 8, "target": 32, "weight": 0.020408}, {"source": 8, "target": 21, "weight": 0.027523}, {"source": 8, "target": 45, "weight": 0.0125}, {"source": 8, "target": 10, "weight": 0.006024}, {"source": 9, "target": 10, "weight": 0.012903}, {"source": 9, "target": 11, "weight": 0.018868}, {"source": 9, "target": 14, "weight": 0.029703}, {"source": 9, "target": 16, "weight": 0.008197}, {"source": 9, "target": 17, "weight": 0.015625}, {"source": 9, "target": 18, "weight": 0.018692}, {"source": 9, "target": 19, "weight": 0.019608}, {"source": 9, "target": 45, "weight": 0.014286}, {"source": 9, "target": 25, "weight": 0.012195}, {"source": 9, "target": 27, "weight": 0.035088}, {"source": 9, "target": 29, "weight": 0.029412}, {"source": 9, "target": 31, "weight": 0.021739}, {"source": 9, "target": 33, "weight": 0.011494}, {"source": 9, "target": 34, "weight": 0.010753}, {"source": 9, "target": 38, "weight": 0.006536}, {"source": 9, "target": 47, "weight": 0.027027}, {"source": 9, "target": 51, "weight": 0.058824}, {"source": 10, "target": 11, "weight": 0.218978}, {"source": 10, "target": 13, "weight": 0.006849}, {"source": 10, "target": 14, "weight": 0.418301}, {"source": 10, "target": 15, "weight": 0.073733}, {"source": 10, "target": 16, "weight": 0.118483}, {"source": 10, "target": 17, "weight": 0.194631}, {"source": 10, "target": 18, "weight": 0.345455}, {"source": 10, "target": 19, "weight": 0.195652}, {"source": 10, "target": 40, "weight": 0.006098}, {"source": 10, "target": 23, "weight": 0.154762}, {"source": 10, "target": 24, "weight": 0.02454}, {"source": 10, "target": 25, "weight": 0.159763}, {"source": 10, "target": 26, "weight": 0.017045}, {"source": 10, "target": 27, "weight": 0.042424}, {"source": 10, "target": 29, "weight": 0.203947}, {"source": 10, "target": 30, "weight": 0.016216}, {"source": 10, "target": 31, "weight": 0.006289}, {"source": 10, "target": 32, "weight": 0.02}, {"source": 10, "target": 33, "weight": 0.22561}, {"source": 10, "target": 34, "weight": 0.101064}, {"source": 10, "target": 37, "weight": 0.02027}, {"source": 10, "target": 38, "weight": 0.042969}, {"source": 10, "target": 41, "weight": 0.062069}, {"source": 10, "target": 42, "weight": 0.013699}, {"source": 10, "target": 43, "weight": 0.095588}, {"source": 10, "target": 44, "weight": 0.016304}, {"source": 10, "target": 46, "weight": 0.00363}, {"source": 10, "target": 47, "weight": 0.193694}, {"source": 10, "target": 51, "weight": 0.051136}, {"source": 11, "target": 14, "weight": 0.341176}, {"source": 11, "target": 15, "weight": 0.015625}, {"source": 11, "target": 16, "weight": 0.015267}, {"source": 11, "target": 17, "weight": 0.630435}, {"source": 11, "target": 18, "weight": 0.352273}, {"source": 11, "target": 19, "weight": 0.033333}, {"source": 11, "target": 23, "weight": 0.045977}, {"source": 11, "target": 24, "weight": 0.032258}, {"source": 11, "target": 25, "weight": 0.068966}, {"source": 11, "target": 27, "weight": 0.095238}, {"source": 11, "target": 29, "weight": 0.568627}, {"source": 11, "target": 30, "weight": 0.036585}, {"source": 11, "target": 33, "weight": 0.126437}, {"source": 11, "target": 34, "weight": 0.106383}, {"source": 11, "target": 38, "weight": 0.006135}, {"source": 11, "target": 41, "weight": 0.02}, {"source": 11, "target": 43, "weight": 0.045455}, {"source": 11, "target": 46, "weight": 0.002227}, {"source": 11, "target": 47, "weight": 0.117241}, {"source": 11, "target": 51, "weight": 0.093333}, {"source": 12, "target": 30, "weight": 0.011364}, {"source": 13, "target": 25, "weight": 0.013889}, {"source": 13, "target": 19, "weight": 0.02439}, {"source": 14, "target": 41, "weight": 0.030612}, {"source": 14, "target": 42, "weight": 0.010638}, {"source": 14, "target": 43, "weight": 0.043478}, {"source": 14, "target": 27, "weight": 0.133333}, {"source": 14, "target": 23, "weight": 0.06015}, {"source": 14, "target": 25, "weight": 0.083333}, {"source": 14, "target": 19, "weight": 0.066667}, {"source": 14, "target": 37, "weight": 0.020833}, {"source": 14, "target": 38, "weight": 0.028846}, {"source": 14, "target": 24, "weight": 0.036364}, {"source": 14, "target": 33, "weight": 0.138462}, {"source": 14, "target": 30, "weight": 0.022727}, {"source": 14, "target": 51, "weight": 0.137931}, {"source": 15, "target": 41, "weight": 0.035398}, {"source": 15, "target": 43, "weight": 0.12}, {"source": 15, "target": 27, "weight": 0.007463}, {"source": 15, "target": 44, "weight": 0.013514}, {"source": 15, "target": 19, "weight": 0.007874}, {"source": 15, "target": 25, "weight": 0.006329}, {"source": 15, "target": 37, "weight": 0.00885}, {"source": 15, "target": 38, "weight": 0.008772}, {"source": 15, "target": 23, "weight": 0.046667}, {"source": 15, "target": 33, "weight": 0.037975}, {"source": 15, "target": 51, "weight": 0.006803}, {"source": 16, "target": 41, "weight": 0.071429}, {"source": 16, "target": 42, "weight": 0.00885}, {"source": 16, "target": 43, "weight": 0.008772}, {"source": 16, "target": 33, "weight": 0.04375}, {"source": 16, "target": 25, "weight": 0.140845}, {"source": 16, "target": 19, "weight": 0.224299}, {"source": 16, "target": 37, "weight": 0.008621}, {"source": 16, "target": 38, "weight": 0.040179}, {"source": 16, "target": 45, "weight": 0.006711}, {"source": 16, "target": 24, "weight": 0.007576}, {"source": 16, "target": 23, "weight": 0.025641}, {"source": 16, "target": 51, "weight": 0.013423}, {"source": 17, "target": 41, "weight": 0.016393}, {"source": 17, "target": 27, "weight": 0.081081}, {"source": 17, "target": 25, "weight": 0.061224}, {"source": 17, "target": 19, "weight": 0.028169}, {"source": 17, "target": 24, "weight": 0.027397}, {"source": 17, "target": 23, "weight": 0.030303}, {"source": 17, "target": 38, "weight": 0.005747}, {"source": 17, "target": 51, "weight": 0.081395}, {"source": 17, "target": 33, "weight": 0.112245}, {"source": 17, "target": 30, "weight": 0.032258}, {"source": 17, "target": 43, "weight": 0.036364}, {"source": 18, "target": 41, "weight": 0.019231}, {"source": 18, "target": 27, "weight": 0.050847}, {"source": 18, "target": 23, "weight": 0.216667}, {"source": 18, "target": 25, "weight": 0.080292}, {"source": 18, "target": 19, "weight": 0.063636}, {"source": 18, "target": 24, "weight": 0.017094}, {"source": 18, "target": 38, "weight": 0.013889}, {"source": 18, "target": 45, "weight": 0.007407}, {"source": 18, "target": 51, "weight": 0.062016}, {"source": 18, "target": 33, "weight": 0.738636}, {"source": 18, "target": 30, "weight": 0.021898}, {"source": 18, "target": 43, "weight": 0.030612}, {"source": 19, "target": 23, "weight": 0.047059}, {"source": 19, "target": 24, "weight": 0.033333}, {"source": 19, "target": 25, "weight": 0.338235}, {"source": 19, "target": 26, "weight": 0.027778}, {"source": 19, "target": 29, "weight": 0.026316}, {"source": 19, "target": 31, "weight": 0.018519}, {"source": 19, "target": 33, "weight": 0.078652}, {"source": 19, "target": 34, "weight": 0.051546}, {"source": 19, "target": 37, "weight": 0.045455}, {"source": 19, "target": 38, "weight": 0.065789}, {"source": 19, "target": 41, "weight": 0.225}, {"source": 19, "target": 42, "weight": 0.04878}, {"source": 19, "target": 43, "weight": 0.023256}, {"source": 19, "target": 44, "weight": 0.012346}, {"source": 19, "target": 46, "weight": 0.002237}, {"source": 19, "target": 47, "weight": 0.151079}, {"source": 19, "target": 51, "weight": 0.012658}, {"source": 20, "target": 44, "weight": 0.012195}, {"source": 20, "target": 38, "weight": 0.006173}, {"source": 20, "target": 24, "weight": 0.05}, {"source": 20, "target": 42, "weight": 0.023256}, {"source": 20, "target": 37, "weight": 0.021739}, {"source": 21, "target": 38, "weight": 0.004739}, {"source": 21, "target": 51, "weight": 0.007752}, {"source": 22, "target": 44, "weight": 0.319444}, {"source": 22, "target": 37, "weight": 0.017241}, {"source": 22, "target": 38, "weight": 0.005747}, {"source": 22, "target": 51, "weight": 0.021978}, {"source": 22, "target": 24, "weight": 0.013514}, {"source": 23, "target": 25, "weight": 0.034483}, {"source": 23, "target": 29, "weight": 0.04902}, {"source": 23, "target": 33, "weight": 0.262626}, {"source": 23, "target": 34, "weight": 0.065041}, {"source": 23, "target": 38, "weight": 0.005263}, {"source": 23, "target": 41, "weight": 0.012987}, {"source": 23, "target": 43, "weight": 0.028169}, {"source": 23, "target": 46, "weight": 0.006329}, {"source": 23, "target": 47, "weight": 0.044199}, {"source": 24, "target": 40, "weight": 0.050847}, {"source": 24, "target": 25, "weight": 0.021978}, {"source": 24, "target": 26, "weight": 0.070423}, {"source": 24, "target": 27, "weight": 0.045455}, {"source": 24, "target": 29, "weight": 0.052632}, {"source": 24, "target": 33, "weight": 0.010309}, {"source": 24, "target": 34, "weight": 0.009709}, {"source": 24, "target": 37, "weight": 0.297297}, {"source": 24, "target": 38, "weight": 0.071895}, {"source": 24, "target": 41, "weight": 0.040816}, {"source": 24, "target": 42, "weight": 0.363636}, {"source": 24, "target": 47, "weight": 0.025316}, {"source": 24, "target": 51, "weight": 0.064935}, {"source": 25, "target": 26, "weight": 0.019417}, {"source": 25, "target": 29, "weight": 0.058252}, {"source": 25, "target": 31, "weight": 0.011765}, {"source": 25, "target": 33, "weight": 0.076271}, {"source": 25, "target": 34, "weight": 0.055556}, {"source": 25, "target": 37, "weight": 0.026667}, {"source": 25, "target": 38, "weight": 0.054645}, {"source": 25, "target": 41, "weight": 0.126761}, {"source": 25, "target": 42, "weight": 0.027778}, {"source": 25, "target": 43, "weight": 0.013514}, {"source": 25, "target": 44, "weight": 0.018018}, {"source": 25, "target": 46, "weight": 0.008421}, {"source": 25, "target": 47, "weight": 0.201258}, {"source": 25, "target": 51, "weight": 0.009091}, {"source": 26, "target": 41, "weight": 0.032787}, {"source": 26, "target": 42, "weight": 0.096154}, {"source": 26, "target": 43, "weight": 0.017544}, {"source": 26, "target": 27, "weight": 0.025316}, {"source": 26, "target": 44, "weight": 0.010526}, {"source": 26, "target": 37, "weight": 0.132075}, {"source": 26, "target": 38, "weight": 0.323308}, {"source": 26, "target": 51, "weight": 0.021739}, {"source": 27, "target": 29, "weight": 0.197183}, {"source": 27, "target": 32, "weight": 0.018519}, {"source": 27, "target": 33, "weight": 0.009804}, {"source": 27, "target": 34, "weight": 0.009259}, {"source": 27, "target": 37, "weight": 0.039216}, {"source": 27, "target": 38, "weight": 0.011976}, {"source": 27, "target": 42, "weight": 0.020408}, {"source": 27, "target": 43, "weight": 0.02}, {"source": 27, "target": 47, "weight": 0.02454}, {"source": 27, "target": 51, "weight": 0.191781}, {"source": 29, "target": 41, "weight": 0.015152}, {"source": 29, "target": 42, "weight": 0.016667}, {"source": 29, "target": 37, "weight": 0.032258}, {"source": 29, "target": 38, "weight": 0.016949}, {"source": 29, "target": 51, "weight": 0.180723}, {"source": 29, "target": 33, "weight": 0.117647}, {"source": 29, "target": 30, "weight": 0.030612}, {"source": 29, "target": 43, "weight": 0.068966}, {"source": 30, "target": 34, "weight": 0.008065}, {"source": 30, "target": 47, "weight": 0.005495}, {"source": 30, "target": 33, "weight": 0.008475}, {"source": 30, "target": 35, "weight": 0.013333}, {"source": 31, "target": 44, "weight": 0.026667}, {"source": 31, "target": 38, "weight": 0.00641}, {"source": 31, "target": 33, "weight": 0.011111}, {"source": 31, "target": 51, "weight": 0.041667}, {"source": 32, "target": 43, "weight": 0.066667}, {"source": 32, "target": 33, "weight": 0.012048}, {"source": 32, "target": 37, "weight": 0.030303}, {"source": 32, "target": 38, "weight": 0.006711}, {"source": 32, "target": 45, "weight": 0.015152}, {"source": 32, "target": 51, "weight": 0.014925}, {"source": 33, "target": 34, "weight": 0.468085}, {"source": 33, "target": 45, "weight": 0.008772}, {"source": 33, "target": 38, "weight": 0.015385}, {"source": 33, "target": 41, "weight": 0.024096}, {"source": 33, "target": 43, "weight": 0.038961}, {"source": 33, "target": 46, "weight": 0.00207}, {"source": 33, "target": 47, "weight": 0.289474}, {"source": 33, "target": 51, "weight": 0.017544}, {"source": 34, "target": 41, "weight": 0.070588}, {"source": 34, "target": 44, "weight": 0.00813}, {"source": 34, "target": 38, "weight": 0.009901}, {"source": 34, "target": 45, "weight": 0.008333}, {"source": 34, "target": 51, "weight": 0.016667}, {"source": 34, "target": 43, "weight": 0.036145}, {"source": 35, "target": 38, "weight": 0.006494}, {"source": 35, "target": 46, "weight": 0.004556}, {"source": 37, "target": 40, "weight": 0.022222}, {"source": 37, "target": 38, "weight": 0.112782}, {"source": 37, "target": 41, "weight": 0.060606}, {"source": 37, "target": 42, "weight": 0.611111}, {"source": 37, "target": 43, "weight": 0.034483}, {"source": 37, "target": 44, "weight": 0.014925}, {"source": 37, "target": 47, "weight": 0.020979}, {"source": 37, "target": 51, "weight": 0.047619}, {"source": 38, "target": 39, "weight": 0.011834}, {"source": 38, "target": 40, "weight": 0.006211}, {"source": 38, "target": 41, "weight": 0.06338}, {"source": 38, "target": 42, "weight": 0.08209}, {"source": 38, "target": 43, "weight": 0.013889}, {"source": 38, "target": 44, "weight": 0.016575}, {"source": 38, "target": 46, "weight": 0.001821}, {"source": 38, "target": 47, "weight": 0.039683}, {"source": 38, "target": 51, "weight": 0.022472}, {"source": 40, "target": 42, "weight": 0.02381}, {"source": 40, "target": 44, "weight": 0.012346}, {"source": 41, "target": 42, "weight": 0.066667}, {"source": 41, "target": 43, "weight": 0.03125}, {"source": 41, "target": 44, "weight": 0.014286}, {"source": 41, "target": 46, "weight": 0.018648}, {"source": 41, "target": 47, "weight": 0.064286}, {"source": 41, "target": 48, "weight": 0.009901}, {"source": 42, "target": 47, "weight": 0.021429}, {"source": 42, "target": 51, "weight": 0.032787}, {"source": 43, "target": 44, "weight": 0.015385}, {"source": 43, "target": 46, "weight": 0.00232}, {"source": 43, "target": 47, "weight": 0.021277}, {"source": 43, "target": 51, "weight": 0.015873}, {"source": 44, "target": 47, "weight": 0.01676}, {"source": 44, "target": 51, "weight": 0.02}, {"source": 45, "target": 47, "weight": 0.005618}, {"source": 45, "target": 46, "weight": 0.004301}, {"source": 47, "target": 51, "weight": 0.077844}], "multigraph": false}