{"directed": false, "graph": {}, "nodes": [{"group": 0, "id": "usurper", "degree": 0}, {"group": 1, "id": "use"}, {"group": 1, "id": "used", "degree": 0}, {"group": 1, "id": "uselessness", "degree": 0}, {"group": 1, "id": "usurpation", "degree": 1}, {"group": 1, "id": "usually", "degree": 0}, {"group": 1, "id": "usefulness", "degree": 2}, {"group": 1, "id": "usurp"}, {"group": 1, "id": "usage"}, {"group": 1, "id": "useful", "degree": 3}, {"group": 1, "id": "usual"}, {"group": 1, "id": "usury", "degree": 1}], "links": [{"source": 1, "target": 9, "weight": 0.004785}, {"source": 1, "target": 6, "weight": 0.116438}, {"source": 1, "target": 11, "weight": 0.007634}, {"source": 4, "target": 7, "weight": 0.04918}, {"source": 6, "target": 8, "weight": 0.00813}, {"source": 7, "target": 9, "weight": 0.008403}, {"source": 9, "target": 10, "weight": 0.005556}], "multigraph": false}