{"directed": false, "graph": {}, "nodes": [{"group": 0, "id": "utmost"}, {"group": 1, "id": "uterine", "degree": 0}, {"group": 1, "id": "utensil", "degree": 1}, {"group": 1, "id": "utilize", "degree": 1}, {"group": 1, "id": "uttered"}, {"group": 1, "id": "utopia", "degree": 1}, {"group": 1, "id": "utopian", "degree": 2}, {"group": 1, "id": "utterly", "degree": 2}, {"group": 1, "id": "utter"}, {"group": 1, "id": "utterance", "degree": 2}, {"group": 1, "id": "utility"}], "links": [{"source": 0, "target": 5, "weight": 0.015625}, {"source": 0, "target": 6, "weight": 0.012048}, {"source": 0, "target": 7, "weight": 0.014286}, {"source": 2, "target": 10, "weight": 0.012821}, {"source": 3, "target": 10, "weight": 0.0125}, {"source": 4, "target": 9, "weight": 0.011765}, {"source": 6, "target": 8, "weight": 0.005587}, {"source": 7, "target": 8, "weight": 0.006024}, {"source": 8, "target": 9, "weight": 0.018605}], "multigraph": false}