{"directed": false, "graph": {}, "nodes": [{"group": 0, "id": "vary"}, {"group": 1, "id": "vacancy"}, {"group": 2, "id": "vamp", "degree": 7}, {"group": 3, "id": "varnish"}, {"group": 3, "id": "vaudevillian", "degree": 4}, {"group": 1, "id": "vacuous"}, {"group": 3, "id": "valor"}, {"group": 1, "id": "vainglory", "degree": 2}, {"group": 4, "id": "vandalize"}, {"group": 5, "id": "vagrancy"}, {"group": 2, "id": "valorous"}, {"group": 2, "id": "vassal"}, {"group": 6, "id": "vase", "degree": 0}, {"group": 1, "id": "vacuum", "degree": 13}, {"group": 7, "id": "vastly"}, {"group": 1, "id": "vague"}, {"group": 2, "id": "vast", "degree": 7}, {"group": 1, "id": "vanity", "degree": 5}, {"group": 5, "id": "valetudinarian"}, {"group": 2, "id": "varmint", "degree": 2}, {"group": 4, "id": "vanquish"}, {"group": 8, "id": "vaulter", "degree": 0}, {"group": 0, "id": "variability"}, {"group": 0, "id": "variegate", "degree": 15}, {"group": 5, "id": "vacillating"}, {"group": 9, "id": "vaulted", "degree": 0}, {"group": 2, "id": "valiant"}, {"group": 4, "id": "vacate"}, {"group": 10, "id": "variably", "degree": 0}, {"group": 3, "id": "valve", "degree": 1}, {"group": 2, "id": "vampire"}, {"group": 11, "id": "valet", "degree": 0}, {"group": 12, "id": "various", "degree": 12}, {"group": 0, "id": "vacillation", "degree": 15}, {"group": 4, "id": "vale"}, {"group": 0, "id": "vanishing"}, {"group": 4, "id": "vaporize", "degree": 9}, {"group": 2, "id": "vaccine", "degree": 3}, {"group": 0, "id": "vacillate", "degree": 6}, {"group": 1, "id": "vaporous", "degree": 8}, {"group": 3, "id": "vault"}, {"group": 1, "id": "vain"}, {"group": 1, "id": "vainglorious", "degree": 5}, {"group": 0, "id": "vacation"}, {"group": 5, "id": "vagabond"}, {"group": 2, "id": "vandal"}, {"group": 3, "id": "van", "degree": 5}, {"group": 0, "id": "valedictory", "degree": 4}, {"group": 13, "id": "vagina", "degree": 0}, {"group": 1, "id": "vacuity", "degree": 10}, {"group": 1, "id": "valley"}, {"group": 3, "id": "vat"}, {"group": 0, "id": "variegation"}, {"group": 3, "id": "validity", "degree": 6}, {"group": 7, "id": "vaguely", "degree": 1}, {"group": 0, "id": "varsity", "degree": 1}, {"group": 12, "id": "varying"}, {"group": 0, "id": "vagueness", "degree": 12}, {"group": 3, "id": "valued", "degree": 1}, {"group": 0, "id": "vagary", "degree": 8}, {"group": 1, "id": "vapid"}, {"group": 2, "id": "vaudeville"}, {"group": 3, "id": "value", "degree": 23}, {"group": 3, "id": "vanguard", "degree": 4}, {"group": 2, "id": "vassalage", "degree": 1}, {"group": 1, "id": "vaunt"}, {"group": 3, "id": "vastness", "degree": 1}, {"group": 4, "id": "vanish", "degree": 12}, {"group": 1, "id": "valueless", "degree": 3}, {"group": 2, "id": "validated", "degree": 2}, {"group": 12, "id": "varied", "degree": 11}, {"group": 0, "id": "variety"}, {"group": 5, "id": "vagrant", "degree": 20}, {"group": 2, "id": "valid"}, {"group": 4, "id": "vandalism"}, {"group": 1, "id": "vanished", "degree": 3}, {"group": 3, "id": "vaulting", "degree": 3}, {"group": 3, "id": "valuate"}, {"group": 12, "id": "variant", "degree": 13}, {"group": 0, "id": "variation"}, {"group": 0, "id": "variance", "degree": 9}, {"group": 5, "id": "variable"}, {"group": 3, "id": "validate", "degree": 4}, {"group": 0, "id": "vantage", "degree": 9}, {"group": 1, "id": "vacant"}, {"group": 12, "id": "variegated", "degree": 13}, {"group": 12, "id": "variform"}, {"group": 0, "id": "vapor"}], "links": [{"source": 0, "target": 38, "weight": 0.141791}, {"source": 0, "target": 36, "weight": 0.005952}, {"source": 0, "target": 70, "weight": 0.00565}, {"source": 0, "target": 23, "weight": 0.055944}, {"source": 0, "target": 78, "weight": 0.005952}, {"source": 0, "target": 62, "weight": 0.007299}, {"source": 0, "target": 32, "weight": 0.010526}, {"source": 0, "target": 85, "weight": 0.009804}, {"source": 0, "target": 2, "weight": 0.010638}, {"source": 0, "target": 80, "weight": 0.02454}, {"source": 0, "target": 67, "weight": 0.006757}, {"source": 1, "target": 62, "weight": 0.004902}, {"source": 1, "target": 13, "weight": 0.234043}, {"source": 1, "target": 57, "weight": 0.012658}, {"source": 1, "target": 80, "weight": 0.010526}, {"source": 1, "target": 49, "weight": 0.088889}, {"source": 1, "target": 17, "weight": 0.053333}, {"source": 2, "target": 3, "weight": 0.014599}, {"source": 2, "target": 11, "weight": 0.018692}, {"source": 2, "target": 30, "weight": 0.210526}, {"source": 2, "target": 79, "weight": 0.003802}, {"source": 2, "target": 87, "weight": 0.005714}, {"source": 2, "target": 37, "weight": 0.011494}, {"source": 2, "target": 65, "weight": 0.007353}, {"source": 3, "target": 83, "weight": 0.004525}, {"source": 3, "target": 46, "weight": 0.004149}, {"source": 3, "target": 4, "weight": 0.004292}, {"source": 3, "target": 23, "weight": 0.004202}, {"source": 3, "target": 62, "weight": 0.01676}, {"source": 3, "target": 63, "weight": 0.004149}, {"source": 3, "target": 85, "weight": 0.003413}, {"source": 3, "target": 13, "weight": 0.00463}, {"source": 3, "target": 67, "weight": 0.004237}, {"source": 3, "target": 17, "weight": 0.004219}, {"source": 4, "target": 87, "weight": 0.007634}, {"source": 4, "target": 82, "weight": 0.009524}, {"source": 4, "target": 73, "weight": 0.006897}, {"source": 5, "target": 68, "weight": 0.017241}, {"source": 5, "target": 72, "weight": 0.004367}, {"source": 5, "target": 42, "weight": 0.010638}, {"source": 5, "target": 13, "weight": 0.02}, {"source": 5, "target": 49, "weight": 0.021978}, {"source": 5, "target": 78, "weight": 0.007092}, {"source": 5, "target": 75, "weight": 0.025862}, {"source": 5, "target": 39, "weight": 0.039063}, {"source": 6, "target": 53, "weight": 0.012195}, {"source": 6, "target": 62, "weight": 0.005814}, {"source": 7, "target": 17, "weight": 0.047619}, {"source": 7, "target": 65, "weight": 0.015625}, {"source": 8, "target": 67, "weight": 0.023256}, {"source": 8, "target": 36, "weight": 0.270588}, {"source": 9, "target": 72, "weight": 0.031646}, {"source": 10, "target": 16, "weight": 0.013889}, {"source": 11, "target": 19, "weight": 0.014493}, {"source": 11, "target": 64, "weight": 0.021739}, {"source": 13, "target": 60, "weight": 0.007353}, {"source": 13, "target": 41, "weight": 0.011111}, {"source": 13, "target": 84, "weight": 0.027778}, {"source": 13, "target": 43, "weight": 0.013333}, {"source": 13, "target": 79, "weight": 0.00495}, {"source": 13, "target": 27, "weight": 0.013699}, {"source": 13, "target": 80, "weight": 0.014085}, {"source": 13, "target": 57, "weight": 0.018182}, {"source": 13, "target": 40, "weight": 0.005376}, {"source": 13, "target": 49, "weight": 0.25}, {"source": 13, "target": 50, "weight": 0.011905}, {"source": 13, "target": 17, "weight": 0.037736}, {"source": 14, "target": 54, "weight": 0.111111}, {"source": 15, "target": 33, "weight": 0.005556}, {"source": 15, "target": 70, "weight": 0.018349}, {"source": 15, "target": 78, "weight": 0.004717}, {"source": 15, "target": 72, "weight": 0.052448}, {"source": 15, "target": 85, "weight": 0.041667}, {"source": 15, "target": 32, "weight": 0.039648}, {"source": 15, "target": 57, "weight": 0.005155}, {"source": 15, "target": 16, "weight": 0.009662}, {"source": 15, "target": 39, "weight": 0.090909}, {"source": 16, "target": 60, "weight": 0.005814}, {"source": 16, "target": 30, "weight": 0.008929}, {"source": 16, "target": 73, "weight": 0.01227}, {"source": 16, "target": 32, "weight": 0.007576}, {"source": 16, "target": 26, "weight": 0.0125}, {"source": 17, "target": 59, "weight": 0.014925}, {"source": 17, "target": 41, "weight": 0.009009}, {"source": 17, "target": 42, "weight": 0.021277}, {"source": 17, "target": 62, "weight": 0.01}, {"source": 17, "target": 57, "weight": 0.013158}, {"source": 17, "target": 49, "weight": 0.045455}, {"source": 17, "target": 87, "weight": 0.038168}, {"source": 17, "target": 65, "weight": 0.154762}, {"source": 18, "target": 72, "weight": 0.005435}, {"source": 19, "target": 45, "weight": 0.092593}, {"source": 20, "target": 36, "weight": 0.013514}, {"source": 22, "target": 33, "weight": 0.052632}, {"source": 22, "target": 38, "weight": 0.027027}, {"source": 22, "target": 59, "weight": 0.048387}, {"source": 22, "target": 72, "weight": 0.005587}, {"source": 22, "target": 85, "weight": 0.007813}, {"source": 22, "target": 32, "weight": 0.008772}, {"source": 22, "target": 57, "weight": 0.027778}, {"source": 22, "target": 80, "weight": 0.125}, {"source": 23, "target": 38, "weight": 0.012658}, {"source": 23, "target": 85, "weight": 0.015267}, {"source": 23, "target": 70, "weight": 0.009615}, {"source": 23, "target": 71, "weight": 0.009434}, {"source": 23, "target": 52, "weight": 0.012346}, {"source": 23, "target": 78, "weight": 0.010526}, {"source": 23, "target": 62, "weight": 0.00495}, {"source": 23, "target": 86, "weight": 0.027027}, {"source": 23, "target": 32, "weight": 0.017094}, {"source": 23, "target": 79, "weight": 0.004464}, {"source": 23, "target": 56, "weight": 0.019231}, {"source": 23, "target": 81, "weight": 0.011299}, {"source": 23, "target": 80, "weight": 0.010753}, {"source": 23, "target": 82, "weight": 0.009091}, {"source": 23, "target": 50, "weight": 0.009434}, {"source": 24, "target": 33, "weight": 0.030612}, {"source": 24, "target": 70, "weight": 0.007092}, {"source": 24, "target": 78, "weight": 0.007576}, {"source": 24, "target": 72, "weight": 0.372671}, {"source": 24, "target": 85, "weight": 0.082803}, {"source": 24, "target": 32, "weight": 0.090909}, {"source": 27, "target": 83, "weight": 0.012821}, {"source": 27, "target": 36, "weight": 0.017857}, {"source": 27, "target": 47, "weight": 0.011765}, {"source": 27, "target": 49, "weight": 0.015625}, {"source": 27, "target": 67, "weight": 0.119048}, {"source": 29, "target": 40, "weight": 0.005102}, {"source": 30, "target": 72, "weight": 0.004902}, {"source": 32, "target": 33, "weight": 0.009615}, {"source": 32, "target": 56, "weight": 0.814815}, {"source": 32, "target": 52, "weight": 0.008197}, {"source": 32, "target": 70, "weight": 0.403846}, {"source": 32, "target": 71, "weight": 0.011905}, {"source": 32, "target": 60, "weight": 0.005025}, {"source": 32, "target": 72, "weight": 0.066351}, {"source": 32, "target": 85, "weight": 0.611111}, {"source": 32, "target": 86, "weight": 0.444444}, {"source": 32, "target": 73, "weight": 0.005236}, {"source": 32, "target": 79, "weight": 0.003774}, {"source": 32, "target": 81, "weight": 0.195652}, {"source": 32, "target": 69, "weight": 0.007813}, {"source": 32, "target": 78, "weight": 0.383838}, {"source": 33, "target": 44, "weight": 0.009804}, {"source": 33, "target": 71, "weight": 0.010101}, {"source": 33, "target": 52, "weight": 0.030303}, {"source": 33, "target": 72, "weight": 0.017964}, {"source": 33, "target": 43, "weight": 0.012048}, {"source": 33, "target": 79, "weight": 0.044554}, {"source": 33, "target": 81, "weight": 0.018519}, {"source": 33, "target": 86, "weight": 0.016393}, {"source": 33, "target": 85, "weight": 0.008475}, {"source": 33, "target": 56, "weight": 0.010989}, {"source": 33, "target": 57, "weight": 0.015873}, {"source": 33, "target": 80, "weight": 0.012658}, {"source": 34, "target": 82, "weight": 0.011364}, {"source": 34, "target": 67, "weight": 0.018868}, {"source": 35, "target": 80, "weight": 0.013333}, {"source": 35, "target": 72, "weight": 0.012195}, {"source": 36, "target": 83, "weight": 0.012821}, {"source": 36, "target": 87, "weight": 0.040268}, {"source": 36, "target": 43, "weight": 0.008696}, {"source": 36, "target": 53, "weight": 0.007692}, {"source": 36, "target": 74, "weight": 0.043103}, {"source": 36, "target": 67, "weight": 0.032967}, {"source": 37, "target": 61, "weight": 0.018182}, {"source": 37, "target": 85, "weight": 0.009709}, {"source": 38, "target": 71, "weight": 0.014085}, {"source": 38, "target": 47, "weight": 0.014493}, {"source": 38, "target": 79, "weight": 0.013393}, {"source": 38, "target": 40, "weight": 0.009569}, {"source": 38, "target": 65, "weight": 0.020408}, {"source": 39, "target": 60, "weight": 0.05}, {"source": 39, "target": 41, "weight": 0.042735}, {"source": 39, "target": 84, "weight": 0.009615}, {"source": 39, "target": 72, "weight": 0.005208}, {"source": 39, "target": 43, "weight": 0.009434}, {"source": 39, "target": 73, "weight": 0.006289}, {"source": 39, "target": 50, "weight": 0.008696}, {"source": 40, "target": 83, "weight": 0.010526}, {"source": 40, "target": 46, "weight": 0.004739}, {"source": 40, "target": 62, "weight": 0.003003}, {"source": 40, "target": 76, "weight": 0.067416}, {"source": 40, "target": 49, "weight": 0.011364}, {"source": 40, "target": 75, "weight": 0.004926}, {"source": 41, "target": 42, "weight": 0.12}, {"source": 41, "target": 68, "weight": 0.019048}, {"source": 41, "target": 49, "weight": 0.025}, {"source": 42, "target": 60, "weight": 0.007752}, {"source": 42, "target": 65, "weight": 0.014706}, {"source": 43, "target": 83, "weight": 0.0125}, {"source": 43, "target": 47, "weight": 0.011494}, {"source": 43, "target": 80, "weight": 0.017857}, {"source": 44, "target": 67, "weight": 0.008772}, {"source": 44, "target": 72, "weight": 0.327381}, {"source": 44, "target": 62, "weight": 0.004149}, {"source": 46, "target": 60, "weight": 0.006211}, {"source": 46, "target": 71, "weight": 0.00463}, {"source": 46, "target": 62, "weight": 0.014778}, {"source": 46, "target": 63, "weight": 0.292308}, {"source": 46, "target": 51, "weight": 0.011628}, {"source": 47, "target": 73, "weight": 0.007143}, {"source": 47, "target": 62, "weight": 0.005208}, {"source": 49, "target": 60, "weight": 0.007874}, {"source": 49, "target": 84, "weight": 0.031746}, {"source": 49, "target": 50, "weight": 0.041096}, {"source": 50, "target": 83, "weight": 0.011236}, {"source": 50, "target": 62, "weight": 0.004329}, {"source": 50, "target": 67, "weight": 0.009615}, {"source": 50, "target": 82, "weight": 0.014493}, {"source": 51, "target": 76, "weight": 0.015625}, {"source": 52, "target": 59, "weight": 0.042857}, {"source": 52, "target": 83, "weight": 0.015625}, {"source": 52, "target": 72, "weight": 0.005348}, {"source": 52, "target": 85, "weight": 0.007353}, {"source": 52, "target": 57, "weight": 0.012346}, {"source": 52, "target": 80, "weight": 0.380282}, {"source": 53, "target": 58, "weight": 0.011494}, {"source": 53, "target": 71, "weight": 0.004032}, {"source": 53, "target": 77, "weight": 0.018018}, {"source": 53, "target": 62, "weight": 0.11215}, {"source": 53, "target": 66, "weight": 0.022222}, {"source": 53, "target": 74, "weight": 0.022222}, {"source": 53, "target": 87, "weight": 0.005848}, {"source": 55, "target": 71, "weight": 0.005236}, {"source": 56, "target": 70, "weight": 0.414894}, {"source": 56, "target": 72, "weight": 0.070707}, {"source": 56, "target": 85, "weight": 0.694737}, {"source": 56, "target": 78, "weight": 0.44186}, {"source": 57, "target": 71, "weight": 0.009434}, {"source": 57, "target": 79, "weight": 0.008969}, {"source": 57, "target": 62, "weight": 0.00495}, {"source": 57, "target": 74, "weight": 0.009804}, {"source": 57, "target": 87, "weight": 0.014815}, {"source": 58, "target": 62, "weight": 0.00565}, {"source": 59, "target": 71, "weight": 0.014851}, {"source": 59, "target": 79, "weight": 0.038462}, {"source": 59, "target": 80, "weight": 0.036585}, {"source": 59, "target": 87, "weight": 0.04065}, {"source": 59, "target": 65, "weight": 0.011364}, {"source": 60, "target": 68, "weight": 0.02}, {"source": 60, "target": 72, "weight": 0.019231}, {"source": 60, "target": 85, "weight": 0.009434}, {"source": 60, "target": 67, "weight": 0.00641}, {"source": 60, "target": 75, "weight": 0.006536}, {"source": 61, "target": 80, "weight": 0.01}, {"source": 62, "target": 71, "weight": 0.008929}, {"source": 62, "target": 73, "weight": 0.003636}, {"source": 62, "target": 74, "weight": 0.004405}, {"source": 62, "target": 76, "weight": 0.005464}, {"source": 62, "target": 77, "weight": 0.230303}, {"source": 62, "target": 79, "weight": 0.008646}, {"source": 62, "target": 82, "weight": 0.012876}, {"source": 62, "target": 83, "weight": 0.005405}, {"source": 62, "target": 85, "weight": 0.003891}, {"source": 62, "target": 63, "weight": 0.004878}, {"source": 62, "target": 87, "weight": 0.003831}, {"source": 62, "target": 65, "weight": 0.004505}, {"source": 63, "target": 71, "weight": 0.00463}, {"source": 66, "target": 74, "weight": 0.012346}, {"source": 67, "target": 74, "weight": 0.01}, {"source": 67, "target": 82, "weight": 0.009259}, {"source": 67, "target": 87, "weight": 0.015038}, {"source": 69, "target": 73, "weight": 0.025478}, {"source": 70, "target": 71, "weight": 0.012605}, {"source": 70, "target": 78, "weight": 0.447059}, {"source": 70, "target": 85, "weight": 0.333333}, {"source": 70, "target": 86, "weight": 0.119565}, {"source": 70, "target": 81, "weight": 0.072917}, {"source": 70, "target": 72, "weight": 0.009569}, {"source": 71, "target": 83, "weight": 0.005102}, {"source": 71, "target": 85, "weight": 0.011278}, {"source": 71, "target": 78, "weight": 0.004329}, {"source": 71, "target": 80, "weight": 0.15}, {"source": 71, "target": 72, "weight": 0.003135}, {"source": 72, "target": 78, "weight": 0.015075}, {"source": 72, "target": 79, "weight": 0.02795}, {"source": 72, "target": 81, "weight": 0.289593}, {"source": 72, "target": 84, "weight": 0.004975}, {"source": 72, "target": 85, "weight": 0.062222}, {"source": 72, "target": 86, "weight": 0.083333}, {"source": 73, "target": 82, "weight": 0.005464}, {"source": 76, "target": 77, "weight": 0.017241}, {"source": 77, "target": 82, "weight": 0.009091}, {"source": 78, "target": 85, "weight": 0.336283}, {"source": 78, "target": 86, "weight": 0.119048}, {"source": 78, "target": 81, "weight": 0.053476}, {"source": 79, "target": 83, "weight": 0.004831}, {"source": 79, "target": 85, "weight": 0.003584}, {"source": 79, "target": 80, "weight": 0.136792}, {"source": 80, "target": 83, "weight": 0.013158}, {"source": 81, "target": 85, "weight": 0.187817}, {"source": 85, "target": 86, "weight": 0.378947}], "multigraph": false}