{"directed": false, "graph": {}, "nodes": [{"group": 0, "id": "vermin", "degree": 7}, {"group": 1, "id": "vermilion", "degree": 3}, {"group": 2, "id": "venery"}, {"group": 3, "id": "versification"}, {"group": 3, "id": "ventilator", "degree": 3}, {"group": 3, "id": "vet", "degree": 5}, {"group": 3, "id": "ventilate", "degree": 7}, {"group": 1, "id": "vetch", "degree": 1}, {"group": 0, "id": "vex"}, {"group": 3, "id": "verse", "degree": 21}, {"group": 3, "id": "verso"}, {"group": 4, "id": "verity", "degree": 1}, {"group": 5, "id": "versus", "degree": 0}, {"group": 6, "id": "vendor", "degree": 0}, {"group": 2, "id": "very"}, {"group": 5, "id": "venire", "degree": 0}, {"group": 5, "id": "veering", "degree": 6}, {"group": 2, "id": "verbosity"}, {"group": 3, "id": "ventilation", "degree": 7}, {"group": 1, "id": "vestal"}, {"group": 3, "id": "verdict", "degree": 4}, {"group": 7, "id": "vexation"}, {"group": 2, "id": "veracious"}, {"group": 2, "id": "veritable"}, {"group": 2, "id": "verifiable"}, {"group": 2, "id": "verbal"}, {"group": 4, "id": "veracity"}, {"group": 2, "id": "veld"}, {"group": 2, "id": "velvety"}, {"group": 8, "id": "venerate", "degree": 1}, {"group": 8, "id": "vesper", "degree": 2}, {"group": 7, "id": "vengeance"}, {"group": 1, "id": "vertigo", "degree": 3}, {"group": 5, "id": "velvet"}, {"group": 1, "id": "vehement", "degree": 11}, {"group": 1, "id": "venturesome"}, {"group": 3, "id": "verbalize"}, {"group": 7, "id": "venom"}, {"group": 3, "id": "version"}, {"group": 5, "id": "vestibule", "degree": 5}, {"group": 2, "id": "verbiage"}, {"group": 2, "id": "vertical", "degree": 15}, {"group": 3, "id": "veto"}, {"group": 5, "id": "vestment"}, {"group": 7, "id": "vegetarianism"}, {"group": 1, "id": "venomous", "degree": 9}, {"group": 5, "id": "vestige"}, {"group": 5, "id": "veer", "degree": 21}, {"group": 0, "id": "vegetarian"}, {"group": 2, "id": "venerative"}, {"group": 3, "id": "vent", "degree": 12}, {"group": 1, "id": "verdure"}, {"group": 2, "id": "verbose", "degree": 8}, {"group": 5, "id": "verge"}, {"group": 5, "id": "vessel", "degree": 1}, {"group": 9, "id": "vetoed", "degree": 2}, {"group": 0, "id": "vertebrate", "degree": 2}, {"group": 7, "id": "vehemence", "degree": 12}, {"group": 5, "id": "vehicle"}, {"group": 5, "id": "veneer", "degree": 15}, {"group": 2, "id": "verbatim"}, {"group": 2, "id": "vested", "degree": 7}, {"group": 5, "id": "vesicle", "degree": 9}, {"group": 2, "id": "veridical", "degree": 9}, {"group": 1, "id": "venal"}, {"group": 5, "id": "versatility"}, {"group": 5, "id": "versatile"}, {"group": 3, "id": "vestry"}, {"group": 1, "id": "verdant", "degree": 2}, {"group": 5, "id": "veiled"}, {"group": 7, "id": "vendetta", "degree": 3}, {"group": 7, "id": "vermicide", "degree": 5}, {"group": 5, "id": "verification"}, {"group": 5, "id": "venture"}, {"group": 10, "id": "vexatious"}, {"group": 1, "id": "vernal", "degree": 11}, {"group": 5, "id": "vegetate", "degree": 9}, {"group": 2, "id": "vest"}, {"group": 2, "id": "vector"}, {"group": 2, "id": "verisimilar", "degree": 9}, {"group": 5, "id": "verify", "degree": 9}, {"group": 3, "id": "veteran", "degree": 2}, {"group": 0, "id": "vesicular", "degree": 1}, {"group": 5, "id": "venison"}, {"group": 1, "id": "vegetable"}, {"group": 1, "id": "vegetation", "degree": 4}, {"group": 2, "id": "venereal", "degree": 6}, {"group": 2, "id": "venerable"}, {"group": 5, "id": "vertex", "degree": 9}, {"group": 10, "id": "vexing", "degree": 5}, {"group": 2, "id": "venial", "degree": 3}, {"group": 8, "id": "veneration"}, {"group": 9, "id": "verboten", "degree": 1}, {"group": 2, "id": "verified"}, {"group": 5, "id": "veil", "degree": 14}, {"group": 5, "id": "vein"}, {"group": 7, "id": "verve", "degree": 8}, {"group": 2, "id": "vernacular", "degree": 11}, {"group": 5, "id": "velocity", "degree": 6}], "links": [{"source": 0, "target": 46, "weight": 0.017964}, {"source": 0, "target": 48, "weight": 0.033708}, {"source": 0, "target": 56, "weight": 0.382979}, {"source": 0, "target": 8, "weight": 0.018182}, {"source": 0, "target": 82, "weight": 0.016949}, {"source": 0, "target": 94, "weight": 0.007519}, {"source": 0, "target": 59, "weight": 0.008333}, {"source": 1, "target": 34, "weight": 0.039063}, {"source": 1, "target": 7, "weight": 0.018868}, {"source": 1, "target": 8, "weight": 0.010989}, {"source": 2, "target": 86, "weight": 0.016949}, {"source": 2, "target": 88, "weight": 0.010753}, {"source": 2, "target": 85, "weight": 0.013333}, {"source": 3, "target": 9, "weight": 0.006711}, {"source": 4, "target": 50, "weight": 0.059829}, {"source": 4, "target": 6, "weight": 0.035714}, {"source": 4, "target": 36, "weight": 0.02439}, {"source": 5, "target": 50, "weight": 0.007246}, {"source": 5, "target": 87, "weight": 0.008547}, {"source": 5, "target": 81, "weight": 0.113208}, {"source": 5, "target": 18, "weight": 0.034483}, {"source": 5, "target": 6, "weight": 0.057971}, {"source": 5, "target": 58, "weight": 0.007813}, {"source": 6, "target": 50, "weight": 0.07483}, {"source": 6, "target": 32, "weight": 0.010417}, {"source": 6, "target": 33, "weight": 0.009709}, {"source": 6, "target": 47, "weight": 0.006329}, {"source": 6, "target": 23, "weight": 0.008475}, {"source": 6, "target": 62, "weight": 0.007692}, {"source": 6, "target": 18, "weight": 0.067568}, {"source": 6, "target": 36, "weight": 0.085714}, {"source": 6, "target": 9, "weight": 0.005319}, {"source": 6, "target": 40, "weight": 0.014085}, {"source": 6, "target": 73, "weight": 0.008621}, {"source": 6, "target": 58, "weight": 0.006803}, {"source": 6, "target": 94, "weight": 0.007463}, {"source": 7, "target": 75, "weight": 0.010753}, {"source": 7, "target": 68, "weight": 0.02439}, {"source": 7, "target": 95, "weight": 0.006369}, {"source": 7, "target": 76, "weight": 0.014706}, {"source": 8, "target": 62, "weight": 0.006623}, {"source": 9, "target": 50, "weight": 0.007905}, {"source": 9, "target": 53, "weight": 0.008621}, {"source": 9, "target": 36, "weight": 0.035928}, {"source": 9, "target": 38, "weight": 0.026432}, {"source": 9, "target": 58, "weight": 0.00823}, {"source": 9, "target": 10, "weight": 0.048485}, {"source": 9, "target": 39, "weight": 0.005747}, {"source": 9, "target": 85, "weight": 0.005525}, {"source": 9, "target": 59, "weight": 0.004587}, {"source": 9, "target": 65, "weight": 0.006098}, {"source": 9, "target": 95, "weight": 0.00369}, {"source": 9, "target": 67, "weight": 0.006211}, {"source": 9, "target": 46, "weight": 0.003745}, {"source": 9, "target": 47, "weight": 0.003922}, {"source": 9, "target": 57, "weight": 0.003831}, {"source": 9, "target": 18, "weight": 0.005714}, {"source": 9, "target": 20, "weight": 0.018519}, {"source": 9, "target": 40, "weight": 0.011976}, {"source": 9, "target": 98, "weight": 0.004854}, {"source": 9, "target": 21, "weight": 0.008584}, {"source": 10, "target": 50, "weight": 0.007092}, {"source": 10, "target": 41, "weight": 0.011364}, {"source": 10, "target": 80, "weight": 0.014085}, {"source": 10, "target": 57, "weight": 0.006757}, {"source": 10, "target": 76, "weight": 0.014493}, {"source": 10, "target": 59, "weight": 0.009524}, {"source": 11, "target": 26, "weight": 0.545455}, {"source": 12, "target": 59, "weight": 0.011765}, {"source": 14, "target": 79, "weight": 0.011905}, {"source": 14, "target": 63, "weight": 0.088889}, {"source": 14, "target": 41, "weight": 0.021277}, {"source": 15, "target": 59, "weight": 0.011905}, {"source": 16, "target": 47, "weight": 0.034884}, {"source": 16, "target": 34, "weight": 0.005814}, {"source": 16, "target": 88, "weight": 0.008264}, {"source": 16, "target": 83, "weight": 0.013158}, {"source": 16, "target": 45, "weight": 0.006993}, {"source": 16, "target": 65, "weight": 0.011628}, {"source": 16, "target": 66, "weight": 0.010753}, {"source": 17, "target": 97, "weight": 0.028846}, {"source": 17, "target": 52, "weight": 0.013158}, {"source": 18, "target": 50, "weight": 0.006944}, {"source": 18, "target": 91, "weight": 0.014706}, {"source": 18, "target": 20, "weight": 0.018519}, {"source": 18, "target": 58, "weight": 0.015038}, {"source": 18, "target": 67, "weight": 0.019608}, {"source": 19, "target": 75, "weight": 0.072464}, {"source": 20, "target": 50, "weight": 0.007519}, {"source": 20, "target": 91, "weight": 0.017544}, {"source": 20, "target": 38, "weight": 0.009009}, {"source": 20, "target": 42, "weight": 0.027027}, {"source": 20, "target": 57, "weight": 0.007143}, {"source": 20, "target": 72, "weight": 0.02}, {"source": 21, "target": 70, "weight": 0.007813}, {"source": 21, "target": 96, "weight": 0.006173}, {"source": 21, "target": 34, "weight": 0.005025}, {"source": 21, "target": 89, "weight": 0.025641}, {"source": 21, "target": 71, "weight": 0.026786}, {"source": 21, "target": 57, "weight": 0.014423}, {"source": 21, "target": 98, "weight": 0.006452}, {"source": 21, "target": 45, "weight": 0.005882}, {"source": 21, "target": 85, "weight": 0.007692}, {"source": 22, "target": 79, "weight": 0.013333}, {"source": 22, "target": 63, "weight": 0.081081}, {"source": 22, "target": 41, "weight": 0.011628}, {"source": 22, "target": 61, "weight": 0.038462}, {"source": 23, "target": 86, "weight": 0.010526}, {"source": 23, "target": 50, "weight": 0.010929}, {"source": 23, "target": 79, "weight": 0.043103}, {"source": 23, "target": 47, "weight": 0.005405}, {"source": 23, "target": 41, "weight": 0.047619}, {"source": 23, "target": 61, "weight": 0.020619}, {"source": 23, "target": 63, "weight": 0.049383}, {"source": 23, "target": 97, "weight": 0.013423}, {"source": 24, "target": 79, "weight": 0.015152}, {"source": 24, "target": 63, "weight": 0.107143}, {"source": 25, "target": 79, "weight": 0.413793}, {"source": 25, "target": 52, "weight": 0.016529}, {"source": 25, "target": 41, "weight": 0.007519}, {"source": 25, "target": 34, "weight": 0.005495}, {"source": 25, "target": 63, "weight": 0.048193}, {"source": 25, "target": 90, "weight": 0.011494}, {"source": 25, "target": 97, "weight": 0.033784}, {"source": 25, "target": 75, "weight": 0.007194}, {"source": 27, "target": 41, "weight": 0.019802}, {"source": 27, "target": 59, "weight": 0.008403}, {"source": 28, "target": 52, "weight": 0.011494}, {"source": 28, "target": 41, "weight": 0.010204}, {"source": 29, "target": 91, "weight": 0.152174}, {"source": 30, "target": 38, "weight": 0.009259}, {"source": 30, "target": 91, "weight": 0.018519}, {"source": 31, "target": 70, "weight": 0.073171}, {"source": 32, "target": 45, "weight": 0.007752}, {"source": 32, "target": 35, "weight": 0.012048}, {"source": 32, "target": 85, "weight": 0.022727}, {"source": 33, "target": 41, "weight": 0.017391}, {"source": 33, "target": 96, "weight": 0.007813}, {"source": 33, "target": 62, "weight": 0.007042}, {"source": 33, "target": 76, "weight": 0.010309}, {"source": 33, "target": 94, "weight": 0.006849}, {"source": 33, "target": 59, "weight": 0.007519}, {"source": 34, "target": 86, "weight": 0.007692}, {"source": 34, "target": 79, "weight": 0.006452}, {"source": 34, "target": 41, "weight": 0.006024}, {"source": 34, "target": 89, "weight": 0.007407}, {"source": 34, "target": 49, "weight": 0.024}, {"source": 34, "target": 60, "weight": 0.006061}, {"source": 34, "target": 63, "weight": 0.008403}, {"source": 34, "target": 74, "weight": 0.006849}, {"source": 34, "target": 84, "weight": 0.005435}, {"source": 34, "target": 64, "weight": 0.007042}, {"source": 34, "target": 45, "weight": 0.183544}, {"source": 34, "target": 35, "weight": 0.007143}, {"source": 35, "target": 41, "weight": 0.010989}, {"source": 36, "target": 50, "weight": 0.051852}, {"source": 36, "target": 62, "weight": 0.008772}, {"source": 37, "target": 70, "weight": 0.098039}, {"source": 37, "target": 96, "weight": 0.006897}, {"source": 37, "target": 88, "weight": 0.007634}, {"source": 37, "target": 89, "weight": 0.009804}, {"source": 37, "target": 71, "weight": 0.166667}, {"source": 37, "target": 57, "weight": 0.134503}, {"source": 37, "target": 62, "weight": 0.006289}, {"source": 37, "target": 45, "weight": 0.006536}, {"source": 37, "target": 97, "weight": 0.006579}, {"source": 38, "target": 79, "weight": 0.007299}, {"source": 38, "target": 47, "weight": 0.00495}, {"source": 38, "target": 80, "weight": 0.015385}, {"source": 38, "target": 97, "weight": 0.005988}, {"source": 38, "target": 75, "weight": 0.006494}, {"source": 38, "target": 85, "weight": 0.007813}, {"source": 38, "target": 59, "weight": 0.006061}, {"source": 39, "target": 50, "weight": 0.006993}, {"source": 39, "target": 73, "weight": 0.009804}, {"source": 39, "target": 62, "weight": 0.008621}, {"source": 39, "target": 53, "weight": 0.016529}, {"source": 39, "target": 95, "weight": 0.00625}, {"source": 40, "target": 97, "weight": 0.050505}, {"source": 41, "target": 86, "weight": 0.012346}, {"source": 41, "target": 93, "weight": 0.011111}, {"source": 41, "target": 52, "weight": 0.009434}, {"source": 41, "target": 47, "weight": 0.005848}, {"source": 41, "target": 88, "weight": 0.035714}, {"source": 41, "target": 78, "weight": 0.036585}, {"source": 41, "target": 60, "weight": 0.044643}, {"source": 41, "target": 63, "weight": 0.044118}, {"source": 41, "target": 53, "weight": 0.006711}, {"source": 41, "target": 79, "weight": 0.009434}, {"source": 41, "target": 45, "weight": 0.007299}, {"source": 42, "target": 50, "weight": 0.007874}, {"source": 42, "target": 59, "weight": 0.010989}, {"source": 43, "target": 62, "weight": 0.007299}, {"source": 43, "target": 94, "weight": 0.173554}, {"source": 43, "target": 47, "weight": 0.006061}, {"source": 43, "target": 59, "weight": 0.02381}, {"source": 44, "target": 96, "weight": 0.01}, {"source": 45, "target": 89, "weight": 0.009434}, {"source": 45, "target": 71, "weight": 0.009901}, {"source": 45, "target": 74, "weight": 0.008547}, {"source": 45, "target": 84, "weight": 0.006452}, {"source": 45, "target": 64, "weight": 0.00885}, {"source": 46, "target": 96, "weight": 0.005128}, {"source": 46, "target": 62, "weight": 0.029412}, {"source": 46, "target": 57, "weight": 0.004115}, {"source": 46, "target": 80, "weight": 0.012121}, {"source": 46, "target": 98, "weight": 0.010695}, {"source": 46, "target": 59, "weight": 0.005}, {"source": 46, "target": 94, "weight": 0.009434}, {"source": 46, "target": 76, "weight": 0.006098}, {"source": 47, "target": 78, "weight": 0.014599}, {"source": 47, "target": 53, "weight": 0.030303}, {"source": 47, "target": 50, "weight": 0.004464}, {"source": 47, "target": 88, "weight": 0.180556}, {"source": 47, "target": 57, "weight": 0.008696}, {"source": 47, "target": 73, "weight": 0.005464}, {"source": 47, "target": 58, "weight": 0.004673}, {"source": 47, "target": 62, "weight": 0.010204}, {"source": 47, "target": 98, "weight": 0.017241}, {"source": 47, "target": 97, "weight": 0.005263}, {"source": 47, "target": 59, "weight": 0.005319}, {"source": 47, "target": 65, "weight": 0.015038}, {"source": 47, "target": 95, "weight": 0.008333}, {"source": 47, "target": 76, "weight": 0.006579}, {"source": 48, "target": 56, "weight": 0.046875}, {"source": 49, "target": 63, "weight": 0.032258}, {"source": 50, "target": 54, "weight": 0.007463}, {"source": 50, "target": 69, "weight": 0.005405}, {"source": 50, "target": 62, "weight": 0.005102}, {"source": 50, "target": 73, "weight": 0.005495}, {"source": 50, "target": 58, "weight": 0.004695}, {"source": 50, "target": 94, "weight": 0.005}, {"source": 50, "target": 95, "weight": 0.004167}, {"source": 51, "target": 75, "weight": 0.014493}, {"source": 51, "target": 68, "weight": 0.058824}, {"source": 51, "target": 85, "weight": 0.047619}, {"source": 52, "target": 79, "weight": 0.010526}, {"source": 52, "target": 60, "weight": 0.009524}, {"source": 52, "target": 90, "weight": 0.016667}, {"source": 52, "target": 97, "weight": 0.008}, {"source": 53, "target": 61, "weight": 0.008621}, {"source": 53, "target": 62, "weight": 0.02924}, {"source": 53, "target": 88, "weight": 0.02069}, {"source": 53, "target": 57, "weight": 0.009615}, {"source": 53, "target": 59, "weight": 0.012121}, {"source": 53, "target": 94, "weight": 0.005587}, {"source": 53, "target": 76, "weight": 0.007692}, {"source": 54, "target": 73, "weight": 0.010753}, {"source": 55, "target": 87, "weight": 0.009434}, {"source": 55, "target": 92, "weight": 0.882353}, {"source": 56, "target": 82, "weight": 0.029412}, {"source": 57, "target": 91, "weight": 0.013072}, {"source": 57, "target": 70, "weight": 0.026316}, {"source": 57, "target": 96, "weight": 0.180124}, {"source": 57, "target": 88, "weight": 0.017341}, {"source": 57, "target": 71, "weight": 0.007092}, {"source": 57, "target": 78, "weight": 0.006944}, {"source": 57, "target": 73, "weight": 0.005291}, {"source": 57, "target": 95, "weight": 0.00813}, {"source": 57, "target": 97, "weight": 0.005102}, {"source": 58, "target": 80, "weight": 0.006993}, {"source": 58, "target": 98, "weight": 0.006061}, {"source": 58, "target": 94, "weight": 0.026882}, {"source": 58, "target": 59, "weight": 0.034884}, {"source": 59, "target": 87, "weight": 0.006024}, {"source": 59, "target": 80, "weight": 0.008547}, {"source": 59, "target": 62, "weight": 0.012579}, {"source": 59, "target": 73, "weight": 0.013793}, {"source": 59, "target": 94, "weight": 0.071429}, {"source": 59, "target": 95, "weight": 0.0199}, {"source": 59, "target": 76, "weight": 0.008696}, {"source": 60, "target": 86, "weight": 0.0125}, {"source": 60, "target": 79, "weight": 0.514286}, {"source": 60, "target": 63, "weight": 0.09375}, {"source": 60, "target": 90, "weight": 0.014286}, {"source": 60, "target": 97, "weight": 0.007407}, {"source": 60, "target": 75, "weight": 0.008197}, {"source": 61, "target": 77, "weight": 0.02439}, {"source": 61, "target": 87, "weight": 0.026316}, {"source": 61, "target": 93, "weight": 0.054545}, {"source": 61, "target": 69, "weight": 0.020408}, {"source": 62, "target": 80, "weight": 0.007937}, {"source": 62, "target": 88, "weight": 0.007092}, {"source": 62, "target": 72, "weight": 0.00885}, {"source": 62, "target": 98, "weight": 0.006757}, {"source": 62, "target": 94, "weight": 0.00578}, {"source": 62, "target": 95, "weight": 0.014218}, {"source": 63, "target": 93, "weight": 0.1}, {"source": 63, "target": 79, "weight": 0.071429}, {"source": 68, "target": 75, "weight": 0.181818}, {"source": 69, "target": 97, "weight": 0.006623}, {"source": 69, "target": 94, "weight": 0.01875}, {"source": 70, "target": 71, "weight": 0.016949}, {"source": 71, "target": 78, "weight": 0.020833}, {"source": 72, "target": 80, "weight": 0.092308}, {"source": 72, "target": 97, "weight": 0.009434}, {"source": 73, "target": 96, "weight": 0.007092}, {"source": 73, "target": 80, "weight": 0.027273}, {"source": 73, "target": 94, "weight": 0.012658}, {"source": 74, "target": 89, "weight": 0.55814}, {"source": 75, "target": 79, "weight": 0.008929}, {"source": 75, "target": 84, "weight": 0.007092}, {"source": 75, "target": 95, "weight": 0.005181}, {"source": 75, "target": 97, "weight": 0.007042}, {"source": 76, "target": 81, "weight": 0.014085}, {"source": 76, "target": 84, "weight": 0.008621}, {"source": 76, "target": 95, "weight": 0.005952}, {"source": 77, "target": 88, "weight": 0.013889}, {"source": 77, "target": 80, "weight": 0.017544}, {"source": 77, "target": 94, "weight": 0.009615}, {"source": 78, "target": 86, "weight": 0.020833}, {"source": 78, "target": 88, "weight": 0.012195}, {"source": 79, "target": 93, "weight": 0.012658}, {"source": 79, "target": 90, "weight": 0.016667}, {"source": 79, "target": 97, "weight": 0.008}, {"source": 80, "target": 94, "weight": 0.007692}, {"source": 81, "target": 84, "weight": 0.009259}, {"source": 81, "target": 87, "weight": 0.008197}, {"source": 82, "target": 95, "weight": 0.006993}, {"source": 83, "target": 98, "weight": 0.013333}, {"source": 87, "target": 97, "weight": 0.018072}, {"source": 87, "target": 92, "weight": 0.009434}, {"source": 88, "target": 97, "weight": 0.007463}, {"source": 94, "target": 95, "weight": 0.013953}, {"source": 95, "target": 96, "weight": 0.020408}, {"source": 95, "target": 97, "weight": 0.004854}, {"source": 96, "target": 98, "weight": 0.007463}], "multigraph": false}