{"directed": false, "graph": {}, "nodes": [{"group": 0, "id": "vile"}, {"group": 0, "id": "violation", "degree": 13}, {"group": 1, "id": "visitor", "degree": 2}, {"group": 2, "id": "viaduct", "degree": 2}, {"group": 3, "id": "violent", "degree": 16}, {"group": 4, "id": "viability", "degree": 9}, {"group": 5, "id": "victim"}, {"group": 1, "id": "vigilant"}, {"group": 0, "id": "vilify"}, {"group": 2, "id": "violin", "degree": 2}, {"group": 5, "id": "visualization", "degree": 4}, {"group": 0, "id": "violate"}, {"group": 6, "id": "vibration", "degree": 2}, {"group": 5, "id": "vicinity", "degree": 9}, {"group": 6, "id": "vicissitude", "degree": 9}, {"group": 1, "id": "villenage"}, {"group": 3, "id": "viper", "degree": 6}, {"group": 4, "id": "vigor"}, {"group": 1, "id": "virtuous"}, {"group": 5, "id": "viewpoint", "degree": 10}, {"group": 0, "id": "vilifying", "degree": 5}, {"group": 2, "id": "vibrator"}, {"group": 0, "id": "vituperate", "degree": 10}, {"group": 3, "id": "viscid"}, {"group": 3, "id": "virginal"}, {"group": 3, "id": "vibrant"}, {"group": 3, "id": "vitriolic", "degree": 14}, {"group": 7, "id": "vibraphone", "degree": 2}, {"group": 7, "id": "vibes", "degree": 1}, {"group": 1, "id": "victory", "degree": 5}, {"group": 3, "id": "virulent", "degree": 19}, {"group": 5, "id": "vision", "degree": 23}, {"group": 5, "id": "view"}, {"group": 4, "id": "virginity"}, {"group": 0, "id": "vine", "degree": 1}, {"group": 1, "id": "victor", "degree": 9}, {"group": 5, "id": "visualize", "degree": 10}, {"group": 5, "id": "victimization", "degree": 2}, {"group": 1, "id": "videotape", "degree": 9}, {"group": 0, "id": "vituperative", "degree": 7}, {"group": 0, "id": "vitiate", "degree": 12}, {"group": 5, "id": "vitalize"}, {"group": 3, "id": "viable", "degree": 12}, {"group": 5, "id": "virgule"}, {"group": 8, "id": "viol", "degree": 0}, {"group": 1, "id": "vindicator"}, {"group": 12, "id": "vigilantes", "degree": 0}, {"group": 1, "id": "virtuoso", "degree": 19}, {"group": 1, "id": "virtuosity", "degree": 17}, {"group": 5, "id": "vitals"}, {"group": 4, "id": "vivacity", "degree": 15}, {"group": 3, "id": "vinegar"}, {"group": 4, "id": "violence"}, {"group": 6, "id": "vibrating"}, {"group": 2, "id": "visibility", "degree": 5}, {"group": 4, "id": "virility", "degree": 8}, {"group": 0, "id": "vituperation"}, {"group": 1, "id": "vicar"}, {"group": 3, "id": "vinegarish", "degree": 7}, {"group": 1, "id": "vie", "degree": 2}, {"group": 5, "id": "visibly"}, {"group": 4, "id": "vim"}, {"group": 9, "id": "visible", "degree": 7}, {"group": 7, "id": "viscera"}, {"group": 5, "id": "village"}, {"group": 3, "id": "vixen", "degree": 13}, {"group": 2, "id": "vibrato"}, {"group": 3, "id": "vivid"}, {"group": 1, "id": "visit"}, {"group": 2, "id": "vibrate", "degree": 3}, {"group": 10, "id": "vineyard", "degree": 0}, {"group": 3, "id": "virgin"}, {"group": 3, "id": "viscous"}, {"group": 3, "id": "vigorous"}, {"group": 6, "id": "visitation"}, {"group": 2, "id": "vichyssoise"}, {"group": 9, "id": "visual"}, {"group": 4, "id": "virulence"}, {"group": 4, "id": "virtue", "degree": 18}, {"group": 1, "id": "vindication", "degree": 1}, {"group": 4, "id": "vicarage", "degree": 14}, {"group": 3, "id": "vivacious"}, {"group": 1, "id": "vitrified", "degree": 1}, {"group": 3, "id": "viceroy", "degree": 2}, {"group": 5, "id": "visage", "degree": 4}, {"group": 1, "id": "villein", "degree": 1}, {"group": 1, "id": "viewer"}, {"group": 11, "id": "violently", "degree": 0}, {"group": 0, "id": "villainy"}, {"group": 5, "id": "villain", "degree": 19}, {"group": 1, "id": "virtu"}, {"group": 5, "id": "vivify"}, {"group": 5, "id": "vista"}, {"group": 3, "id": "virago"}, {"group": 1, "id": "vindicate"}, {"group": 5, "id": "vintage", "degree": 0}, {"group": 3, "id": "virtual"}, {"group": 3, "id": "vital"}, {"group": 13, "id": "virtually", "degree": 0}, {"group": 2, "id": "viola"}, {"group": 1, "id": "vigilance", "degree": 5}, {"group": 0, "id": "vilification"}, {"group": 14, "id": "visor", "degree": 0}, {"group": 3, "id": "victimize"}, {"group": 5, "id": "visceral", "degree": 2}, {"group": 3, "id": "visionary"}, {"group": 4, "id": "viscosity"}, {"group": 0, "id": "vicious"}, {"group": 5, "id": "vignette", "degree": 7}, {"group": 0, "id": "virus"}, {"group": 1, "id": "visa", "degree": 13}, {"group": 4, "id": "vitality", "degree": 25}, {"group": 3, "id": "vintner", "degree": 2}, {"group": 1, "id": "vigil", "degree": 4}, {"group": 6, "id": "vibrancy", "degree": 3}, {"group": 1, "id": "viscount", "degree": 1}, {"group": 4, "id": "vitriol", "degree": 10}, {"group": 0, "id": "vice"}, {"group": 15, "id": "vigorously", "degree": 0}, {"group": 0, "id": "villainous", "degree": 19}], "links": [{"source": 0, "target": 4, "weight": 0.008621}, {"source": 0, "target": 19, "weight": 0.00361}, {"source": 0, "target": 38, "weight": 0.003891}, {"source": 0, "target": 26, "weight": 0.007407}, {"source": 0, "target": 89, "weight": 0.003521}, {"source": 0, "target": 108, "weight": 0.003731}, {"source": 0, "target": 1, "weight": 0.003356}, {"source": 0, "target": 20, "weight": 0.024896}, {"source": 0, "target": 39, "weight": 0.064103}, {"source": 0, "target": 119, "weight": 0.40625}, {"source": 0, "target": 30, "weight": 0.02795}, {"source": 0, "target": 40, "weight": 0.00692}, {"source": 1, "target": 11, "weight": 0.05102}, {"source": 1, "target": 117, "weight": 0.08871}, {"source": 1, "target": 74, "weight": 0.007407}, {"source": 1, "target": 52, "weight": 0.030075}, {"source": 1, "target": 107, "weight": 0.004651}, {"source": 1, "target": 88, "weight": 0.076923}, {"source": 1, "target": 22, "weight": 0.010417}, {"source": 1, "target": 77, "weight": 0.011236}, {"source": 1, "target": 40, "weight": 0.006623}, {"source": 1, "target": 119, "weight": 0.005714}, {"source": 1, "target": 30, "weight": 0.005236}, {"source": 1, "target": 8, "weight": 0.008333}, {"source": 1, "target": 56, "weight": 0.042553}, {"source": 1, "target": 101, "weight": 0.040816}, {"source": 2, "target": 86, "weight": 0.0625}, {"source": 2, "target": 47, "weight": 0.022388}, {"source": 2, "target": 35, "weight": 0.018519}, {"source": 3, "target": 9, "weight": 0.045455}, {"source": 3, "target": 99, "weight": 0.025641}, {"source": 4, "target": 58, "weight": 0.013072}, {"source": 4, "target": 89, "weight": 0.005076}, {"source": 4, "target": 65, "weight": 0.232704}, {"source": 4, "target": 93, "weight": 0.25}, {"source": 4, "target": 11, "weight": 0.003891}, {"source": 4, "target": 71, "weight": 0.003636}, {"source": 4, "target": 97, "weight": 0.045455}, {"source": 4, "target": 16, "weight": 0.006667}, {"source": 4, "target": 72, "weight": 0.010471}, {"source": 4, "target": 73, "weight": 0.073643}, {"source": 4, "target": 105, "weight": 0.010204}, {"source": 4, "target": 107, "weight": 0.055118}, {"source": 4, "target": 47, "weight": 0.004464}, {"source": 4, "target": 77, "weight": 0.004329}, {"source": 4, "target": 67, "weight": 0.043668}, {"source": 4, "target": 23, "weight": 0.009901}, {"source": 4, "target": 51, "weight": 0.007143}, {"source": 4, "target": 25, "weight": 0.04023}, {"source": 4, "target": 26, "weight": 0.201299}, {"source": 4, "target": 52, "weight": 0.005319}, {"source": 4, "target": 81, "weight": 0.038278}, {"source": 4, "target": 119, "weight": 0.013333}, {"source": 4, "target": 30, "weight": 0.251282}, {"source": 5, "target": 17, "weight": 0.068182}, {"source": 5, "target": 81, "weight": 0.009804}, {"source": 5, "target": 73, "weight": 0.006173}, {"source": 5, "target": 67, "weight": 0.008065}, {"source": 5, "target": 25, "weight": 0.015152}, {"source": 5, "target": 111, "weight": 0.096154}, {"source": 5, "target": 61, "weight": 0.058824}, {"source": 5, "target": 97, "weight": 0.006211}, {"source": 5, "target": 77, "weight": 0.008547}, {"source": 5, "target": 78, "weight": 0.008772}, {"source": 5, "target": 55, "weight": 0.015625}, {"source": 5, "target": 50, "weight": 0.166667}, {"source": 5, "target": 80, "weight": 0.02381}, {"source": 5, "target": 42, "weight": 0.017857}, {"source": 6, "target": 14, "weight": 0.011765}, {"source": 6, "target": 89, "weight": 0.017857}, {"source": 6, "target": 110, "weight": 0.010753}, {"source": 6, "target": 78, "weight": 0.006944}, {"source": 7, "target": 82, "weight": 0.017857}, {"source": 7, "target": 47, "weight": 0.007692}, {"source": 8, "target": 13, "weight": 0.01}, {"source": 8, "target": 22, "weight": 0.26087}, {"source": 8, "target": 40, "weight": 0.046296}, {"source": 8, "target": 30, "weight": 0.006579}, {"source": 8, "target": 14, "weight": 0.012821}, {"source": 9, "target": 66, "weight": 0.057143}, {"source": 9, "target": 99, "weight": 0.344828}, {"source": 10, "target": 36, "weight": 0.130435}, {"source": 10, "target": 37, "weight": 0.038462}, {"source": 10, "target": 19, "weight": 0.015152}, {"source": 10, "target": 108, "weight": 0.054545}, {"source": 10, "target": 31, "weight": 0.072917}, {"source": 10, "target": 32, "weight": 0.021505}, {"source": 11, "target": 65, "weight": 0.005291}, {"source": 11, "target": 84, "weight": 0.006369}, {"source": 11, "target": 19, "weight": 0.005435}, {"source": 11, "target": 112, "weight": 0.006757}, {"source": 11, "target": 13, "weight": 0.005405}, {"source": 11, "target": 111, "weight": 0.004525}, {"source": 11, "target": 22, "weight": 0.007042}, {"source": 11, "target": 78, "weight": 0.004505}, {"source": 11, "target": 119, "weight": 0.018349}, {"source": 11, "target": 30, "weight": 0.008475}, {"source": 11, "target": 55, "weight": 0.005814}, {"source": 11, "target": 14, "weight": 0.012346}, {"source": 11, "target": 39, "weight": 0.012987}, {"source": 11, "target": 40, "weight": 0.269231}, {"source": 12, "target": 14, "weight": 0.045455}, {"source": 12, "target": 114, "weight": 0.166667}, {"source": 12, "target": 53, "weight": 0.135135}, {"source": 13, "target": 92, "weight": 0.012346}, {"source": 13, "target": 19, "weight": 0.034783}, {"source": 13, "target": 106, "weight": 0.013514}, {"source": 13, "target": 60, "weight": 0.009615}, {"source": 13, "target": 54, "weight": 0.012195}, {"source": 13, "target": 89, "weight": 0.008}, {"source": 13, "target": 40, "weight": 0.007634}, {"source": 13, "target": 64, "weight": 0.042105}, {"source": 13, "target": 32, "weight": 0.016807}, {"source": 14, "target": 57, "weight": 0.009901}, {"source": 14, "target": 74, "weight": 0.05618}, {"source": 14, "target": 52, "weight": 0.021505}, {"source": 14, "target": 106, "weight": 0.019231}, {"source": 14, "target": 53, "weight": 0.011111}, {"source": 14, "target": 111, "weight": 0.007519}, {"source": 14, "target": 110, "weight": 0.012048}, {"source": 14, "target": 77, "weight": 0.014706}, {"source": 14, "target": 114, "weight": 0.065217}, {"source": 15, "target": 85, "weight": 0.019608}, {"source": 15, "target": 116, "weight": 0.020833}, {"source": 15, "target": 48, "weight": 0.009709}, {"source": 15, "target": 31, "weight": 0.007634}, {"source": 15, "target": 78, "weight": 0.007519}, {"source": 16, "target": 65, "weight": 0.012195}, {"source": 16, "target": 93, "weight": 0.014085}, {"source": 16, "target": 105, "weight": 0.011905}, {"source": 16, "target": 107, "weight": 0.006494}, {"source": 16, "target": 103, "weight": 0.011628}, {"source": 17, "target": 116, "weight": 0.011494}, {"source": 17, "target": 19, "weight": 0.007463}, {"source": 17, "target": 111, "weight": 0.737374}, {"source": 17, "target": 47, "weight": 0.005952}, {"source": 17, "target": 110, "weight": 0.008264}, {"source": 17, "target": 29, "weight": 0.023256}, {"source": 17, "target": 48, "weight": 0.007042}, {"source": 17, "target": 55, "weight": 0.481928}, {"source": 17, "target": 50, "weight": 0.207547}, {"source": 17, "target": 80, "weight": 0.01}, {"source": 17, "target": 31, "weight": 0.005882}, {"source": 17, "target": 78, "weight": 0.310606}, {"source": 18, "target": 115, "weight": 0.009346}, {"source": 18, "target": 47, "weight": 0.022727}, {"source": 19, "target": 84, "weight": 0.05814}, {"source": 19, "target": 61, "weight": 0.007692}, {"source": 19, "target": 62, "weight": 0.009901}, {"source": 19, "target": 89, "weight": 0.008065}, {"source": 19, "target": 92, "weight": 0.051948}, {"source": 19, "target": 36, "weight": 0.040541}, {"source": 19, "target": 38, "weight": 0.010309}, {"source": 19, "target": 40, "weight": 0.007692}, {"source": 19, "target": 43, "weight": 0.012048}, {"source": 19, "target": 105, "weight": 0.008065}, {"source": 19, "target": 107, "weight": 0.005155}, {"source": 19, "target": 111, "weight": 0.006494}, {"source": 19, "target": 77, "weight": 0.006329}, {"source": 19, "target": 108, "weight": 0.018692}, {"source": 19, "target": 48, "weight": 0.008}, {"source": 19, "target": 119, "weight": 0.006494}, {"source": 19, "target": 55, "weight": 0.009524}, {"source": 19, "target": 32, "weight": 0.26178}, {"source": 19, "target": 31, "weight": 0.054795}, {"source": 19, "target": 78, "weight": 0.012987}, {"source": 20, "target": 107, "weight": 0.012346}, {"source": 20, "target": 39, "weight": 0.380952}, {"source": 20, "target": 119, "weight": 0.00813}, {"source": 20, "target": 56, "weight": 0.022222}, {"source": 20, "target": 101, "weight": 0.020408}, {"source": 21, "target": 69, "weight": 0.015873}, {"source": 22, "target": 65, "weight": 0.0125}, {"source": 22, "target": 93, "weight": 0.014493}, {"source": 22, "target": 52, "weight": 0.013699}, {"source": 22, "target": 107, "weight": 0.006579}, {"source": 22, "target": 30, "weight": 0.007813}, {"source": 22, "target": 56, "weight": 0.029412}, {"source": 22, "target": 101, "weight": 0.026316}, {"source": 23, "target": 65, "weight": 0.007407}, {"source": 23, "target": 89, "weight": 0.007299}, {"source": 23, "target": 30, "weight": 0.005464}, {"source": 24, "target": 58, "weight": 0.026667}, {"source": 24, "target": 39, "weight": 0.012048}, {"source": 25, "target": 26, "weight": 0.030303}, {"source": 25, "target": 111, "weight": 0.006944}, {"source": 25, "target": 30, "weight": 0.032051}, {"source": 25, "target": 50, "weight": 0.01}, {"source": 25, "target": 80, "weight": 0.013699}, {"source": 25, "target": 42, "weight": 0.023256}, {"source": 26, "target": 51, "weight": 0.033333}, {"source": 26, "target": 73, "weight": 0.053191}, {"source": 26, "target": 67, "weight": 0.032258}, {"source": 26, "target": 65, "weight": 0.008621}, {"source": 26, "target": 58, "weight": 0.070423}, {"source": 26, "target": 107, "weight": 0.067797}, {"source": 26, "target": 81, "weight": 0.045455}, {"source": 26, "target": 97, "weight": 0.053476}, {"source": 26, "target": 77, "weight": 0.006579}, {"source": 26, "target": 119, "weight": 0.006757}, {"source": 26, "target": 30, "weight": 0.410256}, {"source": 26, "target": 93, "weight": 0.009524}, {"source": 27, "target": 63, "weight": 0.02}, {"source": 27, "target": 28, "weight": 0.571429}, {"source": 28, "target": 63, "weight": 0.016667}, {"source": 29, "target": 111, "weight": 0.009346}, {"source": 29, "target": 61, "weight": 0.012048}, {"source": 29, "target": 77, "weight": 0.009009}, {"source": 29, "target": 78, "weight": 0.009259}, {"source": 29, "target": 48, "weight": 0.025974}, {"source": 29, "target": 55, "weight": 0.017241}, {"source": 29, "target": 35, "weight": 0.045455}, {"source": 30, "target": 58, "weight": 0.038462}, {"source": 30, "target": 65, "weight": 0.017341}, {"source": 30, "target": 93, "weight": 0.018519}, {"source": 30, "target": 97, "weight": 0.04918}, {"source": 30, "target": 40, "weight": 0.005464}, {"source": 30, "target": 72, "weight": 0.005814}, {"source": 30, "target": 73, "weight": 0.061983}, {"source": 30, "target": 107, "weight": 0.186603}, {"source": 30, "target": 47, "weight": 0.004902}, {"source": 30, "target": 109, "weight": 0.006536}, {"source": 30, "target": 77, "weight": 0.009524}, {"source": 30, "target": 67, "weight": 0.042857}, {"source": 30, "target": 51, "weight": 0.008333}, {"source": 30, "target": 81, "weight": 0.031414}, {"source": 30, "target": 119, "weight": 0.024631}, {"source": 31, "target": 57, "weight": 0.006329}, {"source": 31, "target": 84, "weight": 0.007937}, {"source": 31, "target": 61, "weight": 0.006024}, {"source": 31, "target": 63, "weight": 0.007813}, {"source": 31, "target": 90, "weight": 0.008403}, {"source": 31, "target": 91, "weight": 0.008929}, {"source": 31, "target": 92, "weight": 0.026316}, {"source": 31, "target": 36, "weight": 0.086538}, {"source": 31, "target": 37, "weight": 0.151515}, {"source": 31, "target": 41, "weight": 0.008065}, {"source": 31, "target": 103, "weight": 0.006173}, {"source": 31, "target": 105, "weight": 0.012579}, {"source": 31, "target": 111, "weight": 0.005263}, {"source": 31, "target": 47, "weight": 0.005348}, {"source": 31, "target": 108, "weight": 0.021127}, {"source": 31, "target": 48, "weight": 0.006211}, {"source": 31, "target": 49, "weight": 0.007576}, {"source": 31, "target": 50, "weight": 0.006849}, {"source": 31, "target": 32, "weight": 0.061303}, {"source": 32, "target": 37, "weight": 0.005}, {"source": 32, "target": 36, "weight": 0.04712}, {"source": 32, "target": 116, "weight": 0.005181}, {"source": 32, "target": 84, "weight": 0.023923}, {"source": 32, "target": 38, "weight": 0.004545}, {"source": 32, "target": 111, "weight": 0.00361}, {"source": 32, "target": 108, "weight": 0.017544}, {"source": 32, "target": 62, "weight": 0.008969}, {"source": 32, "target": 89, "weight": 0.004049}, {"source": 32, "target": 110, "weight": 0.013333}, {"source": 32, "target": 78, "weight": 0.01087}, {"source": 32, "target": 48, "weight": 0.008097}, {"source": 32, "target": 113, "weight": 0.010101}, {"source": 32, "target": 100, "weight": 0.010363}, {"source": 32, "target": 104, "weight": 0.009901}, {"source": 32, "target": 55, "weight": 0.004386}, {"source": 32, "target": 40, "weight": 0.003953}, {"source": 33, "target": 78, "weight": 0.017241}, {"source": 34, "target": 109, "weight": 0.014286}, {"source": 34, "target": 69, "weight": 0.012821}, {"source": 35, "target": 57, "weight": 0.013514}, {"source": 35, "target": 117, "weight": 0.015385}, {"source": 35, "target": 45, "weight": 0.047619}, {"source": 35, "target": 47, "weight": 0.029703}, {"source": 35, "target": 89, "weight": 0.013158}, {"source": 35, "target": 48, "weight": 0.012987}, {"source": 35, "target": 90, "weight": 0.028571}, {"source": 36, "target": 92, "weight": 0.025641}, {"source": 36, "target": 37, "weight": 0.027778}, {"source": 36, "target": 68, "weight": 0.020833}, {"source": 36, "target": 108, "weight": 0.030303}, {"source": 36, "target": 47, "weight": 0.009091}, {"source": 36, "target": 91, "weight": 0.028571}, {"source": 36, "target": 41, "weight": 0.021277}, {"source": 37, "target": 103, "weight": 0.011628}, {"source": 38, "target": 66, "weight": 0.015625}, {"source": 38, "target": 68, "weight": 0.029412}, {"source": 38, "target": 108, "weight": 0.022989}, {"source": 38, "target": 71, "weight": 0.005495}, {"source": 38, "target": 110, "weight": 0.011905}, {"source": 38, "target": 99, "weight": 0.015152}, {"source": 39, "target": 107, "weight": 0.018405}, {"source": 39, "target": 71, "weight": 0.00578}, {"source": 39, "target": 119, "weight": 0.016129}, {"source": 39, "target": 56, "weight": 0.021277}, {"source": 39, "target": 101, "weight": 0.019608}, {"source": 40, "target": 117, "weight": 0.007937}, {"source": 40, "target": 74, "weight": 0.007874}, {"source": 40, "target": 108, "weight": 0.008264}, {"source": 40, "target": 107, "weight": 0.014634}, {"source": 40, "target": 109, "weight": 0.017857}, {"source": 40, "target": 77, "weight": 0.005848}, {"source": 40, "target": 119, "weight": 0.012048}, {"source": 40, "target": 103, "weight": 0.007194}, {"source": 41, "target": 42, "weight": 0.014706}, {"source": 42, "target": 81, "weight": 0.059829}, {"source": 42, "target": 73, "weight": 0.016575}, {"source": 42, "target": 67, "weight": 0.035461}, {"source": 42, "target": 80, "weight": 0.015873}, {"source": 42, "target": 111, "weight": 0.007463}, {"source": 42, "target": 47, "weight": 0.007634}, {"source": 42, "target": 91, "weight": 0.017857}, {"source": 42, "target": 97, "weight": 0.051724}, {"source": 42, "target": 96, "weight": 0.036364}, {"source": 42, "target": 49, "weight": 0.013158}, {"source": 42, "target": 50, "weight": 0.011111}, {"source": 43, "target": 50, "weight": 0.013158}, {"source": 43, "target": 108, "weight": 0.013514}, {"source": 45, "target": 113, "weight": 0.035714}, {"source": 45, "target": 100, "weight": 0.043478}, {"source": 45, "target": 47, "weight": 0.009709}, {"source": 47, "target": 57, "weight": 0.012903}, {"source": 47, "target": 83, "weight": 0.010204}, {"source": 47, "target": 61, "weight": 0.006098}, {"source": 47, "target": 89, "weight": 0.006329}, {"source": 47, "target": 90, "weight": 0.008547}, {"source": 47, "target": 66, "weight": 0.008475}, {"source": 47, "target": 67, "weight": 0.015228}, {"source": 47, "target": 97, "weight": 0.012821}, {"source": 47, "target": 99, "weight": 0.008333}, {"source": 47, "target": 73, "weight": 0.004219}, {"source": 47, "target": 105, "weight": 0.006329}, {"source": 47, "target": 111, "weight": 0.005319}, {"source": 47, "target": 110, "weight": 0.007246}, {"source": 47, "target": 77, "weight": 0.005208}, {"source": 47, "target": 78, "weight": 0.005291}, {"source": 47, "target": 48, "weight": 0.012658}, {"source": 47, "target": 49, "weight": 0.007692}, {"source": 47, "target": 117, "weight": 0.006803}, {"source": 47, "target": 81, "weight": 0.011364}, {"source": 47, "target": 55, "weight": 0.007194}, {"source": 48, "target": 92, "weight": 0.011364}, {"source": 48, "target": 84, "weight": 0.010204}, {"source": 48, "target": 78, "weight": 0.025}, {"source": 48, "target": 52, "weight": 0.00813}, {"source": 48, "target": 111, "weight": 0.01875}, {"source": 48, "target": 61, "weight": 0.007246}, {"source": 48, "target": 89, "weight": 0.007576}, {"source": 48, "target": 77, "weight": 0.012121}, {"source": 48, "target": 90, "weight": 0.045455}, {"source": 48, "target": 55, "weight": 0.017857}, {"source": 48, "target": 50, "weight": 0.017094}, {"source": 49, "target": 111, "weight": 0.015152}, {"source": 49, "target": 50, "weight": 0.011236}, {"source": 49, "target": 104, "weight": 0.034483}, {"source": 50, "target": 73, "weight": 0.005102}, {"source": 50, "target": 67, "weight": 0.006329}, {"source": 50, "target": 52, "weight": 0.018692}, {"source": 50, "target": 111, "weight": 0.345455}, {"source": 50, "target": 61, "weight": 0.227723}, {"source": 50, "target": 63, "weight": 0.02381}, {"source": 50, "target": 97, "weight": 0.005128}, {"source": 50, "target": 77, "weight": 0.055556}, {"source": 50, "target": 78, "weight": 0.041958}, {"source": 50, "target": 55, "weight": 0.064516}, {"source": 50, "target": 81, "weight": 0.007353}, {"source": 50, "target": 80, "weight": 0.013158}, {"source": 51, "target": 58, "weight": 0.032258}, {"source": 52, "target": 65, "weight": 0.008333}, {"source": 52, "target": 116, "weight": 0.045455}, {"source": 52, "target": 111, "weight": 0.06993}, {"source": 52, "target": 54, "weight": 0.012658}, {"source": 52, "target": 55, "weight": 0.04}, {"source": 52, "target": 78, "weight": 0.026667}, {"source": 53, "target": 114, "weight": 0.015873}, {"source": 54, "target": 69, "weight": 0.013889}, {"source": 54, "target": 77, "weight": 0.008197}, {"source": 54, "target": 75, "weight": 0.029412}, {"source": 55, "target": 116, "weight": 0.017241}, {"source": 55, "target": 68, "weight": 0.012987}, {"source": 55, "target": 111, "weight": 0.38835}, {"source": 55, "target": 110, "weight": 0.01087}, {"source": 55, "target": 77, "weight": 0.373832}, {"source": 55, "target": 61, "weight": 0.506329}, {"source": 55, "target": 80, "weight": 0.014085}, {"source": 55, "target": 78, "weight": 0.398058}, {"source": 57, "target": 59, "weight": 0.012821}, {"source": 58, "target": 67, "weight": 0.007752}, {"source": 58, "target": 107, "weight": 0.006329}, {"source": 58, "target": 81, "weight": 0.009346}, {"source": 58, "target": 71, "weight": 0.012121}, {"source": 59, "target": 94, "weight": 0.020833}, {"source": 60, "target": 89, "weight": 0.009091}, {"source": 61, "target": 116, "weight": 0.012048}, {"source": 61, "target": 111, "weight": 0.5}, {"source": 61, "target": 110, "weight": 0.008547}, {"source": 61, "target": 80, "weight": 0.010417}, {"source": 61, "target": 78, "weight": 0.310078}, {"source": 62, "target": 73, "weight": 0.005348}, {"source": 62, "target": 94, "weight": 0.013158}, {"source": 62, "target": 105, "weight": 0.028302}, {"source": 62, "target": 76, "weight": 0.545455}, {"source": 62, "target": 67, "weight": 0.013514}, {"source": 63, "target": 111, "weight": 0.023622}, {"source": 65, "target": 112, "weight": 0.011628}, {"source": 65, "target": 73, "weight": 0.004808}, {"source": 65, "target": 105, "weight": 0.015625}, {"source": 65, "target": 107, "weight": 0.015228}, {"source": 65, "target": 71, "weight": 0.009709}, {"source": 65, "target": 89, "weight": 0.007752}, {"source": 65, "target": 97, "weight": 0.004831}, {"source": 65, "target": 93, "weight": 0.647887}, {"source": 65, "target": 72, "weight": 0.008065}, {"source": 65, "target": 103, "weight": 0.007634}, {"source": 66, "target": 69, "weight": 0.101449}, {"source": 66, "target": 119, "weight": 0.008264}, {"source": 67, "target": 111, "weight": 0.00495}, {"source": 67, "target": 80, "weight": 0.007634}, {"source": 68, "target": 111, "weight": 0.007937}, {"source": 68, "target": 110, "weight": 0.013158}, {"source": 68, "target": 78, "weight": 0.007874}, {"source": 68, "target": 113, "weight": 0.020833}, {"source": 68, "target": 100, "weight": 0.023256}, {"source": 71, "target": 89, "weight": 0.004785}, {"source": 71, "target": 78, "weight": 0.004167}, {"source": 72, "target": 89, "weight": 0.007937}, {"source": 72, "target": 119, "weight": 0.00641}, {"source": 73, "target": 111, "weight": 0.004167}, {"source": 73, "target": 80, "weight": 0.005917}, {"source": 74, "target": 108, "weight": 0.009524}, {"source": 74, "target": 110, "weight": 0.009901}, {"source": 74, "target": 119, "weight": 0.006623}, {"source": 77, "target": 116, "weight": 0.108911}, {"source": 77, "target": 78, "weight": 0.254777}, {"source": 77, "target": 111, "weight": 0.298013}, {"source": 77, "target": 110, "weight": 0.006897}, {"source": 77, "target": 80, "weight": 0.008065}, {"source": 78, "target": 84, "weight": 0.007813}, {"source": 78, "target": 89, "weight": 0.006173}, {"source": 78, "target": 108, "weight": 0.006849}, {"source": 78, "target": 110, "weight": 0.014184}, {"source": 78, "target": 111, "weight": 0.269737}, {"source": 78, "target": 80, "weight": 0.008264}, {"source": 78, "target": 116, "weight": 0.009259}, {"source": 79, "target": 110, "weight": 0.015152}, {"source": 79, "target": 94, "weight": 0.078431}, {"source": 80, "target": 81, "weight": 0.009174}, {"source": 80, "target": 111, "weight": 0.016807}, {"source": 80, "target": 97, "weight": 0.005952}, {"source": 81, "target": 111, "weight": 0.005556}, {"source": 83, "target": 105, "weight": 0.014085}, {"source": 84, "target": 95, "weight": 0.022727}, {"source": 84, "target": 89, "weight": 0.020833}, {"source": 86, "target": 110, "weight": 0.014493}, {"source": 88, "target": 119, "weight": 0.027027}, {"source": 89, "target": 90, "weight": 0.011111}, {"source": 89, "target": 93, "weight": 0.008475}, {"source": 89, "target": 103, "weight": 0.007519}, {"source": 89, "target": 107, "weight": 0.01}, {"source": 89, "target": 108, "weight": 0.008696}, {"source": 89, "target": 119, "weight": 0.0125}, {"source": 90, "target": 108, "weight": 0.027397}, {"source": 92, "target": 113, "weight": 0.025641}, {"source": 92, "target": 100, "weight": 0.029412}, {"source": 93, "target": 112, "weight": 0.013333}, {"source": 94, "target": 110, "weight": 0.012658}, {"source": 97, "target": 111, "weight": 0.004184}, {"source": 99, "target": 119, "weight": 0.00813}, {"source": 100, "target": 113, "weight": 0.47619}, {"source": 106, "target": 111, "weight": 0.04717}, {"source": 107, "target": 119, "weight": 0.26087}, {"source": 108, "target": 119, "weight": 0.006897}, {"source": 109, "target": 116, "weight": 0.018868}, {"source": 110, "target": 111, "weight": 0.007092}, {"source": 111, "target": 116, "weight": 0.009346}, {"source": 117, "target": 119, "weight": 0.006667}], "multigraph": false}