{"directed": false, "graph": {}, "nodes": [{"group": 0, "id": "voluble", "degree": 4}, {"group": 1, "id": "vocalize"}, {"group": 2, "id": "volcanic", "degree": 4}, {"group": 3, "id": "voiced", "degree": 5}, {"group": 0, "id": "vocalization", "degree": 6}, {"group": 4, "id": "vow"}, {"group": 0, "id": "vortical"}, {"group": 4, "id": "voucher", "degree": 11}, {"group": 1, "id": "vote"}, {"group": 7, "id": "voyeurism", "degree": 2}, {"group": 5, "id": "vocation"}, {"group": 6, "id": "volition"}, {"group": 5, "id": "voyage"}, {"group": 5, "id": "volplane", "degree": 7}, {"group": 5, "id": "voluntary"}, {"group": 6, "id": "voracity", "degree": 2}, {"group": 3, "id": "voiceless", "degree": 3}, {"group": 3, "id": "vocable", "degree": 11}, {"group": 5, "id": "vortex"}, {"group": 5, "id": "volubility", "degree": 1}, {"group": 2, "id": "volatile"}, {"group": 5, "id": "volute", "degree": 1}, {"group": 7, "id": "voodooism"}, {"group": 4, "id": "voyager"}, {"group": 1, "id": "vomitory"}, {"group": 0, "id": "vocabulary", "degree": 2}, {"group": 5, "id": "void"}, {"group": 3, "id": "vomity", "degree": 3}, {"group": 6, "id": "voracious"}, {"group": 1, "id": "votary", "degree": 1}, {"group": 4, "id": "vouch", "degree": 6}, {"group": 5, "id": "vomit"}, {"group": 3, "id": "vowel", "degree": 10}, {"group": 1, "id": "vocalist"}, {"group": 5, "id": "volume", "degree": 11}, {"group": 1, "id": "vouchsafe", "degree": 2}, {"group": 1, "id": "voting", "degree": 5}, {"group": 5, "id": "volatilize", "degree": 5}, {"group": 0, "id": "vocal", "degree": 4}, {"group": 3, "id": "voluminous"}, {"group": 4, "id": "vociferate", "degree": 0}, {"group": 7, "id": "voodoo"}, {"group": 5, "id": "volley", "degree": 4}, {"group": 8, "id": "voluntarily", "degree": 0}, {"group": 1, "id": "voice", "degree": 20}, {"group": 4, "id": "vogue", "degree": 3}], "links": [{"source": 0, "target": 39, "weight": 0.013333}, {"source": 0, "target": 20, "weight": 0.006897}, {"source": 0, "target": 6, "weight": 0.023256}, {"source": 0, "target": 38, "weight": 0.017241}, {"source": 1, "target": 35, "weight": 0.043011}, {"source": 1, "target": 36, "weight": 0.024691}, {"source": 1, "target": 37, "weight": 0.012048}, {"source": 1, "target": 17, "weight": 0.020202}, {"source": 1, "target": 34, "weight": 0.005747}, {"source": 1, "target": 4, "weight": 0.029412}, {"source": 1, "target": 30, "weight": 0.028846}, {"source": 1, "target": 32, "weight": 0.007634}, {"source": 1, "target": 3, "weight": 0.007813}, {"source": 1, "target": 44, "weight": 0.179641}, {"source": 2, "target": 44, "weight": 0.005747}, {"source": 2, "target": 20, "weight": 0.033557}, {"source": 2, "target": 17, "weight": 0.012821}, {"source": 2, "target": 32, "weight": 0.009174}, {"source": 3, "target": 13, "weight": 0.009709}, {"source": 3, "target": 25, "weight": 0.010101}, {"source": 3, "target": 39, "weight": 0.016}, {"source": 3, "target": 16, "weight": 0.705882}, {"source": 3, "target": 17, "weight": 0.150943}, {"source": 3, "target": 27, "weight": 0.007353}, {"source": 3, "target": 38, "weight": 0.157895}, {"source": 3, "target": 4, "weight": 0.011111}, {"source": 3, "target": 20, "weight": 0.005102}, {"source": 3, "target": 32, "weight": 0.663043}, {"source": 3, "target": 8, "weight": 0.008065}, {"source": 3, "target": 44, "weight": 0.09}, {"source": 4, "target": 17, "weight": 0.032787}, {"source": 4, "target": 38, "weight": 0.085106}, {"source": 4, "target": 30, "weight": 0.029851}, {"source": 4, "target": 32, "weight": 0.010753}, {"source": 4, "target": 44, "weight": 0.025806}, {"source": 5, "target": 17, "weight": 0.026316}, {"source": 5, "target": 30, "weight": 0.292308}, {"source": 5, "target": 44, "weight": 0.017544}, {"source": 5, "target": 7, "weight": 0.028986}, {"source": 6, "target": 38, "weight": 0.018519}, {"source": 7, "target": 23, "weight": 0.015385}, {"source": 7, "target": 35, "weight": 0.012195}, {"source": 7, "target": 26, "weight": 0.009259}, {"source": 7, "target": 17, "weight": 0.011628}, {"source": 7, "target": 30, "weight": 0.021978}, {"source": 7, "target": 31, "weight": 0.013699}, {"source": 7, "target": 32, "weight": 0.008547}, {"source": 7, "target": 8, "weight": 0.022727}, {"source": 7, "target": 42, "weight": 0.013514}, {"source": 7, "target": 44, "weight": 0.01105}, {"source": 7, "target": 45, "weight": 0.014085}, {"source": 8, "target": 36, "weight": 0.316667}, {"source": 8, "target": 16, "weight": 0.008403}, {"source": 8, "target": 17, "weight": 0.010417}, {"source": 8, "target": 29, "weight": 0.006803}, {"source": 8, "target": 30, "weight": 0.019802}, {"source": 8, "target": 32, "weight": 0.015873}, {"source": 8, "target": 44, "weight": 0.169697}, {"source": 9, "target": 41, "weight": 0.017857}, {"source": 9, "target": 22, "weight": 0.03125}, {"source": 10, "target": 17, "weight": 0.009434}, {"source": 10, "target": 34, "weight": 0.016854}, {"source": 10, "target": 30, "weight": 0.008929}, {"source": 10, "target": 32, "weight": 0.007299}, {"source": 10, "target": 44, "weight": 0.00495}, {"source": 10, "target": 45, "weight": 0.010989}, {"source": 11, "target": 15, "weight": 0.029412}, {"source": 12, "target": 34, "weight": 0.017241}, {"source": 12, "target": 37, "weight": 0.011765}, {"source": 12, "target": 13, "weight": 0.036585}, {"source": 13, "target": 21, "weight": 0.019608}, {"source": 13, "target": 16, "weight": 0.010204}, {"source": 13, "target": 17, "weight": 0.013333}, {"source": 13, "target": 18, "weight": 0.009259}, {"source": 13, "target": 32, "weight": 0.009434}, {"source": 13, "target": 44, "weight": 0.005848}, {"source": 14, "target": 34, "weight": 0.005464}, {"source": 14, "target": 44, "weight": 0.004878}, {"source": 15, "target": 28, "weight": 0.020833}, {"source": 16, "target": 39, "weight": 0.016667}, {"source": 16, "target": 17, "weight": 0.158416}, {"source": 16, "target": 27, "weight": 0.007634}, {"source": 16, "target": 38, "weight": 0.039604}, {"source": 16, "target": 20, "weight": 0.005236}, {"source": 16, "target": 32, "weight": 0.701149}, {"source": 16, "target": 44, "weight": 0.081218}, {"source": 17, "target": 26, "weight": 0.004464}, {"source": 17, "target": 38, "weight": 0.037975}, {"source": 17, "target": 36, "weight": 0.013333}, {"source": 17, "target": 34, "weight": 0.005988}, {"source": 17, "target": 30, "weight": 0.020408}, {"source": 17, "target": 20, "weight": 0.005952}, {"source": 17, "target": 32, "weight": 0.302083}, {"source": 17, "target": 44, "weight": 0.25}, {"source": 17, "target": 33, "weight": 0.015625}, {"source": 18, "target": 34, "weight": 0.005}, {"source": 18, "target": 42, "weight": 0.008772}, {"source": 18, "target": 21, "weight": 0.22619}, {"source": 18, "target": 37, "weight": 0.009174}, {"source": 19, "target": 31, "weight": 0.022727}, {"source": 20, "target": 32, "weight": 0.010101}, {"source": 20, "target": 44, "weight": 0.003788}, {"source": 24, "target": 44, "weight": 0.005917}, {"source": 25, "target": 38, "weight": 0.016949}, {"source": 26, "target": 35, "weight": 0.004545}, {"source": 26, "target": 34, "weight": 0.060284}, {"source": 26, "target": 37, "weight": 0.009709}, {"source": 26, "target": 32, "weight": 0.003922}, {"source": 26, "target": 42, "weight": 0.009479}, {"source": 26, "target": 44, "weight": 0.009434}, {"source": 27, "target": 32, "weight": 0.007194}, {"source": 30, "target": 36, "weight": 0.012346}, {"source": 30, "target": 44, "weight": 0.026178}, {"source": 31, "target": 34, "weight": 0.006494}, {"source": 31, "target": 37, "weight": 0.015873}, {"source": 31, "target": 42, "weight": 0.029851}, {"source": 32, "target": 39, "weight": 0.015625}, {"source": 32, "target": 38, "weight": 0.027273}, {"source": 32, "target": 36, "weight": 0.009434}, {"source": 32, "target": 34, "weight": 0.005051}, {"source": 32, "target": 44, "weight": 0.151042}, {"source": 32, "target": 33, "weight": 0.010526}, {"source": 33, "target": 38, "weight": 0.081633}, {"source": 33, "target": 44, "weight": 0.118056}, {"source": 33, "target": 36, "weight": 0.021739}, {"source": 34, "target": 35, "weight": 0.006135}, {"source": 34, "target": 44, "weight": 0.015385}, {"source": 35, "target": 44, "weight": 0.021978}, {"source": 36, "target": 44, "weight": 0.109677}, {"source": 37, "target": 42, "weight": 0.015625}, {"source": 37, "target": 44, "weight": 0.005814}, {"source": 38, "target": 44, "weight": 0.065868}, {"source": 40, "target": 45, "weight": 0.027778}], "multigraph": false}