{"directed": false, "graph": {}, "nodes": [{"group": 0, "id": "vulpine", "degree": 0}, {"group": 1, "id": "vulnerability"}, {"group": 1, "id": "vulcanize", "degree": 0}, {"group": 1, "id": "vulgarian"}, {"group": 1, "id": "vulgarity", "degree": 2}, {"group": 1, "id": "vulgar", "degree": 1}, {"group": 1, "id": "vulture", "degree": 0}, {"group": 1, "id": "vulgarism"}, {"group": 1, "id": "vulgarize", "degree": 0}], "links": [{"source": 1, "target": 4, "weight": 0.022727}, {"source": 3, "target": 5, "weight": 0.007246}, {"source": 4, "target": 7, "weight": 0.27907}], "multigraph": false}