{"directed": false, "graph": {}, "nodes": [{"group": 0, "id": "walking", "degree": 5}, {"group": 0, "id": "wainscot", "degree": 16}, {"group": 1, "id": "wasteful", "degree": 5}, {"group": 2, "id": "wailing"}, {"group": 2, "id": "wakeful"}, {"group": 0, "id": "wardrobe", "degree": 4}, {"group": 0, "id": "warren"}, {"group": 4, "id": "wage", "degree": 4}, {"group": 2, "id": "wanton"}, {"group": 4, "id": "waiting"}, {"group": 1, "id": "wasting", "degree": 14}, {"group": 5, "id": "wassail"}, {"group": 6, "id": "warpath", "degree": 4}, {"group": 5, "id": "waggle", "degree": 11}, {"group": 3, "id": "warrant", "degree": 44}, {"group": 0, "id": "washroom", "degree": 10}, {"group": 1, "id": "wasteland", "degree": 10}, {"group": 7, "id": "waterproof"}, {"group": 2, "id": "waggish"}, {"group": 4, "id": "watch"}, {"group": 8, "id": "warble", "degree": 31}, {"group": 7, "id": "warranted"}, {"group": 2, "id": "wavy"}, {"group": 9, "id": "washboard", "degree": 3}, {"group": 1, "id": "waterlogged", "degree": 1}, {"group": 10, "id": "wagon"}, {"group": 3, "id": "washing", "degree": 18}, {"group": 6, "id": "war"}, {"group": 3, "id": "washout"}, {"group": 3, "id": "wattle"}, {"group": 3, "id": "walleye"}, {"group": 2, "id": "wacky"}, {"group": 4, "id": "waffle"}, {"group": 4, "id": "wagoner"}, {"group": 6, "id": "warring"}, {"group": 5, "id": "wavelength"}, {"group": 10, "id": "wander"}, {"group": 7, "id": "warrantable"}, {"group": 2, "id": "wanderlust", "degree": 8}, {"group": 1, "id": "waning", "degree": 13}, {"group": 10, "id": "waive"}, {"group": 0, "id": "walkout"}, {"group": 6, "id": "warmongering", "degree": 5}, {"group": 0, "id": "washer"}, {"group": 3, "id": "warrior"}, {"group": 5, "id": "waggery"}, {"group": 3, "id": "watermark", "degree": 15}, {"group": 2, "id": "wayward"}, {"group": 5, "id": "waddle", "degree": 28}, {"group": 1, "id": "wayworn"}, {"group": 10, "id": "waif", "degree": 8}, {"group": 3, "id": "water", "degree": 26}, {"group": 3, "id": "wanted", "degree": 0}, {"group": 0, "id": "washstand"}, {"group": 3, "id": "wait"}, {"group": 5, "id": "waving"}, {"group": 5, "id": "wading"}, {"group": 7, "id": "warmhearted", "degree": 10}, {"group": 3, "id": "warranty"}, {"group": 3, "id": "wale"}, {"group": 1, "id": "watering"}, {"group": 3, "id": "wall", "degree": 22}, {"group": 3, "id": "wattage", "degree": 11}, {"group": 8, "id": "warbling"}, {"group": 5, "id": "walk"}, {"group": 3, "id": "wash", "degree": 44}, {"group": 2, "id": "warped", "degree": 18}, {"group": 13, "id": "walloping", "degree": 0}, {"group": 11, "id": "wadi"}, {"group": 4, "id": "watchdog"}, {"group": 3, "id": "waterspout", "degree": 5}, {"group": 1, "id": "wager", "degree": 18}, {"group": 1, "id": "wan", "degree": 14}, {"group": 0, "id": "watercraft"}, {"group": 5, "id": "wag", "degree": 26}, {"group": 0, "id": "wad"}, {"group": 4, "id": "watchman", "degree": 8}, {"group": 3, "id": "watchword", "degree": 5}, {"group": 2, "id": "wavering", "degree": 21}, {"group": 3, "id": "way"}, {"group": 12, "id": "waistline", "degree": 6}, {"group": 1, "id": "waste", "degree": 32}, {"group": 5, "id": "waistband"}, {"group": 3, "id": "warmth", "degree": 11}, {"group": 1, "id": "waxen"}, {"group": 7, "id": "warmly"}, {"group": 2, "id": "wary", "degree": 12}, {"group": 4, "id": "wardship", "degree": 6}, {"group": 3, "id": "wart"}, {"group": 3, "id": "wax", "degree": 20}, {"group": 3, "id": "warp", "degree": 43}, {"group": 3, "id": "warn", "degree": 13}, {"group": 7, "id": "warm"}, {"group": 3, "id": "wake"}, {"group": 3, "id": "waft"}, {"group": 5, "id": "walkway", "degree": 10}, {"group": 1, "id": "wasted"}, {"group": 10, "id": "wayfarer", "degree": 2}, {"group": 4, "id": "ward", "degree": 17}, {"group": 9, "id": "wampum", "degree": 13}, {"group": 6, "id": "warlike", "degree": 7}, {"group": 12, "id": "waist", "degree": 10}, {"group": 1, "id": "walled", "degree": 1}, {"group": 6, "id": "warfare"}, {"group": 0, "id": "wadding"}, {"group": 9, "id": "warbler", "degree": 6}, {"group": 3, "id": "walkaway", "degree": 2}, {"group": 10, "id": "wastrel", "degree": 12}, {"group": 11, "id": "watercourse", "degree": 7}, {"group": 4, "id": "watchtower"}, {"group": 2, "id": "wandering"}, {"group": 7, "id": "watertight", "degree": 7}, {"group": 9, "id": "wand"}, {"group": 1, "id": "wane"}, {"group": 6, "id": "wartime", "degree": 5}, {"group": 4, "id": "watcher", "degree": 10}, {"group": 3, "id": "warning"}, {"group": 3, "id": "want", "degree": 25}, {"group": 11, "id": "waterway"}, {"group": 8, "id": "wail"}, {"group": 2, "id": "watchful"}, {"group": 2, "id": "waspish", "degree": 6}, {"group": 10, "id": "wayfare", "degree": 36}, {"group": 0, "id": "washbasin"}, {"group": 3, "id": "wangle", "degree": 9}, {"group": 5, "id": "waterskiing"}, {"group": 11, "id": "waterworks", "degree": 6}, {"group": 0, "id": "warehouse", "degree": 13}, {"group": 2, "id": "wanting"}, {"group": 1, "id": "watery", "degree": 18}, {"group": 2, "id": "waxwork"}, {"group": 4, "id": "warder", "degree": 7}, {"group": 9, "id": "wallpaper"}, {"group": 5, "id": "wallow"}, {"group": 3, "id": "waterfall"}, {"group": 4, "id": "warden", "degree": 12}, {"group": 5, "id": "waver", "degree": 29}, {"group": 5, "id": "wallop", "degree": 28}, {"group": 9, "id": "waterfront", "degree": 6}, {"group": 5, "id": "wave"}, {"group": 3, "id": "warming", "degree": 2}, {"group": 0, "id": "wanderer", "degree": 5}, {"group": 3, "id": "wafer"}, {"group": 11, "id": "waived", "degree": 8}, {"group": 1, "id": "waterless"}, {"group": 5, "id": "wamble", "degree": 19}, {"group": 9, "id": "waterfowl"}, {"group": 0, "id": "walker", "degree": 0}, {"group": 4, "id": "warlord", "degree": 2}, {"group": 3, "id": "waiver"}], "links": [{"source": 0, "target": 141, "weight": 0.058824}, {"source": 0, "target": 41, "weight": 0.026667}, {"source": 0, "target": 78, "weight": 0.00995}, {"source": 0, "target": 147, "weight": 0.057143}, {"source": 0, "target": 110, "weight": 0.007692}, {"source": 0, "target": 1, "weight": 0.016129}, {"source": 1, "target": 15, "weight": 0.019231}, {"source": 1, "target": 145, "weight": 0.009009}, {"source": 1, "target": 104, "weight": 0.307692}, {"source": 1, "target": 16, "weight": 0.018868}, {"source": 1, "target": 61, "weight": 0.017699}, {"source": 1, "target": 75, "weight": 0.105263}, {"source": 1, "target": 48, "weight": 0.00885}, {"source": 1, "target": 94, "weight": 0.02381}, {"source": 1, "target": 64, "weight": 0.013393}, {"source": 1, "target": 51, "weight": 0.005714}, {"source": 1, "target": 65, "weight": 0.004926}, {"source": 1, "target": 73, "weight": 0.019608}, {"source": 1, "target": 93, "weight": 0.009709}, {"source": 1, "target": 90, "weight": 0.003311}, {"source": 1, "target": 79, "weight": 0.006849}, {"source": 1, "target": 124, "weight": 0.012658}, {"source": 1, "target": 127, "weight": 0.02}, {"source": 1, "target": 81, "weight": 0.003436}, {"source": 1, "target": 14, "weight": 0.003937}, {"source": 1, "target": 132, "weight": 0.019231}, {"source": 2, "target": 72, "weight": 0.008065}, {"source": 2, "target": 8, "weight": 0.017937}, {"source": 2, "target": 107, "weight": 0.038961}, {"source": 2, "target": 39, "weight": 0.021277}, {"source": 2, "target": 47, "weight": 0.006849}, {"source": 2, "target": 10, "weight": 0.177966}, {"source": 2, "target": 66, "weight": 0.007874}, {"source": 2, "target": 96, "weight": 0.007937}, {"source": 2, "target": 81, "weight": 0.003497}, {"source": 3, "target": 129, "weight": 0.006944}, {"source": 3, "target": 81, "weight": 0.003623}, {"source": 3, "target": 86, "weight": 0.019802}, {"source": 3, "target": 51, "weight": 0.00625}, {"source": 3, "target": 20, "weight": 0.008475}, {"source": 4, "target": 91, "weight": 0.028169}, {"source": 4, "target": 86, "weight": 0.030928}, {"source": 4, "target": 78, "weight": 0.005236}, {"source": 4, "target": 20, "weight": 0.008696}, {"source": 5, "target": 15, "weight": 0.035714}, {"source": 5, "target": 112, "weight": 0.021739}, {"source": 5, "target": 41, "weight": 0.016949}, {"source": 5, "target": 51, "weight": 0.006623}, {"source": 5, "target": 124, "weight": 0.018182}, {"source": 5, "target": 127, "weight": 0.012987}, {"source": 6, "target": 127, "weight": 0.022727}, {"source": 6, "target": 98, "weight": 0.007519}, {"source": 6, "target": 90, "weight": 0.003448}, {"source": 7, "target": 79, "weight": 0.01087}, {"source": 7, "target": 19, "weight": 0.014925}, {"source": 7, "target": 94, "weight": 0.014286}, {"source": 7, "target": 117, "weight": 0.00885}, {"source": 7, "target": 64, "weight": 0.004739}, {"source": 8, "target": 65, "weight": 0.00274}, {"source": 8, "target": 66, "weight": 0.010274}, {"source": 8, "target": 105, "weight": 0.004292}, {"source": 8, "target": 38, "weight": 0.014634}, {"source": 8, "target": 72, "weight": 0.003436}, {"source": 8, "target": 121, "weight": 0.013274}, {"source": 8, "target": 74, "weight": 0.003584}, {"source": 8, "target": 78, "weight": 0.196141}, {"source": 8, "target": 16, "weight": 0.004651}, {"source": 8, "target": 13, "weight": 0.004367}, {"source": 8, "target": 81, "weight": 0.006652}, {"source": 8, "target": 129, "weight": 0.018987}, {"source": 8, "target": 86, "weight": 0.007194}, {"source": 8, "target": 48, "weight": 0.003636}, {"source": 8, "target": 50, "weight": 0.008584}, {"source": 8, "target": 90, "weight": 0.008677}, {"source": 8, "target": 136, "weight": 0.003676}, {"source": 8, "target": 137, "weight": 0.00641}, {"source": 8, "target": 143, "weight": 0.004525}, {"source": 8, "target": 145, "weight": 0.003663}, {"source": 8, "target": 107, "weight": 0.016461}, {"source": 9, "target": 111, "weight": 0.012048}, {"source": 9, "target": 131, "weight": 0.011905}, {"source": 9, "target": 135, "weight": 0.009524}, {"source": 9, "target": 86, "weight": 0.007194}, {"source": 10, "target": 72, "weight": 0.004926}, {"source": 10, "target": 113, "weight": 0.013333}, {"source": 10, "target": 39, "weight": 0.174497}, {"source": 10, "target": 88, "weight": 0.008811}, {"source": 10, "target": 49, "weight": 0.015504}, {"source": 10, "target": 31, "weight": 0.004926}, {"source": 10, "target": 66, "weight": 0.009756}, {"source": 10, "target": 93, "weight": 0.00565}, {"source": 10, "target": 90, "weight": 0.005333}, {"source": 10, "target": 96, "weight": 0.009804}, {"source": 10, "target": 128, "weight": 0.005525}, {"source": 10, "target": 81, "weight": 0.01385}, {"source": 10, "target": 59, "weight": 0.008811}, {"source": 10, "target": 83, "weight": 0.005814}, {"source": 11, "target": 51, "weight": 0.006098}, {"source": 11, "target": 90, "weight": 0.003436}, {"source": 11, "target": 137, "weight": 0.007143}, {"source": 12, "target": 42, "weight": 0.857143}, {"source": 12, "target": 27, "weight": 0.042254}, {"source": 12, "target": 103, "weight": 0.028571}, {"source": 12, "target": 114, "weight": 0.047619}, {"source": 12, "target": 34, "weight": 0.017544}, {"source": 13, "target": 133, "weight": 0.104651}, {"source": 13, "target": 75, "weight": 0.009804}, {"source": 13, "target": 79, "weight": 0.003436}, {"source": 13, "target": 122, "weight": 0.012987}, {"source": 13, "target": 113, "weight": 0.006623}, {"source": 13, "target": 74, "weight": 0.364706}, {"source": 13, "target": 145, "weight": 0.047619}, {"source": 13, "target": 139, "weight": 0.142857}, {"source": 13, "target": 48, "weight": 0.046729}, {"source": 13, "target": 90, "weight": 0.010067}, {"source": 13, "target": 20, "weight": 0.015385}, {"source": 13, "target": 55, "weight": 0.020833}, {"source": 13, "target": 124, "weight": 0.012987}, {"source": 13, "target": 136, "weight": 0.313253}, {"source": 13, "target": 137, "weight": 0.086957}, {"source": 13, "target": 35, "weight": 0.021277}, {"source": 13, "target": 64, "weight": 0.0181}, {"source": 13, "target": 110, "weight": 0.003759}, {"source": 13, "target": 132, "weight": 0.02}, {"source": 14, "target": 58, "weight": 0.165179}, {"source": 14, "target": 59, "weight": 0.00295}, {"source": 14, "target": 40, "weight": 0.016234}, {"source": 14, "target": 112, "weight": 0.007874}, {"source": 14, "target": 113, "weight": 0.002959}, {"source": 14, "target": 61, "weight": 0.003344}, {"source": 14, "target": 62, "weight": 0.007722}, {"source": 14, "target": 94, "weight": 0.007435}, {"source": 14, "target": 115, "weight": 0.004149}, {"source": 14, "target": 65, "weight": 0.005168}, {"source": 14, "target": 116, "weight": 0.020548}, {"source": 14, "target": 68, "weight": 0.006431}, {"source": 14, "target": 117, "weight": 0.00641}, {"source": 14, "target": 71, "weight": 0.012146}, {"source": 14, "target": 119, "weight": 0.003257}, {"source": 14, "target": 37, "weight": 0.003906}, {"source": 14, "target": 120, "weight": 0.003846}, {"source": 14, "target": 122, "weight": 0.003788}, {"source": 14, "target": 75, "weight": 0.00346}, {"source": 14, "target": 41, "weight": 0.003731}, {"source": 14, "target": 77, "weight": 0.012605}, {"source": 14, "target": 79, "weight": 0.004193}, {"source": 14, "target": 89, "weight": 0.002959}, {"source": 14, "target": 127, "weight": 0.003497}, {"source": 14, "target": 81, "weight": 0.004211}, {"source": 14, "target": 83, "weight": 0.003534}, {"source": 14, "target": 139, "weight": 0.012821}, {"source": 14, "target": 132, "weight": 0.004219}, {"source": 14, "target": 46, "weight": 0.003831}, {"source": 14, "target": 87, "weight": 0.015936}, {"source": 14, "target": 88, "weight": 0.00295}, {"source": 14, "target": 48, "weight": 0.003356}, {"source": 14, "target": 19, "weight": 0.012048}, {"source": 14, "target": 90, "weight": 0.004115}, {"source": 14, "target": 20, "weight": 0.003145}, {"source": 14, "target": 91, "weight": 0.007299}, {"source": 14, "target": 21, "weight": 0.006536}, {"source": 14, "target": 92, "weight": 0.002278}, {"source": 14, "target": 124, "weight": 0.003788}, {"source": 14, "target": 98, "weight": 0.024768}, {"source": 14, "target": 64, "weight": 0.007335}, {"source": 14, "target": 51, "weight": 0.005571}, {"source": 14, "target": 142, "weight": 0.003676}, {"source": 14, "target": 145, "weight": 0.003378}, {"source": 14, "target": 27, "weight": 0.003571}, {"source": 14, "target": 149, "weight": 0.029963}, {"source": 15, "target": 51, "weight": 0.006329}, {"source": 15, "target": 123, "weight": 0.071429}, {"source": 15, "target": 60, "weight": 0.02}, {"source": 15, "target": 90, "weight": 0.003509}, {"source": 15, "target": 65, "weight": 0.005376}, {"source": 15, "target": 127, "weight": 0.024096}, {"source": 15, "target": 43, "weight": 0.068966}, {"source": 15, "target": 53, "weight": 0.071429}, {"source": 16, "target": 113, "weight": 0.007299}, {"source": 16, "target": 131, "weight": 0.021739}, {"source": 16, "target": 104, "weight": 0.029412}, {"source": 16, "target": 144, "weight": 0.035714}, {"source": 16, "target": 64, "weight": 0.004762}, {"source": 16, "target": 51, "weight": 0.006289}, {"source": 16, "target": 96, "weight": 0.026549}, {"source": 16, "target": 81, "weight": 0.045455}, {"source": 16, "target": 110, "weight": 0.003968}, {"source": 17, "target": 107, "weight": 0.014085}, {"source": 17, "target": 50, "weight": 0.016949}, {"source": 17, "target": 57, "weight": 0.014085}, {"source": 17, "target": 111, "weight": 0.689655}, {"source": 18, "target": 74, "weight": 0.009709}, {"source": 18, "target": 86, "weight": 0.019608}, {"source": 19, "target": 145, "weight": 0.005208}, {"source": 19, "target": 71, "weight": 0.006897}, {"source": 19, "target": 101, "weight": 0.007353}, {"source": 19, "target": 122, "weight": 0.00625}, {"source": 19, "target": 46, "weight": 0.006369}, {"source": 19, "target": 136, "weight": 0.010526}, {"source": 19, "target": 131, "weight": 0.028571}, {"source": 19, "target": 20, "weight": 0.00939}, {"source": 19, "target": 90, "weight": 0.013193}, {"source": 19, "target": 76, "weight": 0.094017}, {"source": 19, "target": 51, "weight": 0.007843}, {"source": 19, "target": 87, "weight": 0.027211}, {"source": 19, "target": 99, "weight": 0.012987}, {"source": 19, "target": 135, "weight": 0.018519}, {"source": 19, "target": 117, "weight": 0.009615}, {"source": 19, "target": 124, "weight": 0.00625}, {"source": 19, "target": 98, "weight": 0.03653}, {"source": 19, "target": 115, "weight": 0.086614}, {"source": 19, "target": 61, "weight": 0.005128}, {"source": 20, "target": 75, "weight": 0.005952}, {"source": 20, "target": 113, "weight": 0.004608}, {"source": 20, "target": 61, "weight": 0.005618}, {"source": 20, "target": 63, "weight": 0.018692}, {"source": 20, "target": 32, "weight": 0.021429}, {"source": 20, "target": 65, "weight": 0.003745}, {"source": 20, "target": 116, "weight": 0.011429}, {"source": 20, "target": 145, "weight": 0.005714}, {"source": 20, "target": 71, "weight": 0.015748}, {"source": 20, "target": 73, "weight": 0.008696}, {"source": 20, "target": 122, "weight": 0.006993}, {"source": 20, "target": 74, "weight": 0.011111}, {"source": 20, "target": 40, "weight": 0.005236}, {"source": 20, "target": 79, "weight": 0.002801}, {"source": 20, "target": 89, "weight": 0.009259}, {"source": 20, "target": 81, "weight": 0.00565}, {"source": 20, "target": 31, "weight": 0.005181}, {"source": 20, "target": 132, "weight": 0.008621}, {"source": 20, "target": 119, "weight": 0.416667}, {"source": 20, "target": 48, "weight": 0.00565}, {"source": 20, "target": 90, "weight": 0.005479}, {"source": 20, "target": 139, "weight": 0.014815}, {"source": 20, "target": 133, "weight": 0.00625}, {"source": 20, "target": 92, "weight": 0.003145}, {"source": 20, "target": 94, "weight": 0.006711}, {"source": 20, "target": 136, "weight": 0.011561}, {"source": 20, "target": 137, "weight": 0.009346}, {"source": 20, "target": 64, "weight": 0.003448}, {"source": 20, "target": 91, "weight": 0.006494}, {"source": 20, "target": 105, "weight": 0.007407}, {"source": 21, "target": 102, "weight": 0.008065}, {"source": 21, "target": 111, "weight": 0.008772}, {"source": 21, "target": 124, "weight": 0.007576}, {"source": 21, "target": 90, "weight": 0.002817}, {"source": 21, "target": 71, "weight": 0.008547}, {"source": 21, "target": 57, "weight": 0.007299}, {"source": 22, "target": 129, "weight": 0.015306}, {"source": 22, "target": 38, "weight": 0.036585}, {"source": 22, "target": 86, "weight": 0.019481}, {"source": 22, "target": 50, "weight": 0.009009}, {"source": 22, "target": 90, "weight": 0.011834}, {"source": 22, "target": 107, "weight": 0.00813}, {"source": 22, "target": 66, "weight": 0.02381}, {"source": 22, "target": 78, "weight": 0.31746}, {"source": 23, "target": 139, "weight": 0.015464}, {"source": 23, "target": 132, "weight": 0.081081}, {"source": 23, "target": 90, "weight": 0.00346}, {"source": 23, "target": 99, "weight": 0.016393}, {"source": 23, "target": 65, "weight": 0.005263}, {"source": 23, "target": 78, "weight": 0.005102}, {"source": 23, "target": 81, "weight": 0.003597}, {"source": 23, "target": 110, "weight": 0.003922}, {"source": 24, "target": 65, "weight": 0.005376}, {"source": 24, "target": 60, "weight": 0.040816}, {"source": 25, "target": 74, "weight": 0.010309}, {"source": 25, "target": 131, "weight": 0.02381}, {"source": 25, "target": 48, "weight": 0.010753}, {"source": 25, "target": 90, "weight": 0.003546}, {"source": 25, "target": 65, "weight": 0.005464}, {"source": 25, "target": 145, "weight": 0.010989}, {"source": 25, "target": 97, "weight": 0.025}, {"source": 26, "target": 51, "weight": 0.0375}, {"source": 26, "target": 92, "weight": 0.004098}, {"source": 26, "target": 142, "weight": 0.012987}, {"source": 26, "target": 46, "weight": 0.015152}, {"source": 26, "target": 28, "weight": 0.183099}, {"source": 26, "target": 70, "weight": 0.023256}, {"source": 26, "target": 60, "weight": 0.035714}, {"source": 26, "target": 90, "weight": 0.003425}, {"source": 26, "target": 64, "weight": 0.00463}, {"source": 26, "target": 133, "weight": 0.011628}, {"source": 26, "target": 65, "weight": 0.108571}, {"source": 26, "target": 126, "weight": 0.02381}, {"source": 26, "target": 93, "weight": 0.010753}, {"source": 26, "target": 68, "weight": 0.008547}, {"source": 26, "target": 118, "weight": 0.017544}, {"source": 26, "target": 110, "weight": 0.003876}, {"source": 26, "target": 83, "weight": 0.011364}, {"source": 26, "target": 108, "weight": 0.017241}, {"source": 27, "target": 111, "weight": 0.011494}, {"source": 27, "target": 145, "weight": 0.007299}, {"source": 27, "target": 122, "weight": 0.009524}, {"source": 27, "target": 61, "weight": 0.014388}, {"source": 27, "target": 100, "weight": 0.022727}, {"source": 27, "target": 62, "weight": 0.009901}, {"source": 27, "target": 48, "weight": 0.007194}, {"source": 27, "target": 114, "weight": 0.129032}, {"source": 27, "target": 42, "weight": 0.042254}, {"source": 27, "target": 78, "weight": 0.004255}, {"source": 27, "target": 117, "weight": 0.006494}, {"source": 27, "target": 137, "weight": 0.011364}, {"source": 27, "target": 127, "weight": 0.007874}, {"source": 28, "target": 117, "weight": 0.006579}, {"source": 28, "target": 90, "weight": 0.003067}, {"source": 28, "target": 51, "weight": 0.015228}, {"source": 28, "target": 65, "weight": 0.060465}, {"source": 28, "target": 136, "weight": 0.007463}, {"source": 28, "target": 137, "weight": 0.005714}, {"source": 28, "target": 70, "weight": 0.026316}, {"source": 28, "target": 81, "weight": 0.016077}, {"source": 28, "target": 83, "weight": 0.008197}, {"source": 29, "target": 72, "weight": 0.006803}, {"source": 29, "target": 61, "weight": 0.007576}, {"source": 29, "target": 145, "weight": 0.007752}, {"source": 29, "target": 51, "weight": 0.005181}, {"source": 29, "target": 90, "weight": 0.00627}, {"source": 29, "target": 137, "weight": 0.005917}, {"source": 30, "target": 90, "weight": 0.007353}, {"source": 31, "target": 129, "weight": 0.009174}, {"source": 31, "target": 121, "weight": 0.016}, {"source": 31, "target": 39, "weight": 0.00625}, {"source": 31, "target": 145, "weight": 0.005848}, {"source": 31, "target": 105, "weight": 0.007634}, {"source": 31, "target": 51, "weight": 0.004255}, {"source": 31, "target": 66, "weight": 0.032086}, {"source": 31, "target": 78, "weight": 0.030534}, {"source": 32, "target": 131, "weight": 0.014085}, {"source": 32, "target": 51, "weight": 0.005435}, {"source": 32, "target": 65, "weight": 0.004717}, {"source": 32, "target": 135, "weight": 0.01087}, {"source": 32, "target": 136, "weight": 0.025641}, {"source": 32, "target": 137, "weight": 0.00625}, {"source": 32, "target": 70, "weight": 0.016129}, {"source": 33, "target": 137, "weight": 0.007299}, {"source": 33, "target": 148, "weight": 0.028571}, {"source": 33, "target": 135, "weight": 0.014493}, {"source": 33, "target": 46, "weight": 0.016129}, {"source": 34, "target": 61, "weight": 0.008065}, {"source": 34, "target": 114, "weight": 0.173913}, {"source": 34, "target": 42, "weight": 0.017544}, {"source": 34, "target": 78, "weight": 0.004566}, {"source": 34, "target": 100, "weight": 0.608696}, {"source": 35, "target": 74, "weight": 0.010309}, {"source": 35, "target": 129, "weight": 0.007194}, {"source": 35, "target": 78, "weight": 0.010638}, {"source": 35, "target": 136, "weight": 0.011111}, {"source": 36, "target": 38, "weight": 0.033333}, {"source": 36, "target": 117, "weight": 0.006944}, {"source": 36, "target": 122, "weight": 0.263158}, {"source": 36, "target": 107, "weight": 0.041237}, {"source": 36, "target": 145, "weight": 0.057851}, {"source": 36, "target": 48, "weight": 0.04}, {"source": 36, "target": 50, "weight": 0.047059}, {"source": 36, "target": 90, "weight": 0.015924}, {"source": 36, "target": 51, "weight": 0.021277}, {"source": 36, "target": 65, "weight": 0.004566}, {"source": 36, "target": 137, "weight": 0.005988}, {"source": 36, "target": 136, "weight": 0.007937}, {"source": 36, "target": 141, "weight": 0.013158}, {"source": 36, "target": 81, "weight": 0.003257}, {"source": 36, "target": 89, "weight": 0.005917}, {"source": 37, "target": 57, "weight": 0.011628}, {"source": 38, "target": 122, "weight": 0.037037}, {"source": 38, "target": 47, "weight": 0.024}, {"source": 38, "target": 90, "weight": 0.014545}, {"source": 38, "target": 64, "weight": 0.00495}, {"source": 38, "target": 78, "weight": 0.016393}, {"source": 38, "target": 110, "weight": 0.042553}, {"source": 39, "target": 102, "weight": 0.009804}, {"source": 39, "target": 113, "weight": 0.039326}, {"source": 39, "target": 92, "weight": 0.014184}, {"source": 39, "target": 86, "weight": 0.006757}, {"source": 39, "target": 49, "weight": 0.023256}, {"source": 39, "target": 66, "weight": 0.012346}, {"source": 39, "target": 90, "weight": 0.003003}, {"source": 39, "target": 96, "weight": 0.006173}, {"source": 39, "target": 128, "weight": 0.007246}, {"source": 39, "target": 81, "weight": 0.003106}, {"source": 40, "target": 129, "weight": 0.004608}, {"source": 40, "target": 81, "weight": 0.011561}, {"source": 40, "target": 115, "weight": 0.008772}, {"source": 40, "target": 143, "weight": 0.017241}, {"source": 40, "target": 50, "weight": 0.023438}, {"source": 40, "target": 107, "weight": 0.021429}, {"source": 40, "target": 117, "weight": 0.005376}, {"source": 40, "target": 127, "weight": 0.006289}, {"source": 40, "target": 76, "weight": 0.009615}, {"source": 40, "target": 83, "weight": 0.00641}, {"source": 40, "target": 61, "weight": 0.005814}, {"source": 41, "target": 46, "weight": 0.011111}, {"source": 41, "target": 61, "weight": 0.007813}, {"source": 41, "target": 48, "weight": 0.007874}, {"source": 41, "target": 90, "weight": 0.003165}, {"source": 41, "target": 145, "weight": 0.008}, {"source": 41, "target": 137, "weight": 0.006061}, {"source": 41, "target": 81, "weight": 0.006579}, {"source": 42, "target": 103, "weight": 0.028571}, {"source": 42, "target": 114, "weight": 0.047619}, {"source": 43, "target": 65, "weight": 0.01676}, {"source": 43, "target": 81, "weight": 0.003717}, {"source": 44, "target": 51, "weight": 0.006757}, {"source": 45, "target": 74, "weight": 0.010101}, {"source": 46, "target": 59, "weight": 0.058824}, {"source": 46, "target": 79, "weight": 0.006689}, {"source": 46, "target": 142, "weight": 0.010638}, {"source": 46, "target": 61, "weight": 0.016667}, {"source": 46, "target": 88, "weight": 0.058824}, {"source": 46, "target": 139, "weight": 0.00463}, {"source": 46, "target": 51, "weight": 0.01105}, {"source": 46, "target": 65, "weight": 0.009569}, {"source": 46, "target": 90, "weight": 0.033333}, {"source": 46, "target": 136, "weight": 0.008547}, {"source": 46, "target": 137, "weight": 0.006329}, {"source": 46, "target": 109, "weight": 0.015152}, {"source": 46, "target": 81, "weight": 0.003356}, {"source": 46, "target": 68, "weight": 0.030534}, {"source": 47, "target": 129, "weight": 0.025424}, {"source": 47, "target": 72, "weight": 0.004739}, {"source": 47, "target": 121, "weight": 0.049296}, {"source": 47, "target": 86, "weight": 0.010101}, {"source": 47, "target": 50, "weight": 0.006494}, {"source": 47, "target": 90, "weight": 0.007853}, {"source": 47, "target": 107, "weight": 0.012121}, {"source": 47, "target": 66, "weight": 0.004673}, {"source": 47, "target": 78, "weight": 0.264069}, {"source": 47, "target": 81, "weight": 0.002681}, {"source": 48, "target": 59, "weight": 0.015306}, {"source": 48, "target": 113, "weight": 0.010204}, {"source": 48, "target": 95, "weight": 0.010417}, {"source": 48, "target": 64, "weight": 0.237443}, {"source": 48, "target": 122, "weight": 0.042017}, {"source": 48, "target": 74, "weight": 0.031847}, {"source": 48, "target": 75, "weight": 0.020548}, {"source": 48, "target": 51, "weight": 0.009174}, {"source": 48, "target": 125, "weight": 0.01087}, {"source": 48, "target": 79, "weight": 0.011976}, {"source": 48, "target": 127, "weight": 0.006897}, {"source": 48, "target": 81, "weight": 0.005988}, {"source": 48, "target": 88, "weight": 0.015306}, {"source": 48, "target": 90, "weight": 0.005797}, {"source": 48, "target": 133, "weight": 0.044444}, {"source": 48, "target": 136, "weight": 0.047297}, {"source": 48, "target": 137, "weight": 0.053763}, {"source": 48, "target": 139, "weight": 0.02008}, {"source": 48, "target": 54, "weight": 0.015504}, {"source": 48, "target": 145, "weight": 0.608247}, {"source": 48, "target": 56, "weight": 0.01087}, {"source": 49, "target": 129, "weight": 0.006849}, {"source": 49, "target": 78, "weight": 0.005102}, {"source": 49, "target": 72, "weight": 0.083333}, {"source": 50, "target": 111, "weight": 0.015625}, {"source": 50, "target": 122, "weight": 0.0375}, {"source": 50, "target": 64, "weight": 0.004367}, {"source": 50, "target": 107, "weight": 0.72549}, {"source": 50, "target": 78, "weight": 0.004717}, {"source": 50, "target": 81, "weight": 0.013746}, {"source": 50, "target": 110, "weight": 0.011152}, {"source": 51, "target": 129, "weight": 0.019157}, {"source": 51, "target": 113, "weight": 0.003861}, {"source": 51, "target": 61, "weight": 0.004545}, {"source": 51, "target": 62, "weight": 0.005525}, {"source": 51, "target": 59, "weight": 0.003846}, {"source": 51, "target": 65, "weight": 0.047297}, {"source": 51, "target": 66, "weight": 0.004202}, {"source": 51, "target": 68, "weight": 0.017391}, {"source": 51, "target": 117, "weight": 0.004274}, {"source": 51, "target": 118, "weight": 0.011628}, {"source": 51, "target": 119, "weight": 0.004386}, {"source": 51, "target": 75, "weight": 0.004762}, {"source": 51, "target": 126, "weight": 0.012739}, {"source": 51, "target": 79, "weight": 0.005025}, {"source": 51, "target": 89, "weight": 0.011673}, {"source": 51, "target": 81, "weight": 0.020513}, {"source": 51, "target": 83, "weight": 0.004902}, {"source": 51, "target": 88, "weight": 0.003846}, {"source": 51, "target": 90, "weight": 0.027638}, {"source": 51, "target": 139, "weight": 0.012821}, {"source": 51, "target": 133, "weight": 0.00495}, {"source": 51, "target": 92, "weight": 0.005571}, {"source": 51, "target": 93, "weight": 0.014493}, {"source": 51, "target": 137, "weight": 0.019763}, {"source": 51, "target": 64, "weight": 0.012158}, {"source": 51, "target": 57, "weight": 0.005263}, {"source": 51, "target": 54, "weight": 0.010471}, {"source": 51, "target": 142, "weight": 0.010417}, {"source": 51, "target": 145, "weight": 0.009259}, {"source": 51, "target": 96, "weight": 0.004219}, {"source": 51, "target": 108, "weight": 0.011561}, {"source": 52, "target": 117, "weight": 0.039604}, {"source": 53, "target": 65, "weight": 0.016854}, {"source": 53, "target": 81, "weight": 0.003731}, {"source": 54, "target": 117, "weight": 0.013889}, {"source": 54, "target": 141, "weight": 0.012987}, {"source": 54, "target": 61, "weight": 0.03125}, {"source": 54, "target": 90, "weight": 0.006289}, {"source": 54, "target": 76, "weight": 0.015873}, {"source": 54, "target": 145, "weight": 0.007813}, {"source": 54, "target": 136, "weight": 0.007874}, {"source": 54, "target": 98, "weight": 0.006173}, {"source": 54, "target": 115, "weight": 0.013699}, {"source": 55, "target": 122, "weight": 0.016667}, {"source": 55, "target": 74, "weight": 0.020619}, {"source": 55, "target": 90, "weight": 0.007092}, {"source": 55, "target": 136, "weight": 0.010989}, {"source": 55, "target": 89, "weight": 0.007463}, {"source": 56, "target": 65, "weight": 0.005495}, {"source": 57, "target": 111, "weight": 0.013158}, {"source": 57, "target": 120, "weight": 0.011111}, {"source": 57, "target": 85, "weight": 0.042857}, {"source": 57, "target": 92, "weight": 0.148936}, {"source": 57, "target": 93, "weight": 0.008475}, {"source": 57, "target": 79, "weight": 0.003247}, {"source": 57, "target": 129, "weight": 0.005747}, {"source": 58, "target": 62, "weight": 0.012346}, {"source": 58, "target": 115, "weight": 0.016129}, {"source": 58, "target": 77, "weight": 0.016393}, {"source": 58, "target": 98, "weight": 0.006623}, {"source": 58, "target": 83, "weight": 0.009615}, {"source": 59, "target": 136, "weight": 0.005128}, {"source": 59, "target": 137, "weight": 0.021552}, {"source": 59, "target": 145, "weight": 0.020725}, {"source": 59, "target": 90, "weight": 0.124638}, {"source": 59, "target": 99, "weight": 0.006289}, {"source": 59, "target": 65, "weight": 0.014035}, {"source": 59, "target": 95, "weight": 0.007299}, {"source": 59, "target": 66, "weight": 0.004608}, {"source": 59, "target": 74, "weight": 0.00495}, {"source": 59, "target": 117, "weight": 0.004695}, {"source": 59, "target": 89, "weight": 0.004202}, {"source": 59, "target": 61, "weight": 0.010101}, {"source": 60, "target": 129, "weight": 0.07483}, {"source": 60, "target": 65, "weight": 0.015075}, {"source": 60, "target": 70, "weight": 0.019608}, {"source": 61, "target": 75, "weight": 0.027397}, {"source": 61, "target": 113, "weight": 0.005051}, {"source": 61, "target": 114, "weight": 0.011364}, {"source": 61, "target": 115, "weight": 0.009901}, {"source": 61, "target": 65, "weight": 0.008097}, {"source": 61, "target": 68, "weight": 0.017647}, {"source": 61, "target": 119, "weight": 0.005988}, {"source": 61, "target": 72, "weight": 0.011561}, {"source": 61, "target": 76, "weight": 0.010989}, {"source": 61, "target": 79, "weight": 0.005935}, {"source": 61, "target": 89, "weight": 0.010152}, {"source": 61, "target": 127, "weight": 0.006849}, {"source": 61, "target": 84, "weight": 0.017094}, {"source": 61, "target": 132, "weight": 0.010309}, {"source": 61, "target": 131, "weight": 0.018868}, {"source": 61, "target": 88, "weight": 0.010101}, {"source": 61, "target": 80, "weight": 0.021277}, {"source": 61, "target": 90, "weight": 0.008696}, {"source": 61, "target": 93, "weight": 0.006757}, {"source": 61, "target": 138, "weight": 0.020833}, {"source": 61, "target": 98, "weight": 0.015957}, {"source": 61, "target": 64, "weight": 0.014925}, {"source": 61, "target": 101, "weight": 0.020202}, {"source": 61, "target": 142, "weight": 0.015267}, {"source": 61, "target": 149, "weight": 0.007463}, {"source": 62, "target": 87, "weight": 0.013333}, {"source": 62, "target": 92, "weight": 0.003846}, {"source": 62, "target": 75, "weight": 0.018349}, {"source": 62, "target": 90, "weight": 0.003247}, {"source": 62, "target": 91, "weight": 0.010417}, {"source": 62, "target": 134, "weight": 0.015152}, {"source": 62, "target": 117, "weight": 0.007463}, {"source": 62, "target": 137, "weight": 0.012821}, {"source": 62, "target": 98, "weight": 0.006623}, {"source": 62, "target": 83, "weight": 0.009615}, {"source": 64, "target": 95, "weight": 0.088083}, {"source": 64, "target": 99, "weight": 0.008696}, {"source": 64, "target": 65, "weight": 0.011204}, {"source": 64, "target": 71, "weight": 0.004525}, {"source": 64, "target": 72, "weight": 0.007018}, {"source": 64, "target": 122, "weight": 0.039474}, {"source": 64, "target": 74, "weight": 0.011029}, {"source": 64, "target": 126, "weight": 0.004785}, {"source": 64, "target": 127, "weight": 0.003876}, {"source": 64, "target": 81, "weight": 0.002232}, {"source": 64, "target": 83, "weight": 0.003922}, {"source": 64, "target": 87, "weight": 0.004425}, {"source": 64, "target": 90, "weight": 0.008772}, {"source": 64, "target": 136, "weight": 0.030769}, {"source": 64, "target": 137, "weight": 0.036913}, {"source": 64, "target": 138, "weight": 0.004785}, {"source": 64, "target": 98, "weight": 0.016779}, {"source": 64, "target": 145, "weight": 0.164502}, {"source": 64, "target": 107, "weight": 0.004149}, {"source": 64, "target": 108, "weight": 0.013453}, {"source": 65, "target": 113, "weight": 0.003484}, {"source": 65, "target": 139, "weight": 0.014749}, {"source": 65, "target": 95, "weight": 0.005376}, {"source": 65, "target": 94, "weight": 0.009174}, {"source": 65, "target": 68, "weight": 0.011583}, {"source": 65, "target": 70, "weight": 0.005348}, {"source": 65, "target": 71, "weight": 0.005051}, {"source": 65, "target": 122, "weight": 0.004695}, {"source": 65, "target": 74, "weight": 0.003984}, {"source": 65, "target": 123, "weight": 0.016854}, {"source": 65, "target": 75, "weight": 0.008439}, {"source": 65, "target": 124, "weight": 0.004695}, {"source": 65, "target": 125, "weight": 0.005495}, {"source": 65, "target": 126, "weight": 0.010811}, {"source": 65, "target": 79, "weight": 0.009434}, {"source": 65, "target": 89, "weight": 0.028571}, {"source": 65, "target": 127, "weight": 0.004255}, {"source": 65, "target": 81, "weight": 0.007092}, {"source": 65, "target": 83, "weight": 0.00431}, {"source": 65, "target": 73, "weight": 0.01087}, {"source": 65, "target": 88, "weight": 0.01049}, {"source": 65, "target": 132, "weight": 0.010811}, {"source": 65, "target": 90, "weight": 0.013921}, {"source": 65, "target": 133, "weight": 0.079439}, {"source": 65, "target": 92, "weight": 0.01039}, {"source": 65, "target": 93, "weight": 0.021459}, {"source": 65, "target": 137, "weight": 0.014184}, {"source": 65, "target": 98, "weight": 0.003584}, {"source": 65, "target": 142, "weight": 0.018349}, {"source": 65, "target": 108, "weight": 0.015}, {"source": 65, "target": 118, "weight": 0.015075}, {"source": 66, "target": 130, "weight": 0.008696}, {"source": 66, "target": 78, "weight": 0.003676}, {"source": 66, "target": 88, "weight": 0.004608}, {"source": 66, "target": 92, "weight": 0.003155}, {"source": 66, "target": 90, "weight": 0.01105}, {"source": 66, "target": 143, "weight": 0.008197}, {"source": 66, "target": 79, "weight": 0.002809}, {"source": 66, "target": 68, "weight": 0.005263}, {"source": 66, "target": 128, "weight": 0.023952}, {"source": 66, "target": 110, "weight": 0.018405}, {"source": 66, "target": 107, "weight": 0.006803}, {"source": 68, "target": 81, "weight": 0.005747}, {"source": 68, "target": 122, "weight": 0.014706}, {"source": 68, "target": 143, "weight": 0.008547}, {"source": 68, "target": 95, "weight": 0.018349}, {"source": 68, "target": 126, "weight": 0.14433}, {"source": 68, "target": 90, "weight": 0.022663}, {"source": 68, "target": 108, "weight": 0.295918}, {"source": 68, "target": 117, "weight": 0.010811}, {"source": 68, "target": 137, "weight": 0.009615}, {"source": 68, "target": 71, "weight": 0.008197}, {"source": 69, "target": 131, "weight": 0.078947}, {"source": 69, "target": 135, "weight": 0.033333}, {"source": 70, "target": 75, "weight": 0.011364}, {"source": 70, "target": 134, "weight": 0.046512}, {"source": 71, "target": 129, "weight": 0.006494}, {"source": 71, "target": 72, "weight": 0.008065}, {"source": 71, "target": 81, "weight": 0.014134}, {"source": 71, "target": 79, "weight": 0.014035}, {"source": 71, "target": 122, "weight": 0.013514}, {"source": 71, "target": 113, "weight": 0.020548}, {"source": 71, "target": 75, "weight": 0.020408}, {"source": 71, "target": 90, "weight": 0.006757}, {"source": 71, "target": 133, "weight": 0.010989}, {"source": 71, "target": 116, "weight": 0.009346}, {"source": 71, "target": 136, "weight": 0.009524}, {"source": 71, "target": 137, "weight": 0.006849}, {"source": 71, "target": 98, "weight": 0.007143}, {"source": 71, "target": 119, "weight": 0.008547}, {"source": 72, "target": 129, "weight": 0.037736}, {"source": 72, "target": 84, "weight": 0.381443}, {"source": 72, "target": 113, "weight": 0.004695}, {"source": 72, "target": 92, "weight": 0.003185}, {"source": 72, "target": 78, "weight": 0.003717}, {"source": 72, "target": 96, "weight": 0.032258}, {"source": 72, "target": 81, "weight": 0.005714}, {"source": 74, "target": 113, "weight": 0.004975}, {"source": 74, "target": 139, "weight": 0.151786}, {"source": 74, "target": 94, "weight": 0.015152}, {"source": 74, "target": 122, "weight": 0.007874}, {"source": 74, "target": 75, "weight": 0.006579}, {"source": 74, "target": 124, "weight": 0.007874}, {"source": 74, "target": 79, "weight": 0.002933}, {"source": 74, "target": 89, "weight": 0.004975}, {"source": 74, "target": 81, "weight": 0.00295}, {"source": 74, "target": 132, "weight": 0.01}, {"source": 74, "target": 88, "weight": 0.00995}, {"source": 74, "target": 90, "weight": 0.008621}, {"source": 74, "target": 133, "weight": 0.066176}, {"source": 74, "target": 136, "weight": 0.195489}, {"source": 74, "target": 137, "weight": 0.06383}, {"source": 74, "target": 142, "weight": 0.007407}, {"source": 74, "target": 145, "weight": 0.032258}, {"source": 74, "target": 107, "weight": 0.023077}, {"source": 74, "target": 110, "weight": 0.003165}, {"source": 75, "target": 99, "weight": 0.009174}, {"source": 75, "target": 122, "weight": 0.008772}, {"source": 75, "target": 89, "weight": 0.005319}, {"source": 75, "target": 127, "weight": 0.014815}, {"source": 75, "target": 87, "weight": 0.009615}, {"source": 75, "target": 91, "weight": 0.008}, {"source": 75, "target": 136, "weight": 0.006897}, {"source": 75, "target": 137, "weight": 0.016304}, {"source": 75, "target": 98, "weight": 0.005556}, {"source": 75, "target": 143, "weight": 0.010638}, {"source": 75, "target": 145, "weight": 0.020833}, {"source": 76, "target": 87, "weight": 0.021739}, {"source": 76, "target": 131, "weight": 0.025641}, {"source": 76, "target": 115, "weight": 0.416667}, {"source": 76, "target": 109, "weight": 0.027778}, {"source": 76, "target": 98, "weight": 0.033613}, {"source": 77, "target": 139, "weight": 0.005128}, {"source": 77, "target": 91, "weight": 0.013158}, {"source": 77, "target": 116, "weight": 0.020619}, {"source": 77, "target": 93, "weight": 0.011236}, {"source": 77, "target": 79, "weight": 0.003584}, {"source": 78, "target": 84, "weight": 0.004695}, {"source": 78, "target": 117, "weight": 0.003731}, {"source": 78, "target": 86, "weight": 0.019763}, {"source": 78, "target": 79, "weight": 0.002309}, {"source": 78, "target": 128, "weight": 0.012245}, {"source": 78, "target": 129, "weight": 0.013514}, {"source": 78, "target": 90, "weight": 0.016055}, {"source": 78, "target": 139, "weight": 0.005747}, {"source": 78, "target": 133, "weight": 0.004237}, {"source": 78, "target": 92, "weight": 0.007653}, {"source": 78, "target": 96, "weight": 0.00369}, {"source": 78, "target": 100, "weight": 0.004926}, {"source": 78, "target": 103, "weight": 0.005076}, {"source": 78, "target": 107, "weight": 0.004464}, {"source": 78, "target": 110, "weight": 0.278125}, {"source": 79, "target": 95, "weight": 0.010949}, {"source": 79, "target": 114, "weight": 0.003745}, {"source": 79, "target": 145, "weight": 0.015106}, {"source": 79, "target": 122, "weight": 0.020134}, {"source": 79, "target": 124, "weight": 0.006623}, {"source": 79, "target": 89, "weight": 0.005319}, {"source": 79, "target": 81, "weight": 0.001942}, {"source": 79, "target": 83, "weight": 0.006231}, {"source": 79, "target": 90, "weight": 0.056112}, {"source": 79, "target": 91, "weight": 0.003185}, {"source": 79, "target": 136, "weight": 0.012085}, {"source": 79, "target": 137, "weight": 0.008043}, {"source": 79, "target": 105, "weight": 0.00339}, {"source": 79, "target": 108, "weight": 0.017361}, {"source": 80, "target": 129, "weight": 0.007143}, {"source": 80, "target": 121, "weight": 0.021277}, {"source": 80, "target": 101, "weight": 0.681818}, {"source": 80, "target": 139, "weight": 0.005263}, {"source": 80, "target": 83, "weight": 0.012658}, {"source": 81, "target": 84, "weight": 0.00339}, {"source": 81, "target": 113, "weight": 0.102639}, {"source": 81, "target": 94, "weight": 0.009836}, {"source": 81, "target": 116, "weight": 0.002994}, {"source": 81, "target": 117, "weight": 0.005731}, {"source": 81, "target": 122, "weight": 0.006667}, {"source": 81, "target": 107, "weight": 0.013201}, {"source": 81, "target": 123, "weight": 0.003731}, {"source": 81, "target": 128, "weight": 0.00304}, {"source": 81, "target": 129, "weight": 0.007916}, {"source": 81, "target": 139, "weight": 0.006993}, {"source": 81, "target": 90, "weight": 0.011561}, {"source": 81, "target": 91, "weight": 0.003205}, {"source": 81, "target": 134, "weight": 0.007117}, {"source": 81, "target": 93, "weight": 0.009288}, {"source": 81, "target": 136, "weight": 0.003012}, {"source": 81, "target": 137, "weight": 0.010811}, {"source": 81, "target": 96, "weight": 0.095975}, {"source": 81, "target": 144, "weight": 0.011364}, {"source": 81, "target": 133, "weight": 0.006309}, {"source": 81, "target": 142, "weight": 0.006494}, {"source": 81, "target": 104, "weight": 0.003676}, {"source": 81, "target": 145, "weight": 0.003003}, {"source": 81, "target": 110, "weight": 0.00409}, {"source": 82, "target": 137, "weight": 0.008264}, {"source": 83, "target": 92, "weight": 0.017921}, {"source": 83, "target": 101, "weight": 0.011905}, {"source": 83, "target": 90, "weight": 0.003021}, {"source": 83, "target": 93, "weight": 0.015267}, {"source": 83, "target": 117, "weight": 0.012821}, {"source": 83, "target": 140, "weight": 0.028986}, {"source": 84, "target": 129, "weight": 0.044586}, {"source": 86, "target": 129, "weight": 0.009709}, {"source": 86, "target": 120, "weight": 0.068966}, {"source": 86, "target": 136, "weight": 0.006329}, {"source": 86, "target": 89, "weight": 0.004975}, {"source": 86, "target": 128, "weight": 0.006452}, {"source": 86, "target": 110, "weight": 0.01278}, {"source": 87, "target": 94, "weight": 0.011765}, {"source": 87, "target": 91, "weight": 0.011111}, {"source": 87, "target": 116, "weight": 0.008929}, {"source": 87, "target": 135, "weight": 0.012048}, {"source": 87, "target": 117, "weight": 0.007813}, {"source": 87, "target": 98, "weight": 0.149606}, {"source": 88, "target": 136, "weight": 0.005128}, {"source": 88, "target": 145, "weight": 0.020725}, {"source": 88, "target": 90, "weight": 0.118156}, {"source": 88, "target": 99, "weight": 0.006289}, {"source": 88, "target": 95, "weight": 0.007299}, {"source": 88, "target": 117, "weight": 0.004695}, {"source": 88, "target": 137, "weight": 0.021552}, {"source": 89, "target": 112, "weight": 0.006494}, {"source": 89, "target": 113, "weight": 0.017094}, {"source": 89, "target": 94, "weight": 0.030303}, {"source": 89, "target": 99, "weight": 0.012739}, {"source": 89, "target": 119, "weight": 0.009756}, {"source": 89, "target": 122, "weight": 0.006135}, {"source": 89, "target": 124, "weight": 0.012346}, {"source": 89, "target": 127, "weight": 0.005405}, {"source": 89, "target": 132, "weight": 0.007353}, {"source": 89, "target": 90, "weight": 0.005195}, {"source": 89, "target": 134, "weight": 0.006944}, {"source": 89, "target": 98, "weight": 0.004367}, {"source": 89, "target": 139, "weight": 0.017301}, {"source": 89, "target": 109, "weight": 0.006993}, {"source": 90, "target": 112, "weight": 0.006623}, {"source": 90, "target": 113, "weight": 0.010444}, {"source": 90, "target": 145, "weight": 0.017699}, {"source": 90, "target": 117, "weight": 0.014006}, {"source": 90, "target": 122, "weight": 0.006431}, {"source": 90, "target": 119, "weight": 0.002817}, {"source": 90, "target": 95, "weight": 0.003509}, {"source": 90, "target": 132, "weight": 0.003509}, {"source": 90, "target": 131, "weight": 0.00339}, {"source": 90, "target": 134, "weight": 0.006849}, {"source": 90, "target": 93, "weight": 0.002976}, {"source": 90, "target": 135, "weight": 0.003165}, {"source": 90, "target": 136, "weight": 0.02381}, {"source": 90, "target": 137, "weight": 0.010499}, {"source": 90, "target": 129, "weight": 0.002551}, {"source": 90, "target": 139, "weight": 0.018391}, {"source": 90, "target": 133, "weight": 0.015385}, {"source": 90, "target": 101, "weight": 0.003472}, {"source": 90, "target": 142, "weight": 0.003125}, {"source": 90, "target": 104, "weight": 0.003534}, {"source": 90, "target": 91, "weight": 0.003096}, {"source": 90, "target": 110, "weight": 0.081897}, {"source": 91, "target": 113, "weight": 0.005747}, {"source": 91, "target": 116, "weight": 0.072}, {"source": 91, "target": 117, "weight": 0.048951}, {"source": 91, "target": 120, "weight": 0.021053}, {"source": 91, "target": 122, "weight": 0.01}, {"source": 91, "target": 124, "weight": 0.030612}, {"source": 91, "target": 131, "weight": 0.012048}, {"source": 91, "target": 92, "weight": 0.010989}, {"source": 91, "target": 93, "weight": 0.033058}, {"source": 91, "target": 135, "weight": 0.009615}, {"source": 91, "target": 98, "weight": 0.006024}, {"source": 91, "target": 145, "weight": 0.007576}, {"source": 92, "target": 129, "weight": 0.002907}, {"source": 92, "target": 122, "weight": 0.003788}, {"source": 92, "target": 124, "weight": 0.01145}, {"source": 92, "target": 111, "weight": 0.012295}, {"source": 92, "target": 143, "weight": 0.004098}, {"source": 92, "target": 140, "weight": 0.004425}, {"source": 93, "target": 122, "weight": 0.027027}, {"source": 93, "target": 124, "weight": 0.017857}, {"source": 93, "target": 95, "weight": 0.035714}, {"source": 93, "target": 127, "weight": 0.007407}, {"source": 93, "target": 108, "weight": 0.019802}, {"source": 94, "target": 137, "weight": 0.005988}, {"source": 94, "target": 124, "weight": 0.010526}, {"source": 94, "target": 127, "weight": 0.008547}, {"source": 94, "target": 98, "weight": 0.006211}, {"source": 95, "target": 122, "weight": 0.016129}, {"source": 95, "target": 113, "weight": 0.007353}, {"source": 95, "target": 138, "weight": 0.028571}, {"source": 95, "target": 118, "weight": 0.02}, {"source": 95, "target": 139, "weight": 0.005208}, {"source": 95, "target": 108, "weight": 0.019608}, {"source": 96, "target": 129, "weight": 0.032558}, {"source": 97, "target": 110, "weight": 0.003861}, {"source": 97, "target": 122, "weight": 0.028986}, {"source": 98, "target": 115, "weight": 0.039063}, {"source": 98, "target": 116, "weight": 0.005319}, {"source": 98, "target": 120, "weight": 0.006623}, {"source": 98, "target": 124, "weight": 0.006452}, {"source": 98, "target": 127, "weight": 0.017143}, {"source": 98, "target": 131, "weight": 0.022059}, {"source": 98, "target": 135, "weight": 0.012658}, {"source": 98, "target": 142, "weight": 0.006135}, {"source": 98, "target": 109, "weight": 0.014925}, {"source": 99, "target": 132, "weight": 0.017544}, {"source": 99, "target": 112, "weight": 0.041096}, {"source": 99, "target": 142, "weight": 0.01087}, {"source": 99, "target": 113, "weight": 0.006329}, {"source": 99, "target": 124, "weight": 0.011905}, {"source": 99, "target": 145, "weight": 0.008621}, {"source": 100, "target": 103, "weight": 0.04}, {"source": 100, "target": 114, "weight": 0.055556}, {"source": 100, "target": 128, "weight": 0.009901}, {"source": 100, "target": 110, "weight": 0.003817}, {"source": 101, "target": 129, "weight": 0.006897}, {"source": 101, "target": 121, "weight": 0.019231}, {"source": 101, "target": 113, "weight": 0.007194}, {"source": 101, "target": 139, "weight": 0.005128}, {"source": 101, "target": 136, "weight": 0.010417}, {"source": 101, "target": 110, "weight": 0.003937}, {"source": 103, "target": 114, "weight": 0.103448}, {"source": 103, "target": 137, "weight": 0.007194}, {"source": 105, "target": 112, "weight": 0.013889}, {"source": 105, "target": 146, "weight": 0.394737}, {"source": 106, "target": 124, "weight": 0.016393}, {"source": 106, "target": 140, "weight": 0.043478}, {"source": 107, "target": 111, "weight": 0.013158}, {"source": 107, "target": 122, "weight": 0.032609}, {"source": 107, "target": 141, "weight": 0.013333}, {"source": 107, "target": 110, "weight": 0.010676}, {"source": 108, "target": 122, "weight": 0.039474}, {"source": 108, "target": 113, "weight": 0.013245}, {"source": 108, "target": 143, "weight": 0.017241}, {"source": 108, "target": 126, "weight": 0.368421}, {"source": 108, "target": 118, "weight": 0.810811}, {"source": 109, "target": 115, "weight": 0.021739}, {"source": 110, "target": 129, "weight": 0.011268}, {"source": 110, "target": 122, "weight": 0.018248}, {"source": 110, "target": 145, "weight": 0.006472}, {"source": 110, "target": 136, "weight": 0.009772}, {"source": 112, "target": 121, "weight": 0.014925}, {"source": 112, "target": 127, "weight": 0.009804}, {"source": 113, "target": 137, "weight": 0.008547}, {"source": 113, "target": 117, "weight": 0.019139}, {"source": 113, "target": 122, "weight": 0.044586}, {"source": 113, "target": 129, "weight": 0.004115}, {"source": 113, "target": 136, "weight": 0.026316}, {"source": 113, "target": 145, "weight": 0.031579}, {"source": 115, "target": 131, "weight": 0.020408}, {"source": 116, "target": 117, "weight": 0.017751}, {"source": 117, "target": 129, "weight": 0.004587}, {"source": 117, "target": 139, "weight": 0.003731}, {"source": 117, "target": 134, "weight": 0.008403}, {"source": 118, "target": 122, "weight": 0.026316}, {"source": 118, "target": 143, "weight": 0.017544}, {"source": 118, "target": 126, "weight": 0.378378}, {"source": 119, "target": 137, "weight": 0.004902}, {"source": 119, "target": 127, "weight": 0.006494}, {"source": 120, "target": 131, "weight": 0.014706}, {"source": 120, "target": 135, "weight": 0.011236}, {"source": 121, "target": 129, "weight": 0.00641}, {"source": 121, "target": 139, "weight": 0.004854}, {"source": 122, "target": 141, "weight": 0.014286}, {"source": 122, "target": 136, "weight": 0.016807}, {"source": 122, "target": 137, "weight": 0.0125}, {"source": 122, "target": 139, "weight": 0.013825}, {"source": 122, "target": 133, "weight": 0.009434}, {"source": 122, "target": 145, "weight": 0.042735}, {"source": 124, "target": 133, "weight": 0.009434}, {"source": 124, "target": 137, "weight": 0.006211}, {"source": 124, "target": 136, "weight": 0.008333}, {"source": 124, "target": 139, "weight": 0.004566}, {"source": 127, "target": 145, "weight": 0.006993}, {"source": 127, "target": 149, "weight": 0.008264}, {"source": 127, "target": 138, "weight": 0.011905}, {"source": 128, "target": 129, "weight": 0.010204}, {"source": 128, "target": 136, "weight": 0.006757}, {"source": 129, "target": 144, "weight": 0.007463}, {"source": 129, "target": 139, "weight": 0.006711}, {"source": 129, "target": 143, "weight": 0.006711}, {"source": 131, "target": 145, "weight": 0.009615}, {"source": 131, "target": 135, "weight": 0.327586}, {"source": 132, "target": 136, "weight": 0.010753}, {"source": 132, "target": 138, "weight": 0.028571}, {"source": 133, "target": 145, "weight": 0.045113}, {"source": 133, "target": 136, "weight": 0.104}, {"source": 133, "target": 137, "weight": 0.154839}, {"source": 135, "target": 145, "weight": 0.008}, {"source": 135, "target": 148, "weight": 0.015873}, {"source": 136, "target": 139, "weight": 0.195238}, {"source": 136, "target": 137, "weight": 0.08427}, {"source": 136, "target": 142, "weight": 0.007813}, {"source": 136, "target": 145, "weight": 0.055172}, {"source": 137, "target": 139, "weight": 0.057971}, {"source": 137, "target": 142, "weight": 0.017964}, {"source": 137, "target": 145, "weight": 0.048649}, {"source": 138, "target": 139, "weight": 0.005208}, {"source": 139, "target": 145, "weight": 0.016129}, {"source": 141, "target": 147, "weight": 0.060606}], "multigraph": false}