{"directed": false, "graph": {}, "nodes": [{"group": 0, "id": "wedge", "degree": 15}, {"group": 1, "id": "weft", "degree": 7}, {"group": 2, "id": "wearisome", "degree": 8}, {"group": 0, "id": "weight"}, {"group": 3, "id": "westerly"}, {"group": 2, "id": "weightless"}, {"group": 4, "id": "wealthy"}, {"group": 2, "id": "wearying", "degree": 10}, {"group": 3, "id": "westward", "degree": 2}, {"group": 0, "id": "weatherproof", "degree": 1}, {"group": 2, "id": "weather", "degree": 7}, {"group": 5, "id": "weasel", "degree": 1}, {"group": 2, "id": "wench", "degree": 2}, {"group": 4, "id": "welfare", "degree": 10}, {"group": 2, "id": "weazened", "degree": 6}, {"group": 0, "id": "wedded"}, {"group": 0, "id": "wellspring"}, {"group": 2, "id": "welterweight"}, {"group": 2, "id": "weaken", "degree": 17}, {"group": 1, "id": "web", "degree": 19}, {"group": 6, "id": "weep", "degree": 18}, {"group": 1, "id": "weaving", "degree": 1}, {"group": 4, "id": "wealth"}, {"group": 0, "id": "wedlock", "degree": 5}, {"group": 0, "id": "wed"}, {"group": 3, "id": "west"}, {"group": 2, "id": "weariness"}, {"group": 2, "id": "welter", "degree": 10}, {"group": 4, "id": "wen", "degree": 13}, {"group": 8, "id": "weenie", "degree": 0}, {"group": 2, "id": "weakhearted", "degree": 4}, {"group": 5, "id": "welsher", "degree": 2}, {"group": 6, "id": "weeping"}, {"group": 6, "id": "wet", "degree": 12}, {"group": 2, "id": "wean"}, {"group": 2, "id": "weekly", "degree": 4}, {"group": 0, "id": "week"}, {"group": 4, "id": "welcome"}, {"group": 7, "id": "welkin", "degree": 0}, {"group": 2, "id": "weakening"}, {"group": 6, "id": "weepy", "degree": 2}, {"group": 5, "id": "welsh"}, {"group": 4, "id": "weakness"}, {"group": 4, "id": "weal"}, {"group": 2, "id": "weak", "degree": 22}, {"group": 0, "id": "weir"}, {"group": 2, "id": "weed"}, {"group": 0, "id": "weirdo"}, {"group": 2, "id": "wear", "degree": 29}, {"group": 0, "id": "wedding", "degree": 4}, {"group": 3, "id": "western", "degree": 3}, {"group": 2, "id": "weary"}, {"group": 2, "id": "weedy"}, {"group": 1, "id": "weave", "degree": 11}, {"group": 2, "id": "weevily", "degree": 3}, {"group": 2, "id": "weazen", "degree": 6}, {"group": 2, "id": "weakly", "degree": 12}, {"group": 0, "id": "weld"}, {"group": 2, "id": "weakened"}, {"group": 2, "id": "weald", "degree": 1}, {"group": 2, "id": "werewolf", "degree": 1}, {"group": 0, "id": "well", "degree": 15}, {"group": 0, "id": "wedged"}, {"group": 2, "id": "weatherboard"}, {"group": 4, "id": "welt"}, {"group": 4, "id": "welcoming"}, {"group": 0, "id": "weigh", "degree": 8}, {"group": 2, "id": "weird"}, {"group": 2, "id": "weakling"}, {"group": 2, "id": "weighty"}, {"group": 0, "id": "weathercock", "degree": 4}], "links": [{"source": 0, "target": 19, "weight": 0.004878}, {"source": 0, "target": 47, "weight": 0.009901}, {"source": 0, "target": 57, "weight": 0.076023}, {"source": 0, "target": 3, "weight": 0.007463}, {"source": 0, "target": 23, "weight": 0.011236}, {"source": 0, "target": 24, "weight": 0.008333}, {"source": 0, "target": 44, "weight": 0.002381}, {"source": 0, "target": 61, "weight": 0.010582}, {"source": 0, "target": 45, "weight": 0.014493}, {"source": 0, "target": 62, "weight": 0.01}, {"source": 0, "target": 46, "weight": 0.017964}, {"source": 0, "target": 63, "weight": 0.008197}, {"source": 0, "target": 64, "weight": 0.009479}, {"source": 0, "target": 48, "weight": 0.003953}, {"source": 0, "target": 33, "weight": 0.004651}, {"source": 0, "target": 66, "weight": 0.006098}, {"source": 0, "target": 20, "weight": 0.005682}, {"source": 0, "target": 16, "weight": 0.01}, {"source": 0, "target": 69, "weight": 0.003788}, {"source": 1, "target": 19, "weight": 0.358779}, {"source": 1, "target": 21, "weight": 0.607143}, {"source": 1, "target": 22, "weight": 0.007194}, {"source": 1, "target": 3, "weight": 0.004149}, {"source": 1, "target": 42, "weight": 0.004525}, {"source": 1, "target": 43, "weight": 0.009524}, {"source": 1, "target": 28, "weight": 0.008696}, {"source": 1, "target": 10, "weight": 0.013699}, {"source": 1, "target": 64, "weight": 0.005435}, {"source": 1, "target": 48, "weight": 0.013453}, {"source": 1, "target": 53, "weight": 0.364341}, {"source": 1, "target": 69, "weight": 0.004237}, {"source": 1, "target": 35, "weight": 0.011111}, {"source": 2, "target": 32, "weight": 0.008403}, {"source": 2, "target": 57, "weight": 0.00578}, {"source": 2, "target": 22, "weight": 0.006369}, {"source": 2, "target": 58, "weight": 0.006098}, {"source": 2, "target": 44, "weight": 0.009828}, {"source": 2, "target": 7, "weight": 0.243243}, {"source": 2, "target": 51, "weight": 0.094675}, {"source": 2, "target": 48, "weight": 0.004115}, {"source": 2, "target": 39, "weight": 0.04065}, {"source": 2, "target": 20, "weight": 0.006024}, {"source": 2, "target": 52, "weight": 0.010526}, {"source": 2, "target": 69, "weight": 0.045082}, {"source": 2, "target": 18, "weight": 0.004854}, {"source": 3, "target": 54, "weight": 0.004292}, {"source": 3, "target": 19, "weight": 0.006369}, {"source": 3, "target": 27, "weight": 0.008197}, {"source": 3, "target": 48, "weight": 0.011111}, {"source": 3, "target": 33, "weight": 0.009288}, {"source": 3, "target": 13, "weight": 0.004115}, {"source": 3, "target": 66, "weight": 0.049618}, {"source": 3, "target": 18, "weight": 0.003067}, {"source": 3, "target": 53, "weight": 0.009646}, {"source": 4, "target": 31, "weight": 0.032258}, {"source": 4, "target": 50, "weight": 0.791667}, {"source": 4, "target": 8, "weight": 0.296296}, {"source": 5, "target": 56, "weight": 0.010638}, {"source": 5, "target": 44, "weight": 0.019608}, {"source": 6, "target": 44, "weight": 0.005115}, {"source": 6, "target": 20, "weight": 0.006757}, {"source": 6, "target": 61, "weight": 0.006173}, {"source": 6, "target": 13, "weight": 0.009524}, {"source": 7, "target": 22, "weight": 0.009174}, {"source": 7, "target": 44, "weight": 0.002762}, {"source": 7, "target": 32, "weight": 0.014085}, {"source": 7, "target": 51, "weight": 0.014815}, {"source": 7, "target": 48, "weight": 0.005128}, {"source": 7, "target": 39, "weight": 0.066667}, {"source": 7, "target": 20, "weight": 0.008475}, {"source": 7, "target": 52, "weight": 0.021277}, {"source": 7, "target": 69, "weight": 0.035}, {"source": 8, "target": 25, "weight": 0.423077}, {"source": 8, "target": 50, "weight": 0.333333}, {"source": 9, "target": 62, "weight": 0.027778}, {"source": 10, "target": 19, "weight": 0.006803}, {"source": 10, "target": 21, "weight": 0.016949}, {"source": 10, "target": 51, "weight": 0.014815}, {"source": 10, "target": 46, "weight": 0.018182}, {"source": 10, "target": 63, "weight": 0.015625}, {"source": 10, "target": 48, "weight": 0.037037}, {"source": 10, "target": 18, "weight": 0.012739}, {"source": 10, "target": 53, "weight": 0.006897}, {"source": 11, "target": 55, "weight": 0.011905}, {"source": 11, "target": 41, "weight": 0.030769}, {"source": 11, "target": 27, "weight": 0.009434}, {"source": 11, "target": 44, "weight": 0.002558}, {"source": 11, "target": 48, "weight": 0.008969}, {"source": 11, "target": 18, "weight": 0.010753}, {"source": 12, "target": 68, "weight": 0.011905}, {"source": 12, "target": 51, "weight": 0.00578}, {"source": 12, "target": 44, "weight": 0.005025}, {"source": 12, "target": 48, "weight": 0.00431}, {"source": 12, "target": 18, "weight": 0.005128}, {"source": 13, "target": 43, "weight": 0.125}, {"source": 13, "target": 65, "weight": 0.013699}, {"source": 13, "target": 22, "weight": 0.11811}, {"source": 13, "target": 37, "weight": 0.031008}, {"source": 13, "target": 61, "weight": 0.006098}, {"source": 13, "target": 28, "weight": 0.008547}, {"source": 13, "target": 64, "weight": 0.005376}, {"source": 13, "target": 69, "weight": 0.004202}, {"source": 13, "target": 18, "weight": 0.005263}, {"source": 14, "target": 55, "weight": 0.037736}, {"source": 14, "target": 57, "weight": 0.008065}, {"source": 14, "target": 58, "weight": 0.045045}, {"source": 14, "target": 44, "weight": 0.014006}, {"source": 14, "target": 46, "weight": 0.009091}, {"source": 14, "target": 18, "weight": 0.006369}, {"source": 15, "target": 66, "weight": 0.007692}, {"source": 16, "target": 61, "weight": 0.178571}, {"source": 17, "target": 44, "weight": 0.005666}, {"source": 18, "target": 26, "weight": 0.005882}, {"source": 18, "target": 22, "weight": 0.004464}, {"source": 18, "target": 58, "weight": 0.022026}, {"source": 18, "target": 27, "weight": 0.005208}, {"source": 18, "target": 39, "weight": 0.031746}, {"source": 18, "target": 33, "weight": 0.01487}, {"source": 18, "target": 42, "weight": 0.006557}, {"source": 18, "target": 43, "weight": 0.005263}, {"source": 18, "target": 44, "weight": 0.012712}, {"source": 18, "target": 45, "weight": 0.005102}, {"source": 18, "target": 46, "weight": 0.041284}, {"source": 18, "target": 48, "weight": 0.114695}, {"source": 18, "target": 20, "weight": 0.012987}, {"source": 18, "target": 55, "weight": 0.042683}, {"source": 18, "target": 56, "weight": 0.014563}, {"source": 18, "target": 57, "weight": 0.004167}, {"source": 18, "target": 61, "weight": 0.00813}, {"source": 18, "target": 51, "weight": 0.105263}, {"source": 18, "target": 63, "weight": 0.005587}, {"source": 18, "target": 67, "weight": 0.004425}, {"source": 18, "target": 68, "weight": 0.006173}, {"source": 18, "target": 70, "weight": 0.006579}, {"source": 19, "target": 57, "weight": 0.017699}, {"source": 19, "target": 23, "weight": 0.007407}, {"source": 19, "target": 24, "weight": 0.006024}, {"source": 19, "target": 44, "weight": 0.004301}, {"source": 19, "target": 43, "weight": 0.005587}, {"source": 19, "target": 22, "weight": 0.004695}, {"source": 19, "target": 28, "weight": 0.005291}, {"source": 19, "target": 42, "weight": 0.00339}, {"source": 19, "target": 64, "weight": 0.011719}, {"source": 19, "target": 48, "weight": 0.013514}, {"source": 19, "target": 49, "weight": 0.005682}, {"source": 19, "target": 21, "weight": 0.291339}, {"source": 19, "target": 53, "weight": 0.70068}, {"source": 19, "target": 69, "weight": 0.003226}, {"source": 19, "target": 35, "weight": 0.006098}, {"source": 20, "target": 37, "weight": 0.011494}, {"source": 20, "target": 22, "weight": 0.016484}, {"source": 20, "target": 40, "weight": 0.009174}, {"source": 20, "target": 42, "weight": 0.007547}, {"source": 20, "target": 27, "weight": 0.006579}, {"source": 20, "target": 61, "weight": 0.019608}, {"source": 20, "target": 46, "weight": 0.005376}, {"source": 20, "target": 64, "weight": 0.008772}, {"source": 20, "target": 48, "weight": 0.014981}, {"source": 20, "target": 26, "weight": 0.007692}, {"source": 20, "target": 33, "weight": 0.035556}, {"source": 20, "target": 51, "weight": 0.009524}, {"source": 20, "target": 66, "weight": 0.005525}, {"source": 20, "target": 53, "weight": 0.004545}, {"source": 20, "target": 32, "weight": 0.065217}, {"source": 20, "target": 70, "weight": 0.008929}, {"source": 21, "target": 22, "weight": 0.008}, {"source": 21, "target": 48, "weight": 0.009524}, {"source": 21, "target": 53, "weight": 0.296}, {"source": 22, "target": 33, "weight": 0.004484}, {"source": 22, "target": 61, "weight": 0.020513}, {"source": 22, "target": 28, "weight": 0.006623}, {"source": 22, "target": 53, "weight": 0.004739}, {"source": 23, "target": 57, "weight": 0.00885}, {"source": 23, "target": 24, "weight": 0.02}, {"source": 23, "target": 49, "weight": 0.051724}, {"source": 23, "target": 66, "weight": 0.010638}, {"source": 24, "target": 49, "weight": 0.022222}, {"source": 24, "target": 66, "weight": 0.032787}, {"source": 24, "target": 53, "weight": 0.006098}, {"source": 25, "target": 50, "weight": 0.730769}, {"source": 26, "target": 48, "weight": 0.004831}, {"source": 27, "target": 55, "weight": 0.034483}, {"source": 27, "target": 51, "weight": 0.005882}, {"source": 27, "target": 46, "weight": 0.006897}, {"source": 27, "target": 64, "weight": 0.016129}, {"source": 27, "target": 48, "weight": 0.013216}, {"source": 27, "target": 53, "weight": 0.022727}, {"source": 28, "target": 57, "weight": 0.012048}, {"source": 28, "target": 58, "weight": 0.006329}, {"source": 28, "target": 42, "weight": 0.035398}, {"source": 28, "target": 43, "weight": 0.475}, {"source": 28, "target": 61, "weight": 0.011561}, {"source": 28, "target": 45, "weight": 0.00813}, {"source": 28, "target": 46, "weight": 0.006536}, {"source": 28, "target": 64, "weight": 0.304636}, {"source": 28, "target": 48, "weight": 0.004219}, {"source": 28, "target": 53, "weight": 0.021739}, {"source": 30, "target": 68, "weight": 0.043478}, {"source": 30, "target": 56, "weight": 0.044444}, {"source": 30, "target": 44, "weight": 0.061404}, {"source": 30, "target": 58, "weight": 0.008621}, {"source": 30, "target": 51, "weight": 0.007353}, {"source": 31, "target": 41, "weight": 0.136364}, {"source": 32, "target": 40, "weight": 0.145455}, {"source": 32, "target": 33, "weight": 0.039106}, {"source": 33, "target": 55, "weight": 0.005917}, {"source": 33, "target": 56, "weight": 0.004831}, {"source": 33, "target": 44, "weight": 0.004211}, {"source": 33, "target": 61, "weight": 0.004065}, {"source": 33, "target": 51, "weight": 0.004}, {"source": 33, "target": 64, "weight": 0.007491}, {"source": 33, "target": 48, "weight": 0.006494}, {"source": 33, "target": 67, "weight": 0.013453}, {"source": 33, "target": 68, "weight": 0.006211}, {"source": 33, "target": 70, "weight": 0.006623}, {"source": 34, "target": 55, "weight": 0.025}, {"source": 35, "target": 63, "weight": 0.012346}, {"source": 35, "target": 53, "weight": 0.006173}, {"source": 35, "target": 46, "weight": 0.02381}, {"source": 36, "target": 55, "weight": 0.018519}, {"source": 36, "target": 70, "weight": 0.027778}, {"source": 37, "target": 61, "weight": 0.010638}, {"source": 37, "target": 49, "weight": 0.007752}, {"source": 37, "target": 44, "weight": 0.002387}, {"source": 37, "target": 48, "weight": 0.003968}, {"source": 39, "target": 44, "weight": 0.002513}, {"source": 39, "target": 48, "weight": 0.0131}, {"source": 40, "target": 44, "weight": 0.002833}, {"source": 41, "target": 56, "weight": 0.011494}, {"source": 41, "target": 44, "weight": 0.002809}, {"source": 42, "target": 56, "weight": 0.004149}, {"source": 42, "target": 44, "weight": 0.001961}, {"source": 42, "target": 61, "weight": 0.003571}, {"source": 42, "target": 48, "weight": 0.011765}, {"source": 42, "target": 53, "weight": 0.003413}, {"source": 43, "target": 61, "weight": 0.01227}, {"source": 43, "target": 48, "weight": 0.004405}, {"source": 43, "target": 53, "weight": 0.022989}, {"source": 44, "target": 58, "weight": 0.073892}, {"source": 44, "target": 59, "weight": 0.002674}, {"source": 44, "target": 46, "weight": 0.004662}, {"source": 44, "target": 48, "weight": 0.001946}, {"source": 44, "target": 51, "weight": 0.070423}, {"source": 44, "target": 52, "weight": 0.005479}, {"source": 44, "target": 53, "weight": 0.002155}, {"source": 44, "target": 54, "weight": 0.002604}, {"source": 44, "target": 55, "weight": 0.002674}, {"source": 44, "target": 56, "weight": 0.131507}, {"source": 44, "target": 65, "weight": 0.005571}, {"source": 44, "target": 61, "weight": 0.002217}, {"source": 44, "target": 62, "weight": 0.00277}, {"source": 44, "target": 67, "weight": 0.018913}, {"source": 44, "target": 68, "weight": 0.013812}, {"source": 44, "target": 69, "weight": 0.005736}, {"source": 45, "target": 61, "weight": 0.023952}, {"source": 45, "target": 48, "weight": 0.004292}, {"source": 46, "target": 55, "weight": 0.016393}, {"source": 46, "target": 61, "weight": 0.01005}, {"source": 46, "target": 48, "weight": 0.03937}, {"source": 48, "target": 58, "weight": 0.003731}, {"source": 48, "target": 53, "weight": 0.013605}, {"source": 48, "target": 55, "weight": 0.019608}, {"source": 48, "target": 57, "weight": 0.00361}, {"source": 48, "target": 61, "weight": 0.010638}, {"source": 48, "target": 51, "weight": 0.082397}, {"source": 48, "target": 63, "weight": 0.00463}, {"source": 48, "target": 64, "weight": 0.013201}, {"source": 48, "target": 67, "weight": 0.003802}, {"source": 48, "target": 69, "weight": 0.002793}, {"source": 49, "target": 57, "weight": 0.013072}, {"source": 49, "target": 53, "weight": 0.005747}, {"source": 51, "target": 56, "weight": 0.074713}, {"source": 51, "target": 61, "weight": 0.004444}, {"source": 52, "target": 54, "weight": 0.014493}, {"source": 53, "target": 57, "weight": 0.00885}, {"source": 53, "target": 61, "weight": 0.004274}, {"source": 53, "target": 64, "weight": 0.023904}, {"source": 53, "target": 69, "weight": 0.003247}, {"source": 55, "target": 57, "weight": 0.029851}, {"source": 55, "target": 61, "weight": 0.006944}, {"source": 56, "target": 58, "weight": 0.167832}, {"source": 56, "target": 67, "weight": 0.006211}, {"source": 56, "target": 68, "weight": 0.031579}, {"source": 56, "target": 61, "weight": 0.005495}, {"source": 57, "target": 66, "weight": 0.005319}, {"source": 59, "target": 63, "weight": 0.013158}, {"source": 60, "target": 69, "weight": 0.004854}, {"source": 61, "target": 64, "weight": 0.008264}, {"source": 61, "target": 66, "weight": 0.005128}, {"source": 61, "target": 69, "weight": 0.010239}, {"source": 61, "target": 70, "weight": 0.007937}, {"source": 63, "target": 66, "weight": 0.007874}, {"source": 66, "target": 69, "weight": 0.003717}, {"source": 66, "target": 70, "weight": 0.020202}, {"source": 69, "target": 70, "weight": 0.005}], "multigraph": false}