{"directed": false, "graph": {}, "nodes": [{"group": 0, "id": "whoopee"}, {"group": 1, "id": "whorish", "degree": 4}, {"group": 2, "id": "whittling", "degree": 2}, {"group": 3, "id": "whack", "degree": 25}, {"group": 4, "id": "whirlpool"}, {"group": 0, "id": "whistle", "degree": 18}, {"group": 2, "id": "whopping"}, {"group": 0, "id": "wheeze", "degree": 25}, {"group": 0, "id": "whoop", "degree": 10}, {"group": 0, "id": "whisk"}, {"group": 0, "id": "whish"}, {"group": 2, "id": "whacking", "degree": 9}, {"group": 2, "id": "whitening", "degree": 7}, {"group": 4, "id": "whirlwind", "degree": 20}, {"group": 2, "id": "whitewashing", "degree": 6}, {"group": 5, "id": "whim", "degree": 4}, {"group": 2, "id": "whitewash", "degree": 25}, {"group": 2, "id": "wholehearted", "degree": 2}, {"group": 5, "id": "whimsy"}, {"group": 6, "id": "whiner"}, {"group": 3, "id": "whiplash", "degree": 8}, {"group": 0, "id": "whiz", "degree": 21}, {"group": 6, "id": "whit"}, {"group": 4, "id": "whir", "degree": 11}, {"group": 3, "id": "whip"}, {"group": 1, "id": "whining"}, {"group": 2, "id": "whaling"}, {"group": 3, "id": "whomp"}, {"group": 0, "id": "whimper"}, {"group": 0, "id": "whoosh"}, {"group": 2, "id": "wholly", "degree": 2}, {"group": 6, "id": "whereabouts"}, {"group": 5, "id": "whodunit", "degree": 3}, {"group": 3, "id": "wham", "degree": 11}, {"group": 1, "id": "whipped", "degree": 5}, {"group": 6, "id": "wheat"}, {"group": 0, "id": "whiff", "degree": 16}, {"group": 3, "id": "wheedling"}, {"group": 2, "id": "whammy"}, {"group": 6, "id": "whereupon"}, {"group": 4, "id": "whorled", "degree": 3}, {"group": 7, "id": "wheal", "degree": 2}, {"group": 0, "id": "whine"}, {"group": 6, "id": "whence"}, {"group": 4, "id": "wheels"}, {"group": 2, "id": "whole"}, {"group": 1, "id": "whimsical", "degree": 13}, {"group": 2, "id": "whitey"}, {"group": 7, "id": "whelp", "degree": 17}, {"group": 7, "id": "whelk"}, {"group": 2, "id": "whiten", "degree": 10}, {"group": 3, "id": "whelm", "degree": 16}, {"group": 0, "id": "whispering", "degree": 9}, {"group": 8, "id": "whiffet", "degree": 3}, {"group": 2, "id": "whaler", "degree": 2}, {"group": 3, "id": "whipping"}, {"group": 3, "id": "whop"}, {"group": 6, "id": "why", "degree": 3}, {"group": 0, "id": "wheezing"}, {"group": 2, "id": "white", "degree": 8}, {"group": 3, "id": "wheedle", "degree": 2}, {"group": 4, "id": "whirling", "degree": 9}, {"group": 0, "id": "whinny"}, {"group": 2, "id": "wholesale"}, {"group": 6, "id": "wherefore"}, {"group": 6, "id": "while", "degree": 9}, {"group": 8, "id": "whippersnapper"}, {"group": 0, "id": "whisper", "degree": 27}, {"group": 9, "id": "whirly", "degree": 0}, {"group": 1, "id": "whimpering", "degree": 9}, {"group": 4, "id": "whorl", "degree": 8}, {"group": 4, "id": "whirligig", "degree": 14}, {"group": 1, "id": "whore"}, {"group": 4, "id": "whirl"}, {"group": 4, "id": "wholesome"}, {"group": 6, "id": "whereas", "degree": 5}, {"group": 6, "id": "when"}, {"group": 3, "id": "whet", "degree": 16}, {"group": 4, "id": "whitecaps"}, {"group": 4, "id": "whey"}, {"group": 4, "id": "wheel", "degree": 36}, {"group": 1, "id": "whacked", "degree": 6}, {"group": 0, "id": "whistling"}, {"group": 6, "id": "whittle", "degree": 8}, {"group": 3, "id": "whale", "degree": 13}, {"group": 2, "id": "wholeness", "degree": 3}, {"group": 6, "id": "whenever"}, {"group": 6, "id": "wheelhorse"}], "links": [{"source": 0, "target": 5, "weight": 0.005076}, {"source": 1, "target": 46, "weight": 0.011561}, {"source": 1, "target": 63, "weight": 0.007092}, {"source": 1, "target": 72, "weight": 0.05}, {"source": 1, "target": 34, "weight": 0.02}, {"source": 2, "target": 26, "weight": 0.052632}, {"source": 2, "target": 3, "weight": 0.00885}, {"source": 3, "target": 67, "weight": 0.01845}, {"source": 3, "target": 16, "weight": 0.017094}, {"source": 3, "target": 20, "weight": 0.008065}, {"source": 3, "target": 21, "weight": 0.010204}, {"source": 3, "target": 51, "weight": 0.027211}, {"source": 3, "target": 70, "weight": 0.014493}, {"source": 3, "target": 7, "weight": 0.005128}, {"source": 3, "target": 24, "weight": 0.086466}, {"source": 3, "target": 73, "weight": 0.058091}, {"source": 3, "target": 27, "weight": 0.226277}, {"source": 3, "target": 75, "weight": 0.007634}, {"source": 3, "target": 56, "weight": 0.48227}, {"source": 3, "target": 71, "weight": 0.015748}, {"source": 3, "target": 31, "weight": 0.008065}, {"source": 3, "target": 72, "weight": 0.006536}, {"source": 3, "target": 78, "weight": 0.00813}, {"source": 3, "target": 33, "weight": 0.490741}, {"source": 3, "target": 4, "weight": 0.022556}, {"source": 3, "target": 80, "weight": 0.029787}, {"source": 3, "target": 35, "weight": 0.008}, {"source": 3, "target": 36, "weight": 0.012658}, {"source": 3, "target": 38, "weight": 0.007194}, {"source": 3, "target": 83, "weight": 0.014085}, {"source": 3, "target": 5, "weight": 0.006993}, {"source": 3, "target": 84, "weight": 0.053254}, {"source": 3, "target": 9, "weight": 0.020513}, {"source": 3, "target": 10, "weight": 0.006993}, {"source": 3, "target": 63, "weight": 0.00431}, {"source": 3, "target": 42, "weight": 0.005236}, {"source": 3, "target": 65, "weight": 0.014925}, {"source": 3, "target": 45, "weight": 0.003953}, {"source": 3, "target": 55, "weight": 0.021583}, {"source": 3, "target": 13, "weight": 0.027397}, {"source": 4, "target": 80, "weight": 0.105263}, {"source": 4, "target": 61, "weight": 0.023256}, {"source": 4, "target": 71, "weight": 0.122449}, {"source": 4, "target": 21, "weight": 0.00813}, {"source": 4, "target": 70, "weight": 0.157895}, {"source": 4, "target": 84, "weight": 0.009709}, {"source": 4, "target": 23, "weight": 0.019608}, {"source": 4, "target": 13, "weight": 0.381818}, {"source": 5, "target": 46, "weight": 0.002915}, {"source": 5, "target": 67, "weight": 0.164474}, {"source": 5, "target": 8, "weight": 0.055}, {"source": 5, "target": 21, "weight": 0.15}, {"source": 5, "target": 50, "weight": 0.004444}, {"source": 5, "target": 70, "weight": 0.009259}, {"source": 5, "target": 52, "weight": 0.025381}, {"source": 5, "target": 23, "weight": 0.02}, {"source": 5, "target": 7, "weight": 0.165957}, {"source": 5, "target": 24, "weight": 0.002732}, {"source": 5, "target": 73, "weight": 0.015244}, {"source": 5, "target": 25, "weight": 0.030702}, {"source": 5, "target": 74, "weight": 0.004464}, {"source": 5, "target": 27, "weight": 0.004082}, {"source": 5, "target": 28, "weight": 0.056122}, {"source": 5, "target": 29, "weight": 0.184783}, {"source": 5, "target": 58, "weight": 0.010309}, {"source": 5, "target": 78, "weight": 0.004975}, {"source": 5, "target": 33, "weight": 0.004202}, {"source": 5, "target": 80, "weight": 0.006289}, {"source": 5, "target": 36, "weight": 0.021459}, {"source": 5, "target": 61, "weight": 0.005128}, {"source": 5, "target": 82, "weight": 0.169231}, {"source": 5, "target": 56, "weight": 0.007018}, {"source": 5, "target": 62, "weight": 0.079602}, {"source": 5, "target": 84, "weight": 0.003922}, {"source": 5, "target": 9, "weight": 0.02214}, {"source": 5, "target": 10, "weight": 0.174603}, {"source": 5, "target": 42, "weight": 0.2}, {"source": 5, "target": 45, "weight": 0.003021}, {"source": 6, "target": 14, "weight": 0.057143}, {"source": 6, "target": 11, "weight": 0.269231}, {"source": 6, "target": 16, "weight": 0.013605}, {"source": 6, "target": 12, "weight": 0.090909}, {"source": 6, "target": 50, "weight": 0.017241}, {"source": 6, "target": 51, "weight": 0.016393}, {"source": 6, "target": 59, "weight": 0.006024}, {"source": 7, "target": 67, "weight": 0.078189}, {"source": 7, "target": 48, "weight": 0.006173}, {"source": 7, "target": 8, "weight": 0.008475}, {"source": 7, "target": 21, "weight": 0.226667}, {"source": 7, "target": 51, "weight": 0.007353}, {"source": 7, "target": 70, "weight": 0.008}, {"source": 7, "target": 52, "weight": 0.037736}, {"source": 7, "target": 22, "weight": 0.007407}, {"source": 7, "target": 23, "weight": 0.018182}, {"source": 7, "target": 24, "weight": 0.00365}, {"source": 7, "target": 73, "weight": 0.021186}, {"source": 7, "target": 25, "weight": 0.014184}, {"source": 7, "target": 55, "weight": 0.007874}, {"source": 7, "target": 28, "weight": 0.008772}, {"source": 7, "target": 29, "weight": 0.369565}, {"source": 7, "target": 31, "weight": 0.009091}, {"source": 7, "target": 58, "weight": 0.029703}, {"source": 7, "target": 77, "weight": 0.005556}, {"source": 7, "target": 59, "weight": 0.004149}, {"source": 7, "target": 80, "weight": 0.004405}, {"source": 7, "target": 36, "weight": 0.065693}, {"source": 7, "target": 82, "weight": 0.295238}, {"source": 7, "target": 83, "weight": 0.015625}, {"source": 7, "target": 56, "weight": 0.005155}, {"source": 7, "target": 62, "weight": 0.008065}, {"source": 7, "target": 53, "weight": 0.017699}, {"source": 7, "target": 9, "weight": 0.022099}, {"source": 7, "target": 10, "weight": 0.340206}, {"source": 7, "target": 42, "weight": 0.065868}, {"source": 7, "target": 65, "weight": 0.008264}, {"source": 7, "target": 72, "weight": 0.007194}, {"source": 7, "target": 87, "weight": 0.009346}, {"source": 7, "target": 27, "weight": 0.006536}, {"source": 8, "target": 25, "weight": 0.038961}, {"source": 8, "target": 36, "weight": 0.012195}, {"source": 8, "target": 67, "weight": 0.087432}, {"source": 8, "target": 28, "weight": 0.155556}, {"source": 8, "target": 42, "weight": 0.210526}, {"source": 8, "target": 69, "weight": 0.019231}, {"source": 8, "target": 62, "weight": 0.347826}, {"source": 8, "target": 22, "weight": 0.013889}, {"source": 9, "target": 69, "weight": 0.008475}, {"source": 9, "target": 67, "weight": 0.035156}, {"source": 9, "target": 48, "weight": 0.006061}, {"source": 9, "target": 20, "weight": 0.00885}, {"source": 9, "target": 21, "weight": 0.133333}, {"source": 9, "target": 50, "weight": 0.007353}, {"source": 9, "target": 51, "weight": 0.014493}, {"source": 9, "target": 70, "weight": 0.007813}, {"source": 9, "target": 23, "weight": 0.017699}, {"source": 9, "target": 53, "weight": 0.008547}, {"source": 9, "target": 71, "weight": 0.008547}, {"source": 9, "target": 77, "weight": 0.033708}, {"source": 9, "target": 33, "weight": 0.034483}, {"source": 9, "target": 34, "weight": 0.015504}, {"source": 9, "target": 80, "weight": 0.013158}, {"source": 9, "target": 16, "weight": 0.008889}, {"source": 9, "target": 81, "weight": 0.009615}, {"source": 9, "target": 36, "weight": 0.013605}, {"source": 9, "target": 83, "weight": 0.007576}, {"source": 9, "target": 84, "weight": 0.02454}, {"source": 9, "target": 65, "weight": 0.008065}, {"source": 9, "target": 13, "weight": 0.014599}, {"source": 10, "target": 80, "weight": 0.005714}, {"source": 10, "target": 36, "weight": 0.032967}, {"source": 10, "target": 67, "weight": 0.06599}, {"source": 10, "target": 71, "weight": 0.016129}, {"source": 10, "target": 21, "weight": 0.375}, {"source": 10, "target": 70, "weight": 0.027778}, {"source": 10, "target": 23, "weight": 0.034483}, {"source": 10, "target": 13, "weight": 0.012048}, {"source": 11, "target": 14, "weight": 0.027027}, {"source": 11, "target": 25, "weight": 0.014706}, {"source": 11, "target": 26, "weight": 0.272727}, {"source": 11, "target": 55, "weight": 0.018868}, {"source": 11, "target": 16, "weight": 0.006711}, {"source": 11, "target": 82, "weight": 0.016393}, {"source": 11, "target": 38, "weight": 0.019608}, {"source": 11, "target": 69, "weight": 0.02439}, {"source": 12, "target": 14, "weight": 0.115385}, {"source": 12, "target": 27, "weight": 0.014286}, {"source": 12, "target": 16, "weight": 0.007143}, {"source": 12, "target": 56, "weight": 0.009009}, {"source": 12, "target": 50, "weight": 0.040816}, {"source": 12, "target": 51, "weight": 0.018868}, {"source": 12, "target": 59, "weight": 0.012739}, {"source": 13, "target": 80, "weight": 0.08982}, {"source": 13, "target": 73, "weight": 0.140351}, {"source": 13, "target": 23, "weight": 0.015385}, {"source": 13, "target": 74, "weight": 0.011628}, {"source": 13, "target": 36, "weight": 0.010101}, {"source": 13, "target": 42, "weight": 0.007634}, {"source": 13, "target": 27, "weight": 0.009346}, {"source": 13, "target": 70, "weight": 0.126761}, {"source": 13, "target": 61, "weight": 0.017544}, {"source": 13, "target": 21, "weight": 0.007299}, {"source": 13, "target": 56, "weight": 0.006757}, {"source": 13, "target": 78, "weight": 0.015873}, {"source": 13, "target": 84, "weight": 0.008547}, {"source": 13, "target": 33, "weight": 0.01}, {"source": 13, "target": 45, "weight": 0.005181}, {"source": 13, "target": 71, "weight": 0.078125}, {"source": 13, "target": 24, "weight": 0.022321}, {"source": 14, "target": 26, "weight": 0.032258}, {"source": 14, "target": 27, "weight": 0.012048}, {"source": 14, "target": 16, "weight": 0.092199}, {"source": 14, "target": 56, "weight": 0.008065}, {"source": 14, "target": 50, "weight": 0.04918}, {"source": 14, "target": 51, "weight": 0.015152}, {"source": 14, "target": 59, "weight": 0.011765}, {"source": 15, "target": 80, "weight": 0.005682}, {"source": 15, "target": 46, "weight": 0.005}, {"source": 15, "target": 73, "weight": 0.005291}, {"source": 15, "target": 18, "weight": 0.716981}, {"source": 15, "target": 19, "weight": 0.018519}, {"source": 15, "target": 32, "weight": 0.078431}, {"source": 15, "target": 70, "weight": 0.013514}, {"source": 16, "target": 47, "weight": 0.006993}, {"source": 16, "target": 48, "weight": 0.004902}, {"source": 16, "target": 21, "weight": 0.004444}, {"source": 16, "target": 50, "weight": 0.04142}, {"source": 16, "target": 51, "weight": 0.071856}, {"source": 16, "target": 70, "weight": 0.005988}, {"source": 16, "target": 22, "weight": 0.011364}, {"source": 16, "target": 24, "weight": 0.01278}, {"source": 16, "target": 73, "weight": 0.003546}, {"source": 16, "target": 26, "weight": 0.006993}, {"source": 16, "target": 27, "weight": 0.059459}, {"source": 16, "target": 56, "weight": 0.048673}, {"source": 16, "target": 72, "weight": 0.005525}, {"source": 16, "target": 59, "weight": 0.025271}, {"source": 16, "target": 33, "weight": 0.021622}, {"source": 16, "target": 80, "weight": 0.003717}, {"source": 16, "target": 35, "weight": 0.006536}, {"source": 16, "target": 84, "weight": 0.009804}, {"source": 16, "target": 79, "weight": 0.006711}, {"source": 16, "target": 63, "weight": 0.007722}, {"source": 16, "target": 45, "weight": 0.007143}, {"source": 17, "target": 54, "weight": 0.023256}, {"source": 17, "target": 45, "weight": 0.023392}, {"source": 17, "target": 63, "weight": 0.006536}, {"source": 18, "target": 80, "weight": 0.005348}, {"source": 18, "target": 46, "weight": 0.004739}, {"source": 18, "target": 32, "weight": 0.064516}, {"source": 18, "target": 70, "weight": 0.011765}, {"source": 18, "target": 85, "weight": 0.010204}, {"source": 19, "target": 80, "weight": 0.006623}, {"source": 19, "target": 46, "weight": 0.005714}, {"source": 19, "target": 75, "weight": 0.02439}, {"source": 20, "target": 80, "weight": 0.00641}, {"source": 20, "target": 73, "weight": 0.005917}, {"source": 20, "target": 56, "weight": 0.059829}, {"source": 20, "target": 77, "weight": 0.018519}, {"source": 20, "target": 84, "weight": 0.081395}, {"source": 20, "target": 33, "weight": 0.013333}, {"source": 20, "target": 71, "weight": 0.023256}, {"source": 20, "target": 24, "weight": 0.073684}, {"source": 21, "target": 69, "weight": 0.008547}, {"source": 21, "target": 67, "weight": 0.060241}, {"source": 21, "target": 48, "weight": 0.006098}, {"source": 21, "target": 51, "weight": 0.007246}, {"source": 21, "target": 70, "weight": 0.007874}, {"source": 21, "target": 52, "weight": 0.018182}, {"source": 21, "target": 22, "weight": 0.014706}, {"source": 21, "target": 23, "weight": 0.065421}, {"source": 21, "target": 71, "weight": 0.008621}, {"source": 21, "target": 24, "weight": 0.010949}, {"source": 21, "target": 73, "weight": 0.008299}, {"source": 21, "target": 25, "weight": 0.006944}, {"source": 21, "target": 29, "weight": 0.361702}, {"source": 21, "target": 58, "weight": 0.019231}, {"source": 21, "target": 33, "weight": 0.013605}, {"source": 21, "target": 80, "weight": 0.004367}, {"source": 21, "target": 36, "weight": 0.027778}, {"source": 21, "target": 61, "weight": 0.009524}, {"source": 21, "target": 82, "weight": 0.28972}, {"source": 21, "target": 83, "weight": 0.007634}, {"source": 21, "target": 56, "weight": 0.005102}, {"source": 21, "target": 42, "weight": 0.040462}, {"source": 22, "target": 83, "weight": 0.012048}, {"source": 22, "target": 65, "weight": 0.013333}, {"source": 22, "target": 77, "weight": 0.007463}, {"source": 23, "target": 80, "weight": 0.025974}, {"source": 23, "target": 73, "weight": 0.036364}, {"source": 23, "target": 29, "weight": 0.037037}, {"source": 23, "target": 40, "weight": 0.02439}, {"source": 23, "target": 67, "weight": 0.021277}, {"source": 23, "target": 61, "weight": 0.545455}, {"source": 23, "target": 82, "weight": 0.03125}, {"source": 23, "target": 42, "weight": 0.018868}, {"source": 23, "target": 70, "weight": 0.018182}, {"source": 23, "target": 52, "weight": 0.025641}, {"source": 23, "target": 78, "weight": 0.025641}, {"source": 23, "target": 33, "weight": 0.013158}, {"source": 23, "target": 84, "weight": 0.010753}, {"source": 24, "target": 67, "weight": 0.005666}, {"source": 24, "target": 50, "weight": 0.004425}, {"source": 24, "target": 51, "weight": 0.017699}, {"source": 24, "target": 70, "weight": 0.009217}, {"source": 24, "target": 84, "weight": 0.173516}, {"source": 24, "target": 71, "weight": 0.029703}, {"source": 24, "target": 77, "weight": 0.030075}, {"source": 24, "target": 33, "weight": 0.061947}, {"source": 24, "target": 34, "weight": 0.013761}, {"source": 24, "target": 80, "weight": 0.045603}, {"source": 24, "target": 60, "weight": 0.014286}, {"source": 24, "target": 81, "weight": 0.005155}, {"source": 24, "target": 83, "weight": 0.00905}, {"source": 24, "target": 40, "weight": 0.004902}, {"source": 24, "target": 65, "weight": 0.004673}, {"source": 25, "target": 46, "weight": 0.014286}, {"source": 25, "target": 77, "weight": 0.007092}, {"source": 25, "target": 67, "weight": 0.032407}, {"source": 25, "target": 48, "weight": 0.00813}, {"source": 25, "target": 69, "weight": 0.222222}, {"source": 25, "target": 52, "weight": 0.028986}, {"source": 27, "target": 84, "weight": 0.022556}, {"source": 27, "target": 36, "weight": 0.017241}, {"source": 27, "target": 67, "weight": 0.004292}, {"source": 27, "target": 48, "weight": 0.007463}, {"source": 27, "target": 59, "weight": 0.004695}, {"source": 27, "target": 50, "weight": 0.009524}, {"source": 27, "target": 51, "weight": 0.112245}, {"source": 27, "target": 33, "weight": 0.293478}, {"source": 28, "target": 46, "weight": 0.005435}, {"source": 28, "target": 67, "weight": 0.077348}, {"source": 28, "target": 69, "weight": 0.020833}, {"source": 28, "target": 52, "weight": 0.04878}, {"source": 29, "target": 36, "weight": 0.034483}, {"source": 29, "target": 67, "weight": 0.061856}, {"source": 29, "target": 52, "weight": 0.018868}, {"source": 30, "target": 63, "weight": 0.006536}, {"source": 30, "target": 45, "weight": 0.011561}, {"source": 31, "target": 83, "weight": 0.017241}, {"source": 31, "target": 77, "weight": 0.009174}, {"source": 31, "target": 65, "weight": 0.02}, {"source": 32, "target": 57, "weight": 0.029412}, {"source": 33, "target": 73, "weight": 0.024876}, {"source": 33, "target": 36, "weight": 0.018349}, {"source": 33, "target": 67, "weight": 0.013393}, {"source": 33, "target": 55, "weight": 0.021978}, {"source": 33, "target": 42, "weight": 0.014184}, {"source": 33, "target": 83, "weight": 0.010638}, {"source": 33, "target": 51, "weight": 0.040816}, {"source": 33, "target": 56, "weight": 0.495327}, {"source": 33, "target": 84, "weight": 0.04878}, {"source": 34, "target": 80, "weight": 0.00578}, {"source": 34, "target": 46, "weight": 0.005076}, {"source": 34, "target": 81, "weight": 0.043478}, {"source": 34, "target": 56, "weight": 0.007143}, {"source": 34, "target": 58, "weight": 0.020408}, {"source": 34, "target": 51, "weight": 0.012195}, {"source": 34, "target": 84, "weight": 0.009174}, {"source": 34, "target": 45, "weight": 0.005405}, {"source": 35, "target": 83, "weight": 0.016949}, {"source": 36, "target": 66, "weight": 0.011628}, {"source": 36, "target": 67, "weight": 0.051163}, {"source": 36, "target": 50, "weight": 0.020833}, {"source": 36, "target": 52, "weight": 0.013699}, {"source": 36, "target": 73, "weight": 0.004902}, {"source": 36, "target": 77, "weight": 0.006944}, {"source": 36, "target": 80, "weight": 0.005236}, {"source": 36, "target": 82, "weight": 0.030928}, {"source": 36, "target": 56, "weight": 0.012739}, {"source": 36, "target": 62, "weight": 0.011364}, {"source": 36, "target": 53, "weight": 0.039474}, {"source": 36, "target": 42, "weight": 0.014286}, {"source": 36, "target": 87, "weight": 0.014085}, {"source": 37, "target": 59, "weight": 0.004739}, {"source": 37, "target": 60, "weight": 0.058824}, {"source": 37, "target": 77, "weight": 0.02027}, {"source": 38, "target": 80, "weight": 0.005848}, {"source": 38, "target": 65, "weight": 0.015385}, {"source": 39, "target": 75, "weight": 0.032258}, {"source": 39, "target": 57, "weight": 0.041667}, {"source": 39, "target": 65, "weight": 0.028571}, {"source": 40, "target": 80, "weight": 0.012821}, {"source": 40, "target": 46, "weight": 0.005525}, {"source": 40, "target": 73, "weight": 0.017857}, {"source": 40, "target": 61, "weight": 0.030303}, {"source": 40, "target": 70, "weight": 0.056604}, {"source": 40, "target": 71, "weight": 0.022727}, {"source": 41, "target": 49, "weight": 0.673913}, {"source": 41, "target": 84, "weight": 0.009615}, {"source": 41, "target": 48, "weight": 0.029703}, {"source": 42, "target": 46, "weight": 0.004049}, {"source": 42, "target": 67, "weight": 0.296482}, {"source": 42, "target": 69, "weight": 0.009009}, {"source": 42, "target": 52, "weight": 0.049505}, {"source": 43, "target": 57, "weight": 0.026316}, {"source": 44, "target": 80, "weight": 0.018868}, {"source": 45, "target": 80, "weight": 0.003509}, {"source": 45, "target": 46, "weight": 0.003236}, {"source": 45, "target": 48, "weight": 0.004545}, {"source": 45, "target": 67, "weight": 0.012658}, {"source": 45, "target": 59, "weight": 0.006711}, {"source": 45, "target": 85, "weight": 0.015464}, {"source": 46, "target": 80, "weight": 0.003367}, {"source": 46, "target": 77, "weight": 0.004}, {"source": 46, "target": 67, "weight": 0.003021}, {"source": 46, "target": 82, "weight": 0.009804}, {"source": 46, "target": 63, "weight": 0.006969}, {"source": 46, "target": 72, "weight": 0.004785}, {"source": 46, "target": 69, "weight": 0.005405}, {"source": 46, "target": 54, "weight": 0.005618}, {"source": 47, "target": 48, "weight": 0.012195}, {"source": 47, "target": 59, "weight": 0.065789}, {"source": 47, "target": 50, "weight": 0.018868}, {"source": 48, "target": 80, "weight": 0.004808}, {"source": 48, "target": 73, "weight": 0.009091}, {"source": 48, "target": 56, "weight": 0.005714}, {"source": 48, "target": 66, "weight": 0.019608}, {"source": 48, "target": 49, "weight": 0.026316}, {"source": 48, "target": 59, "weight": 0.004505}, {"source": 48, "target": 51, "weight": 0.008547}, {"source": 48, "target": 70, "weight": 0.019048}, {"source": 48, "target": 84, "weight": 0.006944}, {"source": 48, "target": 72, "weight": 0.016807}, {"source": 49, "target": 84, "weight": 0.026087}, {"source": 49, "target": 53, "weight": 0.014706}, {"source": 49, "target": 70, "weight": 0.012658}, {"source": 50, "target": 73, "weight": 0.005208}, {"source": 50, "target": 63, "weight": 0.011834}, {"source": 50, "target": 56, "weight": 0.006849}, {"source": 50, "target": 51, "weight": 0.011364}, {"source": 50, "target": 59, "weight": 0.083799}, {"source": 51, "target": 84, "weight": 0.008475}, {"source": 51, "target": 73, "weight": 0.005128}, {"source": 51, "target": 56, "weight": 0.079137}, {"source": 51, "target": 59, "weight": 0.005102}, {"source": 51, "target": 79, "weight": 0.016129}, {"source": 52, "target": 67, "weight": 0.104651}, {"source": 52, "target": 53, "weight": 0.02381}, {"source": 53, "target": 66, "weight": 0.513514}, {"source": 53, "target": 67, "weight": 0.005155}, {"source": 53, "target": 84, "weight": 0.010417}, {"source": 56, "target": 67, "weight": 0.01476}, {"source": 56, "target": 71, "weight": 0.015873}, {"source": 56, "target": 77, "weight": 0.005181}, {"source": 56, "target": 59, "weight": 0.003937}, {"source": 56, "target": 80, "weight": 0.012605}, {"source": 56, "target": 81, "weight": 0.008772}, {"source": 56, "target": 83, "weight": 0.014184}, {"source": 56, "target": 84, "weight": 0.22069}, {"source": 57, "target": 64, "weight": 0.121212}, {"source": 59, "target": 81, "weight": 0.006211}, {"source": 59, "target": 63, "weight": 0.01087}, {"source": 59, "target": 74, "weight": 0.005208}, {"source": 59, "target": 85, "weight": 0.005051}, {"source": 61, "target": 80, "weight": 0.027397}, {"source": 61, "target": 73, "weight": 0.031646}, {"source": 61, "target": 70, "weight": 0.021277}, {"source": 61, "target": 78, "weight": 0.032258}, {"source": 61, "target": 84, "weight": 0.011765}, {"source": 62, "target": 67, "weight": 0.096257}, {"source": 62, "target": 69, "weight": 0.017241}, {"source": 63, "target": 80, "weight": 0.003788}, {"source": 63, "target": 67, "weight": 0.003356}, {"source": 65, "target": 80, "weight": 0.005988}, {"source": 65, "target": 83, "weight": 0.014493}, {"source": 65, "target": 86, "weight": 0.029412}, {"source": 65, "target": 75, "weight": 0.054545}, {"source": 65, "target": 76, "weight": 0.065217}, {"source": 65, "target": 77, "weight": 0.008333}, {"source": 66, "target": 84, "weight": 0.009615}, {"source": 67, "target": 69, "weight": 0.005128}, {"source": 67, "target": 73, "weight": 0.003125}, {"source": 67, "target": 74, "weight": 0.004717}, {"source": 67, "target": 80, "weight": 0.003257}, {"source": 67, "target": 82, "weight": 0.064039}, {"source": 67, "target": 84, "weight": 0.004115}, {"source": 69, "target": 83, "weight": 0.015873}, {"source": 69, "target": 82, "weight": 0.029412}, {"source": 70, "target": 80, "weight": 0.081761}, {"source": 70, "target": 73, "weight": 0.225166}, {"source": 70, "target": 78, "weight": 0.018868}, {"source": 70, "target": 71, "weight": 0.072727}, {"source": 71, "target": 80, "weight": 0.10274}, {"source": 71, "target": 73, "weight": 0.048193}, {"source": 71, "target": 72, "weight": 0.013889}, {"source": 71, "target": 78, "weight": 0.02381}, {"source": 71, "target": 84, "weight": 0.010417}, {"source": 71, "target": 79, "weight": 0.025}, {"source": 72, "target": 80, "weight": 0.005405}, {"source": 73, "target": 84, "weight": 0.013636}, {"source": 73, "target": 77, "weight": 0.008403}, {"source": 73, "target": 80, "weight": 0.171429}, {"source": 75, "target": 86, "weight": 0.033333}, {"source": 75, "target": 76, "weight": 0.071429}, {"source": 77, "target": 80, "weight": 0.004425}, {"source": 77, "target": 82, "weight": 0.007463}, {"source": 77, "target": 83, "weight": 0.007813}, {"source": 77, "target": 84, "weight": 0.006173}, {"source": 78, "target": 80, "weight": 0.012987}, {"source": 78, "target": 83, "weight": 0.017544}, {"source": 80, "target": 81, "weight": 0.006803}, {"source": 80, "target": 84, "weight": 0.019417}, {"source": 81, "target": 84, "weight": 0.012048}, {"source": 83, "target": 84, "weight": 0.009009}, {"source": 83, "target": 87, "weight": 0.018182}], "multigraph": false}