{"directed": false, "graph": {}, "nodes": [{"group": 0, "id": "winnings", "degree": 9}, {"group": 1, "id": "wiretap"}, {"group": 1, "id": "winged", "degree": 8}, {"group": 2, "id": "windy"}, {"group": 1, "id": "wifely"}, {"group": 2, "id": "wickedness"}, {"group": 1, "id": "witty"}, {"group": 4, "id": "winner", "degree": 3}, {"group": 1, "id": "wizardry"}, {"group": 0, "id": "winning"}, {"group": 5, "id": "window"}, {"group": 2, "id": "willing"}, {"group": 6, "id": "wizened", "degree": 9}, {"group": 0, "id": "witching"}, {"group": 7, "id": "wiggle", "degree": 9}, {"group": 0, "id": "winsome", "degree": 10}, {"group": 5, "id": "windowpane", "degree": 5}, {"group": 1, "id": "wiener", "degree": 1}, {"group": 2, "id": "willowy"}, {"group": 7, "id": "withdrawal"}, {"group": 1, "id": "withstand"}, {"group": 1, "id": "witchcraft"}, {"group": 8, "id": "windward", "degree": 4}, {"group": 7, "id": "winnow"}, {"group": 0, "id": "widened"}, {"group": 7, "id": "windstorm"}, {"group": 9, "id": "wisecrack"}, {"group": 1, "id": "witness"}, {"group": 7, "id": "wire", "degree": 5}, {"group": 4, "id": "windfall", "degree": 0}, {"group": 3, "id": "wittingly", "degree": 0}, {"group": 8, "id": "widdershins"}, {"group": 1, "id": "witless", "degree": 11}, {"group": 2, "id": "wiry"}, {"group": 1, "id": "widget", "degree": 2}, {"group": 1, "id": "withering", "degree": 10}, {"group": 1, "id": "witch", "degree": 24}, {"group": 9, "id": "witticism", "degree": 7}, {"group": 0, "id": "widening"}, {"group": 2, "id": "wildlife", "degree": 3}, {"group": 10, "id": "wings", "degree": 0}, {"group": 1, "id": "windproof", "degree": 2}, {"group": 11, "id": "windjammer"}, {"group": 7, "id": "wither", "degree": 21}, {"group": 1, "id": "wittiness", "degree": 5}, {"group": 7, "id": "wig"}, {"group": 4, "id": "wizard", "degree": 14}, {"group": 0, "id": "widen"}, {"group": 7, "id": "wilderness"}, {"group": 0, "id": "win", "degree": 16}, {"group": 1, "id": "wit"}, {"group": 1, "id": "withdrawn", "degree": 6}, {"group": 1, "id": "witchery"}, {"group": 7, "id": "wishbone"}, {"group": 7, "id": "wield"}, {"group": 5, "id": "wicket", "degree": 8}, {"group": 7, "id": "wigwag"}, {"group": 0, "id": "width", "degree": 11}, {"group": 1, "id": "wildly"}, {"group": 2, "id": "wicked"}, {"group": 9, "id": "wisdom"}, {"group": 7, "id": "wireless"}, {"group": 2, "id": "wiredrawn", "degree": 17}, {"group": 7, "id": "wince", "degree": 13}, {"group": 1, "id": "with", "degree": 2}, {"group": 1, "id": "wildcat"}, {"group": 2, "id": "wide", "degree": 24}, {"group": 2, "id": "wise"}, {"group": 2, "id": "wily", "degree": 11}, {"group": 1, "id": "windup", "degree": 6}, {"group": 7, "id": "wilt"}, {"group": 11, "id": "windbag", "degree": 1}, {"group": 1, "id": "will", "degree": 9}, {"group": 7, "id": "wisp", "degree": 6}, {"group": 7, "id": "winery", "degree": 1}, {"group": 1, "id": "wild"}, {"group": 1, "id": "wile", "degree": 13}, {"group": 6, "id": "withered", "degree": 10}, {"group": 1, "id": "willingness", "degree": 12}, {"group": 1, "id": "wingding", "degree": 2}, {"group": 2, "id": "winding"}, {"group": 7, "id": "wizen", "degree": 17}, {"group": 3, "id": "wisely", "degree": 1}, {"group": 1, "id": "wintry"}, {"group": 1, "id": "witling"}, {"group": 7, "id": "wipe", "degree": 14}, {"group": 1, "id": "willful", "degree": 11}, {"group": 1, "id": "wisecracker", "degree": 8}, {"group": 6, "id": "wilted", "degree": 1}, {"group": 2, "id": "wieldy", "degree": 3}, {"group": 2, "id": "widespread"}, {"group": 1, "id": "wistful"}, {"group": 2, "id": "wispy", "degree": 12}, {"group": 12, "id": "wife", "degree": 0}, {"group": 4, "id": "withhold"}, {"group": 7, "id": "wink", "degree": 19}, {"group": 2, "id": "without"}, {"group": 7, "id": "withdraw"}, {"group": 7, "id": "wing"}, {"group": 7, "id": "wind", "degree": 34}, {"group": 6, "id": "wine", "degree": 5}], "links": [{"source": 0, "target": 52, "weight": 0.013514}, {"source": 0, "target": 47, "weight": 0.02439}, {"source": 0, "target": 49, "weight": 0.047059}, {"source": 0, "target": 9, "weight": 0.007246}, {"source": 0, "target": 76, "weight": 0.010989}, {"source": 0, "target": 60, "weight": 0.021978}, {"source": 0, "target": 98, "weight": 0.008811}, {"source": 0, "target": 99, "weight": 0.003731}, {"source": 0, "target": 38, "weight": 0.026316}, {"source": 1, "target": 78, "weight": 0.011494}, {"source": 2, "target": 41, "weight": 0.027778}, {"source": 2, "target": 95, "weight": 0.010309}, {"source": 2, "target": 11, "weight": 0.022472}, {"source": 2, "target": 32, "weight": 0.007143}, {"source": 2, "target": 58, "weight": 0.026316}, {"source": 2, "target": 75, "weight": 0.023529}, {"source": 2, "target": 76, "weight": 0.011236}, {"source": 2, "target": 83, "weight": 0.014706}, {"source": 2, "target": 98, "weight": 0.004425}, {"source": 3, "target": 66, "weight": 0.020243}, {"source": 3, "target": 77, "weight": 0.012048}, {"source": 3, "target": 92, "weight": 0.113333}, {"source": 3, "target": 68, "weight": 0.017751}, {"source": 3, "target": 16, "weight": 0.007692}, {"source": 3, "target": 55, "weight": 0.007874}, {"source": 3, "target": 17, "weight": 0.008197}, {"source": 3, "target": 43, "weight": 0.006024}, {"source": 3, "target": 62, "weight": 0.114865}, {"source": 3, "target": 81, "weight": 0.006061}, {"source": 3, "target": 12, "weight": 0.01105}, {"source": 3, "target": 32, "weight": 0.03125}, {"source": 3, "target": 99, "weight": 0.002809}, {"source": 4, "target": 66, "weight": 0.006211}, {"source": 4, "target": 35, "weight": 0.008403}, {"source": 4, "target": 32, "weight": 0.014388}, {"source": 4, "target": 85, "weight": 0.011494}, {"source": 5, "target": 66, "weight": 0.005882}, {"source": 6, "target": 68, "weight": 0.020833}, {"source": 6, "target": 35, "weight": 0.030303}, {"source": 6, "target": 46, "weight": 0.011236}, {"source": 6, "target": 63, "weight": 0.010753}, {"source": 6, "target": 44, "weight": 0.040816}, {"source": 6, "target": 15, "weight": 0.008}, {"source": 7, "target": 28, "weight": 0.012658}, {"source": 7, "target": 49, "weight": 0.020833}, {"source": 7, "target": 46, "weight": 0.024096}, {"source": 7, "target": 9, "weight": 0.006803}, {"source": 7, "target": 29, "weight": 0.309524}, {"source": 7, "target": 76, "weight": 0.01}, {"source": 7, "target": 99, "weight": 0.00361}, {"source": 8, "target": 87, "weight": 0.011765}, {"source": 8, "target": 68, "weight": 0.008197}, {"source": 8, "target": 78, "weight": 0.031746}, {"source": 8, "target": 49, "weight": 0.015873}, {"source": 8, "target": 72, "weight": 0.006173}, {"source": 8, "target": 36, "weight": 0.025478}, {"source": 8, "target": 76, "weight": 0.031496}, {"source": 8, "target": 44, "weight": 0.027027}, {"source": 8, "target": 15, "weight": 0.006667}, {"source": 9, "target": 66, "weight": 0.004}, {"source": 9, "target": 49, "weight": 0.08642}, {"source": 9, "target": 36, "weight": 0.004808}, {"source": 9, "target": 15, "weight": 0.391608}, {"source": 10, "target": 66, "weight": 0.006579}, {"source": 10, "target": 92, "weight": 0.014925}, {"source": 10, "target": 16, "weight": 0.684211}, {"source": 10, "target": 55, "weight": 0.8125}, {"source": 10, "target": 62, "weight": 0.015385}, {"source": 10, "target": 99, "weight": 0.007813}, {"source": 11, "target": 66, "weight": 0.004902}, {"source": 11, "target": 39, "weight": 0.013889}, {"source": 11, "target": 89, "weight": 0.050633}, {"source": 11, "target": 68, "weight": 0.01626}, {"source": 11, "target": 78, "weight": 0.007634}, {"source": 11, "target": 95, "weight": 0.007143}, {"source": 11, "target": 76, "weight": 0.007576}, {"source": 11, "target": 86, "weight": 0.019481}, {"source": 11, "target": 15, "weight": 0.006579}, {"source": 12, "target": 88, "weight": 0.12}, {"source": 12, "target": 77, "weight": 0.757143}, {"source": 12, "target": 92, "weight": 0.051724}, {"source": 12, "target": 97, "weight": 0.005025}, {"source": 12, "target": 66, "weight": 0.004854}, {"source": 12, "target": 70, "weight": 0.008}, {"source": 12, "target": 56, "weight": 0.009009}, {"source": 12, "target": 43, "weight": 0.016667}, {"source": 12, "target": 62, "weight": 0.034483}, {"source": 12, "target": 81, "weight": 0.016807}, {"source": 12, "target": 75, "weight": 0.003279}, {"source": 12, "target": 18, "weight": 0.030303}, {"source": 12, "target": 85, "weight": 0.007576}, {"source": 12, "target": 100, "weight": 0.011236}, {"source": 13, "target": 49, "weight": 0.008696}, {"source": 13, "target": 36, "weight": 0.006757}, {"source": 13, "target": 15, "weight": 0.527473}, {"source": 13, "target": 66, "weight": 0.005263}, {"source": 14, "target": 87, "weight": 0.009346}, {"source": 14, "target": 70, "weight": 0.006993}, {"source": 14, "target": 84, "weight": 0.008}, {"source": 14, "target": 47, "weight": 0.006944}, {"source": 14, "target": 28, "weight": 0.007634}, {"source": 14, "target": 73, "weight": 0.007937}, {"source": 14, "target": 50, "weight": 0.005263}, {"source": 14, "target": 46, "weight": 0.007353}, {"source": 14, "target": 54, "weight": 0.033058}, {"source": 14, "target": 56, "weight": 0.031746}, {"source": 14, "target": 95, "weight": 0.012579}, {"source": 14, "target": 43, "weight": 0.014493}, {"source": 14, "target": 81, "weight": 0.014599}, {"source": 14, "target": 63, "weight": 0.036765}, {"source": 14, "target": 98, "weight": 0.006944}, {"source": 14, "target": 99, "weight": 0.021672}, {"source": 14, "target": 38, "weight": 0.007246}, {"source": 15, "target": 66, "weight": 0.004484}, {"source": 15, "target": 67, "weight": 0.004545}, {"source": 15, "target": 21, "weight": 0.009091}, {"source": 15, "target": 49, "weight": 0.006757}, {"source": 15, "target": 52, "weight": 0.007463}, {"source": 15, "target": 36, "weight": 0.005525}, {"source": 15, "target": 75, "weight": 0.003106}, {"source": 15, "target": 100, "weight": 0.009434}, {"source": 15, "target": 65, "weight": 0.007519}, {"source": 16, "target": 66, "weight": 0.006494}, {"source": 16, "target": 92, "weight": 0.014493}, {"source": 16, "target": 67, "weight": 0.006623}, {"source": 16, "target": 55, "weight": 0.722222}, {"source": 16, "target": 62, "weight": 0.014925}, {"source": 16, "target": 18, "weight": 0.012048}, {"source": 16, "target": 99, "weight": 0.007752}, {"source": 17, "target": 36, "weight": 0.009615}, {"source": 18, "target": 88, "weight": 0.012346}, {"source": 18, "target": 77, "weight": 0.034188}, {"source": 18, "target": 92, "weight": 0.445783}, {"source": 18, "target": 89, "weight": 0.106667}, {"source": 18, "target": 68, "weight": 0.01626}, {"source": 18, "target": 66, "weight": 0.014851}, {"source": 18, "target": 55, "weight": 0.0125}, {"source": 18, "target": 43, "weight": 0.008403}, {"source": 18, "target": 62, "weight": 0.45679}, {"source": 18, "target": 81, "weight": 0.008475}, {"source": 18, "target": 99, "weight": 0.003236}, {"source": 19, "target": 78, "weight": 0.004016}, {"source": 19, "target": 69, "weight": 0.004367}, {"source": 19, "target": 72, "weight": 0.010714}, {"source": 19, "target": 63, "weight": 0.017021}, {"source": 19, "target": 37, "weight": 0.00431}, {"source": 19, "target": 85, "weight": 0.016327}, {"source": 20, "target": 66, "weight": 0.005988}, {"source": 20, "target": 34, "weight": 0.021739}, {"source": 20, "target": 63, "weight": 0.012048}, {"source": 21, "target": 49, "weight": 0.011494}, {"source": 21, "target": 36, "weight": 0.034188}, {"source": 21, "target": 76, "weight": 0.022472}, {"source": 22, "target": 66, "weight": 0.006452}, {"source": 22, "target": 67, "weight": 0.006579}, {"source": 22, "target": 98, "weight": 0.004545}, {"source": 22, "target": 31, "weight": 0.259259}, {"source": 23, "target": 66, "weight": 0.004673}, {"source": 23, "target": 73, "weight": 0.008621}, {"source": 23, "target": 51, "weight": 0.005236}, {"source": 23, "target": 72, "weight": 0.005747}, {"source": 23, "target": 57, "weight": 0.008929}, {"source": 23, "target": 74, "weight": 0.010638}, {"source": 23, "target": 63, "weight": 0.007692}, {"source": 23, "target": 85, "weight": 0.014388}, {"source": 23, "target": 99, "weight": 0.025641}, {"source": 24, "target": 57, "weight": 0.018182}, {"source": 24, "target": 66, "weight": 0.006369}, {"source": 25, "target": 99, "weight": 0.003922}, {"source": 26, "target": 37, "weight": 0.350877}, {"source": 26, "target": 95, "weight": 0.009804}, {"source": 26, "target": 44, "weight": 0.025641}, {"source": 27, "target": 28, "weight": 0.006369}, {"source": 27, "target": 78, "weight": 0.00565}, {"source": 27, "target": 46, "weight": 0.006173}, {"source": 27, "target": 72, "weight": 0.009569}, {"source": 27, "target": 95, "weight": 0.005376}, {"source": 27, "target": 36, "weight": 0.004808}, {"source": 27, "target": 37, "weight": 0.00625}, {"source": 27, "target": 99, "weight": 0.002817}, {"source": 28, "target": 67, "weight": 0.011236}, {"source": 28, "target": 78, "weight": 0.009174}, {"source": 28, "target": 98, "weight": 0.00813}, {"source": 28, "target": 61, "weight": 0.014925}, {"source": 28, "target": 95, "weight": 0.017094}, {"source": 28, "target": 99, "weight": 0.014085}, {"source": 28, "target": 57, "weight": 0.0125}, {"source": 29, "target": 49, "weight": 0.012195}, {"source": 29, "target": 99, "weight": 0.003817}, {"source": 29, "target": 76, "weight": 0.011765}, {"source": 30, "target": 82, "weight": 0.166667}, {"source": 31, "target": 66, "weight": 0.006536}, {"source": 31, "target": 51, "weight": 0.007692}, {"source": 31, "target": 99, "weight": 0.003876}, {"source": 32, "target": 66, "weight": 0.003937}, {"source": 32, "target": 84, "weight": 0.006452}, {"source": 32, "target": 51, "weight": 0.008696}, {"source": 32, "target": 80, "weight": 0.006135}, {"source": 32, "target": 96, "weight": 0.006993}, {"source": 32, "target": 91, "weight": 0.006711}, {"source": 32, "target": 75, "weight": 0.03207}, {"source": 32, "target": 98, "weight": 0.003135}, {"source": 32, "target": 59, "weight": 0.011236}, {"source": 33, "target": 66, "weight": 0.011765}, {"source": 33, "target": 92, "weight": 0.023529}, {"source": 33, "target": 46, "weight": 0.012048}, {"source": 33, "target": 62, "weight": 0.036585}, {"source": 33, "target": 36, "weight": 0.007752}, {"source": 33, "target": 86, "weight": 0.016393}, {"source": 34, "target": 76, "weight": 0.012195}, {"source": 35, "target": 67, "weight": 0.004348}, {"source": 35, "target": 68, "weight": 0.006536}, {"source": 35, "target": 48, "weight": 0.007463}, {"source": 35, "target": 70, "weight": 0.006579}, {"source": 35, "target": 46, "weight": 0.006897}, {"source": 35, "target": 51, "weight": 0.009569}, {"source": 35, "target": 43, "weight": 0.006757}, {"source": 35, "target": 91, "weight": 0.015748}, {"source": 35, "target": 81, "weight": 0.006803}, {"source": 35, "target": 75, "weight": 0.003012}, {"source": 35, "target": 83, "weight": 0.052239}, {"source": 35, "target": 85, "weight": 0.012658}, {"source": 36, "target": 46, "weight": 0.006897}, {"source": 36, "target": 48, "weight": 0.007463}, {"source": 36, "target": 79, "weight": 0.00885}, {"source": 36, "target": 50, "weight": 0.005025}, {"source": 36, "target": 81, "weight": 0.006803}, {"source": 36, "target": 52, "weight": 0.028369}, {"source": 36, "target": 84, "weight": 0.007463}, {"source": 36, "target": 49, "weight": 0.019231}, {"source": 36, "target": 86, "weight": 0.005405}, {"source": 36, "target": 59, "weight": 0.004032}, {"source": 36, "target": 87, "weight": 0.008621}, {"source": 36, "target": 85, "weight": 0.006289}, {"source": 36, "target": 65, "weight": 0.082707}, {"source": 36, "target": 73, "weight": 0.007407}, {"source": 36, "target": 43, "weight": 0.006757}, {"source": 36, "target": 75, "weight": 0.012158}, {"source": 36, "target": 76, "weight": 0.045161}, {"source": 36, "target": 98, "weight": 0.003356}, {"source": 37, "target": 60, "weight": 0.337209}, {"source": 37, "target": 72, "weight": 0.013889}, {"source": 37, "target": 95, "weight": 0.008264}, {"source": 37, "target": 44, "weight": 0.017241}, {"source": 38, "target": 49, "weight": 0.008772}, {"source": 38, "target": 95, "weight": 0.008}, {"source": 38, "target": 57, "weight": 0.035294}, {"source": 38, "target": 85, "weight": 0.008696}, {"source": 39, "target": 76, "weight": 0.014085}, {"source": 39, "target": 90, "weight": 0.014925}, {"source": 41, "target": 66, "weight": 0.006667}, {"source": 41, "target": 75, "weight": 0.004016}, {"source": 41, "target": 69, "weight": 0.017544}, {"source": 42, "target": 71, "weight": 0.375}, {"source": 43, "target": 77, "weight": 0.019048}, {"source": 43, "target": 48, "weight": 0.022222}, {"source": 43, "target": 81, "weight": 0.875}, {"source": 43, "target": 76, "weight": 0.008475}, {"source": 43, "target": 54, "weight": 0.011111}, {"source": 43, "target": 56, "weight": 0.010526}, {"source": 43, "target": 62, "weight": 0.009709}, {"source": 43, "target": 63, "weight": 0.019048}, {"source": 43, "target": 85, "weight": 0.285714}, {"source": 43, "target": 92, "weight": 0.009524}, {"source": 43, "target": 70, "weight": 0.208791}, {"source": 43, "target": 95, "weight": 0.016}, {"source": 43, "target": 97, "weight": 0.051429}, {"source": 43, "target": 75, "weight": 0.006944}, {"source": 43, "target": 98, "weight": 0.011858}, {"source": 43, "target": 99, "weight": 0.010239}, {"source": 44, "target": 78, "weight": 0.013333}, {"source": 44, "target": 50, "weight": 0.036036}, {"source": 45, "target": 85, "weight": 0.014493}, {"source": 46, "target": 66, "weight": 0.005348}, {"source": 46, "target": 83, "weight": 0.010638}, {"source": 46, "target": 67, "weight": 0.010929}, {"source": 46, "target": 94, "weight": 0.010101}, {"source": 46, "target": 47, "weight": 0.009346}, {"source": 46, "target": 51, "weight": 0.006098}, {"source": 46, "target": 59, "weight": 0.015}, {"source": 47, "target": 66, "weight": 0.005128}, {"source": 47, "target": 57, "weight": 0.021739}, {"source": 47, "target": 49, "weight": 0.008333}, {"source": 47, "target": 95, "weight": 0.007634}, {"source": 47, "target": 99, "weight": 0.006689}, {"source": 48, "target": 73, "weight": 0.025974}, {"source": 48, "target": 81, "weight": 0.022472}, {"source": 48, "target": 85, "weight": 0.009804}, {"source": 48, "target": 99, "weight": 0.014388}, {"source": 49, "target": 52, "weight": 0.009009}, {"source": 49, "target": 60, "weight": 0.007752}, {"source": 49, "target": 70, "weight": 0.008403}, {"source": 49, "target": 57, "weight": 0.010204}, {"source": 49, "target": 50, "weight": 0.006024}, {"source": 49, "target": 97, "weight": 0.005181}, {"source": 49, "target": 76, "weight": 0.040323}, {"source": 49, "target": 98, "weight": 0.007576}, {"source": 49, "target": 85, "weight": 0.007937}, {"source": 49, "target": 99, "weight": 0.013245}, {"source": 50, "target": 87, "weight": 0.179245}, {"source": 50, "target": 68, "weight": 0.006211}, {"source": 50, "target": 78, "weight": 0.030488}, {"source": 50, "target": 72, "weight": 0.01}, {"source": 50, "target": 57, "weight": 0.007194}, {"source": 50, "target": 76, "weight": 0.036585}, {"source": 51, "target": 94, "weight": 0.006098}, {"source": 51, "target": 97, "weight": 0.004082}, {"source": 51, "target": 75, "weight": 0.005714}, {"source": 51, "target": 83, "weight": 0.019108}, {"source": 51, "target": 64, "weight": 0.007407}, {"source": 51, "target": 99, "weight": 0.002801}, {"source": 52, "target": 76, "weight": 0.017699}, {"source": 53, "target": 99, "weight": 0.003817}, {"source": 54, "target": 87, "weight": 0.017241}, {"source": 54, "target": 95, "weight": 0.037037}, {"source": 54, "target": 81, "weight": 0.011236}, {"source": 54, "target": 76, "weight": 0.019608}, {"source": 54, "target": 99, "weight": 0.007168}, {"source": 55, "target": 66, "weight": 0.006623}, {"source": 55, "target": 92, "weight": 0.015152}, {"source": 55, "target": 67, "weight": 0.006757}, {"source": 55, "target": 62, "weight": 0.015625}, {"source": 55, "target": 99, "weight": 0.007843}, {"source": 56, "target": 87, "weight": 0.015873}, {"source": 56, "target": 77, "weight": 0.010417}, {"source": 56, "target": 95, "weight": 0.21875}, {"source": 56, "target": 81, "weight": 0.010638}, {"source": 56, "target": 99, "weight": 0.010601}, {"source": 57, "target": 60, "weight": 0.009804}, {"source": 57, "target": 61, "weight": 0.017241}, {"source": 57, "target": 90, "weight": 0.010309}, {"source": 57, "target": 98, "weight": 0.008439}, {"source": 59, "target": 66, "weight": 0.017483}, {"source": 59, "target": 92, "weight": 0.004878}, {"source": 59, "target": 68, "weight": 0.014423}, {"source": 59, "target": 62, "weight": 0.004926}, {"source": 59, "target": 86, "weight": 0.004132}, {"source": 60, "target": 78, "weight": 0.007634}, {"source": 60, "target": 72, "weight": 0.018519}, {"source": 61, "target": 72, "weight": 0.008333}, {"source": 61, "target": 95, "weight": 0.010417}, {"source": 61, "target": 86, "weight": 0.008929}, {"source": 61, "target": 99, "weight": 0.003774}, {"source": 62, "target": 88, "weight": 0.015385}, {"source": 62, "target": 77, "weight": 0.039604}, {"source": 62, "target": 92, "weight": 0.6}, {"source": 62, "target": 67, "weight": 0.005405}, {"source": 62, "target": 97, "weight": 0.005525}, {"source": 62, "target": 66, "weight": 0.016129}, {"source": 62, "target": 68, "weight": 0.018692}, {"source": 62, "target": 81, "weight": 0.009804}, {"source": 62, "target": 99, "weight": 0.003413}, {"source": 63, "target": 97, "weight": 0.045198}, {"source": 63, "target": 70, "weight": 0.018349}, {"source": 63, "target": 94, "weight": 0.009709}, {"source": 63, "target": 95, "weight": 0.015873}, {"source": 63, "target": 81, "weight": 0.019231}, {"source": 63, "target": 76, "weight": 0.008403}, {"source": 63, "target": 99, "weight": 0.003378}, {"source": 64, "target": 66, "weight": 0.006329}, {"source": 65, "target": 86, "weight": 0.15}, {"source": 66, "target": 77, "weight": 0.005236}, {"source": 66, "target": 90, "weight": 0.104972}, {"source": 66, "target": 80, "weight": 0.010929}, {"source": 66, "target": 92, "weight": 0.015957}, {"source": 66, "target": 67, "weight": 0.00738}, {"source": 66, "target": 68, "weight": 0.010309}, {"source": 66, "target": 69, "weight": 0.005495}, {"source": 66, "target": 96, "weight": 0.018519}, {"source": 66, "target": 97, "weight": 0.003731}, {"source": 66, "target": 75, "weight": 0.005362}, {"source": 66, "target": 98, "weight": 0.0059}, {"source": 66, "target": 99, "weight": 0.005277}, {"source": 67, "target": 89, "weight": 0.02027}, {"source": 67, "target": 68, "weight": 0.037634}, {"source": 67, "target": 78, "weight": 0.005025}, {"source": 67, "target": 69, "weight": 0.005587}, {"source": 67, "target": 72, "weight": 0.013043}, {"source": 67, "target": 95, "weight": 0.009662}, {"source": 67, "target": 92, "weight": 0.005348}, {"source": 67, "target": 76, "weight": 0.005}, {"source": 67, "target": 86, "weight": 0.013514}, {"source": 67, "target": 99, "weight": 0.008}, {"source": 68, "target": 92, "weight": 0.009091}, {"source": 68, "target": 80, "weight": 0.039604}, {"source": 68, "target": 76, "weight": 0.00813}, {"source": 68, "target": 86, "weight": 0.006803}, {"source": 68, "target": 83, "weight": 0.009804}, {"source": 68, "target": 90, "weight": 0.008403}, {"source": 68, "target": 99, "weight": 0.003333}, {"source": 69, "target": 72, "weight": 0.014184}, {"source": 69, "target": 98, "weight": 0.004049}, {"source": 69, "target": 99, "weight": 0.003484}, {"source": 70, "target": 77, "weight": 0.009091}, {"source": 70, "target": 95, "weight": 0.007692}, {"source": 70, "target": 81, "weight": 0.197802}, {"source": 70, "target": 85, "weight": 0.052174}, {"source": 70, "target": 99, "weight": 0.094891}, {"source": 72, "target": 78, "weight": 0.025157}, {"source": 72, "target": 99, "weight": 0.002941}, {"source": 72, "target": 97, "weight": 0.004386}, {"source": 72, "target": 76, "weight": 0.006135}, {"source": 73, "target": 92, "weight": 0.01087}, {"source": 73, "target": 84, "weight": 0.012821}, {"source": 73, "target": 98, "weight": 0.0125}, {"source": 75, "target": 87, "weight": 0.003891}, {"source": 75, "target": 77, "weight": 0.003448}, {"source": 75, "target": 81, "weight": 0.006969}, {"source": 75, "target": 86, "weight": 0.058252}, {"source": 75, "target": 85, "weight": 0.003333}, {"source": 75, "target": 100, "weight": 0.003891}, {"source": 76, "target": 79, "weight": 0.012048}, {"source": 76, "target": 81, "weight": 0.008547}, {"source": 76, "target": 87, "weight": 0.011628}, {"source": 76, "target": 98, "weight": 0.007491}, {"source": 76, "target": 95, "weight": 0.007194}, {"source": 76, "target": 97, "weight": 0.005102}, {"source": 76, "target": 84, "weight": 0.009615}, {"source": 76, "target": 99, "weight": 0.009804}, {"source": 77, "target": 88, "weight": 0.15}, {"source": 77, "target": 92, "weight": 0.059406}, {"source": 77, "target": 81, "weight": 0.019231}, {"source": 77, "target": 97, "weight": 0.005435}, {"source": 77, "target": 85, "weight": 0.008547}, {"source": 77, "target": 100, "weight": 0.013514}, {"source": 78, "target": 95, "weight": 0.007246}, {"source": 78, "target": 99, "weight": 0.013158}, {"source": 78, "target": 98, "weight": 0.003745}, {"source": 79, "target": 99, "weight": 0.003846}, {"source": 80, "target": 95, "weight": 0.008333}, {"source": 80, "target": 99, "weight": 0.010453}, {"source": 81, "target": 85, "weight": 0.288889}, {"source": 81, "target": 92, "weight": 0.009615}, {"source": 81, "target": 95, "weight": 0.016129}, {"source": 81, "target": 97, "weight": 0.045714}, {"source": 81, "target": 98, "weight": 0.007905}, {"source": 81, "target": 99, "weight": 0.006826}, {"source": 84, "target": 87, "weight": 0.463415}, {"source": 84, "target": 92, "weight": 0.010989}, {"source": 85, "target": 97, "weight": 0.010363}, {"source": 85, "target": 98, "weight": 0.007547}, {"source": 85, "target": 99, "weight": 0.003268}, {"source": 86, "target": 90, "weight": 0.013333}, {"source": 86, "target": 98, "weight": 0.003425}, {"source": 86, "target": 99, "weight": 0.003012}, {"source": 88, "target": 92, "weight": 0.030303}, {"source": 90, "target": 99, "weight": 0.003289}, {"source": 91, "target": 99, "weight": 0.003636}, {"source": 92, "target": 97, "weight": 0.005464}, {"source": 92, "target": 99, "weight": 0.00339}, {"source": 95, "target": 98, "weight": 0.003623}, {"source": 95, "target": 99, "weight": 0.039344}, {"source": 97, "target": 99, "weight": 0.005376}, {"source": 97, "target": 100, "weight": 0.006623}, {"source": 98, "target": 99, "weight": 0.015945}], "multigraph": false}