{"directed": false, "graph": {}, "nodes": [{"group": 0, "id": "workingman", "degree": 4}, {"group": 1, "id": "wormy", "degree": 4}, {"group": 2, "id": "woodland"}, {"group": 2, "id": "woolly"}, {"group": 2, "id": "woods"}, {"group": 2, "id": "woody", "degree": 7}, {"group": 3, "id": "worship", "degree": 6}, {"group": 4, "id": "worrisome"}, {"group": 1, "id": "wolfish", "degree": 2}, {"group": 3, "id": "womanhood", "degree": 0}, {"group": 5, "id": "woof"}, {"group": 6, "id": "workaday", "degree": 5}, {"group": 2, "id": "wood", "degree": 12}, {"group": 6, "id": "workable", "degree": 4}, {"group": 5, "id": "wool"}, {"group": 3, "id": "worshiping", "degree": 6}, {"group": 3, "id": "worth", "degree": 14}, {"group": 3, "id": "woman", "degree": 2}, {"group": 7, "id": "womanly"}, {"group": 5, "id": "worse"}, {"group": 6, "id": "workout"}, {"group": 1, "id": "worst", "degree": 10}, {"group": 3, "id": "workmanlike"}, {"group": 8, "id": "world"}, {"group": 6, "id": "wont"}, {"group": 2, "id": "wooded"}, {"group": 1, "id": "wooden", "degree": 14}, {"group": 9, "id": "workshop"}, {"group": 0, "id": "workman"}, {"group": 3, "id": "wordless"}, {"group": 1, "id": "worried"}, {"group": 6, "id": "works"}, {"group": 4, "id": "worrying", "degree": 5}, {"group": 9, "id": "workbench"}, {"group": 2, "id": "woodcraft"}, {"group": 10, "id": "wonderland", "degree": 0}, {"group": 3, "id": "wonder", "degree": 14}, {"group": 4, "id": "worsen"}, {"group": 3, "id": "wow"}, {"group": 4, "id": "wolverine", "degree": 2}, {"group": 8, "id": "woo"}, {"group": 11, "id": "wondrous", "degree": 1}, {"group": 4, "id": "woe", "degree": 11}, {"group": 3, "id": "worshiper", "degree": 0}, {"group": 3, "id": "worthy", "degree": 9}, {"group": 8, "id": "workmanship", "degree": 15}, {"group": 9, "id": "workroom", "degree": 7}, {"group": 5, "id": "wolf", "degree": 10}, {"group": 8, "id": "workbook"}, {"group": 5, "id": "woodcut", "degree": 9}, {"group": 6, "id": "worldly", "degree": 3}, {"group": 1, "id": "worthless", "degree": 12}, {"group": 6, "id": "working", "degree": 22}, {"group": 4, "id": "wobble"}, {"group": 4, "id": "wordplay"}, {"group": 11, "id": "wonderful"}, {"group": 12, "id": "wonderfully", "degree": 0}, {"group": 5, "id": "wobbly", "degree": 4}, {"group": 3, "id": "wondering", "degree": 4}, {"group": 2, "id": "woodwind"}, {"group": 5, "id": "worsened"}, {"group": 0, "id": "worker"}, {"group": 8, "id": "wordage"}, {"group": 13, "id": "woodsman", "degree": 0}, {"group": 8, "id": "word", "degree": 9}, {"group": 6, "id": "work"}, {"group": 4, "id": "worm", "degree": 11}, {"group": 1, "id": "worn"}, {"group": 5, "id": "woodblock"}, {"group": 4, "id": "wort", "degree": 2}, {"group": 6, "id": "wonted", "degree": 5}, {"group": 3, "id": "worshipful", "degree": 11}, {"group": 3, "id": "worthwhile", "degree": 3}, {"group": 3, "id": "woolgathering", "degree": 1}, {"group": 1, "id": "woebegone", "degree": 5}, {"group": 5, "id": "womanize"}, {"group": 0, "id": "workhorse", "degree": 5}, {"group": 4, "id": "worry", "degree": 13}, {"group": 3, "id": "wooing"}, {"group": 9, "id": "workhouse"}, {"group": 4, "id": "wound"}, {"group": 1, "id": "woeful"}, {"group": 4, "id": "worsening", "degree": 13}, {"group": 2, "id": "woodsy"}, {"group": 6, "id": "workings", "degree": 11}, {"group": 3, "id": "worsted", "degree": 7}, {"group": 7, "id": "womanish", "degree": 1}, {"group": 5, "id": "womanizer"}, {"group": 5, "id": "wounded"}, {"group": 8, "id": "wording", "degree": 5}], "links": [{"source": 0, "target": 76, "weight": 0.023256}, {"source": 0, "target": 52, "weight": 0.008197}, {"source": 0, "target": 26, "weight": 0.011765}, {"source": 0, "target": 28, "weight": 0.904762}, {"source": 0, "target": 65, "weight": 0.001767}, {"source": 0, "target": 61, "weight": 0.422222}, {"source": 0, "target": 31, "weight": 0.010526}, {"source": 1, "target": 51, "weight": 0.082759}, {"source": 1, "target": 67, "weight": 0.040816}, {"source": 1, "target": 30, "weight": 0.025316}, {"source": 1, "target": 21, "weight": 0.081481}, {"source": 1, "target": 81, "weight": 0.074324}, {"source": 1, "target": 77, "weight": 0.006897}, {"source": 2, "target": 5, "weight": 0.135593}, {"source": 2, "target": 51, "weight": 0.006211}, {"source": 2, "target": 12, "weight": 0.186813}, {"source": 2, "target": 69, "weight": 0.011628}, {"source": 2, "target": 66, "weight": 0.006993}, {"source": 3, "target": 5, "weight": 0.038462}, {"source": 4, "target": 5, "weight": 0.040816}, {"source": 4, "target": 12, "weight": 0.243243}, {"source": 5, "target": 12, "weight": 0.035088}, {"source": 5, "target": 25, "weight": 0.8}, {"source": 5, "target": 51, "weight": 0.008929}, {"source": 5, "target": 83, "weight": 0.8}, {"source": 6, "target": 24, "weight": 0.016129}, {"source": 6, "target": 64, "weight": 0.003788}, {"source": 6, "target": 65, "weight": 0.001629}, {"source": 6, "target": 80, "weight": 0.004167}, {"source": 6, "target": 58, "weight": 0.009901}, {"source": 6, "target": 22, "weight": 0.008}, {"source": 6, "target": 31, "weight": 0.006993}, {"source": 6, "target": 15, "weight": 0.073171}, {"source": 6, "target": 16, "weight": 0.071942}, {"source": 6, "target": 36, "weight": 0.019802}, {"source": 7, "target": 74, "weight": 0.011628}, {"source": 7, "target": 32, "weight": 0.848485}, {"source": 7, "target": 77, "weight": 0.016667}, {"source": 8, "target": 51, "weight": 0.019108}, {"source": 8, "target": 26, "weight": 0.008264}, {"source": 8, "target": 80, "weight": 0.008811}, {"source": 8, "target": 66, "weight": 0.007092}, {"source": 8, "target": 47, "weight": 0.014925}, {"source": 8, "target": 21, "weight": 0.020548}, {"source": 8, "target": 81, "weight": 0.018868}, {"source": 9, "target": 17, "weight": 0.033333}, {"source": 10, "target": 84, "weight": 0.011111}, {"source": 10, "target": 47, "weight": 0.008621}, {"source": 10, "target": 50, "weight": 0.01087}, {"source": 10, "target": 49, "weight": 0.027027}, {"source": 11, "target": 51, "weight": 0.007634}, {"source": 11, "target": 72, "weight": 0.029412}, {"source": 11, "target": 52, "weight": 0.07377}, {"source": 11, "target": 13, "weight": 0.021739}, {"source": 11, "target": 65, "weight": 0.001742}, {"source": 11, "target": 67, "weight": 0.015873}, {"source": 11, "target": 50, "weight": 0.05}, {"source": 11, "target": 44, "weight": 0.005882}, {"source": 11, "target": 84, "weight": 0.012346}, {"source": 11, "target": 70, "weight": 0.088235}, {"source": 12, "target": 25, "weight": 0.035088}, {"source": 12, "target": 40, "weight": 0.013333}, {"source": 12, "target": 53, "weight": 0.011111}, {"source": 12, "target": 65, "weight": 0.001678}, {"source": 12, "target": 33, "weight": 0.012821}, {"source": 12, "target": 34, "weight": 0.055556}, {"source": 12, "target": 59, "weight": 0.013333}, {"source": 12, "target": 48, "weight": 0.012346}, {"source": 12, "target": 80, "weight": 0.004505}, {"source": 12, "target": 83, "weight": 0.035088}, {"source": 13, "target": 50, "weight": 0.027397}, {"source": 13, "target": 72, "weight": 0.016667}, {"source": 13, "target": 52, "weight": 0.008264}, {"source": 13, "target": 44, "weight": 0.006211}, {"source": 14, "target": 85, "weight": 0.012821}, {"source": 14, "target": 49, "weight": 0.022222}, {"source": 14, "target": 74, "weight": 0.009091}, {"source": 14, "target": 21, "weight": 0.006897}, {"source": 14, "target": 50, "weight": 0.009259}, {"source": 14, "target": 47, "weight": 0.007576}, {"source": 14, "target": 77, "weight": 0.006897}, {"source": 15, "target": 71, "weight": 0.157143}, {"source": 15, "target": 26, "weight": 0.011765}, {"source": 15, "target": 58, "weight": 0.018868}, {"source": 15, "target": 44, "weight": 0.012422}, {"source": 15, "target": 42, "weight": 0.010753}, {"source": 15, "target": 43, "weight": 0.027027}, {"source": 16, "target": 24, "weight": 0.007246}, {"source": 16, "target": 78, "weight": 0.009524}, {"source": 16, "target": 33, "weight": 0.009174}, {"source": 16, "target": 45, "weight": 0.006452}, {"source": 16, "target": 79, "weight": 0.009346}, {"source": 16, "target": 38, "weight": 0.006849}, {"source": 16, "target": 65, "weight": 0.012903}, {"source": 16, "target": 80, "weight": 0.003953}, {"source": 16, "target": 46, "weight": 0.009434}, {"source": 16, "target": 27, "weight": 0.009709}, {"source": 16, "target": 42, "weight": 0.006494}, {"source": 16, "target": 64, "weight": 0.007246}, {"source": 16, "target": 77, "weight": 0.00578}, {"source": 16, "target": 36, "weight": 0.008696}, {"source": 17, "target": 44, "weight": 0.006061}, {"source": 18, "target": 86, "weight": 0.222222}, {"source": 19, "target": 82, "weight": 0.007246}, {"source": 19, "target": 47, "weight": 0.007246}, {"source": 19, "target": 57, "weight": 0.007463}, {"source": 19, "target": 49, "weight": 0.010309}, {"source": 19, "target": 44, "weight": 0.004975}, {"source": 20, "target": 84, "weight": 0.029851}, {"source": 20, "target": 77, "weight": 0.009346}, {"source": 20, "target": 52, "weight": 0.017241}, {"source": 21, "target": 24, "weight": 0.006667}, {"source": 21, "target": 85, "weight": 0.017094}, {"source": 21, "target": 51, "weight": 0.470149}, {"source": 21, "target": 65, "weight": 0.00471}, {"source": 21, "target": 71, "weight": 0.013158}, {"source": 21, "target": 74, "weight": 0.055944}, {"source": 21, "target": 38, "weight": 0.006329}, {"source": 21, "target": 80, "weight": 0.007576}, {"source": 21, "target": 55, "weight": 0.006211}, {"source": 21, "target": 81, "weight": 0.463235}, {"source": 22, "target": 71, "weight": 0.008475}, {"source": 22, "target": 45, "weight": 0.015267}, {"source": 22, "target": 72, "weight": 0.030928}, {"source": 22, "target": 44, "weight": 0.046875}, {"source": 22, "target": 64, "weight": 0.003937}, {"source": 22, "target": 36, "weight": 0.01087}, {"source": 23, "target": 42, "weight": 0.008}, {"source": 23, "target": 71, "weight": 0.008929}, {"source": 23, "target": 45, "weight": 0.007937}, {"source": 23, "target": 64, "weight": 0.004032}, {"source": 24, "target": 52, "weight": 0.012579}, {"source": 24, "target": 50, "weight": 0.017857}, {"source": 24, "target": 84, "weight": 0.018182}, {"source": 24, "target": 70, "weight": 0.11828}, {"source": 24, "target": 82, "weight": 0.007299}, {"source": 24, "target": 89, "weight": 0.012987}, {"source": 25, "target": 51, "weight": 0.008929}, {"source": 26, "target": 71, "weight": 0.007937}, {"source": 26, "target": 52, "weight": 0.005952}, {"source": 26, "target": 49, "weight": 0.009615}, {"source": 26, "target": 74, "weight": 0.024793}, {"source": 26, "target": 28, "weight": 0.011765}, {"source": 26, "target": 61, "weight": 0.009174}, {"source": 26, "target": 67, "weight": 0.018405}, {"source": 26, "target": 57, "weight": 0.007092}, {"source": 26, "target": 44, "weight": 0.004808}, {"source": 26, "target": 81, "weight": 0.011765}, {"source": 26, "target": 82, "weight": 0.006897}, {"source": 27, "target": 45, "weight": 0.010309}, {"source": 27, "target": 52, "weight": 0.008}, {"source": 27, "target": 46, "weight": 0.814815}, {"source": 27, "target": 84, "weight": 0.013158}, {"source": 27, "target": 77, "weight": 0.008696}, {"source": 27, "target": 36, "weight": 0.017544}, {"source": 28, "target": 76, "weight": 0.023256}, {"source": 28, "target": 52, "weight": 0.008197}, {"source": 29, "target": 71, "weight": 0.020833}, {"source": 29, "target": 58, "weight": 0.044118}, {"source": 30, "target": 77, "weight": 0.008333}, {"source": 30, "target": 58, "weight": 0.016393}, {"source": 31, "target": 45, "weight": 0.006667}, {"source": 31, "target": 52, "weight": 0.052941}, {"source": 31, "target": 66, "weight": 0.006211}, {"source": 31, "target": 84, "weight": 0.130435}, {"source": 31, "target": 82, "weight": 0.006452}, {"source": 32, "target": 74, "weight": 0.011236}, {"source": 32, "target": 80, "weight": 0.004902}, {"source": 32, "target": 42, "weight": 0.009524}, {"source": 32, "target": 81, "weight": 0.007299}, {"source": 32, "target": 77, "weight": 0.02459}, {"source": 33, "target": 64, "weight": 0.004444}, {"source": 33, "target": 52, "weight": 0.007634}, {"source": 33, "target": 46, "weight": 0.666667}, {"source": 33, "target": 84, "weight": 0.012195}, {"source": 33, "target": 45, "weight": 0.009709}, {"source": 33, "target": 77, "weight": 0.008264}, {"source": 33, "target": 36, "weight": 0.015873}, {"source": 34, "target": 45, "weight": 0.025}, {"source": 36, "target": 78, "weight": 0.016949}, {"source": 36, "target": 65, "weight": 0.00692}, {"source": 36, "target": 64, "weight": 0.008696}, {"source": 36, "target": 73, "weight": 0.014493}, {"source": 36, "target": 79, "weight": 0.016393}, {"source": 36, "target": 53, "weight": 0.006024}, {"source": 36, "target": 38, "weight": 0.01}, {"source": 36, "target": 44, "weight": 0.017143}, {"source": 36, "target": 46, "weight": 0.016667}, {"source": 36, "target": 77, "weight": 0.015873}, {"source": 37, "target": 72, "weight": 0.00813}, {"source": 37, "target": 66, "weight": 0.012048}, {"source": 37, "target": 44, "weight": 0.004464}, {"source": 37, "target": 42, "weight": 0.019608}, {"source": 37, "target": 82, "weight": 0.051948}, {"source": 37, "target": 77, "weight": 0.017442}, {"source": 38, "target": 84, "weight": 0.008403}, {"source": 38, "target": 52, "weight": 0.005952}, {"source": 39, "target": 65, "weight": 0.001783}, {"source": 39, "target": 66, "weight": 0.020202}, {"source": 40, "target": 64, "weight": 0.004505}, {"source": 40, "target": 45, "weight": 0.01}, {"source": 40, "target": 77, "weight": 0.008475}, {"source": 41, "target": 55, "weight": 0.381579}, {"source": 41, "target": 58, "weight": 0.029412}, {"source": 42, "target": 60, "weight": 0.008772}, {"source": 42, "target": 65, "weight": 0.001613}, {"source": 42, "target": 80, "weight": 0.060086}, {"source": 42, "target": 66, "weight": 0.012658}, {"source": 42, "target": 54, "weight": 0.012346}, {"source": 42, "target": 74, "weight": 0.015385}, {"source": 42, "target": 88, "weight": 0.010753}, {"source": 42, "target": 82, "weight": 0.006536}, {"source": 42, "target": 77, "weight": 0.056962}, {"source": 43, "target": 71, "weight": 0.012821}, {"source": 44, "target": 71, "weight": 0.085106}, {"source": 44, "target": 64, "weight": 0.00295}, {"source": 44, "target": 55, "weight": 0.014354}, {"source": 44, "target": 59, "weight": 0.005952}, {"source": 44, "target": 72, "weight": 0.039326}, {"source": 44, "target": 65, "weight": 0.004367}, {"source": 45, "target": 64, "weight": 0.011152}, {"source": 45, "target": 52, "weight": 0.011364}, {"source": 45, "target": 79, "weight": 0.009901}, {"source": 45, "target": 65, "weight": 0.00974}, {"source": 45, "target": 46, "weight": 0.01}, {"source": 45, "target": 62, "weight": 0.021053}, {"source": 45, "target": 82, "weight": 0.006494}, {"source": 45, "target": 89, "weight": 0.032609}, {"source": 46, "target": 52, "weight": 0.007813}, {"source": 46, "target": 73, "weight": 0.016667}, {"source": 46, "target": 79, "weight": 0.709677}, {"source": 46, "target": 65, "weight": 0.00703}, {"source": 46, "target": 84, "weight": 0.012658}, {"source": 46, "target": 77, "weight": 0.008475}, {"source": 47, "target": 49, "weight": 0.008475}, {"source": 47, "target": 80, "weight": 0.007968}, {"source": 47, "target": 65, "weight": 0.001597}, {"source": 47, "target": 75, "weight": 0.031915}, {"source": 47, "target": 66, "weight": 0.012195}, {"source": 47, "target": 87, "weight": 0.134146}, {"source": 47, "target": 77, "weight": 0.005814}, {"source": 48, "target": 64, "weight": 0.004386}, {"source": 48, "target": 66, "weight": 0.008547}, {"source": 48, "target": 89, "weight": 0.019608}, {"source": 49, "target": 60, "weight": 0.012658}, {"source": 49, "target": 65, "weight": 0.005146}, {"source": 49, "target": 80, "weight": 0.004739}, {"source": 49, "target": 68, "weight": 0.3}, {"source": 49, "target": 88, "weight": 0.017241}, {"source": 50, "target": 52, "weight": 0.019231}, {"source": 50, "target": 70, "weight": 0.02}, {"source": 51, "target": 71, "weight": 0.01227}, {"source": 51, "target": 74, "weight": 0.058824}, {"source": 51, "target": 67, "weight": 0.004926}, {"source": 51, "target": 55, "weight": 0.005814}, {"source": 51, "target": 70, "weight": 0.006711}, {"source": 51, "target": 81, "weight": 0.448276}, {"source": 51, "target": 83, "weight": 0.008929}, {"source": 52, "target": 75, "weight": 0.008403}, {"source": 52, "target": 77, "weight": 0.005128}, {"source": 52, "target": 72, "weight": 0.013986}, {"source": 52, "target": 79, "weight": 0.007752}, {"source": 52, "target": 53, "weight": 0.004274}, {"source": 52, "target": 61, "weight": 0.006849}, {"source": 52, "target": 84, "weight": 0.256}, {"source": 52, "target": 64, "weight": 0.003344}, {"source": 52, "target": 65, "weight": 0.067323}, {"source": 53, "target": 66, "weight": 0.063415}, {"source": 53, "target": 84, "weight": 0.005405}, {"source": 53, "target": 82, "weight": 0.014354}, {"source": 53, "target": 77, "weight": 0.008969}, {"source": 55, "target": 71, "weight": 0.007752}, {"source": 55, "target": 57, "weight": 0.006944}, {"source": 57, "target": 60, "weight": 0.008621}, {"source": 57, "target": 67, "weight": 0.011494}, {"source": 58, "target": 85, "weight": 0.034483}, {"source": 58, "target": 71, "weight": 0.010638}, {"source": 61, "target": 76, "weight": 0.014925}, {"source": 62, "target": 64, "weight": 0.013889}, {"source": 62, "target": 89, "weight": 0.75}, {"source": 64, "target": 65, "weight": 0.016393}, {"source": 64, "target": 86, "weight": 0.004329}, {"source": 64, "target": 80, "weight": 0.00271}, {"source": 64, "target": 89, "weight": 0.018779}, {"source": 65, "target": 73, "weight": 0.001721}, {"source": 65, "target": 77, "weight": 0.006289}, {"source": 65, "target": 72, "weight": 0.003407}, {"source": 65, "target": 69, "weight": 0.001739}, {"source": 65, "target": 82, "weight": 0.004808}, {"source": 65, "target": 76, "weight": 0.007055}, {"source": 65, "target": 84, "weight": 0.061837}, {"source": 65, "target": 66, "weight": 0.006359}, {"source": 65, "target": 70, "weight": 0.001689}, {"source": 65, "target": 89, "weight": 0.001767}, {"source": 66, "target": 80, "weight": 0.015686}, {"source": 66, "target": 69, "weight": 0.026786}, {"source": 66, "target": 75, "weight": 0.009804}, {"source": 66, "target": 82, "weight": 0.006061}, {"source": 66, "target": 77, "weight": 0.022857}, {"source": 67, "target": 85, "weight": 0.016129}, {"source": 67, "target": 74, "weight": 0.012821}, {"source": 67, "target": 70, "weight": 0.035461}, {"source": 67, "target": 82, "weight": 0.028571}, {"source": 70, "target": 71, "weight": 0.059406}, {"source": 71, "target": 85, "weight": 0.011628}, {"source": 71, "target": 81, "weight": 0.012121}, {"source": 72, "target": 82, "weight": 0.008264}, {"source": 74, "target": 85, "weight": 0.012048}, {"source": 74, "target": 80, "weight": 0.004348}, {"source": 74, "target": 81, "weight": 0.28125}, {"source": 74, "target": 82, "weight": 0.022222}, {"source": 75, "target": 84, "weight": 0.014286}, {"source": 76, "target": 80, "weight": 0.005102}, {"source": 77, "target": 80, "weight": 0.055556}, {"source": 77, "target": 82, "weight": 0.011696}, {"source": 77, "target": 84, "weight": 0.006849}, {"source": 77, "target": 85, "weight": 0.008475}, {"source": 77, "target": 79, "weight": 0.008403}, {"source": 79, "target": 84, "weight": 0.0125}, {"source": 80, "target": 82, "weight": 0.003968}], "multigraph": false}