{"directed": false, "graph": {}, "nodes": [{"group": 0, "id": "wrestle", "degree": 3}, {"group": 1, "id": "wreathe"}, {"group": 2, "id": "wrest", "degree": 7}, {"group": 1, "id": "wreath", "degree": 12}, {"group": 0, "id": "wrangle"}, {"group": 3, "id": "wrathful"}, {"group": 4, "id": "wrack", "degree": 3}, {"group": 1, "id": "wrap", "degree": 15}, {"group": 5, "id": "wraith"}, {"group": 2, "id": "wriggle"}, {"group": 1, "id": "wraps", "degree": 3}, {"group": 1, "id": "wristband"}, {"group": 4, "id": "wreck", "degree": 10}, {"group": 4, "id": "wrecked"}, {"group": 5, "id": "writer", "degree": 3}, {"group": 4, "id": "wreak", "degree": 4}, {"group": 1, "id": "wrapper"}, {"group": 5, "id": "writing", "degree": 3}, {"group": 5, "id": "write", "degree": 8}, {"group": 5, "id": "wright", "degree": 2}, {"group": 6, "id": "written"}, {"group": 4, "id": "wrongdoing"}, {"group": 6, "id": "wrapped", "degree": 2}, {"group": 4, "id": "wrecker", "degree": 4}, {"group": 2, "id": "wry"}, {"group": 4, "id": "wretched"}, {"group": 0, "id": "wrestler"}, {"group": 0, "id": "wrangling", "degree": 2}, {"group": 2, "id": "wryneck", "degree": 1}, {"group": 2, "id": "writhe"}, {"group": 1, "id": "wrapping", "degree": 1}, {"group": 4, "id": "wrongheaded", "degree": 2}, {"group": 2, "id": "wrongdoer"}, {"group": 4, "id": "wrong"}, {"group": 1, "id": "wrist", "degree": 2}, {"group": 2, "id": "wrinkle"}, {"group": 2, "id": "wring"}, {"group": 3, "id": "wrath", "degree": 4}, {"group": 0, "id": "wrangler", "degree": 3}, {"group": 6, "id": "wreathed", "degree": 0}, {"group": 3, "id": "wroth"}, {"group": 5, "id": "writ", "degree": 3}, {"group": 2, "id": "wrench", "degree": 18}, {"group": 2, "id": "wrung"}, {"group": 5, "id": "wrinkled"}], "links": [{"source": 0, "target": 12, "weight": 0.005208}, {"source": 0, "target": 27, "weight": 0.086957}, {"source": 0, "target": 29, "weight": 0.011111}, {"source": 0, "target": 4, "weight": 0.138889}, {"source": 0, "target": 7, "weight": 0.015873}, {"source": 0, "target": 36, "weight": 0.007353}, {"source": 1, "target": 7, "weight": 0.048951}, {"source": 1, "target": 2, "weight": 0.010638}, {"source": 1, "target": 18, "weight": 0.012195}, {"source": 1, "target": 3, "weight": 0.052239}, {"source": 1, "target": 42, "weight": 0.008696}, {"source": 2, "target": 29, "weight": 0.176471}, {"source": 2, "target": 12, "weight": 0.004975}, {"source": 2, "target": 3, "weight": 0.007874}, {"source": 2, "target": 9, "weight": 0.015152}, {"source": 2, "target": 32, "weight": 0.017857}, {"source": 2, "target": 42, "weight": 0.203297}, {"source": 2, "target": 7, "weight": 0.007353}, {"source": 2, "target": 35, "weight": 0.034965}, {"source": 2, "target": 36, "weight": 0.327273}, {"source": 2, "target": 24, "weight": 0.019231}, {"source": 3, "target": 11, "weight": 0.041667}, {"source": 3, "target": 29, "weight": 0.006897}, {"source": 3, "target": 17, "weight": 0.010256}, {"source": 3, "target": 18, "weight": 0.005051}, {"source": 3, "target": 5, "weight": 0.010309}, {"source": 3, "target": 40, "weight": 0.010309}, {"source": 3, "target": 41, "weight": 0.00885}, {"source": 3, "target": 42, "weight": 0.007605}, {"source": 3, "target": 7, "weight": 0.005495}, {"source": 3, "target": 36, "weight": 0.010526}, {"source": 4, "target": 7, "weight": 0.020979}, {"source": 4, "target": 27, "weight": 0.148148}, {"source": 4, "target": 38, "weight": 0.017857}, {"source": 4, "target": 42, "weight": 0.004405}, {"source": 5, "target": 42, "weight": 0.005319}, {"source": 5, "target": 37, "weight": 0.038462}, {"source": 6, "target": 25, "weight": 0.003906}, {"source": 6, "target": 12, "weight": 0.314136}, {"source": 6, "target": 15, "weight": 0.009346}, {"source": 6, "target": 18, "weight": 0.004975}, {"source": 6, "target": 33, "weight": 0.011299}, {"source": 6, "target": 21, "weight": 0.015267}, {"source": 7, "target": 10, "weight": 0.009434}, {"source": 7, "target": 29, "weight": 0.006494}, {"source": 7, "target": 11, "weight": 0.03876}, {"source": 7, "target": 12, "weight": 0.003906}, {"source": 7, "target": 30, "weight": 0.059829}, {"source": 7, "target": 16, "weight": 0.092593}, {"source": 7, "target": 18, "weight": 0.004831}, {"source": 7, "target": 14, "weight": 0.007752}, {"source": 7, "target": 34, "weight": 0.007576}, {"source": 7, "target": 42, "weight": 0.003663}, {"source": 7, "target": 17, "weight": 0.004878}, {"source": 7, "target": 36, "weight": 0.005}, {"source": 8, "target": 18, "weight": 0.020833}, {"source": 8, "target": 14, "weight": 0.014706}, {"source": 8, "target": 41, "weight": 0.016393}, {"source": 8, "target": 17, "weight": 0.006944}, {"source": 9, "target": 42, "weight": 0.02}, {"source": 10, "target": 42, "weight": 0.005319}, {"source": 10, "target": 16, "weight": 0.03125}, {"source": 12, "target": 25, "weight": 0.003058}, {"source": 12, "target": 37, "weight": 0.005682}, {"source": 12, "target": 36, "weight": 0.011407}, {"source": 12, "target": 13, "weight": 0.005348}, {"source": 12, "target": 15, "weight": 0.017045}, {"source": 12, "target": 26, "weight": 0.005495}, {"source": 12, "target": 33, "weight": 0.016588}, {"source": 12, "target": 42, "weight": 0.030395}, {"source": 12, "target": 21, "weight": 0.009901}, {"source": 12, "target": 35, "weight": 0.003745}, {"source": 12, "target": 23, "weight": 0.005376}, {"source": 14, "target": 19, "weight": 0.014085}, {"source": 14, "target": 18, "weight": 0.035461}, {"source": 14, "target": 17, "weight": 0.006993}, {"source": 15, "target": 18, "weight": 0.023622}, {"source": 15, "target": 36, "weight": 0.008197}, {"source": 15, "target": 42, "weight": 0.005128}, {"source": 16, "target": 30, "weight": 0.162791}, {"source": 17, "target": 18, "weight": 0.062201}, {"source": 17, "target": 20, "weight": 0.007576}, {"source": 17, "target": 41, "weight": 0.122951}, {"source": 17, "target": 35, "weight": 0.00463}, {"source": 18, "target": 25, "weight": 0.003597}, {"source": 18, "target": 44, "weight": 0.005495}, {"source": 18, "target": 19, "weight": 0.006711}, {"source": 18, "target": 41, "weight": 0.037313}, {"source": 18, "target": 42, "weight": 0.006944}, {"source": 18, "target": 35, "weight": 0.028169}, {"source": 18, "target": 36, "weight": 0.018779}, {"source": 20, "target": 22, "weight": 0.019231}, {"source": 22, "target": 39, "weight": 0.04918}, {"source": 23, "target": 33, "weight": 0.003413}, {"source": 23, "target": 36, "weight": 0.007692}, {"source": 23, "target": 42, "weight": 0.004926}, {"source": 24, "target": 42, "weight": 0.010638}, {"source": 25, "target": 31, "weight": 0.015306}, {"source": 25, "target": 42, "weight": 0.002907}, {"source": 26, "target": 38, "weight": 0.011765}, {"source": 27, "target": 38, "weight": 0.019048}, {"source": 28, "target": 42, "weight": 0.004695}, {"source": 29, "target": 42, "weight": 0.102326}, {"source": 31, "target": 33, "weight": 0.003344}, {"source": 32, "target": 42, "weight": 0.005181}, {"source": 33, "target": 42, "weight": 0.015945}, {"source": 34, "target": 35, "weight": 0.006993}, {"source": 34, "target": 42, "weight": 0.004673}, {"source": 35, "target": 37, "weight": 0.008197}, {"source": 35, "target": 42, "weight": 0.051661}, {"source": 36, "target": 42, "weight": 0.252212}, {"source": 37, "target": 40, "weight": 0.038462}, {"source": 40, "target": 42, "weight": 0.005319}, {"source": 42, "target": 43, "weight": 0.010363}, {"source": 42, "target": 44, "weight": 0.008097}], "multigraph": false}