{"directed": false, "graph": {}, "nodes": [{"group": 0, "id": "yawning", "degree": 0}, {"group": 0, "id": "yak", "degree": 2}, {"group": 0, "id": "yawn", "degree": 4}, {"group": 0, "id": "yaw", "degree": 5}, {"group": 0, "id": "yacht"}, {"group": 1, "id": "yap"}, {"group": 0, "id": "yarn", "degree": 5}, {"group": 1, "id": "yawp", "degree": 3}, {"group": 2, "id": "yapping", "degree": 4}, {"group": 1, "id": "yard"}, {"group": 2, "id": "yammering", "degree": 2}, {"group": 0, "id": "yardstick"}, {"group": 0, "id": "yank"}, {"group": 1, "id": "yammer", "degree": 4}], "links": [{"source": 0, "target": 2, "weight": 0.030769}, {"source": 0, "target": 3, "weight": 0.008547}, {"source": 0, "target": 10, "weight": 0.020408}, {"source": 0, "target": 8, "weight": 0.013699}, {"source": 1, "target": 8, "weight": 0.010526}, {"source": 1, "target": 5, "weight": 0.035714}, {"source": 1, "target": 6, "weight": 0.046296}, {"source": 1, "target": 7, "weight": 0.02027}, {"source": 1, "target": 2, "weight": 0.011364}, {"source": 1, "target": 13, "weight": 0.042105}, {"source": 2, "target": 11, "weight": 0.019608}, {"source": 2, "target": 3, "weight": 0.008929}, {"source": 3, "target": 4, "weight": 0.01}, {"source": 3, "target": 5, "weight": 0.005076}, {"source": 3, "target": 6, "weight": 0.007353}, {"source": 3, "target": 7, "weight": 0.005747}, {"source": 3, "target": 12, "weight": 0.009615}, {"source": 5, "target": 6, "weight": 0.011834}, {"source": 5, "target": 7, "weight": 0.685484}, {"source": 5, "target": 8, "weight": 0.069444}, {"source": 5, "target": 13, "weight": 0.266129}, {"source": 6, "target": 7, "weight": 0.006803}, {"source": 6, "target": 13, "weight": 0.021277}, {"source": 7, "target": 9, "weight": 0.005714}, {"source": 7, "target": 8, "weight": 0.048}, {"source": 7, "target": 12, "weight": 0.008696}, {"source": 7, "target": 13, "weight": 0.34}, {"source": 8, "target": 10, "weight": 0.333333}, {"source": 8, "target": 13, "weight": 0.039474}], "multigraph": false}