{"directed": false, "graph": {}, "nodes": [{"group": 0, "id": "yearly", "degree": 1}, {"group": 1, "id": "yelling", "degree": 1}, {"group": 2, "id": "yelp", "degree": 1}, {"group": 3, "id": "yen", "degree": 1}, {"group": 4, "id": "yea"}, {"group": 1, "id": "yelping"}, {"group": 2, "id": "yearling", "degree": 1}, {"group": 2, "id": "yell", "degree": 0}, {"group": 5, "id": "yeoman", "degree": 0}, {"group": 3, "id": "yearning"}, {"group": 3, "id": "yearn", "degree": 2}, {"group": 6, "id": "year", "degree": 0}, {"group": 4, "id": "yes", "degree": 4}, {"group": 0, "id": "yearbook"}, {"group": 4, "id": "yet"}, {"group": 7, "id": "yecchy", "degree": 0}], "links": [{"source": 0, "target": 13, "weight": 0.12069}, {"source": 1, "target": 5, "weight": 0.866667}, {"source": 2, "target": 12, "weight": 0.013333}, {"source": 2, "target": 6, "weight": 0.008264}, {"source": 2, "target": 7, "weight": 0.635514}, {"source": 3, "target": 9, "weight": 0.115385}, {"source": 3, "target": 10, "weight": 0.153846}, {"source": 4, "target": 12, "weight": 0.275}, {"source": 7, "target": 12, "weight": 0.022727}, {"source": 9, "target": 10, "weight": 0.043478}, {"source": 12, "target": 14, "weight": 0.009709}], "multigraph": false}