{"directed": false, "graph": {}, "nodes": [{"group": 0, "id": "youth"}, {"group": 1, "id": "yoga", "degree": 0}, {"group": 2, "id": "yogi", "degree": 0}, {"group": 0, "id": "young", "degree": 3}, {"group": 3, "id": "yourself"}, {"group": 0, "id": "youngest", "degree": 4}, {"group": 4, "id": "yoke"}, {"group": 0, "id": "youngster", "degree": 3}, {"group": 4, "id": "yogurt", "degree": 1}, {"group": 0, "id": "yokel", "degree": 3}, {"group": 3, "id": "you", "degree": 1}, {"group": 5, "id": "yore", "degree": 0}, {"group": 0, "id": "youthful"}], "links": [{"source": 0, "target": 5, "weight": 0.264151}, {"source": 0, "target": 9, "weight": 0.017699}, {"source": 0, "target": 7, "weight": 0.053571}, {"source": 0, "target": 3, "weight": 0.041237}, {"source": 3, "target": 5, "weight": 0.04918}, {"source": 3, "target": 6, "weight": 0.006024}, {"source": 3, "target": 7, "weight": 0.056604}, {"source": 3, "target": 12, "weight": 0.157895}, {"source": 4, "target": 10, "weight": 0.866667}, {"source": 5, "target": 9, "weight": 0.012987}, {"source": 5, "target": 7, "weight": 0.1}, {"source": 5, "target": 12, "weight": 0.066667}, {"source": 6, "target": 8, "weight": 0.007634}, {"source": 7, "target": 12, "weight": 0.043478}, {"source": 9, "target": 12, "weight": 0.012658}], "multigraph": false}