{"directed": false, "graph": {}, "nodes": [{"group": 0, "id": "zenith", "degree": 0}, {"group": 1, "id": "zest"}, {"group": 1, "id": "zeal"}, {"group": 1, "id": "zephyr", "degree": 0}, {"group": 1, "id": "zealous", "degree": 3}, {"group": 1, "id": "zestful", "degree": 0}, {"group": 1, "id": "zealotry", "degree": 2}], "links": [{"source": 1, "target": 4, "weight": 0.005376}, {"source": 1, "target": 6, "weight": 0.012987}, {"source": 2, "target": 4, "weight": 0.008969}, {"source": 2, "target": 6, "weight": 0.054545}, {"source": 4, "target": 5, "weight": 0.103825}], "multigraph": false}