{"directed": false, "graph": {}, "nodes": [{"group": 0, "id": "zillion", "degree": 0}, {"group": 1, "id": "zing"}, {"group": 2, "id": "zipper", "degree": 3}, {"group": 1, "id": "zip", "degree": 1}, {"group": 2, "id": "zigzag", "degree": 2}], "links": [{"source": 1, "target": 2, "weight": 0.03}, {"source": 1, "target": 3, "weight": 0.4375}, {"source": 1, "target": 4, "weight": 0.005464}, {"source": 2, "target": 3, "weight": 0.020833}, {"source": 2, "target": 4, "weight": 0.010471}, {"source": 3, "target": 4, "weight": 0.004405}], "multigraph": false}